bundesliga: 18 teams
--- bundesliga/FCU xs: 1 rows x 14 cells ---
--- bundesliga/FCU sm: 2 rows x 21 cells ---
--- bundesliga/FCU md: 3 rows x 27 cells ---
unchanged, skipping packages/core/src/art/bundesliga/fcu.xs.txt
wrote packages/core/src/art/bundesliga/fcu.sm.txt
wrote packages/core/src/art/bundesliga/fcu.md.txt
--- bundesliga/B04 xs: 3 rows x 14 cells ---
--- bundesliga/B04 sm: 5 rows x 22 cells ---
--- bundesliga/B04 md: 6 rows x 28 cells ---
unchanged, skipping packages/core/src/art/bundesliga/b04.xs.txt
wrote packages/core/src/art/bundesliga/b04.sm.txt
wrote packages/core/src/art/bundesliga/b04.md.txt
--- bundesliga/MUN xs: 4 rows x 14 cells ---
--- bundesliga/MUN sm: 6 rows x 22 cells ---
--- bundesliga/MUN md: 7 rows x 28 cells ---
unchanged, skipping packages/core/src/art/bundesliga/mun.xs.txt
wrote packages/core/src/art/bundesliga/mun.sm.txt
wrote packages/core/src/art/bundesliga/mun.md.txt
--- bundesliga/DOR xs: 4 rows x 14 cells ---
--- bundesliga/DOR sm: 6 rows x 22 cells ---
--- bundesliga/DOR md: 7 rows x 28 cells ---
unchanged, skipping packages/core/src/art/bundesliga/dor.xs.txt
wrote packages/core/src/art/bundesliga/dor.sm.txt
wrote packages/core/src/art/bundesliga/dor.md.txt
--- bundesliga/BMG xs: 6 rows x 14 cells ---
--- bundesliga/BMG sm: 9 rows x 22 cells ---
--- bundesliga/BMG md: 11 rows x 28 cells ---
unchanged, skipping packages/core/src/art/bundesliga/bmg.xs.txt
wrote packages/core/src/art/bundesliga/bmg.sm.txt
wrote packages/core/src/art/bundesliga/bmg.md.txt
--- bundesliga/SGE xs: 4 rows x 14 cells ---
--- bundesliga/SGE sm: 6 rows x 22 cells ---
--- bundesliga/SGE md: 7 rows x 28 cells ---
unchanged, skipping packages/core/src/art/bundesliga/sge.xs.txt
wrote packages/core/src/art/bundesliga/sge.sm.txt
wrote packages/core/src/art/bundesliga/sge.md.txt
--- bundesliga/FCA xs: 5 rows x 14 cells ---
--- bundesliga/FCA sm: 7 rows x 22 cells ---
--- bundesliga/FCA md: 9 rows x 28 cells ---
unchanged, skipping packages/core/src/art/bundesliga/fca.xs.txt
wrote packages/core/src/art/bundesliga/fca.sm.txt
wrote packages/core/src/art/bundesliga/fca.md.txt
--- bundesliga/KOE xs: 4 rows x 14 cells ---
--- bundesliga/KOE sm: 6 rows x 22 cells ---
--- bundesliga/KOE md: 8 rows x 28 cells ---
unchanged, skipping packages/core/src/art/bundesliga/koe.xs.txt
wrote packages/core/src/art/bundesliga/koe.sm.txt
wrote packages/core/src/art/bundesliga/koe.md.txt
--- bundesliga/HSV xs: 3 rows x 11 cells ---
--- bundesliga/HSV sm: 4 rows x 18 cells ---
--- bundesliga/HSV md: 5 rows x 23 cells ---
unchanged, skipping packages/core/src/art/bundesliga/hsv.xs.txt
wrote packages/core/src/art/bundesliga/hsv.sm.txt
wrote packages/core/src/art/bundesliga/hsv.md.txt
--- bundesliga/M05 xs: 4 rows x 14 cells ---
--- bundesliga/M05 sm: 6 rows x 22 cells ---
--- bundesliga/M05 md: 7 rows x 28 cells ---
unchanged, skipping packages/core/src/art/bundesliga/m05.xs.txt
wrote packages/core/src/art/bundesliga/m05.sm.txt
wrote packages/core/src/art/bundesliga/m05.md.txt
--- bundesliga/RBL xs: 2 rows x 13 cells ---
--- bundesliga/RBL sm: 4 rows x 22 cells ---
--- bundesliga/RBL md: 5 rows x 28 cells ---
unchanged, skipping packages/core/src/art/bundesliga/rbl.xs.txt
wrote packages/core/src/art/bundesliga/rbl.sm.txt
wrote packages/core/src/art/bundesliga/rbl.md.txt
--- bundesliga/SCF xs: 5 rows x 14 cells ---
--- bundesliga/SCF sm: 8 rows x 22 cells ---
--- bundesliga/SCF md: 10 rows x 28 cells ---
unchanged, skipping packages/core/src/art/bundesliga/scf.xs.txt
wrote packages/core/src/art/bundesliga/scf.sm.txt
wrote packages/core/src/art/bundesliga/scf.md.txt
--- bundesliga/SCP xs: 3 rows x 14 cells ---
--- bundesliga/SCP sm: 4 rows x 22 cells ---
--- bundesliga/SCP md: 5 rows x 28 cells ---
unchanged, skipping packages/core/src/art/bundesliga/scp.xs.txt
wrote packages/core/src/art/bundesliga/scp.sm.txt
wrote packages/core/src/art/bundesliga/scp.md.txt
--- bundesliga/ELV xs: 4 rows x 14 cells ---
--- bundesliga/ELV sm: 6 rows x 22 cells ---
--- bundesliga/ELV md: 7 rows x 28 cells ---
unchanged, skipping packages/core/src/art/bundesliga/elv.xs.txt
wrote packages/core/src/art/bundesliga/elv.sm.txt
wrote packages/core/src/art/bundesliga/elv.md.txt
--- bundesliga/S04 xs: 4 rows x 14 cells ---
--- bundesliga/S04 sm: 6 rows x 22 cells ---
--- bundesliga/S04 md: 7 rows x 28 cells ---
unchanged, skipping packages/core/src/art/bundesliga/s04.xs.txt
wrote packages/core/src/art/bundesliga/s04.sm.txt
wrote packages/core/src/art/bundesliga/s04.md.txt
--- bundesliga/TSG xs: 4 rows x 13 cells ---
--- bundesliga/TSG sm: 6 rows x 21 cells ---
--- bundesliga/TSG md: 7 rows x 28 cells ---
unchanged, skipping packages/core/src/art/bundesliga/tsg.xs.txt
wrote packages/core/src/art/bundesliga/tsg.sm.txt
wrote packages/core/src/art/bundesliga/tsg.md.txt
--- bundesliga/VFB xs: 4 rows x 14 cells ---
--- bundesliga/VFB sm: 6 rows x 22 cells ---
--- bundesliga/VFB md: 8 rows x 28 cells ---
unchanged, skipping packages/core/src/art/bundesliga/vfb.xs.txt
wrote packages/core/src/art/bundesliga/vfb.sm.txt
wrote packages/core/src/art/bundesliga/vfb.md.txt
--- bundesliga/SVW xs: 6 rows x 14 cells ---
--- bundesliga/SVW sm: 9 rows x 22 cells ---
--- bundesliga/SVW md: 11 rows x 28 cells ---
unchanged, skipping packages/core/src/art/bundesliga/svw.xs.txt
wrote packages/core/src/art/bundesliga/svw.sm.txt
wrote packages/core/src/art/bundesliga/svw.md.txt
epl: 20 teams
--- epl/BOU xs: 5 rows x 14 cells ---
--- epl/BOU sm: 7 rows x 22 cells ---
--- epl/BOU md: 9 rows x 28 cells ---
unchanged, skipping packages/core/src/art/epl/bou.xs.txt
wrote packages/core/src/art/epl/bou.sm.txt
wrote packages/core/src/art/epl/bou.md.txt
--- epl/ARS xs: 4 rows x 14 cells ---
--- epl/ARS sm: 7 rows x 22 cells ---
--- epl/ARS md: 8 rows x 28 cells ---
unchanged, skipping packages/core/src/art/epl/ars.xs.txt
wrote packages/core/src/art/epl/ars.sm.txt
wrote packages/core/src/art/epl/ars.md.txt
--- epl/AVL xs: 5 rows x 14 cells ---
--- epl/AVL sm: 8 rows x 22 cells ---
--- epl/AVL md: 10 rows x 28 cells ---
unchanged, skipping packages/core/src/art/epl/avl.xs.txt
wrote packages/core/src/art/epl/avl.sm.txt
wrote packages/core/src/art/epl/avl.md.txt
--- epl/BRE xs: 4 rows x 14 cells ---
--- epl/BRE sm: 6 rows x 22 cells ---
--- epl/BRE md: 7 rows x 28 cells ---
unchanged, skipping packages/core/src/art/epl/bre.xs.txt
wrote packages/core/src/art/epl/bre.sm.txt
wrote packages/core/src/art/epl/bre.md.txt
--- epl/BHA xs: 4 rows x 14 cells ---
--- epl/BHA sm: 6 rows x 22 cells ---
--- epl/BHA md: 7 rows x 28 cells ---
unchanged, skipping packages/core/src/art/epl/bha.xs.txt
wrote packages/core/src/art/epl/bha.sm.txt
wrote packages/core/src/art/epl/bha.md.txt
--- epl/CHE xs: 4 rows x 14 cells ---
--- epl/CHE sm: 6 rows x 22 cells ---
--- epl/CHE md: 7 rows x 28 cells ---
unchanged, skipping packages/core/src/art/epl/che.xs.txt
wrote packages/core/src/art/epl/che.sm.txt
wrote packages/core/src/art/epl/che.md.txt
--- epl/COV xs: 5 rows x 14 cells ---
--- epl/COV sm: 7 rows x 22 cells ---
--- epl/COV md: 9 rows x 28 cells ---
unchanged, skipping packages/core/src/art/epl/cov.xs.txt
wrote packages/core/src/art/epl/cov.sm.txt
wrote packages/core/src/art/epl/cov.md.txt
--- epl/CRY xs: 5 rows x 14 cells ---
--- epl/CRY sm: 7 rows x 22 cells ---
--- epl/CRY md: 9 rows x 28 cells ---
unchanged, skipping packages/core/src/art/epl/cry.xs.txt
wrote packages/core/src/art/epl/cry.sm.txt
wrote packages/core/src/art/epl/cry.md.txt
--- epl/EVE xs: 4 rows x 14 cells ---
--- epl/EVE sm: 6 rows x 22 cells ---
--- epl/EVE md: 7 rows x 28 cells ---
unchanged, skipping packages/core/src/art/epl/eve.xs.txt
wrote packages/core/src/art/epl/eve.sm.txt
wrote packages/core/src/art/epl/eve.md.txt
--- epl/FUL xs: 5 rows x 14 cells ---
--- epl/FUL sm: 8 rows x 22 cells ---
--- epl/FUL md: 10 rows x 28 cells ---
unchanged, skipping packages/core/src/art/epl/ful.xs.txt
wrote packages/core/src/art/epl/ful.sm.txt
wrote packages/core/src/art/epl/ful.md.txt
--- epl/HUL xs: 4 rows x 14 cells ---
--- epl/HUL sm: 7 rows x 22 cells ---
--- epl/HUL md: 8 rows x 28 cells ---
unchanged, skipping packages/core/src/art/epl/hul.xs.txt
wrote packages/core/src/art/epl/hul.sm.txt
wrote packages/core/src/art/epl/hul.md.txt
--- epl/IPS xs: 5 rows x 14 cells ---
--- epl/IPS sm: 7 rows x 22 cells ---
--- epl/IPS md: 9 rows x 28 cells ---
unchanged, skipping packages/core/src/art/epl/ips.xs.txt
wrote packages/core/src/art/epl/ips.sm.txt
wrote packages/core/src/art/epl/ips.md.txt
--- epl/LEE xs: 5 rows x 14 cells ---
--- epl/LEE sm: 7 rows x 22 cells ---
--- epl/LEE md: 9 rows x 28 cells ---
unchanged, skipping packages/core/src/art/epl/lee.xs.txt
wrote packages/core/src/art/epl/lee.sm.txt
wrote packages/core/src/art/epl/lee.md.txt
--- epl/LIV xs: 7 rows x 14 cells ---
--- epl/LIV sm: 10 rows x 22 cells ---
--- epl/LIV md: 13 rows x 28 cells ---
unchanged, skipping packages/core/src/art/epl/liv.xs.txt
wrote packages/core/src/art/epl/liv.sm.txt
wrote packages/core/src/art/epl/liv.md.txt
--- epl/MNC xs: 4 rows x 14 cells ---
--- epl/MNC sm: 6 rows x 22 cells ---
--- epl/MNC md: 7 rows x 28 cells ---
unchanged, skipping packages/core/src/art/epl/mnc.xs.txt
wrote packages/core/src/art/epl/mnc.sm.txt
wrote packages/core/src/art/epl/mnc.md.txt
--- epl/MAN xs: 4 rows x 14 cells ---
--- epl/MAN sm: 6 rows x 22 cells ---
--- epl/MAN md: 7 rows x 28 cells ---
unchanged, skipping packages/core/src/art/epl/man.xs.txt
wrote packages/core/src/art/epl/man.sm.txt
wrote packages/core/src/art/epl/man.md.txt
--- epl/NEW xs: 4 rows x 14 cells ---
--- epl/NEW sm: 6 rows x 22 cells ---
--- epl/NEW md: 7 rows x 28 cells ---
unchanged, skipping packages/core/src/art/epl/new.xs.txt
wrote packages/core/src/art/epl/new.sm.txt
wrote packages/core/src/art/epl/new.md.txt
--- epl/NFO xs: 8 rows x 14 cells ---
--- epl/NFO sm: 12 rows x 22 cells ---
--- epl/NFO md: 15 rows x 28 cells ---
unchanged, skipping packages/core/src/art/epl/nfo.xs.txt
wrote packages/core/src/art/epl/nfo.sm.txt
wrote packages/core/src/art/epl/nfo.md.txt
--- epl/SUN xs: 3 rows x 14 cells ---
--- epl/SUN sm: 5 rows x 22 cells ---
--- epl/SUN md: 6 rows x 28 cells ---
unchanged, skipping packages/core/src/art/epl/sun.xs.txt
wrote packages/core/src/art/epl/sun.sm.txt
wrote packages/core/src/art/epl/sun.md.txt
--- epl/TOT xs: 7 rows x 14 cells ---
--- epl/TOT sm: 11 rows x 22 cells ---
--- epl/TOT md: 15 rows x 28 cells ---
unchanged, skipping packages/core/src/art/epl/tot.xs.txt
wrote packages/core/src/art/epl/tot.sm.txt
wrote packages/core/src/art/epl/tot.md.txt
laliga: 20 teams
--- laliga/ALA xs: 4 rows x 14 cells ---
--- laliga/ALA sm: 6 rows x 22 cells ---
--- laliga/ALA md: 7 rows x 28 cells ---
unchanged, skipping packages/core/src/art/laliga/ala.xs.txt
wrote packages/core/src/art/laliga/ala.sm.txt
wrote packages/core/src/art/laliga/ala.md.txt
--- laliga/ATH xs: 4 rows x 14 cells ---
--- laliga/ATH sm: 6 rows x 22 cells ---
--- laliga/ATH md: 8 rows x 28 cells ---
unchanged, skipping packages/core/src/art/laliga/ath.xs.txt
wrote packages/core/src/art/laliga/ath.sm.txt
wrote packages/core/src/art/laliga/ath.md.txt
--- laliga/ATM xs: 5 rows x 14 cells ---
--- laliga/ATM sm: 7 rows x 22 cells ---
--- laliga/ATM md: 9 rows x 28 cells ---
unchanged, skipping packages/core/src/art/laliga/atm.xs.txt
wrote packages/core/src/art/laliga/atm.sm.txt
wrote packages/core/src/art/laliga/atm.md.txt
--- laliga/BAR xs: 4 rows x 14 cells ---
--- laliga/BAR sm: 6 rows x 22 cells ---
--- laliga/BAR md: 7 rows x 28 cells ---
unchanged, skipping packages/core/src/art/laliga/bar.xs.txt
wrote packages/core/src/art/laliga/bar.sm.txt
wrote packages/core/src/art/laliga/bar.md.txt
--- laliga/CEL xs: 6 rows x 14 cells ---
--- laliga/CEL sm: 10 rows x 22 cells ---
--- laliga/CEL md: 12 rows x 28 cells ---
unchanged, skipping packages/core/src/art/laliga/cel.xs.txt
wrote packages/core/src/art/laliga/cel.sm.txt
wrote packages/core/src/art/laliga/cel.md.txt
--- laliga/DEP xs: 4 rows x 13 cells ---
--- laliga/DEP sm: 7 rows x 21 cells ---
--- laliga/DEP md: 9 rows x 27 cells ---
unchanged, skipping packages/core/src/art/laliga/dep.xs.txt
wrote packages/core/src/art/laliga/dep.sm.txt
wrote packages/core/src/art/laliga/dep.md.txt
--- laliga/ELC xs: 5 rows x 14 cells ---
--- laliga/ELC sm: 8 rows x 22 cells ---
--- laliga/ELC md: 10 rows x 27 cells ---
unchanged, skipping packages/core/src/art/laliga/elc.xs.txt
wrote packages/core/src/art/laliga/elc.sm.txt
wrote packages/core/src/art/laliga/elc.md.txt
--- laliga/ESP xs: 5 rows x 14 cells ---
--- laliga/ESP sm: 8 rows x 22 cells ---
--- laliga/ESP md: 9 rows x 28 cells ---
unchanged, skipping packages/core/src/art/laliga/esp.xs.txt
wrote packages/core/src/art/laliga/esp.sm.txt
wrote packages/core/src/art/laliga/esp.md.txt
--- laliga/GET xs: 4 rows x 14 cells ---
--- laliga/GET sm: 6 rows x 22 cells ---
--- laliga/GET md: 8 rows x 28 cells ---
unchanged, skipping packages/core/src/art/laliga/get.xs.txt
wrote packages/core/src/art/laliga/get.sm.txt
wrote packages/core/src/art/laliga/get.md.txt
--- laliga/LEV xs: 5 rows x 14 cells ---
--- laliga/LEV sm: 7 rows x 22 cells ---
--- laliga/LEV md: 9 rows x 28 cells ---
unchanged, skipping packages/core/src/art/laliga/lev.xs.txt
wrote packages/core/src/art/laliga/lev.sm.txt
wrote packages/core/src/art/laliga/lev.md.txt
--- laliga/MCF xs: 4 rows x 14 cells ---
--- laliga/MCF sm: 7 rows x 22 cells ---
--- laliga/MCF md: 8 rows x 28 cells ---
unchanged, skipping packages/core/src/art/laliga/mcf.xs.txt
wrote packages/core/src/art/laliga/mcf.sm.txt
wrote packages/core/src/art/laliga/mcf.md.txt
--- laliga/OSA xs: 5 rows x 14 cells ---
--- laliga/OSA sm: 8 rows x 22 cells ---
--- laliga/OSA md: 10 rows x 28 cells ---
unchanged, skipping packages/core/src/art/laliga/osa.xs.txt
wrote packages/core/src/art/laliga/osa.sm.txt
wrote packages/core/src/art/laliga/osa.md.txt
--- laliga/RAC xs: 5 rows x 14 cells ---
--- laliga/RAC sm: 8 rows x 22 cells ---
--- laliga/RAC md: 10 rows x 28 cells ---
unchanged, skipping packages/core/src/art/laliga/rac.xs.txt
wrote packages/core/src/art/laliga/rac.sm.txt
wrote packages/core/src/art/laliga/rac.md.txt
--- laliga/RAY xs: 4 rows x 14 cells ---
--- laliga/RAY sm: 5 rows x 22 cells ---
--- laliga/RAY md: 7 rows x 28 cells ---
unchanged, skipping packages/core/src/art/laliga/ray.xs.txt
wrote packages/core/src/art/laliga/ray.sm.txt
wrote packages/core/src/art/laliga/ray.md.txt
--- laliga/BET xs: 3 rows x 14 cells ---
--- laliga/BET sm: 5 rows x 22 cells ---
--- laliga/BET md: 6 rows x 28 cells ---
unchanged, skipping packages/core/src/art/laliga/bet.xs.txt
wrote packages/core/src/art/laliga/bet.sm.txt
wrote packages/core/src/art/laliga/bet.md.txt
--- laliga/RMA xs: 5 rows x 14 cells ---
--- laliga/RMA sm: 8 rows x 22 cells ---
--- laliga/RMA md: 10 rows x 28 cells ---
unchanged, skipping packages/core/src/art/laliga/rma.xs.txt
wrote packages/core/src/art/laliga/rma.sm.txt
wrote packages/core/src/art/laliga/rma.md.txt
--- laliga/RSO xs: 4 rows x 14 cells ---
--- laliga/RSO sm: 6 rows x 22 cells ---
--- laliga/RSO md: 8 rows x 28 cells ---
unchanged, skipping packages/core/src/art/laliga/rso.xs.txt
wrote packages/core/src/art/laliga/rso.sm.txt
wrote packages/core/src/art/laliga/rso.md.txt
--- laliga/SEV xs: 4 rows x 14 cells ---
--- laliga/SEV sm: 7 rows x 22 cells ---
--- laliga/SEV md: 9 rows x 28 cells ---
unchanged, skipping packages/core/src/art/laliga/sev.xs.txt
wrote packages/core/src/art/laliga/sev.sm.txt
wrote packages/core/src/art/laliga/sev.md.txt
--- laliga/VAL xs: 5 rows x 14 cells ---
--- laliga/VAL sm: 8 rows x 22 cells ---
--- laliga/VAL md: 10 rows x 28 cells ---
unchanged, skipping packages/core/src/art/laliga/val.xs.txt
wrote packages/core/src/art/laliga/val.sm.txt
wrote packages/core/src/art/laliga/val.md.txt
--- laliga/VIL xs: 4 rows x 14 cells ---
--- laliga/VIL sm: 7 rows x 22 cells ---
--- laliga/VIL md: 9 rows x 28 cells ---
unchanged, skipping packages/core/src/art/laliga/vil.xs.txt
wrote packages/core/src/art/laliga/vil.sm.txt
wrote packages/core/src/art/laliga/vil.md.txt
ligue1: 18 teams
--- ligue1/AUX xs: 5 rows x 14 cells ---
--- ligue1/AUX sm: 7 rows x 22 cells ---
--- ligue1/AUX md: 9 rows x 28 cells ---
unchanged, skipping packages/core/src/art/ligue1/aux.xs.txt
wrote packages/core/src/art/ligue1/aux.sm.txt
wrote packages/core/src/art/ligue1/aux.md.txt
--- ligue1/MON xs: 6 rows x 14 cells ---
--- ligue1/MON sm: 10 rows x 22 cells ---
--- ligue1/MON md: 12 rows x 28 cells ---
unchanged, skipping packages/core/src/art/ligue1/mon.xs.txt
wrote packages/core/src/art/ligue1/mon.sm.txt
wrote packages/core/src/art/ligue1/mon.md.txt
--- ligue1/ANG xs: 4 rows x 13 cells ---
--- ligue1/ANG sm: 7 rows x 21 cells ---
--- ligue1/ANG md: 9 rows x 26 cells ---
unchanged, skipping packages/core/src/art/ligue1/ang.xs.txt
wrote packages/core/src/art/ligue1/ang.sm.txt
wrote packages/core/src/art/ligue1/ang.md.txt
--- ligue1/BRE xs: 4 rows x 14 cells ---
--- ligue1/BRE sm: 7 rows x 22 cells ---
--- ligue1/BRE md: 9 rows x 28 cells ---
unchanged, skipping packages/core/src/art/ligue1/bre.xs.txt
wrote packages/core/src/art/ligue1/bre.sm.txt
wrote packages/core/src/art/ligue1/bre.md.txt
--- ligue1/HAC xs: 5 rows x 14 cells ---
--- ligue1/HAC sm: 7 rows x 22 cells ---
--- ligue1/HAC md: 9 rows x 28 cells ---
unchanged, skipping packages/core/src/art/ligue1/hac.xs.txt
wrote packages/core/src/art/ligue1/hac.sm.txt
wrote packages/core/src/art/ligue1/hac.md.txt
--- ligue1/MNS xs: 4 rows x 14 cells ---
--- ligue1/MNS sm: 6 rows x 22 cells ---
--- ligue1/MNS md: 7 rows x 28 cells ---
unchanged, skipping packages/core/src/art/ligue1/mns.xs.txt
wrote packages/core/src/art/ligue1/mns.sm.txt
wrote packages/core/src/art/ligue1/mns.md.txt
--- ligue1/RCL xs: 5 rows x 14 cells ---
--- ligue1/RCL sm: 8 rows x 22 cells ---
--- ligue1/RCL md: 10 rows x 28 cells ---
unchanged, skipping packages/core/src/art/ligue1/rcl.xs.txt
wrote packages/core/src/art/ligue1/rcl.sm.txt
wrote packages/core/src/art/ligue1/rcl.md.txt
--- ligue1/LILL xs: 4 rows x 14 cells ---
--- ligue1/LILL sm: 5 rows x 22 cells ---
--- ligue1/LILL md: 7 rows x 28 cells ---
unchanged, skipping packages/core/src/art/ligue1/lill.xs.txt
wrote packages/core/src/art/ligue1/lill.sm.txt
wrote packages/core/src/art/ligue1/lill.md.txt
--- ligue1/LOR xs: 5 rows x 14 cells ---
--- ligue1/LOR sm: 8 rows x 22 cells ---
--- ligue1/LOR md: 10 rows x 28 cells ---
unchanged, skipping packages/core/src/art/ligue1/lor.xs.txt
wrote packages/core/src/art/ligue1/lor.sm.txt
wrote packages/core/src/art/ligue1/lor.md.txt
--- ligue1/LYON xs: 4 rows x 14 cells ---
--- ligue1/LYON sm: 7 rows x 22 cells ---
--- ligue1/LYON md: 8 rows x 28 cells ---
unchanged, skipping packages/core/src/art/ligue1/lyon.xs.txt
wrote packages/core/src/art/ligue1/lyon.sm.txt
wrote packages/core/src/art/ligue1/lyon.md.txt
--- ligue1/OLM xs: 4 rows x 14 cells ---
--- ligue1/OLM sm: 6 rows x 22 cells ---
--- ligue1/OLM md: 7 rows x 28 cells ---
unchanged, skipping packages/core/src/art/ligue1/olm.xs.txt
wrote packages/core/src/art/ligue1/olm.sm.txt
wrote packages/core/src/art/ligue1/olm.md.txt
--- ligue1/NICE xs: 5 rows x 14 cells ---
--- ligue1/NICE sm: 7 rows x 22 cells ---
--- ligue1/NICE md: 9 rows x 28 cells ---
unchanged, skipping packages/core/src/art/ligue1/nice.xs.txt
wrote packages/core/src/art/ligue1/nice.sm.txt
wrote packages/core/src/art/ligue1/nice.md.txt
--- ligue1/PAR xs: 4 rows x 14 cells ---
--- ligue1/PAR sm: 7 rows x 22 cells ---
--- ligue1/PAR md: 9 rows x 28 cells ---
unchanged, skipping packages/core/src/art/ligue1/par.xs.txt
wrote packages/core/src/art/ligue1/par.sm.txt
wrote packages/core/src/art/ligue1/par.md.txt
--- ligue1/PSG xs: 4 rows x 14 cells ---
--- ligue1/PSG sm: 6 rows x 22 cells ---
--- ligue1/PSG md: 7 rows x 28 cells ---
unchanged, skipping packages/core/src/art/ligue1/psg.xs.txt
wrote packages/core/src/art/ligue1/psg.sm.txt
wrote packages/core/src/art/ligue1/psg.md.txt
--- ligue1/REN xs: 5 rows x 14 cells ---
--- ligue1/REN sm: 7 rows x 22 cells ---
--- ligue1/REN md: 9 rows x 28 cells ---
unchanged, skipping packages/core/src/art/ligue1/ren.xs.txt
wrote packages/core/src/art/ligue1/ren.sm.txt
wrote packages/core/src/art/ligue1/ren.md.txt
--- ligue1/STR xs: 4 rows x 14 cells ---
--- ligue1/STR sm: 6 rows x 22 cells ---
--- ligue1/STR md: 7 rows x 27 cells ---
unchanged, skipping packages/core/src/art/ligue1/str.xs.txt
wrote packages/core/src/art/ligue1/str.sm.txt
wrote packages/core/src/art/ligue1/str.md.txt
--- ligue1/TOU xs: 4 rows x 14 cells ---
--- ligue1/TOU sm: 6 rows x 22 cells ---
--- ligue1/TOU md: 7 rows x 28 cells ---
unchanged, skipping packages/core/src/art/ligue1/tou.xs.txt
wrote packages/core/src/art/ligue1/tou.sm.txt
wrote packages/core/src/art/ligue1/tou.md.txt
--- ligue1/TRY xs: 5 rows x 14 cells ---
--- ligue1/TRY sm: 7 rows x 22 cells ---
--- ligue1/TRY md: 9 rows x 28 cells ---
unchanged, skipping packages/core/src/art/ligue1/try.xs.txt
wrote packages/core/src/art/ligue1/try.sm.txt
wrote packages/core/src/art/ligue1/try.md.txt
mlb: 30 teams
--- mlb/ARI xs: 3 rows x 14 cells ---
--- mlb/ARI sm: 5 rows x 22 cells ---
--- mlb/ARI md: 6 rows x 28 cells ---
unchanged, skipping packages/core/src/art/mlb/ari.xs.txt
wrote packages/core/src/art/mlb/ari.sm.txt
wrote packages/core/src/art/mlb/ari.md.txt
--- mlb/ATH xs: 3 rows x 14 cells ---
--- mlb/ATH sm: 5 rows x 22 cells ---
--- mlb/ATH md: 6 rows x 28 cells ---
unchanged, skipping packages/core/src/art/mlb/ath.xs.txt
wrote packages/core/src/art/mlb/ath.sm.txt
wrote packages/core/src/art/mlb/ath.md.txt
--- mlb/ATL xs: 4 rows x 14 cells ---
--- mlb/ATL sm: 5 rows x 22 cells ---
--- mlb/ATL md: 7 rows x 28 cells ---
unchanged, skipping packages/core/src/art/mlb/atl.xs.txt
wrote packages/core/src/art/mlb/atl.sm.txt
wrote packages/core/src/art/mlb/atl.md.txt
--- mlb/BAL xs: 4 rows x 14 cells ---
--- mlb/BAL sm: 5 rows x 22 cells ---
--- mlb/BAL md: 7 rows x 28 cells ---
unchanged, skipping packages/core/src/art/mlb/bal.xs.txt
wrote packages/core/src/art/mlb/bal.sm.txt
wrote packages/core/src/art/mlb/bal.md.txt
--- mlb/BOS xs: 5 rows x 14 cells ---
--- mlb/BOS sm: 8 rows x 22 cells ---
--- mlb/BOS md: 10 rows x 28 cells ---
unchanged, skipping packages/core/src/art/mlb/bos.xs.txt
wrote packages/core/src/art/mlb/bos.sm.txt
wrote packages/core/src/art/mlb/bos.md.txt
--- mlb/CHC xs: 4 rows x 14 cells ---
--- mlb/CHC sm: 6 rows x 22 cells ---
--- mlb/CHC md: 7 rows x 28 cells ---
unchanged, skipping packages/core/src/art/mlb/chc.xs.txt
wrote packages/core/src/art/mlb/chc.sm.txt
wrote packages/core/src/art/mlb/chc.md.txt
--- mlb/CHW xs: 5 rows x 14 cells ---
--- mlb/CHW sm: 8 rows x 22 cells ---
--- mlb/CHW md: 10 rows x 28 cells ---
unchanged, skipping packages/core/src/art/mlb/chw.xs.txt
wrote packages/core/src/art/mlb/chw.sm.txt
wrote packages/core/src/art/mlb/chw.md.txt
--- mlb/CIN xs: 3 rows x 14 cells ---
--- mlb/CIN sm: 4 rows x 22 cells ---
--- mlb/CIN md: 5 rows x 28 cells ---
unchanged, skipping packages/core/src/art/mlb/cin.xs.txt
wrote packages/core/src/art/mlb/cin.sm.txt
wrote packages/core/src/art/mlb/cin.md.txt
--- mlb/CLE xs: 6 rows x 14 cells ---
--- mlb/CLE sm: 9 rows x 22 cells ---
--- mlb/CLE md: 11 rows x 28 cells ---
unchanged, skipping packages/core/src/art/mlb/cle.xs.txt
wrote packages/core/src/art/mlb/cle.sm.txt
wrote packages/core/src/art/mlb/cle.md.txt
--- mlb/COL xs: 4 rows x 14 cells ---
--- mlb/COL sm: 7 rows x 22 cells ---
--- mlb/COL md: 9 rows x 28 cells ---
unchanged, skipping packages/core/src/art/mlb/col.xs.txt
wrote packages/core/src/art/mlb/col.sm.txt
wrote packages/core/src/art/mlb/col.md.txt
--- mlb/DET xs: 5 rows x 14 cells ---
--- mlb/DET sm: 8 rows x 22 cells ---
--- mlb/DET md: 10 rows x 28 cells ---
unchanged, skipping packages/core/src/art/mlb/det.xs.txt
wrote packages/core/src/art/mlb/det.sm.txt
wrote packages/core/src/art/mlb/det.md.txt
--- mlb/HOU xs: 4 rows x 14 cells ---
--- mlb/HOU sm: 6 rows x 22 cells ---
--- mlb/HOU md: 7 rows x 28 cells ---
unchanged, skipping packages/core/src/art/mlb/hou.xs.txt
wrote packages/core/src/art/mlb/hou.sm.txt
wrote packages/core/src/art/mlb/hou.md.txt
--- mlb/KC xs: 4 rows x 14 cells ---
--- mlb/KC sm: 6 rows x 22 cells ---
--- mlb/KC md: 7 rows x 28 cells ---
unchanged, skipping packages/core/src/art/mlb/kc.xs.txt
wrote packages/core/src/art/mlb/kc.sm.txt
wrote packages/core/src/art/mlb/kc.md.txt
--- mlb/LAA xs: 6 rows x 14 cells ---
--- mlb/LAA sm: 9 rows x 22 cells ---
--- mlb/LAA md: 11 rows x 28 cells ---
unchanged, skipping packages/core/src/art/mlb/laa.xs.txt
wrote packages/core/src/art/mlb/laa.sm.txt
wrote packages/core/src/art/mlb/laa.md.txt
--- mlb/LAD xs: 5 rows x 14 cells ---
--- mlb/LAD sm: 8 rows x 22 cells ---
--- mlb/LAD md: 10 rows x 28 cells ---
unchanged, skipping packages/core/src/art/mlb/lad.xs.txt
wrote packages/core/src/art/mlb/lad.sm.txt
wrote packages/core/src/art/mlb/lad.md.txt
--- mlb/MIA xs: 4 rows x 13 cells ---
--- mlb/MIA sm: 5 rows x 21 cells ---
--- mlb/MIA md: 7 rows x 27 cells ---
unchanged, skipping packages/core/src/art/mlb/mia.xs.txt
wrote packages/core/src/art/mlb/mia.sm.txt
wrote packages/core/src/art/mlb/mia.md.txt
--- mlb/MIL xs: 4 rows x 14 cells ---
--- mlb/MIL sm: 6 rows x 21 cells ---
--- mlb/MIL md: 8 rows x 27 cells ---
unchanged, skipping packages/core/src/art/mlb/mil.xs.txt
wrote packages/core/src/art/mlb/mil.sm.txt
wrote packages/core/src/art/mlb/mil.md.txt
--- mlb/MIN xs: 4 rows x 14 cells ---
--- mlb/MIN sm: 6 rows x 22 cells ---
--- mlb/MIN md: 8 rows x 28 cells ---
unchanged, skipping packages/core/src/art/mlb/min.xs.txt
wrote packages/core/src/art/mlb/min.sm.txt
wrote packages/core/src/art/mlb/min.md.txt
--- mlb/NYM xs: 5 rows x 14 cells ---
--- mlb/NYM sm: 8 rows x 22 cells ---
--- mlb/NYM md: 10 rows x 28 cells ---
unchanged, skipping packages/core/src/art/mlb/nym.xs.txt
wrote packages/core/src/art/mlb/nym.sm.txt
wrote packages/core/src/art/mlb/nym.md.txt
--- mlb/NYY xs: 4 rows x 14 cells ---
--- mlb/NYY sm: 6 rows x 22 cells ---
--- mlb/NYY md: 8 rows x 28 cells ---
unchanged, skipping packages/core/src/art/mlb/nyy.xs.txt
wrote packages/core/src/art/mlb/nyy.sm.txt
wrote packages/core/src/art/mlb/nyy.md.txt
--- mlb/PHI xs: 5 rows x 14 cells ---
--- mlb/PHI sm: 8 rows x 22 cells ---
--- mlb/PHI md: 10 rows x 28 cells ---
unchanged, skipping packages/core/src/art/mlb/phi.xs.txt
wrote packages/core/src/art/mlb/phi.sm.txt
wrote packages/core/src/art/mlb/phi.md.txt
--- mlb/PIT xs: 5 rows x 14 cells ---
--- mlb/PIT sm: 8 rows x 22 cells ---
--- mlb/PIT md: 10 rows x 28 cells ---
unchanged, skipping packages/core/src/art/mlb/pit.xs.txt
wrote packages/core/src/art/mlb/pit.sm.txt
wrote packages/core/src/art/mlb/pit.md.txt
--- mlb/SD xs: 5 rows x 14 cells ---
--- mlb/SD sm: 8 rows x 22 cells ---
--- mlb/SD md: 9 rows x 28 cells ---
unchanged, skipping packages/core/src/art/mlb/sd.xs.txt
wrote packages/core/src/art/mlb/sd.sm.txt
wrote packages/core/src/art/mlb/sd.md.txt
--- mlb/SF xs: 5 rows x 14 cells ---
--- mlb/SF sm: 8 rows x 22 cells ---
--- mlb/SF md: 10 rows x 28 cells ---
unchanged, skipping packages/core/src/art/mlb/sf.xs.txt
wrote packages/core/src/art/mlb/sf.sm.txt
wrote packages/core/src/art/mlb/sf.md.txt
--- mlb/SEA xs: 6 rows x 13 cells ---
--- mlb/SEA sm: 9 rows x 21 cells ---
--- mlb/SEA md: 11 rows x 27 cells ---
unchanged, skipping packages/core/src/art/mlb/sea.xs.txt
wrote packages/core/src/art/mlb/sea.sm.txt
wrote packages/core/src/art/mlb/sea.md.txt
--- mlb/STL xs: 5 rows x 14 cells ---
--- mlb/STL sm: 7 rows x 22 cells ---
--- mlb/STL md: 9 rows x 28 cells ---
unchanged, skipping packages/core/src/art/mlb/stl.xs.txt
wrote packages/core/src/art/mlb/stl.sm.txt
wrote packages/core/src/art/mlb/stl.md.txt
--- mlb/TB xs: 3 rows x 13 cells ---
--- mlb/TB sm: 5 rows x 21 cells ---
--- mlb/TB md: 6 rows x 26 cells ---
unchanged, skipping packages/core/src/art/mlb/tb.xs.txt
wrote packages/core/src/art/mlb/tb.sm.txt
wrote packages/core/src/art/mlb/tb.md.txt
--- mlb/TEX xs: 4 rows x 14 cells ---
--- mlb/TEX sm: 7 rows x 22 cells ---
--- mlb/TEX md: 8 rows x 28 cells ---
unchanged, skipping packages/core/src/art/mlb/tex.xs.txt
wrote packages/core/src/art/mlb/tex.sm.txt
wrote packages/core/src/art/mlb/tex.md.txt
--- mlb/TOR xs: 3 rows x 14 cells ---
--- mlb/TOR sm: 5 rows x 22 cells ---
--- mlb/TOR md: 6 rows x 28 cells ---
unchanged, skipping packages/core/src/art/mlb/tor.xs.txt
wrote packages/core/src/art/mlb/tor.sm.txt
wrote packages/core/src/art/mlb/tor.md.txt
--- mlb/WSH xs: 4 rows x 14 cells ---
--- mlb/WSH sm: 6 rows x 22 cells ---
--- mlb/WSH md: 7 rows x 28 cells ---
unchanged, skipping packages/core/src/art/mlb/wsh.xs.txt
wrote packages/core/src/art/mlb/wsh.sm.txt
wrote packages/core/src/art/mlb/wsh.md.txt
mls: 30 teams
--- mls/ATL xs: 4 rows x 14 cells ---
--- mls/ATL sm: 6 rows x 22 cells ---
--- mls/ATL md: 7 rows x 28 cells ---
unchanged, skipping packages/core/src/art/mls/atl.xs.txt
wrote packages/core/src/art/mls/atl.sm.txt
wrote packages/core/src/art/mls/atl.md.txt
--- mls/ATX xs: 5 rows x 14 cells ---
--- mls/ATX sm: 7 rows x 22 cells ---
--- mls/ATX md: 8 rows x 28 cells ---
unchanged, skipping packages/core/src/art/mls/atx.xs.txt
wrote packages/core/src/art/mls/atx.sm.txt
wrote packages/core/src/art/mls/atx.md.txt
--- mls/MTL xs: 4 rows x 14 cells ---
--- mls/MTL sm: 6 rows x 22 cells ---
--- mls/MTL md: 7 rows x 28 cells ---
unchanged, skipping packages/core/src/art/mls/mtl.xs.txt
wrote packages/core/src/art/mls/mtl.sm.txt
wrote packages/core/src/art/mls/mtl.md.txt
--- mls/CLT xs: 4 rows x 14 cells ---
--- mls/CLT sm: 6 rows x 22 cells ---
--- mls/CLT md: 7 rows x 28 cells ---
unchanged, skipping packages/core/src/art/mls/clt.xs.txt
wrote packages/core/src/art/mls/clt.sm.txt
wrote packages/core/src/art/mls/clt.md.txt
--- mls/CHI xs: 4 rows x 14 cells ---
--- mls/CHI sm: 6 rows x 22 cells ---
--- mls/CHI md: 7 rows x 28 cells ---
unchanged, skipping packages/core/src/art/mls/chi.xs.txt
wrote packages/core/src/art/mls/chi.sm.txt
wrote packages/core/src/art/mls/chi.md.txt
--- mls/COL xs: 5 rows x 14 cells ---
--- mls/COL sm: 8 rows x 22 cells ---
--- mls/COL md: 11 rows x 27 cells ---
unchanged, skipping packages/core/src/art/mls/col.xs.txt
wrote packages/core/src/art/mls/col.sm.txt
wrote packages/core/src/art/mls/col.md.txt
--- mls/CLB xs: 6 rows x 14 cells ---
--- mls/CLB sm: 10 rows x 21 cells ---
⠈⠳⡽⡍⢾⣿⣿⠍⠬⠬⠤⠤⠤⠄
⠈⠙⣧⠹⣏⣉⣉⣭⣽⣯⢍⡉⢉⢉⣉⢉⣀⣀⣀⣀⡀
⠀⠀⠘⠷⠿⠆⠻⢧⣽⣿⡭⠚⠈⠳⠟⠛⠟⠟⠾⠛⠻
⠘⠛⢿⡄⢻⣟⠛⠛⠛⣛⣛⣛⣛⡛⠛⠛⠛⠛⠛⠛⠂
⠀⠀⠘⣿⡄⢿⣏⢩⣿⣏⣷⣾⣯⢞⠻⡄⢷⢲⣻⣾⣞⣖⣯⢳⣷⣼⡆
⠀⠀⠀⠘⠟⠛⠻⠀⠛⠷⢶⣯⣿⠴⠁⠁⠈⠓⠋⠋⠛⠙⠘⠛⠋⠋⠛
⢤⢼⣿⣷⣿⠶⢿⡷⠶⣿⣾⣿⡧⡤
⠃⣾⣿⠽⡱⠠⢸⡃⠄⢎⠯⣿⣷⠙
⠀⠸⠹⠽⠽⣶⣺⣗⣶⡧⠿⠏⠇
⢀⠀⣴⣿⣿⣶⣶⣶⡲⠴⡭⡯⢥⢔⣶⣶⣶⣿⣿⣦⢀⡀
⢉⠇⢹⣿⣿⡿⣿⠟⠋⠉⢹⡯⠉⠙⠻⣿⢿⣿⣿⠏⠹⡁
⠛⠴⣿⣿⣯⢴⡳⠶⠠⠦⢩⡅⠶⠆⠶⢸⠦⣽⣿⣿⠦⠛
⠀⠈⣙⠿⡷⠦⠑⢦⣀⣀⡽⢇⣀⣀⡴⠋⠴⠾⠿⡋
⠀⠀⠘⠄⠓⠺⠇⠖⢶⣪⣎⣧⣱⡴⠲⠺⠞⠙⠠⠃
⠀⠀⢀⣶⣿⣿⣷⣦⣶⣶⡖⣌⢭⡭⣯⢍⣴⢲⣶⣶⣴⣾⣿⣿⣶⡀
⠙⣿⠈⢿⣿⣿⣿⣿⣿⡿⠟⠒⠚⣿⣿⠒⠒⠿⢟⣿⣿⣿⣿⣿⡿⠑⣿⠋
⣾⡁⣠⣾⣿⣿⠛⣱⢋⣀⡀⢀⡀⡞⢣⢀⣀⢀⣀⡙⣎⠛⣿⣿⣧⣄⢈⡧
⠀⠉⢭⣿⣿⣟⠃⠹⣌⠉⠁⠉⠉⣼⡥⠈⠉⠈⠉⣡⠏⠙⣻⣿⣿⡍⠉
⠀⠀⠀⡜⠛⡟⠛⢃⠬⠷⠦⣤⣄⣟⣻⣠⣤⠴⠾⠥⡘⢛⣛⠛⢣
⠀⠀⠀⠙⠀⠛⠊⠻⠭⠟⣱⣖⣰⣂⣷⣄⣦⣆⠿⠭⠟⠛⠚⠠⠃
⠀⣀⣤⣶⣚⣻⣋⣿⣻⣲⡶⣤⣀
⣼⣿⣳⠟⢍⢋⢣⣡⣡⣬⣷⣏⣿⣧
⢻⣿⡛⣿⡛⢋⢋⢣⣡⣑⣴⣛⣿⡟
⠀⠉⠛⠾⢿⣍⣿⣿⣯⠿⠶⠛⠉
⠀⠀⠀⣀⢤⣴⡶⠶⢿⡿⠛⢿⠻⢟⡶⣶⣦⣤⣀
⠀⡴⣪⣞⠽⢟⡿⢾⡾⣷⠻⣮⠹⡟⠲⢿⡍⣭⠷⣕⢦
⡞⣼⣧⣥⣿⠃⠛⡈⢡⡈⣦⣀⣦⣸⣦⠷⡌⣯⣤⣽⣧⢳
⢧⢻⡿⠿⢻⡜⢶⠻⡏⠻⠉⠻⡈⢃⡈⡤⣠⣟⠿⢿⡟⡼
⠀⠳⢝⠧⣴⢪⠗⣢⢼⡦⣻⠦⣿⢮⡵⢎⡙⣶⠾⡫⠞
⠀⠀⠀⠉⠚⠻⠿⠷⣷⣴⣧⣿⣽⣷⠾⠾⠟⠛⠉
⠀⠀⠀⠀⢀⣀⠤⣔⣶⡶⢭⣿⠟⠻⣿⡛⠿⢿⡶⣶⣦⠤⣀⡀
⠀⢀⡤⣚⡵⣚⣿⢿⣷⡤⠤⣿⣖⢓⣚⠓⣾⠯⢔⣴⢚⠫⢓⣯⣓⢤⡀
⣰⢋⣞⣙⠛⢶⡶⠊⠅⠘⠿⠈⠛⡀⠙⣄⠈⣤⡀⢨⣝⢮⡍⢁⣞⣷⡙⣄
⣏⢸⣿⣿⣿⣿⠁⣦⣸⣶⣤⣷⣦⢿⣷⠻⢿⠛⠿⡏⠻⢀⣿⣿⣿⣿⡇⣹
⠙⣌⢿⣫⣍⠹⠷⣝⡃⠈⠛⡀⠙⣄⠈⣤⡀⣶⡄⢐⣠⣞⠋⢉⣙⡿⣡⠋
⠀⠈⠓⢭⣳⢾⣋⠴⣋⡵⠒⢿⢤⡭⢷⠭⣝⠶⢞⠫⣌⣙⡽⣟⡭⠚⠁
⠀⠀⠀⠀⠈⠉⠚⠫⠽⠷⣛⣦⣾⣶⣭⣭⣟⣳⠿⠿⠝⠒⠉⠁
⠀⢀⡤⠔⠒⣮⡉⢉⡵⠒⠢⢤⡀
⣰⠃⣶⣖⣲⡌⢷⡾⠁⣶⣒⣶⠜⣆
⠹⡄⠿⠯⠿⣃⡀⣀⣀⠿⠭⠿⢢⠏
⠀⠈⠓⠢⠤⢛⣛⣙⡛⠤⠔⠚⠁
⠀⠀⠀⠀⣀⠤⠴⠒⣒⡚⠉⠉⢓⣒⠒⠦⠤⣀
⠀⢠⠔⢋⣀⣀⣀⠀⠹⣿⡄⢠⣿⠏⢀⣀⣀⡀⠙⠢⡄
⢰⡏⠀⢸⣿⣉⣉⣿⠆⠘⣿⣿⠃⠀⣿⣿⣉⣹⣿⠀⢹⡆
⠸⣇⠀⢸⣿⣍⣩⣿⠇⠀⠀⠀⠀⠀⣿⣿⣉⣽⡿⠀⣸⠇
⠀⠘⠢⣄⠉⠉⠁⠀⣶⢛⡆⢰⣿⣶⠈⠉⠉⠀⣠⠔⠃
⠀⠀⠀⠀⠉⠒⠲⠤⠬⢭⣅⣨⡭⠥⠤⠖⠒⠉
⠀⠀⠀⠀⠀⢀⣀⡤⠤⠖⣒⣒⠒⠒⠒⠒⣒⣒⠲⠤⢤⣀⡀
⠀⠀⢀⡴⠚⠉⠀⠀⠀⠀⠹⣿⣧⠀⠀⣼⣿⠋⠀⠀⠀⠀⠉⠓⢦⡀
⠀⣴⠋⠀⢰⣶⡶⠶⠶⣶⣄⠘⢿⣧⣼⡿⠃⠀⣶⣶⠶⠶⢶⣦⡀⠙⣦
⢸⡇⠀⠀⢸⣿⡷⠶⢾⣿⣏⠀⠈⠛⠛⠁⠀⠀⣿⣿⠶⠶⢿⣿⡁⠀⢸⡇
⠀⠻⣄⠀⠸⠿⠷⠶⠶⠿⠋⣀⣀⠀⠀⣀⣀⠀⠿⠿⠶⠶⠾⠟⠁⣠⠟
⠀⠀⠈⠳⢤⣀⠀⠀⠀⠀⢸⣏⣹⡇⢘⣿⣿⡇⠀⠀⠀⠀⣀⡤⠞⠁
⠀⠀⠀⠀⠀⠈⠉⠓⠒⠦⠤⠭⠭⠤⠤⠭⠭⠤⠴⠒⠚⠉⠁
⠀⠀⠀⠀⠀⣠⢞⡳⣄
⠀⠀⢀⣤⢞⠑⠛⠛⠊⡳⣤⡀
⢀⡴⠫⠶⢿⣿⣿⣿⣿⣿⠾⢝⢦⡀
⠉⠳⣕⢶⣾⣿⣿⣿⣿⣿⡶⣪⠞⠉
⠀⠀⠈⠛⢮⡢⣤⣤⢔⡵⠛⠁
⠀⠀⠀⠀⠀⠙⢮⡵⠋
⠀⠀⠀⠀⠀⠀⠀⠀⠀⣠⡾⢷⣄
⠀⠀⠀⠀⠀⠀⢀⣴⡾⣋⣴⣦⣝⢿⣦⡀
⠀⠀⠀⠀⣠⣶⢟⡡⠊⠉⠉⠉⠉⣑⣌⡻⣶⣄
⠀⢀⣤⡾⢋⣵⣿⣷⣿⡿⣿⣿⡿⣿⣯⢻⣮⡙⢷⣤⡀
⠴⣿⡋⢎⣉⣉⣉⣿⣿⣿⣿⣿⡿⣿⣏⢎⣉⣉⡱⢙⣿⠦
⠀⠈⠻⢷⣍⠻⣿⣿⣿⣷⣿⣿⣷⣿⣟⣼⠟⣩⡾⠟⠁
⠀⠀⠀⠀⠙⠿⣮⡛⢌⣀⣀⣀⣉⡩⢛⣵⠿⠋
⠀⠀⠀⠀⠀⠀⠈⠻⣷⣝⠻⠟⣫⣾⠟⠁
⠀⠀⠀⠀⠀⠀⠀⠀⠀⠙⢷⡾⠋
⠀⠀⠀⠀⠀⠀⠀⠀⠀⠀⠀⠀⣠⣾⣷⣄⡀
⠀⠀⠀⠀⠀⠀⠀⠀⠀⢀⣴⡿⢟⣡⣌⡻⢿⣦⣀
⠀⠀⠀⠀⠀⠀⢀⣠⣾⠿⣫⠴⠿⠿⠿⠿⠦⣝⠿⣷⣄⡀
⠀⠀⠀⠀⣀⣴⡿⢟⣡⡾⣥⣤⣤⣤⣤⣤⣤⡬⣵⣌⡻⢿⣦⣀
⠀⢀⣠⣾⠟⣫⣴⣿⣿⡇⣿⣿⡟⣿⣿⣟⢿⣿⣷⡝⣿⣦⣙⠿⣷⣄⡀
⠴⣿⣟⡡⣎⠁⠀⠀⢸⡇⣿⣿⡷⣿⣿⣿⣿⣿⣏⢾⡁⠀⠈⡱⢌⣻⣿⠦
⠀⠈⠛⢿⣦⣙⠿⣿⣿⡇⣿⣿⣧⣿⣿⣿⣾⣿⡿⣣⣿⠿⣋⣴⡿⠛⠁
⠀⠀⠀⠀⠙⠻⣷⣬⡛⢷⡛⠛⠛⠛⠛⠛⠛⢛⡻⢛⣥⣾⠟⠋
⠀⠀⠀⠀⠀⠀⠈⠙⢿⣦⣝⠲⣶⣶⣶⣶⠖⣫⣴⡿⠋⠁
⠀⠀⠀⠀⠀⠀⠀⠀⠀⠉⠻⣷⣮⡙⢋⣵⣾⠟⠉
⠀⠀⠀⠀⠀⠀⠀⠀⠀⠀⠀⠀⠙⢿⡿⠋⠁
⠀⢀⣠⡴⠖⠚⢛⡛⠓⠲⢦⣄⡀
⢠⡿⢁⣢⣷⣤⡹⢇⣤⣾⣔⡈⢿⡄
⠘⣷⡈⢛⡙⣫⢷⡾⣝⢋⡛⢁⣾⠃
⠀⠈⠙⠳⠦⢤⣬⣥⡤⠴⠞⠋⠁
⠀⠀⠀⠀⢀⣠⣤⡴⠶⠶⠶⠶⠶⠶⢶⣤⣄⡀
⠀⠔⣠⡾⠛⠉⣀⡀⠀⣠⣿⣭⠀⠀⢀⣄⠉⠛⢷⣄⠢
⡎⣾⡟⠀⠬⣵⣾⣿⣶⣤⢿⠿⣤⣶⣿⣷⣮⠥⠀⢻⣷⢱
⢇⢿⣧⠈⠩⠽⠟⡻⠟⣻⣮⣴⣟⠻⣟⠻⠯⠍⠁⣼⡿⡸
⠀⠂⠙⢷⣤⣈⠛⠀⠛⠡⠿⠿⠌⠛⠀⠛⣁⣤⡾⠋⠐
⠀⠀⠀⠀⠈⠙⠛⠳⠶⠶⠶⠶⠶⠶⠞⠛⠋⠁
⠀⠀⠀⠀⠀⠀⢀⣀⣤⣤⣴⡶⠶⠶⠶⠶⢶⣦⣤⣤⣀⡀
⠀⢀⠄⣪⣵⡾⠟⠋⡉⠀⠀⠀⣐⣖⣒⡂⠀⠀⠀⢉⠙⠻⢷⣮⣕⠠⡀
⡰⢡⣾⡿⠉⠀⠢⢤⣻⡶⣤⣈⢙⣿⣿⡃⣀⣤⢶⣟⡤⠔⠀⠉⢿⣷⡜⢆
⡇⣿⣿⡃⠤⠭⠽⢿⣿⣿⣿⣿⣯⡸⢁⣽⣿⣿⣿⣿⡿⠯⠭⠤⢘⣿⣿⢸
⠱⡘⢿⣷⣀⠐⠚⣉⣩⠚⢋⣭⠿⣷⣾⠿⣭⡙⢢⣍⣉⠓⠂⣀⣾⡿⢃⠎
⠀⠈⠂⢝⠻⢷⣦⣄⣁⠀⠈⠁⠘⠛⠛⠃⠈⠁⠀⣈⣠⣴⡾⠟⡫⠐⠁
⠀⠀⠀⠀⠀⠀⠈⠉⠛⠛⠻⠷⠶⠶⠶⠶⠾⠟⠛⠛⠉⠁
⡇⠀⡦⠤⠤⡔⠒⣂⢀⣴⣦⡀⠀⢸
⣧⣤⣭⣤⣤⣭⣤⣀⡉⠀⠀⠉⠀⢸
⣿⣿⣿⣿⣿⣿⣿⣿⣿⠆⠀⠀⠀⢸
⠹⣿⣿⣿⣿⣽⣻⣿⠖⠂⠀⠀⠀⠘
⠀⠈⠛⠻⠿⣿⣿
⡏⠀⠀⣤⡤⠤⠤⢠⣤⠤⠤⠤⠄⠀⣠⠤⣤⡀⠀⠀⠀⢹
⡇⠀⠀⠿⠭⠭⠭⠬⠿⠖⠒⠚⠣⠾⠋⠉⠉⠻⠦⠀⠀⢸
⣿⣿⣿⣿⣿⣿⣿⣿⣿⣿⣿⣤⣤⣀⠀⠀⠀⠀⠀⠀⠀⢹
⣿⣿⣿⣿⣿⣿⣿⣿⣿⣿⣿⣿⣿⣿⡧⠀⠀⠀⠀⠀⠀⢸
⢻⣿⣿⣿⣿⣿⣿⣿⢿⣿⢏⡹⣯⡭⡄⠀⠀⠀⠀⠀⠀⡸
⠈⠻⢿⣿⣿⣿⣿⣿⣿⣧⣣⠜⠴⠀⠀⠀⠀⠀⠀⡀⠔⠁
⠀⠀⠀⠈⠙⠛⠿⠿⠾⣯⣾⠀⠈⠈⠀⠀⠀⠀⠈
⣾⠉⠉⠉⣉⣩⣭⣭⣭⢉⣉⣩⣭⣭⣍⣉⠉⠉⣉⣉⣉⣉⠉⠉⠉⠉⠉⣷
⣿⠀⠀⠀⣿⡗⠒⠒⠒⠸⣿⣤⣤⣤⣤⡤⣠⣾⠿⠧⠼⠿⣷⣄⠀⠀⠀⣿
⣿⣤⣤⣤⣭⣭⣭⣭⣭⣭⣭⣭⣤⣤⠤⠬⠉⠥⠤⠤⠤⠤⠌⠉⠡⠤⠄⣿
⣿⣿⣿⣿⣿⣿⣿⣿⣿⣿⣿⣿⣿⣿⣿⣶⣦⣄⠀⠀⠀⠀⠀⠀⠀⠀⠀⣿
⣿⣿⣿⣿⣿⣿⣿⣿⣿⣿⣿⣿⣿⣿⣿⣿⣿⣿⡧⠀⠀⠀⠀⠀⠀⠀⠀⣿
⣿⣿⣿⣿⣿⣿⣿⣿⣿⣿⣿⣿⣿⠟⠻⣟⣛⣋⠁⠀⠀⠀⠀⠀⠀⠀⠀⡿
⠘⢿⣿⣿⣿⣿⣿⣿⣿⣿⣵⣯⢫⡝⢫⡝⡽⠊⠋⠀⠀⠀⠀⠀⠀⠀⡰⠃
⠀⠀⠙⠿⣿⣿⣿⣿⣿⣿⡿⣿⢷⢾⢃⠘⡁⢀⠀⠀⠀⠀⠀⣀⠤⠊
⠀⠀⠀⠀⠀⠉⠙⠛⠻⠿⠿⢿⣷⣾⣀⣀⣀⠁⠠⠤⠐⠂⠉
⠀⠀⠀⠠⠐⡻⢍⡀
⠀⠀⢀⣀⣾⣽⣦⣚⠿⠲⠄⣀⠀⢀
⡴⠿⣿⠿⡿⢻⡟⠙⣟⠲⢆⡉⣿⠉
⠑⠴⢿⣿⣿⣿⠿⠟⠃⠀⠀⠝⠸⠂
⠀⠀⠀⠀⠀⢀⡀⡴⢋⣖⠉
⠀⠀⠀⠀⠀⢸⣀⣪⣶⡉⠭⢂⢤⣄⡀
⠀⠀⠀⢀⣠⣤⣭⣭⣮⣽⣒⣫⣥⠛⠙⠳⠦⢤⣀⠀⠀⣀
⢠⢔⣫⣿⣿⣿⣿⣿⠿⣷⡿⠙⢿⡿⠦⢶⡄⠈⠸⣷⠚⠉
⢿⡈⠉⢻⣃⣄⣾⣭⡬⢷⣦⣶⢆⡟⠀⠈⠙⠳⣤⠻⡄
⠀⠙⠺⠽⢷⣷⣶⣾⣿⡿⠯⠗⠋⠀⠀⠀⠀⠐⠋⠰⠟
⠀⠀⠀⠀⠀⠀⠀⠀⡠⣠⠞⣣⠖⠉
⠀⠀⠀⠀⠀⠀⠈⠺⠁⡡⢄⠙⠿⠤⣀
⠀⠀⠀⠀⠀⠀⠀⠣⣤⣶⠻⣦⣔⠋⣠⡎⣷⣶⣤⡀
⠀⠀⠀⠀⢀⣠⣤⡴⠤⠶⣶⣶⣭⣉⣡⣴⡚⠁⠈⠉⠷⠒⢤⣀⠀⠀⠀⣀
⠀⣠⠖⣫⣽⣶⣾⣿⣿⣿⣿⣷⣶⡭⠙⢿⣿⢷⣤⣤⣄⠀⠉⠩⣷⡶⠛⠋
⣾⠁⠚⠛⣿⡟⠉⠉⣿⠿⠁⢶⣭⠅⣀⣀⢹⡆⠀⠈⠻⣦⣄⠠⢽⡇
⠙⢦⡀⣤⣼⡧⢿⢖⢻⠺⣟⣋⣿⣿⡿⢋⡾⠁⠀⠀⠀⠀⠙⣿⡐⣽⡆
⠀⠀⠉⠒⠮⠵⣿⣻⣿⣿⣿⡿⠯⠕⠚⠁⠀⠀⠀⠀⠀⠀⠘⠂⠐⠓⠁
⠀⠀⠀⠀⢀⣠⡴⢦⣄⡀
⠀⠀⠀⠶⣏⡁⠰⠆⢈⣹⡶
⠀⠀⠀⠀⠈⠙⠳⠞⠋⠁
⠀⠀⠀⠀⠀⠀⠀⠀⢀⣠⣴⣦⣄⡀
⠀⠀⠀⠀⢀⣠⣴⠾⠛⠉⢀⣀⠉⠛⠷⣦⣄⡀
⠀⠀⠀⠀⠈⠙⠻⢶⣤⣀⠉⠉⣀⣤⡶⠟⠋⠁
⠀⠀⠀⠀⠀⠀⠀⠀⠈⠙⠻⠟⠋⠁
⠀⠀⠀⠀⠀⠀⠀⠀⠀⠀⠀⢀⣠⣤⣦⣄⡀
⠀⠀⠀⠀⠀⠀⠀⢀⣠⣴⣾⠿⠛⠉⠉⠛⠿⣷⣦⣄⡀
⠀⠀⠀⠀⠀⠰⢾⣿⣿⣉⠀⠀⠰⢾⡷⠆⠀⠀⣉⣿⣿⡷⠆
⠀⠀⠀⠀⠀⠀⠀⠈⠙⠻⢿⣶⣤⣀⣀⣤⣶⡿⠟⠋⠁
⠀⠀⠀⠀⠀⠀⠀⠀⠀⠀⠀⠈⠙⠻⠟⠋⠁
⠀⣀⡴⠖⠿⣍⡀⢀⣩⢷⠲⢤⡀
⢸⣿⢰⡟⠙⡆⢹⡏⠴⠯⣤⠈⣿⡆
⢈⠻⣷⣽⡛⠃⣾⣇⠐⣚⣥⡾⠟⣀
⠀⠀⠢⠌⠅⢘⣛⢛⢀⠨⠡⠄⠉
⠀⠀⠀⣀⣤⡶⣶⣟⠛⠁⠀⠀⠙⢛⣳⣶⢦⣄⡀
⠀⣴⣿⠟⢁⣤⣤⣍⠛⠶⣦⣶⠾⣛⣭⠶⠀⠈⢻⣷⡄
⢸⣿⣿⠀⣿⡏⠀⢹⣷⠀⣿⣿⠀⡿⠗⢿⣷⠄⢠⣿⣿
⠀⠻⣿⣷⣌⡻⠿⠿⠋⢀⣿⣿⠀⠠⠶⠛⣁⣴⣿⡿⠋
⠐⠂⠀⢙⠛⠿⠿⠂⢀⣼⣿⣿⣆⠀⠺⡿⠿⠛⠉⣠⡐⠖
⠀⠀⠀⠉⠚⠂⠦⠂⠀⣤⣭⢡⣄⢠⠠⠴⠘⠓
⠀⠀⠀⠀⢀⣠⣤⣶⣶⡟⠛⠛⠀⠀⠀⠘⠛⢛⣲⣶⣦⣤⣀
⠀⢀⣴⣾⡿⠋⢁⣀⣉⡛⠿⢶⣤⣀⣤⣴⡾⠟⣋⣭⡄⠈⠛⢿⣶⣄
⢀⣿⣿⡟⠀⣼⣿⠛⠙⢻⣷⡀⢸⣿⣿⠁⢰⣿⣯⣥⣤⣄⠀⠈⣿⣿⣧
⠀⢿⣿⣿⣄⠹⣿⣤⣠⣼⣿⠇⢸⣿⣿⠀⠈⠉⢀⣼⡿⠏⢀⣴⣿⣿⡟
⠀⠀⠙⠿⣿⣷⣮⣍⣛⡋⠁⠀⣸⣿⣿⡀⠀⠙⣋⣩⣤⣶⣿⣿⠟⠋⢀
⠘⠩⠀⠀⣀⡉⠛⠻⠿⠁⠀⣴⣿⣿⣿⣷⣄⠀⠙⠿⠛⠋⠉⠀⢤⣦⠉⠋
⠀⠀⠀⠈⠀⠚⠋⠰⠖⠂⠀⣠⣤⣤⢀⣤⡀⢦⠰⠶⠆⠙⠒
⠀⢤⣠⣥⣤⣤⡄⠀⣤⣤⣬⣄⡤
⠀⠀⠀⠂⠒⠂⠈⠩⠀⠐⠐
⠀⠀⠀⠀⢸⠉⠉⠉⠉⠉⠭⠭⠉⠉⠉⠉⠉⡇
⠀⠈⣻⣤⡾⢿⣿⢿⣶⠿⠗⠀⠺⣿⡿⣿⡿⢷⣤⣟⠁
⠈⠁⠀⠀⢸⠈⡤⣴⡌⡀⠚⠛⡃⡁⢴⠤⠁⡇⠀⠀⠈⠁
⠀⠀⠀⠀⠀⠑⠢⠥⣐⣃⣃⣃⣉⣈⠠⠔⠊
⠀⠀⠀⠀⠀⢰⡏⠉⠉⠉⠉⠉⠉⣭⣭⡉⠉⠉⠉⠉⠉⢹
⠀⠀⠒⡶⣀⣬⣷⣶⣿⣶⣦⣴⣶⡄⠀⢠⣶⣷⣶⣿⣶⣾⣤⣀⢶⠒
⠠⠤⠖⠞⠛⢋⡍⠿⠛⠘⠻⠉⠉⣠⣤⣄⡩⠟⠃⠛⠿⢩⡙⠛⠳⠲⠤⠄
⠀⠀⠀⠀⠀⠘⣇⠐⢚⡿⠖⢠⠄⡄⣀⢤⡐⣔⠫⠟⠂⣸⠂
⠀⠀⠀⠀⠀⠀⠈⠙⠲⠤⢄⣉⣘⣃⣘⣈⣀⡨⠥⠖⠋⠁
⠀⢀⡠⢖⣊⣉⣉⠉⠉⣱⣦⣄⡀
⣰⠋⠀⠉⢉⣻⣿⢏⣴⣿⣿⣿⣿⣆
⣏⠀⠨⢋⡟⠿⣡⢾⣿⣿⣿⢿⣿⣿
⠹⣄⠀⠀⢀⣴⣇⣿⡗⢬⣹⣿⣿⠏
⠀⠈⠑⠦⠾⣿⣿⣿⣿⠿⠟⠋⠁
⠀⠀⠀⠀⣀⡤⠴⠒⠛⠉⠉⠉⠉⠛⠒⢦⣤⣀
⠀⢀⡴⠚⢁⠤⠶⠶⣶⣶⣶⣤⠀⠀⣴⣿⣿⣿⣕⢦⡀
⢠⡞⠀⠀⠀⠀⠐⢒⣚⣿⣿⠛⢠⣾⣿⣿⣿⣿⣿⣷⣳⡄
⣾⠀⠀⠠⢒⡒⣫⢏⣏⡟⠀⣰⣿⣿⣿⣿⣿⣿⣿⣿⣇⣷
⢿⠀⠀⠐⠋⠀⡖⠁⠚⢀⠞⣫⣽⢛⢶⡺⢯⣝⣻⣿⡏⡿
⠘⢧⠀⠀⠀⠀⠀⠀⣰⣿⡘⢿⡟⠷⢠⡍⣹⡿⢿⡟⡽⠃
⠀⠈⠳⢄⡀⠀⢀⣾⣿⣿⣿⣷⣾⣥⣬⣭⣷⢾⡫⠞⠁
⠀⠀⠀⠀⠉⠓⠻⠿⣿⣿⣿⣿⣿⣿⠿⠟⠛⠉
⠀⠀⠀⠀⠀⠀⣀⣤⠴⠖⠚⠛⠉⠉⠉⠉⠛⠓⠲⠦⣤⣀
⠀⠀⠀⣠⠴⠋⠁⣀⣀⣀⣀⣀⣀⣀⣀⠀⠀⠀⢠⣾⣿⣮⣝⠦⣄
⠀⢠⡞⡁⠀⠘⠊⠉⣉⣉⣉⣿⣿⣿⣻⠇⠀⣴⣿⣿⣿⣿⣿⣷⣌⢷⡄
⢠⡟⡌⠀⠀⠀⠀⠀⣀⣠⣤⣾⣽⢾⠉⢠⣾⣿⣿⣿⣿⣿⣿⣿⣿⣧⢻⡄
⣿⢰⠀⠀⠐⠚⡩⡛⡥⢊⢿⣸⠛⠀⣴⣿⣿⣿⣿⣿⣿⣿⣿⣿⣿⣿⡆⣷
⣿⠸⠀⠀⠰⠛⠁⢰⡗⠁⠸⠇⢠⡾⢛⣩⡭⢗⣒⡺⣭⣍⡛⢿⣿⣿⠇⡿
⠘⣧⢃⠀⠀⠀⠀⠈⠀⠀⠀⣴⣟⢰⣿⣿⣷⡍⠐⠒⠲⣿⣿⣿⣿⡟⣼⠃
⠀⠘⢧⡁⠀⠀⠀⠀⠀⢠⣾⣿⣿⣦⣝⡛⠮⠅⠸⠭⠴⢛⣫⡴⢋⡾⠃
⠀⠀⠀⠙⠲⣄⡀⠀⣴⣿⣿⣿⣿⣿⣿⣿⣿⣿⣿⣿⡿⢟⣫⠖⠋
⠀⠀⠀⠀⠀⠀⠉⠛⠺⠭⢿⣿⣿⣿⣿⣿⣿⡿⠽⠗⠚⠉
⠀⠀⠀⠀⠀⠀⠶⠶⠀⠀⠠⡀
⠛⠚⢾⣿⣿⣿⣿⣾⣿⣿⣿⣼⣤⣤
⠀⠀⠀⠙⠿⣯⣼⣴⣿⠿⠟⠁
⠀⠀⠀⠀⠀⡀⠄⠂⠀⢠⣆⣤⡂⠀⠀⠂⠄⡀
⣤⢤⣤⣄⣾⣄⡤⣠⡤⣤⣤⣤⣥⣤⡤⣤⣤⠈⠆
⠀⠀⠀⠈⢿⣾⣿⣿⣿⠿⣿⠿⢷⣿⣿⣿⣿⣶⠛⠒⠒⠒
⠀⠀⠀⠀⠀⠉⠛⠿⢧⣤⣼⣴⣯⣯⠿⠟⠋⠁
⠀⠀⠀⠀⠀⠀⠀⣀⠤⠐⠂⠈⣭⡭⣩⠭⠉⠀⠒⠠⢄⡀
⢀⣀⡀⣀⡀⣰⣊⢀⣀⢀⣀⡀⣛⣋⢈⣛⡀⣀⣀⢀⡀⡈⠲⡀
⠟⠋⠟⠻⢳⣿⣟⣾⣏⣾⣻⣵⣿⣏⣻⣾⣳⣟⣯⣾⣻⣃⣀⣓⣀⣀⣀⣀
⠀⠀⠀⠀⠀⠙⢿⣿⣿⣿⣿⠛⡛⢟⡛⢛⣿⣿⣿⣿⣿⣿⠿⠉⠉⠉⠉⠁
⠀⠀⠀⠀⠀⠀⠀⠉⠛⠻⠿⢦⣵⣯⣴⣯⣽⠦⠿⠛⠋⠁
⠀⢀⡤⠖⣚⣩⡭⠿⠯⣗⠲⢤⡀
⣰⠋⠰⣿⣙⢿⡬⠁⢦⣄⠀⣴⠙⣆
⠹⣄⢀⡀⢸⣏⠛⣶⠀⢙⡚⠁⣠⠏
⠀⠈⠓⠯⢭⣉⣛⣓⣚⡭⠴⠚⠁
⠀⠀⠀⢀⣠⡤⠶⠒⢚⣛⣛⣛⣛⣓⡒⠶⢤⣄⡀
⠀⣠⡶⠋⢁⣤⠴⢶⣿⡿⠦⣤⠀⠈⠙⠋⠀⠈⠙⢶⣄
⢰⡏⠀⠀⠻⣿⣤⣈⣻⣿⠦⠀⠙⢿⣦⡀⠀⢸⣿⠀⢹⡆
⠸⣇⠀⠀⠀⠀⢈⣾⡟⠛⢷⣦⡄⠀⠙⢿⠶⠛⠁⠀⣸⠇
⠀⠙⠷⣄⡒⠶⢤⣽⠿⣦⣴⣟⣃⣀⣠⠶⠂⢀⣠⠾⠋
⠀⠀⠀⠈⠙⠓⠶⠤⢤⣤⣬⣭⣭⡤⠤⠶⠚⠋⠁
⠀⠀⠀⠀⠀⢀⣠⡤⠴⠶⠒⠚⣛⣛⣛⣛⣓⡒⠶⠦⢤⣄⡀
⠀⠀⣠⡴⠞⠉⢁⣀⣤⣤⣾⣿⣯⣍⣀⡀⠉⠉⠛⠖⠀⠈⠉⠳⢦⣄
⢀⣾⠋⠀⠀⢴⣿⣏⠀⠘⢿⣿⣤⣀⠉⠡⣴⣤⡀⠀⠀⠀⢠⣶⡆⠙⣷⡀
⢸⣏⠀⠀⠀⠀⠙⠛⠻⣳⣴⢿⣯⣅⡀⠀⠀⠙⢿⣶⣀⣠⣾⠟⠀⠀⣹⡇
⠈⢿⣄⠀⠀⠀⠀⠀⠰⣿⣿⡀⠉⠛⣿⣷⠀⠀⠀⠙⢛⠉⠀⠀⠀⣠⡿⠁
⠀⠀⠙⠳⢦⣉⡛⠓⠶⠾⠟⠿⢶⣼⣟⣁⣠⡤⠴⠛⠉⢀⣀⡴⠞⠋
⠀⠀⠀⠀⠀⠈⠙⠛⠲⠶⠤⠤⣤⣤⣤⣤⠤⠤⠶⠖⠚⠋⠁
⠀⣀⡤⠖⣻⠟⠋⣙⢻⣟⠲⢤⣀
⣼⠃⠀⠀⣿⢶⣄⠉⢻⣷⣶⣶⣼⣧
⢻⡀⠀⠀⣿⢢⢲⢒⣿⣄⠀⠀⢠⡟
⠀⠉⠓⠦⣽⣬⣼⣶⣼⣧⠴⠚⠉
⠀⠀⠀⣀⣠⡴⠖⣚⣛⠿⠿⠿⠿⢛⣓⠶⢦⣄⣀
⠀⣤⠞⠋⠀⠀⢸⣿⡁⠀⠐⠿⣶⣼⣿⡆⠀⠀⠙⢷⣤
⣾⡏⠀⠀⠀⠀⢸⡿⠻⣶⣄⠀⠈⢻⣿⣿⣿⣿⣿⣿⣿⣷
⢿⣇⠀⠀⠀⠀⢸⡷⢔⡠⣤⡄⢲⣿⠀⠀⠀⠀⠀⠀⣸⡿
⠀⠛⢦⣄⠀⠀⢸⡇⢸⡇⣟⣀⠋⣻⣿⠇⠀⠀⣠⡾⠛
⠀⠀⠀⠈⠙⠲⠦⢭⣤⣶⣛⣛⣷⣭⡥⠶⠞⠋⠁
⠀⠀⠀⠀⠀⣀⣤⡤⠶⠖⣚⣛⣛⠛⠛⣛⡛⣓⠲⠶⢤⣤⣀
⠀⢀⣤⡾⠛⠉⠀⠀⢸⣿⠋⠀⠀⠰⢶⣶⣄⣿⣿⡆⠀⠀⠉⠻⢷⣤⡀
⣠⣿⠋⠀⠀⠀⠀⠀⢸⣿⣷⣦⣀⠀⠀⠙⠻⣿⣿⣧⣤⣤⣤⣤⣤⣽⣿⣄
⣿⡇⠀⠀⠀⠀⠀⠀⢸⣿⠀⡙⠛⠃⠀⢀⣀⣾⠛⠛⠛⠛⠛⠛⠛⠛⣻⣿
⠙⣿⣄⠀⠀⠀⠀⠀⢸⣿⠉⣭⠉⣿⠏⢩⣿⣿⣀⡀⠀⠀⠀⠀⠀⣠⣿⠋
⠀⠈⠛⠷⣤⣀⠀⠀⢸⣿⠀⠿⠀⣯⣤⡁⢈⣿⣿⠇⠀⠀⣀⣤⠾⠛⠁
⠀⠀⠀⠀⠀⠉⠛⠓⠶⠮⢭⣬⣭⣭⣭⣭⣭⡭⠴⠶⠚⠛⠉
⠠⣶⣤⣤⣴⣶⣾⣷⣶⣦⣤⡴⠒
⠀⢈⣿⣿⣿⣿⣟⣫⠽⠋⠁
⢴⣿⣿⣿⡭⠓⠉
⠀⠉⠙⠁
⠀⢠⣤⣀⣀⣀⣀⣠⣤⣴⣾⣷⣦⣤⣄⣀⣀⣀⣀⣤⠄
⠀⠛⢿⣿⣿⣿⣿⣿⣿⣿⣿⣿⣿⣿⣿⣿⡿⠟⠉
⠀⠀⠈⣿⣿⣿⣿⣿⣿⣿⠿⠫⣁⡦⠟⠉
⠀⢀⣴⣿⣿⣿⣿⡟⣟⢳⡶⠞⠉⠀⠂
⢾⣿⣿⣿⣿⣭⣲⡥⠛⠁⠂
⠀⠙⠻⢿⡿⠛⠁⠀⠈
⠀⠀⣠⣀⣀⣀⣀⣀⣀⣀⣠⣤⣶⣾⣷⣦⣤⣄⣀⣀⣀⣀⣀⣀⣀⣄
⠀⠺⢿⣿⣿⣿⣿⣿⣿⣿⣿⣿⣿⣿⣿⣿⣿⣿⣿⣿⣿⣿⠿⠛⠁⠀⠐
⠀⠀⠀⠹⣿⣿⣿⣿⣿⣿⣿⣿⣿⣿⡿⠏⢩⣉⡿⠟⠋⠁⠀⠀⠄
⠀⠀⠀⣰⣿⣿⣿⣿⣿⣿⣿⣿⣩⣀⣨⡽⠚⢉⡀⠂⠀⠀⠀⠀⢀
⢀⣤⣾⣿⣿⣿⣿⣟⠻⠧⢻⣦⠟⠋⢁⠄⠀⠈⠀⠀⠀⠀⠀⠀⠀⠁
⠙⢿⣿⣿⣿⣿⣶⣮⡽⠛⢉⠠⠈⠁⠀⠀⠀⠀⠀⠀⠀⠀⠀⠀⠀⠀⠀⠈
⠀⠀⠉⠛⠿⠿⠋⠁⠀⠀⠈
⡇⣴⣯⣗⢛⣖⢠⡶⣴⣿⣗⣛⣶⢸
⢣⠸⠛⠿⠖⠛⢸⠇⠸⡛⠿⠶⠛⡜
⠀⠑⢶⣲⢾⣿⣿⣿⣷⡷⣲⡶⠊
⠀⠀⠀⠈⠙⠻⢯⡭⠗⠋⠁
⡏⠀⣤⣶⣛⠤⠴⢶⣤⠄⣀⣤⡄⣠⣴⣒⡦⠴⠶⣤⠤⢹
⣇⠈⢛⣛⣻⡿⠆⠸⣿⠖⢺⣿⠈⢛⣛⣛⣿⠖⠚⣿⡦⣸
⠘⡄⠻⠉⠙⢛⠛⡋⠉⠀⢸⡛⠀⠻⢉⡙⡛⠻⠛⠉⢡⠃
⠀⠈⠢⣤⣤⢖⣒⣒⣶⣩⣿⣩⣟⣷⣖⣒⠤⣤⣤⠔⠁
⠀⠀⠀⠈⠙⠳⣤⣖⣚⣳⣟⣾⣷⣛⣒⣴⠞⠋⠁
⠀⠀⠀⠀⠀⠀⠀⠉⠙⠳⢦⡴⠖⠛⠉
⡏⠉⠉⣭⣭⠿⣯⣉⣽⣯⣍⣉⠉⢉⣉⣉⠉⣩⣭⠭⢭⣍⣭⣯⣍⣉⡉⢹
⣇⠀⢾⣿⣿⣿⣷⣤⠀⢸⣿⣅⡀⣿⣷⠭⢴⣿⣿⣿⣷⣦⡤⣤⣿⣧⡀⢸
⢻⠀⣀⣴⣶⣶⣟⣋⣀⣈⣿⡟⠁⢸⣿⠀⢀⣴⣶⣶⣾⣛⣁⣀⣹⣿⠁⡟
⠈⢧⠉⠒⠀⠈⠉⢛⢛⣉⠀⠀⠀⣸⣉⠀⠈⠓⣂⡈⢉⠛⠛⠉⠀⠁⡼⠁
⠀⠀⠳⣄⣤⡤⠤⠤⠤⠶⣶⡞⣩⣟⣉⣽⣓⣲⠶⠤⠤⠤⢤⣤⣠⠞
⠀⠀⠀⠈⠓⢝⣦⣙⠛⣫⣭⣿⣭⣿⣭⣿⣭⣯⣍⡉⣁⣴⡫⠚⠁
⠀⠀⠀⠀⠀⠀⠈⠚⠿⣦⣴⡶⠞⠓⠛⠚⣓⣦⣴⠿⠓⠁
⠀⠀⠀⠀⠀⠀⠀⠀⠀⠀⠉⠛⠿⢶⡶⠿⠛⠉
⠀⠀⠀⠀⠀⣠⣾⣷⣄
⠀⠀⢀⣤⠾⠟⠉⡉⠙⠳⣤⡀
⣀⣴⣿⠁⢰⣾⣿⣿⣷⡄⢸⣿⣦⣀
⠉⠻⣿⣇⠸⡿⠁⠘⢿⠃⣼⣿⠟⠉
⠀⠀⠈⠛⢷⣀⣾⣧⣀⡾⠛⠁
⠀⠀⠀⠀⠀⠙⢿⡿⠋
⠀⠀⠀⠀⠀⠀⠀⠀⠀⡠⣪⣗⢄
⠀⠀⠀⠀⠀⠀⢀⢔⣯⣾⠿⠿⣷⣽⡢⡀
⠀⠀⠀⠀⡠⣺⠵⠿⢏⡀⠀⣀⠀⠀⠙⠪⣶⢄
⠀⢀⢴⣪⣾⠁⠀⣤⣴⣿⣿⣿⣿⣷⡄⠀⢹⣷⣕⡦⡀
⠶⡱⣿⣿⣿⡀⠀⣿⣿⣿⠟⠻⣿⣿⣿⠀⢸⣿⣿⣿⢎⠆
⠀⠈⠺⢝⢿⣷⡀⠹⡟⠁⠀⠀⠘⢿⠃⢠⣿⡿⡫⠟⠁
⠀⠀⠀⠀⠑⢿⡻⣄⠀⢠⣾⣧⡀⠀⣠⢟⠽⠊
⠀⠀⠀⠀⠀⠀⠈⠪⣗⢿⣿⣿⡿⣺⠕⠁
⠀⠀⠀⠀⠀⠀⠀⠀⠀⠑⢽⡯⠊
⠀⠀⠀⠀⠀⠀⠀⠀⠀⠀⠀⢀⡠⣚⡓⢄
⠀⠀⠀⠀⠀⠀⠀⠀⠀⣀⢔⣫⣾⣿⣿⣷⣝⡢⣀
⠀⠀⠀⠀⠀⠀⢀⡤⣊⣵⣿⠟⠉⠉⠉⠉⠙⠛⢮⣓⢄⡀
⠀⠀⠀⠀⣠⢔⡭⠞⠋⠉⠛⢤⣤⣤⣤⣤⣀⠀⠀⠈⢳⣍⡢⣀
⠀⢀⡤⣪⣵⣿⠁⠀⠀⣴⣶⣿⣿⣿⣿⣿⣿⣷⡄⠀⠀⣿⣿⣮⣑⢤⡀
⠰⣁⢾⣿⣿⣿⡇⠀⠘⣿⣿⣿⣿⠏⠻⣿⣿⣿⣿⠀⠀⣿⣿⣿⣿⡷⣉⠆
⠀⠈⠓⢝⡻⣿⣿⡄⠀⢻⣿⠟⠁⠀⠀⠈⢿⣿⠇⠀⣰⣿⣿⢟⡩⠊⠁
⠀⠀⠀⠀⠙⠪⣙⢿⣦⠀⠁⠀⠀⣠⣄⠀⠀⠉⢀⣴⡿⣫⠕⠉
⠀⠀⠀⠀⠀⠀⠈⠑⢭⡳⣄⣠⣾⣿⣿⣷⣄⣠⢞⡭⠊⠁
⠀⠀⠀⠀⠀⠀⠀⠀⠀⠉⠪⣝⢿⣿⣿⡿⣫⠔⠉
⠀⠀⠀⠀⠀⠀⠀⠀⠀⠀⠀⠈⠑⢬⡵⠊
⣶⣶⣿⣿⣿⣿⣿⣿⣿⣿⣿⣿⣶⣶
⣿⣿⣿⣿⣿⣟⠁⠴⡶⠀⢻⣿⣿⣿
⠹⣿⡟⠋⠉⠉⠉⠃⢲⣿⣿⣿⣿⠏
⠀⠙⢿⣦⠀⠀⢘⣿⣿⣿⣿⡿⠋
⠀⠀⠀⠈⠓⠦⢄⣩⠿⠛⠁
⣴⣶⣶⣶⣶⣿⣿⣿⣿⣿⣿⣿⣿⣿⣿⣿⣿⣶⣶⣶⣶⣦
⣿⣿⣿⣿⣿⣿⣿⣿⣿⣿⠋⠉⣛⡋⠉⠛⣿⣿⣿⣿⣿⣿
⢿⣿⣿⣿⣿⣿⣿⣿⣿⣁⣀⠙⠟⠟⢃⣀⣨⣿⣿⣿⣿⡿
⠘⣿⣿⡟⠛⠋⠁⠀⠀⠀⠉⠉⠐⣶⣿⣿⣿⣿⣿⣿⣿⠃
⠀⠈⠻⣿⣷⣄⠀⠀⠀⠀⠴⣶⣶⣿⣿⣿⣿⣿⣿⠟⠁
⠀⠀⠀⠈⠛⢿⣄⡀⠀⠐⠲⢿⣿⣿⣿⣿⡿⠛⠁
⠀⠀⠀⠀⠀⠀⠈⠙⠓⠶⢤⡤⠼⠛⠋⠁
⣤⣤⣴⣶⣶⣶⣶⣾⣿⣿⣟⣟⣟⣻⣟⣻⣛⣟⣟⣿⣷⣶⣶⣶⣶⣦⣤⣤
⣿⣿⣿⣿⣿⣿⣿⣿⣿⣿⣿⣿⣿⠿⠿⠿⠿⠿⠿⢿⣿⣿⣿⣿⣿⣿⣿⣿
⣿⣿⣿⣿⣿⣿⣿⣿⣿⣿⣿⡿⠃⠀⢠⣴⣶⣤⡄⠀⠻⣿⣿⣿⣿⣿⣿⣿
⢻⣿⣿⣿⣿⣿⣿⣿⣿⣿⣿⡦⣤⣄⡈⠉⠉⠋⣀⣤⣤⣾⣿⣿⣿⣿⣿⡟
⠈⢿⣿⣿⡿⠛⠛⠉⠁⠀⠀⠀⠀⠈⠉⠉⢲⣾⣿⣿⣿⣿⣿⣿⣿⣿⡿⠁
⠀⠈⠻⣿⣿⣦⣄⠀⠀⠀⠀⠀⢀⣠⣤⣤⣴⣿⣿⣿⣿⣿⣿⣿⣿⠟⠁
⠀⠀⠀⠈⠻⣿⣿⣇⠀⠀⠀⠀⣀⣨⣽⣿⣿⣿⣿⣿⣿⣿⣿⠟⠁
⠀⠀⠀⠀⠀⠀⠙⠻⢶⣤⣀⠀⠀⠉⠛⠿⣿⣿⣿⡿⠟⠋
⠀⠀⠀⠀⠀⠀⠀⠀⠀⠈⠙⠛⠶⢦⡴⠶⠛⠋⠁
⢠⡶⡶⢾⣿⡿⡿⣿⢿⢿⣷⢶⣶⡄
⣿⣿⣾⣶⣾⣷⣶⣾⣾⣶⣶⣾⣿⣿
⠈⠿⣿⣿⣿⣿⣿⣿⣿⣿⣿⣿⠿⠁
⠀⠀⠈⠙⠻⠿⢿⡿⠿⠟⠋⠁
⠀⣤⣤⢰⣶⣶⣶⣿⣿⣿⣿⣿⣿⣿⣿⣶⣶⣶⡦⣤⣄
⣸⣿⡏⡾⢩⠹⡟⢻⣛⠻⠛⢟⡛⢻⠛⠿⡛⠏⢱⢹⣿⡆
⣿⣿⢸⣿⣿⣷⣷⣿⣿⣿⣿⣿⣿⣿⣿⣷⣿⣿⣾⡏⣿⣿
⠹⣿⡞⣿⣿⣿⣟⡿⣫⡿⡯⢽⢿⣝⢿⣿⣿⣿⣿⢻⣿⠏
⠀⠙⢿⣞⣿⣿⣷⣽⣿⣿⣿⣿⣿⣽⣿⣿⣿⡿⣱⡿⠋
⠀⠀⠀⠙⠻⢿⣿⣿⣿⣿⣿⣿⣿⣿⣿⣿⡿⠟⠋
⠀⠀⠀⠀⠀⠀⠈⠙⠻⠿⢿⡿⠿⢟⠋⠁
⠀⣀⣤⣤⢠⣶⣶⣶⣶⣾⣿⣿⣿⣿⣿⣿⣿⣿⣷⣶⣶⣶⣶⡤⣤⣤⡀
⢠⣿⣿⢇⣾⢋⠉⢿⠿⢿⡿⠿⣿⠿⡿⢿⠿⣿⠿⣿⡿⠿⡏⢳⠸⣿⣿⡄
⣾⣿⡟⢸⣥⣶⣦⣼⣦⣾⣯⣧⣴⣦⣼⣿⣤⣿⣤⣧⣼⣤⣧⣼⡇⢿⣿⣷
⢿⣿⣧⢸⣿⣿⣿⣿⣿⢿⡯⢿⣿⢻⢟⣿⡿⣽⡿⣿⣿⣿⣿⣿⣧⣾⣿⡟
⠈⢿⣿⣎⢿⣿⣿⣿⡇⣏⢾⣷⣹⣾⣵⣏⣿⣧⡽⣸⣿⣿⣿⡿⣰⣿⡟⠁
⠀⠀⠙⢿⣷⣝⢿⣿⣿⣾⣿⣿⣿⣿⣾⣿⣿⣿⣿⣿⣿⡿⣫⣾⠿⠋
⠀⠀⠀⠀⠈⠙⠻⢿⣿⣿⣿⣿⣿⣿⣿⣿⣿⣿⣿⣿⡿⠟⠋⠁
⠀⠀⠀⠀⠀⠀⠀⠀⠈⠉⠛⠻⠿⢿⡿⠿⠟⣛⠉⠁
⣶⠒⠛⠋⠉⠉⠉⠉⠉⠉⠙⠛⠒⣶
⣿⠀⠀⠀⠀⠀⠀⠀⠀⠀⠀⠀⠀⣿
⣿⠀⠀⠀⠀⠀⠀⠀⠀⠀⠀⠀⠀⣿
⣿⡀⣀⣀⡀⠀⠀⠀⠀⠀⡀⣀⢀⣿
⠈⠙⠛⠛⠿⠿⢽⡭⠿⠿⠛⠛⠋⠁
⡴⣶⠶⠖⠚⠛⠛⠛⠛⠛⠛⠛⠛⠛⠛⠛⠛⠓⠲⠶⣶⢦
⡇⡇⠀⠀⠀⠀⠀⠀⠀⠀⠀⠀⠀⠀⠀⠀⠀⠀⠀⠀⢸⢸
⡇⡇⠀⠀⠀⠀⠀⠀⠀⠀⠀⠀⠀⠀⠀⠀⠀⠀⠀⠀⢸⢸
⡇⡇⠀⠀⠀⠀⠀⠀⠀⠀⠀⠀⠀⠀⠀⠀⠀⠀⠀⠀⢸⢸
⡇⡇⠀⠀⠀⠀⠀⠀⠀⠀⠀⠀⠀⠀⠀⠀⠀⠀⠀⠀⢸⢸
⡇⡇⠀⠀⠀⠀⠀⠀⠀⠀⠀⠀⠀⠀⠀⠀⠀⠀⠀⠀⢸⢸
⠙⠽⣦⣍⣃⡓⠰⠢⢦⢤⢤⡄⢤⡴⠶⢆⠲⣘⣩⣴⠯⠋
⠀⠀⠀⠈⠉⠉⠛⠛⠓⠲⢶⡶⠖⠚⠛⠛⠉⠉⠁
⣤⢤⣶⣶⠶⠶⠾⠿⠿⠿⠟⠛⠛⠛⠛⠛⠛⠻⠿⠿⠿⠷⠶⠶⣶⣶⡤⣤
⣿⢸⠀⠀⠀⠀⠀⠀⠀⠀⠀⠀⠀⠀⠀⠀⠀⠀⠀⠀⠀⠀⠀⠀⠀⠀⡇⣿
⣿⢸⠀⠀⠀⠀⠀⠀⠀⠀⠀⠀⠀⠀⠀⠀⠀⠀⠀⠀⠀⠀⠀⠀⠀⠀⡇⣿
⣿⢸⠀⠀⠀⠀⠀⠀⠀⠀⠀⠀⠀⠀⠀⠀⠀⠀⠀⠀⠀⠀⠀⠀⠀⠀⡇⣿
⣿⢸⠀⠀⠀⠀⠀⠀⠀⠀⠀⠀⠀⠀⠀⠀⠀⠀⠀⠀⠀⠀⠀⠀⠀⠀⡇⣿
⣿⢸⠀⠀⠀⠀⠀⠀⠀⠀⠀⠀⠀⠀⠀⠀⠀⠀⠀⠀⠀⠀⠀⠀⠀⠀⡇⣿
⣿⢸⠀⠀⠀⠀⠀⠀⠀⠀⠀⠀⠀⠀⠀⠀⠀⠀⠀⠀⠀⠀⠀⠀⠀⠀⡇⣿
⢿⡸⣄⠀⠤⣦⢀⣀⢀⡀⠀⠀⠀⠀⠀⠀⠀⠀⢀⡀⣀⠀⣴⢤⠄⣠⢇⡿
⠀⠙⠺⠵⣶⣦⣭⣥⣛⣘⣋⠟⠞⠲⠇⠘⠾⣋⣃⣓⣬⣭⣵⣶⠮⠗⠋
⠀⠀⠀⠀⠀⠀⠈⠉⠉⠙⠛⠛⠻⢕⡪⠟⠛⠛⠋⠉⠉⠁
⠀⢀⣤⣶⣾⡿⠿⠿⢿⣷⣶⣤⡀
⣴⣿⡿⢿⣤⣤⣴⣦⣤⣤⡿⢿⣿⣧
⠻⣿⣿⣄⠀⠛⠿⠿⠛⠀⣠⣿⣿⠟
⠀⠈⠛⠿⢿⣷⣶⣶⣾⡿⠿⠛⠁
⠀⠀⠀⣀⣠⣤⣶⢶⣟⣟⣿⣿⣟⡿⣶⣶⣤⣄⣀
⢀⣴⣾⣯⣝⣶⠿⢛⠉⠉⢉⣉⠉⠉⡛⠷⣾⣿⣿⣷⣦⡀
⣾⣿⣿⣿⡛⢿⣷⣶⣿⣶⣿⣿⣶⣿⣶⣾⡿⢛⣿⣿⣿⣷
⢿⣿⣿⣿⣧⡀⠀⡠⠛⣿⣶⣶⣿⠛⢄⠀⢀⣼⣿⣿⣿⡿
⠈⠻⢿⣿⣿⣿⣦⣤⣀⣈⣙⣋⣁⣀⣤⣴⣿⣿⣿⡿⠟⠁
⠀⠀⠀⠉⠙⠻⠿⠿⣯⣿⣽⣿⣿⣿⠿⠿⠟⠋⠉
⠀⠀⠀⠀⢀⣀⣤⣴⡶⣶⡿⢿⢻⣟⣻⡿⣻⡿⣶⢶⣦⣤⣀⡀
⠀⢀⣴⣾⣟⠻⢯⣼⣿⠾⠟⠛⠛⠛⠛⠛⠛⠻⠿⣿⣤⣞⣿⣻⣷⣦⡀
⣰⣿⣿⣿⣟⣿⣯⣧⣤⣌⣒⣤⣴⣿⣿⣦⣤⣒⣡⣤⣼⣽⣿⣻⣿⣿⣿⣆
⣿⣿⣿⣽⣿⣶⠈⠛⠛⠛⣻⣯⣟⣿⣿⣻⣽⣟⠛⠛⠛⠁⣶⣿⣿⣿⣿⣿
⠹⣿⣿⣿⣿⣿⣦⣀⠠⠚⠁⠙⢿⣿⣿⡿⠋⠈⠓⠄⣀⣴⣿⣿⣿⣿⣿⠏
⠀⠈⠻⢿⣿⣿⣿⢿⢿⣶⣦⣤⣤⣬⣥⣤⣤⣴⣶⣿⣿⣿⣷⣿⡿⠟⠁
⠀⠀⠀⠀⠈⠉⠛⠻⠿⠿⣿⣾⣯⣽⣿⣿⣿⣿⠾⠿⠟⠛⠉⠁
⠀⠀⠀⠀⣀⣠⣤⣤⣄⣀
⠄⠀⠴⠿⠿⠛⠛⠿⠿⠟⣛⣆⠀⠠
⠂⠀⠳⣤⣴⣦⣤⣤⣤⣶⣾⠟⠀⠐
⠀⠀⠀⠀⠉⠉⠛⠛⠋⠉
⠀⠀⠀⢀⠠⢀⠀⠀⠀⠀⢀⠀⠀⠠⠀⢀⠀⠀⡀
⠀⡠⠊⠤⢂⣤⣶⣾⣿⣿⣿⣿⣿⣿⣿⣶⣬⡐⠤⠑⢄
⡎⠀⠀⠰⠿⠟⠛⣛⡛⠉⠛⠻⠿⠟⠛⢛⣉⣽⣆⠀⠀⢱
⢇⠀⠀⠹⣤⣭⣭⣥⣤⣤⣄⣀⣀⣠⣤⣤⣼⣿⠏⠀⠀⡸
⠀⠑⢄⠀⠈⠛⠿⢿⣿⣿⣿⣿⣿⣿⣿⠿⠛⠁⠀⡠⠊
⠀⠀⠀⠈⠐⠀⠀⠒⠀⠀⠎⠁⠀⠐⠂⠀⠀⠂⠁
⠀⠀⠀⠀⢀⣀⠤⠀⢒⣀⠠⠉⠭⠡⠬⠉⠉⢥⠀⢒⠀⠤⢀⡀
⠀⢀⡤⢊⣁⠦⢀⣩⣴⣶⣶⣿⣿⣿⣿⣿⣿⣶⣶⣦⣍⡂⠠⣈⡑⢤⡀
⣠⠋⠀⠀⢠⣾⣿⣿⣿⣿⠿⠿⠿⢿⣿⣿⣿⣿⣿⠿⠿⠿⠷⡄⠀⠀⠙⣄
⡇⠀⠀⠀⣭⠩⠥⠴⠶⠶⠖⠀⠀⠀⠀⠉⠉⠀⠀⠐⠚⢿⣿⣿⠀⠀⠀⢸
⠙⣄⠀⠀⠘⢿⣷⣶⣾⣿⣿⣷⣶⣶⣶⣶⣶⣶⣾⣿⣿⣿⡿⠃⠀⠀⣠⠋
⠀⠈⠓⢄⡀⠀⠈⠙⠻⠿⠿⣿⣿⣿⣿⣿⣿⠿⠿⠟⠋⠁⠀⢀⡠⠚⠁
⠀⠀⠀⠀⠈⠉⠒⠀⠤⠘⢐⣀⣐⣂⣐⣐⣂⡐⠁⠤⠀⠒⠉⠁
⠀⢀⣤⣶⡾⠯⠿⠻⠽⢷⡶⣤⡀
⣴⣿⡟⠁⠸⢧⣴⣿⢇⣴⠈⢻⣿⣦
⠻⣿⣧⡀⠈⣏⣿⢛⣷⠋⢀⣼⣯⠟
⠀⠈⠛⠿⢷⣶⣶⣶⣶⡾⠿⠛⠁
⠀⠀⠀⢀⣠⣤⡲⡒⣎⣻⣏⣻⣟⣓⡖⣲⣤⣄⡀
⠀⣠⣾⣿⣮⠟⠋⣭⣤⠀⠀⣤⣤⣌⠉⠙⠣⣾⣿⣷⣄
⣼⣿⣿⡟⠁⠀⠀⢸⠓⣶⣾⣿⡯⢀⣬⣟⠀⠈⢻⣿⣿⣧
⢻⣿⣻⣧⡀⠀⠀⢸⡋⢩⣽⠿⢿⣦⡼⠂⠀⢀⣼⣟⣿⡟
⠀⠙⢿⣿⣿⣦⣄⣈⠓⠚⠋⠀⠒⠛⣀⣠⣴⠿⣿⡿⠋
⠀⠀⠀⠈⠙⠛⠿⠯⢯⣽⣿⣿⣿⡿⠽⠿⠛⠋⠁
⠀⠀⠀⠀⠀⣀⣠⣤⠶⠲⣶⠛⣿⡏⢻⣿⡛⢲⡶⢲⣤⣄⣀
⠀⠀⣠⣶⣿⣥⣻⠭⠓⣛⣉⠉⠉⠉⣉⣉⣉⠉⠒⠛⠯⣉⣾⣿⣶⣄
⢠⣾⣿⣿⣿⠋⠁⠀⠀⢽⣯⣥⣀⣶⣿⣿⣛⠁⢒⣦⠄⠈⠙⣿⣿⣿⣷⡄
⢾⣿⣿⣿⡇⠀⠀⠀⠀⢸⣧⣼⡿⠿⣿⣿⣅⠘⢿⡓⠂⠀⠀⢸⣿⣿⣿⡷
⠘⢿⣧⣾⣿⣄⡀⠀⠀⠰⣇⠀⣺⣿⠛⠛⢻⣿⠉⠁⠀⢀⣠⣿⣿⣽⡿⠃
⠀⠀⠙⠿⣿⣟⡿⢶⣤⣤⣉⣉⣉⣁⣀⣉⣉⣉⣤⣤⡶⢿⣛⣿⠿⠋
⠀⠀⠀⠀⠀⠉⠙⠛⠶⠿⠾⣭⣯⣽⣽⣯⣿⠿⠾⠗⠛⠋⠉
⢀⣀⣠⡶⠦⢊⣉⣉⣁⠶⢦⣤⣀⡄
⠘⠛⢛⠀⣠⣼⡟⡛⣷⡀⠀⣙⠛⡉
⠀⣷⣿⢶⡙⡿⠿⡿⠿⡋⣴⣿⣿⡿
⠀⣨⣆⣮⣿⣁⡐⠷⣀⣙⣿⣿⣿⠇
⠀⠉⠛⠿⠟⠛⣛⡛⡛⠛⠛⠫⠉⠉
⠀⠀⠀⢀⣄⣶⣲⡐⠒⠂⠂⠒⠐⠀⢂⣆⣆⣔⡐⠀⠀⡀
⢨⣯⣭⣭⣭⠃⠀⠉⢨⣿⣿⣿⣿⣏⠈⠀⠐⢩⣭⣭⣭⠥
⠀⢀⠀⢀⡤⠀⢰⣾⣿⣿⣉⣍⣹⣿⣶⡀⠀⢠⣄⠀⣤⡄
⠀⣯⣦⣻⠾⣶⡬⠻⠽⢿⣿⣽⡿⣿⡏⠁⣶⣾⣿⣿⣿⡇
⠀⠈⠘⢌⠩⡈⢛⡾⠟⠀⢤⣶⡤⠀⠻⢶⣿⣟⣿⣿⣿
⠀⣒⣛⣳⣾⣿⢾⣷⣶⣶⣮⣀⣵⣶⣶⣶⣟⣿⣯⣭⣍⣀
⠀⠀⠀⠈⠰⠩⠭⠭⠭⠭⠩⠩⠩⠍⠭⠩⠩⠅⠆
⠀⠀⠀⠀⠄⡄⠠⠤⠢⠰⠆⠶⠆⠆⠶⠆⠆⠀⢆⡴⠠⠀⡄⢠
⠐⠶⠶⠶⠾⠾⢛⠋⠉⠓⠐⣶⣶⣶⣶⣶⣲⡆⠚⠉⠉⠭⠛⠓⠒⠒⠲⡃
⠘⠛⠛⠿⠿⠛⠀⠀⢀⣀⣠⣿⡿⡿⠿⣿⣟⣧⠀⠀⠀⠀⠛⠛⠛⠛⠛⠁
⠀⢀⡄⡀⢠⢶⠀⠀⣼⣿⣿⣿⣟⣐⣖⣀⣿⣿⣿⡆⠀⠀⢸⣶⣄⣰⣷⡄
⠀⢸⣝⣮⣻⡷⣷⣶⠬⠿⠧⣿⣿⣿⣬⣿⣿⣿⡇⠁⢰⣶⣽⣻⢫⣿⣿⡇
⠀⠈⠃⢭⡉⠓⡈⠽⡷⣴⣿⠄⢀⣀⣭⣀⡀⠀⣿⣦⢿⣿⣿⣿⣽⣿⡏
⠀⢀⣠⣔⣔⣩⣿⣥⣺⣏⣀⣀⣀⠛⠛⠻⣁⣀⣀⣭⣺⣾⣾⡿⠾⢿⠯
⠀⠡⠤⠴⢾⠿⣿⣿⣻⣿⣿⣿⣿⣷⣦⣾⣿⣿⣿⣿⣭⣤⠽⠿⢿⠓⠒⠖
⠀⠀⠀⠀⠄⠐⠒⠒⠲⠒⠰⠰⠶⠰⠄⠆⠶⠀⠶⠐⠆⠒⠂⠛⠸
⠀⢠⣰⢤⢆⠀⠀⠀⣠⣴⣤⣤⠄
⠀⠀⠛⢷⣤⣕⡢⣼⡿⡿⠋
⠀⠀⠐⠶⠾⢿⣏⣀⡭⢠
⠀⠀⠀⠀⠀⠀⣿⣽
⠸⠿⠟⠿⢷⣶⣿⣿⣷⡶⠿⠿⠿⠗
⠀⠀⢀⢀⡾⣀⣴⠀⠀⠀⠀⠀⠀⢀⣠⢤⣠⣤⣀⡀
⠀⠀⠈⣻⣷⣝⠧⠳⢄⣀⠀⢰⣴⣿⡿⣿⡿⠋⠉
⠀⠀⠀⠀⠉⠿⣿⣷⣶⣤⣕⠺⣿⠋⡾⠋
⠀⠀⠀⠐⠲⠶⣶⣾⣿⣿⠄⠁⢈⣭⣑⣢
⠀⠀⠀⠀⠀⠀⠀⠀⠀⢹⣏⡳⢇
⢀⣠⣄⣤⣄⣀⣀⠀⠀⣺⣿⣿⢷⠀⠀⣀⣀⣀⣠⣀⣀⡀
⠈⠛⠛⠚⠓⠓⠿⠯⣝⣿⣒⣖⣿⣿⠽⠿⠚⠓⠛⠚⠛⠁
⠀⠀⠀⡀⠀⡴⡄⢀⣴⠀⠀⠀⠀⠀⠀⠀⠀⠀⢀⣠⠄⣀⣀
⠀⠀⠀⠻⣤⣧⡙⢾⡘⢆⠀⠀⠀⠀⠀⡄⣠⣾⣫⣾⣿⣿⠶⠚⠋
⠀⠀⠀⠐⠾⠿⣿⣦⣍⣀⠉⠒⠤⣄⢘⣿⣿⡿⢫⣾⠟⠁
⠀⠀⠀⠀⠀⠀⠘⠻⠿⣿⣿⣷⡶⢬⣑⠽⣋⢡⠟⠁
⠀⠀⠀⠀⠐⠲⠶⣶⣶⣶⣿⣿⣍⠀⠀⠀⣈⣡⣁⣒⡄
⠀⠀⠀⠀⠀⠀⠀⠀⠀⠀⠀⠙⢷⡏⠷⣾⠁⠀⠈⠉
⠀⠀⠀⠀⠀⠀⠀⠀⠀⠀⠀⠐⣫⣭⣭⣭⡁
⠠⣴⢶⣶⠒⡶⢶⠤⣤⣄⣀⣠⡛⠟⠛⢋⡅⣀⣀⣤⡤⣴⡖⣶⢲⣶⣦⡄
⠀⠙⠙⠛⠉⠉⠉⠛⠓⠯⢽⣹⣿⣩⣏⣹⣽⠧⠽⠞⠓⠋⠉⠉⠋⠉⠋
⣿⣿⡋⠁⠉⠉⠁⢈⠉⠉⠈⢙⣿⣿
⣿⣿⠃⠀⠀⠀⠀⠀⠁⠀⠀⠘⣿⣿
⣏⠀⠄⠐⠀⠀⠀⠀⠀⠀⠀⠠⠀⣹
⣿⣷⣦⣄⣀⣀⡀⢀⣀⣀⣡⣴⣾⣿
⣿⣿⣿⠿⠛⡉⠉⠉⠉⠉⠉⢍⠉⠉⠉⠉⢉⠛⠿⣿⣿⣿
⣿⣿⣿⣷⠄⠁⠀⠀⠀⡔⠡⠌⢢⠀⠀⠀⠈⠠⣾⣿⣿⣿
⣿⣿⣿⠏⠀⠀⠀⠀⠀⠇⠀⠀⢘⠀⠀⠀⠀⠀⠹⣿⣿⣿
⡯⠍⠩⣄⠀⢰⠀⢄⠠⡀⢠⠀⡄⡅⣤⡄⡄⠀⣠⠅⠩⢽
⣿⣦⣁⠈⠑⠢⢄⣀⣀⠀⠀⠀⠀⣀⣀⡠⠔⠊⠁⣈⣴⣿
⣿⣿⣿⣿⣶⣦⣤⣤⣀⣈⣁⣈⣉⣀⣤⣤⣴⣶⣿⣿⣿⣿
⣿⣿⣿⣿⠿⠟⠋⡉⠉⠛⠛⠛⠉⢉⣍⠉⠛⠛⠛⠉⠉⠙⠻⠿⣿⣿⣿⣿
⣿⣿⣿⣿⣶⡄⠘⠠⠀⠄⠃⢀⡔⢁⣈⣢⣀⠘⠠⠀⠔⠃⢠⣶⣿⣿⣿⣿
⣿⣿⣿⣿⡟⠁⠀⠀⠀⠀⠀⢸⠀⠀⠀⠀⣿⠀⠀⠀⠀⠀⠈⢻⣿⣿⣿⣿
⡿⠿⠿⢻⠀⠀⠀⠀⠀⠀⠀⠈⠈⠀⠒⠀⠸⠀⠀⠀⠀⠀⠀⠀⡟⠿⠿⢿
⣿⡉⢀⠘⠧⣀⠀⠟⠀⠑⠂⠒⠀⠒⠀⠋⠐⠀⠒⠇⠰⠀⣀⠼⢃⡀⢉⣿
⣿⣿⣶⣄⡀⠨⢙⠒⠦⠤⢄⣀⣀⡀⢀⣀⣀⡠⠤⠴⠒⠋⠁⢂⣠⣴⣿⣿
⣿⣿⣿⣿⣿⣿⣶⣶⣤⣤⣤⣀⣐⣀⣀⣂⣀⣤⣤⣤⣶⣶⣿⣿⣿⣿⣿⣿
⣶⣶⣿⠀⠀⠀⢀⣠⣀⠀⠀⣿⣶⣶
⣿⣿⣿⠀⠴⠚⣉⠦⢄⡉⠂⣿⣿⣿
⣿⣿⣿⠀⠒⣉⠭⠖⠤⣌⠁⣿⣿⣿
⠙⢿⣿⠀⠘⠧⣀⣀⠀⠙⠁⣿⡿⠋
⠀⠀⠈⠐⠀⠀⠀⠀⠀⠀⠂⠁
⣴⣶⣶⣶⡎⠉⠉⠉⠉⠉⠉⠉⠉⠉⠉⠉⠉⢱⣶⣶⣶⣦
⣿⣿⣿⣿⡇⠀⠀⠀⢀⣠⣶⡿⠛⠷⣦⣄⡀⢸⣿⣿⣿⣿
⣿⣿⣿⣿⡇⠀⠴⠾⠛⢉⣩⣿⢶⣤⣀⠉⠁⢸⣿⣿⣿⣿
⣿⣿⣿⣿⡇⠀⣠⣴⡾⠟⢻⣦⣄⡈⠙⠓⠂⢸⣿⣿⣿⣿
⣿⣿⣿⣿⡇⠀⠈⣡⣶⠟⠋⠉⠉⠙⢷⣦⠀⢸⣿⣿⣿⣿
⠈⢿⣿⣿⡇⠀⠀⢿⣧⣀⠀⢀⣀⠀⠘⠛⠀⢸⣿⣿⡿⠁
⠀⠀⠈⠻⢧⡀⠀⠀⠈⠉⠉⠉⠉⠁⠀⠀⢀⡸⠟⠁
⠀⠀⠀⠀⠀⠈⠉⠒⠤⠄⣀⣀⠠⠤⠒⠉⠁
⣤⣤⣶⣶⣶⣶⠚⠉⠉⠉⠉⠉⠉⠉⠉⠉⠉⠉⠉⠉⠉⠓⢲⣶⣶⣶⣤⣤
⣿⣿⣿⣿⣿⣿⠀⠀⠀⠀⠀⠀⢀⣠⣴⡾⣶⣤⣀⠀⠀⠀⢸⣿⣿⣿⣿⣿
⣿⣿⣿⣿⣿⣿⠀⠀⢀⣠⣴⣾⠿⢿⣧⣄⠀⠉⠛⠿⠶⠀⢸⣿⣿⣿⣿⣿
⣿⣿⣿⣿⣿⣿⠀⠀⠛⠛⠉⣀⣤⣶⠿⠛⠿⣶⣤⣀⠀⠀⢸⣿⣿⣿⣿⣿
⣿⣿⣿⣿⣿⣿⠀⢀⣤⣶⡿⠟⠛⢻⣶⣤⣀⠀⠉⠛⠋⠀⢸⣿⣿⣿⣿⣿
⣿⣿⣿⣿⣿⣿⠀⠀⠉⢁⣴⣾⠿⠛⠋⠉⠙⠻⢷⣦⡀⠀⢸⣿⣿⣿⣿⣿
⠙⣿⣿⣿⣿⣿⠀⠀⠰⣿⣿⠁⠀⠀⠀⠀⠀⠀⠺⣿⠇⠀⢸⣿⣿⣿⣿⠋
⠀⠈⠛⢿⣿⣿⠀⠀⠀⠈⠛⠷⢶⣤⣶⠶⠶⠀⠀⠀⠀⠀⢸⣿⡿⠛⠁
⠀⠀⠀⠀⠈⠛⠦⣄⡀⠀⠀⠀⠀⠀⠀⠀⠀⠀⠀⢀⣠⠴⠚⠁
⠀⠀⠀⠀⠀⠀⠀⠀⠉⠑⠒⠤⢤⣀⣀⡤⠤⠒⠊⠉
⣿⠉⠉⢉⣉⡭⣭⣭⣭⣍⡉⢉⠉⣿
⣿⠀⠲⢿⣋⣉⣽⣿⣽⣿⣶⠟⠃⣿
⢿⡀⠀⠀⠛⡛⣋⣛⢿⠛⠁⠀⢀⡿
⠀⠉⠓⠒⠦⠥⣍⣩⠭⠴⠒⠚⠉
⣿⡏⠛⠛⠛⠛⠛⠛⢛⠛⢛⡛⠛⠛⠛⠛⠛⠛⠛⠛⢹⣿
⣿⡇⠀⠀⢀⣠⣦⣞⡏⠽⢳⣹⣿⣿⣿⡶⠒⠀⣄⠀⢸⣿
⣿⡇⠀⠐⡺⣿⠟⠉⠉⢉⣻⢧⣟⢘⣿⣻⢀⣿⡏⠃⢸⣿
⣿⡇⠀⠀⠁⠈⢘⣶⠾⣛⣟⣷⣼⣯⣿⣿⡿⠋⠀⠀⢸⣿
⢿⣇⠀⠀⠀⠀⠘⠛⠋⠉⠈⠙⠛⠿⠛⠁⠀⠀⠀⠀⣸⡿
⠀⠙⠷⢤⣄⣀⠀⠀⠛⠘⠛⠛⠓⠚⠃⠀⣀⣠⡤⠾⠋
⠀⠀⠀⠀⠈⠉⠙⠛⠒⠶⢤⡤⠶⠒⠛⠋⠉⠁
⣿⡟⠛⠛⠛⠛⠛⠛⠛⠛⠛⠛⠛⠛⠛⠛⠛⠛⠛⠛⠛⠛⠛⠛⠛⠛⢻⣿
⣿⡇⠀⠀⠀⠀⠀⣠⣄⡶⣯⢍⡿⣦⢙⣮⣿⣷⣖⣦⡴⠒⠀⡄⠀⠀⢸⣿
⣿⡇⠀⠀⠠⡠⣷⣿⡿⠗⠲⠒⠥⣽⣟⣹⠏⢽⣿⢿⡄⢐⣾⡏⠷⠀⢸⣿
⣿⡇⠀⠀⠀⠲⠙⠯⢤⣄⣠⣴⣾⣷⣭⠟⣶⠿⣿⣾⣷⣾⠻⠁⠀⠀⢸⣿
⣿⡇⠀⠀⠀⠀⠀⠀⡺⣿⢯⠭⢾⠣⣿⣿⣛⣿⣟⡟⠛⠉⠀⠀⠀⠀⢸⣿
⠹⣿⣄⠀⠀⠀⠀⠀⠈⠀⢀⠈⣀⣀⢀⢈⠙⣉⠉⠀⠀⠀⠀⠀⠀⣠⣿⠏
⠀⠈⠙⠻⠶⣤⣤⣀⣀⠀⠘⠀⠁⠋⠙⠘⠉⠙⠁⣀⣀⣤⣤⠶⠟⠋⠁
⠀⠀⠀⠀⠀⠀⠀⠉⠉⠙⠛⠳⠶⢦⡴⠶⠞⠛⠋⠉⠉
⣿⣿⣶⣿⣿⣶⣿⣿⣶⣿⣿⣶⣿⣿
⠀⣿⣯⢉⡉⠙⠻⠿⠛⠛⠿⣻⣿
⠀⣿⣿⡽⢷⣄⢶⣶⣆⣤⢜⣿⣿
⠀⣿⣿⣿⣿⣿⣿⣿⣿⣿⣿⣿⣿
⠀⠉⠛⠛⠿⠿⣿⣿⠿⠿⠛⠛⠉
⣿⣿⣿⣷⣾⣿⣿⣿⣶⣿⣿⣿⣿⣶⣿⣿⣿⣷⣾⣿⣿⣿
⠛⢻⣿⣿⠿⠿⠿⠿⢿⣿⣿⣿⣿⣿⣿⣿⣿⣿⣿⣿⡟⠛
⠀⢸⣿⣿⣇⣀⣤⠀⠀⠀⠉⠉⠉⠉⠉⠉⢙⣭⣿⣿⡇
⠀⢸⣿⣿⣷⡰⠶⣶⣦⡰⣶⣶⣶⠧⣠⣦⠌⣿⣿⣿⡇
⠀⢸⣿⣿⣿⣷⣶⣿⣿⣷⣾⣿⣿⣿⣿⣿⣾⣿⣿⣿⡇
⠀⠸⣿⣿⣿⣿⣿⣿⣿⣻⣿⣿⣿⣿⣿⣿⣿⣿⣿⣿⡇
⠀⠀⠀⠉⠉⠙⠛⠛⠿⠿⣿⣿⠿⠿⠛⠛⠋⠉⠉
⣯⣿⣿⣿⣷⣶⣿⣿⣿⣿⣷⣶⣿⣿⣿⣿⣶⣾⣿⣿⣿⣽⣶⣾⣿⣿⣿⢹
⣯⣿⣿⣿⣿⣾⣿⣽⣿⣮⣿⣿⣿⣿⣿⣿⣿⣿⣿⣿⣷⣽⣿⣿⣿⣿⣿⣼
⠀⠀⣿⣿⢸⡏⠉⠉⠉⠉⠙⠛⠿⣿⣿⣿⠿⠿⠿⠿⢿⣿⢿⡇⣿⣿
⠀⠀⣿⣿⢸⣧⣤⠴⣷⠀⠀⠀⠀⠀⠀⠀⠀⠀⠀⠀⢀⣩⣶⡇⣿⣿
⠀⠀⣿⣿⢸⣷⣄⡳⠶⣶⣦⡀⢶⣶⣶⣶⣿⠆⣀⣶⡤⢩⣿⡇⣿⣿
⠀⠀⣿⣿⣼⣿⣷⣤⣤⣾⣿⣿⣤⣿⣿⣿⣷⣾⣿⣿⣵⣾⣿⣧⣿⣿
⠀⠀⣿⣿⣿⣿⣿⣿⣿⣿⣿⣿⣿⣿⣿⣿⣿⣿⣿⣿⣿⣿⣿⣿⣿⣿
⠀⠀⠻⠽⣾⣷⣿⣿⣿⣿⣿⣷⣿⣾⣿⣿⣿⣿⣿⣿⣿⣷⣿⣷⠿⠟
⠀⠀⠀⠀⠀⠀⠈⠉⠙⠛⠻⠿⠿⣿⣿⠿⠿⠛⠛⠋⠉⠉
⣀⣤⣶⣶⣿⣿⠿⠿⣿⣿⣶⣶⣤⣀
⣿⣿⣿⣿⣿⣧⣤⣠⣼⣿⣿⣿⡟⣿
⢻⣿⣿⣿⣿⡇⠀⠀⡷⣿⣿⡿⢡⠏
⠀⠙⢿⣙⠿⡇⠀⠀⣟⡷⢋⡵⠋
⠀⠀⠀⠉⠓⠦⣄⡠⠴⠚⠁
⠀⢀⣠⣤⣴⣶⣶⣿⣿⣿⣿⣿⣿⣿⣿⣶⣶⣦⣤⣄⡀
⣾⣿⣿⣿⣿⣿⣿⣿⡟⠉⠁⠈⠉⢻⣿⣿⣿⣿⣿⣿⣿⣷
⣿⣿⣿⣿⡿⣿⣿⣿⢿⠗⠶⠒⢺⡿⣿⣿⣟⢿⣿⡋⠋⣿
⠹⣿⣿⣹⣿⣿⣿⣿⠿⠀⢐⠁⢸⠸⣷⣭⣻⢿⡮⠀⣼⠃
⠀⠘⢿⣿⡜⠿⣯⣿⠿⠀⢁⠅⢸⠸⣷⣭⡛⠃⣠⠞⠁
⠀⠀⠀⠉⠻⢦⣌⡙⠛⠀⠆⠀⡸⠘⠃⣁⡴⠚⠁
⠀⠀⠀⠀⠀⠀⠈⠙⠓⠦⣤⡤⠴⠒⠋⠁
⠀⠀⠀⣀⣠⣤⣴⣶⣶⣾⣿⣿⣿⣿⣿⣿⣿⣿⣷⣶⣶⣦⣤⣄⣀
⣠⣾⣿⣿⣿⣿⣿⣿⣿⣿⣿⡟⠛⠛⠛⠛⢻⣿⣿⣿⣿⣿⣿⣿⣿⣿⣷⡄
⣿⣿⣿⡏⣿⣿⣿⣿⣿⣿⣿⣄⣀⠀⠀⣀⣠⣿⣿⣿⣿⣿⣿⣿⡟⣿⢿⣿
⣿⣿⣿⣟⣿⡿⣻⣿⣿⡿⢟⠋⠉⠉⡉⠉⡟⠋⢿⣿⣯⣝⠹⣯⡅⠀⢸⡿
⠘⣿⣿⣿⣱⣿⡿⣛⣽⣾⣿⠀⠀⢘⠀⠀⡇⢸⣷⣮⣙⠿⣿⡶⠀⢀⣾⠃
⠀⠈⢿⣿⡻⡕⢿⡿⣛⣽⣶⠀⠐⠁⡊⠀⡇⢰⣮⣙⠻⣿⠆⠀⣠⠟⠁
⠀⠀⠀⠙⠿⣦⣄⠈⠻⢛⣭⠀⠀⡘⠁⠀⡇⢨⡙⠛⠋⢀⣤⠞⠁
⠀⠀⠀⠀⠀⠈⠙⠻⣦⣄⡈⠀⠀⠁⠠⠄⠃⠀⣀⡤⠞⠋
⠀⠀⠀⠀⠀⠀⠀⠀⠀⠈⠙⠓⠶⣤⡤⠶⠚⠉⠁
⠀⠀⠀⠀⢀⠀⠀⠀⠀⠀⣰⣤⣠⣧
⠀⠀⠤⠯⣉⣿⣿⣥⣴⣿⣿⣿⠟⠁
⠀⢠⣶⢫⣿⣵⣵⣿⡟⣼⡿⠋
⠀⠘⠻⠷⣽⣿⣿⣿⢿⠯⣄
⠀⠀⠀⢀⡿⠟⠘⢿⡂⠁⠸⠃
⢀⡒⠒⠛⢒⣀⡒⠚⢓⣒⣀⡀
⣸⣀⡀⡀⢸⡗⢂⠐⢯⣀⣀⡀⡀
⠀⠀⠀⠀⠀⠀⠀⠀⠀⠀⠀⠀⠀⠀⠀⠀⢰⡄⡀⢀⣼⣂
⠀⠀⠀⠀⠠⣶⠴⣶⣶⣶⣤⠤⠀⢀⣠⢴⣫⣞⡵⣻⡿⠇
⠀⠀⠀⠛⠋⢓⣠⣴⡿⢟⡫⢖⣺⣽⡟⣿⣭⣶⣿⠟
⠀⠀⢀⣴⣿⢋⣿⣏⣠⢏⣴⣿⣿⡿⣠⣿⣿⠟⠁
⠀⠀⠻⣿⣿⣄⡻⢿⣿⣟⡿⣟⣿⣶⡿⠛⠁
⠀⠀⠀⠈⠉⠛⢻⣿⣿⠿⣿⣷⡏⠳⡍⠻⣶⣄
⠀⠀⠀⠀⠀⠀⣩⡿⠋⠂⠘⢻⣟⠂⠀⠀⠸⠏
⠀⠠⡤⠤⠤⠾⠭⡄⠀⠠⣤⠤⠽⠦⠤⢤
⢰⣶⠀⠀⠀⠀⠀⣶⡖⢒⠂⠀⢠⡴⠒⠒⠒⠒
⣸⣿⣀⣠⠀⡀⠀⣿⡏⠉⡀⠀⠙⠧⣄⣀⣀⣠⠀⣀
⠀⠀⠀⠀⠀⠀⠀⠀⠀⠀⠀⠀⠀⠀⠀⠀⠀⠀⠀⠀⠀⣤⡀⠀⠀⢀⣿⢀
⠀⠀⠀⠀⠀⠀⢀⣀⣀⣠⣀⣀⣀⡀⠀⢀⠀⠀⠀⣀⣴⢟⡱⢇⣴⢟⣵⡋
⠀⠀⠀⢀⣀⣈⣽⣋⠛⠛⢻⣿⣿⡯⠉⢁⣠⠴⣚⡭⣖⡯⢖⣫⡬⠗⠋
⠀⠀⠀⠀⠋⠁⣀⣡⣴⣾⡿⠟⣩⠶⢛⣩⣶⣿⡛⡭⣶⣚⡯⢷⠊⠁
⠀⠀⠀⣠⣴⣿⡟⢩⣿⣟⢀⡼⢋⣴⣿⣿⣿⡿⢠⣿⣿⣗⡋⠁
⠀⠀⠀⣿⣿⣿⣄⠸⣿⣿⣿⣾⢿⡻⢿⣿⣏⣐⣛⣿⠟
⠀⠀⠀⠈⠻⠿⣿⣷⣦⣽⣿⣿⣷⣭⣓⠾⣽⡳⢦⣤⣄⡀
⠀⠀⠀⠀⠀⠀⠀⠈⣹⣿⣿⡟⠛⢿⣿⣿⡀⠙⡆⠈⠻⣿⡆
⠀⠀⠀⠀⠀⠀⠀⠀⣡⣿⠟⠉⠀⠉⢻⣿⡉⠂⠀⠀⠀⡽⠃
⠀⠀⣀⣀⣀⣀⣤⣞⣋⡀⠀⠀⠀⣀⣀⣙⣷⣀
⢀⣈⡈⠉⠀⠀⠀⠀⠈⣉⣀⣀⣉⡉⠉⠁⠀⢀⣉⣉⣁⣀⣀
⢸⣿⡇⠀⠀⠀⠀⠀⠀⣿⣧⣠⣤⠀⠀⢠⣾⠋⠀⠀⠀⠀⠈
⣸⣿⣇⣀⣤⠄⣀⠀⢀⣿⣇⠀⢀⡀⠀⠈⠻⠷⣤⣀⣀⣀⣤⠀⣀
⠀⣀⠴⡒⣟⣋⣹⣩⣏⡟⠶⠦⣀
⣼⠁⢋⣽⠉⠁⠀⠀⡉⠉⣯⡑⠈⣧
⢻⡀⠈⠻⣶⣸⣶⣿⣗⣴⠟⠁⢀⡟
⠀⠉⠳⠤⣤⣭⣙⣋⣭⣤⠤⠞⠉
⠀⠀⠀⣀⣤⠴⠖⡚⡛⠋⡍⡍⣹⠛⣓⠲⠦⣤⣀
⢀⣴⠞⣉⡰⢖⡭⠵⠶⠶⠶⠶⠶⠶⠯⢬⡡⢖⣉⠳⣦⡀
⣾⠏⠀⠉⣰⣿⠁⠀⠀⠀⠀⠀⠀⠄⠀⠘⣟⣆⠉⠀⠹⣷
⢿⣆⠀⠀⠹⡹⣖⢄⡐⣶⣶⣶⣾⢤⡐⣺⢏⠏⠀⠀⣰⡿
⠈⠻⢦⣀⠀⠈⠙⠳⠾⠽⣟⣻⡧⠶⠛⠋⠁⠀⣀⡴⠟⠁
⠀⠀⠀⠉⠛⠲⠦⢤⣯⣄⣃⣙⣨⣯⡤⠴⠖⠛⠉
⠀⠀⠀⠀⢀⣀⣤⡴⠶⠒⣛⠛⢛⣛⡝⢛⣛⠛⡒⠶⠦⣤⣀⡀
⠀⢀⣤⡾⠛⠩⣤⢜⣊⣣⣭⣬⣤⣴⣴⣬⣥⣤⣝⣀⡚⣢⡭⠛⢷⣤⡀
⣰⣿⠋⠐⠛⢉⡴⣿⠁⠀⠀⠀⠀⠀⠀⠀⠀⠀⠀⠈⣿⢦⡐⠛⠃⠙⣿⣆
⣿⡇⠀⠀⠀⢸⢸⣧⢀⠀⢀⣀⡀⢀⣠⣀⡤⠀⢀⣀⣿⡇⡇⠀⠀⠀⢸⣿
⠹⣿⣄⠀⠀⠈⠳⣝⣮⣳⠦⡸⣿⣿⣿⣿⠟⠷⣦⣴⣫⠞⠁⠀⠀⣠⣿⠏
⠀⠈⠛⢷⣤⣀⠀⠀⠉⠙⢛⣒⠿⡭⣽⠿⡚⢛⠋⠉⠀⠀⣀⣤⡾⠛⠁
⠀⠀⠀⠀⠈⠉⠛⠳⠶⠤⣬⣶⣬⣥⣬⣤⣬⣥⠤⠶⠞⠛⠉⠁
⠀⣀⣀⣤⣶⣿⣿⣿⣿⣶⣤⣀⣀
⢸⣿⡿⠛⣿⣿⣿⣿⣿⣿⠛⢿⣿⡇
⠛⣶⣧⣀⣻⡘⣿⢿⣇⣟⣀⣼⣶⠛
⠀⠈⠙⠻⠿⣿⣿⣿⣿⠿⠟⠋⠁
⠀⠀⠀⠀⢀⣀⣤⣴⡿⣶⡾⡷⣶⢿⣦⣤⣀⡀
⠀⣴⣿⣾⢿⣿⣷⣿⣿⣫⣭⣭⣽⣿⣷⣿⣿⣿⣶⣿⣦
⢀⣻⣿⡿⠛⠉⢸⡟⣳⡳⣾⣶⣶⣟⢻⡇⠉⠛⢾⣿⣟⡀
⠻⠤⣧⣟⡀⠀⢸⡇⠁⣿⣿⣿⣿⠇⢸⡇⠀⣀⣻⣼⠤⠟
⠀⠈⠻⣿⣿⡷⣶⣽⣶⣦⣿⣭⣽⣶⣯⢶⡾⣿⣿⠟⠁
⠀⠀⠀⠀⠉⠙⠛⠻⠿⣿⣿⣿⣾⡷⠟⠛⠋⠭
⠀⠀⠀⠀⠀⠀⢀⣀⣠⣴⡿⣶⣶⠿⡿⢶⡶⣿⣦⣄⣀
⠀⣀⣴⣶⣴⣾⡻⣿⣽⣷⡿⠞⠛⠛⠛⠛⠺⢿⣧⣽⣫⡿⢷⣦⣴⣦⣀
⠀⢾⣿⣯⣽⣼⠿⠋⢹⣿⣟⣻⣍⣽⣩⣯⣹⣿⣿⡏⠙⠿⣯⣹⣽⣿⡷
⣴⡖⢻⠛⣯⠀⠀⠀⢸⠀⠶⢶⣼⣿⣿⣶⣶⠇⢸⡇⠀⠀⠀⣽⠛⡟⢲⣦
⠈⠙⣻⣾⣷⣦⣄⡀⢸⣄⡀⠘⢿⣿⡿⣯⣏⢀⣸⠇⢀⣠⣴⣾⣷⣟⠋⠁
⠀⠀⠈⠻⢿⣿⣿⢻⡷⣲⠿⣿⣾⣿⣶⣶⣿⠿⣶⡻⣿⣻⣿⡿⠟⠁
⠀⠀⠀⠀⠀⠀⠉⠙⠛⠛⠿⢶⡿⣾⣿⠷⡿⠷⠛⠛⠋⠩⠄
⠀⠀⠀⡀⠀⠀⣽⣟⠒⠀⢀
⠀⢀⠛⣿⣢⣤⢾⡧⣤⣄⣿⡟⡀
⣀⡊⢻⣻⡽⣿⢸⡇⣿⡯⣟⡟⢑⣀
⠉⠻⠿⢷⣶⣤⣼⣯⣥⣴⡾⠿⠟⠉
⠀⠀⠀⠀⠀⠀⠀⠀⠀⢹⢛⣷⠒⠒⠒
⠀⠀⠀⢠⣶⣶⣀⠀⠀⠘⣻⣷⠋⠀⠀⢀⣶⣶⣄
⠀⠀⣠⠈⢹⣿⣱⣶⣶⡾⣿⣿⢶⣶⣶⣎⣿⣏⠁⣄
⠀⠠⡟⢳⣿⠿⣏⣽⣿⡇⢸⣿⢸⣿⣿⣙⠿⣿⡞⢻⠆
⣾⣿⣧⣤⣽⣟⠋⠙⠻⠧⣼⣿⠼⠟⠛⠙⣛⣯⣤⣼⣿⡷
⠀⠈⠛⠻⠿⠿⢿⣿⣿⣶⣾⣷⣶⣿⣿⡿⠿⠿⠟⠛⠁
⠀⠀⠀⠀⠀⠀⠀⠀⠀⠀⠀⠈⡙⢛⣶⠶⠶⠶⠖⠂
⠀⠀⠀⠀⢀⣤⣤⡄⠀⠀⠀⠀⠾⣿⣯⠖⠃⠀⠀⠀⢠⡤⣤⡀
⠀⠀⠀⠀⠙⠿⣿⡟⢇⣠⣤⣠⣤⣿⡾⣦⣤⣤⣤⡘⢻⣿⡾⠛
⠀⠀⢰⣿⣄⣴⣯⣷⡾⢿⣽⣿⠉⣿⣿⠉⣿⣿⣿⠷⣾⣽⣧⣠⣿⣆
⢀⣀⣙⡁⠸⣿⣛⣻⣶⣿⣿⣿⠀⣿⣿⠀⣿⣿⣿⣶⣟⣛⣿⠇⢀⣋⣀⡀
⠾⢿⣿⣷⣶⣶⣦⣍⣀⡉⠙⠛⠢⢿⡿⠴⠛⠋⢉⣀⣩⣤⣶⣶⣾⣿⡿⠷
⠀⠀⠈⠛⠛⠿⠿⠿⠿⣿⣿⣿⣿⣿⣿⣿⣿⣿⣿⠿⠿⠿⠿⠛⠛⠁
⠀⠀⠀⢰⡾⡖⠀⠀⡶⢷⠂
⠀⠀⠀⣀⣠⣤⠶⠶⣤⣀⣀
⠀⢠⣾⠟⠀⠀⠀⠀⠀⠀⠻⣦⣄
⣴⣟⢀⡀⠀⠀⠀⠀⠀⠀⢀⣈⣻⣦
⠈⢉⣉⣙⠛⢻⡟⢸⡟⠛⣛⣉⣉
⠀⣿⣿⣿⣿⣿⣯⣸⣿⣿⣿⣿⣿
⠀⣭⢄⣬⣍⣭⣟⣻⣯⣩⣥⠠⣭
⠀⠟⠙⠷⠟⠟⢷⣿⠿⠸⠿⠂⠇
⠀⠀⠀⠀⠀⠤⣤⣷⣤⠤⠀⠀⠤⣤⣷⣤⠤
⠀⠀⠀⠀⠀⠀⠉⠉⠙⠀⠀⠀⠀⠉⠉⠙
⠀⠀⠀⠀⢀⣠⣤⣤⣶⠿⠛⠛⠷⣶⣤⣤⣄⡀
⠀⠀⢀⣤⣾⡿⠅⠀⠀⠀⠀⠀⠀⠀⠀⠈⢿⣧⣄⡀
⠀⣠⣾⠟⠃⠀⠀⠀⠀⠀⠀⠀⠀⠀⠀⠀⠀⠘⢻⣷⡆
⢾⣿⣏⣁⣀⡀⠀⠀⠀⠀⠀⠀⠀⠀⠀⠀⢀⣀⣀⣹⣿⡷
⠀⠉⠉⠉⠙⠻⠿⠶⠶⣿⡇⢸⣿⡷⠶⠿⠟⠋⠉⠉⠉
⠀⢠⠶⠶⠶⠶⢦⣤⣤⣿⡇⢸⣿⣧⣤⡴⠶⠶⠶⠶⡦
⠀⢐⣛⣻⣿⣛⣓⡶⠮⢭⣥⣬⣭⠵⠶⣚⣛⣿⣟⣛⡓
⠀⢘⣉⣀⠀⣈⡉⠙⣛⣓⠒⠒⣚⡛⠋⢉⣁⠀⣀⣉⡉
⠀⢸⣿⠭⣾⡏⣿⡆⣿⢽⡏⢼⡯⠿⠒⠿⣽⡃⢹⣿⠁
⠀⠘⠛⠀⠙⠓⠛⠁⠛⠘⢿⣼⣗⠛⠈⠛⠚⠋⠘⠛
⠀⠀⠀⠀⠀⠀⢀⣀⣠⣷⣄⣀⡀⠀⠀⢀⣀⣠⣷⣄⣀
⠀⠀⠀⠀⠀⠀⠀⠰⠟⠛⠻⠆⠀⠀⠀⠀⠼⠛⠛⠻⠄
⠀⠀⠀⠀⠀⠀⠀⠀⠀⠀⢀⣀⣤⣤⣤⣤⣀⡀
⠀⠀⠀⠀⠀⢠⣴⣶⡿⠿⠿⠟⠉⠉⠉⠙⠻⠿⠿⢷⣶⣦⡀
⠀⠀⠀⣠⣤⣾⣿⠿⠀⠀⠀⠀⠀⠀⠀⠀⠀⠀⠀⠀⠿⣿⣷⣤⡀
⠀⠀⣴⣿⠿⠯⠀⠀⠀⠀⠀⠀⠀⠀⠀⠀⠀⠀⠀⠀⠀⠀⠹⢿⣿⣦⡀
⣴⣾⣿⠟⠂⠀⠀⠀⠀⠀⠀⠀⠀⠀⠀⠀⠀⠀⠀⠀⠀⠀⠀⠀⠛⣿⣷⣄
⠙⠿⢿⣷⣶⣶⣶⣤⣄⣀⣀⣀⣤⡄⠀⣤⣄⣀⣀⣠⣤⣶⣶⣶⣾⠿⠟⠋
⠀⠀⠀⠀⠀⠀⠈⠉⠛⠛⠋⢹⣿⡇⠀⣿⣿⠉⠙⠉⠉⠉
⠀⠀⡶⠾⠿⠿⠿⠷⢶⣶⣤⣼⣿⡇⠀⣿⣿⣤⣴⡶⠶⠿⠿⠿⠿⠶⡆
⠀⠀⠾⢛⣛⣛⣛⡻⠷⠶⣬⣭⣭⣁⣀⣭⣭⣭⡶⠶⢟⣛⣛⣛⣛⠿⠆
⠀⠀⠟⠛⠋⠉⠙⠛⠛⠷⠶⣦⣬⣭⣭⣥⣴⠶⠾⠛⠛⠋⠉⠉⠛⠻⠇
⠀⠀⣶⡶⠶⢠⣶⢶⣦⡀⣶⡶⣶⡄⢠⣶⢶⣦⢀⣴⡶⣦⡄⢶⣶⡶⠆
⠀⠀⣿⡟⠓⢸⣿⢸⣿⡇⣿⡟⣿⡇⢸⣿⢛⣛⠀⣙⡛⣶⡄⢸⣿⡇
⠀⠀⠛⠃⠀⠈⠙⠛⠋⠀⠛⠃⠻⢷⣬⣽⡟⠉⠀⠙⠛⠋⠁⠈⠛⠁
⠀⠀⠀⢀⣀⣤⣶⣶⣄⣀⡀
⢀⡴⣶⣾⡿⡿⡿⣸⣸⣹⣷⣶⢦⡀
⠀⠛⠹⢿⣷⣧⣧⣿⣿⣿⡿⠏⠛
⠀⠀⠀⠀⠀⠀⠀⠀⢀⣠⣴⣦⣄⡀
⠀⠀⠀⠀⠀⠴⣶⣾⣯⣿⣿⠿⡿⢽⡶⣶⠦
⠀⡠⡴⣿⣿⣖⣿⣶⣿⣿⣿⠀⡇⢸⡇⣿⣢⣿⣿⢦⢄
⠘⢙⣶⠿⣿⣗⣿⢸⡇⢸⠀⣿⣿⣿⣿⣿⣺⣿⠿⣶⡋⠃
⠀⠈⠁⠈⠛⠿⢿⣿⣷⣿⣶⣿⣿⣿⣿⡿⠿⠛⠁⠈⠁
⠀⠀⠀⠀⠀⠀⠀⠀⠀⠀⠀⢀⣠⣴⣦⣄⡀
⠀⠀⠀⠀⠀⠀⢀⣠⣤⣴⣖⣿⣿⣿⣿⣿⣟⣲⣦⣤⣄⡀
⠀⠀⠀⣠⣶⣶⣄⣩⣿⣫⣭⣽⣿⣿⠉⣿⠉⣿⡏⢹⣍⣠⣶⣶⣄
⢀⣞⡽⢙⣿⣿⣟⣒⡿⢿⣿⠿⣿⠿⣤⣿⣤⣿⣧⣼⣒⣻⣿⣿⡋⢯⣳⡀
⠀⢀⣽⠿⢋⣿⣿⣥⣧⣸⣿⠀⣿⠀⣿⣿⣿⣿⣿⣿⣬⣿⣿⡙⠿⣯⡀
⠀⠀⠉⠀⠈⠛⠿⠿⢿⣿⣿⣿⣻⣷⣿⣻⣻⣿⣿⡿⠿⠟⠛⠁⠀⠉
⠀⠀⠀⠀⢈⡟⢱
⠀⠀⠀⢰⣿⣿⣾⣄⣀⣠⣶⣿⡄
⠀⠀⠀⠀⠈⠙⠛⢿⡟⠋⠁
⠀⠀⠀⠀⠀⣀⣀⣜⡃
⠀⠀⠀⢰⣿⣿⣿⣿⣿⣷⡆
⠠⢠⢀⢈⠙⡛⡛⠛⢛⢋⢀⣠⣤⠄
⠀⠰⠠⠄⠨⡤⢡⣩⡩⠅⠥⠴
⠀⠀⠀⠀⠀⠀⠈⠙⢿⠉⢲
⠀⠀⠀⠀⠀⠀⣠⣴⣇⣀⡼⠀⠀⠀⠀⠀⠀⣀⣀
⠀⠀⠀⠀⠀⢸⣿⣿⣿⣿⣿⣦⣀⠀⣠⣾⣿⣿⣿⡆
⠀⠀⠀⠀⠀⠀⠉⠛⠿⢿⣿⣿⣿⣿⠿⠛⠉⠁
⠀⠀⠀⠀⠀⠀⠀⠀⠀⠀⠈⠙⣿⡃
⠀⠀⠀⠀⠀⠀⠀⠀⠀⠀⣀⣼⠛⠒⠂
⠀⠀⠀⠀⠀⢀⣤⣶⣿⣿⣿⣿⣿⣷⣦⣄
⠀⠀⠀⠀⠀⢻⡿⣿⣿⣿⣿⣿⢻⣿⢿⡿⠇
⠀⡠⢀⡀⠀⠀⠙⠛⠻⠿⠿⠿⠿⠟⠛⠁⠀⠀⣀⢠⣄⡀
⠈⠀⠋⡐⠋⠼⠁⢰⠂⢰⠀⠰⠢⡆⠦⠹⠜⠙⠊⠉⠁⠁
⠀⠀⠚⠱⠋⠖⠠⠆⡶⠀⠦⡄⣦⠰⠰⠄⠧⠳⠛
⠀⠀⠀⠀⠀⠀⠀⠀⠉⠛⢿⡯⠙⢦
⠀⠀⠀⠀⠀⠀⠀⠀⠀⢀⡼⠁⠀⣼
⠀⠀⠀⠀⠀⠀⠀⣠⣾⣿⣷⣤⣤⣇⠀⠀⠀⠀⠀⠀⣀⣤⣴⡦
⠀⠀⠀⠀⠀⠀⠀⣿⣿⣿⣿⣿⣿⣿⣦⣄⡀⠀⣠⣾⣿⣿⣿⣿⣷
⠀⠀⠀⠀⠀⠀⠀⠈⠛⠿⣿⣿⣿⣿⣿⣿⣿⣿⣿⠿⠛⠋⠉⠉⠁
⠀⠀⠀⠀⠀⠀⠀⠀⠀⠀⠀⠈⠙⠻⢿⣿⣿⠟⠁
⠀⠀⠀⠀⠀⠀⠀⠀⠀⠀⠀⠀⠀⠀⠀⣿⣿
⠀⠀⠀⠀⠀⠀⠀⠀⠀⠀⠀⠀⠀⢀⣴⠟⠒⠒⠂
⠀⠀⠀⠀⠀⠀⠀⠀⡀⣠⣶⣾⣿⣿⣿⣷⣶⣦⣄⡀
⠀⠀⠀⠀⠀⠀⢠⢺⡜⣿⣿⣿⣿⣿⣿⣿⣿⣿⣿⣿⣦
⠀⠀⠀⠀⠀⠀⠐⣷⡸⣿⣿⣿⣿⣿⣿⢫⣟⣛⣟⠟⠟
⠀⢀⣀⠀⠀⠀⠀⠈⠙⠺⠿⠿⠿⣿⣿⣿⠿⠿⠛⠁⠀⠀⠀⠀⠀⣄⡀
⠐⠋⠠⡞⢁⡵⢀⡶⠀⢠⡄⠀⣤⠀⢠⣄⢠⢠⡄⢰⡄⣞⠦⣝⠗⠺⠙⠂
⠀⠀⠀⣠⠄⢠⠈⣁⢀⠘⠁⠀⠛⠀⠘⠈⠙⠂⢃⠀⣁⢁⡀⣤
⠀⠀⠈⠁⠐⠋⠺⠁⠼⠃⢸⠃⢘⠓⡤⢸⡄⠛⠘⠆⠹⠂⠓⠉⠒
⠀⣀⣤⣖⡾⠿⠿⠿⠿⢷⣶⣤⣀
⣼⣿⣏⣩⣤⣤⣤⣄⣀⣀⣨⣿⣿⣧
⢻⣿⣧⡙⡉⠉⠉⠉⠉⠉⢀⣴⣿⡟
⠀⠉⠛⠿⢿⣶⣶⣶⣶⡾⠿⠛⠉
⠀⠀⠀⢀⣠⠴⣶⣚⣿⣯⣿⣭⣿⣹⣖⡶⢦⣤⣀
⠀⣠⣾⣷⡷⠟⠛⠉⠁⠀⠀⠀⠀⠈⠉⠙⠻⣾⡾⣷⣤
⣼⣿⣿⣞⢦⣤⣤⣤⢶⣤⣤⣥⣤⣤⣤⣤⣤⡴⡿⣸⣿⣷
⢻⣿⣿⣿⠄⠻⡛⠛⠉⠉⢉⡉⠉⡉⠉⠉⠀⡨⣸⣿⣿⡿
⠀⠙⢿⣿⣿⣶⣜⢤⡂⠉⠀⠀⠀⢀⣀⣤⣾⣾⣿⡿⠛
⠀⠀⠀⠈⠙⠻⠦⢿⣽⣟⣙⣿⣻⣯⡽⠶⠟⠋⠁
⠀⠀⠀⠀⠀⣀⡤⢴⣖⢖⣿⣻⣟⣟⣙⣹⣟⣿⣖⣶⢦⣤⣀⡀
⠀⢀⣤⣶⣯⣿⣽⠶⠿⠛⠋⠉⠉⠉⠉⠉⠉⠙⠛⠻⢾⣯⣿⣽⣷⣤⡀
⢠⣿⣿⣧⡻⡉⢁⣉⣈⣉⣀⣀⣀⣐⡢⠀⠀⠀⠀⠀⢀⣑⣝⣯⢹⣿⣿⣄
⣿⣿⣿⣿⡷⡈⢿⣿⣷⣻⣧⠯⠿⠿⠿⠿⣿⠿⠿⠿⠟⢛⠩⢋⣾⣿⣿⣿
⠘⣿⣿⣿⣷⣕⢄⠹⣄⠀⠀⣀⠠⠤⠐⠒⠒⠒⠒⠀⠉⡠⣪⣾⣿⣿⣿⠋
⠀⠈⠛⠿⣿⣿⣿⣷⣬⣒⣍⣀⣀⣀⣀⣀⣀⣠⣤⡴⣿⣿⣿⣿⡿⠛⠁
⠀⠀⠀⠀⠀⠉⠛⠓⠶⠿⣼⣿⣫⣽⣿⣍⣽⣦⠽⠷⠖⠛⠉
⡇⠉⣭⢭⡥⢯⣭⣭⠥⢯⣥⣭⠙⢸
⢳⡛⠹⣿⣗⡶⢿⡟⢹⣿⢸⠏⠛⡞
⠀⠑⢄⠈⣻⣇⢸⡇⣸⣗⠁⡠⠊
⠀⠀⠀⠉⠛⠧⣏⣿⠿⠛⠉
⡏⠉⠛⢙⣉⣉⣉⣉⣏⣉⣋⣉⣉⣉⣋⣉⣍⣉⡉⠛⠋⢹
⢷⢠⣠⠸⣦⣤⣶⢀⢀⢻⣿⣿⣃⣤⣴⡖⢹⣿⡇⣄⡄⡼
⠘⣎⠀⠀⠻⣿⣿⣩⡭⠛⣿⣿⠀⢸⣿⡇⢸⡟⠀⠀⣰⠃
⠀⠈⠣⣀⠀⠙⠶⣿⡇⠀⣿⣿⠀⢸⣿⠷⠋⠀⢀⠔⠁
⠀⠀⠀⠈⠓⠤⣐⠮⣙⢢⢿⣿⠔⣪⠯⣓⡤⠚⠁
⠀⠀⠀⠀⠀⠀⠈⠙⠒⠼⣄⣿⠧⠓⠋⠁
⡏⠉⠩⠭⠩⠍⠭⠭⠩⠉⠭⠉⠩⠉⠍⠍⠉⠉⠍⠉⠭⠉⠍⠍⠭⠭⠉⢹
⣷⠀⠀⠀⢸⡍⠉⢉⣍⠉⠉⢩⣿⣿⣿⣯⠉⠉⢉⣉⠭⢿⣿⡇⠀⠀⠀⣼
⢸⡄⠷⠾⠈⣷⣿⣿⣯⣤⣤⣄⡸⣿⣯⠵⠒⣿⣿⡇⠀⢸⣿⠃⠵⠾⢀⡏
⠀⢳⡀⠀⠀⠘⣿⣿⣿⣤⣼⠒⠉⣿⣿⠀⠀⣿⣿⡇⠀⣸⠃⠀⠀⢀⡞
⠀⠀⠙⣄⠀⠀⠈⠻⣼⣿⣿⠀⠀⣿⣿⠀⠀⣿⣿⣧⠞⠁⠀⠀⣠⠎
⠀⠀⠀⠈⠑⢤⡀⠀⢠⣝⠿⣄⠀⣿⣿⠀⣀⠿⡫⢥⠀⢀⡤⠚⠁
⠀⠀⠀⠀⠀⠀⠈⠓⠬⣙⠰⠀⡍⠛⣛⣍⢰⠷⣉⡥⠚⠉
⠀⠀⠀⠀⠀⠀⠀⠀⠀⠀⠉⠒⠽⣆⣻⠥⠒⠉⠁
⣿⣿⢻⣿⡛⠛⠛⠛⣻⣿⣿⠽⣿⣿
⣿⣿⠀⠙⣧⣠⣶⡿⠟⣿⡇⠀⣿⣿
⣿⣿⣴⣾⡿⠛⣿⡇⠀⣿⡇⠀⣿⣿
⠻⢞⣉⣿⠂⠀⣿⡇⠀⣿⡇⢀⡿⠟
⠀⠀⠀⠉⠓⠠⢿⡇⠤⠛⠉
⣿⣭⣿⡿⢿⣿⠿⠿⠿⠭⠿⠿⠿⢿⣿⣿⣿⣭⡿⣿⣿⣿
⣿⣿⣿⠈⠛⣟⣯⠀⠀⠀⣀⣤⠶⣿⣿⣿⡏⠁⠀⣿⣿⣿
⣿⣭⣿⠀⠀⠃⣻⣧⣶⣿⣿⡟⠋⠁⣿⣿⡇⠀⠀⣿⣿⣿
⣿⣿⣿⣤⣶⣿⣷⠾⠋⣿⣿⡇⠀⠀⣿⣿⡇⠀⠀⣿⣿⣿
⢿⣭⣿⠿⢻⣿⡇⠀⠀⣿⣿⡇⠀⠀⣿⣿⡇⠀⠀⣿⣿⡿
⠀⠉⠑⠢⠼⣿⡇⠀⠀⣿⣿⡇⠀⠀⣿⣿⣇⠤⠔⠋⠉
⠀⠀⠀⠀⠀⠀⠈⠑⠒⠿⣿⣧⠤⠒⠋⠁
⣿⣏⣙⣿⣿⣿⣿⣿⣿⣿⣿⣟⣙⣿⣿⣿⣿⣿⣿⣿⣿⣟⣙⣿⣿⣿⣿⣿
⣿⣿⣿⣿⠰⢶⣿⣷⡦⠀⠀⠀⠀⠀⢀⣠⣴⣾⣿⣿⣿⠟⠋⠁⣿⣿⣿⣿
⣿⣿⣿⣿⠀⠀⢸⢾⣿⡄⠀⣀⣤⣶⣿⣧⣼⠿⣿⣿⣿⠀⠀⠀⣿⣿⣿⣿
⣿⣷⣶⣿⠀⠀⠈⣀⣽⢷⣿⣿⣿⣿⡟⠉⠀⠀⣿⣿⣿⠀⠀⠀⣿⣿⣿⣿
⣿⣿⣿⣿⣤⣶⣿⣿⣷⠶⠛⢹⣿⣿⡇⠀⠀⠀⣿⣿⣿⠀⠀⠀⣿⣿⣿⣿
⣿⣟⣻⣿⣿⢿⣿⣿⡇⠀⠀⢸⣿⣿⡇⠀⠀⠀⣿⣿⣿⠀⠀⠀⣿⣿⣿⣿
⠘⠻⢿⣉⡀⢸⣿⣿⡇⠀⠀⢸⣿⣿⡇⠀⠀⠀⣿⣿⣿⠀⠀⢀⣿⡿⠟⠃
⠀⠀⠀⠀⠉⠙⠻⠿⣇⡀⠀⢸⣿⣿⡇⠀⠀⠀⣿⣿⠿⠖⠊⠉
⠀⠀⠀⠀⠀⠀⠀⠀⠀⠉⠙⠚⠿⣿⣧⠤⠒⠋⠁
⠐⢶⣒⣒⣿⣇⣒⢲⢺⢹⢲⡖⡶⠂
⣀⠜⠉⠉⢿⡏⣩⡼⣼⡼⠼⠇⠣⣀
⠸⣾⣿⣿⣿⣿⢿⡿⣿⣿⣿⣿⣷⠇
⠀⠈⠛⠛⠿⠿⢿⡿⠿⠿⠛⠛⠁
⠀⢴⡲⠒⠒⠒⣾⣿⡗⠒⠲⢶⡖⢺⡟⣷⠒⣶⢲⢖⡦
⠀⠀⣹⠰⠶⠶⣿⣿⡷⠶⠶⢸⡇⢸⡇⣿⠀⡇⠀⣏
⢀⡴⠃⠂⠀⠀⠛⣿⡧⢀⡤⡜⢣⣼⡇⠛⠀⠓⠘⠘⢦⡀
⠈⣷⢶⣶⣶⣶⣶⣿⣶⣶⢿⠷⣾⣿⣷⣶⣶⣶⣶⡶⣾⠁
⠀⠘⠮⣻⣿⣿⣿⣿⣿⣔⣘⣐⣢⣿⣿⣿⣿⣿⣟⠵⠃
⠀⠀⠀⠈⠉⠛⠛⠛⠛⠿⣝⣫⠿⠛⠛⠛⠛⠉⠁
⠀⠠⣖⢲⠶⠶⠶⢲⣾⣯⡗⠒⠶⠦⠴⣶⠖⣾⠝⢷⡖⢶⡶⠶⡖⣲⠄
⠀⠀⠈⣧⢳⣤⣤⣴⣿⣿⣷⣤⣤⣴⠀⣿⠀⣿⠀⢸⡇⢸⡇⡜⣼⠁
⠀⠀⣰⢃⠊⠀⠀⢨⣿⣿⣏⡀⠀⣈⣀⣿⣀⣿⡀⣼⡇⢸⡇⢱⡘⣆
⠰⢯⠀⣀⣀⣀⣀⣀⣀⣿⣛⣁⣸⣯⣯⣀⣿⣿⣇⣀⣀⣀⣀⣀⣀⠀⡽⠆
⠀⠸⡄⢿⣿⣿⣿⣿⣿⣿⣿⡿⡟⢹⠙⠛⢿⣿⣿⣿⣿⣿⣿⣿⡿⢠⠇
⠀⠀⠙⠢⣝⣻⢿⣿⣿⣿⣿⣷⣭⣬⣤⣥⣾⣿⣿⣿⣿⡿⣟⣫⠔⠋
⠀⠀⠀⠀⠀⠈⠉⠙⠛⠛⠛⠛⠯⣍⣩⠽⠛⠛⠛⠛⠋⠉⠁
⠀⠀⠀⠀⠠⣴⢾⡷⣦⠄
⢀⣰⣶⡂⡀⠠⠠⠄⠄⢀⣐⣶⣆⡀
⠀⠈⠛⠀⠑⢁⠐⢲⡶⠊⠐⠛⠁
⠀⠀⠀⠀⠀⢰⣾⣿⡦
⠀⠀⠀⠀⠀⠈⣿⣿⠁
⠀⠀⠀⠀⠀⠀⠸⠇
⠀⠀⠀⠀⠀⠀⠀⢀⣠⣴⣾⣷⣦⣄⡀
⠀⠀⠀⠀⠀⠀⠀⠘⠛⠋⡿⢿⠙⠛⠋
⠀⣀⡰⣿⣛⡂⣀⠀⠠⠌⠦⠴⠡⠄⢀⣀⢐⣛⣿⢆⣀
⠈⠙⢩⣿⣋⡁⢻⡀⢆⠀⣤⣤⣤⣤⣤⡟⢉⣹⣿⠍⠋⠁
⠀⠀⠀⠀⠀⠀⠀⠙⠦⣑⠨⣙⣻⠿⠋
⠀⠀⠀⠀⠀⠀⠀⠀⣀⣤⣷⣿⣦⣀
⠀⠀⠀⠀⠀⠀⠀⠀⠸⣿⣿⣿⣿⠇
⠀⠀⠀⠀⠀⠀⠀⠀⠀⢻⣿⣿⡟
⠀⠀⠀⠀⠀⠀⠀⠀⠀⠈⣿⣿⠁
⠀⠀⠀⠀⠀⠀⠀⠀⠀⠀⠸⠇
⠀⠀⠀⠀⠀⠀⠀⠀⠀⠀⢀⣠⣴⣾⣷⣦⣄⣀
⠀⠀⠀⠀⠀⠀⠀⠀⠀⠸⢿⡿⠙⣿⣿⠟⢿⡿⠗
⠀⠀⠀⣠⣤⣤⣄⠀⠀⠀⠠⠀⠐⡃⢘⠂⠀⠀⠀⠀⠀⣠⣤⣤⡀
⠠⣴⣦⣬⣿⣷⣤⠰⣖⠒⣒⠓⠒⠓⠚⠒⠚⠒⢒⣶⠦⣤⣾⣿⣥⣴⣦⠄
⠀⠀⠀⠺⢿⡧⠴⠀⢻⣄⠹⣄⠰⣶⣶⣶⣶⣶⣶⠟⠀⠦⢼⡿⠇
⠀⠀⠀⠀⠀⠀⠀⠀⠀⠙⠳⢌⡑⠢⣍⣻⡿⠟⠋
⠀⠀⠀⠀⠀⠀⠀⠀⠀⠀⢀⣀⣼⣷⣿⣦⣀⡀
⠀⠀⠀⠀⠀⠀⠀⠀⠀⠀⠘⣿⣿⣿⣿⣿⣿⠃
⠀⠀⠀⠀⠀⠀⠀⠀⠀⠀⠀⠸⣿⣿⣿⣿⡏
⠀⠀⠀⠀⠀⠀⠀⠀⠀⠀⠀⠀⢻⣿⣿⡿
⠀⠀⠀⠀⠀⠀⠀⠀⠀⠀⠀⠀⠈⣿⣿⠁
⠀⠀⠀⠀⠀⠀⠀⠀⠀⠀⠀⠀⠀⠸⠇
⠀⠀⠀⣤⣤⣶⣶⣶⣤⣤
⠠⠀⠀⠈⠁⠁⠀⠈⠈⠁
⠀⠠⠀⣀⣄⣸⣷⣆⣀⣀⣠⣀⣀
⠀⠀⠀⠉⠉⢹⠿⠏⠉⠉⠉⠉⠉
⠀⠀⠀⠀⢀⣠⣤⣤⣤⣶⣶⣦⣤⣤⣤⡀
⠀⠀⠀⠀⠘⠻⡿⠛⠟⠛⠟⠛⠟⠿⠟⠃
⠨⠓⠆⠀⠀⠀⠐⠂⢂⣀⠁⠂⠀⠐⠤
⠈⠀⣀⠐⢀⣐⣢⣀⣸⣿⣿⣇⣀⣀⣀⣀⣈⣀⣀
⠀⠀⠀⠀⠘⠛⠛⠛⢻⣿⣿⡿⠛⠛⠛⠻⠿⠟⠛⠛⠋
⠨⠀⠀⠀⠀⠀⠀⠀⠘⠛⠉⠁⠀⡀⢀⠠⠐
⠸⠀⠀⠀⠀⠀⠀⠁⠉⠀⠀⠀⠁
⠀⠀⠀⠀⠀⠀⢀⣀⣀⣀⣤⣤⣤⣤⣤⣤⣀⣀⣀⡀
⠀⠀⠀⠀⠀⠀⣿⣿⣿⣿⣿⣿⣿⣿⣿⣿⣿⣿⣿⡿
⠤⣄⡀⠀⠀⠀⠀⠘⠁⠀⣁⠀⢈⡀⡀⢁⡈⠙⠁
⠀⠇⠉⠀⠀⠀⠂⠐⠈⠁⠈⣤⣀⣀⠀⠀⠈⠈⠒
⠀⠁⢀⣌⠐⠁⣀⣒⣤⣀⣀⣿⣿⣿⣿⣀⣀⣀⣀⣀⣀⣇⣂
⠀⠀⠀⠀⠀⠰⣿⣿⣿⣿⣿⣿⣿⣿⣿⣿⣿⣿⣿⣿⣿⣿⣿⠿⠿⠗⠒
⠀⠄⠀⠀⠀⠀⠀⠀⠀⠀⠀⣿⣿⠿⠿⠀⠀⠀⠀⠀⠠⡀
⠀⡃⠀⠀⠀⠀⠀⠀⢀⡄⢀⡀⠀⡀⠀⣀⠠⡄⠒⠈⠁
⠀⠇
⠀⠀⠀⠠⢀⣀⣶⣦⣀
⠀⠀⠀⢶⣿⣿⣿⣿⣿⣿⡶
⠈⠻⣿⣿⣿⣿⣿⣿⣿⣿⣿⣿⠟⠁
⠀⠀⠘⢿⣿⣿⣿⣿⣿⣿⣿⠃
⠀⠀⠀⠈⠙⠿⢿⡿⠿⠋⠁
⠀⠀⠀⠀⠀⠀⠀⠀⠀⣠⣤⣤⡀
⠀⠀⠀⠀⠀⢈⣉⣵⣶⣿⣯⣿⣷⣶⠤⣀
⠀⠀⠀⠀⠘⣿⣿⣿⣿⣻⣿⣿⣿⣿⣿⣿⡟⢃
⠐⠲⣶⣶⣶⣾⣾⣷⣾⣷⣞⣳⣷⣶⣾⣷⣷⣶⣶⣶⠖⠂
⠀⠀⠈⢻⣿⣿⣿⣿⣿⣿⣿⣿⣿⣿⣿⣿⣿⣿⡟⠁
⠀⠀⠀⠀⠻⣿⣿⣿⣿⠿⠿⠿⠿⣿⣿⣿⣿⡟
⠀⠀⠀⠀⠀⠙⠿⣿⣿⣿⣿⣿⣿⣿⣿⠿⠋
⠀⠀⠀⠀⠀⠀⠀⠉⠙⠻⠿⠿⠟⠛⠉
⠀⠀⠀⠀⠀⠀⠀⠀⠀⠀⠀⠀⣠⣤⣤⡀
⠀⠀⠀⠀⠀⠐⠀⠒⠲⣦⣤⣼⣿⡿⢿⣷⣤⣄⣀
⠀⠀⠀⠀⠀⠀⣤⣶⣿⣿⣿⣿⣿⣿⣿⣿⣟⣯⣭⣷⣦⣤⠀⠀⠄
⠀⠀⠀⠀⠀⠰⢸⡯⠿⠿⠿⣭⠽⢿⠿⠿⠿⠯⠿⠿⢹⠇⠄⠀⠁
⠀⠛⠿⣿⣿⣿⣿⣿⣿⣿⣿⣿⢟⣛⣻⣻⣿⣿⣿⣿⣿⣿⣿⣿⣿⠿⠛
⠀⠀⠀⠈⢻⣿⣿⣿⣿⣿⣿⣿⣿⣿⣿⣿⣿⣿⣿⣿⣿⣿⣿⡿⠁
⠀⠀⠀⠀⠀⢹⣽⣽⣿⣿⣿⣿⣿⣿⣿⣿⣿⣿⣿⣿⢿⣯⡏
⠀⠀⠀⠀⠀⠀⠹⣿⣿⢻⣿⣯⣭⣭⣭⣭⣽⣿⣿⣿⣾⠟
⠀⠀⠀⠀⠀⠀⠀⠈⠛⣿⣿⣿⣿⣿⣿⣿⣿⣿⣿⠛⠁
⠀⠀⠀⠀⠀⠀⠀⠀⠀⠀⠉⠛⠻⠿⠿⠟⠛⠉
⠀⠀⠀⢀⡀⢠⡄⣠⡄⢀⡀
⠀⠀⠀⢀⣙⣈⣁⣉⣁⣋⡀
⣠⣶⣿⠟⣋⣽⠿⢛⣩⣿⠿⣿⣶⣄
⢿⣿⣷⢛⣩⣴⠾⢛⣩⡴⠞⣻⣿⡿
⠀⠙⠻⠿⣿⣶⣾⣿⣷⣶⠿⠟⠋
⠀⠀⠀⠀⠀⠀⠀⠀⠀⣀⠀⠀⣀
⠀⠀⠀⠀⠀⠐⣿⣆⠸⣿⡇⢸⣿⠇⣰⡿⠂
⠀⠀⠀⠀⠀⠀⣀⣉⣀⣈⣤⣤⣅⣀⣉⣀
⠀⢀⣠⣴⣾⣿⣿⠿⠿⣿⣷⣿⡿⠶⢿⣯⣿⣗⣦⣄⡀
⣰⣿⣾⣿⠟⣁⣴⣶⡿⠟⢋⣡⣴⣾⡿⠟⢋⣻⣿⣿⣿⣆
⢿⡿⣿⣿⡿⠿⠋⣁⣤⣾⡿⠟⢋⣡⣴⣾⡿⠟⣿⣿⢿⡿
⠈⠻⣿⣿⣷⢶⣿⣟⠋⣁⣤⣾⣿⠟⣋⣡⣴⡾⣯⣿⠟⠁
⠀⠀⠀⠉⠛⠻⠿⢽⣿⣽⣿⣿⣿⣭⡿⠿⠟⠛⠉
⠀⠀⠀⠀⠀⠀⠀⣠⣶⡀⢰⣾⣷⠀⢰⣿⣷⠄⢠⣶⡄
⠀⠀⠀⠀⠀⠀⠀⠈⠻⠷⠀⠙⠿⠀⠘⠟⠃⠰⠿⠟⠁
⠀⠀⠀⠀⠀⠀⣀⣠⣤⣤⣴⣶⣶⡶⣶⣶⡶⢶⣤⣤⣄⣀
⠀⠀⣠⣴⣞⣿⣻⣿⡷⠿⠟⣛⣿⣿⣿⣿⠿⠻⢿⣷⣽⣿⣻⣷⣦⣄
⢠⡾⡿⣿⣯⡿⠋⣁⣤⣶⣿⣿⠿⠛⢉⣠⣴⣾⣿⡿⠟⠛⣿⣽⣿⣿⣷⡄
⣿⣿⣻⣿⣿⣶⣿⣿⠿⠛⢉⣠⣴⣾⣿⡿⠟⠋⣁⣤⣶⣿⣿⣿⣿⣿⣿⣿
⠹⣿⣿⣯⢿⣿⣉⣠⣴⣾⣿⡿⠟⠋⣁⣤⣶⣿⣿⠿⠛⢉⣴⣿⠿⣯⣿⠏
⠀⠈⠛⢾⣿⣿⣟⣻⣿⣯⣅⣤⣶⣿⣿⣿⣛⣩⣤⢴⣾⣻⣟⣷⡿⠛⠁
⠀⠀⠀⠀⠈⠉⠛⠻⠷⠷⣿⣥⣽⣿⣽⣿⣷⣼⠿⠷⠟⠛⠉⠁
⠀⢀⣠⣤⣶⡌⠡⠌⣡⣶⣤⣄⡀
⣴⣿⡿⠻⢿⣼⠿⣿⣷⣿⡟⢿⣿⣦
⢷⣬⢧⣸⣿⢹⣿⣿⣿⣿⣇⡼⢭⡿
⠀⠙⠳⠯⣍⣾⣻⣿⣻⡿⠯⠟⠋
⠀⠀⠀⠀⢀⣀⣤⣤⡐⠛⣡⣀⠛⠂⣤⣤⣀⡀
⠀⣠⣴⣾⣿⣿⣿⡟⠛⣤⣬⣥⣤⣛⣻⣿⣿⣿⣷⣦⣄
⣴⣿⣿⣿⠏⠹⠿⣷⣶⡿⠿⢻⣽⡟⣿⣽⡏⠹⣿⣿⣿⣦
⢿⡄⣂⢿⡀⢸⣿⡏⠉⣿⣿⣻⣼⡟⣿⣼⡇⢀⣿⣉⢉⡿
⠈⠻⣭⣒⢙⡾⢿⣇⢀⣿⣿⣻⣼⣟⣿⣾⠷⣿⢌⣵⠟⠁
⠀⠀⠀⠉⠛⠲⠧⢤⣿⣏⣹⣿⣯⣩⡿⠿⠗⠚⠉
⠀⠀⠀⠀⠀⠀⠀⢀⣀⣠⠄⠖⠛⣉⣉⠙⠲⠤⣄⣀⡀
⠀⠀⠀⣀⣴⣶⣿⣿⣿⣿⣷⠆⠀⢛⠛⠀⢰⣶⣿⣿⣿⣿⣶⣦⣀
⠀⣠⣾⣿⣿⣿⡿⣿⣿⡇⠀⣿⣿⣿⣽⡿⣷⣴⣾⢿⣿⢿⣿⣿⣿⣷⣄
⣼⣿⣿⣿⣿⠏⠀⠟⠛⣿⣿⣿⠛⠛⣻⣶⣿⣛⣿⣾⣛⠀⠹⣿⣿⣿⢿⣧
⣿⡥⠰⠬⣿⡀⠀⣿⣿⡏⠙⣿⣿⣿⢿⣭⣿⠿⣿⣼⡿⠀⢀⣿⠋⠭⢹⣿
⠘⢷⣶⢚⣈⢷⣄⣻⣿⡇⠀⣿⣿⣿⣾⣛⣿⣾⣿⢛⣟⣠⣾⠛⠛⣣⡿⠃
⠀⠀⠙⠷⣦⣠⠞⡛⡻⠷⢤⣿⣿⣿⣼⣿⣿⣬⣿⣿⣋⡙⢻⣵⠾⠋
⠀⠀⠀⠀⠀⠉⠛⠛⠶⠴⣿⣿⣄⣒⣿⣻⣦⣴⠿⠽⠛⠛⠉
⢀⣠⣶⣺⡃⢘⣿⣿⡃⢘⣗⣶⣄⡀
⣾⣿⣿⣏⣹⣿⣿⣿⣿⣏⣹⣿⣿⣷
⠻⣿⠻⢻⢻⣿⣿⣻⣏⣿⣼⣤⣼⠟
⠀⠻⠿⣿⣿⣿⣻⣟⣿⣿⣿⠿⠟
⠀⠀⠀⠈⠙⠿⣿⣿⠿⠋⠁
⠀⠀⣀⡤⠴⢶⡖⠀⠘⢿⣿⣿⡿⠃⠀⢲⡶⠦⢤⣀
⣠⣾⣷⣿⣿⡾⠿⢶⣶⠿⣿⣿⠿⣶⡶⠿⢷⣿⣿⣾⣷⣄
⣿⣿⣵⣿⣼⣧⣶⣶⣿⣿⣿⣿⣿⣿⣶⣶⣼⡧⠿⢮⣿⣿
⠘⣿⡻⠛⢻⢻⠛⡿⢹⡹⢯⢻⣹⣁⣰⣇⣼⣧⣤⣜⣿⠃
⠀⠈⣷⣕⢾⣾⣷⣿⣿⡿⢻⠿⢿⣿⣿⣿⣿⡿⣫⣾⠁
⠀⠀⠈⠉⠙⠯⣿⣿⣿⣾⣬⣼⣵⣿⣿⣿⠽⠋⠉⠁
⠀⠀⠀⠀⠀⠀⠀⠉⠛⠿⣿⣿⠿⠛⠉
⠀⠀⠀⢀⣀⣤⠴⣶⠖⠀⠀⠿⢿⣷⣾⡿⠿⠀⠀⠲⣶⠦⣤⣀⡀
⠀⣠⢞⣫⣵⣶⣄⣻⢦⣤⣤⣤⣾⣿⣿⣷⣤⣤⣤⡴⣟⣠⣶⣮⣝⡳⣄
⣼⣿⣿⢟⣻⡛⣟⠉⠉⢙⣿⣛⣝⣻⣟⣫⣛⣿⡋⠉⠉⣻⢛⣟⡻⣿⣿⣧
⣿⣿⢣⣿⣿⣾⣿⣿⣿⣿⣿⣿⣿⣿⣿⣿⣿⣿⣿⡿⠿⣿⡷⠟⠻⡜⣿⣿
⠘⢿⣆⢿⠟⢻⠛⣿⠻⣹⢉⣏⠹⡭⢹⠹⣇⢀⣳⣟⣀⣧⣧⣤⡴⣱⡿⠃
⠀⠈⢻⣮⡢⣼⣦⣿⣶⣷⣾⣾⣿⣿⢿⣿⣿⣿⣿⣿⣿⣿⣿⢟⣵⡟⠁
⠀⠀⠘⠻⠿⢮⣻⢿⣿⣿⣿⣏⣧⠸⢄⡄⣹⣿⣿⣿⡿⣟⡵⠿⠟⠃
⠀⠀⠀⠀⠀⠀⠈⠓⠯⣛⠿⣿⣿⣾⣷⣾⣿⠿⣛⠽⠚⠁
⠀⠀⠀⠀⠀⠀⠀⠀⠀⠈⠙⠺⢽⣿⣿⡯⠗⠋⠁
⡞⠐⠀⠀⣠⣀⣀⡀⠀⠀⠀⢆⣠⣷
⠱⣶⣿⠿⠛⣯⣡⣘⡚⣶⢹⢸⣇⠏
⠀⠈⠢⣬⣷⣾⣿⢀⡇⣿⣸⠜⠋
⠀⠀⠀⠀⠙⠻⢿⡿⠗⠋
⣸⡗⠶⠤⠤⠤⠤⠤⠤⠔⠒⠗⠢⠤⠤⣤⠤⣤⠤⠶⢺⣇
⣿⠀⠀⢀⣀⣀⣴⣿⣶⣶⣷⡦⡔⢚⡉⠢⣠⡨⣵⡟⣿⣿
⠹⣶⣾⣿⣿⣿⣿⠿⣟⣎⣧⢼⣿⡻⣶⡏⣿⡇⣿⡇⣿⡏
⠀⠙⣿⡟⠋⢥⡶⢘⣩⣿⣿⡏⣾⡇⣾⡇⣿⡇⣿⣷⠏
⠀⠀⠈⠻⣦⣶⣿⣿⣿⣿⣿⡇⣿⡇⣿⡇⣿⡷⠟⠁
⠀⠀⠀⠀⠀⠙⠻⣿⣿⣿⣿⣇⣿⣇⣿⠟⠋
⠀⠀⠀⠀⠀⠀⠀⠀⠙⠻⢿⡿⠟⠋
⢰⡿⠶⠦⠤⢤⣀⣀⣀⣤⡤⠤⠴⠒⣓⠢⠤⠤⠤⣀⣀⡤⣤⠤⠴⠶⣿⡆
⣾⡇⠀⠀⠀⠀⠀⢀⣰⣷⣶⣶⣶⣦⣤⣀⠤⠖⠊⢩⠀⡄⣙⣥⣶⢾⣿⣿
⢻⣧⣤⣶⣾⣿⣾⣿⣿⣿⡿⣯⠝⣚⣱⣟⡶⢿⣩⡴⢲⣿⠁⣿⣿⢸⣿⡟
⠀⠻⣿⣿⣿⡿⠿⢛⣉⢥⡽⠾⣷⣻⡭⢺⣷⠋⣿⡇⢸⣿⠀⣿⣿⣼⡟⠁
⠀⠀⠙⢿⣅⠀⠈⣛⣫⣵⣶⣿⣿⣿⡇⢸⣿⠀⣿⡇⢸⣿⣆⣿⡿⠋
⠀⠀⠀⠀⠉⠻⢿⣿⣿⣿⣿⣿⣿⣿⡇⢸⣿⠀⣿⣷⣸⡿⠟⠉
⠀⠀⠀⠀⠀⠀⠀⠉⠻⢿⣿⣿⣿⣿⣧⣼⣿⣧⡿⠟⠉
⠀⠀⠀⠀⠀⠀⠀⠀⠀⠀⠈⠙⠻⢿⣿⠿⠋⠁
⠀⠀⠀⠄⠠⠄⠠⠄⠠⠄⠠
⢀⣀⣀⣤⡀⠀⠀⠀⠀⢀⣤⣄⣀⣀
⠘⣯⣿⣿⡄⠀⠖⠤⠀⢠⣿⣽⣽⠃
⠀⠈⠻⢿⣷⣦⣄⣠⣴⣾⡿⠟⠁
⠀⠀⠀⠀⠉⠻⢽⡿⠟⠉
⠀⠀⠀⠠⢄⡀⠀⢄⡄⠀⢎⡱⠀⢠⡠⠀⢀⡠⠄
⠀⠀⠀⠀⠈⠑⠉⠉⠉⠉⠑⠊⠉⠉⠉⠉⠊⠁
⢀⣀⣀⣀⣤⣤⣄⠐⠀⠀⠂⠐⠀⠀⠂⣠⣤⣤⣀⣀⣀⡀
⠸⣿⣟⢽⣿⣿⣟⠀⠀⢠⣤⠀⠀⠀⠀⣻⣿⡏⣿⢹⣿⠇
⠀⠙⢿⣿⣿⣿⣿⠄⠀⠈⠋⠙⠑⠀⠠⣿⣿⣿⣿⡿⠋
⠀⠀⠀⠛⢿⣿⣿⣿⣶⣄⡀⢀⣠⣶⣿⣿⣿⡿⠋
⠀⠀⠀⠀⠀⠙⠻⣿⣿⡿⣻⣟⢿⣿⣿⠟⠋
⠀⠀⠀⠀⠀⠀⠀⠀⠉⠛⢾⡷⠛⠉
⠀⠀⠀⠀⢀⣀⣀⡀⢀⠤⣀⠀⠤⣞⣳⠤⠀⣀⠤⡀⠀⣀⣀⡀
⠀⠀⠀⠀⠀⠈⠛⠴⠶⠛⡗⠒⠒⢻⡟⠒⠒⢺⠛⠶⠦⠛⠁
⠀⠀⠀⠀⠀⠀⠀⠐⠀⠈⠉⠉⢀⡀⢀⡀⠉⠉⠁⠀⠂
⢠⣤⣤⣴⣶⣶⣶⣿⣶⠈⠀⠀⠀⠀⠀⠀⠀⠀⠁⣶⣿⣶⣶⣶⣦⣤⣤⡄
⠘⣿⣿⡉⢶⢾⣿⣿⣉⠀⠀⠀⣶⣦⠀⠀⡀⠀⠀⣉⣿⣿⢱⣿⡎⣿⣿⠃
⠀⠈⢿⣿⣿⣿⣿⣿⣿⠄⠀⠂⠹⠋⠹⠋⠆⠀⠠⣿⣿⣿⣿⣿⣿⡿⠁
⠀⠀⠀⠙⢿⣿⣿⣿⣿⣶⣦⡀⠀⠀⠀⠀⢀⣴⣶⣿⣿⣿⣿⡿⠋
⠀⠀⠀⠀⠀⠙⠿⣿⣿⣿⣿⣿⣷⣄⣠⣾⣿⣿⣿⣿⣿⠿⠋
⠀⠀⠀⠀⠀⠀⠀⠈⠙⠿⣿⣿⡋⢿⣿⢝⣿⣿⠿⠋⠁
⠀⠀⠀⠀⠀⠀⠀⠀⠀⠀⠀⠉⠛⢿⠿⠛⠉
⠀⠀⢀⣠⣤⣤⣼⣧⣤⣤⣄
⠀⠀⢀⠹⡟⣟⣛⣛⣿⠿⠏⡀
⣠⠪⣲⣔⢛⣻⣿⣿⣿⣿⣶⣤⠑⢄
⢇⠁⠻⣿⣿⣿⣿⣿⣿⣿⣿⠟⠉⡹
⠀⠑⠒⠼⢹⣛⣻⣻⣛⡽⠭⠒⠊
⠀⠀⠀⠀⠀⢀⣀⣀⣀⣠⣼⣧⣀⣀⣀⣀
⠀⠀⠀⠀⢴⣯⣶⣾⣿⣿⣿⣿⣿⣿⣷⣶⣽⡦
⠀⠀⠀⠀⣀⣨⣿⠛⣟⢻⠛⢻⢻⣛⢛⢿⢅⣀
⠀⣠⠖⣉⣄⢠⣵⠷⣷⣿⣿⣿⣿⣷⣷⣯⣄⣨⠙⠶⣄
⣼⠧⣍⣥⣿⣷⣭⣧⣼⣿⣿⣿⣿⣿⣿⣿⣿⣿⣯⢄⠈⣧
⢿⠉⠁⢻⣿⣿⣿⣿⣿⣿⣿⣿⣿⣿⣿⣿⣿⣿⡏⠉⢉⡿
⠈⠳⢄⣀⡽⠟⡿⣿⣿⣿⣿⣿⣿⣿⣿⣿⠻⡯⢀⡠⠞
⠀⠀⠀⠉⠓⠺⠴⠵⣉⣋⣟⣝⣟⣎⠤⠮⠗⠚⠉
⠀⠀⠀⠀⠀⠀⠀⠀⠀⠀⠀⢀⣀⣼⣇⣀⡀
⠀⠀⠀⠀⠀⢠⣴⣛⣭⣽⣿⣿⣷⣿⣿⣾⣿⣿⣭⣭⣛⣦⡄
⠀⠀⠀⠀⠀⠈⠻⢿⣿⣿⣿⣿⣿⣿⣿⣿⣿⣿⣿⣿⡿⠛⠁
⠀⠀⠀⠀⣀⡤⠔⢾⡫⡉⡿⢄⢮⣩⣰⣠⠳⡝⡩⢛⠗⠦⢤⣀
⠀⢀⡴⠋⢡⣤⡠⢤⣷⠾⣿⣿⣿⣿⣿⣿⣿⣿⣿⣿⣦⣀⡤⠈⠟⢦⡀
⣰⢯⣨⢙⣥⣿⣷⣄⣉⣷⣬⣿⣿⣿⣿⣿⣿⣿⣿⣿⣿⣿⣷⣞⡥⠀⠹⣆
⣿⠐⠲⠁⣿⣿⣿⣿⣿⣿⣿⣿⣿⣿⣿⣿⣿⣿⣿⣿⣿⣿⣿⣿⠺⠓⠂⣿
⠘⢧⡀⠀⠈⠿⣿⣿⣿⣿⣿⣿⣿⣿⣿⣿⣿⣿⣿⣿⣿⣿⠿⠁⠀⢀⡼⠃
⠀⠀⠙⠦⣴⡲⢋⣹⢛⡿⢿⣿⣿⣿⣿⣿⡿⣿⣟⢻⣋⠛⢖⣢⠴⠋
⠀⠀⠀⠀⠀⠉⠓⠓⠮⠽⣅⣜⣠⣛⣆⣇⣺⣬⠶⠧⠚⠛⠉
⢠⠊⢐⣒⡒⠒⠊⠑⢲⠖⣶⣦⠑⡄
⣇⠺⠸⣿⠇⠇⠀⢀⡿⠣⣍⡍⠀⡽
⠈⠢⢀⠀⢀⡴⠛⢳⣦⣶⠉⡠⠜⠁
⠀⠀⠀⠈⠉⠒⠦⠔⠒⠉⠁
⠀⣴⠛⠒⠒⠒⠒⠒⠒⠒⠚⠒⠒⢲⣦⠴⣴⡶⣒⠺⣦⡀
⣼⠁⣾⠈⣿⣿⣿⢰⣷⠀⠀⠀⢴⣿⡵⣂⡛⢛⠛⠀⠘⣷
⠹⣦⠉⠀⠉⠛⠉⠀⠁⣠⣦⣴⢛⠁⢀⡙⠷⠊⠀⢀⡼⠃
⠀⠈⠙⠂⠤⢀⣀⣤⠞⠁⠈⠸⠟⠗⢿⣇⡠⠤⠒⠋
⠀⠀⠀⠀⠀⠀⠀⠈⠉⠓⠦⠖⠚⠉⠁
⠀⢀⣴⠗⠶⠤⠤⠤⠤⠤⠤⠴⠶⠖⠲⠶⠦⢤⣤⣤⣤⠤⡤⠶⠶⣷⣄
⢠⡿⢁⣄⠀⣶⣶⣦⣦⠀⣆⡀⠀⠀⠀⠀⣠⣾⠟⡁⢸⣿⢭⣿⡃⠈⢿⣆
⣿⡇⢸⣿⠀⣿⣿⣿⣿⠘⣿⠇⠀⠀⠀⢚⣽⡿⠛⣥⣬⠉⣤⠍⠁⠀⢸⣿
⠘⣷⡄⠉⠀⠈⠽⠯⠁⠀⠁⠀⣠⣦⣴⠿⠋⠀⠀⠈⠿⠶⠋⠀⠀⣠⡿⠃
⠀⠈⠛⠦⣄⡀⠀⠀⠀⣀⣠⠞⠁⠘⠉⡿⣷⡴⣿⡏⠀⠀⢀⣤⠾⠋⠁
⠀⠀⠀⠀⠀⠉⠙⠒⠦⠽⣭⣀⡀⠀⠈⣉⣈⣤⠭⠟⠒⠋⠉
⠀⠀⠀⠀⠀⠀⠀⠀⠀⠀⠀⠈⠙⠳⠟⠉⠁
⠀⠀⠀⠀⢴⣶⣾⣶⣶⣦
⠐⠲⢆⢰⣶⢫⣿⣯⡝⣶⡆⡰⠖⠂
⠀⠀⠀⠈⠑⠸⢏⡱⠆⠊⠁
⠀⠀⠀⠀⠀⠀⣀⢤⣔⣒⣾⣧⣒⣢⡤⣀
⠀⠀⠀⠀⠀⠀⠙⠻⣿⣿⣿⣿⣿⡿⠟⠋
⠈⠛⠿⣿⠉⢹⣿⡿⢩⣖⣗⣲⣢⠍⢫⣿⡏⠉⣿⠿⠛⠁
⠀⠀⠀⠀⠙⠚⢿⡙⢺⣗⡓⢞⣪⡕⢋⡿⠗⠋
⠀⠀⠀⠀⠀⠀⠀⠈⠙⠻⢇⡨⠟⠋⠁
⠀⠀⠀⠀⠀⠀⠀⠀⣀⣀⡤⠔⢦⣼⣧⡴⠢⢤⣀⣀
⠀⠀⠀⠀⠀⠀⠀⠈⢳⣾⣿⣿⣿⣿⣿⣿⣿⣿⣷⡼⠃
⠠⢤⡤⣤⣤⠤⠤⣤⣤⢤⡽⣛⣻⣍⣭⣙⡛⢯⡤⣤⣤⠤⠤⣤⣤⢤⡤⠄
⠀⠀⠈⠙⠻⢄⡀⣿⣿⢯⠀⣿⢲⡗⢺⡖⡯⠀⡽⣿⣿⢀⡠⠟⠋⠁
⠀⠀⠀⠀⠀⠀⠈⠙⠻⢄⡉⣶⣬⠭⠩⣥⣶⢋⡠⠟⠋⠁
⠀⠀⠀⠀⠀⠀⠀⠀⠀⠀⠈⠙⠻⢄⡠⠟⠋⠁
⠀⠀⢀⣠⣤⣤⣼⣧⣤⢤⣄⡀
⠀⠀⣈⣹⡿⠿⠿⠿⠿⢿⣏⣁
⣰⣾⣿⣿⣿⣶⣶⣶⠶⠿⠙⢿⣷⣆
⢿⣿⣇⡻⣿⣻⣿⣿⣿⣶⣤⣼⣿⡿
⠀⠙⠻⠤⢤⣈⣛⣉⣙⡿⠿⠟⠋
⠀⠀⠀⠀⠀⢀⣀⣀⠤⠄⢺⡗⠠⢤⣀⣀⡀
⠀⠀⠀⢀⢾⣿⣾⣹⣿⣿⣯⣽⣿⣿⣯⣷⣿⠷⡀
⠀⠀⠀⠀⣀⣩⣿⡿⠿⠿⠿⠿⠿⠿⢿⣿⣍⣀
⠀⣠⢖⣿⢿⣻⣭⡶⢤⣤⣤⣤⡤⡴⣾⠿⢿⡿⣿⡲⣄
⡼⣵⡿⣵⠻⡟⣩⣾⣿⣾⣽⣯⣟⡉⠓⠛⠀⠙⣎⢿⣮⢧
⢧⢿⣧⢷⡈⢧⡻⣝⠻⣿⢹⣿⣿⣿⣷⣦⣀⣀⡟⣼⡿⡼
⠈⠳⣝⣷⡟⠂⠉⠛⠛⢯⣺⠿⠯⣿⣾⣿⣿⣿⣾⣫⠞⠁
⠀⠀⠀⠉⠛⠻⠶⢦⣤⣤⣤⣤⣤⣤⡽⠿⠟⠛⠉
⠀⠀⠀⠀⠀⠀⠀⠀⠀⢀⣠⡤⠤⢼⡧⠤⢤⣄⡀
⠀⠀⠀⠀⠀⡠⣲⣯⣽⠵⣷⣶⣶⡞⢳⣶⣶⣾⠎⣯⣽⣖⢄
⠀⠀⠀⠀⠘⠁⠻⣿⢿⣿⣿⣿⣿⣿⣿⣿⣿⣿⣿⡿⡿⠟⠈⠂
⠀⠀⠀⠀⣀⡤⣶⣾⣿⠟⠛⠛⠛⠛⠛⠛⠛⠛⠻⣿⣷⣦⢤⣀
⠀⣠⠴⣫⣷⠿⣻⣽⣮⣝⠲⠤⣴⣶⣶⡦⠤⠖⣯⡗⠯⣟⠿⣾⣝⠦⡀
⣴⢣⣾⡟⣱⠿⣿⠟⣩⣶⣿⣷⣮⣟⣫⣵⠚⠙⠲⠝⠂⠈⠳⡌⢻⣷⡙⣆
⣿⢸⣿⡅⣯⠀⢿⠐⣟⠿⣿⣿⡟⢻⣿⣿⣿⣶⣤⣀⠀⠀⠀⡿⢸⣿⡇⣿
⠙⣎⢻⣷⣜⠦⣌⠓⢮⣓⡦⢽⡇⢹⣿⡿⠿⢟⣛⣿⣿⣶⠞⣡⣾⠟⣱⠋
⠀⠈⠓⢮⣻⢯⣁⡀⠀⠀⠉⠙⠧⠵⠋⠙⠻⢿⣿⣿⣿⣿⡿⣛⡵⠚⠁
⠀⠀⠀⠀⠈⠉⠛⠻⠿⠶⣶⣶⣤⣤⣤⣤⣶⣶⠾⠿⠟⠛⠉⠁
⢤⢄⠀⢠⣴⣶⣾⣷⣶⣦⡄
⢿⡇⣍⣲⣼⣿⣿⣿⣿⣧⣄
⠻⣇⣿⣽⣿⣿⢿⣛⣿⡿⣿⣇⡀
⠀⠀⠀⠐⠲⠊⣻⣗⣺⡯⠿⠛⢏⡁
⣀⣄⠀⠀⠀⠀⣀⣤⣤⣤⣾⣧⣤⣤⣤⣀
⣸⣯⠓⠦⣄⡘⠿⢿⣿⣿⣿⣿⣿⣿⡿⠟⠃
⢹⣿⡄⣶⣄⣩⣗⣮⠽⢿⣟⠽⢿⣿⣟⣶⣤⡀
⢺⣿⠁⢿⡏⠭⠹⢮⣝⣣⣭⡷⠶⠶⣿⣿⣱⣹⡀
⠀⠉⠛⠞⠛⠛⣛⣛⠫⣭⠶⠶⣛⣋⣭⡭⠶⢖⣚⣓⣤⠄
⠀⠀⠀⠀⠀⠀⠉⠛⠀⢂⣛⣋⣭⡭⠶⠖⠛⠋⠙⠲⢤⡀
⠀⣀⠀⠀⠀⠀⠀⠀⢀⣀⣀⣀⣤⣾⣧⣤⣤⣀⣀⡀
⢛⣾⢷⣤⣀⠀⠀⣞⣿⣿⣿⣿⣿⣿⣿⣿⣿⣿⣿⣿⣳
⢸⣿⡆⠈⠙⠳⢦⣌⡉⢻⣿⣿⡿⣿⡿⣿⣿⣿⣟⠁⠁
⢸⣿⣷⠀⣷⣦⣤⣞⣫⠵⠶⠖⢾⡁⠘⠻⠷⣿⣋⡽⣳⣤⡀
⢼⣿⡏⠀⣿⣿⠉⠁⠳⣄⡀⠀⣀⣙⣷⣶⣶⡶⠷⠾⠥⣀⢹
⠀⠻⠷⣤⣽⣿⣤⣤⣤⣾⠿⠿⢛⣋⣭⣤⣶⠶⠿⠛⣛⣛⣛⣦⣤⡄
⠀⠀⠀⠀⠁⠀⠂⠐⣤⡤⠄⠛⢟⣛⣩⣥⣴⡶⠿⠛⣋⣩⣥⣶⡶⠖⠛⠂
⠀⠀⠀⠀⠀⠀⠀⠀⠀⠐⠁⠈⣨⣭⣭⣤⡴⠶⠾⠛⠋⠉⠀⠁⠛⠷⣤
⡷⠶⠶⣶⡖⠒⠾⠿⠒⢒⡒⠒⠶⢾
⠱⡼⢶⡿⢷⣾⣷⣦⣌⡢⢯⡂⢀⠎
⠀⠈⠺⡇⢸⡇⢸⡇⢸⡇⢸⠗⠃
⠀⠀⠀⠈⠘⠣⢸⡇⠜⠃⠁
⣷⣶⣤⣤⣤⣤⣤⣤⣤⣶⣾⣷⣶⣦⣤⣤⣤⣤⣤⣤⣶⣾
⣿⠋⣭⠀⢸⣶⣶⡀⠀⣤⠉⡉⠁⠀⡰⢤⣄⠀⠀⠉⠙⣿
⠘⣦⣹⣷⣿⣽⣽⣷⣟⣿⣴⣦⣤⡈⠳⢼⡧⠝⠀⠀⣰⠇
⠀⠘⢦⠀⣿⡇⠀⣿⡏⠛⣿⣿⠛⢹⣿⠀⢸⣿⠀⡴⠋
⠀⠀⠈⠳⣿⡇⠀⣿⡇⠀⣿⣿⠀⢸⣿⠀⢸⣿⠞⠁
⠀⠀⠀⠀⠀⠑⠦⣿⡇⠀⣿⣿⠀⢸⣿⠴⠊
⠀⠀⠀⠀⠀⠀⠀⠈⠑⠢⢿⡿⠴⠊⠁
⣷⣦⣤⣤⣀⣀⣀⣀⣀⣠⣤⣤⣶⣾⣿⣶⣤⣤⣄⣀⣀⣀⣀⣀⣤⣤⣴⣶
⣿⡿⠟⠛⠋⠩⣭⣭⣭⠍⠉⠉⡛⠻⡟⠛⠉⠉⢩⡍⡉⠉⠉⠙⠛⠻⢿⣿
⢹⡆⢠⣷⣄⢠⢿⣿⢿⡆⣠⣜⣷⠀⡇⠀⠀⢠⡚⠉⡟⠦⡄⠀⠀⠀⢰⡟
⠀⢿⣶⣝⣾⣿⣿⣷⣿⣿⣿⣵⣿⣿⣿⣶⣦⣀⣙⠳⠷⣒⣃⠀⠀⣀⡿⠁
⠀⠀⠻⣄⠀⣿⣿⠀⠀⣿⣿⠉⠛⣿⣿⠛⠋⣿⣿⠀⠀⣿⣿⠀⣠⡟⠁
⠀⠀⠀⠙⢧⣿⣿⠀⠀⣿⣿⠀⠀⣿⣿⠀⠀⣿⣿⠀⠀⣿⣿⡴⠋
⠀⠀⠀⠀⠀⠙⠿⣄⠀⣿⣿⠀⠀⣿⣿⠀⠀⣿⣿⠀⣠⠿⠋
⠀⠀⠀⠀⠀⠀⠀⠈⠓⢿⣿⠀⠀⣿⣿⠀⠀⣿⡿⠚⠁
⠀⠀⠀⠀⠀⠀⠀⠀⠀⠀⠈⠙⠦⢿⣿⠴⠚⠁
⠀⢀⣤⣶⣾⣶⣿⣿⣶⣷⣶⣤⡀
⣴⡋⡉⣀⡀⡉⢛⣛⡉⣀⢀⣉⣙⣦
⢧⠀⣿⡇⠀⣿⣷⣾⣿⡇⢸⣿⠀⡼
⠀⠳⣿⡇⠀⣿⡟⠻⣿⡇⢸⣿⠞
⠀⠀⠀⠑⠲⢿⣇⣸⡿⠗⠊
⠀⠀⠀⠀⣀⣤⣶⣶⣦⣤⣿⣿⣤⣴⣶⣶⣤⣀
⠀⢀⣴⣿⠿⠿⠿⠿⢿⣿⣿⣿⣿⡿⠿⠿⠿⠿⣿⣦⡀
⣰⣟⠉⠀⢀⠀⣀⠀⡀⠉⡙⣋⡉⡀⢀⡀⢀⣀⡀⢉⣿⣆
⣿⠉⠁⣷⣷⡆⠀⢰⣷⣷⣁⣀⣷⣾⡆⠁⠀⣿⣷⠁⠉⣿
⠘⣆⠀⣿⣿⡇⠀⢸⣿⣿⣿⣿⣿⣿⡇⠀⠀⣿⣿⠀⣰⠃
⠀⠈⠢⣿⣿⡇⠀⢸⣿⣿⠿⠿⣿⣿⡇⠀⠀⣿⣿⠖⠁
⠀⠀⠀⠈⠻⢅⡀⢸⣿⣿⠀⠀⣿⣿⡇⢀⡠⠟⠁
⠀⠀⠀⠀⠀⠀⠉⠚⠿⢿⣀⣀⡽⠿⠛⠉
⠀⠀⠀⠀⠀⠀⣀⣤⣶⣶⣤⣤⣼⣿⣿⣧⣤⣤⣶⣶⣤⣀
⠀⠀⢀⣠⣶⣿⣿⣿⣿⣿⣿⣿⣿⣿⣿⣿⣿⣿⣿⣿⣿⣿⣿⣶⣄⡀
⠀⣴⣿⠟⠋⠉⠉⠀⠀⠀⠉⢻⠿⢿⡿⠿⡟⠉⠀⠀⠀⠉⠉⠙⠻⣿⣦
⣼⣿⣇⠒⡔⡐⠆⠲⡆⠀⣴⢐⠂⡆⡄⡖⢰⢂⢲⣶⠢⠔⡶⡆⣀⢾⣿⣧
⣿⠀⠀⠈⣿⣿⡏⠀⠀⢸⣿⣿⣧⣀⣀⣸⣿⣿⡇⠀⠀⢸⣿⣿⡇⠀⠀⣿
⠘⣇⠀⠀⣿⣿⡇⠀⠀⢸⣟⣿⣿⣿⣿⣿⣿⣿⡇⠀⠀⢸⣿⣿⡇⠀⣸⠃
⠀⠈⢧⣀⣿⣿⡇⠀⠀⢸⣿⣿⣿⣿⣿⣿⣿⣿⡇⠀⠀⢸⣿⣿⣇⡾⠁
⠀⠀⠀⠙⠿⣿⡇⠀⠀⢸⣿⣿⡏⠀⠀⢸⣿⣿⡇⠀⠀⢸⣿⠿⠋
⠀⠀⠀⠀⠀⠈⠓⢦⣀⢸⣿⣿⡇⠀⠀⢸⣿⣿⡇⣀⡴⠚⠁
⠀⠀⠀⠀⠀⠀⠀⠀⠈⠙⠛⠿⢧⣀⣀⡸⠿⠛⠋⠁
⠀⣀⣴⣶⣿⣾⡆⢰⣯⣽⣶⣦⣀
⢰⡿⢫⣶⠶⣿⣇⣸⣿⣶⣶⡟⢿⡆
⠘⢿⣮⣟⠋⣿⣿⣿⣿⠙⣻⣵⡿⠃
⠀⠀⠉⠛⠳⠿⠃⠘⠿⠞⠛⠉
⠀⠀⠀⠀⠀⠀⠀⠀⠀⠀⠐⠂
⠀⠀⠀⠈⢀⣀⣤⣄⡤⣠⠐⠂⣄⣤⢤⣄⣀⡀⠁
⠀⢀⣴⣾⣿⠿⠿⢷⣿⣿⠀⠀⣿⣿⠾⠿⠿⣿⣷⣦⡀
⢰⣿⠿⠋⣵⣿⠶⠶⣿⣿⡀⢠⣿⣿⢰⣶⣿⣮⠙⠿⣿⡄
⠘⣿⣷⣤⡻⢿⠶⠶⣿⣿⣿⣿⣿⣿⠸⠿⡿⢟⣤⣾⣿⠃
⠀⠈⠻⢿⣿⣷⣤⡀⣿⣿⠹⠃⣿⣿⢀⣤⣾⣿⡿⠛⠁
⠀⠀⠀⠀⠈⠉⠙⠛⠒⠙⠀⠀⠋⠒⠛⠋⠉
⠀⠀⠀⠀⠀⠀⠀⠀⠀⠤⠀⠀⠀⠠⠄⠀⠀⠀⠤
⠀⠀⠀⠀⠐⠂⠀⠀⣀⠀⠀⠀⠀⠠⠄⠀⠀⠀⠀⣀⠀⠀⠐⠂
⠀⠀⠀⠀⣠⣤⣶⣶⣿⠧⣚⣵⡇⠀⠀⢸⣮⣋⢹⣧⣶⣶⣤⣀
⠀⢀⣴⣿⣿⣿⠟⣛⠛⠻⣿⣿⡇⠀⠀⢸⣿⣿⠛⠛⣛⠻⣿⣿⣿⣦⡀
⢀⣿⣿⠿⠋⣴⣾⣿⠶⠶⣿⣿⣷⡀⢀⣾⣿⣿⢰⣶⣿⣷⣦⠙⠿⣿⣿⡀
⠘⣿⣷⣦⡀⢿⣿⣿⣤⣤⣿⣿⣿⣷⣾⣿⣿⣿⢸⣿⣿⣿⠿⣀⣴⣾⣿⠃
⠀⠙⢿⣿⣿⣷⣬⡋⠀⠀⣿⣿⡟⢿⡿⢻⣿⣿⠀⠀⢉⣥⣾⣿⣿⡿⠃
⠀⠀⠀⠉⠛⠿⣿⣿⣷⣄⡻⢿⡇⠈⠁⢸⡿⢟⣤⣾⣿⣿⠿⠛⠉
⠀⠀⠀⠀⠀⠀⠀⠈⠉⠉⠛⠒⠁⠀⠀⠈⠒⠛⠉⠉⠁
⣟⠩⠉⠩⠉⠭⠉⠉⠍⠍⠭⠭⠍⣿
⣿⣿⣿⣿⣿⡛⠿⠿⢛⣿⣿⣿⣿⣿
⣿⣿⣯⠍⠙⡟⠀⠀⢻⠋⢩⣽⣿⣿
⣿⣿⣷⣶⣿⠟⣀⣀⠻⣿⣶⣾⣿⣿
⠀⠉⠉⠙⠛⠻⠿⠿⠟⠛⠋⠉⠉
⢱⠋⢉⡉⠉⢉⠉⠉⣉⡉⡉⡉⢉⡉⡉⢉⣉⣉⡉⡉⢙⡎
⢸⣦⣤⣤⣤⣤⣤⣤⣤⣤⣤⣤⣤⣤⣤⣤⣤⣤⣤⣤⣴⡇
⢸⣿⣿⣿⣿⣿⣿⣷⣌⠉⠛⠛⠉⣡⣾⣿⣿⣿⣿⣿⣿⡇
⢸⣿⣿⣷⣤⡉⡉⢹⠟⠉⠁⠈⠉⠻⡏⢉⢉⣴⣾⣿⣿⡇
⢸⣿⣿⣟⣡⣤⣴⣾⣷⠆⠀⠀⠰⣾⣷⣦⣤⣌⣻⣿⣿⡇
⠘⠿⣿⣿⣿⣿⣿⣟⣥⣴⣾⣷⣦⣌⣻⣿⣿⣿⣿⣿⠿⠃
⠀⠀⠀⠀⠀⠈⠉⠉⠛⠛⠿⠿⠛⠛⠉⠉⠁
⣷⡟⠛⢛⠛⠛⠛⡛⠛⠛⠛⡛⢛⡛⣛⢛⢛⢛⣛⢛⣛⢛⣛⡛⣛⡛⢻⣼
⣿⣇⣐⣉⣑⣀⣐⣁⣂⣀⣋⣉⣊⣓⣋⣘⣙⣈⣋⣘⣉⣈⣉⣃⣋⣂⣸⣿
⣿⣿⣿⣿⣿⣿⣿⣿⣿⣟⠻⠿⣿⣿⣿⣿⠿⠟⣻⣿⣿⣿⣿⣿⣿⣿⣿⣿
⣿⣿⣿⣿⡿⣿⣿⣿⣿⣿⣷⣄⠀⣛⣋⠀⣠⣾⣿⣿⣿⣿⣿⢿⣿⣿⣿⣿
⣿⣿⣿⣿⣿⣦⣄⢍⡉⢙⡿⠋⠉⠀⠀⠉⠙⢿⡋⢉⡩⣠⣴⣿⣿⣿⣿⣿
⣿⣿⣿⣿⡿⠛⣁⣉⣤⣬⣿⣤⣀⣀⣀⣀⣤⣿⣥⣤⣉⣈⠛⢿⣿⣿⣿⣿
⡿⣿⣿⣿⣿⣿⣿⣿⣿⣿⠟⠁⣀⣴⣦⣀⠈⢻⣿⣿⣿⣿⣿⣿⣿⣿⣿⢿
⠁⠙⠛⠿⠿⠿⢿⣿⣿⣿⣶⣿⣿⣿⣿⣿⣿⣶⣿⣿⣿⡿⠿⠿⠿⠛⠋⠈
⠀⠀⠀⠀⠀⠀⠀⠀⠀⠈⠉⠙⠛⠿⠿⠛⠋⠉⠁
⠀⠀⠀⡤⠀⠀⠀⠀⠀⠀⢤
⠀⠈⠀⠘⠈⠛⠃⠘⠛⠁⠃⠀⠁
⡈⢰⣲⣞⣛⣻⣛⣛⣛⣟⣓⣶⡆⢁
⢁⠀⢸⣿⡇⠀⣿⣿⠀⢸⣿⡇⠀⡈
⠀⠁⠈⠻⠇⠀⣿⣿⠀⠸⠟⠁⠈
⠀⠀⠀⠀⠀⠀⠙⠋
⠀⠀⠀⠀⠀⢀⣀⡀⠀⠀⠠⠄⠀⠀⢀⣀⡀
⠀⠀⣤⠄⠘⠿⡀⣤⣤⣄⢰⡆⣠⣤⣤⢀⠿⠃⠠⣤
⠀⠀⠀⠉⠀⠙⠊⠈⠙⠛⠈⠁⠛⠋⠁⠑⠋⠀⠉
⢠⡖⢂⣀⣠⣭⣭⣭⣭⣭⣭⣭⣭⣭⣭⣭⣭⣄⣀⡐⢲⡄
⣼⠁⣾⣧⣷⣽⣤⣬⣼⣤⣤⣼⣤⣥⣿⣼⣼⣼⣽⣷⠈⣧
⢻⡀⡇⢸⣿⣿⣿⠀⠀⣿⣿⣿⣿⠀⠀⣿⣿⣿⡇⢸⢀⡟
⠈⢧⠐⣸⣿⣿⣿⠀⠀⣿⣿⣿⣿⠀⠀⣿⣿⣿⣇⠂⡼⠁
⠀⠈⠳⣌⠙⠻⣿⠀⠀⣿⣿⣿⣿⠀⠀⣿⠟⠋⣡⠞⠁
⠀⠀⠀⠀⠙⠢⢄⡀⠀⢿⣿⣿⡿⠀⢀⡠⠔⠋
⠀⠀⠀⠀⠀⠀⠀⠈⠑⠢⢌⡡⠔⠊⠁
⠀⠀⠀⠀⠀⠀⠀⠀⠀⠀⠀⠀⠀⣰⣆
⠀⠀⢀⣀⡀⠰⣿⡟⠉⠉⣀⣀⡀⣴⣦⢀⣀⣀⠉⠉⢻⣿⠆⢀⣀⡀
⠀⠀⠙⠛⠦⢀⠰⣭⡢⠙⠿⣿⣧⠹⠏⣼⣿⠿⠋⢔⣭⠆⡀⠴⠛⠋
⠀⠀⠀⣀⣀⣀⣀⣀⣀⣀⣀⣀⣀⣀⣀⣀⣀⣀⣀⣀⣀⣀⣀⣀⣀
⢠⡿⠁⣤⣤⣶⣶⡶⢶⠶⡶⡶⡶⢶⢶⡶⢶⡶⣶⠶⠶⣶⣶⣤⣤⠈⢿⡄
⣼⡇⢠⠿⠵⣽⣬⣧⣦⠦⠦⢥⣦⣴⣼⣴⡬⠮⠿⢬⣥⣧⣷⡽⠿⡄⢸⣧
⢻⡇⢸⠀⢸⣿⣿⣿⣿⠀⠀⢸⣿⣿⣿⣿⡇⠀⠀⣿⣿⣿⣿⡇⠀⡇⢸⡟
⠘⣷⡀⢧⢸⣿⣿⣿⣿⠀⠀⢸⣿⣿⣿⣿⡇⠀⠀⣿⣿⣿⣿⡇⡼⢀⣾⠃
⠀⠈⢷⣄⠫⢻⣿⣿⣿⠀⠀⢸⣿⣿⣿⣿⡇⠀⠀⣿⣿⣿⡟⠝⣠⡾⠁
⠀⠀⠀⠉⠳⢤⡁⠙⢟⠀⠀⢸⣿⣿⣿⣿⡇⠀⠀⡻⠋⢈⡤⠞⠉
⠀⠀⠀⠀⠀⠀⠉⠓⠦⣌⡐⠘⠻⢿⡿⠟⠃⢂⣡⠴⠚⠉
⠀⠀⠀⠀⠀⠀⠀⠀⠀⠀⠉⠑⠲⢤⡤⠖⠊⠉
⠀⡀⠀⣴⢤⠀⡤⢤⢀⡤⢤⠀⢀
⠀⠙⢦⣮⢙⡀⢣⡔⢘⡃⣞⡴⠋
⠀⠀⠀⠙⠸⡇⢀⡀⢸⠇⠋
⠀⠀⠀⠀⠀⠀⠸⠇
⠀⠀⠀⠀⠀⠠⠄⠠⠄⠠⠀⠠⠀⠠⠀⠀⠄
⠀⢠⡔⠁⠘⢯⣉⠛⠀⣾⡏⠉⠛⢰⣿⠉⢹⡇⠈⢢⡄
⠀⠀⠙⢦⡰⠦⠬⠿⠀⠻⠧⠤⠶⠘⠿⠤⠼⢇⡴⠋
⠀⠀⠀⠀⠙⢿⠀⢸⣿⠀⠘⠃⠀⣿⡇⠀⡿⠋
⠀⠀⠀⠀⠀⠀⠑⢼⣿⠀⠀⠀⠀⣿⡧⠊
⠀⠀⠀⠀⠀⠀⠀⠀⠙⠄⢾⡷⠠⠋
⠀⠀⠀⠀⠀⠀⠀⠀⠀⠀⠙⠋
⠀⠀⠀⠀⠀⠀⠀⠤⠀⠠⡄⠀⢠⠀⠠⠄⠀⢤⠄⠀⠄
⠀⠀⢀⡠⠂⠀⣶⠖⠒⣶⡄⢠⣶⠒⠒⣶⡄⢰⣶⠒⠲⣶⠀⠐⢄⡀
⠀⠀⠻⣄⠀⠀⣉⠛⠶⣤⡀⢸⣿⠀⠀⣀⡀⢸⣿⠀⠀⣿⠀⠀⣠⠟
⠀⠀⠀⠈⠳⣄⠛⠒⠒⠛⢃⠈⠛⠒⠒⠛⠃⣘⠛⠒⠒⠛⣠⠞⠁
⠀⠀⠀⠀⠀⠈⠻⡇⠀⢸⣿⡇⠀⠛⠛⠀⢸⣿⡇⠀⢸⠟⠁
⠀⠀⠀⠀⠀⠀⠀⠙⢦⣸⣿⡇⠀⠀⠀⠀⢸⣿⣇⡴⠋
⠀⠀⠀⠀⠀⠀⠀⠀⠀⠙⢿⡃⠀⣤⣤⠀⢘⡿⠋
⠀⠀⠀⠀⠀⠀⠀⠀⠀⠀⠀⠑⢄⣿⣿⡠⠊
⠀⠀⠀⠀⠀⠀⠀⠀⠀⠀⠀⠀⠀⠙⠋
⣤⣴⣶⣾⣿⣿⣿⣿⣿⣿⣷⣶⣦⣤
⢻⣿⣿⠿⣿⣿⣷⠞⣿⣿⠿⣿⣿⡟
⠀⠙⢿⣽⣿⣧⣺⣠⣿⢻⣧⡾⠋
⠀⠀⠀⠉⠛⠿⣻⣟⠿⠛⠉
⣀⣀⣀⣤⣤⣶⣾⣿⣿⣷⣶⢶⣶⣿⣿⣷⣶⣤⣤⣀⣀⣀
⣿⣿⣿⣿⣿⣿⣿⣿⣿⣷⡾⠻⣾⣿⣿⣿⣿⣿⣿⣿⣿⣿
⢹⣿⣿⣿⣿⢿⣿⣿⡿⠿⣶⠴⢿⣿⣿⠿⢿⣿⣿⣿⣿⡏
⠀⠻⡝⣿⢧⣬⣍⣉⣛⠳⣿⠀⢸⣿⣿⣟⡀⠺⣿⢫⠟
⠀⠀⠙⢮⡳⣾⣿⣭⣭⣘⡿⠠⣾⣯⠙⢿⣶⢞⡵⠋
⠀⠀⠀⠀⠙⠦⣝⠳⢶⣶⣾⣿⣿⡧⠖⣫⠴⠋
⠀⠀⠀⠀⠀⠀⠀⠉⠒⠬⣍⣩⠥⠒⠉
⠀⠀⠀⣀⣀⣠⣤⣶⣾⣿⣿⣶⣶⣶⣶⣶⣶⣿⣿⣷⣶⣤⣄⣀⣀
⣿⣿⣿⣿⣿⣿⣿⣿⣿⣿⣿⣿⣛⣳⢾⣛⣿⣿⣿⣿⣿⣿⣿⣿⣿⣿⣿⣿
⢻⣿⣿⣿⣿⣿⣿⣿⣿⣿⣿⣿⣟⡁⠈⣻⣿⣿⣿⣿⣿⣿⣿⣿⣿⣿⣿⡟
⠘⣿⣿⣿⣿⣿⠿⣻⣿⣿⣟⡻⢿⣟⠚⠛⣿⣿⣟⡛⠿⠿⣿⣿⣿⣿⣿⠃
⠀⠘⣷⡻⣿⣷⣤⣬⣉⣉⣛⠛⠾⣿⠀⠀⣿⣿⣿⣟⣁⠒⠿⣿⢟⣾⠃
⠀⠀⠈⢷⣜⢷⣭⣽⣿⣛⣛⡃⠶⣿⠄⣠⣿⣛⠻⣿⣯⣤⡶⣫⡾⠁
⠀⠀⠀⠀⠙⠷⣝⠻⣿⣛⣛⣛⣚⣣⣤⣭⣿⠟⣀⣼⠟⣫⠾⠋
⠀⠀⠀⠀⠀⠀⠈⠛⢦⣍⡛⠿⣿⣿⣿⣿⠿⢛⣩⡴⠛⠁
⠀⠀⠀⠀⠀⠀⠀⠀⠀⠈⠙⠓⠦⣬⣥⠴⠚⠋⠁
⣠⣤⡤⢴⡶⢶⣿⢿⣶⡶⠤⢤⣤⣄
⣿⣿⣇⣨⣅⣸⣃⣆⣻⣜⣛⣻⣿⣿
⢫⠉⠁⠀⠀⠀⠀⠛⠿⢿⣿⣿⣿⡟
⠀⠑⢄⡀⠀⠀⠀⣴⣤⣦⣿⡿⠋
⠀⠀⠀⠈⠒⠤⢀⡷⠶⠛⠁
⢀⣀⣀⣀⣤⣤⣤⣴⣶⣶⣿⣿⣶⣶⣦⣤⣤⣤⣀⣀⣀⡀
⣿⣿⣿⣿⠁⠿⠿⠇⢹⣿⠟⣉⠻⣿⠋⣥⣤⣬⣽⣿⣿⣿
⣿⣿⣿⣿⣤⣿⠿⠦⠾⠧⠶⣶⣦⣽⣷⣬⣭⣥⣾⣿⣿⣿
⢻⡀⠀⠀⠀⠀⠀⠀⠀⠀⠀⣛⣻⣿⣿⣿⣿⣿⣿⣿⣿⡏
⠀⠙⢦⡀⠀⠀⠀⠀⠀⠀⠀⣀⡀⢀⡤⣉⣿⣿⣿⡿⠋
⠀⠀⠀⠉⠲⢤⡀⠀⠀⠀⠀⡟⣻⢛⣿⣿⡿⠟⠁
⠀⠀⠀⠀⠀⠀⠈⠑⠲⠤⣄⣿⠿⠟⠋⠁
⠀⠀⠀⠀⣀⣀⣀⣠⣤⣤⣴⣶⣶⣿⣿⣶⣶⣦⣤⣤⣄⣀⣀⣀
⣼⣿⣿⣿⣿⠛⢻⣿⣿⡟⢻⣿⣿⡿⠛⢿⣿⣿⠿⢛⣛⣛⠛⣿⣿⣿⣿⣧
⣿⣿⣿⣿⣿⠄⢈⣉⣉⡁⢸⣿⠟⠁⠶⠀⠻⣯⡀⠻⠿⠿⠟⢿⣿⣿⣿⣿
⣿⣿⣿⡿⠿⠷⠾⠿⠿⠓⠚⠛⠚⠛⣿⣿⣷⣿⣿⣿⣶⣶⣿⣿⣿⣿⣿⣿
⠹⡆⠀⠀⠀⠀⠀⠀⠀⠀⠀⠀⠀⠀⢛⣛⣻⣿⣿⣿⣿⣿⣿⣿⣿⣿⣿⠏
⠀⠙⢦⡀⠀⠀⠀⠀⠀⠀⠀⠀⠀⠀⠁⠀⠀⢀⣉⠙⢿⣿⣿⣿⣿⡿⠋
⠀⠀⠀⠙⠦⣄⠀⠀⠀⠀⠀⠀⠀⠀⣿⣯⣥⣶⣶⣶⣿⣿⣿⠿⠋
⠀⠀⠀⠀⠀⠈⠙⠢⣄⡀⠀⠀⠀⠀⣷⣰⣇⣸⣿⣿⠟⠋⠁
⠀⠀⠀⠀⠀⠀⠀⠀⠀⠉⠙⠲⠤⣤⣿⠿⠟⠋⠉
⡟⠩⠀⠀⠂⠂⠂⠀⠀⠀⠀⠀⠉⢻
⠰⠀⣯⡡
⣷⣄⡘⠄⠀⠀⠀⠀⠀⠀⠀⢀⣠⣾
⣿⣿⣿⣶⣤⣀⠀⠀⣀⣤⣶⣿⣿⣿
⣿⠟⣩⠉⡥⠀⠴⡀⠆⠐⠆⠰⠠⠄⠢⠀⠄⠨⠉⠉⠻⣿
⠏⣠⠀⣠⠤⠤⠒⢂⠀⠀⠀⠀⠀⠀⠀⠀⠀⠀⠀⠀⠀⠹
⡀⢧⠀⣿⣇⡴⢊⠁⠀⠀⠀⠀⠀⠀⠀⠀⠀⠀⠀⠀⠀⢀
⣷⣄⡑⠌⣻⠁⠀⠀⠀⠀⠀⠀⡁⠂⠀⠀⠀⠀⠀⢀⣠⣾
⣿⣿⣿⣶⣤⣁⠀⠀⠀⠀⠀⠀⠁⠀⠀⠀⣀⣤⣶⣿⣿⣿
⣿⣿⣿⣿⣿⣿⣿⣶⣤⣀⠀⠀⣀⣤⣶⣿⣿⣿⣿⣿⣿⣿
⣿⣿⠋⣩⠉⣩⠁⢀⢤⡀⣴⢀⠔⣄⢰⠤⣠⠀⢄⡀⢠⠀⢩⠉⠉⠙⣿⣿
⡿⢁⡀⠁⢀⣁⣀⡤⠤⠤⠀⠀⠀⠀⠀⠀⠀⠀⠀⠀⠀⠀⠀⠀⠀⠀⠈⢿
⠀⢾⠁⠀⣿⣅⠀⣠⠴⠒⠀⠀⠀⠀⠀⠀⠀⠀⠀⠀⠀⡀
⣦⡈⠧⡀⢿⣿⡾⠁⡎⠀⠀⠀⠀⠀⠀⢦⣀⠀⠀⠐⠀⠁⠀⠀⠀⠀⢀⣴
⣿⣿⣦⣌⡐⠽⢇⠀⠁⠀⠀⠀⠀⠀⠀⢇⠀⠀⠀⠀⠀⠀⠀⢀⣠⣴⣿⣿
⣿⣿⣿⣿⣿⣶⣤⣀⠀⠀⠀⠀⠀⠀⠀⠀⠈⠀⠀⠀⣀⣤⣶⣿⣿⣿⣿⣿
⣿⣿⣿⣿⣿⣿⣿⣿⣿⣷⣦⣤⣀⠀⠀⣀⣤⣴⣾⣿⣿⣿⣿⣿⣿⣿⣿⣿
⣠⣤⣤⣤⣤⠱⠤⠴⠀⠤⠀⠤⠤⢄
⣿⡏⠹⠉⣻⣧⡀⠀⠀⢰⣶⠀⠀⢸
⢿⣷⠞⢳⣯⣻⣷⡌⠀⣸⣿⡀⠈⠸
⠈⠻⣷⣶⣿⡞⢻⣿⣆⠀⠀⠀⠐⠁
⠀⠀⠈⠙⠛⠧⣼⣿⠿⠓
⡆⣀⢀⣀⣀⣀⣀⣀⢂⣄⢀⣀⣀⠒⣀⣀⢀⣀⣀⣀⣀⢰
⣷⣷⣾⣿⣶⣶⣷⣧⡀⠉⠁⠁⠉⠀⠁⠉⠀⠉⠁⠈⠈⢸
⣿⣿⠀⠐⠶⠀⣨⣿⣷⡄⠀⠀⠀⠀⠀⣾⣿⡆⠀⠀⠀⢸
⣿⣿⣤⣼⣷⠤⠬⠿⣿⣿⣆⠐⠖⠀⠁⣿⣿⡎⠁⠐⠖⢸
⢹⣿⣿⣏⠀⢰⣿⣿⠶⣿⣿⣧⡀⠀⠠⠿⠿⠧⠀⠀⠀⡞
⠀⠙⢿⣿⣷⣶⣶⣶⡞⠛⣿⣿⣷⡄⠀⠀⠀⠀⠀⡠⠊
⠀⠀⠀⠙⠻⣿⣿⣿⡇⠀⠿⠿⣿⣿⣆⠀⡀⠄⠊
⠀⠀⠀⠀⠀⠀⠉⠙⠻⠿⣿⣿⠿⠟⠋⠁
⡆⢀⡀⢀⢀⡀⢀⢀⠀⡀⠂⢠⢀⢀⢀⢐⠀⠐⡀⢀⠀⢀⢀⡀⡀⡀⡀⢰
⣇⣙⣃⣛⣛⣊⣛⣙⣙⣛⠀⠛⠘⠊⠛⠙⠃⠘⠛⠙⠁⠘⠚⠋⠛⠋⠋⢸
⣿⣿⡟⠛⠛⣛⡛⠛⢿⣿⣦⡀⠀⠀⠀⠀⠀⠀⠀⣀⣴⣄⡀⠀⠀⠀⠀⢸
⣿⣿⡇⠀⢈⡉⠁⠠⣼⣿⣿⣷⡄⠀⠀⠀⠀⠀⡀⣿⣿⣿⢀⠀⠂⠀⠀⢸
⣿⣿⣷⣶⣶⣿⠷⠶⠾⠿⢿⣿⣿⣆⠐⠒⠂⠂⠀⡿⣿⣿⠀⠐⠁⠒⠂⢸
⢹⣿⣿⣿⡏⠀⠀⣾⣿⣿⣶⣿⣿⣿⣧⡀⠀⠀⢠⣿⣿⣿⡇⠀⠀⠀⢀⡎
⠀⠹⣿⣿⣿⣦⣤⣉⣉⣉⣥⠾⢿⣿⣿⣷⡄⠀⠀⠀⠀⠀⠀⠀⠀⢠⠎
⠀⠀⠈⠻⢿⣿⣿⣿⣿⣿⡇⠀⠀⣿⣿⣿⣿⣆⠀⠀⠀⠀⠀⡠⠖⠁
⠀⠀⠀⠀⠀⠉⠛⠿⣿⣿⣇⣀⣀⣛⣛⣻⣿⣿⣧⣀⠠⠐⠉
⠀⠀⠀⠀⠀⠀⠀⠀⠀⠉⠛⠻⠿⣿⣿⠿⠟⠛⠉
⠀⠀⢀⣀⣤⣶⠟⠹⣶⣤⣀⡀
⢴⢺⡿⡛⠉⠀⠀⠀⠐⠉⠛⣿⡗⡦
⠈⢧⢸⣿⣀⣀⣬⣾⣶⣶⣶⡿⡽⠁
⠀⠈⢧⣻⣼⣵⣼⣦⣯⣿⣟⡼⠁
⠀⠀⠀⠀⠀⢀⣀⣤⠴⣖⡏⢙⣶⡦⣤⣀⡀
⣀⣠⠤⣖⣺⡭⠷⠚⠋⠁⠀⠀⠀⢍⠛⠾⣯⣷⣲⡤⣄⣀
⠙⢧⡹⢋⣵⢊⠄⠀⠀⠀⢄⣀⣀⡀⠀⠀⢀⣴⣿⢟⡼⠋
⠀⠈⢳⡜⢛⣛⠧⣤⡴⠶⢶⠷⠿⡯⢽⢿⣛⡻⢫⡞⠁
⠀⠀⠀⠹⣎⣻⣤⣽⣦⣧⣼⣶⣤⣷⣼⣽⣟⣱⠏
⠀⠀⠀⠀⠀⠀⠀⠀⠀⢀⣠⡤⠶⡚⠓⡶⢤⣄⡀
⠀⠀⠀⠀⣀⣠⡴⠖⣛⣭⡴⠾⠛⠁⠀⠋⠳⠶⣭⣛⡲⢦⣄⣀
⣤⡴⢖⣋⣭⣶⠾⣛⠉⠁⠀⠀⠀⠀⠀⠀⠐⠦⠀⠙⠻⠿⢶⣭⣝⡲⢦⣤
⠈⢿⡌⢻⠋⣴⠞⣡⠀⠀⠀⠀⠀⣄⢀⣀⡀⠀⠀⠀⠀⢀⣶⣿⡿⢡⡿⠁
⠀⠀⢻⣆⠸⣿⡶⠿⠄⢀⣀⣠⣤⡤⢭⣭⣛⣓⡲⠶⠾⣿⣿⡟⣰⡟
⠀⠀⠀⠹⣧⠰⣶⣾⠉⣿⡏⢩⡍⢻⡉⠉⢹⡏⢩⡍⣷⣶⠆⣼⠏
⠀⠀⠀⠀⠙⣷⣘⣛⣒⣒⣓⣒⣒⣛⣒⣒⣚⣓⣒⣒⣛⣃⣾⠋
⣠⠰⡀⠌⡁⠌⡭⠭⠭⠿⠷⢶⣶⣄
⡷⣷⢶⣷⡾⡶⢺⠟⡿⡟⣿⠿⡟⣿
⢿⣿⣿⣿⣿⠿⠿⠿⠿⣿⣿⣿⣟⡿
⠈⠻⣿⣧⣴⣾⣟⣛⣶⣻⣿⣽⠟⠁
⠀⠀⠈⠙⠻⠿⣿⣿⠿⠟⠋⠁
⠀⡀⢀⠀⠒⣀⠐⢀⡉⢉⣛⣋⣉⣉⣉⣉⣁⣀⣀⣀⣀
⢸⢁⡌⠐⢀⡁⠒⢠⠀⣛⣉⣉⣉⣭⣭⣤⣤⣤⣤⡤⠬⣇
⣿⠚⣶⠒⣒⣶⣖⢲⣶⢻⢻⡛⠟⡟⢳⠒⣶⢒⠒⣖⢲⣿
⣿⡶⠿⠶⠶⠿⠷⠾⠿⢾⣾⣶⡶⠷⠾⠶⠿⠾⠶⠿⠾⣿
⠸⣷⡀⠀⢀⣤⢿⡛⠛⠋⢉⠉⠩⠉⠓⢦⡀⠀⠀⢀⣼⠇
⠀⠘⢿⣦⣘⢧⠠⣶⠚⠛⠉⠉⢛⠛⠛⣿⡷⣀⣴⡿⠃
⠀⠀⠀⠉⠻⢷⣯⣬⣓⠀⠀⠀⠀⣀⣪⣵⡾⠟⠉
⠀⠀⠀⠀⠀⠀⠈⠙⠻⠿⣷⣾⠿⠟⠋⠁
⠀⠀⠀⠀⠀⠀⠐⠂⠂⠀⠉⠉⠙⠛⠛⠛⢛⣛⣛⣛⣒⣒⣒⣀
⢠⡇⠀⠛⣠⠀⠘⠃⣄⠀⠃⠠⠿⠿⠛⠛⠛⠛⠛⠛⢉⣉⣉⣉⣉⣙⣻⡄
⣸⣀⣚⣀⣀⣐⣃⣀⣀⣘⣃⣰⣶⣶⣶⣿⣿⣟⣛⣛⣛⣛⣛⣉⣉⣉⣉⣧
⣿⡇⢐⣿⠀⡦⢼⣿⡇⢸⣿⠁⡆⢸⡇⠂⢸⡇⢹⠀⣒⡇⢰⠀⣿⠀⣾⣿
⢿⡗⠛⠛⠓⠒⠛⠛⠛⠒⠚⢓⣒⣚⣓⣛⡚⠓⠛⠒⠒⠛⠚⠓⠛⠓⢻⡿
⠘⣿⡄⠀⠀⠀⢀⣤⡶⠶⠛⠛⠛⡁⠈⠉⡉⠙⠲⣤⡀⠀⠀⠀⠀⢠⣿⠃
⠀⠘⢿⣦⡀⠀⣿⠁⢈⣉⡤⠶⠶⠚⠓⠶⠶⠶⠦⣤⣷⡄⠀⢀⣴⡿⠃
⠀⠀⠀⠙⢿⣷⣬⣓⠌⡳⣄⡀⠀⠀⠀⠀⠀⠀⣀⠼⣛⣥⣾⡿⠋
⠀⠀⠀⠀⠀⠈⠛⠿⣿⣶⣤⣄⣀⠀⠀⣀⣠⣤⣶⣿⠿⠛⠁
⠀⠀⠀⠀⠀⠀⠀⠀⠀⠉⠙⠻⠿⣿⣿⠿⠟⠛⠉
⣿⢽⡭⣯⠽⡭⠭⡽⠭⡍⣽⢭⢹⣿
⣿⣿⠿⠟⠛⠻⠷⣿⡿⠛⠺⣿⣿⣿
⣿⣅⠀⠀⠘⠀⠀⣸⡇⠀⠘⠿⢿⣿
⠈⠛⠛⠓⠒⠺⠿⠿⠟⠒⠒⠛⠛⠁
⢸⡟⢫⢻⠻⣏⠛⡟⠛⠋⡟⢛⡛⠛⢫⢻⠻⡟⡏⠛⣿⡇
⢸⣿⠰⢯⡙⣼⠩⠍⡏⢙⠃⡏⢙⠉⡗⣈⢳⠈⡇⠀⢻⡇
⢸⣿⣿⣿⡿⠿⠿⠿⠿⢿⣿⣿⣿⡿⠿⠿⠿⣿⣿⣿⣿⡇
⢸⣿⠋⠁⠀⠀⠀⠀⠀⠀⠈⠙⣿⡇⠀⠀⠀⣿⣿⣿⣿⡇
⢸⣿⡀⠀⠀⠀⠄⠀⠀⠀⠀⢀⣿⡇⠀⠀⠀⠿⠿⠿⣿⡇
⠘⢿⣿⣶⣦⣤⣤⣤⣤⣴⣶⣿⣿⣧⣤⣤⣤⣤⣤⣤⡿⠇
⠀⠀⠀⠀⠀⠀⠀⠉⠉⠛⠻⠟⠛⠉⠉
⢸⣿⠟⣟⢻⠛⣿⡛⢟⣿⠛⠿⠛⡟⠻⢛⠛⡟⣻⠛⡟⣿⠛⡟⢛⣻⣿⡇
⢸⣿⡗⣶⣞⡲⢂⡟⢺⡛⢾⠛⠲⠓⣿⠛⠶⢳⡶⢒⠳⣶⢺⣗⠨⠼⣿⡇
⢸⣿⣷⣶⣾⣷⣿⣿⣶⣶⣿⣶⣿⣶⣿⣾⣷⣾⣷⣾⣶⣿⣾⣷⣶⣶⣿⡇
⢸⣿⣿⡿⠛⠋⠉⠉⠉⠉⡉⠉⠙⠻⢿⣿⣿⡏⠉⠉⠉⢹⣿⣿⣿⣿⣿⡇
⢸⣿⡏⠀⠀⠀⠀⠀⠀⠀⠀⠀⠀⠀⠀⢹⣿⡇⠀⠀⠀⢸⣿⣿⣿⣿⣿⡇
⢸⣿⣷⣄⡀⠀⠀⠐⠀⠀⠀⠄⠀⢀⣠⣾⣿⡇⠀⠀⠀⠈⠛⠛⠛⣿⣿⡇
⠈⠻⠿⢿⣿⣷⣶⣶⣶⣶⣶⣶⣾⣿⣿⣿⣿⣷⣶⣶⣶⣶⣶⣶⡶⠿⠟⠁
⠀⠀⠀⠀⠀⠀⠀⠀⠀⠀⠉⠉⠛⠻⠟⠛⠉⠉
⠀⣀⢤⣶⣾⣿⠛⠛⣿⣷⣶⡤⣀
⡜⡵⠁⢀⡿⢻⡄⢠⡟⢿⡀⠈⢮⢣
⢣⡳⣀⣼⠇⠘⣷⣾⠃⠸⣧⣀⢞⡜
⠀⠉⠚⠽⢷⣤⣿⣿⣤⡾⠯⠓⠉
⠀⠀⠀⣀⡤⠴⣒⣊⣭⡭⠭⠭⢭⣭⣑⣒⠦⢤⣀
⠀⡴⢚⡥⠚⠛⣿⣿⣿⡆⠀⠀⢰⣿⣿⣿⠛⠓⢬⡓⢦
⣾⢁⡟⠀⠀⠀⣿⡏⢻⣿⡀⢀⣿⡟⢹⣿⠀⠀⠀⢻⡈⣷
⢿⡈⣧⠀⠀⣼⡿⠀⠈⣿⣧⣼⣿⠁⠀⢿⣧⠀⠀⣼⢁⡿
⠀⠳⢬⡛⢿⣿⣇⠀⠀⠸⣿⣿⠇⠀⠀⣸⣿⡿⢛⡥⠞
⠀⠀⠀⠉⠓⠲⠭⢝⣒⣚⣛⣛⣓⣒⡫⠭⠖⠚⠉
⠀⠀⠀⠀⢀⣀⡤⠴⢒⣒⣋⣭⣭⠭⠭⣭⣭⣙⣒⡒⠦⢤⣀⡀
⠀⢀⣤⠞⣋⡵⠶⢿⣿⣿⣿⣿⠀⠀⠀⠀⣿⣿⣿⣿⡿⠶⢦⣙⠳⣤⡀
⣰⡟⢡⡾⠁⠀⠀⢸⣿⡿⢻⣿⣆⠀⠀⣰⣿⡟⢿⣿⡇⠀⠀⠈⢷⡌⢻⣆
⣿⠀⣿⡁⠀⠀⠀⣼⣿⠃⠈⢿⣿⡄⢠⣿⡿⠁⠘⣿⣧⠀⠀⠀⢈⣿⠀⣿
⠹⣧⡘⢷⣀⣀⣼⣿⡏⠀⠀⠘⣿⣿⣿⣿⠃⠀⠀⢹⣿⣧⣀⣀⡾⢃⣼⠏
⠀⠈⠛⢦⣍⠻⠿⣿⣧⡀⠀⠀⢻⣿⣿⡟⠀⠀⢀⣼⣿⠿⢟⣩⡴⠛⠁
⠀⠀⠀⠀⠈⠉⠓⠲⠬⠭⣍⣛⣛⣛⣛⣛⣛⣩⠭⠥⠖⠚⠉⠁
⠀⠀⣀⣀⡀⠠⣶⣶⡀⢀⣀⣀
⣴⣿⣿⣿⣶⣶⣿⢿⣷⣶⣿⣿⣿⣦
⠹⣿⣿⣿⣷⣿⣿⣿⣧⣿⣿⣿⣿⠏
⠀⠈⠻⠝⣿⣿⣿⣿⣿⣿⠫⠟⠁
⠀⠀⠉⠖⢛⣈⡙⠋⢁⡛⠲⠉⠈
⠀⠀⠀⠀⠀⠀⠀⠀⢀⣀⣾⣶⣄
⢀⣤⣶⣾⣿⣿⣿⣀⣀⣽⣿⣿⣿⣄⣀⣻⣿⣿⣷⣶⣤⡀
⣾⣿⣿⣿⣿⣿⣿⢽⣿⣭⣹⢟⣯⡿⣿⣿⣿⣿⣿⣿⣿⣷
⠹⣿⣿⣿⣿⣿⣿⣾⣧⣧⣷⣿⣿⣤⣿⣿⣿⣿⣿⣿⣿⠏
⠀⠈⠙⢿⣿⠿⣿⣿⣿⣿⣿⣿⣿⣿⣿⣿⠿⣿⡿⠛⠁
⠀⢠⠀⣤⣌⠃⢼⣿⠿⢿⣿⣿⡿⠿⣿⣷⢘⣡⡄⠀⡄
⠀⠀⠀⠃⠘⠋⠋⠭⠅⡤⠌⠡⠠⢤⠩⠉⠙⠃⠘
⠀⠀⠀⠀⠀⠀⠀⠀⠀⠀⠀⠀⣲⣾⣶⣆
⠀⠀⣀⣤⣤⣴⣶⣶⡖⠀⠀⠻⣿⣿⣿⣿⡇⠀⠀⢲⣶⣶⣦⣤⣤⣀
⣠⣾⣿⣿⣿⣿⣿⣿⣷⢶⣶⠿⡿⢿⡿⣿⡿⣶⣶⣾⣿⣿⣿⣿⣿⣿⣷⣄
⣿⣿⣿⣿⣿⣿⣿⣿⣷⠬⣯⢵⠶⡽⣉⣼⡮⢛⣽⣿⣿⣿⣿⣿⣿⣿⣿⣿
⠘⣿⣿⣝⢮⣿⣿⣿⣿⣾⣶⣼⣶⣷⣭⣭⣷⣼⣿⣿⣿⣿⣿⣵⣫⣿⣿⠃
⠀⠈⠛⢯⣻⣿⣿⣿⣿⣿⣿⣿⣿⣿⣿⣿⣿⣿⣿⣿⣿⣿⣿⣟⡽⠛⠁
⠀⠀⠀⠀⠈⠻⣧⠉⣻⣿⣿⣿⣿⣿⣿⣿⣿⣿⣿⣿⠉⣸⠟⠁
⠀⡀⠂⠀⡖⢶⣆⣀⣿⣟⡉⠛⠻⢿⡿⠟⠛⢩⣿⣿⣄⣴⡶⢶⠀⠒⢀
⠀⠀⠀⠀⠃⠀⠋⠉⠱⠰⠆⠤⠴⠆⠀⠄⠆⠴⠰⠄⠁⠙⠀⠘
⡟⠋⡭⠩⠅⠤⠤⠠⠄⠠⠈⠍⠉⠻
⡇⢸⡏⠀⠀⠀⢀⠀⠀⠀⠀⢸⡇⢀
⣿⣌⢧⠀⠀⠠⠊⠀⠀⠀⠀⡸⢡⣾
⣿⣿⣷⣧⣄⡀⠒⠐⢀⣠⣬⣾⣿⣿
⡿⠿⠛⠛⠛⠉⡉⢉⣉⡁⣀⣀⣀⠈⠉⣉⡉⠉⠛⠛⠻⢿
⡇⠀⢀⣓⡉⠘⠉⠂⠁⠁⠉⠀⠈⠁⠀⠁⠀⢛⣀⡀⠀⠈
⣇⠀⢸⣿⠁⠀⠀⠀⠀⠀⢀⠀⠀⠀⠀⠀⠀⠀⢿⡇⠀⢀
⣿⡄⠸⣿⠀⠀⠀⠀⠀⠀⡜⠐⠀⠀⠀⠀⠀⠀⢸⡇⠀⣼
⣿⣿⣄⠹⡄⠀⠀⠀⡠⡎⠄⠀⠁⠀⠀⠀⠀⢀⡟⢀⣼⣿
⣿⣿⣿⣷⣌⠢⡀⠉⠀⣠⣤⠀⣀⠀⠀⠀⠠⣋⣴⣿⣿⣿
⣿⣿⣿⣿⣿⣿⣶⣤⣀⡈⠉⠁⢁⣀⣤⣴⣾⣿⣿⣿⣿⣿
⣿⣿⠿⠟⠛⠛⠋⠉⠉⠉⠉⠀⠀⡀⢀⠀⠀⠈⠉⠉⠉⠉⠙⠛⠛⠿⢿⣿
⢏⠂⠀⠐⣦⠴⠀⠾⠓⠄⠗⠚⠅⠇⠈⠂⠒⠀⠀⠞⠛⠡⢖⡀⠀⠀⠀⠹
⣌⠀⠐⢲⣶⡆⠀⠈⠀⠀⠀⠀⠀⠀⠀⠀⠀⠀⠀⠀⠉⠁⠰⣶⣶⠂
⣇⠀⠀⣿⣿⠀⠀⠀⠀⠀⠀⠀⠀⢰⠀⠀⠀⠀⠀⠀⠀⠀⠀⢻⣿⠀⠀⢠
⣿⡄⠀⢹⣿⠀⠀⠀⠀⠀⠀⠀⢀⡟⠘⡀⠀⠀⠀⠀⠀⠀⠀⢸⡿⠀⠀⣼
⣿⣿⣄⠈⢿⡄⠀⠀⠀⠀⠀⣠⠞⣀⡀⠙⠄⠀⠀⠀⠀⠀⠀⣾⠃⢀⣼⣿
⣿⣿⣿⣧⣀⠳⣄⠀⠠⠔⠊⠙⠉⠀⠀⠀⠀⠀⠀⠀⠀⢀⠞⠁⣠⣾⣿⣿
⣿⣿⣿⣿⣿⣷⣌⡓⠄⠀⠀⠠⣾⣭⡅⣰⠄⠀⠀⠀⠔⣡⣴⣿⣿⣿⣿⣿
⣿⣿⣿⣿⣿⣿⣿⣿⣷⣦⣤⣀⡀⠀⠀⢀⣀⣠⣴⣶⣿⣿⣿⣿⣿⣿⣿⣿
⠀⣀⣤⠶⣾⣻⣟⣟⣿⣷⢶⣤⣀
⣼⣿⣿⣿⣿⡿⣻⣟⢿⣿⣿⣿⣿⣧
⢻⣿⣿⣿⣫⢺⣿⣿⡗⣝⣿⣿⣿⡟
⠀⠉⠛⠿⢿⣿⣿⣿⣿⡿⠿⠛⠉
⠀⠀⠀⣀⣤⣴⣶⡾⠿⣿⡟⢿⢻⣿⢷⣶⣦⣤⣀
⠀⡤⣪⣵⣯⣜⡴⣧⣾⣾⢳⡟⣾⣷⣯⣳⣑⣿⣮⣕⢤
⣾⢱⣿⣿⣿⢫⣾⣿⡿⢋⣾⣷⡙⢿⣿⣷⡝⣿⣿⣿⡎⣷
⢿⡸⣿⣿⣿⣜⢟⣫⠖⣻⣿⣿⣟⠢⣝⡻⣣⣿⣿⣿⢇⡿
⠀⠓⢝⡻⣿⣿⣷⣾⣬⣿⣿⣿⣿⣥⣷⣾⣿⣿⢟⡫⠚
⠀⠀⠀⠉⠓⠻⠿⢿⣿⣿⣿⣿⣿⣿⡿⠿⠟⠚⠉
⠀⠀⠀⠀⢀⣀⣤⣴⣖⣶⠿⣿⣿⡟⣿⡿⢿⣿⢶⣲⣦⢤⣀⡀
⠀⢀⡤⢞⣭⣖⡩⠞⣽⣇⡴⣶⣽⢣⡒⣦⣿⡥⣞⠫⡝⢭⣶⣭⡳⢤⡀
⣠⠟⣴⣿⣿⣿⣿⢛⣵⣾⣿⣿⢏⣾⣷⡹⣿⣿⣷⣯⡛⣿⣿⣿⣿⣦⠻⣄
⣿⢸⣿⣿⣿⣿⡇⣿⣿⡿⢟⣡⣾⣿⣿⣷⣌⡻⢿⣿⣿⢸⣿⣿⣿⣿⡇⣿
⠙⣦⠻⣿⣿⣿⣷⣬⡡⢶⠏⣵⣾⣟⣻⣷⣮⠹⡶⢌⣡⣾⣿⣿⣿⠟⣴⠋
⠀⠈⠓⢮⣛⠿⣿⣿⣿⣿⣶⣾⣿⣽⣯⣿⣷⣶⣿⣿⣿⣿⠿⣛⡵⠚⠁
⠀⠀⠀⠀⠈⠉⠓⠺⠯⠿⣿⣿⣿⣿⣿⣿⣿⣿⠿⠽⠗⠚⠉⠁
⣿⡋⠀⠈⠉⣉⠉⠉⣉⠉⠉⠁⢹⣿
⣿⠁⠀⠀⢧⣾⡟⢛⣳⡄⠀⠀⠘⣿
⠇⠀⠀⠀⠀⠋⠃⠈⠈⠀⠀⠀⠀⢸
⣦⡀⠀⠀⠀⠀⠀⠉⠉⠉⠉⠉⣁⣼
⣿⣿⣿⣶⣶⣤⣄⣠⣴⣶⣾⣿⣿⣿
⣿⣿⠋⠁⠈⠉⠉⠉⠉⠉⠉⠉⠉⠉⠉⠉⠉⠉⠉⠛⣿⣿
⣿⣿⠀⠀⠀⠀⢠⡒⣻⣶⣦⣤⣴⣗⠂⡀⠀⠀⠀⠘⣿⣿
⣿⠃⠀⠀⠀⠀⠘⢾⣿⣿⡍⠠⡬⣿⠷⠃⠀⠀⠀⠀⠹⣿
⡏⠀⠀⠀⠀⠀⠀⠈⠃⠙⠂⠀⠉⠘⠁⠀⠀⠀⠀⠀⠀⢻
⣇⠀⠀⠀⠀⠀⠀⠀⠂⠀⠀⠚⠐⢓⠚⠒⢘⠃⠋⠂⠀⣸
⣿⣷⣤⣄⣀⡀⠀⠀⠀⠀⠀⠀⠀⠀⠀⠀⣀⣀⣤⣴⣾⣿
⣿⣿⣿⣿⣿⣿⣿⣿⣶⣶⣄⣤⣶⣾⣿⣿⣿⣿⣿⣿⣿⣿
⣿⣿⠿⠋⠁⠉⠉⠉⠉⠉⠉⠉⠉⠛⠛⠛⠛⠛⠋⠉⠉⠉⠉⠉⠛⢿⣿⣿
⣿⣿⣧⠀⠀⠀⠀⠀⠀⢤⣴⣤⣀⣀⢀⣀⣠⡤⠀⠀⠀⠀⠀⠀⠀⣾⣿⣿
⣿⣿⠇⠀⠀⠀⠀⠀⣹⢢⣴⡿⠿⠿⠿⠾⢿⣦⡀⡇⠀⠀⠀⠀⠀⠹⣿⣿
⣿⠏⠀⠀⠀⠀⠀⠀⠈⢛⣿⢟⡿⠂⠐⢾⠰⢿⠛⠁⠀⠀⠀⠀⠀⠀⢹⣿
⡟⠀⠀⠀⠀⠀⠀⠀⠀⠈⠓⠈⠑⠀⠀⠊⠀⠊⠀⠀⠀⠀⠀⠀⠀⠀⠀⢿
⡇⠀⠀⠂⠀⠆⠐⠄⠀⠠⠰⠀⠀⠀⠰⠆⠖⠤⠶⠢⠆⠶⠄⠖⠦⠀⠀⣸
⣿⣦⡀⠀⠀⠀⠀⠀⠀⠀⠀⠀⠀⠀⠀⠂⠀⠂⠐⠐⠂⠂⠀⠀⠀⣀⣴⣿
⣿⣿⣿⣿⣶⣦⣤⣄⣀⣀⠀⠀⠀⠀⠀⠀⠀⢀⣀⣀⣤⣤⣶⣶⣿⣿⣿⣿
⣿⣿⣿⣿⣿⣿⣿⣿⣿⣿⣿⣿⣶⣦⣴⣾⣿⣿⣿⣿⣿⣿⣿⣿⣿⣿⣿⣿
⠀⢀⣠⣴⣶⡶⠿⠷⠶⣶⡦⣄⡀
⢠⣿⡿⠿⠿⣷⡴⠖⠒⠶⣬⣻⡹⡄
⠘⣿⣷⣀⠘⢿⣺⡼⠿⢶⣨⣿⣳⠃
⠀⠀⠙⠻⠿⠶⣾⣿⠿⠿⠟⠋⠁
⠀⠀⠀⠀⢀⣠⠤⢴⣖⣒⣲⣖⣖⣶⡦⢤⣄⡀
⠀⢀⣴⣾⣿⣶⣿⣿⡋⠁⠀⢀⣀⣉⠉⠛⠦⣽⣳⢦⡀
⠀⣿⣿⣿⠟⠛⠛⠻⣟⣢⠿⠛⡛⡛⢛⡻⣶⣌⣿⡈⢿⡀
⠈⣿⣿⣿⣄⠀⠀⢿⣿⡁⣷⣸⣗⣿⣤⡔⢈⣿⣿⠧⣼⠁
⠀⠈⠻⢯⣿⡳⢤⣄⣙⠛⠾⢭⣭⣭⣤⣿⣿⣿⣷⠞⠁
⠀⠀⠀⠀⠈⠙⠓⠳⠾⠿⠿⠿⠿⠿⠿⠛⠛⠉
⠀⠀⠀⠀⠀⠀⣀⣀⣤⢤⠶⠶⢖⢲⡖⣶⢶⢶⢤⢤⣀⣀
⠀⠀⢀⣤⣶⣿⣧⣽⣾⣿⡟⠋⠉⠉⠉⠉⠉⠛⠓⠾⢭⣉⣽⢶⣄⡀
⠀⣰⣿⣿⣿⣿⣿⣿⣿⣟⣻⣦⢠⣶⣶⡶⠶⠶⣶⣶⣤⣈⠻⣿⡈⢿⣆
⠀⣿⣿⣿⣿⡁⠀⠀⠀⣤⣿⡶⢋⣅⠀⡖⣲⣦⠒⠢⠙⢻⣧⣿⡇⡉⣿
⠀⠹⣿⣿⡿⢷⣄⠀⠀⠹⣿⣷⣘⠿⣶⣟⣺⣯⠿⢯⣀⣼⣿⡿⢃⣺⠏
⠀⠀⠈⠙⠷⣽⣩⢛⢶⣤⣤⣉⣙⣛⣒⣶⣶⣶⣶⣾⣿⣿⣿⡿⠛⠁
⠀⠀⠀⠀⠀⠀⠉⠙⠛⠓⠾⠿⠿⠿⠿⠿⠿⠿⠛⠛⠋⠉
⠀⢀⣤⣶⣾⣿⣿⣿⣿⣷⡶⣤⡀
⣴⣿⣿⣿⣿⣿⣿⣿⣿⣿⣿⣿⣿⣦
⠻⣿⣿⣿⣯⣤⣝⣫⣭⣽⣿⣿⣿⠟
⠀⠈⠛⠿⠿⣿⣿⣿⣿⡿⠿⠛⠁
⠀⠀⠀⢀⣠⣤⣶⣶⣾⣟⣿⣻⣿⣿⣶⣶⣤⣄⡀
⠀⣤⣾⣿⣷⣿⣿⣿⣿⣿⣯⣽⣿⣿⣿⣷⣯⣿⣿⣷⣦
⣾⣿⣿⣿⣿⣿⣿⣿⡿⣿⣿⣿⣿⢿⣿⣿⣿⣿⣿⣿⣿⣷
⢿⣿⣿⣿⣿⣿⣿⣁⣠⣈⡻⡿⢹⣺⣉⣿⣿⣿⣿⣿⣿⡿
⠀⠛⢿⣿⣿⣿⣿⣯⣽⣿⣗⣺⣿⣯⣽⣿⣿⣿⣿⡿⠟
⠀⠀⠀⠈⠙⠛⠿⠿⢷⣿⣽⣿⣿⡿⠿⠿⠛⠋⠁
⠀⠀⠀⠀⠀⢀⣠⣤⣴⡶⣶⢾⠻⣿⢿⡿⢷⢶⡶⣦⣤⣄⡀
⠀⢀⢄⣶⣿⣿⣝⣧⢿⣾⣚⣿⣿⣟⣻⣿⣿⣚⣾⡷⣜⣩⣿⣿⣶⡠⡀
⡰⣱⣿⣿⣿⣿⢻⣷⢼⣬⣿⡿⣿⣯⣼⣿⢿⣿⣧⡧⣾⡝⣿⣿⣿⣿⣮⢆
⡇⣿⣹⣝⣿⡇⣏⣿⣾⠛⠋⠉⢿⣿⣿⡿⡏⣹⠿⣿⣿⣉⢸⣿⣽⣯⣿⢾
⠱⡹⣿⣿⡿⣿⣼⡿⣽⡤⣴⣦⣤⡏⣛⢠⣦⣴⢤⣿⢿⣣⡿⠿⣿⣿⢟⠎
⠀⠈⠊⠿⣿⣽⣯⣻⣻⡷⣾⣿⣿⣯⣽⣿⣿⣷⢾⣿⣻⣿⣮⣷⠿⠑⠁
⠀⠀⠀⠀⠀⠈⠙⠛⠻⠿⠷⢶⣷⣾⣧⣿⡾⠿⠿⠟⠛⠋⠉
⠀⣠⣶⣶⣾⣿⣿⣿⣿⣷⣶⣶⣄
⣸⠏⣞⢻⣟⡟⣏⣻⣋⣻⣻⣷⠹⣇
⢻⡄⣿⣿⣿⣿⣿⣿⣿⣿⣿⣿⢠⡟
⠀⠻⢬⣿⣿⣿⣽⣽⣽⣿⣿⡥⠏
⠀⠀⠀⠉⠛⠿⢿⡿⠿⠛⠉
⠀⠀⣠⣤⣴⣶⣶⣶⣻⣛⣻⣛⣟⣻⣶⣶⣶⣦⣤⣄
⢀⣾⡟⢫⣭⣿⣿⣿⣿⣿⣿⣿⣿⣿⣿⣿⣿⣭⡝⢻⣷⡀
⣼⣿⢀⣿⣅⣻⣿⣶⣏⣽⣧⣼⣏⣴⣜⣇⣺⣾⣿⡀⣿⣇
⢹⣿⠘⣿⣿⣿⣿⣿⣿⣿⣿⣿⣿⣿⣿⣿⣿⣿⣿⠁⣿⡏
⠀⠻⣷⣜⢿⣿⣿⡟⣽⡟⣿⢻⡟⣯⢻⣿⣿⡿⣣⣾⠏
⠀⠀⠈⠙⠷⣯⣿⣿⣾⣿⣿⣿⣿⣷⣿⣿⣵⠾⠋
⠀⠀⠀⠀⠀⠀⠉⠙⠛⠿⢿⡿⠿⠛⠋⠉
⠀⠀⢀⣀⣤⣤⣤⣶⣶⣶⡶⡖⡟⡿⠻⢻⠶⢶⣶⣶⣶⣤⣤⣄⣀
⠀⢠⣾⣿⠿⢿⣛⣛⣿⣿⣿⣿⣿⣿⣿⣿⣿⣿⣿⣿⣛⣛⡿⠿⣿⣷⡄
⢠⣿⡿⠁⣼⠿⣛⣛⣿⠛⡿⢿⣿⡟⢻⣿⡿⡛⢿⡿⢛⣛⣻⣧⠈⢿⣿⡄
⣾⣿⡇⢸⣿⣦⣬⣯⣽⣭⣭⣴⣿⣧⣼⣯⣴⣶⣦⣧⣭⣽⣿⣿⡇⢸⣿⣧
⢹⣿⡇⠸⣿⣿⣿⣿⣿⣧⣿⣿⣿⣿⣿⣿⣿⣿⣿⣿⣿⣿⣽⣿⠇⢸⣿⡏
⠀⠻⣿⣆⠹⣿⣿⣿⣿⣿⢛⣽⠿⣿⠿⡿⢯⡟⣿⣿⣿⣿⣿⠏⣰⣿⠟
⠀⠀⠈⠻⣷⣬⡻⢿⣿⣷⣙⢿⣤⣿⣬⣯⡼⣏⣾⣿⡿⢛⣥⣾⠟⠁
⠀⠀⠀⠀⠀⠙⠻⢷⣮⣿⣿⣿⣿⣿⣿⣿⣿⣿⣿⣵⡾⠟⠉
⠀⠀⠀⠀⠀⠀⠀⠀⠀⠉⠛⠛⠿⢿⡿⠿⠛⠛⠉
⠀⠀⠀⠀⠀⢀⣴⣾⣿⣿⣿⣧
⠀⠀⠀⣠⣶⣿⡿⣟⡙⣿⣿⣿⣇
⢀⣴⣾⣿⣿⣏⠀⠉⠁⣸⣿⣿⣿⣆
⠀⠀⠀⠀⠀⠀⠀⠀⠀⠀⣠⣾⣿⣿⣿⣿⣿⣿⡀
⠀⠀⠀⠀⠀⠀⠀⢀⣤⣾⣿⣿⣿⣿⣿⣿⣿⣿⣷
⠀⠀⠀⠀⠀⣀⣴⣿⣿⣿⣿⡟⠋⠈⣿⣿⣿⣿⣿⣧
⠀⠀⠀⣠⣾⣿⣿⣿⣿⠟⡡⠾⠛⢯⠘⣿⣿⣿⣿⣿⣆
⢀⣴⣾⣿⣿⣿⣿⣿⣧⠀⠀⠀⠀⢀⣠⣾⣿⣿⣿⣿⣿⡆
⠀⠀⠀⠀⠀⠀⠀⠀⠀⠀⠀⠀⠀⣠⣴⣿⣿⣿⣿⣿⣿⣿⣷
⠀⠀⠀⠀⠀⠀⠀⠀⠀⠀⢀⣤⣾⣿⣿⣿⣿⣿⣿⣿⣿⣿⣿⣧
⠀⠀⠀⠀⠀⠀⠀⠀⣠⣴⣿⣿⣿⣿⣿⡿⠛⢻⣿⣿⣿⣿⣿⣿⣧
⠀⠀⠀⠀⠀⢀⣤⣾⣿⣿⣿⣿⣿⠟⢫⣤⣤⡤⢻⣿⣿⣿⣿⣿⣿⣆
⠀⠀⠀⣠⣴⣿⣿⣿⣿⣿⣿⠟⠡⠔⠛⠉⠙⠧⠈⢿⣿⣿⣿⣿⣿⣿⣆
⢀⣤⣾⣿⣿⣿⣿⣿⣿⣿⣷⣄⠀⠀⠀⠀⠀⢀⣤⣾⣿⣿⣿⣿⣿⣿⣿⡄
⠀⠀⠀⣈⣙⣿⣶⡀⠀⡀⠀⣀⣀⡀
⠀⠀⠀⢀⣿⣥⣽⣿⡄⠀⠈⠭⣲⠶
⢠⠤⠴⠿⣤⡤⠀⠘⢿⣦⠔⠂
⠀⠀⠀⠀⠀⠔⠛⠻⣿⣷⣄
⠀⠀⠀⠀⠴⠶⢶⣶⡿⢻⣿⣧⠀⠀⠿⠀⠀⣴⡖⠒⠲
⠀⠀⠀⠀⠀⢀⣼⣿⣁⣀⣹⣿⣷⡀⠀⠀⠀⣬⣉⣙⣻⡶
⠀⠀⠀⠀⢀⣾⠟⠉⠉⠉⠉⠙⣿⣷⡄⠀⠀⣀⠀⠉
⠠⠶⠶⠛⠻⠿⠶⣶⠶⠂⠀⠀⠘⢿⣿⡿⠋⢁
⠀⠀⠀⠀⠀⠀⡠⠶⠿⠿⣿⣿⣶⡄
⠀⠀⠀⠀⠀⢀⣤⣤⣤⣤⣿⣿⣿⣿⣆⠀⠀⠰⣶⠄⠀⢀⣤⡤⠤⢤⣤
⠀⠀⠀⠀⠀⠈⠀⠈⣹⣿⡟⠁⠙⣿⣿⣧⡀⠀⠀⠀⠀⠘⠻⠷⠶⣶⣤⣀
⠀⠀⠀⠀⠀⠀⢀⣼⣿⠿⠶⠶⠶⠾⢿⣿⣷⡄⠀⠀⠀⠘⠛⠶⠶⠶⠟⠋
⠀⠀⠀⠀⠀⣀⣾⣿⠃⠀⠀⠀⠀⠀⠈⢻⣿⣿⣄⣀⣀⣠⠴
⠠⠶⠟⠛⠛⠛⠛⠿⠿⣶⠾⠛⠁⠀⠀⠀⠙⢿⣿⡿⠛⠁⣀
⠀⠀⠀⠀⠀⠀⠀⠀⣠⣴⣾⠟
⠀⠀⠀⠀⠀⢀⣴⣿⣿⣿⠏⣴⡄
⢀⠀⠀⣠⣴⣿⣿⡷⢿⣿⡿⠛⢁⡀
⠻⣷⣾⣿⠿⠋⠀⠀⠀⠻⢿⣶⣾⠿
⠀⠀⠀⠀⠀⠀⠀⠀⠀⠀⠀⠀⠀⣀⣤⣴⣶⣿⠟
⠀⠀⠀⠀⠀⠀⠀⠀⠀⠀⣠⣴⣿⣿⣿⣿⡟⠁⣀⡀
⠀⠀⠀⠀⠀⠀⠀⠀⣠⣾⣿⣿⣋⣿⣿⣿⣤⣾⣿⠟
⣠⣄⠀⠀⣠⣶⣾⣿⣿⡿⠟⠛⠛⠻⣿⣿⣏⠉⠀⢠⣤⣄
⠻⠿⣿⣷⣿⣿⠿⠟⠉⠀⠀⠀⠀⠀⠈⠻⠿⣿⣶⣿⡿⠟
⠀⠀⠀⠀⠀⠀⠀⠀⠀⠀⠀⠀⠀⠀⠀⠀⠀⠀⣀⣤⣴⣶⣿⡿⠃
⠀⠀⠀⠀⠀⠀⠀⠀⠀⠀⠀⠀⠀⠀⢀⣠⣶⣿⣿⣿⣿⡿⠋
⠀⠀⠀⠀⠀⠀⠀⠀⠀⠀⠀⠀⣀⣴⣿⣿⣿⣿⣿⣿⡿⠁⢠⣤⣤⡀
⠀⠀⠀⠀⠀⠀⠀⠀⠀⠀⣠⣾⣿⣿⣿⠋⢹⣿⣿⣿⣧⣶⣿⣿⡿⠃
⠀⠀⠀⠀⠀⠀⣀⣤⣴⣾⣿⣿⣿⣿⣿⣿⣿⣿⣿⣿⣿⠛⠛⠉⠀⣀⡀
⣾⣿⣧⣄⣀⣾⣿⣿⣿⣿⣿⠟⠁⠀⠀⠀⠀⠘⢿⣿⣿⣷⣄⣀⣨⣿⣿⣷
⠙⠻⢿⣿⣿⣿⣿⡿⠿⠋⠁⠀⠀⠀⠀⠀⠀⠀⠀⠙⠻⠿⣿⣿⣿⡿⠿⠋
⣿⠟⠋⠁⠀⠉⠉⠛⠛⠛⠛⠉⠉⢙
⣿⠄⠀⠀⠀⠀⢄⠠⡄⠠⠴⠶⠾⣿
⣅⠀⠀⠀⠀⠀⠈⠀⠀⠀⢀⣴⣾⣿
⣿⣦⣄⣀⡀⠀⠀⢀⣀⣤⣾⣿⣿⣿
⣿⣿⡿⠟⠉⠁⠀⠈⠉⠉⠉⠛⠻⠿⠛⠛⠛⠛⠛⠛⠛⠻
⣿⣏⠀⠀⠀⠀⠀⠀⠀⠀⠀⢀⣀⠀⠀⢀⣀⣀⣤⣤⣶⣾
⠟⠉⠀⠀⠀⠀⠀⠀⠀⠉⠷⠀⠘⠃⠀⠈⠉⠉⣉⣉⣹⣿
⣿⡄⠀⠀⠀⠀⠀⠀⠀⠀⠀⠀⠀⠀⠀⠀⢠⣾⣿⣿⣿⣿
⣿⣿⣶⣤⣄⣀⣀⠀⠀⠀⠀⢀⣀⣀⣤⣶⣿⣿⣿⣿⣿⣿
⣿⣿⣿⣿⠿⠋⠉⠀⠀⠈⠉⠉⠉⠛⠛⠿⡿⠿⠿⠿⠿⠟⠛⠛⠛⠛⠛⢿
⣿⣿⠋⠀⠀⠀⠀⠀⠀⠀⠀⠀⠀⠀⠀⠀⠀⠀⠀⠀⠀⠀⠀⠀⠀⠀⣀⣴
⣿⣿⡀⠀⠀⠀⠀⠀⠀⠀⠀⢀⣀⡀⢠⣤⣄⠀⠀⢠⣤⣤⣴⣶⣾⣿⣿⣿
⡟⠉⠀⠀⠀⠀⠀⠀⠀⠀⠀⠈⠉⡿⠂⠀⠛⠁⠀⠀⠀⠀⠀⠀⣈⣉⣻⣿
⣶⡄⠀⠀⠀⠀⠀⠀⠀⠀⠀⠀⠀⠀⠀⠀⠀⠀⠀⠀⠀⢀⣶⣿⣿⣿⣿⣿
⣿⣷⣄⠀⠀⠀⠀⠀⠀⠀⠀⠀⠀⠀⠀⠀⠀⠀⠀⠀⣠⣿⣿⣿⣿⣿⣿⣿
⣿⣿⣿⣿⣶⣤⣄⣀⣀⡀⠀⠀⠀⠀⢀⣀⣀⣤⣴⣾⣿⣿⣿⣿⣿⣿⣿⣿
⡴⠿⢿⣿⣷⣾⡿⠿⢿⣿⣶⣤
⠀⠀⠀⣿⣿⣿⠀⠀⠀⢾⣿⣿⣷⠆
⠀⠀⠶⣿⣿⣿⣿⣶⣿⣿⣿⣿⡁
⠀⠀⠀⣿⣿⣿⠀⠀⠀⢾⣿⣿⡿⠆
⠳⣶⣾⣿⡿⢿⣷⣶⣾⣿⠿⠛
⣠⣶⣾⣿⣿⣿⣷⣶⣶⣿⣿⣿⣿⣿⣷⣶⣦⣄
⠋⠉⠉⠉⠻⣿⣿⣿⣿⡟⠋⠉⠉⠙⠻⣿⣿⣿⣷⣄
⠀⠀⠀⠀⠀⣿⣿⣿⣿⡇⠀⠀⠀⠀⠺⣿⣿⣿⣿⣿⡿⠂
⠀⠀⢀⣀⣴⣿⣿⣿⣿⣷⣶⣤⣤⣶⣾⣿⣿⣿⡿⠟
⠀⠀⠈⠉⠻⣿⣿⣿⣿⡿⠿⠛⠛⠿⢿⣿⣿⣿⣷⣦
⠀⠀⠀⠀⠀⣿⣿⣿⣿⡇⠀⠀⠀⠀⢴⣿⣿⣿⣿⣿⣷⠄
⣄⣀⣀⣀⣠⣿⣿⣿⣿⣧⣄⣀⣀⣠⣴⣿⣿⣿⡿⠋
⠙⠿⣿⣿⣿⣿⡿⠿⠿⣿⣿⣿⣿⣿⣿⠿⠟⠋
⢀⣤⣶⣾⣿⣿⣿⣷⣶⣤⣶⣶⣿⣿⣿⣿⣿⣿⣷⣶⣤⣄⡀
⠿⠛⠛⠛⠛⠿⣿⣿⣿⣿⣿⣿⡿⠿⠿⠿⠿⠿⣿⣿⣿⣿⣿⣦⡀
⠀⠀⠀⠀⠀⠀⣿⣿⣿⣿⣿⣿⠀⠀⠀⠀⠀⠀⣨⣿⣿⣿⣿⣿⣿⣦⣄⡀
⠀⠀⠀⠀⠀⠀⣿⣿⣿⣿⣿⣿⠀⠀⠀⠀⠀⠀⢙⣿⣿⣿⣿⣿⣿⡿⠋
⠀⠀⠀⣀⣠⣴⣿⣿⣿⣿⣿⣿⣿⣶⣶⣶⣶⣾⣿⣿⣿⣿⣿⡿⠟⠁
⠀⠀⠀⠉⠙⠻⣿⣿⣿⣿⣿⣿⣿⠿⠿⠿⠿⢿⣿⣿⣿⣿⣿⣷⣦⡀
⠀⠀⠀⠀⠀⠀⣿⣿⣿⣿⣿⣿⠀⠀⠀⠀⠀⠀⢈⣿⣿⣿⣿⣿⣿⣷⣄
⠀⠀⠀⠀⠀⠀⣿⣿⣿⣿⣿⣿⠀⠀⠀⠀⠀⠀⢙⣿⣿⣿⣿⣿⣿⠟⠋⠁
⣶⣤⣤⣤⣤⣶⣿⣿⣿⣿⣿⣿⣷⣶⣦⣤⣶⣶⣿⣿⣿⣿⣿⠿⠁
⠈⠻⠿⣿⣿⣿⣿⣿⠿⠛⠿⠿⣿⣿⣿⣿⣿⣿⡿⠿⠟⠋⠁
⠀⣀⣤⡶⠾⢛⣛⣛⡛⠷⢶⣤⣀
⣴⣿⢋⣶⠟⡉⢉⢉⣉⢛⣀⡙⣿⣦
⠻⣿⣌⠿⣦⣉⣉⣈⣉⣤⠉⣡⣿⠟
⠀⠈⠛⠷⢶⣬⣭⣭⣥⡶⠾⠛⠁
⠀⠀⠀⢀⣠⣴⣶⣾⡿⠿⠿⠿⠿⢿⣷⣶⣦⣄⡀
⠀⣠⣾⣿⠟⢋⣥⣴⣶⡶⠾⠷⢶⣶⣦⣬⡙⠻⣿⣷⣄
⣼⣿⣿⠁⣴⣿⡿⠋⣤⠀⣤⢠⣤⣤⡍⣡⡤⡤⠈⣿⣿⣧
⢻⣿⣿⡄⠻⣿⣷⣄⠛⠒⠛⠘⠛⠛⣃⡚⠒⠛⢠⣿⣿⡟
⠀⠙⢿⣿⣦⣌⡛⠻⠿⠷⠶⠶⠾⠿⠟⢛⣡⣴⣿⡿⠋
⠀⠀⠀⠈⠙⠛⠿⠿⣷⣶⣶⣶⣶⣾⠿⠿⠛⠋⠁
⠀⠀⠀⠀⢀⣀⣤⣴⣶⣶⣿⣿⣿⣿⣿⣿⣿⣿⣶⣶⣦⣤⣀⡀
⠀⢀⣤⣾⣿⣿⠿⠛⣉⣭⣤⣴⣶⣶⣶⣶⣦⣤⣭⣉⠛⠿⣿⣿⣷⣤⡀
⣠⣿⣿⣿⠟⢡⣶⣿⣿⠿⠛⠉⠉⠀⠀⠉⠉⠛⠿⠛⠉⠀⠈⠻⣿⣿⣿⣄
⣿⣿⣿⣏⠀⣿⣿⣿⣏⠀⣿⣇⣸⣿⢸⣿⣯⣿⡇⣺⣟⣻⣯⠀⣹⣿⣿⣿
⠙⣿⣿⣿⣦⡈⠻⣿⣿⣶⣤⣀⣀⡀⢀⣀⣀⣤⣶⣤⣀⠀⢀⣴⣿⣿⣿⠋
⠀⠈⠛⢿⣿⣿⣶⣤⣍⣛⠛⠻⠿⠿⠿⠿⠟⠛⣛⣩⣤⣶⣿⣿⡿⠛⠁
⠀⠀⠀⠀⠀⠉⠛⠻⠿⠿⣿⣿⣿⣿⣿⣿⣿⣿⠿⠿⠟⠛⠉
⠀⢀⢠⣶⡛⠛⠛⠲⢶⠖
⠀⠘⠷⢯⣿⣛⡷⠶⣦⣤⡀
⠀⣀⣠⣤⣤⣬⣿⣲⡾⣿⡇
⠈⠀⠀⠀⠀⠸⠿⢼⡿⢿⣧⡴⠞⠃
⠀⠀⠀⠀⠀⠀⠀⠲⠴⠛⠙⠷⠴
⠀⠀⠀⠀⣠⣴⡶⠶⠖⠶⠶⠶⣤⣤⣤⡄
⠀⠀⢰⣄⠻⣿⣷⣤⣄⣀⡀⠀⠈⠛⠁
⠀⠀⠈⠻⢷⣶⣬⣭⣛⡛⠿⢿⣷⣶⣤⣄
⠀⠀⠀⠀⠀⠀⠈⠉⠙⢛⣧⣤⣤⣍⣿⣿⠇
⠀⣠⡤⠶⠶⠾⠿⠿⣾⣿⣿⠵⢾⡛⢻⣿⡇⠀⠀⠀⡀
⠀⠀⠀⠀⠀⠀⠀⠀⠸⢿⣿⣬⣛⣿⣿⣿⠗⣠⣶⠿⠛⠃
⠀⠀⠀⠀⠀⠀⠀⠀⠀⠀⠀⢉⠉⢉⣨⣿⢿⣯⡁⠀⡀
⠀⠀⠀⠀⠀⠀⠀⠀⠀⠀⠀⠘⠻⠟⠋⠁⠀⠙⠿⠿⠋
⠀⠀⠀⠀⠀⢀⣠⣴⣶⠶⠶⠶⠶⢶⣦⣤⣤⣀⣤⣀
⠀⠀⠀⣠⠀⣿⣿⣿⣅⣀⠀⠀⠀⠀⠀⠉⠻⠿⠋⠁
⠀⠀⠀⢿⣷⣬⣙⡛⠿⢿⣿⣷⣶⣦⣤⣄⣀⡀
⠀⠀⠀⠀⠉⠛⠿⠿⣿⣶⣶⣬⣍⡛⠛⠿⢿⣿⣿⣶⣄
⠀⠀⠀⠀⠀⠀⠀⠀⠀⠀⠈⠉⣙⣧⣴⣶⣤⣼⣿⣿⠟
⠀⢀⣠⣤⣶⣶⣶⣾⣿⣶⣶⣿⣿⣿⣥⡴⠿⠟⣿⣿⣿
⠀⠉⠁⠀⠀⠀⠀⠀⠀⠀⠈⣿⣿⣿⡀⠾⢿⣷⣿⣿⣿⣀⢀⣠⣴⣿⢶⡄
⠀⠀⠀⠀⠀⠀⠀⠀⠀⠀⠀⠉⠙⠛⠿⢿⡾⠿⠻⣿⣧⣶⡿⠟⠉
⠀⠀⠀⠀⠀⠀⠀⠀⠀⠀⠀⠀⠀⠀⢠⣄⣀⣤⣾⡿⠛⢿⣷⣤⣀⣠⡄
⠀⠀⠀⠀⠀⠀⠀⠀⠀⠀⠀⠀⠀⠀⠈⠛⠿⠛⠁⠀⠀⠀⠙⠻⠟⠛⠁
⠀⠀⣠⣴⣶⡿⠿⠿⠿⠿⠷⣶⣤⡀
⠲⣿⣿⣿⠁
⠀⠀⠙⠻⠿⣶⣶⣤⣴⣶⣶⠿⠟⠋
⠀⠀⠀⠀⣀⣤⣴⣶⣶⣿⣿⠿⠿⠿⣿⣷⣶⣶⣤⣄⡀
⣀⣠⣶⣿⣿⣿⠟⠉⠁⠀⠀⠀⠀⠀⠀⠀⠀⠉⠛⠛⠛⠓
⠈⠙⠻⣿⣿⣿⣤⣀⠀⠀⠀⠀⠀⠀⠀⠀⠀⣀⣀⣀⣀⣄
⠀⠀⠀⠀⠉⠛⠻⠿⢿⣿⣶⣶⣶⣶⣾⣿⡿⠿⠟⠛⠉
⠀⠀⠀⠀⠀⠀⣀⣠⣤⣶⣶⣾⣿⣿⣿⣿⣿⣿⣿⣶⣶⣶⣤⣤⣀⡀
⠀⠀⣀⣤⣶⣿⣿⣿⡿⠟⠛⠉⠉⠁⠀⠀⠀⠀⠈⠉⠉⠙⠻⠿⠿⠿⠷⠤
⠲⢾⣿⣿⣿⣿⣿⣟
⠀⠀⠈⠙⠿⣿⣿⣿⣶⣤⣄⣀⡀⠀⠀⠀⠀⠀⢀⣀⣀⣤⣴⣶⣶⣶⣶⠖
⠀⠀⠀⠀⠀⠀⠉⠙⠛⠿⠿⣿⣿⣿⣿⣿⣿⣿⣿⣿⡿⠿⠿⠛⠋⠉
⢀⣠⣤⣴⣶⣾⣿⣿⣷⣶⣾⣿⣷⡶
⢸⣿⣿⣿⣿⠋⠉⠉⠙⣿⣿⣿⣿⠃
⢸⣿⣿⣿⣿⠀⠀⠀⠀⠙⠛⠋⠉
⢸⣿⣿⣿⣿⠀⠀⠀⠀⣀⣀⣀⣀
⣸⣿⣿⣿⣯⣄⣀⣀⣠⣿⣿⣿⣿⡆
⠉⠛⠛⠿⠿⣿⣿⣿⡿⠿⠟⠛⠛⠉
⠀⠀⠀⣀⣀⣤⣤⣴⣶⣾⣿⣿⣷⣶⣦⣤⣶⣶⣶⣶⣶⡶
⢰⣾⣿⣿⣿⣿⣿⣿⣿⣿⡿⢿⣿⣿⣿⣿⣿⣿⣿⣿⣿⠇
⠀⣿⣿⣿⣿⣿⣿⡏⠀⠀⠀⠀⠀⠀⣿⣿⣿⣿⣿⣿⡟
⠀⣿⣿⣿⣿⣿⣿⡇⠀⠀⠀⠀⠀⠀⠛⠛⠛⠛⠛⠛⠁
⠀⣿⣿⣿⣿⣿⣿⡇
⠀⣿⣿⣿⣿⣿⣿⡇⠀⠀⠀⠀⠀⠀⢀⣠⣤⣤⣤⣤⡀
⢠⣿⣿⣿⣿⣿⣿⣇⠀⠀⠀⠀⠀⠀⣸⣿⣿⣿⣿⣿⣷
⢼⣿⣿⣿⣿⣿⣿⣿⣿⣿⣷⣿⣿⣿⣿⣿⣿⣿⣿⣿⣿⡇
⠀⠀⠈⠉⠙⠛⠻⠿⠿⣿⣿⣿⡿⠿⠿⠛⠛⠉⠉⠁
⠀⠀⠀⠀⠀⢀⣀⣀⣤⣤⣶⣶⣾⣿⣿⣷⣶⣦⣤⣤⣶⣶⣶⣶⣶⣶⣶⣶
⢠⣴⣶⣾⣿⣿⣿⣿⣿⣿⣿⣿⣿⣿⣿⣿⣿⣿⣿⣿⣿⣿⣿⣿⣿⣿⣿⠇
⠈⣿⣿⣿⣿⣿⣿⣿⣿⡿⠛⠛⠋⠉⠉⠙⠛⠛⣿⣿⣿⣿⣿⣿⣿⣿⡟
⠀⢹⣿⣿⣿⣿⣿⣿⣿⡇⠀⠀⠀⠀⠀⠀⠀⠀⣿⣿⣿⣿⣿⣿⣿⣿⠁
⠀⢸⣿⣿⣿⣿⣿⣿⣿⡇⠀⠀⠀⠀⠀⠀⠀⠀⠉⠉⠉⠉⠉⠉⠉⠁
⠀⢸⣿⣿⣿⣿⣿⣿⣿⡇
⠀⢸⣿⣿⣿⣿⣿⣿⣿⡇⠀⠀⠀⠀⠀⠀⠀⠀⠀⠀⣀⣀⣀⣀⣀⡀
⠀⣿⣿⣿⣿⣿⣿⣿⣿⡇⠀⠀⠀⠀⠀⠀⠀⠀⣹⣿⣿⣿⣿⣿⣿⣿⡄
⢠⣿⣿⣿⣿⣿⣿⣿⣿⣧⣤⣤⣄⣀⣀⣠⣤⣤⣾⣿⣿⣿⣿⣿⣿⣿⣿⡀
⠺⠿⢿⣿⣿⣿⣿⣿⣿⣿⣿⣿⣿⣿⣿⣿⣿⣿⣿⣿⣿⣿⣿⣿⣿⠿⠿⠃
⠀⠀⠀⠀⠈⠉⠉⠛⠛⠻⠿⠿⣿⣿⣿⡿⠿⠿⠛⠛⠋⠉⠉
⢠⠔⣺⠛⠉⠉⠉⠛⣿
⢯⠐⣇⠠⠤⣤⢤⡤⢤⠤⡤⢄⡀
⠀⠙⠚⠳⠶⣿⢸⣷⣏⣤⣯⠴⠃
⠀⠀⠀⢀⣀⣿⣸⣇⣈⠳⢌⣓⣄⣀
⠀⢀⣠⠴⣶⡾⠟⠛⠛⠛⠛⠷⣶⣷
⣰⠟⠁⣼⠋⠀⠀⠀⠀⠀⠀⠀⠈⠛
⣿⠀⠀⣿⠀⠀⣤⣤⣤⣤⣤⣤⠤⣤⣤⣤⣄⣀⡀
⠘⢷⣄⡘⢧⣀⠀⠈⣿⠀⢸⡇⣠⣶⠆⠙⡆⠈⢹⣦
⠀⠀⠈⠙⠛⠛⠿⠶⣿⠀⢸⣟⣛⣋⣠⣼⣣⠤⠞⠋
⠀⠀⠀⠀⠀⠀⠀⠀⣿⠀⢸⡏⠉⠛⢯⡀⠙⠲⣄
⠀⠀⠀⠀⠀⠀⣀⣤⣿⣠⣸⣷⣄⣀⠀⠙⢦⣤⣌⣷⣤⣀
⠀⠀⠀⣀⣤⠴⣶⣾⠿⠟⠛⠛⠛⠿⢷⣶⣶⡆
⠀⣴⠟⠉⣠⡾⠋⠀⠀⠀⠀⠀⠀⠀⠀⠙⢿⣷
⣾⡏⠀⢠⣿
⢿⡆⠀⠈⣿⡀⠀⠰⠶⣶⣶⡶⠶⢶⣶⠶⠶⠶⢶⣶⡶⢤⣤⣀
⠈⠻⣦⡀⠘⢷⣄⠀⠀⠀⣿⡇⠀⢸⣿⢀⣴⣿⠃⠈⣿⡀⠈⠙⣷⡄
⠀⠀⠈⠙⠻⠶⢿⣿⣶⣦⣿⡇⠀⢸⣿⠿⣿⠃⠀⣠⡿⢁⣀⣴⠟⠁
⠀⠀⠀⠀⠀⠀⠀⠀⠀⠀⣿⡇⠀⢸⣿⠒⠶⣿⠛⠛⠻⣭⡉
⠀⠀⠀⠀⠀⠀⠀⠀⠀⠀⣿⡇⠀⢸⣿⠀⠀⠈⠳⣦⡀⠀⠙⢦⡀
⠀⠀⠀⠀⠀⠀⠀⢠⣤⣤⣿⣧⣤⣼⣿⣤⣤⡄⠀⠈⠻⢦⣤⣤⣽⣦⣤⣤
⠉⠒⠦⠤⣤⣤⣤⣤⣤⣴⣶⣄⣀
⢀⣀⣤⣾⡟⢲⣾⣁⣀⣀⣀⣿⣿⠁
⠠⠒⢺⣿⡇⢸⣿⠤⠤⠤⠤⣿⣿
⠀⠀⣼⣛⣉⣽⣋⣀⣀⣀⣠⣿⣿⡄
⡴⠛⠉⠉⠉⠉⠉⠉⠛⠛⠉
⠙⠲⢤⣤⣀⣀⣀⡀⠀⠀⠀⣀⣀⣀⣀⣤⣤⣄
⠀⠀⠀⠈⠉⢉⣻⣿⠟⠛⣻⡿⠟⠛⠛⠛⠻⣿⣿⣶⣤⠄
⠀⢀⣀⣤⣼⣿⣿⠉⢹⣿⣿⣅⣀⣀⣀⣀⣀⣿⣿⣿⡇
⠈⣉⣩⣥⣿⣿⣿⠀⢸⣿⣿⠁⠉⠉⠉⠉⠁⣿⣿⣿⡇
⠈⠉⠁⠀⣿⣿⣿⣀⣸⣿⣿⠋⠉⠉⠉⠉⠉⣿⣿⣿⡇
⠀⠀⠀⣠⡿⠟⠁⣀⣼⡿⠋⠀⠀⠀⠀⢀⣀⣿⣿⣿⣇
⠀⣠⣴⡶⠿⠿⠿⠿⠿⠿⠿⢿⣷⣶⣿⣿⠿⠛⠛⠉⠉⠁
⡼⠋⠁⠀⠀⠀⠀⠀⠀⠀⠀⠀⠀⠉⠉
⠙⠶⣤⣤⣀⣀⠀⠀⠀⠀⠀⠀⠀⠀⠀⠀⠀⠀⣀⣀⣠⣄⡀
⠀⠀⠀⠉⠙⠛⠻⠿⢿⣿⣿⣶⣾⣿⣿⣿⣿⣿⠿⠿⣿⣿⣿⣶⣤⣀⡀
⠀⠀⠀⠀⠀⢀⣤⣶⣿⣿⣥⣠⣴⣾⡟⠁⠀⠀⠀⠀⠀⢸⣿⣿⣿⣿⠋
⢀⣠⣤⣶⣶⣿⣿⣿⡇⠀⠀⣿⣿⣿⡧⣤⣤⣤⣤⣤⣤⢼⣿⣿⣿⣿
⠈⢁⣠⣤⣴⣾⣿⣿⡇⠀⠀⣿⣿⣿⡇⠀⠀⢀⠀⠀⠀⢸⣿⣿⣿⣿
⠈⠉⠉⠁⠀⣿⣿⣿⣇⠀⢀⣿⣿⣿⡟⠉⠉⠉⠉⠉⠉⢹⣿⣿⣿⣿
⠀⠀⠀⠀⠀⣿⣿⡿⠋⠉⢉⣿⣿⠟⠀⠀⠀⠀⠀⠀⠀⢸⣿⣿⣿⣿
⠀⠀⠀⢐⣚⣫⣥⣤⣤⣶⣿⣯⣤⣤⣤⣄⣀⣀⣤⣴⣶⣾⣿⣿⣿⠿⠷⠄
⠀⣤⣾⠿⠟⠛⠛⠉⠉⠉⠉⠙⠛⠛⠻⠿⢿⣿⣿⠿⠛⠉⠉
⡾⠋⠁⠀⠀⠀⠀⠀⠀⠀⠀⠀⠀⠀⠀⠀⠀⠀⠁
⠀⣀⣤⣶⣾⣿⡟⣿⣿⣷⣶⣤⣀
⣼⣿⣟⣋⠉⠉⠄⠥⠉⠩⣝⣻⣿⣧
⢻⣿⣿⡿⠃⠀⢲⡖⠀⠘⢿⣿⣿⡟
⠀⠉⠛⠿⢿⣿⣿⣿⣿⡿⠿⠛⠉
⠀⠀⠀⣀⣤⣴⣶⣾⣿⣿⡿⣿⣿⣿⣷⣶⣦⣤⣀
⠀⣴⣾⣿⣿⡿⠿⠿⠿⠟⠀⡟⠻⠿⠿⠿⢿⣿⣿⣷⣦
⣾⣷⣿⣯⣭⣁⠂⠀⠀⠀⠀⠷⠶⠀⠀⢴⣾⣭⣽⣿⣿⣷
⢿⣿⣿⣿⣿⣿⣿⠀⠀⢤⣤⣤⡤⠀⠀⣿⣿⣿⣿⣿⣿⡿
⠀⠻⢿⣿⣿⣧⣀⣤⣤⣤⣾⣷⣤⣤⣤⣄⣼⣿⣿⡿⠟
⠀⠀⠀⠉⠛⠻⠿⢿⣿⣿⣿⣿⣿⣿⡿⠿⠟⠛⠉
⠀⠀⠀⠀⢀⣀⣤⣴⣶⣶⣿⣿⣿⡿⢿⣿⣿⣿⣶⣶⣦⣤⣀⡀
⠀⢀⣤⢞⣯⣿⣿⣿⣿⣿⣿⣿⠟⠀⣯⠻⣿⣿⣿⣿⣿⣿⣿⣽⡳⣤⡀
⣠⡟⣵⣟⣛⠛⠛⠀⠀⠀⠀⠀⠀⠀⣧⣀⡀⠀⠀⢀⣀⣿⠿⣛⣻⣮⢻⣄
⣿⣿⣿⣿⣿⣿⣶⣦⣄⠀⠀⠀⠀⠀⠉⠉⠁⠀⠀⣸⣽⣾⣿⣿⣿⣿⣏⣿
⠙⣧⡻⣿⣿⣿⣿⠿⠟⠀⠀⠐⠛⣻⣟⠛⠃⠀⠀⠻⠿⣿⣿⣿⣿⢟⣼⠋
⠀⠈⠛⢮⣟⣿⣿⣆⣤⣴⣶⣶⣶⣿⣿⣶⣶⣶⣦⣴⣲⣿⣿⣻⡵⠛⠁
⠀⠀⠀⠀⠈⠉⠛⠻⠿⠿⣿⣿⣿⣿⣿⣿⣿⣿⠿⠿⠟⠛⠉⠁
⠉⢻⡏⠁⡨⠟⠉⠁⠀⠀⠀⠀⠀⡀
⠀⢸⡷⠚⠦⣄⠀⢀⡶⠋⠁⠉⠙⣿
⣀⣼⣇⡀⠀⠈⢳⣾⡇
⠀⠀⠀⠀⠀⠀⠀⠙⠻⢤⣀⣀⣀⠟
⠉⠙⣿⣿⠋⠁⠈⣩⡿⠛⠉⠁
⠀⠀⣿⣿⠀⣠⠞⠉⠀⠀⠀⠀⠀⢀⣠⠤⠤⠤⠤⣤⣴⡆
⠀⠀⣿⣿⠛⠉⠛⠳⣦⣀⠀⢀⣴⡟⠁⠀⠀⠀⠀⠀⠹⡇
⠀⠀⣿⣿⠀⠀⠀⠀⠈⠻⣷⣼⣿⡇
⠒⠚⠛⠛⠓⠒⠀⠀⠀⠀⠘⢿⣿⣧⠀⠀⠀⠀⠀⠀⢠⣄
⠀⠀⠀⠀⠀⠀⠀⠀⠀⠀⠀⠀⠈⠛⠷⢤⣄⣀⣀⣠⠴⠋
⠉⠉⢻⣿⣿⠟⠉⠀⠈⢉⣿⠿⠛⠉⠉
⠀⠀⢸⣿⣿⠀⠀⣠⡶⠛⠁⠀⠀⠀⠀⠀⠀⠀⠀⣀⣀⣀⣀⣀⣀⣀⣤⡄
⠀⠀⢸⣿⣿⡴⠿⠿⢦⣤⣀⠀⠀⠀⠀⢀⣴⡾⠋⠁⠀⠀⠀⠀⠉⠛⣿⡇
⠀⠀⢸⣿⣿⠀⠀⠀⠀⠈⠙⢿⣦⡀⢠⣿⣿⠁⠀⠀⠀⠀⠀⠀⠀⠀⠘⠃
⠀⠀⣸⣿⣿⣄⠀⠀⠀⠀⠀⠀⠙⣿⣾⣿⣿
⠉⠉⠉⠉⠉⠉⠉⠉⠀⠀⠀⠀⠀⠈⠛⢿⣿⣧⡀⠀⠀⠀⠀⠀⠀⠀⢶⣦
⠀⠀⠀⠀⠀⠀⠀⠀⠀⠀⠀⠀⠀⠀⠀⠀⠉⠛⠿⠦⣤⣀⣀⣀⣠⠤⠞⠁
⠀⠀⠀⢀⣀⣀⣼⣧⣀⣀⡀
⠀⠀⠾⣽⣿⣿⣿⣿⣿⣿⣯⠷
⠀⠀⠀⢀⣼⣿⣿⣿⣿⣷⡀
⠀⠀⢰⣾⣿⣿⡟⢻⣿⣿⣷⡆
⠀⢀⣾⣿⣿⣿⣶⣶⣿⣿⣿⣷⡀
⢠⣿⣿⣿⡟⠉⠉⠉⠉⢻⣿⣿⣿⡄
⠀⠀⠀⠀⠀⠀⠀⠀⠀⠀⣼⣧
⠀⠀⠀⢀⣤⠴⢖⣒⣒⣚⣛⣛⣓⣒⣒⡲⠦⣤⡀
⠀⠀⠀⠙⠷⢬⣝⣛⣛⣿⣿⣿⣿⣛⣛⣫⡥⠾⠋
⠀⠀⠀⠀⠀⠀⢠⣿⣿⣿⣿⣿⣿⣿⣿⡄
⠀⠀⠀⠀⠀⣠⣿⣿⣿⣿⣿⣿⣿⣿⣿⣿⣄
⠀⠀⠀⠀⣿⣿⣿⣿⣿⣿⠃⠘⣿⣿⣿⣿⣿⣿
⠀⠀⠀⣴⣿⣿⣿⣿⣿⣧⣤⣤⣼⣿⣿⣿⣿⣿⣦
⠀⠀⣼⣿⣿⣿⣿⣿⣿⣿⣿⣿⣿⣿⣿⣿⣿⣿⣿⣧
⢀⣾⣿⣿⣿⣿⣿⠁⠀⠀⠀⠀⠀⠀⠈⣿⣿⣿⣿⣿⣷⡀
⠀⠀⠀⠀⠀⠀⠀⠀⠀⠀⠀⠀⢀⣼⣧⡀
⠀⠀⠀⠀⠀⠀⣀⣠⣤⡤⠤⠤⠾⠿⠿⠷⠤⠤⢤⣤⣄⣀
⠀⠀⠀⠀⢾⣟⠉⠴⣶⣶⣾⣿⣿⣿⣿⣿⣿⣷⣶⣶⠦⠉⣻⡷
⠀⠀⠀⠀⠀⠉⠛⠓⠲⣶⣦⣿⣿⣿⣿⣿⣿⣴⣶⠖⠚⠛⠉
⠀⠀⠀⠀⠀⠀⠀⠀⣴⣿⣿⣿⣿⣿⣿⣿⣿⣿⣿⣦
⠀⠀⠀⠀⠀⠀⢀⣼⣿⣿⣿⣿⣿⣿⣿⣿⣿⣿⣿⣿⣧⡀
⠀⠀⠀⠀⠀⢾⣿⣿⣿⣿⣿⣿⣿⠏⠹⣿⣿⣿⣿⣿⣿⣿⡷⠂
⠀⠀⠀⠀⢠⣿⣿⣿⣿⣿⣿⣿⠃⠀⠀⠘⣿⣿⣿⣿⣿⣿⣿⡄
⠀⠀⠀⣰⣿⣿⣿⣿⣿⣿⣿⣿⣿⣿⣿⣿⣿⣿⣿⣿⣿⣿⣿⣿⣆
⠀⠀⣰⣿⣿⣿⣿⣿⣿⡿⠿⠿⠿⠿⠿⠿⠿⠿⢿⣿⣿⣿⣿⣿⣿⣦
⢀⣼⣿⣿⣿⣿⣿⣿⣿⠀⠀⠀⠀⠀⠀⠀⠀⠀⠀⣿⣿⣿⣿⣿⣿⣿⣧⡀
⠛⢻⣿⡟⠛
⠀⢸⣿⡇⠀⢀⣶⣶⣶⡄
⠀⢸⣿⡇⢀⣾⡿⠁⢻⣿⡄⠀⣀⣀
⠶⠾⠿⢷⣾⡿⠷⠶⠶⢿⣿⡶⠿⠿
⠀⢠⣤⣾⣿⣧⡄⠀⢠⣬⣿⣿⣤⡄
⠿⠿⢿⣿⣿⡿⠿⠿
⠀⠀⢸⣿⣿⡇
⠀⠀⢸⣿⣿⡇⠀⠀⠀⣼⣿⣿⣿⣿⣧
⠀⠀⢸⣿⣿⡇⠀⠀⣼⣿⣿⠏⢹⣿⣿⣧
⠀⠀⢸⣿⣿⡇⠀⣼⣿⣿⠏⠀⠀⢻⣿⣿⣆⠀⠠⣤⣤⣤
⣶⣶⣾⣿⣿⣷⣾⣿⣿⣿⣶⣶⣶⣶⣿⣿⣿⣶⣾⣿⣿⣿
⠀⠀⠀⠀⠀⣸⣿⣿⡟⠀⠀⠀⠀⠀⠈⢿⣿⣿⣆
⠀⠀⢰⣶⣶⣿⣿⣿⣷⣶⡆⠀⠀⢰⣶⣾⣿⣿⣿⣶⣶⡆
⣿⣿⣿⣿⣿⣿⣿⣿⣿⣿
⠀⠀⠀⣿⣿⣿⣿
⠀⠀⠀⣿⣿⣿⣿⠀⠀⠀⠀⠀⣤⣤⣤⣤⣤⣤⡀
⠀⠀⠀⣿⣿⣿⣿⠀⠀⠀⠀⣼⣿⣿⣿⣿⣿⣿⣷⡀
⠀⠀⠀⣿⣿⣿⣿⠀⠀⠀⣼⣿⣿⣿⠏⠈⣿⣿⣿⣷⡀
⠀⠀⠀⣿⣿⣿⣿⠀⠀⣰⣿⣿⣿⡏⠀⠀⠘⣿⣿⣿⣷⡀⠀⠀⣤⣤⣤⣤
⣤⣤⣤⣿⣿⣿⣿⣤⣴⣿⣿⣿⣿⣤⣤⣤⣤⣼⣿⣿⣿⣷⣤⣤⣿⣿⣿⣿
⠛⠛⠛⠛⠛⠛⠛⣿⣿⣿⣿⡟⠛⠛⠛⠛⠛⠛⠻⣿⣿⣿⣿⠛⠛⠛⠛⠛
⠀⠀⠀⠀⠀⠀⣰⣿⣿⣿⡟⠀⠀⠀⠀⠀⠀⠀⠀⠹⣿⣿⣿⣷⡀
⠀⠀⠀⣿⣿⣿⣿⣿⣿⣿⣿⣿⣿⡇⠀⠀⠀⣿⣿⣿⣿⣿⣿⣿⣿⣿⣿⡇
⠀⠀⠀⢀⣸⣦⣀⣀⡀
⠀⢠⣾⣿⣿⣿⣟⠉⢁⣴⣶⣿⠋
⠀⠈⢻⣿⣿⣽⣿⣾⠟⣿⣿⠃
⠀⣠⠿⠟⠹⡇⠋⠀⠼⠿⠇
⠀⠀⠀⠀⠀⠀⢀⣾⣦⣄
⠀⠀⢀⣠⣶⣾⣿⣿⣿⣿⡿⠟⠋⠁⢀⣠⣤⣴⣶⡶⠂
⠀⠀⠸⣿⣿⣿⣿⣿⢿⣿⣷⣀⣤⣾⣿⣿⣿⣿⠏
⠀⠀⠀⢨⣿⣿⡿⣷⡾⢿⣿⡿⠛⢉⣾⣿⡿⠃
⠀⣀⣤⠿⠿⠛⠁⠹⡇⠘⠁⠀⠠⠻⠿⠿⠁
⠀⠀⠀⠀⠀⠀⠀⠀⠀⣶⣦⣀
⠀⠀⠀⠀⠀⢀⣠⣤⣾⣿⣷⣿⣷⣦⣤⠴⠶⠒⠒⠂⠀⠀⢀⣀⣀⣀⡄
⠀⠀⠀⣠⣾⣿⣿⣿⣿⣿⣿⣿⣿⡟⠋⠉⠉⢉⣠⣴⣶⣿⣿⣿⡟⠁
⠀⠀⠀⢻⣿⣿⣿⣿⣿⣿⣟⣿⣿⣷⣀⣠⣾⣿⣿⣿⣿⣿⣿⠏
⠀⠀⠀⠀⠙⣿⣿⣿⣿⣏⣬⣿⣿⣿⣿⣿⠿⠋⣽⣿⣿⣿⠋
⠀⠀⠀⢀⣼⣿⣿⣿⠋⣿⡏⠙⣿⡿⠋⠁⢀⣾⣿⣿⣿⠃
⠀⣀⣤⠾⠿⠟⠋⠁⠀⠘⢧⠀⠁⠀⠀⠀⠚⠛⠛⠛⠃
⠀⢀⣠⠴⢶⣾⣶⢲⣶⣶⡶⣶⣤⡀
⠸⣿⣿⣦⠸⣟⣻⣬⣟⣛⡃⢿⣿⡇
⠀⠈⢿⣿⣿⡏⠉⠀⠈⠙⣿⣧⠙⠁
⠀⠀⠀⠙⠻⠿⠶⣶⠶⠾⠟⠁
⠀⠀⠀⠀⢀⣠⣤⣶⣶⣶⣦⡴⣶⣶⣶⣤⣤⣤⣤⣀
⠀⣠⣶⣿⣏⠁⠀⣿⣿⣿⣿⡆⣿⣿⣿⣿⠀⣿⣿⣿⣿
⠀⠻⣿⣿⣿⣷⡄⠛⣛⣭⣭⣤⣬⣭⣭⣍⣀⠻⣿⣿⣿
⠀⠀⠘⢿⣿⣿⣿⣿⡟⠋⠉⠉⠉⠉⠙⠻⣿⣷⡄⠹⠏
⠀⠀⠀⠀⠻⣿⣿⣿⣦⣀⠀⠀⠀⠀⢀⣠⣿⣿⠏
⠀⠀⠀⠀⠀⠀⠉⠛⠻⠿⠿⠿⠿⠿⠿⠛⠋⠁
⠀⠀⠀⠀⠀⠀⠀⣀⣤⣴⣶⣶⣶⣤⣤⣴⣶⣶⣦⣤⣀⣀⣀⣀⡀
⠀⠀⢀⣠⣴⣾⠟⠋⠉⣿⣿⣿⣿⣿⡇⢸⣿⣿⣿⣿⡏⢹⣿⣿⣿⣷⣄
⠀⣼⣿⣿⣿⣿⣄⠀⠀⣿⣿⣿⣿⣿⠇⠸⢿⣿⣿⣿⡇⢸⣿⣿⣿⣿⣿
⠀⠘⢿⣿⣿⣿⣿⣷⡀⠛⣉⣭⣴⣶⣶⣶⣶⣶⣦⣤⣅⡘⠻⢿⣿⣿⣿
⠀⠀⠀⠻⣿⣿⣿⣿⣿⣿⣿⠟⠋⠉⠉⠉⠉⠉⠛⠿⣿⣿⣷⡄⠙⣿⠃
⠀⠀⠀⠀⠘⢿⣿⣿⣿⣿⡇⠀⠀⠀⠀⠀⠀⠀⠀⠀⣹⣿⣿⡿
⠀⠀⠀⠀⠀⠀⠙⢿⣿⣿⣿⣶⣤⣄⣀⣀⣀⣠⣤⣾⣿⣿⠟⠁
⠀⠀⠀⠀⠀⠀⠀⠀⠈⠉⠛⠛⠿⠿⠿⠿⠿⠿⠛⠛⠉
⠀⠠⠶⠟⠛⠛⢻⣿⡟⠛⠛⠻⠶⠆
⠀⣀⣤⡶⠞⠛⢻⣿⡟⠛⠛⠶⣦⡄
⠈⠛⠿⣧⣀⣀⢸⣿⣇⢀⣀⣤⡤⠄
⠀⠀⠀⠀⠉⠉⢹⣿⣯⠉⠉⠁
⠀⠀⠀⣶⣶⣶⠿⠿⠿⠿⢿⣿⣿⡿⠿⠿⠿⠿⣶⣶⣶
⠀⠀⠈⠉⠀⢀⣀⣠⣤⣤⣼⣿⣿⣧⣤⣤⣄⣀⡀⠀⠉⠁
⠀⢀⣠⣴⣾⡿⠛⠉⠉⠁⢸⣿⣿⡇⠈⠉⠉⠛⠿⠿⠶⠄
⠘⠻⢿⣿⣿⣄⠀⠀⠀⠀⢸⣿⣿⡇⠀⠀⠀⠀⣠⣤⣤⡄
⠀⠀⠀⠈⠙⠛⠿⠷⢶⣶⣾⣿⣿⣷⣶⣶⠾⠿⠟⠛⠁
⠀⠀⠀⠀⠀⠀⠀⠀⠀⠀⣼⣿⣿⣧
⠀⠀⠀⢀⣴⣶⣶⣶⣾⣿⣿⣿⣿⣿⣿⣿⣿⣿⣿⣿⣿⣿⣶⣶⣶⣶⣄
⠀⠀⠀⠸⠛⠛⠉⠉⠁⠀⠀⠀⠀⣸⣿⣿⣿⡀⠀⠀⠀⠀⠉⠉⠙⠛⠻
⠀⠀⠀⠀⠀⢀⣠⣤⣶⣶⣿⡿⠿⢿⣿⣿⣿⡿⠿⣿⣿⣶⣶⣤⣄⡀
⠀⢀⣠⣴⣾⣿⣿⠟⠉⠁⠀⠀⠀⢸⣿⣿⣿⡆⠀⠀⠀⠉⠙⠿⠿⠿⠷⠄
⠐⠻⣿⣿⣿⣿⣇⠀⠀⠀⠀⠀⠀⢸⣿⣿⣿⡇⠀⠀⠀⠀⠀⢀⣀⣀⣀⡀
⠀⠀⠀⠉⠛⠿⣿⣿⣶⣤⣄⣀⣀⣸⣿⣿⣿⣇⣀⣀⣤⣴⣶⣿⣿⠿⠛⠁
⠀⠀⠀⠀⠀⠀⠀⠈⠉⠛⠛⠛⠻⣿⣿⣿⣿⡿⠟⠛⠛⠛⠉⠁
⠀⠀⠀⠀⠀⠀⠀⠀⠀⠀⠀⠀⢠⣿⣿⣿⣿⣧
⠰⠛⣿⣿⣟⠖⠀⠀⠺⠻⣿⣿⠛⠆
⣠⣤⣿⣿⣿⣿⣦⣄⣀⣤⣿⣿⣤⣄
⠈⠛⣿⣿⠉⠻⣿⣿⠿⣿⣿⣿⠛⠁
⠘⠶⠟⠻⠷⠛⣿⣿⠛⠾⠟⠻⠖⠃
⠀⠀⠀⠀⢠⣤⣿⣿⣦⡄
⢰⣾⣿⣿⣶⣾⣿⢿⣶⠀⠀⠀⠀⣶⣿⣿⣷⣶⣿⣿⣶⡄
⠀⠀⠀⣿⣿⣿⣿⣶⣤⡀⠀⠀⠀⠀⠀⢸⣿⣿⣿
⢀⣤⣶⣿⣿⣿⣿⣿⣿⣿⣷⣤⣀⣀⣠⣼⣿⣿⣿⣶⣤⡀
⠙⠿⢿⣿⣿⣿⡟⠻⣿⣿⣿⣿⣿⣿⣿⣿⣿⣿⣿⡿⠿⠋
⠀⡀⠀⣿⣿⣿⡇⠀⡈⣿⣿⣿⣿⠙⠻⣿⣿⣿⣿⠀⢀
⠘⠿⠿⠿⠿⠿⠿⠿⠟⣿⣿⣿⣿⠻⠿⠿⠿⠿⠿⠿⠿⠃
⠀⠀⠀⠀⠀⠀⠀⠀⠀⣿⣿⣿⣿
⠀⠀⠀⠀⠀⠀⠐⠿⣾⣿⡿⢿⣿⣷⠿⠂
⢠⣶⣾⣿⣿⣶⣶⣿⣿⣷⣶⣄⠀⠀⠀⠀⣠⣶⣿⣿⣷⣶⣶⣿⣿⣷⣶⡄
⠈⠉⠁⢸⣿⣿⣿⣿⣿⣤⡙⠁⠀⠀⠀⠀⠈⠋⠀⢹⣿⣿⣿⣿⠁⠈⠋
⠀⠀⠀⣸⣿⣿⣿⣿⣿⣿⣿⣷⣦⣀⠀⠀⠀⠀⠀⢸⣿⣿⣿⣿⣀
⣠⣾⣿⣿⣿⣿⣿⣿⣿⣿⣿⣿⣿⣿⣿⣦⣤⣴⣶⣿⣿⣿⣿⣿⣿⣿⣷⣄
⠙⠻⠿⢿⣿⣿⣿⣿⡏⠻⢿⣿⣿⣿⣿⣿⣿⣿⣿⣿⣿⣿⣿⣿⡿⠿⠟⠋
⠀⠀⠀⢸⣿⣿⣿⣿⡇⠀⠀⢻⣿⣿⣿⣿⡟⠻⢿⣿⣿⣿⣿⣿
⢰⣿⣶⣾⣿⣿⣿⣿⣷⣶⣿⣾⣿⣿⣿⣿⣿⣷⣶⣿⣿⣿⣿⣿⣶⣶⣿⠆
⠀⠈⠉⠉⠉⠉⠉⠉⠉⠉⠁⢸⣿⣿⣿⣿⡇⠈⠉⠉⠉⠉⠉⠉⠉⠉⠁
⠀⠀⠀⠀⠀⠀⠀⠀⠀⣀⠀⣸⣿⣿⣿⣿⣇⠀⣀
⠀⠀⠀⠀⠀⠀⠀⠀⠘⠿⣿⣿⣿⠿⠿⣿⣿⣿⠿⠃
⠀⣀⡀⠰⣾⣇⠀⠀⠀⣶⡦⢄⡀
⠈⠻⣿⠳⢬⣻⣦⣠⡾⠋⢰⣿⠋⠁
⠀⢠⣿⠃⠀⠈⣿⡿⠲⢤⣸⣿⡀
⠰⢿⡇⠀⠀⢠⢿⣧⠀⠀⠉⢿⠿⠂
⠀⠀⠀⠀⠀⣠⣴⣶⡏⠀⠀⠀⠀⠀⢰⣶⣤⣀
⠀⣴⣶⣿⣦⡀⠙⠻⣿⣄⠀⠀⠀⣠⣿⠟⠉⣠⣶⣶⣤⠄
⠀⠀⠙⣿⣿⠙⠷⢦⣽⣿⣦⣤⣾⡿⠃⠀⣼⣿⣿⠋
⠀⠀⢀⣿⣿⠀⠀⠀⠈⢹⣿⣿⠿⣤⣄⡀⢻⣿⣧
⠀⣠⣾⣿⠏⠀⠀⠀⠀⢸⣿⣿⠀⠀⠉⠛⢿⣿⣿⣦⡀
⠘⠻⠿⡟⠀⠀⠀⠀⠠⠾⠿⠿⠦⠀⠀⠀⠀⠹⡿⠿⠛⠁
⠀⠀⠀⠀⠀⠀⠀⣀⣤⣶⣾⠀⠀⠀⠀⠀⠀⠀⢰⣦⣤⣀
⠀⠀⣀⣤⣦⡀⠈⠛⢿⣿⣿⡄⠀⠀⠀⠀⠀⢀⣾⣿⡿⠛⠃⣀⣀⡀
⠀⠛⢿⣿⣿⣿⣶⣄⡀⠙⢿⣿⣆⠀⠀⢀⣴⣿⡿⠋⠀⣠⣾⣿⣿⠿⠛
⠀⠀⠀⠙⣿⣿⡎⠙⠻⢷⣦⣿⣿⣷⣤⣾⣿⠟⠀⠀⢰⣿⣿⣿⠁
⠀⠀⠀⢀⣿⣿⡇⠀⠀⠀⠈⠉⣿⣿⣿⣿⣥⣀⡀⠀⠸⣿⣿⣿
⠀⠀⢀⣾⣿⣿⠁⠀⠀⠀⠀⠀⣿⣿⣿⡇⠈⠙⠻⢷⣦⣿⣿⣿⣆
⢀⣴⣿⣿⣿⠃⠀⠀⠀⠀⠀⠀⣿⣿⣿⡇⠀⠀⠀⠀⠉⢻⣿⣿⣿⣷⣄⡀
⠈⠙⠛⠿⡏⠀⠀⠀⠀⠀⠠⠾⠿⠿⠿⠷⠦⠀⠀⠀⠀⠀⢹⡿⠟⠋⠁
⠀⣠⣴⣶⣾⣿⣿⣿⡿⠿⢿⣶⣦⣄
⢾⣿⣿⣯⠄⣿⣿⣿⡇⠀⣀⣽⣿⡿
⠀⠀⠁⠀⠀⣿⣿⣿⡿⠿⠛⠋⠁
⠀⠀⠀⠀⠀⣿⣿⣿⡇
⠀⠀⠀⠠⣾⣿⣿⠿⠃
⠀⠀⠀⣀⣤⣴⣶⣶⣿⣿⣿⣿⣿⣿⣿⣿⣶⣶⣤⣄⡀
⢀⣴⣿⣿⣿⣿⠿⠛⣿⣿⣿⣿⣿⡏⠉⠉⠙⢻⣿⣿⣿⣦
⢿⣿⣿⣿⣿⣿⡆⠀⣿⣿⣿⣿⣿⡇⠀⠀⢀⣰⣿⣿⣿⠟
⠀⠉⠙⠛⠋⠁⠀⠀⣿⣿⣿⣿⣿⣷⣶⣿⣿⣿⠿⠛⠁
⠀⠀⠀⠀⠀⠀⠀⠀⣿⣿⣿⣿⣿⠋⠉⠉
⠀⠀⠀⠀⠀⠀⠀⠀⣿⣿⣿⣿⣿
⠀⠀⠀⠀⠀⠀⢀⣴⣿⣿⣿⣿⣿
⠀⠀⠀⠀⠀⠀⢿⣿⣿⣿⡿⠿⠋
⠀⠀⠀⠀⢀⣀⣤⣤⣶⣶⣶⣿⣿⣿⣿⣿⣿⣿⣿⣷⣶⣶⣦⣤⣀⡀
⠀⢀⣤⣾⣿⣿⣿⣿⣿⣿⣿⣿⣿⣿⣿⣿⣿⠛⠛⠛⠻⢿⣿⣿⣿⣿⣶⡄
⣴⣿⣿⣿⣿⣿⣿⡟⠁⠀⢸⣿⣿⣿⣿⣿⣿⠀⠀⠀⠀⠀⢹⣿⣿⣿⣿⣿
⠻⣿⣿⣿⣿⣿⣿⡿⠃⠀⢸⣿⣿⣿⣿⣿⣿⠀⠀⢀⣀⣤⣾⣿⣿⣿⡿⠃
⠀⠀⠈⠉⠉⠉⠁⠀⠀⠀⢸⣿⣿⣿⣿⣿⣿⣿⣿⣿⣿⣿⡿⠿⠛⠉
⠀⠀⠀⠀⠀⠀⠀⠀⠀⠀⢸⣿⣿⣿⣿⣿⡿⠛⠋⠉⠁
⠀⠀⠀⠀⠀⠀⠀⠀⠀⠀⢸⣿⣿⣿⣿⣿⡇
⠀⠀⠀⠀⠀⠀⠀⠀⠀⠀⣸⣿⣿⣿⣿⣿⡇
⠀⠀⠀⠀⠀⠀⠀⢀⣴⣿⣿⣿⣿⣿⣿⣿⡇
⠀⠀⠀⠀⠀⠀⠀⠘⢿⣿⣿⣿⣿⠿⠟⠋
⢰⣶⣶⣶⠶⠶⠶⠶⠶⠶⢷⣦⣀⡀
⠀⣿⣿⡇⠀⠀⠀⠀⠀⠀⠀⣿⣿⠁
⠀⣿⣿⣷⣶⣶⣶⣶⣶⣶⣾⠿⠛⠓
⠀⣿⣿⡇
⠰⣿⣿⣿⠆
⢀⣴⣶⣶⣶⣶⣶⣶⣶⣶⣶⣶⣶⣶⣶⣶⣷⣤⡀
⠘⢿⣿⣿⣿⣿⠉⠉⠉⠉⠉⠉⠉⠉⠉⠉⠛⣿⣿⣿⣶⠆
⠀⢸⣿⣿⣿⣿⠀⠀⠀⠀⠀⠀⠀⠀⠀⠀⠀⣿⣿⣿⡏
⠀⢸⣿⣿⣿⣿⣀⣀⣀⣀⣀⣀⣀⣀⣀⣀⣤⣿⣿⣿⣿⡄
⠀⢸⣿⣿⣿⣿⠿⠿⠿⠿⠿⠿⠿⠿⠿⠿⣿⠟⠋⠁
⠀⢸⣿⣿⣿⣿
⠀⣸⣿⣿⣿⣿⡀
⠙⢿⣿⣿⣿⣿⠟
⠀⢠⣤⣤⣤⣤⣤⣤⣤⣤⣤⣤⣤⣤⣤⣤⣤⣤⣴⣶⣾⣦⣀
⠴⣿⣿⣿⣿⣿⣿⡟⠛⠛⠛⠛⠛⠛⠛⠛⠛⠛⠛⠻⠿⣿⣿⣿⣶⣤⣄⡀
⠀⠀⣿⣿⣿⣿⣿⡇⠀⠀⠀⠀⠀⠀⠀⠀⠀⠀⠀⠀⠀⢸⣿⣿⣿⣿⡏
⠀⠀⣿⣿⣿⣿⣿⡇⠀⠀⠀⠀⠀⠀⠀⠀⠀⠀⠀⠀⠀⢸⣿⣿⣿⣿⡄
⠀⠀⣿⣿⣿⣿⣿⣧⣤⣤⣤⣤⣤⣤⣤⣤⣤⣤⣤⣤⣤⣾⣿⣿⣿⣿⣷⡄
⠀⠀⣿⣿⣿⣿⣿⡿⠿⠿⠿⠿⠿⠿⠿⠿⠿⠿⣿⣿⣿⣿⠟⠋⠉⠁
⠀⠀⣿⣿⣿⣿⣿⡇⠀⠀⠀⠀⠀⠀⠀⠀⠀⠀⠀⠀⠈⠁
⠀⠀⣿⣿⣿⣿⣿⡇
⣀⣴⣿⣿⣿⣿⣿⣧⣄
⠈⠻⣿⣿⣿⣿⣿⡿⠋
⣶⣿⠛⠛⠛⠛⠛⠛⠻⠷
⣿⣿⣀⣀⣻⣿⣛⣛⣛⠛⠛⠛⣷⣦
⠀⠉⠉⠉⢩⣭⠉⠉⢹⣿⡆⠀⣿⣿
⠿⣿⣤⣤⣽⣿⣤⣤⣼⡿⠃⠀⣿⣿
⠀⠀⠀⠀⣽⣿⣤⣤⣤⣤⣤⣤⣿⠟
⣴⣾⣿⠿⠿⠿⠿⠿⠿⠿⠿⠿⠿⣿⣷⣦
⣿⣿⣿⠀⠀⠀⢀⣀⣀⣀⣀⣀⣀⣉⣉⣉⣀⣀⣀⣀
⣿⣿⣿⡀⠀⠀⢸⣿⣿⣟⠛⠛⠛⠛⠛⠛⠛⠛⠻⣿⣿⣦
⠈⠛⠛⠛⠛⠛⠛⠛⠛⠛⠛⠛⠻⣿⣿⣶⠀⠀⠀⣿⣿⣿
⣀⣀⣀⠀⠀⠀⢸⣿⣿⡏⠀⠀⠀⣿⣿⣿⠀⠀⠀⣿⣿⣿
⢿⣿⣿⣀⣀⣀⣸⣿⣿⣇⣀⣀⣀⣿⣿⣿⠀⠀⠀⣿⣿⣿
⠀⠉⠛⠛⠛⠛⢻⣿⣿⡟⠛⠛⠛⠛⠉⠁⠀⠀⠀⣿⣿⣿
⠀⠀⠀⠀⠀⠀⣸⣿⣿⣷⣶⣶⣶⣶⣶⣶⣶⣶⣾⡿⠿⠋
⣠⣶⣿⣿⡿⠿⠿⠿⠿⠿⠿⠿⠿⠿⠿⠿⢿⣿⣶⣦⡀
⣿⣿⣿⣿⠀⠀⠀⠀⠀⠀⠀⠀⠀⠀⠀⠀⠐⠛⠛⠛⠃
⣿⣿⣿⣿⠀⠀⠀⠀⢹⣿⣿⣿⡿⠿⠿⠿⠿⠿⠿⠿⠿⠿⠿⢿⣿⣷⣦⣄
⠙⠿⣿⣿⣶⣶⣶⣶⣾⣿⣿⣿⣷⣶⣶⣶⣶⣶⣤⣄⡀⠀⠀⠀⣿⣿⣿⣿
⠀⠀⠀⠀⠀⠀⠀⠀⢠⣤⣤⣤⡄⠀⠀⠀⠈⣿⣿⣿⡇⠀⠀⠀⣿⣿⣿⣿
⢰⣶⣶⡶⠀⠀⠀⠀⢸⣿⣿⣿⡇⠀⠀⠀⠀⣿⣿⣿⡇⠀⠀⠀⣿⣿⣿⣿
⠸⣿⣿⣷⣤⣤⣤⣤⣼⣿⣿⣿⣧⣤⣤⣤⣴⣿⣿⣿⠇⠀⠀⠀⣿⣿⣿⣿
⠀⠀⠈⠉⠉⠉⠉⠉⢹⣿⣿⣿⡏⠉⠉⠉⠉⠉⠁⠀⠀⠀⠀⠀⣿⣿⣿⣿
⠀⠀⠀⠀⠀⠀⠀⠀⣼⣿⣿⣿⣷⣶⣶⣶⣶⣶⣶⣶⣶⣶⣶⣿⣿⠿⠟⠁
⢰⣾⠟⠛⠛⠛⠛⠛⠛⠛⠿⠶
⠼⣿⣀⣘⣿⣿⣛⣛⣛⣛⡛⠛⠿⠧
⣀⣈⠉⠉⣿⣿⣉⣉⣉⠉⢻⣷
⠻⢿⣤⣤⣿⣿⣤⣤⣭⣤⣼⠿
⠀⠀⠀⣤⣿⣿⡤
⢠⣤⣶⣿⠿⠿⠿⠿⠿⠿⠿⠿⠿⠿⠿⢿⣷⣦⣤
⢸⣿⣿⠁⠀⢠⣤⣤⣤⣤⣤⣤⣤⣤⣤⣤⣬⣬⣬⣤⣤
⢸⣿⣿⣄⡀⠉⣻⣿⣿⡉⠉⠉⠉⠉⠉⠉⠉⠉⠙⠿⠿⠆
⠀⠀⠙⠛⠛⠛⢿⣿⣿⠟⠛⠛⠛⠛⠛⠿⣿⣦⣤
⢴⣶⣶⠀⠀⠀⢸⣿⣿⣦⣤⣤⣶⣶⠀⠀⢸⣿⣿
⠸⣿⣿⣦⣀⣀⣸⣿⣿⣀⣀⣀⣀⣀⣀⣠⣾⣿⡿
⠀⠀⠉⠛⠛⠛⢻⣿⣿⠛⠛⠛⠛⠛⠛⠛⠋⠁
⠀⠀⠀⠀⠐⣶⣿⣿⣿⣷⡖
⢀⣀⣤⣾⣿⣿⣿⣿⣿⣿⣿⣿⣿⣿⣿⣿⣿⣿⣿⣿⣿⣶⣤⣄
⢸⣿⣿⣿⠉⠀⠀⠀⠀⠀⠀⠀⠀⠀⠀⠀⠀⠀⠀⠈⠙⠛⠛⠛
⢸⣿⣿⣿⠀⠀⠰⢿⣿⣿⣿⣿⠿⠿⠿⠿⠿⠿⠿⠿⠿⠿⠿⣿⣿⣿⣧
⠘⠿⣿⣿⣶⣤⣤⣤⣿⣿⣿⣯⣀⣀⣀⣀⣀⣀⣀⣀⣄⡀⠀⠀⠙⠛⠛⠃
⠀⠀⠀⠉⠛⠛⠛⠛⣿⣿⣿⣿⠛⠛⠛⠛⠛⠛⠛⠻⣿⣿⣶⣤⡄
⢤⣤⣤⣤⠀⠀⠀⠀⣿⣿⣿⣷⣤⣤⣤⣤⣤⣴⠀⠀⢸⣿⣿⣿
⢸⣿⣿⣿⡀⠀⠀⠀⣿⣿⣿⣿⠉⠉⠉⠉⠉⠉⠀⠀⢸⣿⣿⣿⡀
⠈⠙⠻⢿⣿⣷⣶⣶⣿⣿⣿⣿⣶⣶⣶⣶⣶⣶⣶⣾⣿⡿⠟⠋⠁
⠀⠀⠀⠀⠉⠉⠉⢉⣿⣿⣿⣯⠁⠀⠀⠀⠀⠀⠉⠉⠉
⠀⠀⠀⠀⠀⠀⢺⣿⣿⣿⣿⣿⣿⠗
⠀⢀⣤⠶⠚⢋⣉⣙⡓⠶⢲⡇
⠀⣿⠁⠀⠀⢿⣰⡆⠙⢷⣼⡇
⠀⢻⣆⣀⠙⡀⣽⣈⣉⣻⣤⣀
⠀⣀⡀⠉⡧⠌⠁⣇⡠⢦⠀⠙⣧
⠀⣿⠙⢦⣀⠀⠘⢋⣿⠀⠀⣰⡟
⠀⣿⡤⠴⢬⣭⣉⣩⡥⠴⠚⠉
⠀⠀⠀⢀⣠⣤⠶⠞⠛⠛⠛⠛⠳⠶⣦⡴⢶⣶⡇
⠀⢀⣴⡿⠋⠀⠀⢀⣶⡟⢛⡛⠻⢶⣄⠀⢸⣿⡇
⠀⢸⣿⠀⠀⠀⡀⠘⢿⣦⣼⢣⠀⠈⠛⢷⣼⣿⡇
⠀⠘⣿⣆⠀⠀⠙⠶⠒⢈⣿⠈⠉⠒⠫⣯⣀⠈⠁
⠀⠒⠚⠛⠷⣶⣶⠶⠶⠶⠟⣶⡛⠛⠓⠛⠛⠻⣶⡖⠒
⠀⢠⣄⣀⠀⠀⡼⠵⠒⠠⡄⣿⣄⠂⠻⢦⠀⠀⢸⣿⡄
⠀⢸⣿⠛⢿⣦⡀⠀⠀⠀⢱⡏⢹⣿⠀⠀⠀⠀⣸⣿⠃
⠀⢸⣿⠀⠀⠙⠻⠶⣦⣤⣤⣴⠾⠋⠀⢀⣠⣾⠟⠁
⠀⢸⡿⠶⠶⠛⠶⠶⢤⣤⣤⣤⡤⠶⠾⠛⠋⠁
⠀⠀⠀⠀⠀⢀⣠⣤⣶⠶⠿⠛⠛⠛⠛⠿⠶⣶⣤⣤⣴⣶⣶⡆
⠀⠀⢀⣤⣾⠟⠋⠁⠀⠀⣠⣴⡶⠶⠶⢶⣦⣄⠈⠀⠀⢸⣿⡇
⠀⢀⣾⣿⠁⠀⠀⠀⠀⠰⣿⣯⠀⣰⣆⠀⠈⠻⣿⣦⡀⢸⣿⡇
⠀⠸⣿⣿⠀⠀⠀⠠⣄⣀⡙⠻⢷⣿⠘⣄⣀⠀⣈⣹⠿⠿⠿⠇
⠀⠀⠻⣿⣦⡀⠀⠀⠘⠗⠈⠁⢰⣿⠀⠀⠈⠉⠱⣷⣤⣄⡀
⠀⠐⠒⠚⠛⠿⣾⣶⣶⠶⠶⠶⠶⠛⣶⡛⠛⠛⠛⠛⠛⠟⢿⣷⣖⠒⠒
⠀⠀⣀⠀⠀⠀⠀⠈⣹⣣⠦⠄⢀⠀⣿⡃⠠⢔⣺⣆⠀⠀⠀⢹⣿⣧
⠀⠀⣿⣿⢿⣶⣄⠈⠁⠀⠀⠀⠈⣇⣿⢻⣷⣄⠀⠈⠁⠀⠀⢀⣿⣿
⠀⠀⣿⣿⠀⠙⢿⣷⣤⣀⠀⠀⠀⠸⠇⢀⣿⡿⠀⠀⠀⠀⢀⣾⡿⠃
⠀⠀⣿⣿⠀⠀⠀⠈⠙⠛⠻⠷⠶⠶⠿⠟⠋⠀⠀⣀⣤⣾⡿⠋⠁
⠀⠀⣿⠿⠶⠟⠛⠛⠿⠶⠶⣶⣤⣤⣶⡶⠶⠾⠟⠛⠉⠁
⠀⢀⣙⣿⣿⣋⣀⣀⣀⣀⠀⢀
⣾⡟⠉⣿⣯⠉⣭⣭⣭⣭⡍⠋
⠈⠛⠷⣿⣿⠶⠶⢾⣿⠶⠶⣦⣄
⠴⠶⠶⣿⣯⣄⣀⣈⣉⣀⣠⣼⠿⠃
⠀⠀⣤⣿⣿⣤⣭⣭⣭⣭⣤⣤⣴⠦
⠀⠀⠀⠛⠻⣿⣿⡟⠛
⢀⣴⣶⠿⠿⣿⣿⡟⠛⠛⠛⠿⠿⠿⠶⠶⢶⣶⠖
⢿⣿⣇⠀⠀⣿⣿⡇⠀⠰⠶⢶⣶⣶⠶⠶⠆
⠀⠙⠛⠿⢿⣿⣿⡿⠶⠶⠶⢾⣿⣿⡷⠶⢶⣶⣤⣄⡀
⢀⣤⣤⣄⣀⣿⣿⡇⠀⠀⠀⠘⠛⠛⠂⠀⠀⢀⣹⣿⡿
⠀⠀⠉⠉⠛⣿⣿⡿⠿⠷⠶⠶⠶⠶⠶⠶⠿⠿⠛⠋
⠀⠀⠀⣴⣶⣿⣿⣷⣶⣶⣶⣶⣶⣶⣶⣶⣶⣶⣶⣾⠿⠖
⠀⠀⠀⠀⠻⠿⣿⣿⣿⡿⠿⠇
⠀⠀⣀⣤⣴⣶⣿⣿⣿⣷⣶⣶⣶⣶⣶⣶⣶⣤⣤⣤⣤⣀⣀⣤⠄
⣴⣿⣿⠟⠉⠁⣿⣿⣿⡇⠀⠀⠀⠀⠀⠈⠉⠉⠉⠉⡙⠛⠛⠁
⠻⣿⣿⣦⣀⠀⣿⣿⣿⡇⠀⠀⠛⠛⠛⣿⣿⣿⠛⠛⠛
⠀⠈⠛⠻⠿⠿⣿⣿⣿⡿⠿⠿⠿⠿⢿⣿⣿⣿⡿⢿⣿⣶⣶⣦⣄⡀
⠀⠀⣀⣀⠀⠀⣿⣿⣿⡇⠀⠀⠀⠀⠠⠿⠿⠿⠄⠀⠀⠀⠉⢻⣿⣿⡆
⠒⠛⠛⠿⠿⣿⣿⣿⣿⣧⣤⣤⣄⣀⣀⣀⣀⣀⣀⣠⣤⣤⣶⣿⣿⠟⠁
⠀⠀⠀⠀⠀⠀⣿⣿⣿⡏⠉⠛⠛⠛⠛⠛⠛⠛⠛⠛⠛⠉⠉⠁⢀⣀⡀
⠀⠀⠀⠀⣾⣿⣿⣿⣿⣿⣿⣿⣿⣿⣿⣿⣿⣿⣿⣿⣿⣿⣿⣿⣿⠿⠿⠓
⠛⠉⠉⢹⣿⠉⣉⣙⣂⣀⣀⣀
⠀⠀⠀⢸⣿⠀⠀⣿⡇⢀⣨⣿⠃
⠀⠀⠈⠉⠉⠉⣀⣿⣇⣀⣀⣽⠿
⣼⠛⠉⠉⠉⢻⣿⣿⠉⠉⠉⠛⢿
⠀⠀⠀⠀⠀⢸⣿⣿⠀⠒⠒⣶⣶⡖⠒⠒⠶⣦⣤⡀
⠀⠀⠀⠀⠀⢸⣿⣿⠀⠀⠀⣿⣿⡇⠀⠀⣀⣿⠿⠋
⠀⠀⠀⠐⠒⠚⠛⠛⠒⠂⠀⣿⣿⡇⠈⠉⠉⠛⣿⣶⡄
⠀⠀⠀⠀⠀⠀⠀⠀⠀⣀⣀⣿⣿⣧⣀⣀⣤⣴⠿⠟⠁
⣸⠿⠛⠛⠛⠛⠛⣿⣿⣿⠛⠛⠛⠛⠛⢿⡇
⠉⠀⠀⠀⠀⠀⠀⣿⣿⣿⠀⠠⠤⣤⣤⣤⣭⡤⠤⢤⣤⣤⣀⣀
⠀⠀⠀⠀⠀⠀⠀⣿⣿⣿⠀⠀⠀⠀⣿⣿⣿⡇⠀⠀⠀⠙⣿⣿⣿
⠀⠀⠀⠀⠀⠀⢀⣿⣿⣿⠀⠀⠀⠀⣿⣿⣿⡇⠠⠤⣴⣾⣿⣋⣁
⠀⠀⠀⠀⠉⠉⠉⠉⠉⠉⠉⠉⠁⠀⣿⣿⣿⡇⠀⠀⠀⠀⠙⣿⣿⣷
⠀⠀⠀⠀⠀⠀⠀⠀⠀⠀⠀⢠⣤⣤⣿⣿⣿⣧⣤⣤⣤⣤⡾⠿⠟⠋
⣿⡿⣻⠟⠛⣻⣿⡟⣿⠛⠛⢿⡇⣷
⠙⠓⠃⠀⠀⣾⣿⣧⢛⡀⠀⠀⠓⠛
⠀⠀⠀⠀⠀⢾⣿⡇⣿
⠀⠀⠀⠰⣶⣿⣿⣿⣾⣆⡆
⣿⣿⣿⣿⠿⠿⠿⠿⣿⣿⣿⣿⠿⠿⠿⠿⣿⣿⣿⣿⢸⣶
⣿⣿⠏⣴⡟⠉⠀⠀⣿⣿⣿⣿⠀⣿⡇⠀⠀⠈⢿⣿⢸⣿
⠐⠒⠒⠛⠀⠀⠀⢀⣿⣿⣿⣿⣄⠿⠇⠀⠀⠀⠀⠲⠾⠿
⠀⠀⠀⠀⠀⠀⠀⠀⣿⣿⣿⣿⠁⣾⡏⠁
⠀⠀⠀⠀⠀⠀⠀⠀⣿⣿⣿⣿⠀⣿⡇
⠀⠀⠀⠀⠀⢀⣀⣤⣿⣿⣿⣿⣤⣛⣁⢀⡀
⠀⠀⠀⠀⠀⠈⣭⣭⣭⣭⣭⣭⣭⣭⣭⣼⣷
⣿⣿⣿⣿⣿⣿⡿⠿⠿⠿⢿⣿⣿⣿⣿⡿⠿⠿⠿⣿⣿⣿⣿⣿⣿⡇⣿⣦
⣿⣿⣿⠋⣥⡶⠚⠉⠉⠁⢸⣿⣿⣿⣿⡇⢸⣿⠀⠀⠀⠉⠙⣿⣿⡇⣿⣿
⠩⣭⣭⣼⣿⡇⠀⠀⠀⠀⢸⣿⣿⣿⣿⡇⢸⣿⠀⠀⠀⠀⠀⠈⢭⣥⣿⣿
⠀⠀⠀⠀⠀⠀⠀⠀⠀⠐⢿⣿⣿⣿⣿⡿⢂⣬⡥⠤
⠀⠀⠀⠀⠀⠀⠀⠀⠀⠀⢸⣿⣿⣿⣿⡇⢸⣿
⠀⠀⠀⠀⠀⠀⠀⠀⠀⠀⢸⣿⣿⣿⣿⡇⢸⣿
⠀⠀⠀⠀⠀⠀⠀⣤⣤⣴⣾⣿⣿⣿⣿⣷⣬⣭⣤⢀⣄
⠀⠀⠀⠀⠀⠀⠀⠩⣭⣭⣭⣭⣭⣭⣭⣭⣭⣭⣭⣼⣿⡇
⠀⠀⠀⣀⡤⡤⢤⣤⣴⣶⣾⣷
⠘⠛⠛⠫⢬⣉⠁⠈⢈⣿⠿⠿⠟⠃
⠀⠀⠀⠀⠀⠈⠻⡶⠊⠁
⠀⠀⠀⠀⠀⠀⠀⠀⣀⣀⣀⣀⣀⣠⣤⣤⣶⣾⡦
⢀⣀⣀⣀⣤⣴⣞⣉⣭⣙⣛⣻⣿⢿⣟⣟⣿⣿⣶⣀⣀⡀
⠈⠉⠛⠛⠛⠢⢤⣈⡉⠀⠀⠀⠀⢈⣿⢿⣿⣿⣿⡿⠛⠁
⠀⠀⠀⠀⠀⠀⠀⠈⠙⢷⣦⡀⢀⣼⠟⠋
⠀⠀⠀⠀⠀⠀⠀⠀⠀⠀⠙⡿⠋
⠀⠀⠀⠀⠀⠀⠀⠀⠀⠀⠀⠀⠀⠀⢀⣀⣀⣀⣀⣤⣤⣶⣷⣖
⠀⠀⠀⠀⠀⠀⣀⢠⡶⠞⣛⠛⠿⠿⣿⣿⣿⣿⡿⢿⢻⣯⣾⣥
⠰⠶⠿⣿⣿⣿⣟⠛⠙⠛⠿⠛⠛⠀⠀⠉⠁⠾⣿⣿⣾⣿⣿⣿⣶⣿⡿⠇
⠀⠀⠀⠀⠀⠀⠈⠉⠛⠲⣦⣤⣀⠀⠀⠀⠀⣴⣿⣭⠿⠛⠛⠛⠛⠁
⠀⠀⠀⠀⠀⠀⠀⠀⠀⠀⠀⠙⢿⣷⣦⣠⣴⠟⠋
⠀⠀⠀⠀⠀⠀⠀⠀⠀⠀⠀⠀⠀⠙⡿⠋⠁--- mls/CLB md: 13 rows x 27 cells ---
unchanged, skipping packages/core/src/art/mls/clb.xs.txt
wrote packages/core/src/art/mls/clb.sm.txt
wrote packages/core/src/art/mls/clb.md.txt
--- mls/DC xs: 4 rows x 14 cells ---
--- mls/DC sm: 6 rows x 22 cells ---
--- mls/DC md: 8 rows x 28 cells ---
unchanged, skipping packages/core/src/art/mls/dc.xs.txt
wrote packages/core/src/art/mls/dc.sm.txt
wrote packages/core/src/art/mls/dc.md.txt
--- mls/CIN xs: 4 rows x 14 cells ---
--- mls/CIN sm: 6 rows x 22 cells ---
--- mls/CIN md: 8 rows x 28 cells ---
unchanged, skipping packages/core/src/art/mls/cin.xs.txt
wrote packages/core/src/art/mls/cin.sm.txt
wrote packages/core/src/art/mls/cin.md.txt
--- mls/DAL xs: 4 rows x 14 cells ---
--- mls/DAL sm: 6 rows x 22 cells ---
--- mls/DAL md: 7 rows x 28 cells ---
unchanged, skipping packages/core/src/art/mls/dal.xs.txt
wrote packages/core/src/art/mls/dal.sm.txt
wrote packages/core/src/art/mls/dal.md.txt
--- mls/HOU xs: 5 rows x 14 cells ---
--- mls/HOU sm: 7 rows x 22 cells ---
--- mls/HOU md: 9 rows x 28 cells ---
unchanged, skipping packages/core/src/art/mls/hou.xs.txt
wrote packages/core/src/art/mls/hou.sm.txt
wrote packages/core/src/art/mls/hou.md.txt
--- mls/MIA xs: 4 rows x 14 cells ---
--- mls/MIA sm: 6 rows x 22 cells ---
--- mls/MIA md: 7 rows x 28 cells ---
unchanged, skipping packages/core/src/art/mls/mia.xs.txt
wrote packages/core/src/art/mls/mia.sm.txt
wrote packages/core/src/art/mls/mia.md.txt
--- mls/LA xs: 5 rows x 13 cells ---
--- mls/LA sm: 7 rows x 21 cells ---
--- mls/LA md: 9 rows x 26 cells ---
unchanged, skipping packages/core/src/art/mls/la.xs.txt
wrote packages/core/src/art/mls/la.sm.txt
wrote packages/core/src/art/mls/la.md.txt
--- mls/LAFC xs: 5 rows x 14 cells ---
--- mls/LAFC sm: 8 rows x 22 cells ---
--- mls/LAFC md: 10 rows x 28 cells ---
unchanged, skipping packages/core/src/art/mls/lafc.xs.txt
wrote packages/core/src/art/mls/lafc.sm.txt
wrote packages/core/src/art/mls/lafc.md.txt
--- mls/MIN xs: 6 rows x 13 cells ---
--- mls/MIN sm: 9 rows x 21 cells ---
--- mls/MIN md: 11 rows x 27 cells ---
unchanged, skipping packages/core/src/art/mls/min.xs.txt
wrote packages/core/src/art/mls/min.sm.txt
wrote packages/core/src/art/mls/min.md.txt
--- mls/NSH xs: 5 rows x 14 cells ---
--- mls/NSH sm: 8 rows x 22 cells ---
--- mls/NSH md: 10 rows x 28 cells ---
unchanged, skipping packages/core/src/art/mls/nsh.xs.txt
wrote packages/core/src/art/mls/nsh.sm.txt
wrote packages/core/src/art/mls/nsh.md.txt
--- mls/NE xs: 4 rows x 14 cells ---
--- mls/NE sm: 6 rows x 22 cells ---
--- mls/NE md: 7 rows x 28 cells ---
unchanged, skipping packages/core/src/art/mls/ne.xs.txt
wrote packages/core/src/art/mls/ne.sm.txt
wrote packages/core/src/art/mls/ne.md.txt
--- mls/NYC xs: 4 rows x 14 cells ---
--- mls/NYC sm: 6 rows x 22 cells ---
--- mls/NYC md: 7 rows x 28 cells ---
unchanged, skipping packages/core/src/art/mls/nyc.xs.txt
wrote packages/core/src/art/mls/nyc.sm.txt
wrote packages/core/src/art/mls/nyc.md.txt
--- mls/ORL xs: 4 rows x 14 cells ---
--- mls/ORL sm: 7 rows x 22 cells ---
--- mls/ORL md: 8 rows x 28 cells ---
unchanged, skipping packages/core/src/art/mls/orl.xs.txt
wrote packages/core/src/art/mls/orl.sm.txt
wrote packages/core/src/art/mls/orl.md.txt
--- mls/PHI xs: 4 rows x 14 cells ---
--- mls/PHI sm: 6 rows x 22 cells ---
--- mls/PHI md: 7 rows x 28 cells ---
unchanged, skipping packages/core/src/art/mls/phi.xs.txt
wrote packages/core/src/art/mls/phi.sm.txt
wrote packages/core/src/art/mls/phi.md.txt
--- mls/POR xs: 4 rows x 14 cells ---
--- mls/POR sm: 6 rows x 22 cells ---
--- mls/POR md: 8 rows x 28 cells ---
unchanged, skipping packages/core/src/art/mls/por.xs.txt
wrote packages/core/src/art/mls/por.sm.txt
wrote packages/core/src/art/mls/por.md.txt
--- mls/RSL xs: 5 rows x 14 cells ---
--- mls/RSL sm: 8 rows x 22 cells ---
--- mls/RSL md: 10 rows x 28 cells ---
unchanged, skipping packages/core/src/art/mls/rsl.xs.txt
wrote packages/core/src/art/mls/rsl.sm.txt
wrote packages/core/src/art/mls/rsl.md.txt
--- mls/RBNY xs: 3 rows x 14 cells ---
--- mls/RBNY sm: 5 rows x 22 cells ---
--- mls/RBNY md: 6 rows x 28 cells ---
unchanged, skipping packages/core/src/art/mls/rbny.xs.txt
wrote packages/core/src/art/mls/rbny.sm.txt
wrote packages/core/src/art/mls/rbny.md.txt
--- mls/SD xs: 5 rows x 14 cells ---
--- mls/SD sm: 7 rows x 22 cells ---
--- mls/SD md: 9 rows x 28 cells ---
unchanged, skipping packages/core/src/art/mls/sd.xs.txt
wrote packages/core/src/art/mls/sd.sm.txt
wrote packages/core/src/art/mls/sd.md.txt
--- mls/SJ xs: 5 rows x 14 cells ---
--- mls/SJ sm: 7 rows x 22 cells ---
--- mls/SJ md: 9 rows x 28 cells ---
unchanged, skipping packages/core/src/art/mls/sj.xs.txt
wrote packages/core/src/art/mls/sj.sm.txt
wrote packages/core/src/art/mls/sj.md.txt
--- mls/SEA xs: 4 rows x 14 cells ---
--- mls/SEA sm: 7 rows x 22 cells ---
--- mls/SEA md: 9 rows x 28 cells ---
unchanged, skipping packages/core/src/art/mls/sea.xs.txt
wrote packages/core/src/art/mls/sea.sm.txt
wrote packages/core/src/art/mls/sea.md.txt
--- mls/SKC xs: 4 rows x 14 cells ---
--- mls/SKC sm: 6 rows x 22 cells ---
--- mls/SKC md: 8 rows x 28 cells ---
unchanged, skipping packages/core/src/art/mls/skc.xs.txt
wrote packages/core/src/art/mls/skc.sm.txt
wrote packages/core/src/art/mls/skc.md.txt
--- mls/STL xs: 5 rows x 14 cells ---
--- mls/STL sm: 8 rows x 22 cells ---
--- mls/STL md: 9 rows x 28 cells ---
unchanged, skipping packages/core/src/art/mls/stl.xs.txt
wrote packages/core/src/art/mls/stl.sm.txt
wrote packages/core/src/art/mls/stl.md.txt
--- mls/TOR xs: 4 rows x 14 cells ---
--- mls/TOR sm: 5 rows x 22 cells ---
--- mls/TOR md: 7 rows x 28 cells ---
unchanged, skipping packages/core/src/art/mls/tor.xs.txt
wrote packages/core/src/art/mls/tor.sm.txt
wrote packages/core/src/art/mls/tor.md.txt
--- mls/VAN xs: 5 rows x 14 cells ---
--- mls/VAN sm: 7 rows x 22 cells ---
--- mls/VAN md: 9 rows x 28 cells ---
unchanged, skipping packages/core/src/art/mls/van.xs.txt
wrote packages/core/src/art/mls/van.sm.txt
wrote packages/core/src/art/mls/van.md.txt
nba: 30 teams
--- nba/ATL xs: 4 rows x 14 cells ---
--- nba/ATL sm: 6 rows x 22 cells ---
--- nba/ATL md: 8 rows x 28 cells ---
unchanged, skipping packages/core/src/art/nba/atl.xs.txt
wrote packages/core/src/art/nba/atl.sm.txt
wrote packages/core/src/art/nba/atl.md.txt
--- nba/BOS xs: 4 rows x 14 cells ---
--- nba/BOS sm: 6 rows x 22 cells ---
--- nba/BOS md: 7 rows x 28 cells ---
unchanged, skipping packages/core/src/art/nba/bos.xs.txt
wrote packages/core/src/art/nba/bos.sm.txt
wrote packages/core/src/art/nba/bos.md.txt
--- nba/BKN xs: 4 rows x 14 cells ---
--- nba/BKN sm: 6 rows x 22 cells ---
--- nba/BKN md: 7 rows x 28 cells ---
unchanged, skipping packages/core/src/art/nba/bkn.xs.txt
wrote packages/core/src/art/nba/bkn.sm.txt
wrote packages/core/src/art/nba/bkn.md.txt
--- nba/CHA xs: 4 rows x 14 cells ---
--- nba/CHA sm: 6 rows x 22 cells ---
--- nba/CHA md: 7 rows x 28 cells ---
unchanged, skipping packages/core/src/art/nba/cha.xs.txt
wrote packages/core/src/art/nba/cha.sm.txt
wrote packages/core/src/art/nba/cha.md.txt
--- nba/CHI xs: 3 rows x 14 cells ---
--- nba/CHI sm: 5 rows x 22 cells ---
--- nba/CHI md: 6 rows x 28 cells ---
unchanged, skipping packages/core/src/art/nba/chi.xs.txt
wrote packages/core/src/art/nba/chi.sm.txt
wrote packages/core/src/art/nba/chi.md.txt
--- nba/CLE xs: 3 rows x 14 cells ---
--- nba/CLE sm: 5 rows x 22 cells ---
--- nba/CLE md: 6 rows x 28 cells ---
unchanged, skipping packages/core/src/art/nba/cle.xs.txt
wrote packages/core/src/art/nba/cle.sm.txt
wrote packages/core/src/art/nba/cle.md.txt
--- nba/DAL xs: 4 rows x 14 cells ---
--- nba/DAL sm: 6 rows x 22 cells ---
--- nba/DAL md: 7 rows x 28 cells ---
unchanged, skipping packages/core/src/art/nba/dal.xs.txt
wrote packages/core/src/art/nba/dal.sm.txt
wrote packages/core/src/art/nba/dal.md.txt
--- nba/DEN xs: 4 rows x 14 cells ---
--- nba/DEN sm: 6 rows x 22 cells ---
--- nba/DEN md: 7 rows x 28 cells ---
unchanged, skipping packages/core/src/art/nba/den.xs.txt
wrote packages/core/src/art/nba/den.sm.txt
wrote packages/core/src/art/nba/den.md.txt
--- nba/DET xs: 4 rows x 14 cells ---
--- nba/DET sm: 6 rows x 22 cells ---
--- nba/DET md: 7 rows x 28 cells ---
unchanged, skipping packages/core/src/art/nba/det.xs.txt
wrote packages/core/src/art/nba/det.sm.txt
wrote packages/core/src/art/nba/det.md.txt
--- nba/GS xs: 4 rows x 14 cells ---
--- nba/GS sm: 6 rows x 22 cells ---
--- nba/GS md: 7 rows x 28 cells ---
unchanged, skipping packages/core/src/art/nba/gs.xs.txt
wrote packages/core/src/art/nba/gs.sm.txt
wrote packages/core/src/art/nba/gs.md.txt
--- nba/HOU xs: 4 rows x 14 cells ---
--- nba/HOU sm: 7 rows x 22 cells ---
--- nba/HOU md: 9 rows x 28 cells ---
unchanged, skipping packages/core/src/art/nba/hou.xs.txt
wrote packages/core/src/art/nba/hou.sm.txt
wrote packages/core/src/art/nba/hou.md.txt
--- nba/IND xs: 4 rows x 14 cells ---
--- nba/IND sm: 5 rows x 22 cells ---
--- nba/IND md: 7 rows x 28 cells ---
unchanged, skipping packages/core/src/art/nba/ind.xs.txt
wrote packages/core/src/art/nba/ind.sm.txt
wrote packages/core/src/art/nba/ind.md.txt
--- nba/LAC xs: 4 rows x 14 cells ---
--- nba/LAC sm: 6 rows x 22 cells ---
--- nba/LAC md: 7 rows x 28 cells ---
unchanged, skipping packages/core/src/art/nba/lac.xs.txt
wrote packages/core/src/art/nba/lac.sm.txt
wrote packages/core/src/art/nba/lac.md.txt
--- nba/LAL xs: 2 rows x 14 cells ---
--- nba/LAL sm: 4 rows x 21 cells ---
--- nba/LAL md: 5 rows x 27 cells ---
unchanged, skipping packages/core/src/art/nba/lal.xs.txt
wrote packages/core/src/art/nba/lal.sm.txt
wrote packages/core/src/art/nba/lal.md.txt
--- nba/MEM xs: 4 rows x 14 cells ---
--- nba/MEM sm: 5 rows x 22 cells ---
--- nba/MEM md: 7 rows x 28 cells ---
unchanged, skipping packages/core/src/art/nba/mem.xs.txt
wrote packages/core/src/art/nba/mem.sm.txt
wrote packages/core/src/art/nba/mem.md.txt
--- nba/MIA xs: 4 rows x 11 cells ---
--- nba/MIA sm: 6 rows x 22 cells ---
--- nba/MIA md: 8 rows x 28 cells ---
unchanged, skipping packages/core/src/art/nba/mia.xs.txt
wrote packages/core/src/art/nba/mia.sm.txt
wrote packages/core/src/art/nba/mia.md.txt
--- nba/MIL xs: 5 rows x 14 cells ---
--- nba/MIL sm: 7 rows x 22 cells ---
--- nba/MIL md: 9 rows x 28 cells ---
unchanged, skipping packages/core/src/art/nba/mil.xs.txt
wrote packages/core/src/art/nba/mil.sm.txt
wrote packages/core/src/art/nba/mil.md.txt
--- nba/MIN xs: 4 rows x 14 cells ---
--- nba/MIN sm: 6 rows x 22 cells ---
--- nba/MIN md: 7 rows x 28 cells ---
unchanged, skipping packages/core/src/art/nba/min.xs.txt
wrote packages/core/src/art/nba/min.sm.txt
wrote packages/core/src/art/nba/min.md.txt
--- nba/NO xs: 2 rows x 14 cells ---
--- nba/NO sm: 2 rows x 22 cells ---
--- nba/NO md: 3 rows x 28 cells ---
unchanged, skipping packages/core/src/art/nba/no.xs.txt
wrote packages/core/src/art/nba/no.sm.txt
wrote packages/core/src/art/nba/no.md.txt
--- nba/NY xs: 3 rows x 14 cells ---
--- nba/NY sm: 5 rows x 22 cells ---
--- nba/NY md: 6 rows x 28 cells ---
unchanged, skipping packages/core/src/art/nba/ny.xs.txt
wrote packages/core/src/art/nba/ny.sm.txt
wrote packages/core/src/art/nba/ny.md.txt
--- nba/OKC xs: 2 rows x 12 cells ---
--- nba/OKC sm: 3 rows x 19 cells ---
--- nba/OKC md: 4 rows x 26 cells ---
unchanged, skipping packages/core/src/art/nba/okc.xs.txt
wrote packages/core/src/art/nba/okc.sm.txt
wrote packages/core/src/art/nba/okc.md.txt
--- nba/ORL xs: 3 rows x 14 cells ---
--- nba/ORL sm: 4 rows x 22 cells ---
--- nba/ORL md: 5 rows x 28 cells ---
unchanged, skipping packages/core/src/art/nba/orl.xs.txt
wrote packages/core/src/art/nba/orl.sm.txt
wrote packages/core/src/art/nba/orl.md.txt
--- nba/PHI xs: 3 rows x 14 cells ---
--- nba/PHI sm: 7 rows x 22 cells ---
--- nba/PHI md: 9 rows x 28 cells ---
unchanged, skipping packages/core/src/art/nba/phi.xs.txt
wrote packages/core/src/art/nba/phi.sm.txt
wrote packages/core/src/art/nba/phi.md.txt
--- nba/PHX xs: 3 rows x 13 cells ---
--- nba/PHX sm: 5 rows x 21 cells ---
--- nba/PHX md: 6 rows x 27 cells ---
unchanged, skipping packages/core/src/art/nba/phx.xs.txt
wrote packages/core/src/art/nba/phx.sm.txt
wrote packages/core/src/art/nba/phx.md.txt
--- nba/POR xs: 4 rows x 14 cells ---
--- nba/POR sm: 6 rows x 22 cells ---
--- nba/POR md: 8 rows x 28 cells ---
unchanged, skipping packages/core/src/art/nba/por.xs.txt
wrote packages/core/src/art/nba/por.sm.txt
wrote packages/core/src/art/nba/por.md.txt
--- nba/SAC xs: 4 rows x 14 cells ---
--- nba/SAC sm: 6 rows x 22 cells ---
--- nba/SAC md: 8 rows x 28 cells ---
unchanged, skipping packages/core/src/art/nba/sac.xs.txt
wrote packages/core/src/art/nba/sac.sm.txt
wrote packages/core/src/art/nba/sac.md.txt
--- nba/SA xs: 5 rows x 14 cells ---
--- nba/SA sm: 7 rows x 22 cells ---
--- nba/SA md: 9 rows x 28 cells ---
unchanged, skipping packages/core/src/art/nba/sa.xs.txt
wrote packages/core/src/art/nba/sa.sm.txt
wrote packages/core/src/art/nba/sa.md.txt
--- nba/TOR xs: 4 rows x 14 cells ---
--- nba/TOR sm: 6 rows x 22 cells ---
--- nba/TOR md: 7 rows x 28 cells ---
unchanged, skipping packages/core/src/art/nba/tor.xs.txt
wrote packages/core/src/art/nba/tor.sm.txt
wrote packages/core/src/art/nba/tor.md.txt
--- nba/UTAH xs: 3 rows x 14 cells ---
--- nba/UTAH sm: 4 rows x 22 cells ---
--- nba/UTAH md: 5 rows x 28 cells ---
unchanged, skipping packages/core/src/art/nba/utah.xs.txt
wrote packages/core/src/art/nba/utah.sm.txt
wrote packages/core/src/art/nba/utah.md.txt
--- nba/WSH xs: 4 rows x 13 cells ---
--- nba/WSH sm: 6 rows x 21 cells ---
--- nba/WSH md: 7 rows x 27 cells ---
unchanged, skipping packages/core/src/art/nba/wsh.xs.txt
wrote packages/core/src/art/nba/wsh.sm.txt
wrote packages/core/src/art/nba/wsh.md.txt
ncaaf: 670 teams
--- ncaaf/ACU xs: 3 rows x 13 cells ---
--- ncaaf/ACU sm: 4 rows x 21 cells ---
--- ncaaf/ACU md: 5 rows x 27 cells ---
unchanged, skipping packages/core/src/art/ncaaf/acu.xs.txt
wrote packages/core/src/art/ncaaf/acu.sm.txt
wrote packages/core/src/art/ncaaf/acu.md.txt
--- ncaaf/ADSU xs: 4 rows x 14 cells ---
--- ncaaf/ADSU sm: 6 rows x 22 cells ---
--- ncaaf/ADSU md: 8 rows x 28 cells ---
unchanged, skipping packages/core/src/art/ncaaf/adsu.xs.txt
wrote packages/core/src/art/ncaaf/adsu.sm.txt
wrote packages/core/src/art/ncaaf/adsu.md.txt
--- ncaaf/ADR xs: 4 rows x 14 cells ---
--- ncaaf/ADR sm: 5 rows x 22 cells ---
--- ncaaf/ADR md: 7 rows x 28 cells ---
unchanged, skipping packages/core/src/art/ncaaf/adr.xs.txt
wrote packages/core/src/art/ncaaf/adr.sm.txt
wrote packages/core/src/art/ncaaf/adr.md.txt
--- ncaaf/AF xs: 4 rows x 14 cells ---
--- ncaaf/AF sm: 6 rows x 22 cells ---
--- ncaaf/AF md: 7 rows x 28 cells ---
unchanged, skipping packages/core/src/art/ncaaf/af.xs.txt
wrote packages/core/src/art/ncaaf/af.sm.txt
wrote packages/core/src/art/ncaaf/af.md.txt
--- ncaaf/AKR xs: 2 rows x 13 cells ---
--- ncaaf/AKR sm: 3 rows x 21 cells ---
--- ncaaf/AKR md: 4 rows x 27 cells ---
unchanged, skipping packages/core/src/art/ncaaf/akr.xs.txt
wrote packages/core/src/art/ncaaf/akr.sm.txt
wrote packages/core/src/art/ncaaf/akr.md.txt
--- ncaaf/AAMU xs: 4 rows x 14 cells ---
--- ncaaf/AAMU sm: 6 rows x 21 cells ---
--- ncaaf/AAMU md: 8 rows x 28 cells ---
unchanged, skipping packages/core/src/art/ncaaf/aamu.xs.txt
wrote packages/core/src/art/ncaaf/aamu.sm.txt
wrote packages/core/src/art/ncaaf/aamu.md.txt
--- ncaaf/ALA xs: 4 rows x 14 cells ---
--- ncaaf/ALA sm: 6 rows x 22 cells ---
--- ncaaf/ALA md: 7 rows x 28 cells ---
unchanged, skipping packages/core/src/art/ncaaf/ala.xs.txt
wrote packages/core/src/art/ncaaf/ala.sm.txt
wrote packages/core/src/art/ncaaf/ala.md.txt
--- ncaaf/ALST xs: 2 rows x 13 cells ---
--- ncaaf/ALST sm: 3 rows x 20 cells ---
--- ncaaf/ALST md: 3 rows x 26 cells ---
unchanged, skipping packages/core/src/art/ncaaf/alst.xs.txt
wrote packages/core/src/art/ncaaf/alst.sm.txt
wrote packages/core/src/art/ncaaf/alst.md.txt
--- ncaaf/ABSU xs: 3 rows x 14 cells ---
--- ncaaf/ABSU sm: 5 rows x 22 cells ---
--- ncaaf/ABSU md: 7 rows x 28 cells ---
unchanged, skipping packages/core/src/art/ncaaf/absu.xs.txt
wrote packages/core/src/art/ncaaf/absu.sm.txt
wrote packages/core/src/art/ncaaf/absu.md.txt
--- ncaaf/ALBI xs: 4 rows x 14 cells ---
--- ncaaf/ALBI sm: 5 rows x 22 cells ---
--- ncaaf/ALBI md: 7 rows x 28 cells ---
unchanged, skipping packages/core/src/art/ncaaf/albi.xs.txt
wrote packages/core/src/art/ncaaf/albi.sm.txt
wrote packages/core/src/art/ncaaf/albi.md.txt
--- ncaaf/ALBR xs: 3 rows x 14 cells ---
--- ncaaf/ALBR sm: 4 rows x 22 cells ---
--- ncaaf/ALBR md: 5 rows x 28 cells ---
unchanged, skipping packages/core/src/art/ncaaf/albr.xs.txt
wrote packages/core/src/art/ncaaf/albr.sm.txt
wrote packages/core/src/art/ncaaf/albr.md.txt
--- ncaaf/ALCN xs: 3 rows x 14 cells ---
--- ncaaf/ALCN sm: 5 rows x 22 cells ---
--- ncaaf/ALCN md: 7 rows x 28 cells ---
unchanged, skipping packages/core/src/art/ncaaf/alcn.xs.txt
wrote packages/core/src/art/ncaaf/alcn.sm.txt
wrote packages/core/src/art/ncaaf/alcn.md.txt
--- ncaaf/ALFR xs: 2 rows x 13 cells ---
--- ncaaf/ALFR sm: 2 rows x 21 cells ---
--- ncaaf/ALFR md: 3 rows x 27 cells ---
unchanged, skipping packages/core/src/art/ncaaf/alfr.xs.txt
wrote packages/core/src/art/ncaaf/alfr.sm.txt
wrote packages/core/src/art/ncaaf/alfr.md.txt
--- ncaaf/AFST xs: 2 rows x 13 cells ---
--- ncaaf/AFST sm: 4 rows x 21 cells ---
--- ncaaf/AFST md: 5 rows x 27 cells ---
unchanged, skipping packages/core/src/art/ncaaf/afst.xs.txt
wrote packages/core/src/art/ncaaf/afst.sm.txt
wrote packages/core/src/art/ncaaf/afst.md.txt
--- ncaaf/ALLG xs: 3 rows x 14 cells ---
--- ncaaf/ALLG sm: 5 rows x 22 cells ---
--- ncaaf/ALLG md: 6 rows x 28 cells ---
unchanged, skipping packages/core/src/art/ncaaf/allg.xs.txt
wrote packages/core/src/art/ncaaf/allg.sm.txt
wrote packages/core/src/art/ncaaf/allg.md.txt
--- ncaaf/ALNU xs: 4 rows x 12 cells ---
--- ncaaf/ALNU sm: 5 rows x 19 cells ---
--- ncaaf/ALNU md: 7 rows x 24 cells ---
unchanged, skipping packages/core/src/art/ncaaf/alnu.xs.txt
wrote packages/core/src/art/ncaaf/alnu.sm.txt
wrote packages/core/src/art/ncaaf/alnu.md.txt
--- ncaaf/ALMA xs: 4 rows x 14 cells ---
--- ncaaf/ALMA sm: 6 rows x 22 cells ---
--- ncaaf/ALMA md: 7 rows x 28 cells ---
unchanged, skipping packages/core/src/art/ncaaf/alma.xs.txt
wrote packages/core/src/art/ncaaf/alma.sm.txt
wrote packages/core/src/art/ncaaf/alma.md.txt
--- ncaaf/ALVR xs: 2 rows x 14 cells ---
--- ncaaf/ALVR sm: 4 rows x 21 cells ---
--- ncaaf/ALVR md: 5 rows x 27 cells ---
unchanged, skipping packages/core/src/art/ncaaf/alvr.xs.txt
wrote packages/core/src/art/ncaaf/alvr.sm.txt
wrote packages/core/src/art/ncaaf/alvr.md.txt
--- ncaaf/AIC xs: 2 rows x 14 cells ---
--- ncaaf/AIC sm: 3 rows x 22 cells ---
--- ncaaf/AIC md: 3 rows x 28 cells ---
unchanged, skipping packages/core/src/art/ncaaf/aic.xs.txt
wrote packages/core/src/art/ncaaf/aic.sm.txt
wrote packages/core/src/art/ncaaf/aic.md.txt
--- ncaaf/AMH xs: 3 rows x 14 cells ---
--- ncaaf/AMH sm: 4 rows x 22 cells ---
--- ncaaf/AMH md: 5 rows x 28 cells ---
unchanged, skipping packages/core/src/art/ncaaf/amh.xs.txt
wrote packages/core/src/art/ncaaf/amh.sm.txt
wrote packages/core/src/art/ncaaf/amh.md.txt
--- ncaaf/ANIN xs: 2 rows x 14 cells ---
--- ncaaf/ANIN sm: 3 rows x 22 cells ---
--- ncaaf/ANIN md: 4 rows x 28 cells ---
unchanged, skipping packages/core/src/art/ncaaf/anin.xs.txt
wrote packages/core/src/art/ncaaf/anin.sm.txt
wrote packages/core/src/art/ncaaf/anin.md.txt
--- ncaaf/ANSC xs: 2 rows x 10 cells ---
--- ncaaf/ANSC sm: 4 rows x 16 cells ---
--- ncaaf/ANSC md: 4 rows x 20 cells ---
unchanged, skipping packages/core/src/art/ncaaf/ansc.xs.txt
wrote packages/core/src/art/ncaaf/ansc.sm.txt
wrote packages/core/src/art/ncaaf/ansc.md.txt
--- ncaaf/AGSU xs: 2 rows x 14 cells ---
--- ncaaf/AGSU sm: 4 rows x 22 cells ---
--- ncaaf/AGSU md: 5 rows x 28 cells ---
unchanged, skipping packages/core/src/art/ncaaf/agsu.xs.txt
wrote packages/core/src/art/ncaaf/agsu.sm.txt
wrote packages/core/src/art/ncaaf/agsu.md.txt
--- ncaaf/APP xs: 4 rows x 14 cells ---
--- ncaaf/APP sm: 7 rows x 21 cells ---
--- ncaaf/APP md: 8 rows x 27 cells ---
unchanged, skipping packages/core/src/art/ncaaf/app.xs.txt
wrote packages/core/src/art/ncaaf/app.sm.txt
wrote packages/core/src/art/ncaaf/app.md.txt
--- ncaaf/ASU xs: 7 rows x 14 cells ---
--- ncaaf/ASU sm: 11 rows x 21 cells ---
--- ncaaf/ASU md: 14 rows x 27 cells ---
unchanged, skipping packages/core/src/art/ncaaf/asu.xs.txt
wrote packages/core/src/art/ncaaf/asu.sm.txt
wrote packages/core/src/art/ncaaf/asu.md.txt
--- ncaaf/ARIZ xs: 3 rows x 14 cells ---
--- ncaaf/ARIZ sm: 5 rows x 22 cells ---
--- ncaaf/ARIZ md: 7 rows x 28 cells ---
unchanged, skipping packages/core/src/art/ncaaf/ariz.xs.txt
wrote packages/core/src/art/ncaaf/ariz.sm.txt
wrote packages/core/src/art/ncaaf/ariz.md.txt
--- ncaaf/UAM xs: 3 rows x 14 cells ---
--- ncaaf/UAM sm: 5 rows x 22 cells ---
--- ncaaf/UAM md: 7 rows x 28 cells ---
unchanged, skipping packages/core/src/art/ncaaf/uam.xs.txt
wrote packages/core/src/art/ncaaf/uam.sm.txt
wrote packages/core/src/art/ncaaf/uam.md.txt
--- ncaaf/ARK xs: 2 rows x 14 cells ---
--- ncaaf/ARK sm: 3 rows x 22 cells ---
--- ncaaf/ARK md: 3 rows x 28 cells ---
unchanged, skipping packages/core/src/art/ncaaf/ark.xs.txt
wrote packages/core/src/art/ncaaf/ark.sm.txt
wrote packages/core/src/art/ncaaf/ark.md.txt
--- ncaaf/ARST xs: 4 rows x 14 cells ---
--- ncaaf/ARST sm: 6 rows x 22 cells ---
--- ncaaf/ARST md: 8 rows x 28 cells ---
unchanged, skipping packages/core/src/art/ncaaf/arst.xs.txt
wrote packages/core/src/art/ncaaf/arst.sm.txt
wrote packages/core/src/art/ncaaf/arst.md.txt
--- ncaaf/ARTE xs: 2 rows x 14 cells ---
--- ncaaf/ARTE sm: 3 rows x 22 cells ---
--- ncaaf/ARTE md: 4 rows x 28 cells ---
unchanged, skipping packages/core/src/art/ncaaf/arte.xs.txt
wrote packages/core/src/art/ncaaf/arte.sm.txt
wrote packages/core/src/art/ncaaf/arte.md.txt
--- ncaaf/UAPB xs: 3 rows x 14 cells ---
--- ncaaf/UAPB sm: 5 rows x 22 cells ---
--- ncaaf/UAPB md: 6 rows x 28 cells ---
unchanged, skipping packages/core/src/art/ncaaf/uapb.xs.txt
wrote packages/core/src/art/ncaaf/uapb.sm.txt
wrote packages/core/src/art/ncaaf/uapb.md.txt
--- ncaaf/ARMY xs: 4 rows x 14 cells ---
--- ncaaf/ARMY sm: 7 rows x 22 cells ---
--- ncaaf/ARMY md: 8 rows x 28 cells ---
unchanged, skipping packages/core/src/art/ncaaf/army.xs.txt
wrote packages/core/src/art/ncaaf/army.sm.txt
wrote packages/core/src/art/ncaaf/army.md.txt
--- ncaaf/ASH xs: 2 rows x 14 cells ---
--- ncaaf/ASH sm: 2 rows x 22 cells ---
--- ncaaf/ASH md: 3 rows x 28 cells ---
unchanged, skipping packages/core/src/art/ncaaf/ash.xs.txt
wrote packages/core/src/art/ncaaf/ash.sm.txt
wrote packages/core/src/art/ncaaf/ash.md.txt
--- ncaaf/ASP xs: 3 rows x 13 cells ---
--- ncaaf/ASP sm: 5 rows x 21 cells ---
--- ncaaf/ASP md: 6 rows x 26 cells ---
unchanged, skipping packages/core/src/art/ncaaf/asp.xs.txt
wrote packages/core/src/art/ncaaf/asp.sm.txt
wrote packages/core/src/art/ncaaf/asp.md.txt
--- ncaaf/AUB xs: 3 rows x 14 cells ---
--- ncaaf/AUB sm: 5 rows x 22 cells ---
--- ncaaf/AUB md: 6 rows x 28 cells ---
unchanged, skipping packages/core/src/art/ncaaf/aub.xs.txt
wrote packages/core/src/art/ncaaf/aub.sm.txt
wrote packages/core/src/art/ncaaf/aub.md.txt
--- ncaaf/AUGS xs: 4 rows x 14 cells ---
--- ncaaf/AUGS sm: 6 rows x 22 cells ---
--- ncaaf/AUGS md: 7 rows x 28 cells ---
unchanged, skipping packages/core/src/art/ncaaf/augs.xs.txt
wrote packages/core/src/art/ncaaf/augs.sm.txt
wrote packages/core/src/art/ncaaf/augs.md.txt
--- ncaaf/AUGC xs: 5 rows x 14 cells ---
--- ncaaf/AUGC sm: 7 rows x 22 cells ---
--- ncaaf/AUGC md: 9 rows x 28 cells ---
unchanged, skipping packages/core/src/art/ncaaf/augc.xs.txt
wrote packages/core/src/art/ncaaf/augc.sm.txt
wrote packages/core/src/art/ncaaf/augc.md.txt
--- ncaaf/AUSD xs: 3 rows x 14 cells ---
--- ncaaf/AUSD sm: 5 rows x 22 cells ---
--- ncaaf/AUSD md: 6 rows x 28 cells ---
unchanged, skipping packages/core/src/art/ncaaf/ausd.xs.txt
wrote packages/core/src/art/ncaaf/ausd.sm.txt
wrote packages/core/src/art/ncaaf/ausd.md.txt
--- ncaaf/AUR xs: 4 rows x 14 cells ---
--- ncaaf/AUR sm: 6 rows x 22 cells ---
--- ncaaf/AUR md: 7 rows x 28 cells ---
unchanged, skipping packages/core/src/art/ncaaf/aur.xs.txt
wrote packages/core/src/art/ncaaf/aur.sm.txt
wrote packages/core/src/art/ncaaf/aur.md.txt
--- ncaaf/AUS xs: 2 rows x 14 cells ---
--- ncaaf/AUS sm: 3 rows x 22 cells ---
--- ncaaf/AUS md: 4 rows x 28 cells ---
unchanged, skipping packages/core/src/art/ncaaf/aus.xs.txt
wrote packages/core/src/art/ncaaf/aus.sm.txt
wrote packages/core/src/art/ncaaf/aus.md.txt
--- ncaaf/APSU xs: 4 rows x 14 cells ---
--- ncaaf/APSU sm: 6 rows x 21 cells ---
--- ncaaf/APSU md: 8 rows x 27 cells ---
unchanged, skipping packages/core/src/art/ncaaf/apsu.xs.txt
wrote packages/core/src/art/ncaaf/apsu.sm.txt
wrote packages/core/src/art/ncaaf/apsu.md.txt
--- ncaaf/AVER xs: 3 rows x 14 cells ---
--- ncaaf/AVER sm: 5 rows x 22 cells ---
--- ncaaf/AVER md: 7 rows x 28 cells ---
unchanged, skipping packages/core/src/art/ncaaf/aver.xs.txt
wrote packages/core/src/art/ncaaf/aver.sm.txt
wrote packages/core/src/art/ncaaf/aver.md.txt
warn: ncaaf/APU converted to blank, skipping
--- ncaaf/BYU xs: 2 rows x 14 cells ---
--- ncaaf/BYU sm: 4 rows x 22 cells ---
--- ncaaf/BYU md: 5 rows x 28 cells ---
unchanged, skipping packages/core/src/art/ncaaf/byu.xs.txt
wrote packages/core/src/art/ncaaf/byu.sm.txt
wrote packages/core/src/art/ncaaf/byu.md.txt
--- ncaaf/BW xs: 4 rows x 14 cells ---
--- ncaaf/BW sm: 6 rows x 21 cells ---
--- ncaaf/BW md: 7 rows x 27 cells ---
unchanged, skipping packages/core/src/art/ncaaf/bw.xs.txt
wrote packages/core/src/art/ncaaf/bw.sm.txt
wrote packages/core/src/art/ncaaf/bw.md.txt
--- ncaaf/BALL xs: 5 rows x 14 cells ---
--- ncaaf/BALL sm: 8 rows x 22 cells ---
--- ncaaf/BALL md: 10 rows x 28 cells ---
unchanged, skipping packages/core/src/art/ncaaf/ball.xs.txt
wrote packages/core/src/art/ncaaf/ball.sm.txt
wrote packages/core/src/art/ncaaf/ball.md.txt
--- ncaaf/BART xs: 3 rows x 14 cells ---
--- ncaaf/BART sm: 4 rows x 22 cells ---
--- ncaaf/BART md: 5 rows x 28 cells ---
unchanged, skipping packages/core/src/art/ncaaf/bart.xs.txt
wrote packages/core/src/art/ncaaf/bart.sm.txt
wrote packages/core/src/art/ncaaf/bart.md.txt
--- ncaaf/BATE xs: 5 rows x 14 cells ---
--- ncaaf/BATE sm: 7 rows x 22 cells ---
--- ncaaf/BATE md: 9 rows x 28 cells ---
unchanged, skipping packages/core/src/art/ncaaf/bate.xs.txt
wrote packages/core/src/art/ncaaf/bate.sm.txt
wrote packages/core/src/art/ncaaf/bate.md.txt
--- ncaaf/BAY xs: 4 rows x 14 cells ---
--- ncaaf/BAY sm: 7 rows x 22 cells ---
--- ncaaf/BAY md: 9 rows x 28 cells ---
unchanged, skipping packages/core/src/art/ncaaf/bay.xs.txt
wrote packages/core/src/art/ncaaf/bay.sm.txt
wrote packages/core/src/art/ncaaf/bay.md.txt
--- ncaaf/BELH xs: 4 rows x 14 cells ---
--- ncaaf/BELH sm: 6 rows x 22 cells ---
--- ncaaf/BELH md: 7 rows x 28 cells ---
unchanged, skipping packages/core/src/art/ncaaf/belh.xs.txt
wrote packages/core/src/art/ncaaf/belh.sm.txt
wrote packages/core/src/art/ncaaf/belh.md.txt
--- ncaaf/BELO xs: 2 rows x 14 cells ---
--- ncaaf/BELO sm: 4 rows x 22 cells ---
--- ncaaf/BELO md: 5 rows x 28 cells ---
unchanged, skipping packages/core/src/art/ncaaf/belo.xs.txt
wrote packages/core/src/art/ncaaf/belo.sm.txt
wrote packages/core/src/art/ncaaf/belo.md.txt
--- ncaaf/BST xs: 3 rows x 14 cells ---
--- ncaaf/BST sm: 5 rows x 22 cells ---
--- ncaaf/BST md: 6 rows x 28 cells ---
unchanged, skipping packages/core/src/art/ncaaf/bst.xs.txt
wrote packages/core/src/art/ncaaf/bst.sm.txt
wrote packages/core/src/art/ncaaf/bst.md.txt
--- ncaaf/BEN xs: 4 rows x 14 cells ---
--- ncaaf/BEN sm: 6 rows x 22 cells ---
--- ncaaf/BEN md: 8 rows x 28 cells ---
unchanged, skipping packages/core/src/art/ncaaf/ben.xs.txt
wrote packages/core/src/art/ncaaf/ben.sm.txt
wrote packages/core/src/art/ncaaf/ben.md.txt
--- ncaaf/BNIL xs: 5 rows x 14 cells ---
--- ncaaf/BNIL sm: 7 rows x 22 cells ---
--- ncaaf/BNIL md: 9 rows x 28 cells ---
unchanged, skipping packages/core/src/art/ncaaf/bnil.xs.txt
wrote packages/core/src/art/ncaaf/bnil.sm.txt
wrote packages/core/src/art/ncaaf/bnil.md.txt
--- ncaaf/BENT xs: 5 rows x 14 cells ---
--- ncaaf/BENT sm: 8 rows x 22 cells ---
--- ncaaf/BENT md: 11 rows x 28 cells ---
unchanged, skipping packages/core/src/art/ncaaf/bent.xs.txt
wrote packages/core/src/art/ncaaf/bent.sm.txt
wrote packages/core/src/art/ncaaf/bent.md.txt
--- ncaaf/BERR xs: 5 rows x 14 cells ---
--- ncaaf/BERR sm: 8 rows x 22 cells ---
--- ncaaf/BERR md: 10 rows x 28 cells ---
unchanged, skipping packages/core/src/art/ncaaf/berr.xs.txt
wrote packages/core/src/art/ncaaf/berr.sm.txt
wrote packages/core/src/art/ncaaf/berr.md.txt
--- ncaaf/BCWV xs: 3 rows x 14 cells ---
--- ncaaf/BCWV sm: 5 rows x 22 cells ---
--- ncaaf/BCWV md: 7 rows x 28 cells ---
unchanged, skipping packages/core/src/art/ncaaf/bcwv.xs.txt
wrote packages/core/src/art/ncaaf/bcwv.sm.txt
wrote packages/core/src/art/ncaaf/bcwv.md.txt
--- ncaaf/BUMN xs: 4 rows x 14 cells ---
--- ncaaf/BUMN sm: 5 rows x 22 cells ---
--- ncaaf/BUMN md: 7 rows x 28 cells ---
unchanged, skipping packages/core/src/art/ncaaf/bumn.xs.txt
wrote packages/core/src/art/ncaaf/bumn.sm.txt
wrote packages/core/src/art/ncaaf/bumn.md.txt
--- ncaaf/BETHTN xs: 3 rows x 14 cells ---
--- ncaaf/BETHTN sm: 5 rows x 22 cells ---
--- ncaaf/BETHTN md: 6 rows x 28 cells ---
unchanged, skipping packages/core/src/art/ncaaf/bethtn.xs.txt
wrote packages/core/src/art/ncaaf/bethtn.sm.txt
wrote packages/core/src/art/ncaaf/bethtn.md.txt
--- ncaaf/BCU xs: 4 rows x 13 cells ---
--- ncaaf/BCU sm: 6 rows x 21 cells ---
--- ncaaf/BCU md: 8 rows x 27 cells ---
unchanged, skipping packages/core/src/art/ncaaf/bcu.xs.txt
wrote packages/core/src/art/ncaaf/bcu.sm.txt
wrote packages/core/src/art/ncaaf/bcu.md.txt
--- ncaaf/BHSU xs: 3 rows x 14 cells ---
--- ncaaf/BHSU sm: 4 rows x 22 cells ---
--- ncaaf/BHSU md: 5 rows x 28 cells ---
unchanged, skipping packages/core/src/art/ncaaf/bhsu.xs.txt
wrote packages/core/src/art/ncaaf/bhsu.sm.txt
wrote packages/core/src/art/ncaaf/bhsu.md.txt
--- ncaaf/BBU xs: 6 rows x 14 cells ---
--- ncaaf/BBU sm: 9 rows x 22 cells ---
--- ncaaf/BBU md: 11 rows x 28 cells ---
unchanged, skipping packages/core/src/art/ncaaf/bbu.xs.txt
wrote packages/core/src/art/ncaaf/bbu.sm.txt
wrote packages/core/src/art/ncaaf/bbu.md.txt
--- ncaaf/BLUS xs: 6 rows x 14 cells ---
--- ncaaf/BLUS sm: 9 rows x 22 cells ---
--- ncaaf/BLUS md: 11 rows x 28 cells ---
unchanged, skipping packages/core/src/art/ncaaf/blus.xs.txt
wrote packages/core/src/art/ncaaf/blus.sm.txt
wrote packages/core/src/art/ncaaf/blus.md.txt
--- ncaaf/BLF xs: 2 rows x 12 cells ---
--- ncaaf/BLF sm: 3 rows x 19 cells ---
--- ncaaf/BLF md: 4 rows x 24 cells ---
unchanged, skipping packages/core/src/art/ncaaf/blf.xs.txt
wrote packages/core/src/art/ncaaf/blf.sm.txt
wrote packages/core/src/art/ncaaf/blf.md.txt
--- ncaaf/BOIS xs: 3 rows x 14 cells ---
--- ncaaf/BOIS sm: 5 rows x 22 cells ---
--- ncaaf/BOIS md: 6 rows x 28 cells ---
unchanged, skipping packages/core/src/art/ncaaf/bois.xs.txt
wrote packages/core/src/art/ncaaf/bois.sm.txt
wrote packages/core/src/art/ncaaf/bois.md.txt
--- ncaaf/BC xs: 3 rows x 14 cells ---
--- ncaaf/BC sm: 5 rows x 22 cells ---
--- ncaaf/BC md: 7 rows x 28 cells ---
unchanged, skipping packages/core/src/art/ncaaf/bc.xs.txt
wrote packages/core/src/art/ncaaf/bc.sm.txt
wrote packages/core/src/art/ncaaf/bc.md.txt
--- ncaaf/BOW xs: 4 rows x 14 cells ---
--- ncaaf/BOW sm: 6 rows x 22 cells ---
--- ncaaf/BOW md: 7 rows x 28 cells ---
unchanged, skipping packages/core/src/art/ncaaf/bow.xs.txt
wrote packages/core/src/art/ncaaf/bow.sm.txt
wrote packages/core/src/art/ncaaf/bow.md.txt
--- ncaaf/BOWE xs: 2 rows x 14 cells ---
--- ncaaf/BOWE sm: 4 rows x 22 cells ---
--- ncaaf/BOWE md: 5 rows x 28 cells ---
unchanged, skipping packages/core/src/art/ncaaf/bowe.xs.txt
wrote packages/core/src/art/ncaaf/bowe.sm.txt
wrote packages/core/src/art/ncaaf/bowe.md.txt
--- ncaaf/BGSU xs: 4 rows x 14 cells ---
--- ncaaf/BGSU sm: 5 rows x 22 cells ---
--- ncaaf/BGSU md: 7 rows x 28 cells ---
unchanged, skipping packages/core/src/art/ncaaf/bgsu.xs.txt
wrote packages/core/src/art/ncaaf/bgsu.sm.txt
wrote packages/core/src/art/ncaaf/bgsu.md.txt
--- ncaaf/BRE xs: 3 rows x 14 cells ---
--- ncaaf/BRE sm: 4 rows x 22 cells ---
--- ncaaf/BRE md: 5 rows x 28 cells ---
unchanged, skipping packages/core/src/art/ncaaf/bre.xs.txt
wrote packages/core/src/art/ncaaf/bre.sm.txt
wrote packages/core/src/art/ncaaf/bre.md.txt
--- ncaaf/BRI xs: 3 rows x 14 cells ---
--- ncaaf/BRI sm: 4 rows x 22 cells ---
--- ncaaf/BRI md: 5 rows x 28 cells ---
unchanged, skipping packages/core/src/art/ncaaf/bri.xs.txt
wrote packages/core/src/art/ncaaf/bri.sm.txt
wrote packages/core/src/art/ncaaf/bri.md.txt
--- ncaaf/BRIS xs: 3 rows x 14 cells ---
--- ncaaf/BRIS sm: 5 rows x 22 cells ---
--- ncaaf/BRIS md: 6 rows x 28 cells ---
unchanged, skipping packages/core/src/art/ncaaf/bris.xs.txt
wrote packages/core/src/art/ncaaf/bris.sm.txt
wrote packages/core/src/art/ncaaf/bris.md.txt
--- ncaaf/BRO xs: 4 rows x 14 cells ---
--- ncaaf/BRO sm: 6 rows x 22 cells ---
--- ncaaf/BRO md: 8 rows x 28 cells ---

⠀⢀⣀⣤⣤⣤⠤⣀⣤⣤⣘⠻⣿⣦
⣾⣿⣋⣽⡿⠃⣾⡟⠉⣹⣿⠀⣹⣿
⠀⠉⣾⡿⠁⠘⣿⣇⣴⡿⢋⣴⡿⠃
⠀⠀⠻⣿⣤⣤⡾⠟⠛⠛⠛⠋
⠀⠀⠀⠀⠀⢀⣀⣀⣀⣀⣀⠀⠀⢀⣀⠀⠰⠿⣿⣿⣦⡀
⢀⣤⣶⣿⣿⠿⣿⣿⡿⠋⣠⣶⣿⡿⢿⣿⣷⡄⠈⢿⣿⣿
⢿⣿⣿⣥⢠⣾⣿⠟⠀⣼⣿⡿⠁⠀⢸⣿⣿⡇⠀⣼⣿⡿
⠀⠉⠉⣱⣿⣿⠏⠀⠀⣿⣿⣇⠀⣠⣿⣿⠟⢀⣴⣿⡿⠁
⠀⠀⠀⣿⣿⣿⠀⠀⠀⠘⢿⣿⣾⣿⣿⣥⣴⣿⡿⠋
⠀⠀⠀⠈⠻⢿⣿⣶⣶⡿⠿⠛⠉⠛⠛⠛⠉⠁
⠀⠀⠀⠀⠀⠀⠀⠀⠀⢀⣀⣀⣀⣀⠀⠀⠀⠀⠀⠀⠠⠶⣿⣿⣿⣶⣤
⠀⢀⣠⣴⣶⣾⣿⣿⣿⣿⣿⡿⠛⢁⣤⣶⣿⣿⣿⣿⣶⣄⠀⠉⢿⣿⣿⣷
⣼⣿⣿⣿⡛⠉⢩⣼⣿⣿⠋⠀⣴⣿⣿⡟⠋⠉⢹⣿⣿⣿⡇⠀⢸⣿⣿⣿
⠙⠻⠿⠿⠟⣴⣿⣿⡟⠁⠀⢸⣿⣿⣿⠀⠀⢀⣼⣿⣿⡟⠀⢀⣾⣿⣿⠇
⠀⠀⠀⠀⣾⣿⣿⡟⠀⠀⠀⠸⣿⣿⣿⣀⣠⣾⣿⡿⠋⢀⣠⣾⣿⡿⠋
⠀⠀⠀⠀⣿⣿⣿⣇⠀⠀⠀⠀⢘⣿⣿⣿⣿⣿⣯⣶⣾⣿⡿⠟⠋
⠀⠀⠀⠀⠈⠛⠿⣿⣿⣿⣿⣿⠿⠿⠛⠉⠉⠉⠉⠉⠉⠁
⣿⡿⠛⠉⠁⠀⠀⠀⠀⠈⠉⠛⢿⣿
⠋⠀⠀⠀⠀⠀⠂⠐⠀⠀⠀⠀⠀⠙
⣄⠀⠀⠀⠠⠁⠀⠀⠈⠀⠀⠀⠀⣠
⣿⣷⣤⣀⡀⠀⠀⠀⠀⢀⣀⣤⣾⣿
⣿⣿⣿⡿⠟⠋⠉⠉⠀⠀⠀⠀⠀⠀⠉⠉⠙⠻⢿⣿⣿⣿
⣿⠛⠁⠀⠀⠀⠀⠀⠀⠀⠀⠀⠀⠀⠀⠀⠀⠀⠀⠈⠛⣿
⠁⠀⠀⠀⠀⠀⠀⠀⠀⠀⠀⠀⠀⠀⠀⠀⠀⠀⠀⠀⠀⠈
⡀⠀⠀⠀⠀⠀⠀⠀⠀⠀⠀⠀⠀⠀⠀⠀⠀⠀⠀⠀⠀⢀
⣿⣤⡀⠀⠀⠀⠀⠀⠀⠀⠀⠀⠀⠀⠀⠀⠀⠀⠀⢀⣤⣿
⣿⣿⣿⣷⣦⣤⣀⣀⠀⠀⠀⠀⠀⠀⣀⣀⣤⣴⣾⣿⣿⣿
⣿⣿⣿⣿⡿⠿⠛⠛⠉⠉⠁⠀⠀⠀⠀⠀⠀⠈⠉⠉⠛⠛⠿⣿⣿⣿⣿⣿
⣿⡿⠛⠁⠀⠀⠀⠀⠀⠀⠀⠀⠀⠀⠀⠀⠀⠀⠀⠀⠀⠀⠀⠀⠈⠛⢿⣿
⠏⠀⠀⠀⠀⠀⠀⠀⠀⠀⠀⠀⠀⠀⠀⠀⠀⠀⠀⠀⠀⠀⠀⠀⠀⠀⠀⠹

⣆⠀⠀⠀⠀⠀⠀⠀⠀⠀⠀⠀⠀⠀⠀⠀⠀⠀⠀⠀⠀⠀⠀⠀⠀⠀⠀⣰
⣿⣷⣤⡀⠀⠀⠀⠀⠀⠀⠀⠀⠀⠀⠀⠀⠀⠀⠀⠀⠀⠀⠀⠀⢀⣤⣾⣿
⣿⣿⣿⣿⣿⣶⣤⣤⣀⣀⡀⠀⠀⠀⠀⠀⠀⢀⣀⣀⣤⣤⣶⣿⣿⣿⣿⣿
⠀⠀⡄⡄⡀⡄⢄⠀⡄⢠⢠⢠


⣄⠀⠀⠀⠀⠀⠀⠀⠀⠀⠀⠀⠀⣠
⣿⣷⣤⣀⡀⠀⠀⠀⠀⢀⣀⣤⣾⣿
⠀⠀⠀⣀⢀⡀⣀⢀⡀⢀⢀⠀⠀⡀⠀⡀⢀⡀⢀
⠀⠀⠀⠋⠘⠁⠙⠘⠁⠐⠘⠂⠀⠃⠀⠃⠘⠈⠙


⡀⠀⠀⠀⠀⠀⠀⠀⠀⠀⠀⠀⠀⠀⠀⠀⠀⠀⠀⠀⠀⢀
⣷⣄⡀⠀⠀⠀⠀⠀⠀⠀⠀⠀⠀⠀⠀⠀⠀⠀⠀⢀⣠⣾
⣿⣿⣿⣶⣤⣄⣀⣀⠀⠀⠀⠀⠀⠀⣀⣀⣠⣤⣶⣿⣿⣿
⠀⠀⠀⠀⡿⠀⡇⠀⣇⣀⡇⠀⣑⣲⠅⠀⢸⠁⠀⠿⠀⡿⠑⢾




⣧⡀⠀⠀⠀⠀⠀⠀⠀⠀⠀⠀⠀⠀⠀⠀⠀⠀⠀⠀⠀⠀⠀⠀⠀⠀⢀⣼
⣿⣿⣦⣀⠀⠀⠀⠀⠀⠀⠀⠀⠀⠀⠀⠀⠀⠀⠀⠀⠀⠀⠀⠀⣀⣴⣿⣿
⣿⣿⣿⣿⣿⣶⣦⣤⣀⣀⣀⠀⠀⠀⠀⠀⠀⣀⣀⣀⣤⣴⣶⣿⣿⣿⣿⣿
⣿⡿⠟⠋⠉⠁⠀⠀⠀⠉⠙⠻⢿⣿
⡏⠀⠀⠀⠀⠀⣤⣤⠀⠀⠀⠀⠀⢹
⣇⠀⠀⠀⠙⢳⣹⣏⡞⠋⠀⠀⠀⣸
⣿⣷⣦⣄⣀⡀⠈⠁⠀⣀⣠⣴⣾⣿
⣿⣿⣿⣿⠿⠛⠛⠉⡉⡉⢁⡈⠉⡉⠉⠛⠛⠿⣿⣿⣿⣿
⣿⡿⠋⢀⠀⠐⠊⠀⠄⠀⠀⠀⠀⠠⠈⠁⠰⠂⠀⠙⢿⣿
⡟⠀⠠⠀⠀⠸⠀⠀⠀⢰⣾⣿⣦⠀⠀⠀⠇⠈⠅⠀⠀⢻
⣧⠀⠀⠀⠀⠂⠙⠿⠷⡌⢿⡿⢡⠾⠿⠋⠐⠀⠀⠀⠀⣼
⣿⣷⣄⠀⠀⠀⠀⠀⠒⠛⠾⠷⠛⠒⠀⠀⠀⠀⠀⣠⣾⣿
⣿⣿⣿⣿⣶⣤⣄⣀⣈⣀⡂⢀⣀⣁⣀⣠⣤⣶⣿⣿⣿⣿
⣿⣿⣿⣿⣿⡿⠿⠛⠛⠉⠉⠉⠉⣉⣉⠉⢉⠉⠉⠛⠛⠿⢿⣿⣿⣿⣿⣿
⣿⣿⡿⠋⠁⠀⠀⠤⠒⠀⣉⡈⠀⠁⠈⠀⠈⣀⠐⠓⢀⡤⠀⠈⠙⢿⣿⣿
⣿⠋⠀⡀⢒⠂⠀⡆⠀⠀⠀⠀⣠⣴⣦⣄⠀⠀⠀⠀⢰⠀⠐⣂⠀⠀⠙⣿
⣏⠀⠀⠈⠀⠀⢈⠐⣤⣤⣄⠈⢿⣿⣿⡿⠃⣠⣤⣤⠂⡁⠀⠁⠀⠀⠀⣹
⣿⣄⠀⠀⠀⠀⠀⠂⠈⠋⡙⢳⡌⢻⡟⢡⡞⢋⠙⠁⠐⠀⠀⠀⠀⠀⣠⣿
⣿⣿⣷⣤⡀⠀⠀⠀⠀⠀⠈⠉⠉⠛⠛⠉⠉⠁⠀⠀⠀⠀⠀⢀⣤⣾⣿⣿
⣿⣿⣿⣿⣿⣿⣶⣤⣤⣀⣀⣁⣈⣁⣈⣁⣀⣁⣀⣤⣤⣶⣿⣿⣿⣿⣿⣿
⣿⠿⠛⠉⠡⠀⠀⠀⠀⠈⠉⠛⠿⣿
⠃⠀⠀⠀⣄⢠⣄⣠⡄⣠⠀⠀⠀⠘
⡄⠀⠀⠀⠈⠻⠿⠿⠟⠁⠀⠀⠀⢠
⣿⣶⣤⣀⡀⠀⠀⠀⠀⢀⣀⣤⣶⣿
⣿⣿⣿⠿⠛⠋⠉⣁⠀⠤⠀⠄⢀⠀⠈⡉⠙⠛⠿⣿⣿⣿
⣿⠋⠁⠀⠀⠊⠀⠀⠀⠀⠀⠀⠀⠀⠀⠀⠀⠀⠀⠈⠙⣿
⠁⠀⠀⠀⠀⠀⠠⣄⠀⣷⣀⣀⣾⠀⣠⠄⠀⠀⠀⠀⠀⠈
⡀⠀⠀⠀⠀⠀⠀⠙⢿⣿⣿⣿⣿⡿⠋⠀⠀⠀⠀⠀⠀⢀
⣿⣄⡀⠀⠀⠀⠀⠀⠀⠀⠀⠀⠀⠀⠀⠀⠀⠀⠀⢀⣠⣿
⣿⣿⣿⣶⣤⣄⣀⡀⠀⠀⠀⠀⠀⠀⢀⣀⣠⣤⣶⣿⣿⣿
⣿⣿⣿⣿⡿⠿⠛⠋⠉⡉⠀⢀⡀⠀⡄⠀⡀⢀⡉⢉⠙⠛⠿⢿⣿⣿⣿⣿
⣿⡿⠛⠁⡀⠀⠠⠐⠀⠁⠀⠀⠀⠀⠀⠀⠀⠀⠀⠁⠠⠐⢀⠀⠈⠛⢿⣿
⠏⠀⠀⠀⠀⠀⠀⠀⣀⠀⠀⢰⡄⠀⠀⢠⡆⠀⠀⣀⠀⠀⠀⠀⠀⠀⠀⠹
⠀⠀⠀⠀⠀⠀⠀⠀⠈⢷⣤⣾⣿⣶⣶⣿⣷⣤⡾⠁
⣆⠀⠀⠀⠀⠀⠀⠀⠀⠀⠹⠾⠿⠾⠷⠿⠷⠏⠀⠀⠀⠀⠀⠀⠀⠀⠀⣰
⣿⣷⣤⡀⠀⠀⠐⠀⠀⢀⠀⠀⠀⠀⠀⠀⠀⠀⠀⠀⠀⠀⠈⠀⢀⣤⣾⣿
⣿⣿⣿⣿⣷⣶⣤⣄⣀⣀⠀⠉⠀⠁⠀⠀⠁⠀⣀⣀⣠⣤⣶⣾⣿⣿⣿⣿
⠀⣀⠴⠒⠉⠉⠉⠉⠉⠉⠒⠦⣀
⡜⠁⠀⠀⣴⠖⢒⡒⠲⠦⠀⠀⠈⢣
⢣⡀⠀⠀⠻⠦⠬⠥⠴⠖⠀⠀⢀⡜
⠀⠉⠒⠤⣀⣀⣀⣀⣀⣀⠤⠖⠉
⠀⠀⠀⣀⡤⠴⠒⠚⠉⠉⠉⠉⠉⠉⠓⠒⠦⢤⣀
⠀⡤⠚⠁⠀⠀⠀⠀⣀⣀⣀⣀⣀⣀⠀⠀⠀⠀⠈⠓⢦
⣾⠁⠀⠀⠀⠀⣰⣿⠋⠉⣉⣉⠉⠙⠿⠆⠀⠀⠀⠀⠈⣷
⢿⡀⠀⠀⠀⠀⠹⣿⣄⣀⣉⣉⣀⣠⣶⠆⠀⠀⠀⠀⢀⡿
⠀⠓⢤⡀⠀⠀⠀⠀⠉⠉⠉⠉⠉⠉⠀⠀⠀⠀⢀⡤⠞
⠀⠀⠀⠉⠓⠲⠤⢤⣀⣀⣀⣀⣀⣀⡤⠤⠖⠚⠉
⠀⠀⠀⠀⢀⣀⡤⠴⠒⠒⠛⠉⠉⠉⠉⠉⠉⠛⠒⠒⠦⢤⣀⡀
⠀⢀⣤⠞⠋⠁⠀⠀⠀⠀⠀⠀⠀⠀⠀⠀⠀⠀⠀⠀⠀⠀⠀⠙⠳⣤⡀
⣠⡟⠁⠀⠀⠀⠀⠀⢠⣴⡾⠛⠛⠛⠛⠛⠛⢷⣦⡄⠀⠀⠀⠀⠀⠈⢻⣆
⣿⠀⠀⠀⠀⠀⠀⠀⢾⣿⡇⠀⠰⢾⡷⠆⠀⠀⠀⠀⠀⠀⠀⠀⠀⠀⠀⣿
⠙⣧⡀⠀⠀⠀⠀⠀⠘⠻⢷⣤⣤⣤⣤⣤⣤⡾⠟⠃⠀⠀⠀⠀⠀⢀⣼⠏
⠀⠈⠛⢦⣄⡀⠀⠀⠀⠀⠀⠀⠀⠀⠀⠀⠀⠀⠀⠀⠀⠀⢀⣠⡴⠛⠁
⠀⠀⠀⠀⠈⠉⠓⠲⠤⠤⣤⣀⣀⣀⣀⣀⣀⣤⠤⠤⠖⠚⠉⠁
⠀⠀⠀⣀⡤⢴⣚⣓⡦⢤⣀
⢰⢲⡿⣿⣟⣿⣿⣻⣟⣿⣻⣿⡖⡆
⠈⢧⡻⣿⠿⢿⠛⠛⡿⠿⣿⢟⡼⠁
⠀⠀⠙⢮⣒⢬⣺⣷⡭⣚⡵⠋
⠀⠀⠀⠀⠈⠓⠮⠵⠚⠁
⠀⠀⠀⠀⠀⠀⠀⢀⣠⡤⠶⠶⢤⣄⡀
⠀⠀⢀⣀⡤⠶⣚⣩⣥⣶⣾⣷⣶⣬⣍⣓⠶⢤⣀⡀
⢰⡞⢩⣶⢺⡟⣯⣋⣿⣹⣹⣘⣽⣉⣏⡯⡛⡗⣶⡍⢳⡆
⠀⢻⡌⢿⣾⣿⣿⣿⣿⣿⠿⠿⣿⣿⣿⣿⣿⣷⡿⢡⡟
⠀⠀⠹⣦⡙⢿⠛⠉⢩⠄⢀⡁⠠⣍⠉⠛⡿⢋⣴⠟
⠀⠀⠀⠈⠻⣦⡙⠢⣌⡑⠶⢶⣚⣡⠔⢋⣴⠟⠁
⠀⠀⠀⠀⠀⠈⠙⠷⣤⡙⠳⠟⢋⣠⠾⠋⠁
⠀⠀⠀⠀⠀⠀⠀⠀⠈⠙⠳⠞⠋⠁
⠀⠀⠀⠀⠀⠀⠀⠀⠀⠀⠀⣀⣠⣴⣦⣄⣀
⠀⠀⠀⠀⠀⠀⢀⣀⣤⠶⠛⠋⣁⣠⣄⣈⠙⠛⠶⣤⣀⡀
⠀⠀⣀⣤⠴⠞⣋⣩⣤⣶⣾⣿⣿⣿⢿⣿⣿⣷⣶⣤⣍⣙⠳⠦⣤⣀
⠀⣿⠉⢴⣾⢫⣽⡏⡇⡷⢸⡇⠿⢸⢘⢸⡇⡇⡇⢸⢹⢩⡝⣷⡦⠉⣿
⠀⢻⣆⠘⣿⣬⣿⣷⣿⣟⣿⣿⣿⣻⣿⣿⣻⣿⣟⣾⣾⣾⣥⣿⠃⣰⡟
⠀⠀⢻⣆⠘⢿⣿⣿⣿⡿⠿⠟⠋⢁⡈⢙⠻⠿⢿⣿⣿⣿⡿⠃⣰⡟
⠀⠀⠀⠙⣷⡄⠹⣏⠁⠀⠠⡞⠀⠠⠄⠀⢻⡄⠀⠈⣹⠏⢠⣾⠋
⠀⠀⠀⠀⠈⠻⣦⣄⠙⠦⣄⠉⠓⣒⣒⡚⢉⣠⠴⠋⣠⣴⠟⠁
⠀⠀⠀⠀⠀⠀⠈⠛⢷⣄⡈⠙⠶⣦⣴⠾⠛⢁⣠⡾⠛⠁
⠀⠀⠀⠀⠀⠀⠀⠀⠀⠙⠻⣶⣄⡀⢀⣠⣶⠟⠋
⠀⠀⠀⠀⠀⠀⠀⠀⠀⠀⠀⠀⠉⠻⠟⠉
⢘⣀⣃⣛⣂⣃⣚⣙⣙⣛⣒⣘⣙⡂
⠈⣿⠉⠉⢀⣀⣀⣀⣀⡀⠉⠉⣿⠁
⠀⢻⡆⠀⠸⣿⣿⣿⣿⠷⣶⣿⡟
⠀⠘⣧⠀⠀⠿⠿⠟⠛⠀⠀⣼⠃
⠀⠀⢿⣄⣀⣠⠤⠶⣶⣛⣛⡿
⠀⠀⠈⠉⡀⢠⢄⡄⢠⣀⠉⠁
⠀⢏⣉⠸⣉⠇⣇⡀⢧⣸⠸⠉⠏⡇⡇⠻⠸⣀⠇⣛⠩
⠀⣶⣶⣶⣶⣶⠶⠶⠶⠶⠶⠶⠶⠶⠶⠶⣶⣶⣶⣶⣶
⠀⢹⣿⠉⠀⠀⠀⣀⣀⣀⣀⣀⣀⣀⣀⠀⠀⠀⠉⣿⡏
⠀⠘⣿⡇⠀⠀⠀⣿⣿⣿⣿⣿⣿⣿⣿⢀⣀⣤⣴⣿⠃
⠀⠀⢿⣷⠀⠀⠀⢸⣿⣿⣿⣿⣿⣿⡿⠿⢿⣿⣿⡿
⠀⠀⢸⣿⡄⠀⠀⠈⣿⣿⣿⣿⣿⠿⠁⠀⠀⢠⣿⡇
⠀⠀⠀⣿⣇⠀⠀⠀⠙⠋⠉⠀⠀⠀⣀⣀⣤⣼⣿
⠀⠀⠀⢸⣿⠀⠀⢀⣀⣤⣤⣶⣾⣿⣙⣛⣹⣿⡇
⠀⠀⠀⠈⠿⠗⠛⠋⠉⠀⠀⠀⠀⠉⠙⠛⠿⠿⠁
⠀⠀⠀⠀⠀⠀⣆⣁⢸⠤⡆⣇⠀⣶⣰⣰
⠀⣾⠉⡁⢸⠉⢹⢸⡇⠀⢸⠀⣸⢸⡋⡞⢹⠀⡯⢽⡃⡇⠀⡇⠚⠭⣅
⠀⢈⣉⣁⣈⣉⣁⣀⣉⣁⣈⣉⣁⣈⣀⣁⣈⣀⣉⣉⣀⣈⣉⣁⣈⣉⡁
⠀⢸⣿⣿⡿⠿⠟⠛⠉⠉⠉⠉⠉⠉⠉⠉⠉⠉⠉⠉⠛⠻⠿⢿⣿⣿⡇
⠀⠈⣿⣿⠀⠀⠀⠀⢀⣀⣀⣀⣀⣀⣀⣀⣀⣀⣀⡀⠀⠀⠀⠀⣿⣿⠁
⠀⠀⢻⣿⡆⠀⠀⠀⠀⣿⣿⣿⣿⣿⣿⣿⣿⣿⣿⠀⢀⣀⣤⣴⣿⡟
⠀⠀⠸⣿⣧⠀⠀⠀⠀⢹⣿⣿⣿⣿⣿⣿⣿⣿⣿⣿⣿⣿⣿⣿⣿⠇
⠀⠀⠀⣿⣿⡀⠀⠀⠀⠘⣿⣿⣿⣿⣿⣿⣿⣿⠃⠈⠉⠛⠻⣿⣿
⠀⠀⠀⢸⣿⡇⠀⠀⠀⠀⢿⣿⣿⣿⡿⠿⠟⠋⠀⠀⠀⠀⢸⣿⡇
⠀⠀⠀⠈⣿⣿⠀⠀⠀⠀⠘⠋⠉⠀⠀⠀⠀⠀⢀⣀⣤⣤⣿⣿⠁
⠀⠀⠀⠀⢻⣿⡆⠀⠀⠀⠀⠀⣀⣠⣤⣶⣶⡟⣿⢻⢻⡿⣿⡟
⠀⠀⠀⠀⠸⣿⣧⣤⣴⡶⠾⠛⠛⠉⠉⠛⠛⠷⢿⣾⣾⣷⣿⠇
⠀⠀⠀⠀⠀⠛⠉⠉⣀⣀⠀⣀⣀⠀⣀⣀⠀⡀⠀⠀⠉⠉⠛
⠀⠀⠀⠀⠀⠀⠀⢸⣇⣈⠀⡇⢺⡇⣟⣂⠀⣇⡼⣸⡇
⢄⣀⣰⠀⢆⣰⣒⣂⣂⡐⠀⣆⣀⡠
⠐⢿⣿⣿⣿⣿⡋⣛⣻⣿⣿⣿⡿⠂
⠀⠉⠛⢻⣿⣿⣿⣿⣿⣿⡟⠛⠉
⠀⠀⠀⠀⠉⠱⢿⡿⠎⠉
⡠⠀⢰⢠⢤⡄⡆⡂⢰⢰⢰⢴⢰⠀⡆⣴⠀⡤⡄⡆⠀⢄
⢣⢛⠷⣾⣯⣤⣤⡶⣶⣶⣶⣶⣶⣶⢶⣬⣤⣽⣷⠾⡛⡜
⠘⠌⢻⠷⣾⣿⣟⣱⣯⣢⠀⣠⣨⣯⣎⣻⣿⣵⠾⡟⠣⠃
⠀⠈⠈⠻⠷⣾⣿⣿⣿⣿⣿⣿⣿⣿⣿⣿⣷⠾⠟⠁⠁
⠀⠀⠀⠀⠀⠈⡳⣶⠆⣿⣿⣿⣿⠰⣶⢞⠃
⠀⠀⠀⠀⠀⠀⠀⠀⠈⠛⠿⠿⠛⠁
⢀⠀⠀⡆⢠⡄⡄⢠⡄⠄⢠⡄⡆⢰⢤⡄⡤⢠⡄⢠⡀⢠⢠⡀⢰⠀⠀⡀
⣇⢥⣤⣇⣘⣃⠃⠘⣓⣃⣈⣃⣃⣘⣘⣃⣋⣘⣃⡘⠀⠘⣸⣃⣘⣤⡬⣸
⢸⠡⣭⣛⡻⠿⣿⣿⣿⠎⣿⡛⡿⠿⠿⡿⣿⢿⠱⣿⣿⣿⠿⢟⣛⣭⠄⡇
⠀⢱⠙⡛⠿⢿⣾⣿⣏⣺⣿⣎⣆⠀⣠⣆⣦⣵⣗⣹⣿⣷⡿⠿⢛⠋⡞
⠀⠀⠣⣙⢿⣷⣾⣿⣿⣿⣿⣿⣿⣿⣿⣿⣿⣿⣿⣿⣿⣷⣾⡿⣋⠜
⠀⠀⠀⠀⠀⠲⡜⢭⣭⣭⣙⢻⣿⣿⣿⣿⡟⣋⣭⣭⡭⢃⠖
⠀⠀⠀⠀⠀⠀⠈⠑⢝⡻⢋⣼⣿⣿⣿⣿⣧⡙⢟⡫⠚⠁
⠀⠀⠀⠀⠀⠀⠀⠀⠀⠈⠑⠊⠝⣻⣟⠫⠑⠊⠁
⢀⢂⡶⣶⢶⣶⣶⡶⠶⢒⢠⠠⠐⡀
⡆⠾⠟⢛⡋⡍⠔⢖⡛⣬⡴⣶⣧⢰
⠃⢜⠋⣭⡴⢦⠍⠃⠀⢈⣁⠟⡫⠘
⠀⠀⠀⠀⠉⠙⠲⠒⠋⠉
⠀⢠⠖⣠⣬⣭⡭⣭⣭⣷⣶⣶⣶⣭⡭⠭⠍⡀⣀⠲⡄
⢠⠃⣼⣿⣇⣿⣼⣽⠿⠟⢛⣋⢩⣤⠄⡾⠘⠃⣙⣀⠘⡄
⡟⠸⠿⠛⢛⢩⣥⢰⣶⠸⠘⣛⣈⡥⢴⣶⣟⢹⣿⣿⡆⢻
⠣⣄⠸⠍⢘⣈⣭⣤⣒⣊⡉⠫⠁⠀⠀⠚⠡⢼⣿⠟⣡⠜
⠀⠀⠙⠢⢍⡛⠿⢍⣚⣏⠡⣄⢠⣤⡴⠶⢛⡩⠔⠋
⠀⠀⠀⠀⠀⠈⠉⠒⠨⠍⣛⣛⠩⠅⠒⠉⠁
⠀⠀⣠⠒⣒⣒⣊⣩⣭⣭⣭⣭⣭⣭⣭⣭⣭⣭⣭⣭⡭⠐⠒⢒⠒⣄
⠀⣸⠁⣼⣿⡏⢹⡏⢩⢽⣿⣿⣿⣿⠿⠿⠛⢋⠉⣤⡄⢲⠁⢿⠀⠈⣇
⢰⠃⣸⣿⣿⣷⣿⣿⠷⠟⢛⡉⣡⢠⣴⡆⣿⠿⠀⠋⣃⣈⣤⣴⣶⡆⠘⡆
⡿⠀⠿⠛⡋⢉⡁⣤⣶⢸⣯⠅⠟⠘⣉⣡⡤⠶⠾⣿⣿⡏⣿⣿⣿⣿⠀⢿
⠧⡀⠀⣿⡭⠸⠃⢋⣉⣤⠴⠖⠚⠙⢿⡉⠀⠀⠀⠼⠛⣁⣽⣿⣿⠟⢀⠼
⠀⠈⠓⢤⣀⠲⢿⣿⣿⠟⣛⣿⠶⠂⠀⠀⣀⠀⢀⣈⣤⡤⠟⣋⡤⠚⠁
⠀⠀⠀⠀⠈⠑⠢⢬⣙⠳⠶⣾⣆⣘⣧⣤⣿⠿⠟⣋⡥⠔⠊⠁
⠀⠀⠀⠀⠀⠀⠀⠀⠈⠉⠒⠢⠬⣉⣉⠥⠔⠒⠉⠁
⢰⡖⡖⣻⣿⠉⡏⢻⢻⢻⠛⣖⢲⡆
⠘⣷⣿⣾⣿⣿⡿⠿⡿⣿⣿⣷⣾⠃
⠀⠘⠟⠋⠁⢉⣥⣤⣤⣽⣿⠿⠃
⠀⠀⠀⠀⠀⠛⠷⠿⠟⠋⠁
⢀⣤⡴⣶⠖⠲⣶⣶⢚⢻⡟⢻⡟⣷⠒⣶⠖⣶⠶⢦⣤⡀
⠀⣿⣃⣾⣀⣩⣿⣿⣈⣸⣠⣼⣇⣻⣀⣿⣠⣸⣒⣙⣿
⠀⠹⣿⣿⣽⣛⣛⣻⣿⣟⡛⠛⠻⡿⢟⣛⣛⣿⣿⣿⠏
⠀⠀⠙⢿⠿⠛⠉⠉⠉⠉⣄⣈⣁⣀⣍⣿⣿⣿⡿⠋
⠀⠀⠀⠀⠀⠀⠀⢀⣴⣾⠟⢿⣿⣿⣿⡿⠟⠋
⠀⠀⠀⠀⠀⠀⠀⠈⠉⠛⠻⠟⠛⠉⠁
⡄⣤⣤⠤⢤⡶⠶⢶⣶⣶⠒⠒⣶⠖⢲⡶⢲⣶⠲⣶⡶⠶⣶⠤⠤⣤⣤⢠
⡇⣿⣿⠀⣽⠂⠟⢻⣿⣿⠈⠁⣿⢀⡈⣇⠸⣿⠀⢿⠃⡂⢿⠤⠑⣿⣿⢸
⠀⢹⣿⣾⣿⠿⢿⣿⣿⣿⣿⣿⣿⣿⣿⣿⣿⣿⣿⣿⣿⠿⢿⣷⣶⣿⡏
⠀⠀⠻⣿⣿⣿⣷⣶⠶⠶⣶⠶⠶⠂⠠⠤⠙⠀⠴⣶⣶⣿⣿⣿⣿⠟
⠀⠀⠀⠈⠻⠛⠉⠀⠀⠀⠀⠀⣸⣦⣤⣤⣤⣴⣶⣾⣿⣿⡿⠟⠁
⠀⠀⠀⠀⠀⠀⠀⠀⠀⢀⣴⣿⡟⡋⢻⣿⣿⣿⡿⠿⠛⠉
⠀⠀⠀⠀⠀⠀⠀⠀⠀⠀⠈⠉⠛⠛⠛⠛⠉⠁
⣿⣿⠿⠟⠛⠉⠀⠀⠉⠛⠻⠿⣿⣿
⠁⠀⠀⠀⠀⠀⠀⠀⠀⠀⠀⠀⠀⠈

⡀⠀⠀⠀⠀⠀⠀⠀⠈⠀⠀⠁⠂⢀
⣿⣿⣶⣦⣤⣀⡀⢀⣀⣤⣴⣶⣿⣿
⣿⣿⣿⣿⣿⡿⠿⠛⠋⠉⠀⠀⠉⠙⠛⠿⢿⣿⣿⣿⣿⣿
⠟⠛⠋⠉⠀⠀⠀⠀⠀⠀⠀⠀⠀⠀⠀⠀⠀⠀⠉⠙⠛⠻


⠀⠀⠰⠆⠆⠴⠰⠀⠆⠴⠐⠠⠀⠶⠀⠆⠦⠰⠢⠆
⣶⣤⣄⣀⠀⠀⠀⠁⠙⠈⠀⠙⠀⠁⠈⠀⠀⠀⣀⣠⣤⣶
⣿⣿⣿⣿⣿⣷⣶⣤⣄⣀⠀⠀⣀⣠⣤⣶⣾⣿⣿⣿⣿⣿
⣿⣿⣿⣿⣿⣿⣿⣿⡿⠿⠛⠋⠉⠀⠀⠉⠙⠛⠿⢿⣿⣿⣿⣿⣿⣿⣿⣿
⣿⣿⠿⠿⠛⠋⠉⠀⠀⠀⠀⠀⠀⠀⠀⠀⠀⠀⠀⠀⠀⠉⠙⠛⠻⠿⣿⣿
⠁⠀⠀⠀⠀⠀⠀⠀⠀⠀⠀⠀⠀⠀⠀⠀⠀⠀⠀⠀⠀⠀⠀⠀⠀⠀⠀⠈


⠀⠀⠀⢠⡀⣤⢠⠄⢠⠀⡄⠀⡄⠤⠀⡀⠀⡄⠀⡄⠠⡄⣤⣄⡄
⣀⠀⠀⠈⠀⠉⢠⢡⠨⡄⠭⡌⡡⠈⣌⡅⠄⡅⢠⠍⡌⠁⠉⠈⠁⠀⠀⣀
⣿⣿⣷⣶⣤⣄⣀⠀⠀⠀⠀⠀⠀⠀⠀⠀⠀⠀⠀⠀⠀⣀⣠⣤⣶⣾⣿⣿
⣿⣿⣿⣿⣿⣿⣿⣿⣷⣶⣤⣄⣀⠀⠀⣀⣠⣤⣶⣾⣿⣿⣿⣿⣿⣿⣿⣿
⣿⠿⠛⠉⠁⠀⠀⠀⠀⠈⠉⠛⠿⣿
⠃⠀⠀⠀⠀⣀⠀⠀⣀⠀⠀⠀⠀⠘
⡄⠀⠀⠀⠀⠀⠁⠈⠀⠀⠀⠀⠀⢠
⣿⣶⣤⣀⡀⠀⠀⠀⠀⢀⣀⣤⣶⣿
⣿⣿⣿⠿⠛⠋⡉⠡⠀⠀⠀⠀⠀⠠⠌⢉⠙⠻⠿⣿⣿⣿
⣿⠛⠁⠐⠈⠀⠀⡀⢀⠀⢀⡀⢀⢀⢀⠀⠈⠀⠀⡈⠛⣿
⠁⠀⠁⠀⠀⠀⠀⠀⣄⣂⠀⠀⣐⣠⠀⠀⠀⠀⠀⠀⠀⠈
⡀⠈⠀⠀⠀⠀⠀⠀⠀⠉⠓⠚⠉⠀⠀⠀⠀⠀⠀⠠⠄⢀
⣿⣤⡀⠀⠀⠀⠀⠀⠀⠀⠀⠀⠀⠀⠀⠀⠀⠀⠀⢀⣤⣿
⣿⣿⣿⣶⣤⣄⣀⡀⠒⠀⠀⠀⠀⠐⢀⣀⣠⣤⣶⣿⣿⣿
⣿⣿⣿⣿⡿⠿⠛⠋⡉⢩⠄⠠⠀⠀⠀⠄⠄⠠⡉⠉⡙⠛⠿⢿⣿⣿⣿⣿
⣿⡿⠛⠁⠤⠐⠂⠈⠀⠀⠀⠀⠀⠀⠀⠀⠀⠀⠀⠀⠁⠂⠀⡀⠈⠛⢿⣿
⠏⠀⠠⠄⠀⠀⠀⠀⠀⠉⠈⣁⠁⠈⠁⠈⣁⠉⠈⠀⠀⠀⠀⠀⠈⢀⠀⠹
⠀⠠⠤⠀⠀⠀⠀⠀⠀⠀⠑⠲⢶⡄⢠⡶⠖⠊⠀⠀⠀⠀⠀⠀⠀⠂
⣆⠀⠀⠀⠀⠀⠀⠀⠀⠀⠀⠀⠀⠀⠀⠀⠀⠀⠀⠀⠀⠀⠀⠀⠄⠁⠀⣰
⣿⣷⣤⡀⠀⠀⠀⠀⠀⠀⠀⠀⠀⠀⠀⠀⠀⠀⠀⠀⠀⠀⠀⠀⢀⣤⣾⣿
⣿⣿⣿⣿⣷⣶⣤⣄⣀⣀⠂⠂⠐⠐⠀⠂⠀⠂⣀⣀⣠⣤⣶⣾⣿⣿⣿⣿
⠀⠀⠀⠀⠀⣀⣤⣤⣀
⠀⣶⣶⣾⣿⣿⣋⣙⣿⣿⣷⣶⣦
⠀⠹⣿⡇⠸⠿⣿⠏⣐⡌⢿⣿⠇
⠀⠀⠈⠿⣛⣟⣋⣻⣙⣟⠻⠁
⠀⠀⠀⠀⠈⠙⠻⠟⠋⠁
⠀⠀⠀⠀⠀⠀⠀⠀⠀⢀⣠⣄⡀
⠀⠀⠀⣀⣀⣠⣤⣶⣾⣿⡿⠿⣿⣷⣶⣤⣄⣀⣀
⠀⠸⣿⣿⣿⡿⠿⣿⣿⣶⣤⣤⣶⠿⢿⣿⣿⣿⣿⣿⠇
⠀⠀⠹⣿⣿⡇⠀⣿⣿⣿⣿⠟⠁⠒⣆⠙⢿⣿⣿⠏
⠀⠀⠀⠈⠿⣿⠶⢶⡶⢶⠿⢶⡿⠿⣿⠷⣾⡿⠁
⠀⠀⠀⠀⠈⠉⠱⢷⣷⣶⣶⣶⣶⣶⡿⠆⠈
⠀⠀⠀⠀⠀⠀⠀⠀⠈⠉⠛⠛⠉⠁
⠀⠀⠀⠀⠀⠀⠀⠀⠀⠀⠀⠀⠀⢀⡀
⠀⠀⠀⠀⠀⠀⠀⠀⢀⣀⣤⣴⣾⣿⣿⣷⣦⣤⣀⡀
⠀⠀⣤⣤⣴⣶⣶⣿⣿⣿⣿⣿⠛⠁⠈⠛⣿⣿⣿⣿⣿⣷⣶⣦⣤⣤
⠀⠀⢻⣿⣿⣿⣿⠛⢻⣿⣿⣿⣿⣦⣼⣿⠟⠛⠻⣿⣿⣿⣿⣿⣿⡟
⠀⠀⠀⢻⣿⣿⣿⠀⢸⣿⣿⣿⣿⣿⡿⠁⠀⠿⣄⠈⢿⣿⣿⣿⡟
⠀⠀⠀⠀⠙⢿⣿⣦⣤⣤⣤⣤⣼⣿⣤⣾⣿⣿⣿⣷⣤⣽⡿⠋
⠀⠀⠀⠀⠀⠀⠾⠷⠀⢖⣓⣀⣓⣀⣐⣓⣂⣘⣚⠀⠙⠞
⠀⠀⠀⠀⠀⠀⠀⠀⠉⠛⠿⣿⣿⣿⣿⣿⣿⠿⠛⠁⠀⠀⠀⠀⠄
⠀⠀⠀⠀⠀⠀⠀⠀⠀⠀⠀⠀⠉⠙⠋⠉
⢸⠉⠉⠉⠉⠉⠉⠉⠉⠉⠉⠉⠉⡇
⢸⠀⠀⣦⠀⢲⣄⡀⣤⠶⣶⠀⠀⡇
⢸⠀⠀⣿⠀⠀⠙⣟⠷⢤⣿⠀⠀⡇
⢸⠀⠀⠉⠉⠉⠁⠉⠁⠀⠉⠀⠀⡇
⣷⣷⣦⣤⣤⣤⣄⣠⣤⣤⣤⣴⣾⣾
⠀⡖⠒⠒⠒⠒⠒⠒⠒⠒⠒⠒⠒⠒⠒⠒⠒⠒⠒⠒⢲
⠀⡇⠀⠀⠐⠐⠐⠐⠀⠂⠂⠀⠀⠂⠂⠐⠀⠂⠀⠀⢸
⠀⡇⠀⠀⢸⣷⡆⠀⢛⣦⣄⡀⢠⣴⡶⢿⣿⡇⠀⠀⢸
⠀⡇⠀⠀⢸⣿⡇⠀⠀⠙⣿⣿⣶⣭⡀⢸⣿⡇⠀⠀⢸
⠀⡇⠀⠀⢸⣿⡇⠀⠀⢀⠀⣶⣍⠙⠛⢿⣿⡇⠀⠀⢸
⠀⡇⠀⠀⠘⠉⠉⠉⠉⠉⠃⠙⠙⠀⠀⠈⠋⠃⠀⠀⢸
⣆⡳⢄⣀⡀⠀⠀⠀⠀⠀⠀⠀⠀⠀⠀⠀⠀⢀⣀⡠⢞⣰
⣿⣿⣿⣶⣶⣿⣿⣯⣭⣔⡢⢔⣢⣭⣽⣿⣿⣶⣶⣿⣿⣿
⠀⣶⠒⠒⠒⠒⠒⠒⠒⠒⠒⠒⠒⠒⠒⠒⠒⠒⠒⠒⠒⠒⠒⠒⠒⠒⣶
⠀⣿⠀⠀⠀⠠⠀⠄⠤⠤⠀⠤⠠⠤⠤⠠⠠⠄⠄⠠⠄⠠⠀⠀⠀⠀⣿
⠀⣿⠀⠀⠀⢠⣤⣀⠀⠀⣤⣀⠀⠀⠀⠀⠀⢀⣀⣤⣤⣤⡄⠀⠀⠀⣿
⠀⣿⠀⠀⠀⢸⣿⣿⠀⠀⠀⢭⣟⣦⣄⡠⢾⡿⠟⠛⣿⣿⡇⠀⠀⠀⣿
⠀⣿⠀⠀⠀⢸⣿⣿⠀⠀⠀⠀⢻⣿⣿⣿⣶⣤⣀⠀⣿⣿⡇⠀⠀⠀⣿
⠀⣿⠀⠀⠀⢸⣿⣿⠀⠀⠀⠀⠀⠠⣮⣭⠙⠛⠿⢿⣿⣿⡇⠀⠀⠀⣿
⠀⣿⠀⠀⠀⠸⠿⠿⠿⠿⠿⠿⠿⠄⠻⠿⠧⠀⠀⠀⠿⠿⠇⠀⠀⠀⣿
⡀⣿⠀⠀⠀⠠⠀⠀⠀⠀⠐⠰⠄⠄⠀⠠⠀⠀⠠⠀⠀⠴⠀⠀⠀⠀⣿⢀
⣷⣬⣓⡢⠤⠤⣀⣀⣀⣀⣀⠀⠀⠀⠀⠀⠀⣀⣀⣀⣀⣀⠤⠤⢔⣚⣥⣾
⣿⣿⣿⣿⣿⣿⣷⣶⣶⣶⣶⣭⣍⡒⢒⣩⣭⣶⣶⣶⣶⣾⣿⣿⣿⣿⣿⣿
⠀⠀⠀⠀⠀⠀⠀⣷⡄⣀
⠀⠀⠀⠀⠀⠀⠀⣿⣷⣿⣣⡆⡀
⠀⠀⠀⠀⠀⠀⠀⣿⣿⣿⣿⣿⣷
⠀⠀⠀⠀⢈⣙⣷⣻⣿⣿⣿⣿⡟
⠀⠀⠀⠀⠻⢿⡿⠛⠛⠛⠛⣉⣀
⠀⠀⠀⠀⠀⠀⠛⠰⠒⠚⠉⠁
⠀⠀⠀⠀⠀⠀⠀⠀⠀⠀⠀⣶⣤⡀
⠀⠀⠀⠀⠀⠀⠀⠀⠀⠀⠀⣿⣿⡇⣼⣷⡀
⠀⠀⠀⠀⠀⠀⠀⠀⠀⠀⠀⣿⣿⣰⣿⣟⣴⣿⢆⡀
⠀⠀⠀⠀⠀⠀⠀⠀⠀⠀⠀⣿⣿⣿⣿⣿⣿⣷⣿⣫⡄
⠀⠀⠀⠀⠀⠀⠢⠤⣤⣤⡀⢿⣿⣿⣿⣿⣿⣿⣿⣯⠆
⠀⠀⠀⠀⠀⠀⠀⣀⣠⣽⣟⣸⣿⣿⣿⣿⣿⣿⣿⠟⠁
⠀⠀⠀⠀⠀⠀⠹⢿⣿⣿⣿⠿⠛⠻⠿⡿⠿⠛⠁
⠀⠀⠀⠀⠀⠀⠀⠀⠉⢻⡇⠀⠀⣀⣀⣤⣀⡴⠆⠻⠁
⠀⠀⠀⠀⠀⠀⠀⠀⠀⠀⠁⠘⠛⠋⠉⠁
⠀⠀⠀⠀⠀⠀⠀⠀⠀⠀⠀⠀⠀⠀⣶⣤⣀
⠀⠀⠀⠀⠀⠀⠀⠀⠀⠀⠀⠀⠀⠀⣿⣿⣿⠀⣰⣦⡀
⠀⠀⠀⠀⠀⠀⠀⠀⠀⠀⠀⠀⠀⠀⣿⣿⡿⢰⣿⣿⠇⣠⣦⡀
⠀⠀⠀⠀⠀⠀⠀⠀⠀⠀⠀⠀⠀⠀⣿⣿⢧⣿⣿⢫⣾⣿⠟⣡⣶
⠀⠀⠀⠀⠀⠀⠀⠀⠀⠀⠀⠀⠀⠀⣿⣿⣿⣿⣷⣿⣿⣷⣿⣟⣫⣴
⠀⠀⠀⠀⠀⠀⠀⠐⠦⢤⣤⣤⣀⡀⢿⣿⣿⣿⣿⣿⣿⣿⣿⣿⣯⡵⠂
⠀⠀⠀⠀⠀⠀⠀⠀⠀⠀⠀⣉⣿⡿⠈⣿⣿⣿⣿⣿⣿⣿⣿⣿⣷⠊
⠀⠀⠀⠀⠀⠀⠀⠀⣶⣾⣿⣿⣿⣷⣾⣿⣿⣿⣿⣿⣿⣿⠿⠏⠁
⠀⠀⠀⠀⠀⠀⠀⠀⠈⠛⠿⣿⣿⡟⠉⠀⠀⠈⠙⠛⠉⠁⢀⣀⢠⠤⠄
⠀⠀⠀⠀⠀⠀⠀⠀⠀⠀⠀⠈⢻⡇⢀⡀⣠⢠⢤⡆⢦⠼⠘⠁⠈⠉⠁
⠀⠀⠀⠀⠀⠀⠀⠀⠀⠀⠀⠀⠀⠁⠘⠉⠉⠈
⠀⠀⠀⢀⠀⠠⣄⠀⣤⠀⡀
⡇⠀⡆⢸⠀⣶⡙⢷⣿⠀⡇⢰⠀⢸
⡇⠀⠃⠸⠀⣿⠙⢦⡙⠀⠇⠘⠀⢸
⡇⠀⠰⠤⠆⠦⠤⢠⠠⠄⠄⠆⠀⢸
⠀⠀⠀⠀⠀⠀⠓⠓
⠀⠀⠀⣀⠠⠔⠊⠉⣉⣉⠉⠉⢉⣉⠉⠑⠢⠄⣀
⣤⠒⠉⣀⠀⣴⡆⠀⡈⠻⣷⣄⢸⣿⠀⢰⣦⠀⣀⠉⠒⣤
⣿⠀⠀⣿⠀⣿⡇⠀⣿⣦⡈⠻⣿⣿⠀⢸⣿⠀⣿⠀⠀⣿
⣿⠀⠀⣿⠀⣿⡇⠀⣿⡟⢿⣄⠙⢿⠀⢸⣿⠀⣿⠀⠀⣿
⣿⠀⠀⠀⠀⠙⠃⠀⣿⡇⠈⠻⣷⣄⠀⠘⠋⠀⠀⠀⠀⣿
⣿⠀⠀⢰⣦⡆⣶⡰⣶⢰⣴⢰⡴⢰⢰⢰⡆⣶⠀⠀⠀⣿
⠛⠤⣀⠈⠁⠁⠉⠉⠉⢸⡎⣼⠇⠈⠈⠈⠁⠉⠀⣀⠤⠛
⠀⠀⠀⠉⠐⠢⢄⣀⣀⣈⣉⣉⣁⣀⣀⡠⠔⠂⠉
⠀⠀⠀⠀⠀⣀⠠⠔⠊⠉⠉⠉⠉⠉⠉⠉⠉⠉⠉⠑⠢⠄⣀
⢀⡠⠔⠒⠉⠀⢀⣤⡀⠀⠈⠻⣷⣄⠀⠀⣿⣿⠀⢀⣤⡀⠀⠉⠒⠢⢄⡀
⢸⠀⠀⠀⣶⠀⢸⣿⡇⠀⣶⡀⠘⢿⣷⣄⣿⣿⠀⢸⣿⡇⠀⣶⠀⠀⠀⡇
⢸⠀⠀⠀⣿⠀⢸⣿⡇⠀⣿⣿⣦⡀⠙⢿⣿⣿⠀⢸⣿⡇⠀⣿⠀⠀⠀⡇
⢸⠀⠀⠀⡿⠀⢸⣿⡇⠀⣿⣿⠛⣿⣦⡀⠙⢿⠀⢸⣿⡇⠀⢿⠀⠀⠀⡇
⢸⠀⠀⠀⠀⠀⠘⠛⠃⠀⣿⣿⠀⠈⠻⣿⣦⡀⠀⠘⠛⠃⠀⠀⠀⠀⠀⡇
⢸⠀⠀⠀⠀⡀⣀⢀⣄⢀⣩⡉⣀⣀⢀⢈⡉⡁⣀⠀⣀⢀⡤⠀⠀⠀⠀⡇
⢸⠀⠀⠀⠐⠟⠿⠸⠻⠄⠿⠆⠿⠿⠘⠿⠁⠇⠻⠄⠧⠘⠯⠀⠀⠀⠀⡇
⠈⠑⠢⠤⣀⠀⠀⠀⠀⠀⠀⠀⣻⡇⢸⣉⠀⠀⠀⠀⠀⠀⠀⣀⠤⠔⠊⠁
⠀⠀⠀⠀⠀⠉⠐⠢⢄⣀⣀⣀⣀⣀⣀⣀⣀⣀⣀⡠⠔⠂⠉
⠀⠀⠀⠀⠀⢀⣀⣀⡀
⡄⠀⢠⣴⡿⠏⣭⣭⠽⣿⣦⡄⠀⢠
⠃⠀⠘⠻⣷⣶⣾⣦⣛⣿⠟⠃⠀⠘
⠀⠀⠀⠀⠀⠈⠉⠉⠁
⠀⠀⠀⣀⠤⠐⣂⡈⠩⠍⠬⠍⠭⢩⠁⡒⠂⠤⣀
⠀⡴⠊⠐⠒⢁⣤⣤⣶⣿⡿⠿⢿⣶⣤⣤⡉⠀⠂⠑⢦⡀
⡞⠀⢀⢀⣴⣿⣿⡿⠆⢰⣿⡿⠷⠾⣿⣿⣿⣦⡀⡀⡀⢳
⢧⠀⠀⠈⠻⢿⣿⣷⣦⢶⣶⣦⡙⠿⣿⣿⣿⠟⠁⠀⠀⡼
⠀⠳⢄⠀⢀⢌⡛⠛⠿⣿⣿⣿⣿⠿⠛⠛⣁⡄⠀⡠⠞⠁
⠀⠀⠀⠉⠒⠪⠤⢁⣀⣂⣂⣀⣂⣂⡈⠬⠄⠒⠉
⠀⠀⠀⠀⢀⣀⠤⠔⣒⡂⠉⣭⠉⠭⠍⠍⡍⡉⠐⢒⠢⠤⣀⡀
⠀⢀⡤⠚⠡⡤⠒⠀⣁⣀⣤⣶⣶⣶⣶⣶⣶⣤⣀⣉⡀⠓⡄⡌⠓⢤⡀
⣰⠋⠀⠀⠀⣀⣤⣿⣿⣟⣛⠋⣭⣭⣭⣭⣭⣿⣿⣿⣿⣤⣀⠀⠀⠀⠙⣆
⣏⠐⠀⠆⠰⣿⣿⣿⣿⡇⣉⢀⣉⣉⡉⢩⣭⣵⣿⣿⣿⣿⣿⠇⠲⠐⠂⢸
⠹⣄⠀⠀⠀⠉⠛⣿⣿⣿⣿⣟⣻⣿⣿⣦⣍⣩⣽⣿⣿⠛⠉⠀⠀⠀⣠⠏
⠀⠈⠓⢤⡀⠀⠶⣠⠉⡉⠛⠿⠿⠿⠿⠿⠿⠛⠉⡉⡡⠴⠄⢀⡤⠚⠁
⠀⠀⠀⠀⠈⠉⠒⠢⠤⠅⣈⣈⣀⣂⣐⣒⣈⣀⠡⠤⠔⠒⠉⠁
⠀⣀⡤⣶⠚⣟⣿⣿⣻⡗⡲⢤⣀
⣼⢳⢟⣶⢛⡭⠻⣟⢭⣙⣷⡙⡟⣧
⢻⣜⢮⢿⣬⣣⣟⣸⣜⣩⡿⣱⣣⡟
⠀⠉⠛⠯⢭⣿⣽⣭⣩⡬⠾⠛⠉
⠀⠀⠀⢀⣠⠤⠖⢒⡟⡟⡏⣹⡿⣻⡒⠶⢤⣄⡀
⠀⣠⡞⣫⣐⢚⣣⡴⠶⠾⠷⠷⠶⠶⢧⣜⡋⠄⣙⢳⣄
⣼⡏⢘⠋⣰⣿⠟⣡⡖⠊⠙⢋⣥⢲⣌⣹⣿⣆⠒⡃⢹⣧
⢻⣇⠠⢦⠹⣿⣆⡹⢇⣼⡇⢠⣍⡸⠏⣹⣿⠏⡴⠤⣸⡟
⠀⠙⢷⣅⠷⠬⣙⠻⠶⠶⣧⣼⠶⠶⠟⡋⠡⠼⣪⡶⠛
⠀⠀⠀⠈⠙⠒⠧⠼⣽⣴⣳⣸⣤⣵⠤⠴⠚⠋⠁
⠀⠀⠀⠀⠀⣀⣤⡤⠶⢖⣺⢛⡿⣟⢻⣻⡛⣛⢲⠶⢤⣤⣀⡀
⠀⢀⣤⡾⣛⡩⠵⠞⣂⣠⣭⣤⣿⣷⣶⣾⣮⣭⣇⣀⠖⢒⡩⢛⢷⣤⡀
⣠⣿⠋⣴⡿⢋⣵⣾⡿⢓⣠⣅⡒⠶⡶⢖⣠⣅⡐⢿⣷⣦⡐⡩⢷⡙⣿⣄
⣿⣏⠀⠒⠀⢸⣿⣿⠀⣿⣷⠀⣬⣁⠒⠿⠇⢸⣷⠾⣿⣿⡇⠀⠒⠀⣹⣿
⠙⣿⣌⢙⡝⣬⠻⢿⣷⣌⣓⠲⠿⡇⢸⠷⠶⣚⣡⣾⣿⠟⡡⢿⡛⣡⣿⠋
⠀⠈⠛⢷⣮⣛⠭⢃⡭⠝⣛⣛⠿⡷⢾⠿⢟⠛⠋⢽⣀⠒⣚⣥⡾⠛⠁
⠀⠀⠀⠀⠈⠉⠛⠓⠶⠮⣽⣥⣯⣽⣬⣷⣬⣷⠷⠶⠞⠛⠉⠁
⠠⣴⣶⡶⠞⠟⢛⡛⠻⠳⢶⣶⣦⠄
⣷⣿⣿⡀⠘⣄⠠⠄⣠⠃⢀⣿⣿⣾
⠐⠻⣿⣿⡶⣤⣤⣤⣤⣶⣿⣿⠟⠂
⠀⠀⠈⠙⠛⠿⢿⡿⠿⠛⠋⠁
⠀⡠⣀⣤⣤⣤⣴⣶⡶⢶⡶⢶⡶⢶⣶⣦⣤⣤⣤⣀⢄
⣰⢱⣿⣿⡿⠏⠛⣀⠁⠒⠒⠒⠒⠈⣀⠛⠹⢿⣿⣿⡎⣆
⡇⣿⣿⣿⣏⠀⠀⠳⣌⠁⢀⡀⠈⣡⠞⠀⠀⣹⣿⣿⣿⢸
⢣⢻⣿⣿⣷⣢⡄⠀⠹⠆⣀⣀⠰⠏⠀⢠⣔⣾⣿⣿⡟⡜
⠀⠣⡻⣿⣿⣿⣿⠿⣶⣷⣴⣦⣾⣶⣿⣿⣿⣿⣿⢟⠜
⠀⠀⠈⠂⠝⡺⢾⣶⣗⣽⣳⣺⣖⣲⣷⡷⢗⠫⠐⠁
⠀⠀⠀⠀⠀⠀⠁⠊⠉⠛⢻⡟⠛⠉⠑⠈
⠀⢀⠤⣄⣐⣲⣤⣤⣬⣭⣭⠿⣿⡿⢿⣿⠿⣭⣭⣥⣤⣤⣖⣂⣠⠤⡀
⢠⠏⣼⣿⣿⣿⣿⡛⠿⠈⠉⠤⠬⠴⠦⠥⠤⠉⠁⠿⢛⣿⣿⣿⣿⣧⠹⡄
⡞⢸⣿⣿⣿⠷⠌⠁⠀⢿⡀⠒⠤⠀⠀⠤⠒⢀⡿⠀⠈⠡⠾⣿⣿⣿⡇⢳
⣇⢸⣿⣿⣿⣯⣥⠀⠀⠈⢿⣆⠀⠙⠋⠀⣰⡿⠁⠀⠀⣬⣽⣿⣿⣿⡇⣸
⠘⣌⢿⣿⣿⣿⣷⣾⣡⣤⠀⣉⡒⠢⠖⢒⣉⠀⣤⣌⣷⣾⣿⣿⣿⡿⣡⠃
⠀⠈⠣⣝⠿⣿⠟⡟⢿⢛⢻⢻⣷⡟⢻⢚⠟⡟⡟⡿⢻⠻⣿⠿⣫⠜⠁
⠀⠀⠀⠀⠑⠪⢝⡻⠿⣿⣯⣱⣿⣹⣭⣿⣍⣿⣿⠿⢟⡫⠕⠊
⠀⠀⠀⠀⠀⠀⠀⠀⠉⠐⠊⠭⠛⣛⣛⠛⠭⠑⠂⠉
⣿⡿⠛⠋⠉⡀⠀⠀⢀⠉⠙⠛⢿⣿
⠏⠀⢠⡆⠈⠁⠀⠀⠈⠁⢰⡄⠀⠹
⣆⠀⠘⢿⣄⡀⠆⠠⢀⣠⡿⠃⠀⣰
⣿⣷⣤⣀⣀⠁⠀⠀⠈⣀⣀⣤⣾⣿
⣿⣿⣿⡿⠿⠛⠋⠉⠉⠀⠀⠀⠄⠉⠍⠙⡛⠿⣿⣿⣿⣿
⣿⠟⢉⡀⠀⣀⠤⠶⠖⠐⠀⠀⠂⠲⠶⠤⣀⠀⠆⠉⠻⣿
⡏⠐⠀⠀⣾⠿⠀⠀⠀⠉⡀⠀⠀⠀⠁⠀⠿⣷⠀⠤⠀⢹
⣇⠀⠀⠀⢿⣿⣦⡀⠀⣠⡀⢒⡅⠀⢀⣴⣿⡿⠀⠀⠀⣸
⣿⣦⣀⠀⠀⠉⠛⠿⠦⠈⠉⠉⠁⠴⠿⠛⠉⠀⠀⣀⣴⣿
⣿⣿⣿⣿⣶⣤⣌⣀⣐⡀⠀⠀⢀⣂⣀⣡⣤⣶⣿⣿⣿⣿
⣿⣿⣿⣿⣿⡿⠿⠛⠛⣉⡉⠉⡅⠄⠀⡬⠉⢉⡍⠛⠛⠿⢿⣿⣿⣿⣿⣿
⣿⣿⠿⠋⠁⠄⠈⢂⣀⣤⣤⠀⠀⠀⠀⠀⠀⣤⣤⣀⡉⠈⠠⡌⠙⠿⣿⣿
⣿⠃⣀⠈⠀⣠⣶⡇⠀⠀⠄⠰⠆⠀⠀⠂⠆⠰⠄⠀⢸⣶⣄⠐⢀⣀⠘⣿
⡇⠀⢀⠀⠀⣿⣯⣥⠀⠀⠀⠀⠐⠂⢀⡤⠀⠀⠀⠀⣬⣽⣿⠀⠈⡀⠀⢸
⣿⡄⠀⠀⠀⠙⠿⣿⣷⣄⠀⠰⣻⣤⣤⡓⠄⠀⣠⣾⣿⠿⠋⠀⠠⠀⢠⣿
⣿⣿⣶⣄⡉⠀⠄⠈⠉⠛⠛⠀⠀⠀⠀⠀⠀⠛⠛⠉⠁⠠⠀⢉⣠⣶⣿⣿
⣿⣿⣿⣿⣿⣷⣶⣤⣬⣀⣀⣂⣀⠐⠂⣀⣐⣀⣀⣥⣤⣶⣾⣿⣿⣿⣿⣿
⠀⣀⡔⠐⠚⠛⠛⠛⠛⠓⠂⢢⣀
⣼⣿⣷⣶⣶⣿⡇⢸⣷⣶⣶⣾⣿⣧
⠻⣿⣿⣿⣿⣿⡇⢸⣿⣿⣿⣿⣿⠟
⠀⠈⠙⠛⠿⢿⡁⢈⡿⠿⠛⠋⠁
⠀⠀⠀⣠⠖⠴⠶⠾⠿⠿⠿⠿⠿⠿⠷⠶⠖⠲⣄
⢀⣴⣿⣿⡀⢀⣀⣀⣀⣠⠤⠤⣄⣀⣀⣀⡀⢀⣿⣿⣦⡀
⣾⣿⣿⣿⣿⣿⣿⣿⣿⣿⠀⠀⣿⣿⣿⣿⣿⣿⣿⣿⣿⣷
⢻⣿⣿⣿⣿⣿⣿⣿⣿⣿⠀⠀⣿⣿⣿⣿⣿⣿⣿⣿⣿⡟
⠀⠙⠿⣿⣿⣿⣿⣿⣿⣿⠀⠀⣿⣿⣿⣿⣿⣿⣿⠿⠋
⠀⠀⠀⠀⠉⠙⠛⠻⠿⣏⣀⣀⣹⠿⠟⠛⠋⠉
⠀⠀⠀⠀⢀⡤⠤⢤⣶⣶⣾⣿⣿⣿⣿⣿⣿⣷⣶⣶⠤⠤⢤⡀
⠀⠀⣠⣶⣿⠀⠀⠀⠀⠀⠀⠀⠀⠀⠀⠀⠀⠀⠀⠀⠀⠀⠈⣿⣦⣄
⢠⣾⣿⣿⣿⣦⣤⣤⣶⣶⣶⣶⡖⠒⠒⢲⣶⣶⣶⣦⣤⣤⣴⣿⣿⣿⣷⡄
⣿⣿⣿⣿⣿⣿⣿⣿⣿⣿⣿⣿⡇⠀⠀⢸⣿⣿⣿⣿⣿⣿⣿⣿⣿⣿⣿⣿
⢻⣿⣿⣿⣿⣿⣿⣿⣿⣿⣿⣿⡇⠀⠀⢸⣿⣿⣿⣿⣿⣿⣿⣿⣿⣿⣿⡟
⠀⠻⣿⣿⣿⣿⣿⣿⣿⣿⣿⣿⡇⠀⠀⢸⣿⣿⣿⣿⣿⣿⣿⣿⣿⣿⠟
⠀⠀⠈⠙⠻⢿⣿⣿⣿⣿⣿⣿⡇⠀⠀⢸⣿⣿⣿⣿⣿⣿⡿⠟⠋⠁
⠀⠀⠀⠀⠀⠀⠈⠉⠙⠛⠛⢿⣅⣀⣀⣨⡿⠛⠛⠋⠉⠁
⠀⠀⠀⠀⠀⠀⢀⡀
⠀⠀⠀⠀⠀⡄⠀⠀⠄
⡄⠀⠀⠀⠀⠀⠀⠈⠐⠀⠀⠀⠀⢠
⣿⣦⡀⠀⠀⠐⠾⠵⠂⠀⠀⢀⣴⣿
⣿⣿⣿⣷⣤⣄⡀⢀⣠⣤⣾⣿⣿⣿
⡇⠀⠀⠀⠀⠀⠀⠀⠀⠀⠀⠀⠀⠀⠀⠀⠀⠀⠀⠀⠀⢸
⡇⠀⠀⠀⠀⠀⠢⠤⠴⠄⠘⠃⠠⠦⠤⠔⠀⠀⠀⠀⠀⢸
⡇⠀⠀⠀⠀⠀⠀⢰⣶⠀⠀⠀⢠⣤⠀⠀⠀⠀⠀⠀⠀⢸
⡇⠀⠀⠀⠀⠀⠀⢈⠉⠀⠀⠐⠢⢄⡀⠀⠀⠀⠀⠀⠀⢸
⣷⡀⠀⠀⠀⠀⠀⠀⠀⠀⠀⠀⠀⠀⠀⠁⠀⠀⠀⠀⢀⣾
⣿⣿⣄⠀⠀⠀⠀⠀⠐⢶⣛⣛⡶⠂⠀⠀⠀⠀⠀⣠⣿⣿
⣿⣿⣿⣿⣦⣄⠀⠀⠀⠀⠁⠈⠀⠀⠀⠀⣠⣴⣿⣿⣿⣿
⣿⣿⣿⣿⣿⣿⣿⣶⣤⣄⡀⢀⣠⣤⣶⣿⣿⣿⣿⣿⣿⣿
⡇⢠⠀⠀⠀⠀⠀⠀⠀⠀⠀⠀⠀⠀⠀⠀⠀⠀⠀⠀⠀⠀⠀⠀⠀⠀⡄⢸
⡇⢸⠀⠀⠀⠀⠀⠠⡄⠀⣀⣀⣀⣸⣇⣀⣀⣀⠀⢠⠄⠀⠀⠀⠀⠀⡇⢸
⡇⢸⠀⠀⠀⢀⠀⠂⠈⠉⠁⠀⠀⠀⠀⠀⠀⠈⠉⠁⠀⠀⠀⠀⠀⠀⡇⢸
⡇⢸⠀⠀⡐⠁⠀⠀⠀⢸⣿⡇⠀⠀⠀⠈⠿⠖⠀⠀⠀⠀⠀⠀⠀⠀⡇⢸
⡇⠘⡀⠀⠇⠀⠀⠀⠀⢀⣈⠁⠀⠀⠉⠓⠶⣤⣀⠀⠀⠀⠀⠀⠀⢀⠃⢸
⣿⡄⠡⡀⠀⠀⠀⠀⠀⠀⠀⠀⠀⠀⠀⠀⠀⠀⠈⠉⠀⠀⠀⠀⢀⠌⢠⣿
⣿⣿⣆⠑⢄⠀⠀⠀⠀⠀⠀⣤⣤⠶⠶⣤⣤⠀⠀⠀⠀⠀⠀⡠⠊⣰⣿⣿
⣿⣿⣿⣷⣤⡑⠀⡀⠀⠀⠀⠘⠻⠖⠲⠟⠃⠀⠀⠀⢀⠀⢊⣤⣾⣿⣿⣿
⣿⣿⣿⣿⣿⣿⣷⣤⣀⠀⠀⠀⠀⠀⠀⠀⠀⠀⠀⣀⣤⣾⣿⣿⣿⣿⣿⣿
⣿⣿⣿⣿⣿⣿⣿⣿⣿⣿⣶⣤⣄⣀⣀⣠⣤⣶⣿⣿⣿⣿⣿⣿⣿⣿⣿⣿
⠀⠀⡿⠿⠭⠭⣻⢝⠯⠭⠿⢿
⢈⠴⡷⠾⡿⠷⠍⠪⠾⢿⠷⢾⠦⡁
⠀⠀⠑⠮⢍⣴⣀⣂⣲⡹⠵⠊
⠀⠀⠀⣿⢹⣻⢍⣉⣉⡉⡏⢹⢻⣍⡉⡉⡏⡏⣿
⠀⣀⠀⣿⠈⣈⣉⣉⡀⠡⠬⠉⠬⢁⣉⣁⣁⠁⣿⠀⣀
⠀⢀⣶⣿⠿⣿⣿⢿⣿⣧⠈⠉⣴⣿⡿⣿⣿⠿⣿⣶⡀
⠈⠁⠀⢿⡀⢠⠴⡢⢄⢀⠀⢀⢀⡀⢤⡲⠤⢀⡿⠀⠈⠁
⠀⠀⠀⠀⠉⠓⠾⠤⣾⣃⣀⣘⣀⣹⠤⠵⠚⠉
⠀⠀⠀⠀⣿⢫⡝⢯⠉⣉⡉⢉⣉⡏⢩⡝⣭⢉⠉⡉⢽⢹⡍⣿
⠀⠀⠀⠀⣿⠘⠋⠑⠘⠛⠃⠙⣊⡑⠚⣑⡚⠙⠒⠋⠘⠘⠃⣿
⠀⠝⢀⣠⣿⣴⣶⣾⣿⣿⣶⣤⠈⠡⠤⠈⣥⣶⣿⣿⣷⣶⣦⣿⣄⡀⠫
⠠⠤⠞⠛⣿⠉⠹⠽⠿⠋⠟⠛⠓⠀⠀⠚⠛⠻⠙⢿⠯⠏⠉⣿⠛⠳⠤⠄
⠀⠀⠀⠀⠻⣦⡐⠖⣋⠕⠂⣄⡠⠀⢀⡄⢤⣔⠶⣍⠓⢒⣠⠟
⠀⠀⠀⠀⠀⠀⠉⠛⠲⠦⢬⣭⣀⣀⣈⣃⣬⡭⠴⠖⠚⠉
⠟⢉⡍⣩⢡⣤⢠⣤⣤⠌⡭⣩⡉⠻
⠀⠀⠋⠉⢉⡁⡈⣁⣉⡀⠉⠙⠁
⠀⠀⣠⣼⢭⡪⡚⣓⢾⡿⡶⣤
⣆⠀⠙⠶⣳⡷⢥⡭⡪⣛⡮⠊⠀⣰
⣿⣷⣦⣄⣈⣉⠉⠈⣈⣁⣠⣴⣾⣿
⡿⠛⠋⢉⠉⣉⠉⣉⢀⠀⣀⣀⢀⢀⡉⢉⣉⠉⡉⠙⠛⢿
⠇⠀⢨⣻⠥⠏⠇⠟⠻⠀⠻⠞⠸⠸⠧⠸⠼⠸⣯⡇⠀⠸
⠀⠀⠀⠀⠀⢀⡀⣤⢄⡤⢂⡤⠀⠤⢤⣄
⠀⠀⠀⢀⠦⡓⢎⠔⡩⠞⠉⣒⡲⢄⠲⡔⢮⡠⡄
⡄⠀⠀⠻⡑⣌⡢⣝⢧⣘⣁⠓⣂⠼⣳⢮⡳⢍⠋⠀⠀⢠
⣿⣦⣀⠀⠀⠀⠤⢤⣄⡀⣤⢖⡡⢊⡵⠫⠚⠀⠀⣀⣴⣿
⣿⣿⣿⣷⣶⣤⣤⣀⣀⡀⠀⠀⢀⣀⣀⣤⣤⣶⣾⣿⣿⣿
⣿⠿⠛⠛⠛⠉⠉⠉⠉⠉⠉⡉⠀⣀⣀⠀⡉⠉⠉⠉⠉⠉⠉⠛⠛⠛⠿⣿
⡇⠀⠀⠰⣜⡂⣸⣻⡄⣿⢾⡇⠀⣏⣸⠀⡇⣹⠤⢰⡏⣛⢰⡗⡆⠀⠀⢸
⠁⠀⠀⠘⠚⠁⠉⠈⠁⠉⠈⠁⠀⠈⠁⠀⠁⠈⠉⠀⠉⠉⠈⠓⠃⠀⠀⠈
⠀⠀⠀⠀⠀⠀⢀⡤⢔⡶⢊⡤⢚⣥⠾⠭⠭⠵⠶⠦⠄
⠀⠀⠀⠀⢀⠦⣘⠲⣋⠴⢋⡴⠟⠒⠒⠲⢦⡐⠶⡔⠶⣔⠤⡄
⡀⠀⠀⠀⢿⠳⣌⠳⣌⠳⢏⠀⠿⠀⠿⠭⠀⣹⠳⣌⠳⣌⠳⡿⠀⠀⠀⢀
⣷⡀⠀⠀⠈⠑⢚⡓⠚⠛⠒⠛⠓⠒⣒⡶⢋⡴⢊⡴⢓⡆⠑⠀⠀⠀⢀⣾
⣿⣿⣶⣄⡀⠀⠀⠀⠙⠓⠪⠭⠭⠞⠩⠔⠋⠔⠛⠊⠉⠀⠀⢀⣠⣶⣿⣿
⣿⣿⣿⣿⣿⣿⣶⣦⣤⣄⣀⣀⡀⠀⠀⢀⣀⣀⣠⣤⣴⣶⣿⣿⣿⣿⣿⣿
⢹⢛⡩⢍⡉⢀⣀⢀⣀⢉⡉⣉⠛⡏
⢸⠀⠁⢩⡙⠋⠉⠋⠉⠈⠉⠉⠀⡇
⢸⠀⠀⠀⢙⣦⣄⣠⡄⠀⠀⠀⠀⡇
⣧⡣⣀⠀⠈⠓⠘⢅⠀⠀⠀⣀⢜⣼
⣿⣿⣶⣥⣆⣤⠄⠠⣕⣲⣬⣶⣿⣿
⠋⡭⠭⢉⣓⡒⠒⠒⠒⠒⠒⠒⠒⠒⠒⠒⠒⠚⠩⠭⢭⠙
⠀⡇⠐⠯⠤⠼⠚⢧⡼⠴⠻⢦⠷⠺⠸⠿⠅⠿⠿⠀⢸
⠀⡇⠀⠀⠀⠐⢄⠀⠀⠀⠀⠀⠀⠀⠀⠀⠀⠀⠀⠀⢸
⠀⡇⠀⠀⠀⠀⠀⢱⢆⣤⠂⠐⣤⡀⠀⠀⠀⠀⠀⠀⢸
⣧⠹⣄⠀⠀⠀⠀⠙⢌⣉⣛⡛⠉⠉⠀⠀⠀⠀⠀⣠⠏⣼
⣿⣷⣬⡓⠤⣀⠀⠀⠀⠀⠀⠉⠢⡀⠀⠀⣀⠤⢚⣥⣾⣿
⣿⣿⣿⣿⣷⣶⣭⣕⣒⠢⠤⠤⠔⣚⣫⣭⣶⣾⣿⣿⣿⣿
⠛⣛⣩⠭⠭⠭⠭⠴⠒⠒⠒⠒⠒⠒⠒⠒⠒⠒⠒⠒⠦⠭⠭⠭⠭⣍⣛⠛
⠀⣿⠀⢰⡞⠉⣙⣶⢰⡆⢠⡆⣠⢶⡄⢴⣤⡶⢠⣶⠶⠠⣶⣶⡀⠀⣿
⠀⣿⠀⠀⠉⠉⢉⡉⠠⠉⠩⠁⠍⠈⠭⠌⠀⠉⠈⠉⠉⠉⠉⠉⠁⠀⣿
⠀⣿⠀⠀⠀⠀⠀⠙⢦⡀⠀⠀⠀⠀⠀⠀⠀⠀⠀⠀⠀⠀⠀⠀⠀⠀⣿
⠀⣿⠀⠀⠀⠀⠀⠀⠀⢙⡦⣠⡴⠒⠒⢦⣄⠀⠀⠀⠀⠀⠀⠀⠀⠀⣿
⣆⠸⣆⠀⠀⠀⠀⠀⠀⢻⣜⠛⠻⣾⣷⠟⠛⠃⠀⠀⠀⠀⠀⠀⠀⣰⠇⣰
⣿⣧⣈⠳⣄⠀⠀⠀⠀⠀⠈⠙⠒⠒⠲⣄⠀⠀⠀⠀⠀⠀⠀⣠⠞⣁⣼⣿
⣿⣿⣿⣷⣬⣙⠲⢤⣀⡀⠀⠀⠀⠀⠀⠈⠳⣄⢀⣀⡤⠖⣋⣥⣾⣿⣿⣿
⣿⣿⣿⣿⣿⣿⣿⣶⣦⣭⣙⣒⠒⠦⠴⠒⣒⣫⣭⣴⣶⣿⣿⣿⣿⣿⣿⣿
⢀⣀⣤⣤⣶⣶⣿⣿⣶⣶⣤⣤⣀⡀
⢸⣿⣿⣿⣿⣿⣿⣿⣿⣿⣿⣿⣿⡇
⠀⠻⣿⣿⣿⣿⣿⣿⣿⣿⣿⣿⠟
⠀⠀⠈⠉⠛⠻⢿⡿⠿⠛⠉⠁
⠀⠀⠀⠀⠀⣀⣀⣤⣤⣶⣾⣷⣶⣤⣤⣀⣀
⢠⣶⣶⣿⣿⣿⣿⣿⣿⣿⣿⣿⣿⣿⣿⣿⣿⣿⣿⣶⣶⡄
⠈⣿⣿⣿⣿⣿⣿⣿⣿⣿⣿⣿⣿⣿⣿⣿⣿⣿⣿⣿⣿⠁
⠀⢹⣿⣿⣿⣿⣿⣿⣿⣿⣿⣿⣿⣿⣿⣿⣿⣿⣿⣿⡟
⠀⠈⠻⣿⣿⣿⣿⣿⣿⣿⣿⣿⣿⣿⣿⣿⣿⣿⣿⠟⠁
⠀⠀⠀⠈⠛⠿⣿⣿⣿⣿⣿⣿⣿⣿⣿⣿⠿⠛⠁
⠀⠀⠀⠀⠀⠀⠀⠈⠙⠛⠿⠿⠛⠋⠁
⠀⠀⠀⠀⠀⠀⠀⠀⣀⣀⣤⣤⣶⣶⣶⣶⣤⣤⣀⣀
⠀⣀⣠⣤⣴⣶⣾⣿⣿⣿⣿⣿⣿⣿⣿⣿⣿⣿⣿⣿⣿⣷⣶⣦⣤⣄⣀⡀
⠈⣿⣿⣿⣿⣿⣿⣿⣿⣿⣿⣿⣿⣿⣿⣿⣿⣿⣿⣿⣿⣿⣿⣿⣿⣿⣿⠁
⠀⢻⣿⣿⣿⣿⣿⣿⣿⣿⣿⣿⣿⣿⣿⣿⣿⣿⣿⣿⣿⣿⣿⣿⣿⣿⡟
⠀⠘⣿⣿⣿⣿⣿⣿⣿⣿⣿⣿⣿⣿⣿⣿⣿⣿⣿⣿⣿⣿⣿⣿⣿⣿⠃
⠀⠀⠹⣿⣿⣿⣿⣿⣿⣿⣿⣿⣿⣿⣿⣿⣿⣿⣿⣿⣿⣿⣿⣿⣿⠏
⠀⠀⠀⠈⠻⣿⣿⣿⣿⣿⣿⣿⣿⣿⣿⣿⣿⣿⣿⣿⣿⣿⣿⠟⠁
⠀⠀⠀⠀⠀⠀⠉⠛⠿⢿⣿⣿⣿⣿⣿⣿⣿⣿⡿⠿⠛⠉
⠀⠀⠀⠀⠀⠀⠀⠀⠀⠀⠈⠉⠛⠿⠿⠛⠉⠁
⠀⢀⣠⣤⣤⣤⣤⣤⣠⣤⣤⣄⡀
⢠⡯⠥⣒⣚⣛⣿⣯⡜⠺⣿⢿⣿⡄
⠀⠛⢭⠵⣒⣒⣒⣿⣦⢑⣸⡿⠟
⠀⠀⠀⠉⠑⠲⠖⠿⠟⠛⠉
⠀⢀⠀⠄⢀⣂⣀⣀⡠⡤⣬⢤⡤⣀⣀⣐⣐⡀⠤⠀⡀
⠠⢡⣾⠭⠿⠚⠚⣾⣷⣿⣿⣿⠿⢛⡛⢷⣷⣿⣽⣷⡌⠂
⠀⣿⠶⠖⢛⣋⣉⣩⣭⣽⣿⣿⣶⣌⡙⠛⣛⡛⢿⣿⣿⠈
⠀⠘⢾⣛⣉⣭⡤⠴⠶⠶⠶⣿⣿⣄⡙⠆⢸⣿⣿⡿⠃
⠀⠀⠀⠉⠳⠴⣶⠒⢛⣛⣛⣿⣿⣯⣥⣾⠿⠛⠉
⠀⠀⠀⠀⠀⠀⠀⠉⠙⠛⠭⠿⠛⠋⠉
⠀⠀⠀⠀⡀⠀⠤⠀⠀⠂⢀⣒⣀⣐⣂⣀⣒⡒⠀⠀⠀⠤⠀⣀
⠀⡔⢁⡤⠶⢲⣚⣯⣽⣭⣿⣼⣧⣯⣼⣿⣬⣿⣭⣏⣿⣓⡖⣶⢤⡉⢣
⠘⢠⡟⠛⠋⣉⣁⣠⣬⣽⣿⣿⣿⣿⣿⡏⠉⢶⣎⣉⣿⣿⣿⣿⣷⣿⡄⢃
⠀⢸⡶⠛⠛⢉⣉⣁⣤⣤⣤⣤⡽⠿⣿⣿⣶⢄⡉⠛⢭⣍⠛⢿⣿⣿⡇⠘
⠀⠈⢳⡾⠛⠋⣉⣉⣠⣤⣤⣤⣴⠶⣿⣿⣇⠀⠻⣦⠀⣿⣿⣿⣿⡟⠁
⠀⠀⠀⠙⠺⣟⣋⣉⣉⣤⣤⣤⣴⣶⣿⣿⣿⠿⢒⣢⣤⣭⣿⠟⠋
⠀⠀⠀⠀⠀⠀⠉⠛⠭⣥⣤⣤⣤⣶⣿⣿⣿⣿⣿⠿⠛⠉
⠀⠀⠀⠀⠀⠀⠀⠀⠀⠀⠈⠉⠓⠒⠛⠛⠉⠁
⠿⠿⠛⠋⠉⠀⠀⠀⠀⠉⠙⠛⠿⠿
⠀⠀⠀⠀⠀⠀⠀⠀⠀⠰⣟⣷⢠
⠀⠀⠀⠀⠀⠀⠀⠀⠀⠨⠭⣿⢰
⣄⠀⠀⠀⠀⠀⠀⠀⠀⠐⠶⢯⠘⣠
⣿⣷⣤⣄⣀⡀⠀⠀⢀⣀⣠⣤⣾⣿
⣿⣿⣿⣿⠿⠟⠛⠉⠁⠀⠀⠀⠀⠈⠉⠛⠻⠿⣿⣿⣿⣿
⠉⠀⠀⠀⠀⠀⠀⠀⠀⠀⠀⠀⠀⠀⠀⢀⣀⣀⡀⠀⠀⠈
⠀⠀⠀⠀⠀⠀⠀⠀⠀⠀⠀⠀⠀⠀⠀⢸⡏⢹⡇⢠⡄
⠀⠀⠀⠀⠀⠀⠀⠀⠀⠀⠀⠀⠀⠀⠀⠐⠓⢺⡆⢠⠁
⠀⠀⠀⠀⠀⠀⠀⠀⠀⠀⠀⠀⠀⠀⠀⠘⠛⠻⡇⢸⡃
⡄⠀⠀⠀⠀⠀⠀⠀⠀⠀⠀⠀⠀⠀⠀⠰⠶⢾⡃⠘⠃⢠
⣿⣦⣀⠀⠀⠀⠀⠀⠀⢀⡀⡀⠀⠀⠀⠀⠀⠀⠁⣀⣴⣿
⣿⣿⣿⣿⣶⣤⣤⣀⣀⠀⠀⠀⠀⣀⣀⣤⣤⣶⣿⣿⣿⣿
⣿⣿⣿⣿⣿⣿⠿⠟⠛⠉⠉⠀⠀⠀⠀⠀⠀⠉⠉⠛⠻⠿⣿⣿⣿⣿⣿⣿
⠉⠉⠉⠉⠀⠀⠀⠀⠀⠀⠀⠀⠀⠀⠀⠀⠀⠀⠀⠀⠀⠀⠀⠀⠉⠉⠉⠉
⠀⠀⠀⠀⠀⠀⠀⠀⠀⠀⠀⠀⠀⠀⠀⠀⠀⠀⠀⢰⣿⠛⢻⣧⢀⣀
⠀⠀⠀⠀⠀⠀⠀⠀⠀⠀⠀⠀⠀⠀⠀⠀⠀⠀⠀⢨⣿⣤⣿⣅⠈⠹⠇
⠀⠀⠀⠀⠀⠀⠀⠀⠀⠀⠀⠀⠀⠀⠀⠀⠀⠀⠀⢠⣤⣤⣼⣷⢸⣭⡀
⠀⠀⠀⠀⠀⠀⠀⠀⠀⠀⠀⠀⠀⠀⠀⠀⠀⠀⠀⠀⠀⢀⣘⡯⢸⣯⡀
⣧⡀⠀⠀⠀⠀⠀⠀⠀⠀⠀⠀⠀⠀⠀⠀⠀⠀⠀⠘⠛⠛⠿⡤⠈⠉⢀⣼
⣿⣿⣦⣄⡀⠀⠀⠀⠀⠀⠀⠀⡄⡄⠠⠠⠀⠀⠀⠀⠀⠀⠀⢀⣠⣴⣿⣿
⣿⣿⣿⣿⣿⣷⣶⣤⣤⣄⣀⣀⠀⠀⠀⠀⣀⣀⣀⣤⣤⣶⣾⣿⣿⣿⣿⣿
⠀⠀⠀⣀⣠⣖⣿⣿⣲⣄⣀
⠀⠀⣸⣟⣟⣛⣿⣿⣛⣻⣻⣇
⠴⣾⢿⡟⡟⠛⣻⣟⠛⢻⢻⡿⣷⠦
⠀⠀⠀⠙⠳⢤⣿⣿⡤⠞⠋
⠀⠀⠀⠀⠀⠀⠀⢠⡔⢲⡯⢽⡖⢢⡄
⠀⠀⠀⠀⢸⢻⣿⡿⠿⢿⣿⣿⡿⠿⢿⣿⡟⡇
⠀⢀⣠⣶⣺⣖⣶⣖⣲⣲⣻⣿⣖⣖⣶⣲⣖⣷⢶⣄⡀
⠘⠻⠞⠛⢹⡉⣻⠀⠂⠀⣿⣿⠀⠀⠀⣟⢉⡏⠛⠳⠟⠃
⠀⠀⠀⠀⠀⠉⠛⠳⠤⢴⣿⣿⡦⠤⠞⠛⠉
⠀⠀⠀⠀⠀⠀⠀⠀⠀⢀⣠⠤⣶⣋⣙⣶⠤⣄⡀
⠀⠀⠀⠀⠀⢠⣤⣶⣶⣾⣷⣶⣾⠧⠼⣷⣶⣾⣷⣶⣶⣤⡄
⠀⠀⠀⠀⠀⢸⡇⠿⠿⠟⠛⠛⢻⣿⣿⡟⠛⠛⠻⠿⠿⢸⡇
⠀⠀⣀⢴⣶⢺⣷⢺⡟⣻⢻⣟⣟⣻⣟⣟⣛⠟⣿⡟⣷⠺⣷⢶⡦⣀
⠰⢾⣏⣺⣿⢻⡟⢻⣫⠉⣉⠉⢹⣿⣿⡏⣉⠉⠉⣝⡟⢻⡟⣿⣗⣹⡷⠆
⠀⠀⠀⠀⠀⠈⠷⣔⣬⡀⠀⠀⢸⣿⣿⡇⠀⠀⢀⣥⣢⠾⠁
⠀⠀⠀⠀⠀⠀⠀⠈⠉⠓⠲⠤⢾⣿⣿⡷⠤⠖⠚⠉⠁
⠀⠀⠀⢀⡤⣠⠞⠳⣄⢤⡀
⠀⢀⡴⣫⣖⣴⣾⣷⣦⣲⣝⢦⡀
⠰⣿⣾⣿⣿⣿⣿⣿⣿⣯⣿⣷⣻⠆
⠀⠈⠳⣝⢮⡻⣿⣿⢟⡵⣫⠞⠁
⠀⠀⠀⠈⠛⠙⢮⠵⠋⠛⠁
⠀⠀⠀⠀⠀⠀⢀⣀⠀⣠⠔⠦⣄⠀⣀⡀
⠀⠀⠀⠀⣀⡴⢋⡈⠛⣁⣴⣦⣈⠛⢁⠙⢦⣀
⠀⠀⣠⠞⢁⣴⣯⢤⠾⣿⣿⣿⣿⡷⡤⣽⢦⡈⠳⣄
⠰⣿⣙⣝⣹⣹⣏⣏⣿⣹⣏⣿⣛⣿⣟⣝⣏⣭⣯⣙⣿⠆
⠀⠈⠙⢦⣝⠳⣌⡛⢿⣥⣿⣼⣿⡿⢛⣡⠞⣫⡴⠋
⠀⠀⠀⠀⠉⠳⣌⣙⣦⡙⠿⠿⣋⣴⣋⣡⠞⠉
⠀⠀⠀⠀⠀⠀⠈⠉⠀⠙⠳⠞⠋⠀⠉⠁
⠀⠀⠀⠀⠀⠀⠀⠀⠀⡀⠀⠀⣠⡴⢦⣀⠀⠀⢀
⠀⠀⠀⠀⠀⠀⢀⣠⠞⠛⢶⠞⠋⣠⣄⠙⠳⡾⠛⠳⣄⡀
⠀⠀⠀⠀⢀⡴⠛⢁⡴⠖⢁⣤⣾⣿⣿⣷⣤⡈⠲⢤⡈⠻⢦⡀
⠀⠀⣠⡾⡋⣠⣴⡻⣶⣲⣻⣻⣻⣟⣟⣿⣿⣿⣖⣲⣛⣦⣀⠙⢷⣄
⠰⣿⣯⣋⣝⣫⣏⣿⣉⣏⣿⣍⣿⣉⣽⣏⣽⣿⣟⣍⣻⣉⣭⣯⣝⣻⣷⠆
⠀⠀⠙⢿⣍⠙⢿⣍⡙⠿⣿⣏⣩⣯⣹⣿⣿⣿⠿⢋⣩⡿⠋⣩⡿⠋
⠀⠀⠀⠀⠉⠻⣦⡈⠻⢦⡈⠻⣿⣿⣿⣿⠟⢁⠴⠟⢁⣴⠟⠉
⠀⠀⠀⠀⠀⠀⠈⠛⢶⣴⠟⢷⣄⠙⠋⣠⡾⠳⣦⡶⠛⠁
⠀⠀⠀⠀⠀⠀⠀⠀⠀⠁⠀⠀⠙⠳⠞⠉⠀⠀⠈
⠀⢠⣴⣶⣟⣛⣛⠛⠛⠲⢶⣤⡀
⠀⠀⠀⠀⠐⠯⠍⠛⠷⣦⣄⠈⢿⣦
⣀⣠⣤⣤⡤⠤⠶⣶⣦⡼⠟⢀⣾⠟
⠈⠙⠻⠶⣤⣤⣤⣤⣤⡴⠾⠛⠁
⠀⠀⢀⣠⣤⣶⣶⠾⠿⠿⠿⠿⠿⠿⣶⣶⣤⣄⡀
⠀⠈⠉⠙⠛⠛⠻⠿⠷⠶⣶⣦⣤⣀⠀⠀⠉⠻⢿⣷⣄
⠀⠀⠀⠀⠀⠀⠀⠙⠛⠒⠂⠈⠙⠻⢿⣷⣦⡀⠀⢻⣿⣧
⠀⠀⠀⣀⣀⡀⣀⣀⣠⣤⣤⣤⣤⣄⣠⣿⡿⠃⠀⣼⣿⡿
⠘⢿⣿⣿⣟⠛⠋⠉⠉⠉⠉⠹⠟⠛⠋⠉⣀⣴⣾⡿⠋
⠀⠀⠈⠙⠛⠿⠿⣶⣶⣶⣶⣶⣶⣶⠿⠿⠛⠋⠁
⠀⠀⠀⠀⢀⣠⣤⣴⣶⣶⣿⣿⣿⣿⣿⣿⣿⣶⣶⣦⣤⣀⡀
⠀⠀⠴⠾⠿⣿⣿⣿⣿⣤⣤⣤⣄⣀⣀⠀⠀⠈⠉⠙⠻⢿⣿⣷⣦⡀
⠀⠀⠀⠀⠀⠀⠀⠀⠉⣉⣉⡛⠛⠻⢿⣿⣷⣤⣄⡀⠀⠀⠈⠻⣿⣿⣧⡀
⠀⠀⠀⠀⠀⠀⠀⠀⠀⠈⠛⠛⠋⠀⠀⠈⠉⠛⠿⣿⣷⣦⠀⠀⢸⣿⣿⣷
⠀⠀⠀⠀⠀⠀⢀⡀⠀⠀⢀⣀⣀⣀⣀⣀⣀⡀⢀⣽⣿⣿⠀⠀⢸⣿⣿⡿
⢤⣤⣶⣶⣿⣿⣿⣶⠿⠿⠿⠛⠛⠛⢻⣿⣿⣿⡿⠟⠋⠁⢀⣴⣿⣿⡟⠁
⠀⠙⠻⢿⣿⣷⣤⣄⣀⠀⠀⠀⠀⠀⠈⠉⠁⠀⣀⣠⣴⣾⣿⡿⠟⠉
⠀⠀⠀⠀⠈⠙⠛⠻⠿⢿⣿⣿⣿⣿⣿⣿⣿⠿⠿⠟⠛⠉⠁
⠀⢀⡤⣶⣞⢿⣯⢹⡿⣳⣶⢤⣀
⣼⣿⣿⣺⣿⡋⠉⠉⢙⣷⣟⣯⣿⣧
⢻⣿⣿⡁⠀⠁⡀⢀⠈⠀⢉⣿⣿⡟
⠀⠉⠛⠿⢶⣿⣿⣬⣷⡶⠿⠛⠉
⠀⠀⠀⣀⣠⣴⣶⢲⣿⣿⣛⢛⣿⣿⢒⣶⣦⣄⣀
⠀⣤⣾⣯⣝⡻⡿⣷⣹⣽⣿⡼⢿⣡⣿⢛⣽⣮⣿⣷⣤
⣾⣿⣼⣿⣟⣹⣾⣿⡀⠀⠀⠀⠀⢈⣿⣿⣭⣿⣼⣷⣿⣷
⢿⣿⣿⣿⡟⠉⠉⠉⠉⠀⠀⠀⠀⠉⠉⠉⠉⢻⣿⣿⣿⡿
⠀⠛⢿⣿⣿⣤⣀⣀⣠⣴⣆⠰⣦⣄⣀⣀⣴⣿⣿⡿⠛
⠀⠀⠀⠉⠙⠻⠿⠿⣿⣿⣿⣷⣾⣿⡿⠿⠟⠋⠉
⠀⠀⠀⠀⢀⣀⣤⣴⡶⢶⣿⣿⣿⣛⢛⣻⣿⣿⠶⣶⣦⣤⣀⡀
⠀⢀⣤⣾⣟⡫⠿⣿⣿⣦⡹⣟⣿⣿⣸⣿⡿⢣⣾⡿⣛⣭⣝⣿⣷⣤⡀
⣠⣿⣏⠽⠿⢿⡷⢮⣵⣿⠋⠉⠉⠉⠉⠉⠉⠻⣿⣾⡿⢻⡿⢫⣭⣹⣿⣄
⣿⣿⣿⣿⣿⣿⡿⠿⠿⠿⠷⠄⠀⠀⠀⠀⠠⠾⠿⠿⠿⢿⣿⣿⣿⣿⣿⣿
⠙⣿⣿⣿⣿⣧⡀⠀⠀⠀⠀⠀⠀⠀⢀⠀⠀⠀⠀⠀⠀⢀⣿⣿⣿⣿⣿⠏
⠀⠈⠛⢿⣿⣿⣷⣤⣤⣤⣤⣶⣿⣧⡘⢿⣶⣤⣤⣤⣴⣿⣿⣿⡿⠛⠁
⠀⠀⠀⠀⠈⠉⠛⠻⠿⠿⣿⣿⣿⣿⣿⣶⣾⣿⠿⠿⠟⠛⠉⠁
⠀⣀⡴⠒⠋⣉⣉⣉⡛⠻⣒⠦⣀
⡼⠁⠀⠉⠁⣿⣇⣨⡿⢀⣀⣱⡬⢧
⢳⡐⠤⠤⠄⣿⡇⠈⣿⠀⠤⠄⣗⡟
⠀⠉⠲⠤⣤⣉⣛⣛⣋⣒⠭⠞⠉
⠀⠀⠀⣀⡤⠴⠒⠚⠋⠙⠛⠛⠛⠿⣓⡒⠦⣤⣀
⠀⣴⠞⠓⠦⠤⠤⡀⣾⣿⠛⠛⣿⣦⠀⠈⠓⢤⡈⠳⣦
⣾⠁⠀⠀⠀⠀⠀⠀⣿⣿⣀⣠⣿⡟⢀⣀⣀⣀⣹⣤⠟⣷
⢿⡒⠤⣄⣀⣀⠀⠀⣿⣿⠀⠈⢹⣿⡆⠀⣈⣉⣡⣿⢔⡿
⠀⠻⢦⡀⠀⠉⠉⠁⣿⣿⣤⣤⣼⡿⠃⣈⣠⠤⣴⡷⠟
⠀⠀⠀⠉⠓⠲⠦⢤⣤⣤⣤⣐⣒⣊⡭⠤⠖⠛⠉
⠀⠀⠀⠀⢀⣀⡤⠴⠖⠒⠛⠛⠛⠛⠛⠻⠿⢛⣒⠲⠦⢤⣀⡀
⠀⢀⣤⠾⠯⣥⣀⣀⡀⠀⢰⣶⡶⠶⠶⢶⣶⡄⠈⠉⠲⢤⡈⠙⠳⣤⡀
⣰⡟⠁⠀⠀⠀⠀⠀⠈⠁⢸⣿⡇⠀⠀⢸⣿⡇⠀⠀⠀⠀⠙⢦⡀⢸⣿⣆
⣿⡁⠀⠀⠀⠀⠀⠀⠀⠀⢸⣿⡿⠛⠿⠿⣿⣥⡐⠒⠒⠶⠶⠖⢻⡉⣨⣿
⠹⣧⡉⠓⠲⠦⠤⢤⣄⡀⢸⣿⡇⠀⠀⠀⣿⣿⡇⠠⠤⠤⠴⠒⣺⢋⣼⠏
⠀⠈⠛⢦⣄⡀⠀⠀⠀⠀⠸⣿⣷⣴⡶⠶⠿⠟⣁⣠⠤⠔⢒⣽⡷⠛⠁
⠀⠀⠀⠀⠈⠉⠓⠲⠶⠦⣤⣤⣤⣒⣒⣒⣉⣭⠤⠴⠖⠚⠉⠁
⢸⡖⠤⣄⡀⢀⠀⠀⡀⢀⣠⠤⢲⡇
⠀⠙⢲⣤⣿⣿⣿⣿⣿⣿⣤⡖⠊
⠀⠀⠻⠶⢿⣷⣿⣿⣾⡿⠿⠟
⠀⠀⠀⠀⠀⠀⠹⠏
⢘⣶⠤⣄⡀⠀⠀⠀⠀⠀⠀⠀⠀⠀⠀⠀⠀⢀⣠⠤⣶⡃
⠀⠳⣄⠀⠉⠙⢲⣤⣑⣦⣴⣦⣴⣊⣤⡖⠋⠉⠀⣠⠞
⠀⠀⠀⢉⣹⣷⣶⣿⣿⣿⣿⣿⣿⣿⣿⣶⣾⣏⡉
⠀⠀⠀⢺⣥⣅⣇⣧⣧⣥⣧⣧⣧⣽⣷⣼⣶⣹⡗
⠀⠀⠀⠀⠈⠁⠈⠉⠛⠻⣿⣿⠟⠛⠉⠁⠈⠁
⠀⠀⠀⠀⠀⠀⠀⠀⠀⠀⠘⠃
⢀⣶⡦⣤⣀⠀⠀⠀⠀⠀⠀⠀⠀⠀⠀⠀⠀⠀⠀⠀⠀⠀⠀⣀⣤⢴⣶⡀
⠀⠻⣍⠀⠉⠙⢓⠶⢤⣀⡐⢤⣄⣤⣤⣠⡤⢂⣀⡤⠶⡚⠋⠉⠀⣩⠟
⠀⠀⠈⠑⠲⠦⣤⣬⣭⣶⣿⣿⣿⣿⣿⣿⣿⣿⣶⣭⣥⣤⠴⠖⠊⠁
⠀⠀⠀⠀⣰⡆⠿⢹⢛⡟⡟⠻⢻⠟⡟⢿⠛⣻⣟⢻⣏⡻⢴⣆
⠀⠀⠀⠀⠘⠷⠿⠾⢶⣶⣷⣿⣾⣷⣷⣾⣶⣾⣿⡾⠷⠿⠾⠃
⠀⠀⠀⠀⠀⠀⠀⠀⠀⠀⠈⠉⠛⣟⣻⠛⠉⠁
⠀⠀⠀⠀⠀⠀⠀⠀⠀⠀⠀⠀⠀⠘⠃
⠐⠀⠀⠀⣀⣀⣀⣀⣀⣀⠀⠀⠀⠒
⠀⠒⠒⠺⣿⣿⣿⣿⣿⣿⠗⠒⠂
⠀⠀⠀⠀⠈⢿⣿⣿⡿⠁
⣰⡆⠀⠀⠀⠀⠀⠀⠀⠀⠀⠀⠀⠀⠀⠀⠀⠀⠀⠀⢰⣆
⠀⠀⠀⠀⠀⢀⣶⣶⣶⣶⣶⣶⣶⣶⣶⣶⡀⠀⠀⠀⠀⠐
⠀⠐⠲⠾⠟⢿⣿⣿⣿⣿⣿⣿⣿⣿⣿⣿⡿⠻⠿⠒⠂
⠀⠀⠀⠀⠀⠀⠙⢿⣿⣿⣿⣿⣿⣿⡿⠋
⠀⠀⠀⠀⠀⠀⠀⠘⢿⣿⣿⣿⣿⡿⠃
⢠⣶⠀⠀⠀⠀⠀⠀⠀⠀⠀⠀⠀⠀⠀⠀⠀⠀⠀⠀⠀⠀⠀⠀⠀⠀⣲⣄
⠇⠈⠀⠀⠀⠀⠀⢀⣤⣤⣤⣤⣤⣤⣤⣤⣤⣤⣤⣤⡄⠀⠀⠀⠀⠀⠁⡨
⠀⢀⣀⣀⣤⣤⣤⣾⣿⣿⣿⣿⣿⣿⣿⣿⣿⣿⣿⣿⣷⣤⣤⣤⣄⣀
⠀⠀⠀⠉⠉⠉⠈⠻⣿⣿⣿⣿⣿⣿⣿⣿⣿⣿⣿⣿⠟⠁⠉⠉⠁
⠀⠀⠀⠀⠀⠀⠀⠀⠈⠻⣿⣿⣿⣿⣿⣿⣿⣿⠟⠁
⠀⠀⠀⠀⠀⠀⠀⠀⠀⠈⠿⣿⣿⣿⣿⣿⣿⠿⠃
⠀⠀⣀⣠⣤⣴⣶⠶⠟⠛⣻⠿⠷⠂
⢀⣽⣿⣿⠟⠉⠀⠀⠀⠀⣀⣀
⠛⠿⢿⣷⠶⠶⠶⠟⠛⠋⠉
⠀⠀⠀⠀⠀⠀⠀⣀⣠⣤⣤⣶⣶⣶⣿⣿⢿⣿⣿⣶⣶⣤
⠀⢀⣠⣤⣶⣿⣿⣿⣿⣿⠿⠛⠋⠉⠀⡠⠿⠟⠛⠉⠁
⠀⣉⣽⣿⣿⣿⣿⠟⠉⠀⠀⠀⠀⠀⠀⠀⠀⢀⣀
⣼⣿⣿⣿⣿⣟⣀⣀⣀⣀⣤⣤⣤⣶⣶⣾⡿⠟⠋
⠈⠻⠿⢿⣿⣿⣿⣿⠿⠿⠿⠛⠛⠉⠉
⠀⠀⠀⠀⠀⠀⠀⠀⠀⠀⣀⣀⣤⣤⣤⣶⣶⣶⣾⣿⣿⣿⣿⣷⣶⣶⣤⣄
⠀⠀⠀⢀⣀⣤⣴⣶⣿⣿⣿⣿⣿⣿⡿⠿⠛⠋⠉⢉⣽⣿⡿⠿⠟⠛⠉⠁
⠀⠤⠾⣿⣿⣿⣿⣿⣿⣿⡿⠛⠉⠀⠀⠀⠀⠀⠐⠉⠉
⢀⣴⣾⣿⣿⣿⣿⡿⠟⠁⠀⠀⠀⠀⠀⠀⠀⠀⢀⣀⣀⣤⣤⣴⠆
⢾⣿⣿⣿⣿⣿⣿⣥⣤⣤⣤⣤⣴⣶⣶⣶⣿⣿⣿⡿⠿⠛⠋⠁
⠈⠛⠻⠿⢿⣿⣿⣿⣿⣿⠿⠿⠿⠟⠛⠛⠉⠉
⣿⡿⠟⢋⣽⡆⢀⠀⠉⠉⠙⠛⢿⣿
⠏⡔⠁⢿⣍⣆⠀⠀⠀⠀⠀⠀⠀⠙
⡄⢇⠈⣫⣽⣿⡄⠀⠀⠀⠀⠀⠀⢠
⣿⣶⣥⣈⡙⠃⠀⠀⠀⢀⣀⣤⣶⣿
⣿⣿⣿⣿⠿⠟⢋⣍⡕⠀⠉⠉⠉⠉⠉⠛⠛⠿⣿⣿⣿⣿
⣿⠟⢋⡴⢂⣴⢿⡻⡛⠀⠃⠠⠀⠀⠀⠀⠀⠀⠀⠉⠻⣿
⠏⢸⡇⠀⠘⢿⣷⣭⣿⠀⠀⠀⠀⠀⠀⠀⠀⠀⠀⠀⠀⠘
⡀⢨⡗⠄⠺⢯⡙⢿⣿⣇⡀⠀⠀⠀⠀⠀⠀⠀⠀⠀⠀⢀
⣿⣦⡙⠦⣑⠲⢿⣿⠷⠞⠃⠀⠀⠀⠀⠀⠀⠀⠀⢀⣠⣾
⣿⣿⣿⣷⣦⣍⣐⡈⠉⠉⠀⠀⠀⠀⢀⣀⣠⣤⣶⣿⣿⣿
⣿⣿⣿⣿⣿⣿⠿⠟⢛⣭⣡⠂⠀⠉⠉⠉⠉⠉⠙⠛⠛⠿⢿⣿⣿⣿⣿⣿
⣿⣿⠿⠛⣡⠄⣠⣴⣿⢿⡟⠆⠐⠆⢄⠀⠀⠀⠀⠀⠀⠀⠀⠈⠙⠻⣿⣿
⡿⠁⣤⠊⠇⠰⣿⣿⣌⡒⢷⡄⠀⠈⠀⠀⠀⠀⠀⠀⠀⠀⠀⠀⠀⠀⠈⢻
⠁⠀⢿⣄⠀⡠⣬⠿⣿⣿⣿⣧
⣦⡈⠺⣄⠁⣈⡛⢷⣬⣻⣿⠟⢧⡄⠀⠀⠀⠀⠀⠀⠀⠀⠀⠀⠀⠀⠀⣰
⣿⣷⣦⣈⠓⠤⣙⠻⠿⣿⣛⡛⠉⠁⠀⠀⠀⠀⠀⠀⠀⠀⠀⠀⢀⣠⣾⣿
⣿⣿⣿⣿⣿⣶⣤⣍⣁⣒⠀⠉⠉⠉⠁⠀⠀⠀⣀⣀⣠⣤⣶⣾⣿⣿⣿⣿
⣿⣿⠟⢛⠉⠉⣩⣉⠉⠉⡛⠻⣿⣿
⡟⠁⠜⠓⠠⠌⡙⢋⠡⠄⠚⠳⡈⢻
⣧⡀⢀⠠⠐⢂⡍⢠⡐⠂⠄⡀⢀⣼
⣿⣿⣦⣤⣀⣈⣁⣈⣁⣀⣤⣴⣿⣿
⣿⣿⣿⣿⡿⠿⠛⠛⠉⠉⢉⠉⠉⠉⠛⠛⠿⢿⣿⣿⣿⣿
⣿⣿⠛⢁⣠⡔⠊⠁⡠⢶⣿⣿⡷⠤⠈⠑⢢⣄⡈⠛⣿⣿
⣿⠁⢀⡞⠉⠉⠙⠒⠤⢄⣙⣉⡠⠤⠒⠊⠉⠉⠳⡀⠈⣿
⣿⡀⠈⠀⠀⢀⣀⠤⠖⠊⡉⢀⠐⠲⠤⣄⡀⠀⠀⠁⢀⣿
⣿⣿⣤⡀⠋⠁⠀⠀⢸⡿⠇⠸⢿⡇⠀⠀⠈⠉⢁⣤⣿⣿
⣿⣿⣿⣿⣷⣶⣤⣤⣀⣀⣁⣈⣀⣀⣤⣤⣶⣾⣿⣿⣿⣿
⣿⣿⣿⣿⣿⣿⡿⠿⠛⠛⠛⠉⠉⠉⠉⠉⠉⠛⠛⠛⠿⢿⣿⣿⣿⣿⣿⣿
⣿⣿⣿⠟⠋⠁⣀⠤⠒⠈⠀⣠⣴⣾⣷⣦⣄⡀⠁⠒⠤⣄⡈⠙⠻⣿⣿⣿
⣿⡟⠁⠀⣴⠟⠛⠶⠤⣄⣉⠉⠙⠿⠟⠋⠀⣉⣠⠤⠶⠛⠛⣧⡀⠈⢻⣿
⣿⠀⠀⠸⠁⠀⠀⠀⠀⠀⠈⣉⣳⠶⠖⢚⣉⠁⠀⠀⠀⠀⠀⠈⠧⠀⠀⣿
⣿⣧⡀⠀⢀⣀⡤⠤⠒⠊⢉⣀⣐⡆⢰⣂⣀⡉⠙⠒⠦⢤⣀⡀⠀⢀⣼⣿
⣿⣿⣿⣦⣄⡀⠀⠀⠀⠀⠀⠶⠞⡃⢘⡳⠶⠃⠀⠀⠀⠀⢀⣠⣴⣿⣿⣿
⣿⣿⣿⣿⣿⣿⣷⣶⣤⣤⣤⣀⣀⣀⣀⣀⣀⣤⣤⣤⣶⣾⣿⣿⣿⣿⣿⣿
⠀⢀⣤⣶⣾⣿⣿⣿⣿⣷⣶⣤⡀
⣴⢏⣴⡟⡛⣿⣻⢛⠛⣛⣛⣦⡹⣦
⠻⣎⠻⣥⣮⣧⣧⣧⣬⣤⣮⠟⣱⠟
⠀⠈⠛⠿⢿⣿⣿⣿⣿⡿⠿⠛⠁
⠀⠀⠀⢀⣠⣤⡶⢶⣞⣛⣛⣛⣛⣳⡶⢶⣤⣄⡀
⠀⣠⣾⠟⢭⣒⣿⣭⣽⣿⣿⣿⣿⣯⣭⣿⣒⡭⠻⣷⣄
⣸⣿⢡⣾⣿⡁⢈⡁⣿⡅⣏⣉⢉⠉⣉⢹⢈⣿⣷⡌⣿⣇
⢹⣿⡘⢿⣿⣀⣬⣈⣇⣹⣆⣏⠀⣉⣈⣸⣌⣿⡿⢃⣿⡏
⠀⠙⢿⣦⣚⠭⣿⣛⣻⣿⣿⣿⣿⣟⣛⣿⠭⣓⣴⡿⠋
⠀⠀⠀⠈⠙⠛⠷⠾⢯⣭⣭⣭⣭⡽⠷⠾⠛⠋⠁
⠀⠀⠀⠀⠀⣀⣠⣤⣴⠶⠶⢾⣟⣛⣛⣻⡷⠶⠶⣦⣤⣄⣀
⠀⠀⣠⣴⡿⢛⡭⠵⣖⣛⣛⣿⣿⣯⣽⣿⣿⣛⣛⣲⠮⢭⡛⢿⣶⣄
⢀⣾⡿⢋⣬⣷⡞⢛⠻⡟⢻⣟⢛⡟⠛⢻⠟⡛⢿⢻⡛⢳⣾⣥⡙⢿⣷⡄
⢸⣿⡇⣹⣿⣿⡗⠈⢰⠂⡜⢻⣴⠓⣸⠘⠂⡅⠶⠸⡇⢾⣿⣿⣏⢸⣿⡇
⠈⢿⣷⣌⢛⡿⢧⣼⣿⣤⣿⣤⣿⣤⣿⣬⣤⣧⣤⣤⣯⡤⢿⡛⣡⣾⡿⠃
⠀⠀⠙⠿⣷⣬⣓⡲⠯⣭⣭⣿⣿⣟⣻⣿⣿⣭⣭⠽⢖⣚⣥⣾⠿⠋
⠀⠀⠀⠀⠀⠉⠙⠛⠻⠶⠶⢾⣯⣭⣭⣽⡷⠶⠶⠟⠛⠋⠉
⣿⠿⠛⠉⠁⠀⠀⠀⠀⠈⠉⠛⠿⣿
⠃⠀⠀⢰⠂⠀⠀⠀⠀⠀⠀⠀⠀⠘
⡄⠀⠀⢘⠀⠀⠀⠀⠀⠀⠀⢀⡀⢠
⣿⣶⣥⣈⡀⠀⠀⠀⠀⢀⣀⣥⣶⣿
⣿⣿⣿⠿⠛⠋⠉⠁⠀⠀⠀⠀⠀⠀⠈⠉⠙⠛⠿⣿⣿⣿
⣿⠛⠁⠊⠀⢀⣀⠀⠀⠀⠀⠀⠀⠀⠀⠀⠀⠀⠑⠈⠛⣿
⠁⡎⠀⠀⠀⢻⢹⠃⠀⠀⡀⠀⠀⠀⠀⠀⠀⠀⠀⠀⢱⠈
⡀⢇⠈⠀⠀⢺⢸⠆⠀⠀⠀⠈⠀⠂⠠⠀⣀⠀⠀⠀⡸⢀
⣿⣤⡑⠤⠢⣾⢼⠦⠦⠦⠴⠴⠤⠦⠶⠶⠴⢶⡷⢋⣤⣿
⣿⣿⣿⣶⣤⣍⣘⡃⠀⠀⠀⠀⠀⠀⢀⣀⣠⣤⣶⣿⣿⣿
⣿⣿⣿⣿⡿⠿⠛⡋⠉⠉⠀⠀⠀⠀⠀⠀⠀⠀⠉⠉⢙⠛⠿⢿⣿⣿⣿⣿
⣿⡿⠛⡡⠐⠈⠀⠀⠀⠀⠀⠀⠀⠀⠀⠀⠀⠀⠀⠀⠀⠀⠁⠂⢌⠛⢿⣿
⠟⢠⠊⠀⠀⠀⠤⣿⢻⠄⠀⠀⠀⠀⠀⠀⠀⠀⠀⠀⠀⠀⠀⠀⠀⠑⡄⠻
⠀⣏⠀⠠⠂⠀⢀⣟⣸⡀⠀⠁⠀⠂⠠⡀⢀⠀⠀⠀⠀⠀⠀⠀⠀⠀⣹
⣦⠘⢤⠀⠀⠀⠈⡗⢸⠁⠀⠀⠀⠀⠀⠀⠀⠡⠁⠂⠒⠄⠤⡀⣀⡠⠃⣴
⣿⣷⣤⡙⠲⢓⢺⡟⢺⡓⠛⠚⠓⠛⠚⠓⠛⠛⠛⠛⠛⠛⡫⠝⢋⣤⣾⣿
⣿⣿⣿⣿⣷⣶⣤⣍⣘⣃⠀⠀⠀⠀⠀⠀⠀⠀⣀⣀⣨⣤⣶⣾⣿⣿⣿⣿
⠀⠀⠀⠀⢠⣷⣤⣤⣀⡀
⠀⠀⠀⠀⢸⣿⠀⢤⣿⡋
⠤⢤⣀⣀⣸⣿⣀⣀⣿⣇⣀⣀⣤⠤
⠀⠀⠀⠀⠘⠿⠀⠀⢿⡇
⠀⠀⠀⠀⠀⠀⠀⢠⣷
⠀⠀⠀⠀⠀⠀⠈⣿⣿⡟⠛⠛⠻⣿⣶⡄
⠀⠀⠀⠀⠀⠀⠀⢿⣿⡇⠠⢤⣴⣟⡉
⠀⢀⣀⣀⡀⠀⠀⢸⣿⡇⠀⠀⢸⣿⣿⠀⠀⠀⣀⣀⡀
⠙⠛⠳⠶⠤⠤⠤⣼⣿⣧⣤⣤⣼⣿⣿⠤⠤⠤⠶⠞⠛⠋
⠀⠀⠀⠀⠀⠀⠀⠘⡿⠇⠀⠀⢸⣿⡇
⠀⠀⠀⠀⠀⠀⠀⠀⠀⠀⠀⠀⠈⠘⠁
⠀⠀⠀⠀⠀⠀⠀⠀⠀⠀⣾⡄
⠀⠀⠀⠀⠀⠀⠠⠤⠤⢾⣿⣷⠶⠶⠶⣶⣶⣦⣤⡀
⠀⠀⠀⠀⠀⠀⠀⠀⠀⣿⣿⣿⠀⠀⠀⠀⣸⣿⡿⠃
⠀⠀⠀⠀⠀⠀⠀⠀⠀⢿⣿⣿⠒⠒⠒⠿⣿⣶⣤
⠀⢀⣀⣀⣀⠀⠀⠀⠀⢸⣿⣿⠀⠀⠀⠀⣿⣿⣿⠀⠀⠀⠀⣀⣀⣀⡀
⠘⠻⠿⠶⢤⣤⣤⣄⣀⣼⣿⣿⣀⣀⣀⣀⣿⣿⣿⣀⣠⣤⣤⡤⠴⠿⠟⠛
⠀⠀⠀⠀⠀⠀⠀⠀⠀⢸⢻⣿⠀⠀⠀⠀⣿⣿⡏
⠀⠀⠀⠀⠀⠀⠀⠀⠀⠈⠸⠸⠀⠀⠀⠀⡏⡟⡇
⠀⠀⠀⠀⠀⠀⠀⠀⠀⠀⠀⠀⠀⠀⠀⠀⠁⠇⠇
⠀⠀⢠⣿⣿⣿⡿⠛⡛⠛⢗⠶⣤⡀
⠀⢀⣾⣿⣿⡇⠀⠀⠀⠈⢈⡇⢸⡷
⠀⣼⣿⣿⣿⣿⣶⣤⣤⣤⡮⠴⠛⠁
⢰⣿⣿⣿⣿⠇
⠀⠀⠀⠀⣸⣿⣿⣿⣿⣿⣿⠿⠛⠛⠻⢿⡲⠶⣦⣄⡀
⠀⠀⠀⣰⣿⣿⣿⣿⣟⣀⣀⣈⣉⣉⣑⣒⠌⣷⣚⣙⣿⡆
⠀⠀⢰⣿⣿⣿⣿⣿⣷⣄⡀⠀⠠⠤⠤⠒⡢⠟⣲⣴⡿⠃
⠀⢠⣿⣿⣿⣿⣿⣿⣿⠿⠿⠷⠶⠶⠾⠿⠖⠛⠋⠁
⢠⣿⣿⣿⣿⣿⣿⣿⠏
⠀⠀⠀⠀⠀⢠⣿⣿⣿⣿⣿⣿⣿⣿⣿⡿⠿⠿⢿⣷⠶⣶⣦⣤⣀
⠀⠀⠀⠀⢀⣿⣿⣿⣿⣿⣟⡛⠛⠓⠒⠲⠤⠤⢄⣈⠙⢦⡈⢙⣿⣷⣦
⠀⠀⠀⠀⣾⣿⣿⣿⣿⣿⠿⠤⠤⠤⠤⠤⠤⠤⠤⠤⠭⠭⣿⠥⠤⣿⣿⡇
⠀⠀⠀⣼⣿⣿⣿⣿⣿⣿⣿⣦⣀⣀⣀⣀⣠⠤⠴⠒⢋⡹⠋⢓⣤⣿⡿⠁
⠀⠀⣰⣿⣿⣿⣿⣿⣿⣿⣿⣿⣿⣷⣶⣤⣤⣤⣴⣶⣭⣴⡶⠿⠛⠉
⠀⢠⣿⣿⣿⣿⣿⣿⣿⣿⣿⠏⠉⠉⠉⠉⠉⠉⠉⠉
⠀⣿⣿⣿⣿⣿⣿⣿⣿⣿⠏
⠀⣀⣤⠶⠞⢛⣻⣘⡛⠳⠶⣤⣀
⣼⡟⠁⢀⣶⣿⣿⣿⣿⣶⡀⠈⠛⠃
⢻⣯⡉⠙⢿⡟⣿⢻⢿⡿⠋⢉⣭⡄
⠀⠉⠛⠶⢦⣭⣽⢨⣭⡴⠶⠛⠉
⠀⠀⠀⢀⣠⣤⣶⠶⠿⠿⣿⠘⠿⠿⠶⣶⣦⣄⡀
⠀⣠⣾⡿⠋⠁⠀⠠⠤⠭⠽⠬⠭⠤⠄⠀⠈⠙⢿⣷⣄
⡼⠿⠏⠀⠀⢀⣾⣿⣭⣿⣿⣿⣿⣭⣿⣷
⢻⣿⣏⠉⠉⠻⣯⣝⠿⣿⣿⢸⣿⠿⣫⣽⠟⠉⠉⠉⠉⠁
⠀⠙⢿⣷⣄⡀⠀⠻⢥⣬⣿⠘⣥⡬⠟⠀⢀⣠⣾⡿⠋
⠀⠀⠀⠈⠙⠻⠿⠶⣶⣶⣿⢠⣶⣶⠶⠿⠟⠋⠁
⠀⠀⠀⠀⠀⣀⣤⣤⣶⣶⡾⠿⠿⣿⠈⠿⠿⢷⣶⣶⣤⣤⣀
⠀⢀⣤⣶⣿⠿⠛⠉⠁⠀⣀⣐⣒⣻⣐⣒⣂⣀⠀⠈⠉⠛⠿⣿⣷⣤⡀
⣠⣿⣿⠟⠁⠀⠀⢀⡴⠾⢶⣶⣒⣒⣒⣒⣶⡶⠷⢦⡀⠀⠀⠚⠛⠛⠛
⣭⣭⣭⠤⠤⠤⣤⣼⡻⣿⣿⣿⣿⣿⢻⣿⣿⣿⣿⢟⣧⣤⠤⠤⠤⠤⠤⠤
⠙⣿⣿⣦⡀⠀⠈⠙⠿⠶⣍⠻⢿⣿⠘⡿⠟⣩⠶⠿⠋⠁⠀⢤⣤⣤⣤
⠀⠈⠛⠿⣿⣶⣤⣀⡀⠉⠥⠴⢾⣿⠀⠷⠦⠬⠉⢀⣀⣤⣶⣿⡿⠛⠁
⠀⠀⠀⠀⠀⠉⠛⠛⠿⠿⢷⣶⣶⣿⢀⣶⣶⣾⠿⠿⠟⠛⠉
⠀⠀⣠⣶⣾⣿⣿⣿⣿⣶⣄⣄⡄⠄
⠐⠛⠙⠻⢿⣟⣛⣿⡿⠿⠛⠂⠉
⠀⠀⠀⠀⠀⣠⡴⢶⠛⣟⣻⢿⡓⣒⢦⡄
⠀⠀⢀⣴⡿⣫⣵⡏⣹⣿⡽⢾⣿⡿⣿⣿⣧⣬⢠⡅⠭
⠀⣤⡿⠋⣾⠿⢿⡾⠏⠻⠶⢿⠽⠳⠿⠋⠿⣖⡀⠛
⠀⠀⠀⠀⠀⠑⠢⠽⣦⣀⣀⣈⣧⠤⠐⠉
⠀⠀⠀⠀⠀⠀⠀⣠⣴⣶⠞⢿⠻⢿⣛⡓⠲⠦⢤⡀
⠀⠀⠀⠀⢀⣶⡾⠋⣁⡾⠐⣾⡳⢗⡰⣻⣖⣳⣲⢿⣖⢂⡒⠀⣒⠀⠒
⠀⠀⢀⣴⡿⣫⠴⢫⣿⣣⣾⢿⣿⢉⣴⠟⣷⣈⣵⡿⢿⣞⢋⠘⢷⣄⠁
⠀⠰⠿⠋⠈⠿⣋⠉⠹⡍⠉⠈⠉⠉⠹⡍⠉⠉⠉⢀⡘⠻⠯⠄⠉
⠀⠀⠀⠀⠀⠀⠈⠑⠢⠬⢦⣄⣀⣀⣀⣹⠤⠄⠒⠁
⣿⠉⠀⠀⠉⠉⠉⠉⠉⠉⠀⠀⠉⣿
⠋⠀⠀⠀⠀⠀⠀⠀⠀⠀⠀⠀⠀⠙
⣦⣄⠀⠀⠀⠀⠀⠀⠀⠀⠀⠀⣠⣴
⣿⣿⣷⣶⣤⣄⡀⢀⣠⣴⣶⣾⣿⣿
⣿⡟⠉⠀⠀⠀⠉⠉⠉⠉⠛⠛⠉⠉⠉⠉⠀⠀⠀⠉⢻⣿
⡿⠃⠀⠀⠀⠀⠀⠀⠀⠀⠀⠀⠀⠀⠀⠀⠀⠀⠀⠀⠈⢿
⡄⠀⠀⠀⠀⠀⠀⠀⠀⠀⠀⠀⠀⠀⠀⠀⠀⠀⠀⠀⠀⢠
⣿⣷⣦⣀⠀⠀⠀⠀⠀⠀⠀⠀⠀⠀⠀⠀⠀⠀⣀⣴⣾⣿
⣿⣿⣿⣿⣿⣿⣷⣶⣤⣄⡀⢀⣠⣤⣶⣶⣿⣿⣿⣿⣿⣿
⣿⣿⠟⠉⠁⠀⠀⠈⠙⠛⠛⠛⠛⠛⠛⠛⠛⠛⠛⠋⠁⠀⠀⠈⠉⠛⣿⣿
⣿⡷⠀⠀⠀⠀⠀⠀⠀⠀⠀⠀⠀⠀⠀⠀⠀⠀⠀⠀⠀⠀⠀⠀⠀⠀⢾⣿
⡟⠀⠀⠀⠀⠀⠀⠀⠀⠀⠀⠀⠀⠀⠀⠀⠀⠀⠀⠀⠀⠀⠀⠀⠀⠀⠀⢻
⡄⠀⠀⠀⠀⠀⠀⠀⠀⠀⠀⠀⠀⠀⠀⠀⠀⠀⠀⠀⠀⠀⠀⠀⠀⠀⠀⢠
⣿⣶⣄⠀⠀⠀⠀⠀⠀⠀⠀⠀⠀⠀⠀⠀⠀⠀⠀⠀⠀⠀⠀⠀⠀⣠⣶⣿
⣿⣿⣿⣿⣶⣤⣀⣀⡀⠀⠀⠀⠀⠀⠀⠀⠀⠀⠀⢀⣀⣀⣤⣶⣿⣿⣿⣿
⣿⣿⣿⣿⣿⣿⣿⣿⣿⣿⣶⣦⣤⣀⢀⣤⣴⣶⣿⣿⣿⣿⣿⣿⣿⣿⣿⣿
⠀⠀⠀⠀⠀⠀⠀⠀⢠⠧⡠
⠀⠀⠀⠀⣀⣰⣾⣶⣶⣶⠂
⠀⣴⣾⣿⣿⣿⣿⣿⣿⠁
⠀⠙⠿⣿⣿⣿⡿⠿⠃
⠀⠀⠀⠀⠀⠀⠀⠀⠀⠀⠀⠀⠀⠀⢿⣠⠀⡀
⠀⠀⠀⠀⠀⠀⠀⠀⠀⣀⣀⣉⣀⣙⣉⣚⡃
⠃⠀⠂⠀⠀⢀⣀⣀⣼⣿⣿⣿⣿⣿⣿⡟⠀⠀⠀⠐⠀⠘
⠀⠀⣠⣶⣿⣿⣿⣿⣿⣿⣿⣿⣿⣿⠋⠉
⠀⠸⣿⣿⣿⣿⣿⣿⣿⣿⣿⣿⣿⡟
⠀⠀⠉⠻⠿⣿⣿⣿⣿⣿⠿⠟⠋
⠀⠀⠀⠀⠀⠀⠀⠀⠀⠀⠀⠀⠀⠀⠀⠀⠀⢰⣽⢁⠀⢀
⠀⠀⠀⠀⠀⠀⢀⣀⣀⠀⠀⠀⠀⠠⠴⠭⠭⠵⢾⣩⣗⡟⠃
⡠⠔⠂⡈⠡⠤⠀⠀⠒⠒⠒⣲⣶⣶⣶⣶⣶⣶⣶⣶⡤⠀⠤⠍⣁⠐⠢⢄
⠑⠢⠌⢑⡂⠀⠤⢀⣀⣠⣴⣿⣿⣿⣿⣿⣿⣿⣿⡟⠁⠤⠀⢐⣚⠡⠔⠊
⠀⠀⠀⣠⣴⣿⣿⣿⣿⣿⣿⣿⣿⣿⣿⣿⣿⡿⠋⠉⠉⠁
⠀⠀⣾⣿⣿⣿⣿⣿⣿⣿⣿⣿⣿⣿⣿⣿⣿⡇
⠀⠀⠻⣿⣿⣿⣿⣿⣿⣿⣿⣿⣿⣿⣿⣿⡿⠁
⠀⠀⠀⠈⠛⠿⠿⣿⣿⣿⣿⣿⡿⠿⠛⠉
⢀⣄⡴⠀⠀⠀⠀⠀⠀⠀⠀⢦⣠⡀
⠹⣽⣄⠀⡤⠀⠀⠀⠀⢤⠀⣠⣯⠏
⠀⠀⠹⠿⣷⣾⣤⣤⣷⣾⠿⠯
⠀⠀⠀⠀⢨⣿⣥⣬⣿⣅
⠀⠀⠀⠀⠙⠻⠎⠱⠟⠋
⠀⢀⡤⣀⡤⠂⠀⠀⠀⠀⠀⠀⠀⠀⠀⠀⠐⢦⣀⢤⡀
⢰⡿⣺⡇⠀⠀⠀⠀⠀⠀⠀⠀⠀⠀⠀⠀⠀⠀⢸⣗⢿⡆
⠈⠛⢾⣷⣄⠀⣶⠓⠀⣠⠀⠀⣄⠀⠘⣷⠀⣠⣾⡷⠛⠁
⠀⠀⠀⠸⣟⣿⣿⣷⣾⣥⣤⣤⣬⣷⣾⣿⣿⣻⠇
⠀⠀⠀⠀⠀⠀⠀⢹⣿⡟⣋⣉⢻⣿⡟
⠀⠀⠀⠀⠀⠀⢠⣿⣿⡟⠿⠿⢻⣿⣿⣆
⠀⠀⠀⠀⠀⠀⠀⠉⠙⠻⠄⠀⠟⠋⠉
⠀⠀⢀⡠⢀⣠⠔⠂⠀⠀⠀⠀⠀⠀⠀⠀⠀⠀⠀⠀⠐⠢⣄⡀⢄⡀
⢀⣾⣯⣶⠟⠉⠁⠀⠀⠀⠀⠀⠀⠀⠀⠀⠀⠀⠀⠀⠀⠈⠉⠻⣶⣽⣷⡀
⠘⣿⣄⣿⡄⠀⠀⠀⢀⡤⡀⠀⠀⠀⠀⠀⠀⢀⢤⣀⠀⠀⠀⢠⣿⣠⣿⠃
⠀⠈⠙⠿⣿⣦⣀⢰⣿⡉⠀⢀⡄⠀⠀⠰⡀⠀⢉⣿⡆⣀⣴⣿⠿⠋⠁
⠀⠀⠀⠀⠰⣞⠿⣿⣿⣿⣾⣯⣤⣤⣤⣤⣽⣷⣿⣿⣿⠿⣳⠆
⠀⠀⠀⠀⠀⠈⠉⠉⠉⠻⣿⣶⡿⠋⠙⢿⣶⣿⠿⠉⠉⠉⠁
⠀⠀⠀⠀⠀⠀⠀⠀⢀⣼⣿⣿⣤⣶⣶⣦⣿⣿⣷⡀
⠀⠀⠀⠀⠀⠀⠀⠀⠾⣿⣿⣿⡌⠙⠛⢁⣾⣿⣿⠷
⠀⠀⠀⠀⠀⠀⠀⠀⠀⠀⠈⠙⠛⠀⠀⠞⠋⠉
⠀⡀⢄⣤⣶⣲⡿⣿⣲⣶⣦⡠⢀
⡜⡜⢋⣟⣻⣟⠛⠉⠀⣞⡍⠙⢧⢣
⢣⢳⣿⣿⣿⣁⠀⠀⠸⣡⣽⣷⡜⡜
⠀⠁⠊⠛⠿⠿⠿⠦⠾⠿⠛⠑⠈
⠀⠀⠀⢀⠠⢀⣂⠤⠭⣭⣥⡭⠭⠭⣤⣐⡀⠄⡀
⠀⡠⢊⣴⣊⣉⣻⡿⠿⢯⣍⣹⠖⠊⢙⣳⠬⢕⣦⡑⢄
⡜⢰⠏⠀⣰⣋⣬⣿⣋⡋⠈⠀⠀⠀⣛⣩⠆⠀⠈⠹⡆⢣
⢣⠸⣖⣾⣯⣽⣿⡿⠋⠀⠀⠀⠀⢺⡃⢈⢳⣶⡄⣰⠇⡜
⠀⠑⢌⠻⢿⣿⣿⣿⣿⣄⣠⡀⠀⣨⣧⣿⣿⡿⠟⡡⠊
⠀⠀⠀⠈⠐⠊⠭⠛⣛⣛⣛⣛⣚⣛⠛⠭⠑⠂⠁
⠀⠀⠀⠀⠀⣀⠤⢔⣒⣂⡭⣭⠭⠭⣭⣭⣭⣭⣐⣒⡢⠤⣀
⠀⢀⡤⢒⣩⠖⠚⠛⣷⣶⣶⣾⣛⠛⠓⣶⠤⠒⠻⠻⣍⣓⡲⣍⡒⢤⡀
⢠⠏⣰⠟⠋⠉⣩⠟⢛⣧⡴⢒⠟⠛⠋⠀⠀⢀⡴⠿⣥⠈⠉⠙⠻⣆⠹⡄
⣿⠀⣿⢀⣠⣾⠵⣾⣿⣿⡶⠒⠀⠀⠀⠀⢀⣤⠖⠻⢭⡀⣀⠀⠀⣿⠀⣿
⠘⣆⠹⣦⣿⣿⣿⣿⣿⣿⣡⠀⠀⠀⠀⠀⠀⢸⡀⣠⣄⣿⣿⣷⣰⠏⣰⠃
⠀⠈⠓⠬⣙⠿⢿⣿⣿⣿⣿⣷⣦⣴⣄⠀⣠⣼⣷⣿⣿⡿⠿⣋⠥⠚⠁
⠀⠀⠀⠀⠀⠉⠒⠢⠭⠍⣛⣛⣛⣛⣛⣛⣛⣛⠩⠭⠔⠒⠉
⢠⣤⣶⣶⣿⣿⣧⣼⣿⣿⣶⣶⣤⡤
⠀⠈⠙⠛⠿⠿⣿⣿⠿⠿⠛⠋⠁
⠠⣤⣤⣶⣶⣶⣾⣿⣯⣿⣦⣴⣿⣽⣿⣷⣶⣶⣶⣤⣤⠄
⠀⠀⠈⠉⠛⠛⠻⠿⠿⢿⣾⣷⡿⠿⠿⠟⠛⠛⠉⠁
⢀⣀⣠⣤⣤⣶⣶⣶⣶⣿⣿⣹⣷⣒⣒⣾⣏⣿⣿⣶⣶⣶⣶⣤⣤⣄⣀⡀
⠈⠙⠻⠿⣿⣿⣿⣿⣿⣿⣿⣾⣟⣿⣿⢻⣷⣿⣿⣿⣿⣿⣿⣿⠿⠟⠋⠁
⠀⠀⠀⠀⠀⠈⠉⠙⠛⠛⠛⠻⢿⣿⣿⡿⠟⠛⠛⠛⠋⠉⠁
⢠⣠⣴⣶⣾⣿⣷⣿⣿⣷⣶⣦⣄⡄
⠐⠿⠿⢿⣿⣿⣿⣿⣿⣿⡿⢿⠿⠂
⠀⠀⠀⠀⠙⠿⢿⡿⠿⠋
⠀⠀⠀⣠⣤⣴⣤⣾⣿⣿⣧⣿⣿⣿⣷⣤⣤⣤⣄
⠘⢻⣿⣿⣿⣿⣿⣿⣿⣿⣿⣿⣿⣿⣿⣿⣿⣿⣿⣿⡟⠃
⠐⠿⣿⣿⣿⣿⣿⣿⣿⣿⣿⣿⣿⣿⣿⣿⣿⣿⣿⣿⠿⠂
⠀⠀⠀⠁⠀⠈⢻⣿⣿⣿⣿⣿⣿⣿⣿⡟⠁⠀⠈
⠀⠀⠀⠀⠀⠀⠀⠈⠛⠛⢿⡿⠛⠛⠉
⠀⠀⠀⠀⢀⣠⣤⣤⣤⣾⣾⣿⣿⣥⣿⣿⣿⣷⣶⣤⣤⣤⣀⡀
⠐⢶⣶⣶⣿⣿⣿⣿⣿⣿⣿⣿⣿⣿⣿⣿⣿⣿⣿⣿⣿⣿⣿⣿⣶⣶⡶⠂
⠀⣰⣿⣿⣿⣿⣿⣿⣿⣿⣿⣿⣿⣿⣿⣿⣿⣿⣿⣿⣿⣿⣿⣿⣿⣿⣄
⠀⠈⠛⠿⠿⠟⠛⢿⣿⣿⣿⣿⣿⣿⣿⣿⣿⣿⣿⣿⡿⠛⠻⠿⠿⠛⠁
⠀⠀⠀⠀⠀⠀⠀⠀⠻⣿⣿⣿⣿⣿⣿⣿⣿⣿⣿⠟
⠀⠀⠀⠀⠀⠀⠀⠀⠀⠀⠉⠛⠻⢿⡿⠛⠛⠉
⠀⠀⠰⡀⢾⢟⢟⣻⣻⣿⣶⠶
⠀⠀⠼⠵⠛⠻⠿⠿⠟⠋⠁
⠀⠀⠀⠠⣖⠒⣬⣭⡭⢿⡿⢿⣿⢿⣿⣷⡶⣲⠄
⠀⠀⠠⠤⣸⠖⠡⣞⣤⣮⣴⣶⣷⣾⣿⣫⠗⠉⠉
⠀⠀⠀⠼⠓⠛⠋⠉⠒⠪⠽⠿⠟⠛⠉
⠀⠀⠀⠀⠀⡤⠔⢒⣒⣉⣭⣭⣭⣭⣭⡭⣭⢭⢿⣖⣖⡦⢤⣀⣀
⠀⠀⠀⠀⠀⣙⣦⡴⠋⣩⠏⣠⠞⢀⣈⣾⣃⣮⣿⣿⢟⡵⠯⠒⠒⠂
⠀⠀⠀⠉⢉⣵⣋⣀⣨⣥⡒⠻⢾⣿⣿⣿⡿⢟⡫⠕⠋
⠀⠀⠀⠠⠜⠛⠉⠉⠀⠀⠈⠙⠒⠬⠽⠓⠋⠁
⠀⠀⣤⢴⡤⢠⡤⣺⣴⣶⣲⣤⣄⡀
⢠⡴⣯⣻⣒⣩⣾⣿⣿⣿⣿⡏⣷⢱
⠈⠈⠁⠁⠽⠓⠭⣿⣿⣿⣟⡷⠷⠋
⠀⠀⠀⣀⣀⣠⣆⣀⣠⣀⡠⠾⣧⣤⣤⡠⠤⣤⣄⣀
⠀⠀⠀⡼⠓⣲⣏⡥⠚⣫⣴⣾⣿⣿⣭⣽⣛⣮⠻⣎⡑⣄
⢀⡶⠭⡝⢒⠾⢷⣲⡄⢿⣿⣿⣿⣿⣿⡿⢿⣿⢂⡿⠇⡼
⠀⠀⠀⠀⠀⠀⠴⠞⠒⠒⠮⠽⣿⣷⣶⣛⣛⣵⠯⠕⠋
⠀⠀⠀⠀⠀⠀⢀⣤⠀⠀⢀⣀⣀⣀⠴⣧⡠⠤⠤⠤⠤⣤⣀⣀
⠀⠀⠀⠀⣹⡯⠭⣼⠛⠉⣡⡾⢛⣠⣴⣾⣟⣛⣛⠿⢶⣮⡓⢾⣭⠲⢤⡀
⠀⣀⣀⠼⣇⣀⡙⣺⠍⣉⠀⢰⣿⣿⣿⣿⣿⣿⣿⣿⣷⣶⣶⠄⠶⠾⠆⣷
⠠⠞⠓⠒⠏⠠⠚⠋⠻⢭⡗⠈⠻⢿⣿⣿⣿⡿⠿⢟⣛⣭⡭⣡⣭⠛⣡⠏
⠀⠀⠀⠀⠀⠀⠀⠠⠖⠛⠋⠉⠓⠲⠬⢷⣒⣛⣛⣛⣋⣑⡾⠭⠖⠋⠁
⣤⣀⣀⣀⣠⣀⣀⢄⣠⣤⠤⣤⣤⡀
⠛⠛⢛⣩⡽⠟⢱⣿⣿⡧⠴⣮⣭⣅
⢠⡾⠿⢿⠁⠀⠈⠻⢿⣇⣀⣿⡿⠟
⠀⢀⡀⠐⠀⠀⠃⠀⠒⠀⣀
⠀⣂⠀⠀⠀⠀⠀⠀⠀⠀⠐⠂
⣤⣉⠰⠀⢀⡀⠀⡀⠀⠤⢈⣠⠀⢀⣀⣠⣤⣤⣤⣄⣀
⣿⣿⣿⣿⣷⣶⣶⡶⢿⣻⠟⣵⣾⣿⣿⠋⠀⠸⢿⣿⣿⠇
⠉⠉⠉⠉⢉⣥⣴⡾⠛⠁⢸⣿⣿⣿⣿⡴⠶⣶⣶⣶⣦⡀
⠀⢀⣤⣾⣿⣿⡟⠁⠀⠀⠸⣿⣿⣿⣿⠀⠀⢸⣿⣿⣿⣿
⢠⠿⠿⠿⠿⠿⠇⠀⠀⠀⠀⠙⠻⠿⣿⣤⣤⣾⣿⠿⠟⠁
⠀⠀⢀⠀⠰⠆⠀⠘⠂⠀⠰⠆
⠀⣤⠉⠁⠀⠀⠀⠀⠀⠀⠀⠀⠈⢉⡀
⠀⠰⠄⠀⠀⠀⠀⠀⠀⠀⠀⠀⠀⠤
⣶⣤⣄⣛⠀⠠⠤⠀⠠⠤⠀⠘⣃⣠⣴⠂⢀⣠⣤⣴⣶⢶⣶⣶⣦⣤⣀
⣿⣿⣿⣿⣿⣿⣿⣿⣿⣿⡿⢟⣫⠟⣡⣾⣿⣿⣿⠏⠀⠀⠹⣿⣿⣿⣿⠇
⠛⠛⠛⠛⠛⠛⠉⣉⣭⣴⡾⠛⠁⣼⣿⣿⣿⣿⣿⣠⣤⣶⣶⣶⣤⣤⡀
⠀⠀⠀⢀⣠⣶⣿⣿⣿⠋⠀⠀⠀⣿⣿⣿⣿⣿⣿⠋⠀⠈⢿⣿⣿⣿⣿⣦
⠀⢀⣴⣿⣿⣿⣿⣿⡇⠀⠀⠀⠀⠘⣿⣿⣿⣿⣿⠀⠀⠀⣼⣿⣿⣿⣿⡟
⢠⡿⠿⠿⠿⠿⠿⠿⠄⠀⠀⠀⠀⠀⠈⠙⠻⠿⣿⣷⣤⣶⣿⣿⠿⠟⠋
⠀⠀⠀⠀⠀⢀⣰⣶⣶⣶⣦⣤⡀
⠀⠀⠀⠀⠐⣼⣿⣿⣿⣿⣿⡿⠯
⠀⠀⠀⠀⠀⠀⠉⠈⠉⠉⠛
⠀⠀⠀⠀⠀⠀⠀⠀⠀⠀⣰⣶⣤⣤⣤⣴⣦⣀⣀⡄
⠀⠀⠀⠀⠀⠀⠀⠀⣲⣶⣿⣿⣿⣿⣿⣿⣿⣿⣿⣤⣤
⠀⠀⠀⠀⠀⠄⣒⠾⣿⣿⣿⣿⣿⣿⣿⣿⣿⣿⣿⣿⡄
⠀⠀⠀⠀⠀⠅⣒⠩⠝⣛⠿⠟⠿⠿⢿⣿⣿⡿⠁
⠀⠀⠀⠀⠀⠁⠀⠀⠁⠀⠀⠀⠀⠀⠀⠈⠙
⠀⠀⠀⠀⠀⠀⠀⠀⠀⠀⠀⠀⠀⣴⣶⣤⣄⣀⣠⣴⣶⣄⠀⢀⣀
⠀⠀⠀⠀⠀⠀⠀⠀⠀⠀⢤⣴⣶⣿⣿⣿⣿⣿⣿⣿⣿⣿⣿⣿⣇⣀
⠀⠀⠀⠀⠀⠀⠀⢀⣀⠤⣿⣿⣿⣿⣿⣿⣿⣿⣿⣿⣿⣿⣿⣿⣿⡟⠉
⠀⠀⠀⠀⠀⢀⠨⠥⢒⣫⡽⢿⣿⣿⣿⣿⣿⣿⣿⣿⣿⣿⣿⡿⠛⠛
⠀⠀⠀⠀⠠⠐⢒⡉⠥⠒⣚⡩⠽⠛⠋⠙⠛⠙⠻⢿⣿⣿⠏
⠀⠀⠀⠀⠀⠉⠀⠀⠀⠉⠀⠀⠀⠀⠀⠀⠀⠀⠀⠀⠈⠁
⣿⣿⠿⠛⠉⠀⠀⠀⠀⠀⠀⠠⣴⣾
⡟⠁⠀⠀⠀⠀⠀⠀⡤⡒⡕⠄⢎⢻
⣧⡀⠀⠀⠀⠀⠀⠀⠑⠁⠣⠂⢎⣼
⡿⠟⠂⠀⠀⠀⠀⠀⠀⣀⣤⣶⣿⣿
⣿⣿⣿⣿⣿⡿⠟⠋⠁⠀⠀⠀⠀⠀⠀⠀⠀⠀⢀⣠⣴⣾
⣿⣿⠟⠋⠁⠀⠀⠀⠀⠀⠀⠀⠀⠀⢀⡠⣔⠢⣝⠻⣿⣿
⣿⠁⠀⠀⠀⠀⠀⠀⠀⠀⠀⠀⢴⡚⢭⠑⣌⢳⡌⢳⠈⣿
⣿⡀⠀⠀⠀⠀⠀⠀⠀⠀⣀⠤⢚⡡⢞⡠⢏⡸⢃⡼⢀⣿
⣿⣿⣦⣄⠀⠀⣀⠤⣒⡩⢔⡪⠕⣊⠥⢒⡩⠔⣫⣴⣿⣿
⡿⠟⠋⠥⠒⠭⠖⠫⠕⠊⠥⠒⠩⢔⣪⣥⣶⣿⣿⣿⣿⣿
⣿⣿⣿⣿⣿⣿⣿⣿⠿⠛⠉⠀⠀⠀⠀⠀⠀⠀⠀⠀⠀⠀⠀⠀⢀⣠⣴⣾
⣿⣿⣿⣿⠿⠛⠉⠀⠀⠀⠀⠀⠀⠀⠀⠀⠀⠀⠀⠀⠀⣀⡐⠶⣿⣿⣿⣿
⣿⣿⠟⠁⠀⠀⠀⠀⠀⠀⠀⠀⠀⠀⠀⠀⠀⣀⣤⣖⠻⢤⡙⠲⣌⠻⣿⣿
⣿⠃⠀⠀⠀⠀⠀⠀⠀⠀⠀⠀⠀⠀⠀⠲⣏⠙⢦⡈⢳⡄⢻⡆⢹⡆⠘⣿
⣿⡄⠀⠀⠀⠀⠀⠀⠀⠀⠀⠀⠀⢀⣠⠴⠛⣠⠞⢁⡼⠃⣼⠇⣸⠇⢠⣿
⣿⣿⣦⡀⠀⠀⠀⠀⠀⠀⣀⠤⠒⣉⡤⠒⣉⡤⠖⣉⡤⠞⣡⠴⢋⣴⣿⣿
⣿⣿⣿⣿⡶⠄⣀⡤⠖⣋⡥⠖⣋⡥⠖⣋⡥⠖⣋⡥⠖⣋⣥⣶⣿⣿⣿⣿
⡿⠟⠋⠥⠖⠋⠥⠖⠋⠡⠖⠋⠡⠖⠋⠡⠖⣋⣥⣶⣿⣿⣿⣿⣿⣿⣿⣿
⣶⣤⣶⣟⣢⣴⣾⣷⣦⣶⣿⣂⣴⣾
⣿⣛⡝⢻⡓⣿⢿⡟⣿⠽⡟⣻⣿⣿
⢻⣬⠧⠘⠥⠫⠬⠧⣽⣾⣯⣤⣬⡟
⠀⠀⠚⠿⢮⣙⠻⠷⣶⠦⠭⠉⠉
⣶⣤⣠⣴⣾⣿⠶⢀⣠⣴⣾⣷⣦⣄⣤⣶⣿⡶⠄⣀⣤⣶
⣿⠻⣿⢿⢿⢶⣾⠿⣿⠿⣿⢿⢿⢿⢻⣿⣷⢶⢻⡿⡿⣿
⣭⣍⣩⣭⠍⣭⣭⢩⣭⠭⢭⣭⢩⣭⠭⠭⠭⢩⣭⣭⡭⡭
⢛⣋⣙⣛⣂⠛⢛⣘⣛⣀⣘⣛⣘⣛⣒⣚⣛⣀⣒⣒⣛⡛
⠈⠻⠛⣉⣭⣤⡀⠤⣤⣤⣭⣭⣉⣛⠛⠿⠿⣿⣿⡿⠟⠁
⠀⠀⠀⠉⠛⠛⠿⠦⣌⡙⠛⠿⠿⠿⠿⠿⠒⠂
⣶⣤⣀⢀⣠⣶⣿⣶⣤⠀⢀⣠⣴⣾⣷⣦⣄⡀⣠⣴⣾⣷⣦⡄⠀⣀⣤⣶
⣿⣿⣿⣿⣿⣿⣟⣩⣴⣾⣿⣿⣿⣿⣿⣿⣿⣿⣿⣿⣿⣋⣥⣶⣿⣿⣿⣿
⣿⣭⣉⣏⣽⣹⣍⣿⣯⣭⣹⣭⣏⣿⣹⣹⣏⣯⣹⣿⣩⣏⣿⣭⣿⣹⣏⣿
⣶⣶⣀⣴⣶⠆⢰⣶⡆⢰⣶⡖⠒⣶⣶⠀⣶⣶⠒⢒⣒⡂⢰⣶⣖⣒⣒⡒
⠿⠿⠉⠻⠿⠦⠸⠿⠇⠸⠿⠇⠀⠿⠿⠀⠿⠿⠤⠼⠿⠇⠠⠥⠭⠭⠿⠿
⠘⢿⣿⣿⠿⠟⠂⠀⠛⠛⠛⠛⠛⠛⠻⠿⠿⣿⣿⣿⣿⣿⣿⣿⣿⣿⡿⠃
⠀⠀⠉⠠⣶⣾⣿⣷⣄⠙⠿⣿⣿⣿⣿⣶⣶⣤⣤⣉⡙⠛⠛⠿⠟⠋
⠀⠀⠀⠀⠀⠉⠙⠛⠿⠷⠦⣄⣉⠛⠻⠿⠿⠿⠿⠿⠛⠋⠁
⠀⠀⠀⠀⠀⣰⢯⣿⡇⠀⠀⣴⣭⣿
⠀⠀⠀⢀⠔⣩⣿⠋⠀⣠⢞⣽⡿⠋
⠀⠀⠰⠷⢾⠏⣩⡿⠿⠷⠿⠋
⠠⢤⡼⣓⠷⣿⠥
⠀⠚⠛⢳⠋⠙⠂
⠀⠀⠀⠀⠀⠀⠀⠀⢠⣾⣉⣽⣿⠀⠀⠀⠀⢠⣴⣉⣽⣿
⠀⠀⠀⠀⠀⠀⠀⣠⠟⢒⣾⣿⠟⠀⠀⠀⣠⠟⢲⣾⣿⠟
⠀⠀⠀⠀⠀⣠⠞⢡⣴⣿⣟⣁⣀⣀⣠⠞⣡⣴⣿⠟⠁
⠀⠀⠀⠀⠾⠷⠶⣶⠖⢀⣤⣶⠶⠶⠶⠾⠿⠛⠁
⠀⠀⠀⢀⣷⢤⡴⣣⣶⣟⣉
⠀⠉⣙⣿⣁⡒⢈⣱⣿⣉⠁
⠀⠈⠉⠉⠈⠳⠏⠀⠀⠉⠁
⠀⠀⠀⠀⠀⠀⠀⠀⠀⠀⠀⣠⣞⣋⣩⣿⡇⠀⠀⠀⠀⠀⢀⣴⣋⣉⣿⣿
⠀⠀⠀⠀⠀⠀⠀⠀⠀⠀⣸⣯⣉⣽⣿⣿⡇⠀⠀⠀⠀⢀⣿⣭⣩⣿⣿⣿
⠀⠀⠀⠀⠀⠀⠀⠀⣠⡾⠋⣠⣾⣿⡿⠋⠀⠀⠀⢀⡴⠛⢁⣴⣿⣿⠟⠁
⠀⠀⠀⠀⠀⠀⣠⠞⠁⠠⠾⠿⠿⠯⠤⠤⠤⠤⠴⠋⢀⣴⣿⡿⠋⠁
⠀⠀⠀⠀⠀⠻⣿⣶⣶⣶⡶⠂⢀⣤⣶⣶⣶⣶⣶⣾⣿⡿⠋
⠀⠀⠀⠀⠀⣦⣄⣀⣴⠏⣠⣶⠿⠛⠁
⠐⠲⠶⣶⡶⠿⣉⡛⠱⠛⣻⣷⠶⠒
⠀⠀⣠⣴⣯⠥⣬⢁⣴⠬⠽⢷⣤⡀
⠀⠈⠀⠀⠀⠀⠘⢿⠃
⠀⠀⠀⠀⣈⣙⣛⣛⣳⣶⡶⢤⣀
⣴⡾⠿⠿⠟⠛⠛⣛⣋⣽⣿⣯⢻⣧
⠁⠀⣠⣴⣶⣶⡿⠛⢋⣭⣿⡿⣼⡏
⠀⠉⠛⠛⠛⠁⢀⣠⣿⠿⠻⠚⠉
⠀⠀⠀⠀⠀⠐⠒⠚⠛⠿⠿⠿⠷⣶⣦⣖⠦⣄⡀
⠀⢀⣀⣤⣤⣤⣶⣶⣶⣶⣾⣿⣶⣶⣾⣯⣽⣬⠱⣷⣦
⣼⣿⠿⠿⠟⠛⠛⠋⠉⠉⢉⣉⣉⣤⣤⣦⣿⣿⣦⢰⣾⣧
⠉⠀⠀⠀⣀⣠⣤⣤⣶⣶⣿⡿⠿⠛⢛⣩⣭⣷⡖⣰⣾⡍
⠀⠀⢤⣿⣿⣿⣿⣿⠿⠋⠁⠀⢀⣴⣿⣿⣿⠟⣱⡿⠋
⠀⠀⠀⠀⠉⠉⠁⠀⠀⠀⣀⣴⣾⡿⠿⠛⠕⠋⠁
⠀⠀⠀⠀⠀⠀⠤⠔⠒⠒⠛⠿⠿⠿⢿⣿⣶⣶⣤⣒⠦⣤⣀⡀
⠀⠀⠀⢀⣀⣀⣀⣠⣤⣤⣤⣴⣶⣶⣶⣶⣦⣬⣭⣟⣛⣂⡙⢯⣶⣤⡀
⢠⣶⣾⣿⣿⣿⣿⣿⣿⡿⠟⠛⠛⠻⠟⠛⠛⠛⣛⣛⣛⣛⣛⣆⢻⣿⣟⣀
⡿⠟⠋⠉⠁⠀⠀⠀⠀⠀⢀⣀⣠⣴⣶⣶⣿⣿⣿⡿⠿⠿⣟⣛⢘⣛⡿⢿
⠀⠀⠀⠀⣠⣤⣶⣾⣿⣿⣿⣿⣿⠿⠛⠛⠉⢁⣤⣴⣿⣿⣿⡟⣸⣿⣿⠃
⠀⠀⠒⢾⣿⣿⣿⣿⣿⣿⠟⠋⠀⠀⠀⠀⣤⣿⣿⣿⣿⡿⣋⣼⠿⠛⠁
⠀⠀⠀⠀⠀⠀⠀⠀⠀⠀⠀⠀⢀⣠⣴⣾⣿⠿⠟⠛⠑⠚⠉⠁
⠀⠀⠀⠀⠀⠀⣠⣾⣿⣿⣿⣿⡿⠋
⣠⣴⡆⣶⣤⣴⠋
⠻⣷⡇⣧⠿⠃
⠀⠀⠀⠀⠀⠀⠀⠀⠀⠀⢀⣾⣿⣿⣿⣿⣿⣿⣿⣿⡿⠋
⠀⠀⣀⣀⢀⣀⡀⠀⢀⣴⠟⠉⠉⠉⠉⠉⠉⠉⠉⠉
⣴⣶⠝⡿⠸⡟⢱⣶⡿⠃
⠙⠻⣴⣿⢸⣷⡼⠛⠁
⠀⠀⠀⠀⠀⠀⠀⠀⠀⠀⠀⠀⠀⢀⣴⣿⣿⣿⣿⣿⣿⣿⣿⣿⣿⣿⡿⠋
⠀⠀⠀⠀⠀⠀⠀⠀⠀⠀⠀⠀⣴⡿⠛⠛⠛⠛⠛⠛⠛⠛⠛⠛⠛⠋
⢀⣀⠴⣶⣶⠐⣶⣶⢆⣀⣠⣾⠟⠁
⣛⣛⣓⢘⣛⢈⣛⡁⣛⣛⣛⠁
⠈⠛⠵⣾⣿⢰⣿⡷⠬⠛⠁
⠀⠀⠀⢠⣄⡂⠀⠀⢐⣠⡄
⠀⣤⣾⡿⢟⣥⡖⢲⣬⡻⢿⣷⣦
⠀⠿⢋⣾⣿⣿⠇⢸⣿⣿⣷⡙⠿
⠀⠀⠈⠛⠻⠿⠀⠀⠿⠟⠛⠁
⠀⠀⠀⠀⠀⢀⣀⡤⠤⠀⠄⠠⠀⠤⢤⣀⡀
⠀⠀⠠⢐⣩⣵⣶⣶⡶⠀⢀⡀⠀⢶⣶⣶⣮⣍⡂⠄
⠀⢠⣾⣿⣿⡿⢟⣩⣶⣿⠋⠹⣿⣶⣍⡻⢿⣿⣿⣷⡄
⠀⢹⣿⠟⢉⣶⣿⣿⣿⣿⠀⠀⣿⣿⣿⣿⣶⡍⠻⣿⡏
⠀⠀⠉⠀⢿⣿⣿⣿⣿⡟⠀⠀⢿⣿⣿⣿⣿⣿⠀⠉
⠀⠀⠀⠀⠀⠉⠙⠛⠛⠃⠀⠀⠘⠛⠛⠋⠉
⠀⠀⠀⠀⠀⠀⠀⢀⣀⣠⣄⡀⠠⠤⠤⠄⢀⣠⣄⣀⡀
⠀⠀⠀⢀⠤⢒⣋⣭⣥⣴⣤⡄⠀⠀⠀⠀⢠⣤⣦⣬⣭⣙⡒⠤⡀
⠀⠀⢀⣴⣾⣿⣿⣿⣿⠟⣋⣤⣶⠾⠷⣶⣤⣙⠻⢿⣿⣿⣿⣷⣦⡀
⠀⢰⣿⣿⣿⡿⠛⣩⣶⣿⣿⣿⣿⠀⠀⣿⣿⣿⣿⣶⣍⠛⢿⣿⣿⣿⡆
⠀⠀⠻⡿⠋⣠⣾⣿⣿⣿⣿⣿⡇⠀⠀⢹⣿⣿⣿⣿⣿⣿⣄⠙⢿⠟
⠀⠀⠀⠀⠀⠻⣿⣿⣿⣿⣿⣿⠇⠀⠀⢸⣿⣿⣿⣿⣿⣿⠟
⠀⠀⠀⠀⠀⠀⠀⠈⠉⠛⠛⠛⠀⠀⠀⠀⠛⠛⠛⠉⠁
⠀⠀⠀⠀⠀⣀⣨⣷⣶⣶⣤⣀
⠀⣤⢞⣩⡉⠻⢿⠿⣿⣿⣷⣟⣃
⠈⠉⠉⠉⠛⠦⠯⢽⣃⣸⣃⡼⠁
⠀⠀⠀⠀⠀⠀⠀⠀⠀⠀⣐⣶⣶⣶⣦⣤⣀⡀
⠀⠀⠀⣀⡤⠖⡒⠲⣾⣿⣿⣟⣻⣿⣿⣿⣟⣻⣷⠄
⠀⠬⠿⠭⠤⠮⢥⡄⠉⢩⣭⣭⣭⡿⠿⣿⡿⠧⣤⡤⠄
⠀⠀⠀⠀⠀⠀⠈⠓⠒⠒⠲⠶⢿⣄⣐⣛⣀⡴⠏
⠀⠀⠀⠀⠀⠀⠀⠀⠀⠀⠀⠀⠀⠐⣶⣶⣤⣤⣤⣄⣀
⠀⠀⠀⠀⠀⢀⣀⣀⣀⣠⣤⣶⣾⣿⡿⠿⣿⣿⣿⣿⠿⠿⣷⣦
⠀⠀⢦⣤⠶⠋⠁⠴⠀⠀⠻⠿⠿⠿⠿⠶⢿⣿⣿⣿⢿⣶⠾⠛⠉⠁
⠀⠒⠛⠓⠒⠚⠛⠛⣻⡖⠀⠀⠾⠿⠶⢶⡾⠉⠉⣿⡿⠋⠉⣽⠟⠛⠁
⠀⠀⠀⠀⠀⠀⠀⠀⠉⠉⠉⠛⠛⠛⠻⠿⢥⣤⣬⣭⣥⣤⠼⠏
⠀⠀⠀⠀⢀⣄⣴⣂⣴⣎⣴⣦⡄
⠀⠀⠀⢠⣿⣯⠍⠀⠁⠈⣩⣿⠃
⢠⠴⢏⣿⣹⣯⣶⣍⣾⣍⣿⡽⠍⠟
⠀⠀⠸⢿⣿⣭⣭⣭⣵⠿⠋
⠀⠀⠀⠀⠀⠀⠀⠀⣀⠄⣠⡔⢀⣤⣶⠋⢠⣦⢀
⠀⠀⠀⠀⠀⠀⣴⣿⣧⠾⠿⠗⠿⠿⠛⠾⠿⣯⣾⡷
⠀⠀⠀⠀⠀⢠⣾⣿⣶⡶⠀⠀⠀⠀⠀⠀⣴⣿⣿⠄
⠀⣀⢴⣫⠹⣿⠋⣿⡏⣱⣖⣏⢹⡴⣋⠻⣿⠉⣿⣙⢻⡟
⠈⠉⠉⠈⣿⣿⣿⣻⠏⠽⠧⠿⠹⠏⣿⣿⣿⠏⠉⠉⠉
⠀⠀⠀⠀⠻⠿⣿⣿⣶⣤⣤⣤⣶⡾⠿⠛⠁
⠀⠀⠀⠀⠀⠀⠀⠀⠀⠀⠀⢀⠀⣀⡤⠂⠀⣠⣴⠞⠁⢰⡄
⠀⠀⠀⠀⠀⠀⠀⠀⢀⣴⣾⢡⣾⣿⣧⣴⣿⣿⣷⣤⣶⣿⡏⣸⣷
⠀⠀⠀⠀⠀⠀⠀⠰⢿⣿⡿⠋⠛⠛⠁⠈⠉⠉⠀⠙⠛⠹⣿⣿⠿
⠀⠀⠀⠀⠀⠀⠀⣾⣶⣷⣾⣿⠇⠀⠀⠀⠀⠀⠀⠀⢰⣷⣾⣷⠇
⠀⠀⢀⡴⣋⠙⣿⣿⠉⣽⣯⠙⣦⠴⣋⠹⣇⡼⡋⢻⡿⣟⠉⣿⡋⠿⣭⡗
⠠⠾⠷⠞⠹⢦⣼⣧⡼⢿⣷⠾⣵⡏⣿⡦⣿⡴⣿⣦⣾⣷⡼⠯⠿⠷⠚⠁
⠀⠀⠀⠀⠀⣿⣿⣿⣿⣶⡛⠚⠛⠑⠚⠒⠙⣚⣿⣿⣿⠏
⠀⠀⠀⠀⠀⠙⠻⠿⣿⣿⣿⣶⣶⣶⣶⣶⡿⠿⠛⠋
⠀⠀⠀⠀⣸⣯⣤⣾⣷
⠠⣖⠋⢛⣿⣿⡷⠿⠟⠀⢘⣀
⠀⢠⣿⣿⣿⣷⣿⡦⢤⣤⣬⣽⡧
⣠⣿⣿⠟⠛⢿⣿⣷⡀⠙⣪⣷⣗⡄
⠀⠀⠀⠀⠀⠀⠠⣾⣋⣒⣒⣴⡿⣗⠆
⠀⢀⡤⠴⠒⣶⣿⣟⣵⣯⣯⣙⣇⡯⠀⠀⠸
⠀⠙⠒⡠⣠⣶⣾⣿⣉⣻⣭⡉⠀⠀⠀⠀⠈⣶⣦
⠀⢀⢔⣿⣿⣿⣑⣟⣿⣿⣷⡳⡒⠲⢶⡶⠶⣖⠿⡟
⣠⣺⣿⣿⣿⠛⠛⠛⢻⣿⣿⣿⣔⡄⠀⠙⣦⣿⣻⣍⣢⠄
⠀⠀⠀⠀⠀⠀⠀⠀⢠⣾⡍⠑⠒⠒⣒⣞⢿⢆⡄
⠀⠀⠀⠀⢀⣀⣠⣤⣤⣿⠖⣚⠒⡚⢿⡿⢨⡟⠐⠂⠀⢤
⠀⢀⠴⠊⠓⠐⠸⠿⣿⣷⣿⣿⣿⣶⣤⣝⡼⠇⠀⠀⢀⠇
⠀⠈⠑⠒⢠⢀⣶⣖⣛⣻⡍⠙⣲⣦⠀⠀⠀⠀⠀⠀⠀⢹⣖⢲⠀⠀⠀⠈
⠀⠀⠀⡴⣱⣿⣿⡿⡡⡹⣿⣿⣿⣎⢧⠤⢤⣤⣤⣤⣔⣤⣬⣟⣷⡆
⠀⢀⢞⣼⣿⣿⣿⣷⣷⣷⣿⣿⣿⣿⣦⢣⠀⠈⠛⢟⠋⠩⣵⣈⣹⡀
⣠⢫⣿⣿⣿⡿⡩⠉⠉⠉⠹⣻⣿⣿⣿⣷⡱⡀⠀⠀⣩⣷⣖⣒⣦⣌⡵
⠀⠀⢠⣿⣿⡄
⠀⢠⣿⣧⣼⣿⡄⠒⣶⡶⠒⠒⠲⠶
⠶⠿⠷⠀⠐⠾⠿⠶⣿⡷⠶⠶⠇
⠀⠀⠀⠀⠀⠀⠀⢠⣿⣧⡄
⠀⠀⠀⠀⣰⣿⣿⣷⡀
⠀⠀⠀⣰⣿⡿⠙⣿⣷⡀⠀⢀⣀⣀⣀⣀⣀⣀⣀⣀⣀⣀
⠀⠀⣰⣿⣿⣦⣤⣼⣿⣷⡄⠘⠛⣿⣿⠛⠛⠛⠛⠛⠿⠿
⣤⣴⣿⣿⣥⠀⠀⢠⣼⣿⣿⣤⣴⣿⣿⣤⣤⣤⣶⣶
⠀⠀⠀⠀⠀⠀⠀⠀⠀⠀⠀⠀⠀⣿⣿⠀⠀⠀⠉⠉
⠀⠀⠀⠀⠀⠀⠀⠀⠀⠀⠀⢠⣴⣿⣿⣦⡄
⠀⠀⠀⠀⠀⢀⣾⣿⣿⣷⡀
⠀⠀⠀⠀⢠⣿⣿⡟⢻⣿⣿⡄
⠀⠀⠀⣠⣿⣿⣟⣀⣀⣹⣿⣿⣆⠀⠸⠿⢿⣿⣿⡿⠿⠿⠿⠿⠿⣿⣿⣿
⠀⠀⣰⣿⣿⡟⠛⠛⠛⠛⠻⣿⣿⣆⠀⠀⢸⣿⣿⡇⠀⠀⠀⣀⣀⡈⠉⠉
⠿⠿⠿⠿⠿⠿⠇⠀⠀⠸⠿⠿⠿⠿⠿⠿⢿⣿⣿⡿⠿⠿⠿⣿⣿⡇
⠀⠀⠀⠀⠀⠀⠀⠀⠀⠀⠀⠀⠀⠀⠀⠀⢸⣿⣿⡇
⠀⠀⠀⠀⠀⠀⠀⠀⠀⠀⠀⠀⠀⠀⢰⣶⣾⣿⣿⣷⣶
⠀⠀⠀⠈⣉⡿⠟⠛⢶⣄
⢀⣀⣤⣾⣋⠉⠉⠉⢉⣉⣿⣦⣀
⠀⠀⠀⠀⠀⠐⠛⢛⣻⣿⠟⠻⢷⣦⡀
⠀⠀⠀⠀⠀⣠⣴⣿⣯⣥⣤⣤⣤⣽⡿⣷⣄⡀
⠀⣠⣤⣴⣾⣿⣥⣤⠄⠀⠀⠀⠀⢀⣤⣬⣽⣿⣶⣤⡤
⠀⠀⠀⠀⠀⠀⠠⠾⠿⠿⢿⣿⣿⡿⠿⣿⣦⣄
⠀⠀⠀⠀⠀⠀⠀⠀⣠⣶⣿⠟⠉⠀⠀⠈⠛⢿⣷⣤⡀
⠀⠀⠀⠀⠀⢀⣴⣾⡿⠿⠷⠶⠶⠶⠶⠶⠶⠶⠛⠻⣿⣶⣄
⠀⢠⣶⣶⣾⣿⣿⣷⣶⣶⠖⠀⠀⠀⠀⠀⠀⢠⣶⣶⣾⣿⣿⣿⣶⣶⠖
⠀⣶⣾⣟⣶⣶⣶⠒⠒⠒⠻⢝⣲
⠀⣾⣾⣿⣿⣻⣿⠾⠖⡲⢇⠀⢵
⠸⡟⣿⣿⣿⣿⣿⠁⠈⢣⡀⢀⣨⠇
⠀⠈⠙⠩⠿⠻⡟⠶⠖⠯⠏⠋⠁
⠀⢠⢖⣶⣖⡶⢶⣤⣴⣦⡤⠤⠴⠶⠤⠖⢒⣒⠲⠲⡄
⠀⠘⣿⢛⡽⣿⣿⣿⣿⣻⣿⣀⡄⠀⣀⣀⡀⠉⠛⣶⠃
⠀⢀⣷⣿⢟⣼⣿⣯⣭⣿⣻⡟⠿⠋⡉⠛⠧⡀⠀⢼⡁
⠀⣟⢸⣿⣿⡿⣿⣽⣿⣿⢾⡁⠐⠚⠳⣄⠀⠁⠀⠀⣿
⠀⠙⠢⢽⡿⠷⣿⣵⣾⣿⣷⠀⠀⣀⣸⣾⡦⢤⡮⠔⠋
⠀⠀⠀⠀⠉⠒⠛⠦⠽⠻⠍⠿⠭⠯⠙⠒⠓⠉
⢀⠄⣠⠤⠴⣶⢶⡶⣤⣄⣤⣤⣤⣀⣀⣤⠤⣤⣤⡤⠖⡒⠶⢦⠤⣄⠠⡀
⢠⠸⣷⣿⡿⢟⣫⣴⣿⣿⣿⣿⣿⣧⠀⠀⠀⠀⠀⠀⠀⠙⠷⣦⣤⣼⠃⠅
⠀⡄⣰⣏⣴⣿⡻⣿⣻⣿⣿⣭⣷⣿⣶⣾⣤⣤⣤⣖⡶⠂⠀⠀⢻⣆⢨
⢀⠇⣽⢿⣿⡟⣵⣿⣿⣯⣶⣞⣿⢻⡟⠛⠓⠒⡠⠉⠑⢦⠀⠀⠺⣏⠸⡀
⡆⣼⠇⣿⣿⣿⣿⣿⢟⣽⣽⣿⣿⣾⠓⠒⠒⠫⢿⡀⠀⠈⠀⠀⠀⢸⣧⢰
⠣⠹⣧⡙⢿⣿⡿⣱⣿⢟⣭⣿⣷⣮⠉⠀⠀⠀⠠⣼⣆⠀⢀⡰⢃⡼⠏⠜
⠀⠀⠀⠉⠻⢟⣛⢛⣿⠶⢿⣿⣿⣿⣀⣠⣤⡤⣶⠟⣿⢛⡻⠟⠉
⠀⠀⠀⠀⠀⠀⠈⠉⠛⠓⠒⠛⠳⠄⠿⠲⠙⠃⠙⠛⠉⠁
⠀⠀⠀⠀⠀⠀⠀⠓⠶⢶⣶⣶⡿⠃
⠀⠀⠀⠀⠀⠀⠀⢀⣴⠟⢡⣿⠁
⠀⠀⠀⠀⠀⢙⣶⠟⠛⠛⣿⡟⠙⠁
⠻⣤⣤⣤⡴⠟⠁⠀⠀⠀⢿⣧⣤⠤
⠀⠀⠀⠀⠀⠀⠀⠀⠀⠀⠐⠷⣤⣤⣤⣤⣤⣤⣶⣾⡿⠂
⠀⠀⠀⠀⠀⠀⠀⠀⠀⠀⠀⠀⠀⢀⣠⣾⠟⣻⣿⡟
⠀⠀⠀⠀⠀⠀⠀⠀⢀⡀⠀⢀⣴⣿⠟⠁⢰⣿⣟⣀
⠀⠀⠀⠀⠀⠀⠀⠀⠻⢷⣶⣿⠿⠿⠿⠿⣿⣿⠟⠻⠟
⣠⡆⠀⠀⠀⠀⠀⢀⣴⣿⠟⠁⠀⠀⠀⢸⣿⣿
⠙⠿⣶⣤⣤⣶⡾⠟⠋⠁⠀⠀⠀⠀⠀⠈⠿⣿⣶⣤⠶⠖
⠀⠀⠀⠀⠀⠀⠀⠀⠀⠀⠀⠀⠀⠰⣷⣤⣤⣤⣀⣀⣠⣤⣤⣴⣾⣿⡗
⠀⠀⠀⠀⠀⠀⠀⠀⠀⠀⠀⠀⠀⠀⠀⠀⠀⠉⢉⣭⣿⡿⣿⣿⣿⠏
⠀⠀⠀⠀⠀⠀⠀⠀⠀⠀⠀⠀⠀⠀⠀⢀⣠⣾⡿⠟⠁⣰⣿⣿⠃
⠀⠀⠀⠀⠀⠀⠀⠀⠀⠀⢠⣶⣀⣀⣴⣿⣿⣏⣤⣤⣴⣿⣿⣿⣶⣦⡄
⠀⠀⠀⠀⠀⠀⠀⠀⠀⠀⠈⢛⣿⣿⡿⠛⠛⠛⠉⠉⣿⣿⣿⠉⠉⠉⠁
⣴⣿⡀⠀⠀⠀⠀⠀⠀⣠⣴⣿⡿⠋⠀⠀⠀⠀⠀⠀⣿⣿⣿
⠙⠻⢿⣶⣶⣶⣶⣾⠿⠟⠋⠁⠀⠀⠀⠀⠀⠀⠀⠀⠻⢿⣿⣷⣶⡶⠶⠛
⠀⢠⣤⡀⣠⣤⡄⣠⣤⣤⣀⡈⡁
⣰⡟⠸⢿⣙⣛⣳⣿⣟⣹⡿⠁
⠀⠀⠀⠀⠀⠀⠀⠀⠀⠀⠀⠀⠀⢀⠀⠀⡀⠠⠊
⠀⢠⣾⠟⢿⣆⢾⣟⣉⣉⣀⣸⣿⣪⠧⣳⣶⡗⡀⠉
⣠⣿⠋⠐⠚⢿⣦⣭⣭⣭⣿⠿⢿⣬⣤⣾⠿⠁
⠀⠀⠀⠀⠀⠀⠀⠀⠀⠀⠀⠀⠀⠀⠀⠀⠀⢀⠀⡀⢀⠀⡠⠚
⠀⢀⣴⣿⠟⢿⣧⡰⣿⣿⣉⣉⣉⣁⣸⣿⣿⣨⠧⣽⣶⣼⠗⡀⠉⠂
⣠⣾⡿⠁⠐⠚⠻⣿⣤⣭⣭⣭⣭⣿⠿⢿⣧⣭⣤⣼⡿⠟
⢀⣤⣴⣶⣿⣿⣿⣿⣿⣶⣦⢄
⡷⣿⣿⣿⣿⣿⣿⣿⣿⣿⣿⣿⡳⡀
⠈⠘⠛⠿⠿⠿⠿⠿⠿⠻⢿⣿⣿⠿
⠀⠀⣠⢤⣲⣶⣿⣿⣿⣿⣿⣿⣿⣿⣶⣶⠤⡀
⡰⣫⣾⣿⣿⣿⣿⣿⣿⣿⣿⢿⣿⣿⣿⣿⣿⣎⢧⡀
⡇⣿⣿⣿⣿⣿⣏⣿⣿⣿⣿⣿⣿⣿⣿⣿⣿⣿⣷⠹⡆
⠙⢮⡻⣿⣿⣿⣿⣿⣿⣿⣿⣿⣿⣿⣿⣿⣿⣿⣿⣷⣮⢢
⠀⠀⠈⠙⠛⠻⠿⠿⠿⠿⠿⠿⠿⠯⠒⠛⢝⣿⣿⣿⠯⠞
⠀⠀⠀⢀⣠⠤⣖⣒⣭⣭⣭⣭⣿⣿⣭⣭⣭⣗⣒⠤⣄⡀
⠀⣠⢞⣩⣶⣿⣿⣿⣿⣿⣿⣿⣿⣿⣿⣿⣿⣿⣿⣿⣶⣍⠲⡄
⡼⢡⣿⣿⣿⣿⣿⣿⣿⢿⣿⣿⣿⣿⣛⣿⣿⣿⣿⣿⣿⣿⣦⡳⣄
⡇⢸⣿⣿⣿⣿⣿⣿⡱⣿⣿⣿⣷⣿⣿⣿⢿⣿⣿⣝⢿⣿⣻⣿⡎⣷
⠹⣌⢿⣿⣿⣿⣿⣿⣷⣿⣿⣿⣿⣿⣿⣿⣵⣿⣿⣿⣸⣿⣿⣿⣷⣌⠣⡀
⠀⠈⠳⢭⣛⠿⣿⣿⣿⣿⣿⣿⣿⣿⣿⣿⣿⡿⠟⠵⣿⣿⣿⣿⣿⣿⡇⣸
⠀⠀⠀⠀⠈⠉⠒⠚⠭⠭⠭⠿⠿⠯⠭⠭⠕⠒⠉⠉⠲⣝⣛⣻⣛⡯⠕⠋
⠀⠀⠀⠀⢀⣼⣿⣿⣧⡀
⠀⠀⠀⢠⣾⣿⠏⠹⣿⣷⣄
⠀⠀⣰⣿⣿⣿⣾⣿⣿⣿⣿⣦
⣶⣾⣿⣿⣷⡆⠀⠀⢴⣾⣿⣿⣷⣶
⠀⠀⠀⠀⠀⠀⠀⠀⣴⣿⣿⣿⣿⣦⡀
⠀⠀⠀⠀⠀⠀⣠⣾⣿⣿⠟⠻⣿⣿⣷⣄
⠀⠀⠀⠀⢀⣾⣿⣿⣿⣋⣀⣀⣙⣿⣿⣿⣷⡄
⠀⠀⢀⣴⣿⣿⣿⠿⠿⠿⠿⠿⠿⠿⠿⣿⣿⣿⣦⡀
⣿⣿⣿⣿⣿⣿⣿⣟⣷⠀⠀⠀⠀⣿⣻⣿⣿⣿⣿⣿⣿⣿
⠀⠀⠀⠀⠀⠀⠀⠀⠀⠀⢀⣼⣿⣿⣿⣿⣷⡀
⠀⠀⠀⠀⠀⠀⠀⠀⠀⣰⣿⣿⣿⣿⣿⣿⣿⣿⣦
⠀⠀⠀⠀⠀⠀⠀⢀⣾⣿⣿⣿⡿⠃⠈⢿⣿⣿⣿⣷⡄
⠀⠀⠀⠀⠀⠀⣴⣿⣿⣿⣿⣟⣁⣀⣀⣀⣻⣿⣿⣿⣿⣦⡀
⠀⠀⠀⠀⢠⣾⣿⣿⣿⣿⣿⣿⣿⣿⣿⣿⣿⣿⣿⣿⣿⣿⣷⣄
⣀⣀⣀⣴⣿⣿⣿⣿⣿⣁⣀⡀⠀⠀⠀⠀⢀⣀⣈⣻⣿⣿⣿⣿⣦⣀⣀⣀
⣿⣿⣿⣿⣿⣿⣿⣿⣿⣿⣿⡇⠀⠀⠀⠀⢸⣿⣿⣿⣿⣿⣿⣿⣿⣿⣿⣿
⠀⠀⠀⢀⣶⣶⣶⣿⣷⣶⣶⣤⣀⣀
⠀⠀⣰⡿⣯⣿⣿⣿⣿⣿⣿⣿⡟⠋
⣠⣾⣿⡅⠈⢠⣿⣿⣿⣿⣿⠛⠉
⠀⠀⠀⠀⠀⠀⣠⣤⣤⣤⣤⣿⣿⣶⣶⣤⣦⣄⣄
⠀⠀⠀⠀⣠⣾⡿⠛⢿⣿⣿⣿⣿⣿⣿⣿⣿⣿⣿⣿⣿⡗
⠀⠀⣀⣼⣿⠟⢳⣿⠿⢿⣿⣿⣿⣿⣿⣿⣿⣿⣿⣯⡄
⣤⣴⣿⣿⣧⡄⠀⠀⢠⣤⣿⣿⣿⣿⣿⣿⣿⠉⠁⠁
⠀⠀⠀⠀⠀⠀⠀⠀⣠⣤⣤⣤⣤⣤⣽⣿⣶⣶⣤⣤⣴⣄⣀⣀
⠀⠀⠀⠀⠀⠀⣠⣾⣿⡿⣿⣿⣿⣿⣿⣿⣿⣿⣿⣿⣿⣿⣿⣿⣷⣶⣶⡤
⠀⠀⠀⠀⢀⣾⣿⣿⣏⣤⣽⣿⣿⣿⣿⣿⣿⣿⣿⣿⣿⣿⡿⣿⣿⠟⠛⠁
⠀⠀⢠⣴⣿⣿⠟⠉⠽⠿⠛⠛⢿⣿⣿⣿⣿⣿⣿⣿⣿⣿⣿⡿⣿⠾⠂
⣴⣶⣿⣿⣿⣷⣴⠀⠀⠀⢠⣦⣾⣿⣿⣿⣿⣿⣿⣿⣿⡿⠈⠁
⠀⠀⠀⠀⠀⣠⣾⣷⣄
⠀⠀⠀⠀⠚⠛⠙⠛⠛⠓⠂
⣀⣀⣴⣶⣀⠀⠀⢀⣰⣶⣶⣶⣄⣀
⠀⠀⠀⠀⠀⠀⠀⠀⠀⣠⣾⣷⣄
⠀⠀⠀⠀⠀⠀⠀⣠⣾⣿⣿⣿⣿⣷⣄
⠀⠀⠀⠀⠀⠀⠚⠛⠛⠁⠙⠛⠛⠛⠛⠓⠂
⠀⠀⠈⠂⠀⠀⠀⠃⠀⠀⠃⠀⠀⠁⠃
⣀⣠⣤⣾⣿⣿⣥⡄⠀⠀⠀⢀⣤⣽⣿⣿⣿⣿⣿⣶⣤⣄
⠀⠀⠀⠀⠀⠀⠀⠀⠀⠀⠀⠀⢠⣾⣿⣄
⠀⠀⠀⠀⠀⠀⠀⠀⠀⠀⢀⣴⣿⣿⣿⣿⣷⣄
⠀⠀⠀⠀⠀⠀⠀⠀⢀⣴⣿⣿⣿⣿⣿⣿⣿⣿⣷⣄
⠀⠀⠀⠀⠀⠀⠀⠰⠿⠿⠟⠋⠀⠙⠿⠿⠿⠿⠿⠿⠷
⠀⢀⠄⠱⡀⠀⣇⠀⠰⡆⠀⠀⠀⣆⠀⠀⠱⠀⡇⠸⡀⠀⢈⠐⠤⣘
⠀⠀⠀⠀⣠⣤⣤⣤⠄⠀⠀⠀⠀⠀⠀⠀⢤⣤⣤⣤⣤⣤⣤⣤⡀
⣤⣤⣴⣾⣿⣿⣿⣷⣦⣤⠀⠀⠀⠀⢠⣤⣤⣿⣿⣿⣿⣿⣿⣿⣿⣷⣦⣤
⠀⠀⠀⣠⣾⣻⣇⣸⣏⣐⣛⣁
⣠⣤⣮⣥⣄⣩⡅⣽⣿⡭⣤⣤⡤
⠀⠀⠀⠀⢀⣠⣶⣟⣹⣿⣇⣰⣿⣟⣀⣚⣛⣁⡀
⣀⣤⣤⣴⣭⣥⣤⣀⣭⣭⢇⣭⣿⣿⣭⢥⣤⣤⣤⣤⠄
⠀⠀⠀⠀⠀⠀⠀⣠⣼⡿⢻⣿⣿⠀⢠⣿⡿⠟⠀⠴⠿⠿⠃
⠀⠀⠀⠀⢀⣴⣾⠟⠛⠛⢻⣿⣿⠙⠿⣿⣯⣽⣿⠿⠛⠛⠛⠋⠉⠉
⣀⣶⣾⣿⣿⣷⢾⣿⣾⣃⣵⣗⣖⢫⣷⣞⣿⣿⣶⢞⣻⣾⣲⣾⣿⡿⠃
⠀⠉⠻⠶⣶⣶⣶⣶⣖⣒⣿⣏⡉
⠀⠀⠀⠐⠯⠽⠿⢿⣿⡿⠋⠁
⠀⠉⠻⣝⠲⣤⣄⣀⣀⣤⣤⣤⣄⣀⣠⣤⠶⣛⠽⠋⠉
⠀⠀⠀⠈⠓⠢⠤⣿⣿⣿⡿⢻⣿⣧⣤⣴⣾⣷⣶⠄
⠀⠀⠀⠀⠀⢠⡾⠛⠿⣿⡿⣻⣿⣿⡿⣿⡷⠋
⠀⠀⠀⠀⠀⠀⠉⠛⠛⠛⠛⠿⢿⣷⡶⠟
⠀⠚⠛⢯⡛⢶⣤⣀⣀⣀⣀⣀⣀⣀⣀⣀⣀⣀⣀⣠⣴⡶⢛⡯⠟⠛⠒
⠀⠀⠀⠀⠙⠶⣌⣉⣙⣿⣿⣿⣿⣿⣿⣿⣟⣛⣉⣉⣥⣾⣯⣄⡀
⠀⠀⠀⠀⠀⠀⠀⢀⣩⣿⣿⣿⣿⣭⣼⣿⣿⣿⣿⣿⣟⣹⡿⠛⠉
⠀⠀⠀⠀⠀⠀⠀⢸⣓⣀⣘⣫⣿⣋⣽⣿⣿⡿⠟⣿⡿⠁
⠀⠀⠀⠀⠀⠀⠀⠀⠈⠉⠉⠉⠙⠛⠛⠷⢶⣾⠿⠟⠁
⠀⠀⠈⠉⠉⢙⣟⠷⣶⣤⡄
⠀⠀⠀⢀⣴⣿⣿⣥⡜⣿⣿⣧
⢀⡄⡄⢩⢉⡅⣠⣠⢤⣭⠉⢍⠠⡄
⠀⠀⠀⠐⠚⠛⠛⠛⠻⡿⢿⣷⣦⣶⣄⢀⡀
⠀⠀⠀⠀⠀⠀⠀⠀⣠⣿⣷⡌⠻⣿⣿⣿⣧⣤
⠀⠀⠀⠀⠀⢀⣠⣾⣿⣿⣿⣤⣤⠘⣿⣿⣿⣷⡆
⠀⠀⠀⠀⠰⠿⠿⠿⠋⠉⠉⠉⠉⠀⠿⠿⠿⠿⠷⠂
⢀⠴⡆⢰⡀⢰⡂⢰⠶⠠⡖⡆⡴⢰⢢⡶⠂⠶⡴⠀⡦⠂
⠀⠀⠀⠐⠒⠒⠚⠛⠛⠛⠿⠿⣷⣿⣷⣦⣤⣶⡄
⠀⠀⠀⠀⠀⠀⠀⠀⠀⠀⠀⣸⣷⣮⣙⠻⣿⣿⣿⣿⣿⡀⢀
⠀⠀⠀⠀⠀⠀⠀⠀⢀⣴⣾⣿⣿⣿⠋⠀⠈⢿⣿⣿⣿⣿⣟⣀
⠀⠀⠀⠀⠀⠀⢀⣴⣿⣿⣿⣿⣿⣿⣿⣿⡧⠈⣿⣿⣿⣿⣿⣏⣀
⠀⠀⠀⠀⠀⠐⠛⠛⠛⠛⠋⠀⠀⠀⠀⠀⠀⠀⠛⠛⠛⠛⠛⠛⠁
⠀⠴⠻⡆⠼⢂⠀⡾⡀⢰⠗⠆⢴⠇⡶⢰⠗⠾⠰⠷⠎⠰⠳⡴⠃⠻⠖⠃
⠀⣞⡶⠦⣀⣤⡄
⢀⡴⣛⢙⢻⡷⢿⢿⣿⣧⣤⡄
⠈⢢⣴⢛⣯⣹⣏⣹⣏⣿⣿⡇
⠀⠀⠉⠭⠷⠿⠋⠉⠩⠿⠿⠧
⠀⢠⡺⡵⣶⢤⣀⢀⣤⢤⡀
⠀⠀⣉⠿⠾⠦⠿⢿⣌⣧⣷⣶⣶⣶⣖⣀⣀⡀
⠀⣞⠁⠒⣫⣼⣦⣼⣿⣭⣿⢼⣿⣿⣿⣿⣿⣿
⠀⠈⠹⢿⣛⣭⣿⠷⣤⣷⣤⣶⣿⣶⣿⣿⣿⣿
⠀⠀⠀⠀⠠⠵⠿⠿⠿⠯⠀⠀⠀⠠⠾⠿⠿⠿⠦
⠀⠀⣴⢚⢲⡦⢄⡀⠀⠀⣀⣀⡀
⠀⠀⠳⢜⡓⠭⡃⠩⡳⣾⡱⢲⢹⡆⣀⣀⣀⣀⣀
⠀⠀⣠⠶⠛⣛⠋⠙⠛⢪⡷⠵⣾⣿⣿⣿⣿⣿⣥⣤⣤⣤⡄
⠀⢺⡉⠐⠛⢉⣩⣿⣄⣙⣻⣤⣔⣯⠤⣿⣿⣿⣿⣿⣿⣿⡇
⠀⠈⠓⣾⣴⡾⠛⣛⣳⣦⠀⣸⣅⣀⣠⣽⣋⣁⣿⣿⣿⣿⣿
⠀⠀⠀⠈⠛⠷⠾⠿⣿⣭⣭⣿⡿⠟⠛⠛⠛⠛⢿⣿⣿⣿⣿
⠀⠀⠀⠀⠀⠀⠒⠚⠛⠛⠛⠛⠂⠀⠀⠀⠀⠒⠛⠛⠛⠛⠛⠓
⠀⠀⠀⠀⢸⣿⣿⣿⣿⡇
⠀⠀⠀⣠⣾⣿⡟⢻⣿⣷⣄
⠀⢀⣴⣿⣿⣿⣿⣿⣿⣿⣿⣦
⣶⣾⣿⣿⣿⠀⠀⠀⠀⣿⣿⣿⣷⣶
⠀⠀⠀⠀⠀⠀⢸⣾⣿⣿⣿⣿⣿⣿⣷⡇
⠀⠀⠀⠀⠀⠀⡸⣼⣿⣿⣿⣿⣿⣿⣧⢇
⠀⠀⠀⠀⢀⢬⣾⣿⣿⡿⠕⠪⣿⣿⣿⣷⡥⡀
⠀⠀⠀⡠⣱⣿⣿⣿⣿⣾⣶⣶⣷⣿⣿⣿⣿⣞⢄
⣀⣀⣨⣾⣿⣿⣿⣩⠉⠉⠉⠉⠉⠉⣝⣿⣿⣿⣷⣧⣀⢀
⡟⣿⣿⣿⣿⣿⣿⣿⠀⠀⠀⠀⠀⠀⡿⣿⣿⣿⣿⣿⣿⢿
⠀⠀⠀⠀⠀⠀⠀⠀⡏⣾⣿⣿⣿⣿⣿⣿⣿⣿⣷⢹
⠀⠀⠀⠀⠀⠀⠀⠀⡳⣹⣿⣿⣿⣿⣿⣿⣿⣿⣏⢞
⠀⠀⠀⠀⠀⠀⢀⢔⣵⣿⣿⣿⡿⡫⢝⢿⣿⣿⣿⣮⡢⡀
⠀⠀⠀⠀⠀⡰⣣⣿⣿⣿⣿⣟⣵⣁⣈⣮⣻⣿⣿⣿⣿⣜⢄
⠀⠀⠀⢠⢎⣾⣿⣿⣿⣿⣿⣿⣿⣿⣿⣿⣿⣿⣿⣿⣿⣿⣷⡱⡄
⡄⣤⣴⣵⣿⣿⣿⣿⣯⡺⡄⠀⠀⠀⠀⠀⠀⢠⢃⣽⣿⣿⣿⣿⣮⣦⣤⢠
⡇⣿⣿⣿⣿⣿⣿⣿⣿⢇⡇⠀⠀⠀⠀⠀⠀⢸⡸⣿⣿⣿⣿⣿⣿⣿⣿⢸
⠀⠀⠀⣀⣀⣠⠤⣴⣾⡶⢦⢄⣀⡀
⠀⠀⠉⠉⠉⠿⠾⠟⠛⠒⠊⠉⠉⠁
⠀⠀⠀⠀⠀⠀⠀⠀⠀⠀⠀⠀⣠⢶⣆⣤⠄
⠀⠀⠀⠀⢀⣀⣤⣴⣒⡒⢚⣻⣿⣿⣿⠉⠻⠳⠤⠤⣄
⠀⠀⠀⠉⠉⠙⠛⠛⣻⢆⣴⣿⣿⣧⣤⠤⠽⠿⠷⠚⠋
⠀⠀⠀⠀⠀⠀⠀⠀⠹⠟⠋⠉
⠀⠀⠀⠀⠀⠀⠀⠀⠀⠀⠀⠀⠀⠀⠀⢀⡤⣶⣀⣀⡀
⠀⠀⠀⠀⠀⠀⠀⠀⢀⣀⣀⣤⡤⢤⣴⣾⣷⣿⡿⠟⢳⡲⣄⣀⡀
⠀⠀⠀⠀⡤⠴⠶⣿⣿⣷⣶⣒⡀⢐⣾⡷⣟⠙⠋⠀⠠⣤⣤⣉⣉⣹⠗
⠀⠀⠀⠀⠀⠀⠈⠉⠁⠀⢸⡟⣴⣿⣷⠿⠟⠿⠗⠚⠛⠋⠉⠉⠉⠁
⠀⠀⠀⠀⠀⠀⠀⠀⠀⠀⠈⠛⠋⠁
⣿⠟⠁⣤⠀⢉⡟⠀⣼⠃⢠⣤⣀⣹
⣿⠀⣰⡆⠀⣼⠃⢰⣏⠀⠚⠋⣩⣿
⣿⣿⡿⠋⠉⣉⡉⠉⠙⣿⡿⠉⠉⣿⡟⠉⢉⣉⣉⠉⠙⣿
⣿⠟⠁⠀⠈⠉⠁⠀⢰⣿⠃⠀⣸⣿⠁⠀⣼⣿⡿⠿⣾⣿
⣿⣇⣀⣸⣿⣟⣀⣀⣿⣏⣀⣀⣿⣧⣀⣀⣉⣉⣀⣤⣾⣿
⣿⣿⣿⠟⠋⠉⣉⣉⡉⠉⠉⢻⣿⡿⠉⠉⢩⣿⡟⠉⠉⢉⣉⣉⠉⠉⠙⣿
⣿⡟⠉⠀⠀⠈⠉⠉⠁⠀⢀⣾⣿⠁⠀⢠⣿⡿⠁⠀⢠⣿⣿⡿⠿⢿⣿⣿
⣿⣟⣀⣀⣸⣿⣿⣃⣀⣀⣾⣿⣃⣀⣀⣿⣿⣧⣀⣀⣈⣉⣉⣀⣠⣴⣿⣿
⠀⠀⠀⠀⣀⣠⣤⣤⣤⣀⡀⠠⡑⢄
⠀⢤⣶⣾⣿⣿⣿⣿⡿⣿⣿⣃⣮⠞
⣰⡿⢻⣿⢩⣿⠋⢿⠇⠘⠇
⠀⠀⠀⠀⠀⠀⠀⠀⣀⣀⣤⣤⣤⣀⡀⠀⠀⠨⣉⡒⢦⡀
⠀⠀⠀⣀⣠⣴⣾⣿⣿⣿⣿⣿⣿⣿⣿⣿⣷⡦⠀⣹⢀⡿
⠀⢈⣿⣿⣿⣿⣿⣿⣿⣿⡿⣿⣾⠖⠿⣿⡿⠥⠴⠖⠋
⣠⣿⡿⢩⣿⣿⢃⣼⣿⠏⠠⠿⡿⠁⠀⠛⠖
⠀⠀⠀⠀⠀⠀⠀⠀⠀⠀⠀⠀⣀⣀⣠⣄⣀⡀⠀⠀⠀⠈⣉⣙⠒⢦⣄
⠀⠀⠀⠀⠀⠀⠀⣤⣴⣶⣿⣿⣿⣿⣿⣿⣿⣿⣷⣦⣶⣤⡀⠈⢳⡆⢹⣷
⠀⠠⢤⣴⣶⣿⣿⣿⣿⣿⣿⣿⣿⣿⣿⣋⣟⢻⣿⣿⣿⣿⠃⠀⢜⣡⡾⠋
⠀⢀⣾⣿⣿⣿⣿⡿⠿⢿⣿⣿⡿⠛⣿⣿⣯⠈⠙⣻⡿⠓⠚⠛⠉⠁
⣠⣿⣿⡟⢠⣾⣿⡟⢁⣾⣿⡿⠁⠐⠿⢿⠏⠀⠀⠙⠓⠂
⠀⠀⠤⠶⠒⠲⣾⡿⠿⠿⠿⡟⠒⠂
⠀⠀⠀⠀⠀⠀⠀⢙⣿⡷⠞⠁
⠀⠠⢄⣀⣤⣤⡤⠤⢶⣶⣶⣾⣿⣿⣿⣿⣿⣿⣶⠶⠤⠄
⠀⠀⠀⠀⠀⠀⠀⠀⠈⠉⠛⢶⣤⣠⣀⡀⢀⡿
⠀⠀⠀⠀⠀⠀⠀⠀⠀⠀⠀⠀⣹⣿⠿⠞⠋
⠀⢀⣀⣀⣀⣀⣀⣀⣠⣤⣤⣤⣶⣶⣶⣾⣿⣿⣿⣿⣿⣿⣷⣶⣦⣤⣤⣀
⠀⠀⠀⠉⠉⠉⠉⠉⠁⠀⠀⠻⠿⣯⣍⡉⠉⠉⠉⠉⠉⠙⣯⠉
⠀⠀⠀⠀⠀⠀⠀⠀⠀⠀⠀⠀⠀⠀⠛⢿⣶⣾⡤⢖⣠⡾⠋
⠀⠀⠀⠀⠀⠀⠀⠀⠀⠀⠀⠀⠀⠀⠀⣠⣿⡿⠶⠛⠋
⠀⢠⣴⣶⣾⡿⠿⢷⣶⠖
⠀⠈⠙⠻⠿⣿⠖⠐⠂
⠀⠀⠀⠀⠀⠀⠀⠀⢀⣀
⠀⠀⢀⣴⣾⣿⣿⣿⣿⠿⠿⣿⣿⣿⡿⠃
⠀⠀⠘⢿⣿⣿⣿⣿⣿⣄⣀⠈⢁⠉⠁
⠀⠀⠀⠀⠈⠙⠛⠿⢿⡿⠋⠀⠃
⠀⠀⠀⠀⢀⣠⣤⣴⣶⣶⣶⣶⣶⣶⣶⣶⣶⣶⣤⡤
⠀⠀⠀⣾⣿⣿⣿⣿⣿⣿⣿⠋⠉⠙⠻⣿⠿⡿⠏
⠀⠀⠀⠙⠻⢿⣿⣿⣿⣿⣿⣷⣦⣤⠄⣀⠄⠃
⠀⠀⠀⠀⠀⠀⠈⠙⠛⠿⠿⣿⠟⠁⠀⠃
⠀⠀⠀⠀⠀⠀⣀⣀⠀⠀⠈⠉⢳⣦
⢀⡴⠎⣿⣇⣘⣛⣿⠭⣭⣁⣠⠿⠁
⠀⠀⠀⠀⠀⠀⠀⠀⠀⠀⠀⠀⠀⠀⠀⠈⠉⠙⠳⣶⣤⡀
⠀⠀⠀⠀⢀⣀⡀⠀⠀⢀⣀⣀⣀⠀⠀⣀⡀⠀⢀⢸⣿⡿
⠀⠀⢀⣴⠟⣿⣿⠀⠸⣿⣯⣭⣛⠛⠼⠟⠃⠀⢠⣿⡿⠁
⢠⣾⡿⠿⠶⣿⣿⠶⣶⣦⣬⣿⠿⠓⢶⣷⣤⣴⡿⠟⠁
⠀⠀⠀⠀⠀⠀⠀⠀⠀⠀⠀⠀⠀⠀⠀⠀⠀⠀⠀⠉⠉⠉⠛⠲⣶⣤⣀
⠀⠀⠀⠀⠀⠀⠀⠀⠀⠀⠀⠀⠀⠀⠀⠀⠀⠀⠀⠀⠀⠀⠀⠀⢸⣿⣿⣧
⠀⠀⠀⠀⢀⣴⣶⣶⡆⠀⢀⣤⣶⡶⢶⣶⣦⣄⢠⣶⣶⠀⠀⠐⣸⣿⣿⠁
⠀⠀⢀⣴⣿⠟⢹⣿⣷⠀⠘⠻⠿⣷⣶⣮⣄⠀⠉⠉⠁⠀⠀⣰⣿⣿⠃
⢠⣾⣿⠟⠛⠛⢻⣿⣿⠺⢿⣿⣦⣴⣿⠿⠟⠹⢿⣿⣶⣶⣾⡿⠟⠁
⠀⠀⠀⠀⠰⣶⣶⣶⣶⠆
⠀⠀⠀⢀⣴⣿⠏⠹⣿⣦⡀
⠀⠀⣠⣾⡭⠿⠿⠿⠿⣿⣷⣄
⠰⠾⠿⠿⠷⠀⠀⠀⠀⠾⠿⠿⠷⠆
⠀⠀⠀⠀⠀⠀⠀⣶⣶⣶⣶⣶⣶⣶⣶
⠀⠀⠀⠀⠀⠀⠀⠉⣽⣿⣿⣿⣿⣯⠉
⠀⠀⠀⠀⠀⠀⢠⣾⣿⣿⠋⠙⣿⣿⣷⡄
⠀⠀⠀⠀⠀⣰⣿⣿⣿⣁⣀⣀⣈⣿⣿⣿⣆
⠀⠀⠀⢀⣼⣿⣴⡦⠬⠭⠼⠯⠭⠬⢬⣯⣽⣧⡀
⠀⣀⣠⣿⣿⣿⣿⣁⠀⠀⠀⠀⠀⠀⣈⣿⣿⣿⣿⣄⣀
⠀⠿⠿⠿⠿⠿⠿⠿⠀⠀⠀⠀⠀⠀⠿⠿⠿⠿⠿⠿⠿
⠀⠀⠀⠀⠀⠀⠀⠀⠀⣶⣶⣶⣶⣶⣶⣶⣶⣶⣶
⠀⠀⠀⠀⠀⠀⠀⠀⠀⠛⢻⣿⣿⣿⣿⣿⣿⡟⠛
⠀⠀⠀⠀⠀⠀⠀⠀⢀⣴⣿⣿⣿⠟⠻⣿⣿⣿⣦⡀
⠀⠀⠀⠀⠀⠀⠀⣠⣾⣿⣿⡿⠋⠀⠀⠙⢿⣿⣿⣷⣄
⠀⠀⠀⠀⠀⢀⣴⡟⠛⠛⠿⠷⡶⠶⡶⠶⠾⠿⠿⡿⡿⣦⡀
⠀⠀⠀⠀⣠⣿⣿⣿⣿⡟⠛⠛⠛⠛⠛⠛⠛⠛⢻⣿⣷⣿⣿⣄
⠀⢠⣤⣼⣿⣿⣿⣿⣯⣤⡄⠀⠀⠀⠀⠀⠀⢠⣤⣽⣿⣿⣿⣿⣧⣤⡄
⠀⠸⠿⠿⠿⠿⠿⠿⠿⠿⠃⠀⠀⠀⠀⠀⠀⠘⠿⠿⠿⠿⠿⠿⠿⠿⠇
⠀⠀⠀⠀⠀⢀⡜⢣⡀
⠐⢶⡤⣄⡀⠞⡆⢰⠳⢀⣠⢤⡶⠂
⠀⠀⠙⣞⢯⠀⡇⢸⠀⡽⣳⠋
⠀⠀⠀⢹⣬⣓⡃⢘⣚⣥⡏
⠀⠀⠀⠀⢸⡿⡿⢿⢿⡇
⠀⠀⠀⠀⠀⠁⢷⡾⠈
⠀⠀⠀⠀⠀⠀⠘⠃
⠀⠀⠀⠀⠀⠀⠀⠀⠀⢀⡴⢦⡀
⠀⠀⠀⠀⠀⠀⠀⠀⢠⠏⠀⠀⠹⡄
⠀⠙⢿⡒⠦⣄⡀⠀⠟⢺⠀⠀⡗⠻⠀⢀⣠⠴⢒⡿⠋
⠀⠀⠀⠙⣦⠐⢟⠒⠀⢸⠇⠀⡇⠀⠒⡻⠂⣴⠋
⠀⠀⠀⠀⠘⣇⠈⢧⡀⢸⠀⠀⡇⠀⡼⠁⣸⠃
⠀⠀⠀⠀⠀⢹⣄⣈⣛⠛⠀⠀⠛⣚⣁⣠⡏
⠀⠀⠀⠀⠀⠘⠉⣿⣿⣿⣤⣤⣿⣿⣿⠉⠃
⠀⠀⠀⠀⠀⠀⠀⢸⡇⢿⡛⢛⡿⢸⡇
⠀⠀⠀⠀⠀⠀⠀⠀⠁⠸⡇⢸⠇⠈
⠀⠀⠀⠀⠀⠀⠀⠀⠀⠀⢻⡟
⠀⠀⠀⠀⠀⠀⠀⠀⠀⠀⠈⠁
⠀⠀⠀⠀⠀⠀⠀⠀⠀⠀⠀⠀⢀⡴⢦⡀
⠀⠀⠀⠀⠀⠀⠀⠀⠀⠀⠀⣠⠏⠀⠀⠹⣄
⠀⠠⣤⣀⡀⠀⠀⠀⠀⠀⣰⣏⣤⠀⠀⣤⣹⣆⠀⠀⠀⠀⠀⢀⣀⣤⠄
⠀⠀⠈⠳⣍⠙⠲⢤⣀⠀⠉⠁⣿⠀⠀⣿⠈⠉⠀⣀⡤⠖⠋⣩⠞⠁
⠀⠀⠀⠀⠘⢧⡀⠹⣟⠓⠀⠀⣿⠀⠀⣿⠀⠀⠚⣻⠏⢀⡼⠃
⠀⠀⠀⠀⠀⠈⣷⠀⠘⣧⠀⠀⣿⠀⠀⣿⠀⠀⣴⠃⠀⣾⠁
⠀⠀⠀⠀⠀⠀⠸⣇⠀⠘⠧⣤⡿⠀⠀⢿⣤⠼⠃⠀⣸⠇
⠀⠀⠀⠀⠀⠀⠀⣿⢶⣶⣦⣤⡀⠀⠀⢀⣤⣴⣶⡶⣿
⠀⠀⠀⠀⠀⠀⠀⠁⠀⣿⣿⣿⣷⣶⣶⣾⣿⣿⣿⠀⠈
⠀⠀⠀⠀⠀⠀⠀⠀⠀⢸⡏⢸⣿⠛⠛⣿⡇⢹⡇
⠀⠀⠀⠀⠀⠀⠀⠀⠀⠀⠇⠀⢿⡄⢠⡿⠀⠸
⠀⠀⠀⠀⠀⠀⠀⠀⠀⠀⠀⠀⠘⣇⣸⠃
⠀⠀⠀⠀⠀⠀⠀⠀⠀⠀⠀⠀⠀⢻⡟
⠀⠀⠀⠀⠀⠀⠀⠀⠀⠀⠀⠀⠀⠈⠁
⠀⠀⢸⢸⣟⠛⣻⣟⠛⣻⡇⡇
⠀⠀⢌⡾⢃⣴⣏⣹⣦⡘⢷⡡
⡗⣿⣭⣤⣭⣴⠄⠠⣦⣭⣤⣭⣿⢊
⠀⠀⠀⠀⡏⢰⣶⠶⠶⠶⢶⡶⠶⠶⠶⣶⡆⢹
⠀⠀⠀⠀⢧⢘⣿⡿⠁⣠⣾⣷⣄⠈⢿⣿⡃⡼
⠀⠀⠀⡴⣡⣾⠋⢀⣴⣟⣁⣈⣻⣦⡀⠙⣷⣌⢦
⡆⣠⣬⣴⠟⠁⣠⣿⠋⠀⠀⠀⠀⠙⢿⣄⠈⠻⣦⣥⣤⢰
⡇⠻⠿⠶⠶⠶⠶⠶⠾⠿⠀⠀⠿⠷⠶⠶⠶⠶⠶⠿⠟⢸
⠀⠀⠀⠀⠀⣿⢩⣭⣭⣭⣭⣭⣭⣭⣭⣭⣭⣭⣭⣭⣭⡍⣿
⠀⠀⠀⠀⠀⣿⢸⣿⣿⣤⡤⠀⢀⣴⣦⡀⠀⢤⣤⣿⣿⡇⣿
⠀⠀⠀⠀⠀⣹⠆⣴⣿⠟⠀⢠⣾⡿⢿⣷⡄⠀⠻⣿⣦⠰⣟
⠀⠀⠀⠀⡴⢁⣾⡿⠃⠀⣴⣿⠟⠀⠀⠻⣿⣦⠀⠘⢿⣷⡈⢦
⡤⠤⠤⠞⣠⣿⠟⠀⢀⣾⡿⠋⠉⠉⠉⠉⠙⢿⣷⡀⠀⠻⣿⣄⠳⠤⠤⢤
⡇⢸⣿⡟⠛⠋⠀⠐⠛⠛⢠⣤⡄⠀⠀⢠⣤⡄⠛⠛⠂⠀⠙⠛⢻⣿⡇⢸
⣇⣘⣛⣛⣛⣛⣛⣛⣛⣛⣛⣛⣃⣀⣀⣘⣛⣛⣛⣛⣛⣛⣛⣛⣛⣛⣃⣸
⠀⢀⣀⣀⣸⢏⣿⣯⡻⣄⣀⣀⡀
⢀⡼⣱⡟⢳⣿⣕⣻⣷⡞⢿⣎⢧⡀
⠯⠼⣟⣰⣟⣱⠿⠷⣎⣿⣎⣻⠧⠿
⠀⠀⠀⠀⠀⠀⠀⢸⡏⢩⣭⣭⡉⣿
⠀⠀⢐⣿⢛⣛⣛⡛⣱⣿⠟⣿⣷⡜⢛⣛⣛⡛⢻⡆
⠀⢀⡾⢣⣾⡿⠛⣱⣿⣯⠖⠛⣫⣷⡿⠻⣿⣿⡌⢷⡀
⣤⠞⣡⣿⡟⠁⣼⣿⢋⡻⢿⠿⣋⢻⣿⣦⠘⣿⣿⣎⠻⣤
⠛⠒⠒⢶⣆⣚⣛⣃⣸⡟⠛⠛⢹⣇⣛⣛⣓⣠⣶⠒⠒⠛
⠀⠀⠀⠀⠀⠀⠀⠀⠀⢸⣿⠛⣛⣛⣛⡛⢻⣿
⠀⠀⠀⢠⣤⣤⣤⣤⣤⣼⠏⣰⣿⣿⣿⣷⡈⢿⣤⣤⣤⣤⣤⣤⣄
⠀⠀⠀⣸⡿⢀⣶⣶⣶⡆⣰⣿⡿⠉⢻⣿⣷⠄⣰⣶⣶⣶⡆⢸⣿
⠀⠀⣰⡿⢡⣿⣿⡟⠛⣰⣿⣿⣥⠾⠋⢛⣵⣾⡿⠛⣿⣿⣿⡌⢻⣆
⣀⣰⡟⢡⣿⣿⡟⠀⣰⣿⡿⠫⣶⣶⣾⡿⠟⣵⣿⣆⠘⣿⣿⣿⡄⢻⣆⣀
⣿⡏⠰⠛⠛⠻⠀⣰⣿⡿⢁⣶⣌⣛⣋⣴⣦⠹⣿⣿⣆⠸⠟⠛⠛⠆⢹⣿
⠉⠉⠉⠉⣿⣧⣬⣭⣭⣥⣼⣿⠉⠉⠉⠰⣿⣤⣭⣭⣭⣥⣼⣿⠉⠉⠉⠉
⢀⣀⣠⣤⣴⣶⣾⣿⣿⣿⣶⣄⡀
⠀⠀⠹⣿⠿⠿⣿⣿⡿⠛⠛⠛⠛⠉
⠀⠀⠀⠀⢀⣀⣠⣤⣴⣶⣾⣿⣿⣷⣾⣶⣦⣄
⠐⠶⠚⢿⣿⣿⣿⣿⣿⣿⣿⣿⣿⣿⣿⣿⣿⣟⣿⣶⣦⠤
⠀⠀⠀⠀⢿⣿⠿⠟⠻⠿⣿⣿⣿⠿⠋⠉⠉⠉⠉⠉⠁
⠀⠀⠀⠀⠀⢀⣀⣀⣠⣤⣤⣶⣶⣾⣿⣿⣿⣾⣾⣷⣦⣤⣀
⠐⠲⠖⠻⢿⣿⣿⣿⣿⣿⣿⣿⣿⣿⣿⣿⣿⣿⣿⣿⣿⣿⣟⣿⣶⣶⣤⠤
⠀⠀⠀⠀⠀⢹⣿⡿⠿⠟⠻⠿⢿⣿⣿⣿⡿⠟⠋⠉⠉⠉⠉⠉⠉⠉
⣿⠋⠈⠉⠙⠋⠋⠙⠙⠋⠉⠁⠙⣿
⠟⠁⠀⠀⠀⠀⠀⠀⠀⠀⠀⠀⠈⠻
⣇⣀⠀⠀⠀⠀⠀⠀⠀⠀⠀⠀⣀⣸
⣿⣿⣷⣶⣶⣀⠀⠀⣀⣶⣶⣾⣿⣿
⣿⣿⠋⠀⠉⠛⠛⠿⠛⠛⠛⠛⠛⠛⠿⠛⠛⠉⠀⠙⣿⣿
⣿⣿⡄⠀⠀⠀⠀⠀⠀⠀⠀⠀⠀⠀⠀⠀⠀⠀⠀⢠⣿⣿
⡋⠁⠀⠀⠀⠀⠀⠀⠀⠀⠀⠀⠀⠀⠀⠀⠀⠀⢀⠀⠀⢙
⣗⠉⠀⠀⠀⠀⠀⠀⠀⠀⠀⠀⠀⠀⠀⠀⠀⠀⠀⠀⠉⣺
⣿⣷⣶⣤⡀⣀⣀⡀⠀⠀⠀⠀⠀⠀⢀⣀⣀⢀⣤⣶⣾⣿
⣿⣿⣿⣿⣿⣿⣿⣿⣄⣀⡀⢀⣀⣠⣿⣿⣿⣿⣿⣿⣿⣿
⣿⣿⡿⠋⠈⠙⠛⠛⠿⣿⠿⠿⠿⠟⠻⠿⠿⠿⣿⠿⠛⠛⠋⠁⠙⢿⣿⣿
⣿⣿⡇⠀⠀⠀⠀⠀⠀⠀⠀⠀⠀⠀⠀⠀⠀⠀⠀⠀⠀⠀⠀⠀⠀⢸⣿⣿
⣿⡿⠟⠀⠀⠀⠀⠀⠀⠀⠀⠀⠀⠀⠀⠀⠀⠀⠀⠀⠀⠀⠀⠀⠀⠻⢿⣿
⡯⠀⠀⣀⡀⠠⠤⠄⠀⠀⠀⠀⠀⠀⠀⠀⠀⠀⠀⠀⠠⠤⠄⢀⣀⠀⠀⢽
⡷⠚⠉⠀⠀⠀⠀⠀⠀⠀⠀⠀⠀⠀⠀⠀⠀⠀⠀⠀⠀⠀⠀⠀⠀⠉⠓⢾
⣿⣶⣀⣀⠀⠀⠀⠀⠀⠀⠀⠀⠀⠀⠀⠀⠀⠀⠀⠀⠀⠀⠀⠀⣠⣀⣶⣿
⣿⣿⣿⣿⣿⣦⣤⣴⣶⣄⠀⠀⠀⠀⠀⠀⠀⠀⣠⣶⣦⣤⣴⣿⣿⣿⣿⣿
⣿⣿⣿⣿⣿⣿⣿⣿⣿⣿⣧⣄⣀⡀⢀⣀⣠⣼⣿⣿⣿⣿⣿⣿⣿⣿⣿⣿
⢠⠾⠽⢯⠿⡽⣯⡿⠭⢯⠿⣭⢯⡟
⢀⡇⣸⡟⣐⢿⢇⣘⣛⡟⣠⡇⡸
⠀⢀⢞⡉⣿⢉⢩⡏⡉⡿⣉⢹⢋⠋⡽⡙⡹⣋⢹⣏⡉⡷
⠀⠯⡌⠉⣩⣽⠃⠉⠭⢭⠟⠉⣤⣄⣉⡟⠈⠹⠏⠈⡽
⠀⡼⠁⠠⠿⠏⠀⠈⠉⠿⢄⣀⣋⣠⠼⠁⠠⠿⠀⠰⠃
⠀⠀⢠⠟⠉⢻⠏⡩⢉⡏⠙⢩⡿⠉⢹⡏⠉⠋⣟⡉⠭⡿⠋⠙⣗⡉⠭⡶
⠀⣲⠓⠚⠓⠚⠒⢳⠚⠒⠛⠒⢒⣷⠖⠒⠓⠒⠳⣶⠚⠒⢻⡶⠓⠒⡾⠁
⠀⠉⣹⠁⠀⣸⣿⡏⠀⢀⣉⣉⣿⠁⠀⣼⡿⠶⢶⡟⠀⢀⣉⠁⠀⣸⠃
⠀⠤⠧⠤⠤⠿⠿⠥⠤⠤⠭⠼⠟⢤⣄⣈⣤⠴⠾⠥⠤⠼⠯⠤⠤⠏
⢀⣀⣠⡤⣶⣤⡶⣿⢶⣶⣤⣄⡀
⠈⠙⢧⣝⢦⡜⠧⣿⣾⣿⣿⣴⣿⡧
⠀⠀⠚⠻⠶⠾⣿⣿⣿⣿⡿⠿⠛⠉
⠀⠀⠀⠀⠀⣀⢠⡤⢄⣠⠶⣟⣶⡤⣤⡤⣀
⢠⠴⣶⣒⠺⣌⠉⠉⠛⣶⡌⢷⡈⠙⣯⢙⡤⠏⠑⢦⡀⡀
⠀⠀⠈⢿⣤⡘⠷⣤⡀⠻⣴⣾⣷⡄⣓⣿⣴⣆⠾⣸⡝⡅
⠀⠀⠀⠀⣼⡿⠁⠈⣁⣤⣤⣾⢻⣷⣼⣿⣯⣿⡟⣛⡡⠇
⠀⠀⠀⠉⠉⠙⠛⠉⠛⠳⠾⢽⣿⣿⣽⣿⡿⠟⠋
⠀⠀⠀⠀⠀⠀⢀⡀⢠⣄⣀⣀⣤⢦⣞⠦⠤⢤⡀⢀⣀
⠀⣀⣠⡤⠤⢴⡏⠛⠚⠓⠲⢦⣅⠐⢮⠉⠙⠳⣍⠻⠆⣹⠎⠢⣄
⠈⠉⠉⢹⣷⠀⠘⢦⣀⠀⠀⢸⡿⢀⡰⣟⠀⠐⣏⣰⡏⣁⠀⣠⡎⡷⣴
⠀⠀⠀⠀⠛⠿⣦⡤⠉⠛⡶⠀⠙⠛⢛⣮⣿⠂⢲⡿⣿⣛⣖⣈⣰⡷⠘⡇
⠀⠀⠀⠀⣀⣚⣿⢃⣀⣀⣤⡤⢶⣾⣽⣏⡿⣿⣾⣿⣶⣶⡾⣜⣉⠤⠚⠃
⠀⠀⠀⠀⠀⠀⠈⠉⠉⠉⠉⠙⠳⠶⠭⣭⣾⣿⣽⣯⣽⠟⠋⠋
⢳⣭⣲⡲⢶⣒⣒⣒⣒⣲⠶⣶⣶⣶
⠸⣿⣿⣿⣛⡉⠀⠀⠈⠙⣿⣦⢹⣿
⠀⢿⣉⣀⣀⣀⣠⣤⣀⣾⣽⣣⢾⠃
⠀⠀⠈⠙⠻⠿⢧⣬⠿⠟⠛⠉⠉
⢯⢍⡓⠶⣶⣶⣶⣶⣶⡶⠶⠶⠶⢶⣶⣶⣶⣶⣶⣶⣶⢰
⢸⢸⣯⣶⣿⣬⣙⠦⣶⣶⡦⠧⣾⣴⣢⢌⣍⠛⢿⣿⣿⢸
⢸⢸⣿⣿⣿⣿⠿⠛⠁⠀⠀⠀⠀⠀⠉⠳⣝⣷⡄⢹⣿⢸
⠘⡜⣿⣿⠭⠒⠛⠛⠉⠁⠀⠀⠀⠀⠀⣠⣏⣾⠃⣸⡿⡸
⠀⠵⣯⣄⣀⣀⣀⣀⣀⣠⣤⣶⣤⣄⣻⣷⣬⣑⠶⣟⡱⠁
⠀⠀⠈⠑⢝⡿⣿⣿⣿⣿⠛⠈⢻⣿⣿⣿⡿⢟⠟⠂⠃
⠀⠀⠀⠀⠀⠈⠁⠛⠛⠿⠿⡿⠿⠟⠛⠋⠈
⢯⣍⡙⠲⢤⣤⠴⣶⣤⣤⣤⣤⣤⣤⣤⣤⣤⣤⣤⣤⣤⣤⣤⣤⣤⣤⣤⢰
⠀⡇⣿⣓⡴⣲⣭⣙⠻⢭⣠⣤⢲⣆⣶⣰⡆⡤⢈⡍⣙⠻⢿⣿⣿⣿⣿⢸
⠀⡇⣿⣿⣿⣿⣿⣿⣿⠶⠘⠉⠉⠁⠀⠈⠉⠉⠛⢮⣝⢶⣤⠈⠻⣿⣿⢸
⠀⡇⣿⣿⣿⠿⣛⡭⠤⠤⠤⠆⠀⠀⠀⠀⠀⠀⠀⠀⣹⠆⣿⡇⠀⣿⡿⢸
⠀⠳⣹⡿⠟⠋⠁⠀⠀⠀⠀⠀⠀⠀⠀⠀⠀⢀⣠⣖⠻⢼⣟⢀⣴⣿⢃⠏
⠀⠚⠛⢶⡶⣦⣤⣤⣤⣤⣤⣶⣶⣿⢿⣷⣶⣶⣾⣿⣿⣶⣬⣙⠻⢵⠃
⠀⠀⠀⠀⠉⠪⢝⡻⢿⣿⣿⣿⣭⢉⣀⠩⣽⣿⣿⣿⡿⢟⠫⠛⠙⠚⠁
⠀⠀⠀⠀⠀⠀⠀⠀⠁⠘⠉⠛⠛⠿⣿⠿⠛⠛⠉⠂⠈
⠀⠀⣠⡾⣿⡿⠂⢠⡟⢿⡁⠀⢰⡏
⣀⡾⢛⣻⣯⣤⣤⣤⣿⣿⣠⣤⡿
⠀⠀⠀⢀⣠⠾⢻⣿⡿⠇⠀⢀⣤⠟⠿⢟⡀⠀⠀⢠⣿⠋
⢀⣤⡶⠛⡛⣻⣟⣉⢠⣀⡤⡄⣄⡟⣿⣟⡤⣤⣠⡿⠃
⠀⠀⠀⠀⠀⢀⣤⡾⣿⣿⣿⣿⡤⠄⣀⣀⣚⠻⣿⣿⠋⠀⠀⠀⠀⣸⣿⠋
⠀⠀⠀⣠⣴⣿⣋⣀⣹⡿⠋⠁⠀⠀⠐⠺⢭⣭⣭⢭⠗⠀⠀⠀⣰⣿⠏
⢀⣴⣾⠟⠉⣹⣩⣿⣧⣲⣘⣖⣰⣒⣞⣸⣸⢋⣿⣾⣔⣲⣦⣴⡿⠋
⠀⠀⠀⠀⠀⠀⠀⣠⣶⡶⣶⣶⡶
⠀⠀⣀⣀⣀⣴⣿⣿⣋⣰⣿⣿⣇
⠀⠀⠬⠿⠿⠿⠋⠉⠹⠿⠿⠿⠉
⠀⠀⠀⠀⠀⠀⠀⠀⠀⠀⠀⠀⣠⣶⣶⣶⣶⣶⣶⣶⡆
⠀⠀⠀⠀⠀⠀⠀⠀⠀⢀⣠⣾⣿⣿⡿⢫⣿⣿⣿⣿
⠀⠀⠀⠀⠀⠀⠀⣠⣴⣿⣿⣿⡿⠋⢀⣿⣿⣿⣿⡇
⠀⠀⠀⠙⢿⣿⣿⣿⣿⣿⡿⠿⠿⢿⣿⣿⣿⣿⣿⠿⠇
⠀⠀⠀⠶⠿⠿⠿⠿⠟⠁⠀⠀⠀⠸⠿⠿⠿⠿⠏
⠀⠀⠀⠀⠀⠀⠀⠀⠀⠀⠀⠀⠀⠀⠀⠀⣠⣤⣤⣤⣤⣤⣤⣤⣤⣤
⠀⠀⠀⠀⠀⠀⠀⠀⠀⠀⠀⠀⠀⢀⣴⣾⣿⣿⣿⠟⣿⣿⣿⣿⣿⡏
⠀⠀⠀⠀⠀⠀⠀⠀⠀⠀⢀⣤⣾⣿⣿⣿⣿⠟⠁⣼⣿⣿⣿⣿⣿⠁
⠀⠀⠀⠀⣄⣀⣀⣀⣠⣶⣿⣿⣿⣿⣿⣟⣁⣀⣴⣿⣿⣿⣿⣿⣯⣠
⠀⠀⠀⠀⠈⣹⣿⣿⣿⣿⣿⣿⡿⠛⠛⠛⠛⢿⣿⣿⣿⣿⣿⣿⠟⠛
⠀⠀⠀⠐⠚⠛⠛⠛⠛⠛⠛⠋⠀⠀⠀⠀⠀⠛⠛⠛⠛⠛⠛⠛
⣛⠛⠛⡛⠟⠁⢀⡀⠈⠻⢛⠛⠛⣛
⡿⠀⠀⠀⠠⣤⣬⣥⣤⠄⠀⠀⠀⢿
⣶⣤⣀⣀⠒⠚⠛⠛⠓⠒⣀⣀⣤⣶
⠿⠿⠿⠿⠿⠿⢿⡿⠋⠀⠀⠀⠀⠙⢿⡿⠿⠿⠿⠿⠿⠿
⣶⡄⠀⠀⠀⠤⠀⠀⠀⢀⣴⣦⡀⠀⠀⠀⠤⠀⠀⠀⢠⣶
⣿⡇⠀⠀⠀⠀⠀⣠⣤⣤⣤⣤⣤⣤⣄⠀⠀⠀⠀⠀⢸⣿
⣃⡀⠀⠀⠀⠀⣀⣀⣸⣿⣿⣿⣿⣇⣀⣀⠀⠀⠀⠀⢀⣘
⣿⣿⣶⣤⣄⣀⣀⡀⠈⠉⠉⠉⠉⠁⢀⣀⣀⣠⣤⣶⣿⣿
⡿⠿⠿⠿⠿⠿⠿⠿⣿⡿⠛⠁⠀⠀⠀⠀⠈⠛⢿⣿⠿⠿⠿⠿⠿⠿⠿⢿
⣀⣀⠀⠀⠀⠀⢀⡀⠈⠀⠀⠀⠀⣠⣄⠀⠀⠀⠀⠁⢀⡀⠀⠀⠀⠀⣀⣀
⣿⣿⠀⠀⠀⠀⠀⠀⠀⠀⠀⠀⠈⠉⠉⠁⠀⠀⠀⠀⠀⠀⠀⠀⠀⠀⣿⣿
⠿⠿⠀⠀⠀⠀⠀⠀⠀⠴⠿⣿⣿⣿⣿⣿⣿⠿⠦⠀⠀⠀⠀⠀⠀⠀⠿⠿
⣥⣤⡀⠀⠀⠀⠀⠠⠤⢤⣤⣿⣿⣿⣿⣿⣿⣤⡤⠤⠄⠀⠀⠀⠀⢀⣤⣬
⣿⣿⣿⣶⣤⣤⣀⣀⣀⣀⠀⠀⠀⠀⠀⠀⠀⠀⣀⣀⣀⣀⣤⣤⣶⣿⣿⣿
⠀⢀⣤⡴⠖⠋⠉⠉⣍⣑⠢⣄
⣠⣾⡏⠀⠀⠀⠀⠀⣨⢬⣥⡴⢟⣤
⠸⢿⣇⣴⡇⢠⡄⠰⣇⠀⠀⠉⠉
⠀⠀⠙⠋⠻⠾⣿⠷⠾⢿⡶⠤⠄
⠀⠀⠀⠀⣀⣤⣴⠖⠒⠛⠛⠛⠛⠓⠒⠦⢤⡀
⠀⢀⣴⣿⠿⠅⠀⠀⠀⠀⠀⠀⠉⠿⣛⣦⡄⠙⠳⣤
⢰⣿⡿⢟⡋⠀⠀⠀⠀⠀⠀⠀⠠⣶⠶⠶⣶⣖⡛⠭⣛⡦
⠀⣿⣿⣿⢁⣴⡞⡀⠀⣤⠀⠀⣾⡇⠀⠀⠀⠙⠛⠋⠉
⠀⠉⠘⢿⣾⡿⣷⣕⢸⣿⣦⣀⠹⠿⣦⣀
⠀⠀⠀⠀⠈⠁⠈⠛⠻⠿⣿⡛⠻⠿⠾⠿⠿⠿⠶⠒
⠀⠀⠀⠀⠀⢀⣀⣤⡤⠶⠖⠒⠛⠛⠛⠛⠓⠒⠲⠦⣤⣀
⠀⠀⠀⣴⣾⣿⣟⠉⠉⠀⠀⠀⠀⠀⠀⠉⢻⣿⠶⣤⣀⠈⠻⣦⣀⡀
⠀⣴⣾⣿⣭⠤⠄⠀⠀⠀⠀⠀⠀⠀⠀⠀⢀⣈⣩⣭⣭⣥⣤⣶⠞⠷⣤⡀
⠘⣹⣿⣫⣶⠖⠀⢀⣠⠀⠀⠀⠀⠀⠀⢀⣽⠋⠉⠉⠙⠛⢷⣦⣤⡴⠞⠃
⠀⢻⡿⣿⣿⠁⣴⣿⡌⠄⠀⣴⡇⡀⠀⠜⣿⡄
⠀⠀⠀⠘⠻⣿⣿⠻⣿⣤⣃⣿⣿⣮⣔⣈⡈⠻⢶⣤⣀⡀
⠀⠀⠀⠀⠀⠀⠈⠀⠈⠙⠛⠿⠿⢯⡙⠛⠻⠿⠿⠿⠿⠿⠿⠛⠛⠋
⠀⠀⠀⠀⢀⣤⣴⣶⡿⢉⣗⢦⡀
⠀⢀⣀⣠⣿⣿⢟⣿⡇⣭⠯⣽⢻⠂
⠀⠈⠉⠉⠛⠫⢍⡛⠧⢌⡇⠸⢾⡃
⠀⠀⠀⠀⠀⠀⠀⠙⠌⣷⢠⡀⢿⡿
⠀⠀⠀⠀⠀⠀⠀⠀⠀⠘⠳⢿⣾⣧
⠀⠀⠀⠀⠀⠀⠀⠀⣀⣠⣤⣶⣶⣿⠋⢹⡲⢤⣀
⠀⠀⠀⠀⠀⠀⣴⣾⣿⣿⣿⣿⣿⡇⠒⠚⡿⠷⠭⣷⣤⡀
⠀⢀⣠⣤⣤⣾⠿⣿⣿⡟⣰⣿⣿⠀⠸⣟⡓⠶⣮⠰⡏
⠀⠀⠀⠀⠀⠉⠉⠓⠶⢭⣙⠛⠻⠤⣄⣸⡇⠀⠻⢶⡟
⠀⠀⠀⠀⠀⠀⠀⠀⠀⠀⠈⠓⢄⠙⣶⣍⠁⠀⠀⣮⣿⣦
⠀⠀⠀⠀⠀⠀⠀⠀⠀⠀⠀⠀⠀⠁⠻⣿⡀⣷⣀⢸⣿⡇
⠀⠀⠀⠀⠀⠀⠀⠀⠀⠀⠀⠀⠀⠀⠀⠈⠛⠮⠿⣿⣿⣧
⠀⠀⠀⠀⠀⠀⠀⠀⠀⠀⠀⢀⣀⣤⣴⣶⣾⣿⠋⢛⡲⢦⣄
⠀⠀⠀⠀⠀⠀⠀⠀⣀⣴⣾⣿⣿⣿⣿⣿⣿⠃⣀⣤⣿⣷⣈⡻⣦⣄
⠀⠀⠀⠀⠀⠀⠀⣸⣿⣿⣿⣽⣿⠛⣿⣿⡟⠀⢀⣀⣒⣈⠉⢩⡟⢻⡷⠄
⠀⠠⠤⠴⢶⣶⣞⣛⡿⠿⢿⣿⣁⣾⣿⣿⡏⠀⠘⢿⣬⠙⠻⣷⠈⢿⡄
⠀⠀⠀⠀⠀⠀⠀⠉⠉⠛⠲⢦⣍⡉⠛⠲⠧⣤⣀⠀⣿⠀⢀⣛⣶⣾⠋
⠀⠀⠀⠀⠀⠀⠀⠀⠀⠀⠀⠀⠈⠙⠳⣄⠙⠲⣬⣙⠛⠀⠀⠀⢬⣻⣶⣄
⠀⠀⠀⠀⠀⠀⠀⠀⠀⠀⠀⠀⠀⠀⠀⠈⠳⠀⣿⣿⡄⢰⡄⠀⢸⣿⣿⡏
⠀⠀⠀⠀⠀⠀⠀⠀⠀⠀⠀⠀⠀⠀⠀⠀⠀⠀⠘⢿⣧⡘⢿⣦⣈⢿⣿⡇
⠀⠀⠀⠀⠀⠀⠀⠀⠀⠀⠀⠀⠀⠀⠀⠀⠀⠀⠀⠀⠉⠛⠲⠿⢿⣿⣿⣧
⠀⠀⠀⠀⣀⠀⠸⣤⣤⣶⢃⠀⢤⠖
⠀⠠⢤⣟⣛⣿⣿⣿⣿⣿⣙⣷⣶⡄
⠀⠀⠀⠀⠉⠙⠛⠛⠻⠭⠶⠵⠋
⠀⠀⠀⠀⠀⠀⠀⠀⠀⠀⣶⣄⡀⢀⣤⡶⠂⠀⠀⢀⣠⣖
⠀⠀⠀⠀⠀⣀⣰⣦⣤⣤⣬⣿⣿⣿⣿⣇⣠⣄⠀⠙⠛⠁
⠀⠤⠤⠤⣖⣛⠛⠿⠿⢿⡿⣿⣿⣿⡿⠟⠙⠻⣧⣽⣦
⠀⠀⠀⠀⠈⠛⠻⠿⢿⣿⣿⣿⣿⣿⠚⠓⠐⠛⢺⣿⠟
⠀⠀⠀⠀⠀⠀⠀⠀⠀⠀⠉⠉⠀⠙⠷⠞⠛⠷⠛⠁
⠀⠀⠀⠀⠀⠀⠀⠀⠀⠀⠀⠀⢠⣧⣀⠀⠀⢀⣠⣴⠒⠀⠀⠀⠀⠀⣠⣆
⠀⠀⠀⠀⠀⠀⠀⠀⠰⣄⡀⣀⣀⣙⣿⣿⣷⣿⣿⡏⠀⠀⠀⠀⠻⡿⠝⠋
⠀⠀⠀⣀⡀⣩⣭⣿⣿⣿⣛⣻⣿⣿⣿⣿⣿⣿⣿⣿⠟⢿⣿⠄⠴⣤
⠀⠈⠉⠉⢛⣒⣶⣤⣬⣍⣉⣛⣛⣻⣽⣿⣿⡿⣛⣅⣀⣀⣝⡻⣿⣾⡇
⠀⠀⠀⠀⠀⠀⠀⠉⠙⠛⠻⠿⣿⣿⣿⣿⣿⣿⠉⠉⣁⣉⠉⣽⣻⠟⠁
⠀⠀⠀⠀⠀⠀⠀⠀⠀⠀⠀⠀⠀⠀⠀⠀⠀⠙⠳⠞⠋⠹⠟⠋⠁
⠀⠀⠀⢀⢟⣽⢿⣯⢹⣇
⠀⣠⢞⣵⠛⣷⣿⣿⠘⣿⢹⡟⠁
⠀⠑⠛⠲⣆⢿⣧⣾⣠⣟⣼⣇⣀
⣶⣶⣿⠿⠿⠿⠿⠿⠿⠿⠿⠯⢿⡿
⠀⠀⠀⠀⠀⠀⢸⡏⣭⣭⣭⣭⡍⣿⣷
⠀⠀⠀⠀⣠⠖⣫⣶⢟⡁⣿⣿⢇⢻⣿⠶⠶⣶⣦⠄
⠀⢀⡴⢋⣵⣾⡋⢩⣿⣿⣿⣿⣊⠈⣿⡇⢸⣿⠃
⠀⠈⠳⠾⣭⣭⣦⠈⣿⣿⡈⢶⡯⢀⣿⠇⣸⣿
⠀⣀⣀⣠⣤⢤⣼⣷⣼⣿⣻⣿⣿⣹⣿⢶⣯⣿⢲⣶⡶⣤
⣿⣿⣧⡿⠿⠿⠿⠗⠓⠛⠛⠛⠛⠛⠛⠚⠳⠿⠾⠿⠿⠿
⠀⠀⠀⠀⠀⠀⠀⠀⢸⡏⡍⣭⣭⣭⣭⡉⠉⣿⣷
⠀⠀⠀⠀⠀⠀⣠⠶⢋⣤⡷⠟⡍⣿⣿⡇⠀⣿⣿⣤⣤⣤⣤⣤⡀
⠀⠀⠀⣠⡴⠛⣡⣶⠟⠟⣶⣷⡇⣿⣿⡇⠃⠒⣶⡆⠂⣾⣿⠟⠁
⠀⠀⣾⡡⠰⠾⠿⠶⠀⠀⣿⣿⡇⠿⠿⠷⠆⠁⣿⡇⠀⣿⣿
⠀⠀⠀⠉⠛⠛⠛⠛⢷⡐⠹⣿⣧⣄⣛⣛⣁⣴⡿⡃⣰⣿⣿
⢀⣀⣠⢤⣤⣶⡖⣶⣾⡫⣾⢿⡏⣿⣿⣿⣇⡿⣿⡟⣿⣦⡿⢹⣿⣿⢻⣶
⢯⣿⣿⣼⠯⠿⠾⠷⠛⠓⠛⠛⠛⠛⠛⠛⠛⠛⠛⠓⠛⠚⠳⠾⠷⠿⠷⠟
⠑⠂⠤⠤⠤⠤⢴⣶⣶⣶⣦⣤⣦⡀
⠀⠀⠀⠀⠀⠀⠀⠀⠉⠻⠤⢀⡀
⠘⠤⢤⣄⣀⣀⣀⣀⣀⣀⣤⣴⣶⣶⣶⣦⣄⡀⠀⣤
⠀⠀⠀⠀⠀⠀⠀⠀⠀⠉⠉⠛⠻⢿⣿⡿⠛⠛⠛⠛⠛⠂
⠀⠀⠀⠀⠀⠀⠀⠀⠀⠀⠀⠀⠀⠀⠈⠛⠲⠤⣄⡀
⠸⣧⣀⣀⣀⣀⣀⣀⣀⡀⠀⠀⢀⣠⣤⣤⣶⣶⣦⣤⣄⡀⠀⠀⣀⡀
⠀⠀⠈⠉⠉⠉⠉⠉⠉⠉⠉⠛⠻⠿⢿⣿⣿⣿⣿⣿⣿⣿⣶⣶⢿⣷⣤⡀
⠀⠀⠀⠀⠀⠀⠀⠀⠀⠀⠀⠀⠀⠀⠀⠀⠙⠛⢿⣿⡉⠉⠁
⠀⠀⠀⠀⠀⠀⠀⠀⠀⠀⠀⠀⠀⠀⠀⠀⠀⠀⠀⠙⠛⠒⠦⢤⡤⠤
⠀⠀⠀⠀⢾⣹⣿⣿⣿⡗
⠀⠀⠀⣻⣿⠛⠛⢿⣻⣿⣟
⠈⠻⣿⣿⣿⡗⢨⡿⢛⣿⣿⣿⠟⠁
⠀⠀⠀⠙⠛⠿⢾⡷⠿⠛⠋
⠀⠀⠀⠀⠀⠀⢰⣶⢺⣿⣿⣿⣿⣶⣶⡆
⠀⠀⠀⠀⢀⣠⣤⣿⣾⣿⣿⣿⣿⣿⣿⣤⣄⡀
⠀⠀⠀⠀⢀⣉⣿⡟⠉⠋⢋⡹⢭⣭⣿⣿⣉⡀
⠀⠻⣿⣿⣿⣿⣿⣟⠢⢌⣙⣿⡷⠖⣻⣿⣿⣿⣿⣿⠟
⠀⠀⠀⠙⠻⣿⣿⣿⣯⣕⣲⣖⣪⣽⣿⣿⣿⠟⠋
⠀⠀⠀⠀⠀⠀⠉⠙⠻⠿⢿⡿⠿⠟⠋⠉
⠀⠀⠀⠀⠀⠀⠀⠀⢴⣶⠒⣶⣶⣶⣶⣶⣶⣶⣶⡦
⠀⠀⠀⠀⠀⠀⠀⠀⢸⣿⣀⣿⣿⣿⣿⣿⣿⣿⣿⡇
⠀⠀⠀⠀⠀⠀⢶⣿⣿⣿⣿⡿⢿⣿⣿⡿⢿⣿⣿⣿⣿⣶
⠀⠀⠀⠀⠀⣀⣀⣬⡿⣏⠀⠉⠉⢁⡸⠧⢤⣼⣿⣽⣥⣀⣀
⠀⠙⢿⣿⣿⣿⣿⣿⣿⣷⢦⣄⠈⠛⣿⣷⣶⡶⣾⣿⣿⣿⣿⣿⣿⡿⠋
⠀⠀⠀⠙⢿⣿⣿⣿⣿⣿⣒⠦⢭⣙⣋⡭⠴⣒⣿⣿⣿⣿⣿⡿⠋
⠀⠀⠀⠀⠀⠈⠛⠿⣿⣿⣿⣿⣶⣼⣧⣶⣿⣿⣿⣿⠿⠛⠁
⠀⠀⠀⠀⠀⠀⠀⠀⠀⠉⠙⠛⠿⠿⠿⠿⠛⠋⠉
⠀⠀⠀⠀⣀⡤⠔⣏⣙⣿⡟⢓⢶
⢠⣖⡈⡟⣻⢛⡟⣛⡟⣿⣟⣿⢳⠖
⠀⠛⢺⣶⣿⣾⣾⣷⣷⣿⣷⡿⠋
⠀⠀⠀⠀⠀⠀⠀⠀⠀⣀⡤⠖⠐⠚⢯⡍⡭⠓⢶⣶
⠀⠀⠀⠀⣀⣠⣤⣶⣟⣉⣀⣳⣤⣬⡟⣿⣯⣄⣴⡹⠇
⢀⣠⠟⠩⠉⡟⠟⣹⠋⣻⡟⠻⢛⠟⣻⣿⠟⣲⣿⢛⡶⠆
⠀⠛⣞⣓⣞⡑⡞⣽⢚⡟⣱⣇⢊⣆⢻⢋⡖⣽⣟⣺⠃
⠀⠀⠈⠁⠿⠽⠯⠯⢯⠯⢯⠯⠯⠽⠯⠽⠿⠽⠃
⠀⠀⠀⠀⠀⠀⠀⠀⠀⠀⠀⠀⠀⣀⡶⠒⠒⠒⣋⡙⠛⡓⢒⢦⣤⡆
⠀⠀⠀⠀⠀⠀⠀⠀⠀⢀⣴⡶⠯⠁⣄⠀⠀⠠⣬⣭⣭⠤⠀⢉⠸⢷
⠀⠀⢀⣀⣀⣤⣴⣶⣿⣿⣖⣤⣤⣤⣾⣿⣶⣾⣫⠾⣷⡲⢴⣶⣴⠋
⠀⣀⣼⠃⣠⠀⣾⠉⠟⣹⠏⢩⣭⡏⠩⠍⣹⠉⠩⣽⡷⠓⣶⣾⠏⢩⠽⠃
⠀⠿⢤⡴⢦⢤⠿⡤⡴⢿⢤⠭⡿⢤⡦⠼⢧⠤⡭⡿⢧⠼⣿⡿⠤⣿⠄
⠀⠀⠸⠧⠥⢮⡴⡴⡧⣿⢤⢾⡤⡿⣧⣦⠿⢴⡼⡥⣿⢴⣿⡧⠞⠁
⠀⠀⠀⠀⠀⠿⠼⠿⠧⠧⠿⠼⠼⠧⠧⠯⠾⠼⠵⠶⠯⠷⠞⠁
⣠⣴⣖⣈⡉⠉⠽⣿⠯⢉⣑⣲⣦⣄
⠙⠻⠿⢿⣿⣓⣀⣀⣚⣿⡿⠿⠟⠋
⠀⠀⣀⣤⡴⠶⠖⠚⠛⠛⣿⣿⣿⡟⠓⠲⠶⢦⣤⣀
⣴⣿⣿⣿⣶⣶⣤⡀⠀⠉⠻⢿⠿⠋⢀⣠⣶⣤⣿⣿⣿⣦
⠻⣿⣿⣿⣿⣿⣿⣿⣷⡄⠀⠀⢠⣶⣿⣿⣿⣿⣿⣿⣿⠟
⠀⠀⠉⠛⠻⠿⠿⣿⣤⣤⣤⣤⣤⣤⣽⠿⠿⠟⠛⠉
⠀⠀⠀⢀⣀⣤⣴⠶⠶⠾⠛⠛⠻⣿⣿⣿⣿⠿⠷⠶⢶⣦⣤⣀⡀
⢀⣴⣾⣿⣿⣅⣠⣄⠀⠀⠀⠘⠻⣿⣿⣿⣿⠖⠀⠀⣠⣀⣉⣿⣿⣷⣦⡀
⣿⣿⣿⣿⣿⣿⣿⣿⣿⣦⣄⠀⠀⠀⠙⠋⠀⣠⣴⣿⣿⣿⣿⣿⣿⣿⣿⣿
⠈⠻⢿⣿⣿⣿⣿⣿⣿⣿⡿⠿⠀⠀⠀⠀⠿⠿⣿⣿⣿⣿⣿⣿⣿⡿⠟⠁
⠀⠀⠀⠈⠉⠛⠻⠿⠿⢿⣤⣤⣤⣤⣤⣤⣤⣤⡿⠿⠿⠟⠛⠉⠁
⠀⠀⢀⣤⣠⣄⢀⠔⣆⠤⠔⢒⠖
⠀⠀⠛⣿⣿⣻⣷⣾⠒⣔⣎⣀⣀⡀
⢰⣶⣾⣷⢧⠿⡽⣿⢛⣿⣵⣿⡿⠇
⠈⠿⠻⠏⠋⢫⠿⠋⠁
⠀⠀⠀⠀⢀⢀⠀⠀⠀⠀⠀⣠⠴⡄⢀⣀⡤⠴⠖⣦
⠀⠀⠀⢠⣞⡽⣿⣿⣿⣧⢊⣀⣔⣋⢉⠀⣠⠔⠊⠁
⠀⠀⠀⠈⠙⡷⢟⣽⣭⣿⣭⣭⣗⠚⣶⣹⣆⣀⣀⣤⣤
⠀⣤⣶⣶⣮⢿⣼⣆⣿⣏⣽⣿⠿⠻⢟⡛⣁⣿⣯⣯⡿
⠠⣿⣟⣿⣍⣿⢫⣷⣄⣿⣧⡼⡯⠴⠟⠛⠛⠚⠉⠉⠉
⠀⠈⠻⠋⠛⠁⠈⠀⠳⠤⠝⠋
⠀⠀⠀⠀⠀⠀⡀⢀⠀⠀⠀⠀⠀⠀⢀⡤⢤⠀⠀⢀⣀⣤⠤⠴⢶⡄
⠀⠀⠀⠀⢀⣼⢖⣿⣶⣿⣿⣶⣄⠜⠁⣠⠾⠒⠋⠉⠀⣀⠤⠖⠋
⠀⠀⠀⠀⠘⠿⣛⣵⡿⢻⠟⣻⣷⠒⢛⣒⣒⠦⣄⠒⣎⠁⠀⠀⠀⠀⡀
⠀⠀⠀⢀⣀⣠⢞⡭⣷⠛⢻⣿⠿⢿⣿⣷⡶⣼⣳⣶⡿⢒⣿⡃⣿⠷⣿
⠀⢹⣿⣿⣿⣷⣎⡿⢿⠧⠸⢿⣖⡻⢛⣿⠁⠈⣡⣬⣡⣶⢓⣖⣿⣿⡇
⠐⠩⣽⣏⣷⣶⣸⡟⣸⠿⣷⠼⢿⣴⣚⡻⠒⠛⠋⠉⠁⠉⠉
⠀⠀⠙⠛⠁⠛⠋⠀⠀⠀⠘⠶⠆⠛⠉
⠀⠀⠀⣀⢤⣄⡀
⠀⠸⣇⣿⣿⣿⣿⣷⣤⣀
⣿⣿⣿⣿⣿⣿⣿⣿⣿⣿⣿⣦⣄⡀
⠿⣿⣿⣿⣿⡟⠨⣿⣿⡿⠿⣿⣿⠖
⠀⠈⠛⢛⣥⣾⣿⠿⠟⣛⣲⣦⣤⣱
⠀⠀⠀⠀⡄⠀⣇⣀
⠀⠀⡆⣄⠃⣷⣼⣿⣿⣦⣄⡀
⠀⠀⡇⣿⡇⣿⡿⣿⣿⣿⣿⣿⣷⣤⣀
⣷⣿⣶⣿⣟⣿⣿⣿⣿⣿⣿⣿⣿⣿⣿⣷⣦⣄⡀
⣿⣿⣿⣿⣿⣿⣿⣿⣽⠛⣿⣿⣿⣿⣿⣿⣿⣿⣿⣶⡴⡀
⡿⣿⣧⣽⣿⣿⣿⣿⡿⠃⣙⣿⣾⣽⣿⣿⣿⣿⣿⣿⣷⠎
⠑⠍⠻⣿⣿⣿⡿⠟⣓⣤⣬⣿⣿⣯⣭⡭⢍⣉⠉⠉⠳⡄
⠀⠀⠀⠪⠭⠥⠶⠿⠿⠿⠿⠿⠿⠯⢥⣉⣙⣺⣽⣒⠤⣿
⠀⠀⠀⠀⠀⣄⠀⢸⢁⡀
⠀⠀⢠⠤⢀⡇⣤⣌⢸⣿⣶⣤⣀⠄⡀
⠀⠀⢸⢸⣷⡄⣿⣿⢸⣿⣿⣿⣿⣷⣦⣔⡠⢀
⡀⠀⠸⠘⣿⣇⢻⣿⡸⣿⣿⣿⣿⣿⣿⣿⣿⣶⣤⣂⠄⡀
⡇⣿⣿⢸⣿⣭⣛⡿⣿⣿⣿⣿⣿⣿⣿⣿⣿⣿⣿⣿⣷⣮⣔⡠⢀
⡇⣿⣿⢸⣿⣿⣿⣿⣿⣿⣭⡛⠿⣿⣿⣿⣿⣿⣿⣿⣿⣿⣿⣿⣶⣕⢦
⡇⣿⣿⣜⢿⣿⣿⣿⣿⣿⣿⣷⡀⠿⢿⣏⣻⢿⣿⣛⣛⣛⣛⣛⣛⣛⣡⡇
⢇⠻⢿⣿⣿⣾⣿⣿⣿⣿⣿⣀⠀⠻⢿⣿⣿⡿⠿⠿⠿⠿⠿⠿⠿⢿⡋⠁
⠀⠑⠢⡺⢽⣿⣿⡿⠛⢉⣠⣴⣾⣿⣿⣿⣿⣿⠿⢽⣒⠦⢄⣀⠀⠀⠹⣄
⠀⠀⠀⠈⠒⠤⠤⠶⠾⠿⠿⠿⠿⠿⠿⠟⠻⠤⠤⢤⣌⣉⣓⣮⣝⡒⠦⣿
⠉⣿⣿⠉⢹⣿⡆⠀⠀⠀⢀⣀⣀⣀
⠀⣿⣿⠉⠉⣿⣆⡀⢀⠀⠀⠀⠀⠙
⠈⠉⠉⠉⠉⠉⠁⠙⠿⣷⣤⣀⡠⠄
⠉⢻⣿⣿⡟⠉⠙⣿⣷⣶⡀⠀⠐⠀⠀⠀⠀⣀⡀
⠀⢸⣿⣿⡷⠶⠶⢿⣿⣟⠀⠀⠀⠀⠈⢁⠙⠉⠉⠉⠻⣧
⢀⣸⣿⣿⣧⣀⣀⣠⣿⣿⠷⢦⣤⣤⣄
⠀⠀⠀⠀⠀⠀⠁⠀⠀⠀⠀⠈⠛⠿⢿⣷⣤⣤⣤⡤⠴⠂
⠉⠛⣿⣿⣿⣿⠋⠉⠛⣿⣷⣶⣆⠀⠀⠠⠄
⠀⠀⣿⣿⣿⣿⣀⣀⣠⣿⡿⣿⡏⠀⠀⠀⠀⠀⠐⠒⠘⠞⠻⠛⠒⠶⣶⡆
⠀⠀⣿⣿⣿⣿⠀⠀⠀⠉⣧⣻⣧⣀⠀⠀⠀⠀⠀⠐⠀⠔⠀⠀⠀⠀⠈⠛
⠀⠤⠿⠿⠿⠿⠤⣤⣤⠴⠿⠿⠟⠋⢻⣖⣶⣿⣦⡀
⠀⠀⠀⠀⠀⠀⠀⠀⠀⠀⠀⠀⠀⠀⠀⠈⠛⠿⢿⣿⣶⣶⣤⣤⠤⠶⠚⠉
⠀⠀⠀⢹⣷⣦⣄⣀⣠⣴
⠀⠀⠀⣰⣿⣿⣿⣿⣿⣿⣦
⠀⠀⠀⢿⣷⣮⣽⣻⣟⠛⠃
⠀⠀⠀⠀⠁⠈⠉⠙⠛⠇
⣿⣿⡇⣰⠿⣆⢹⡏⢰⣿⣏⢘⣻⣥
⠀⠀⠀⠀⠀⢹⣷⣶⣤⣄⠀⠀⠀⢀⣤⡄
⠀⠀⠀⠀⠀⢈⣿⣿⣿⣿⣿⣿⣛⣿⣿⣧⡀
⠀⠀⠀⠀⢀⣾⣿⢻⡟⣿⢿⣿⣿⣿⣿⣷⡶⠂
⠀⠀⠀⠀⠸⣿⡿⣷⣦⣅⡻⢫⣿⣉⠛⠋⠃
⠀⠀⠀⠀⠀⠈⠙⠂⠉⠛⠛⠻⠿⣿⣷
⣀⣀⣀⣀⠀⠀⣀⣀⠀⣀⣀⣀⣀⠀⣉⣀⣀⡀⣀⣀⣀⡀
⣿⣗⣒⣿⢄⣼⠯⠽⣧⠀⢸⡇⠀⢀⣿⣒⣂⡀⣙⣓⣲⡦
⠀⠀⠀⠀⠀⠀⠘⣿⣶⣶⣤⣀⠀⠀⠀⠀⠀⠀⣀⣄
⠀⠀⠀⠀⠀⠀⠀⠻⣿⣿⣿⣿⣿⣶⣶⣶⣶⣿⣿⣿
⠀⠀⠀⠀⠀⠀⠀⣾⣿⣿⣿⣿⣿⣿⣿⣷⣶⣿⣿⣿⠧⢄
⠀⠀⠀⠀⠀⢀⣾⣿⣿⠹⡟⢹⡿⣻⣿⣻⣿⣿⣿⣿⣯⠙
⠀⠀⠀⠀⠀⠘⣿⣿⢿⣷⣶⣬⣘⢿⠋⣿⣏⡙⠛⠋⠙⠃
⠀⠀⠀⠀⠀⠀⠈⠙⠳⠍⠛⠻⠿⠿⣶⣿⣿⣿⣦
⠀⠀⠀⠀⠀⠀⠀⠀⠀⠀⠀⠀⠀⠀⠀⠀⠉⠛⠿
⢰⣶⠶⢶⣦⡀⠀⣰⡶⣶⡄⠰⠶⢶⡶⠶⠆⢰⣶⠶⠶⠶⠀⣴⡶⠶⠶⠆
⢸⣿⣭⣭⣿⠆⣴⡿⠷⠾⣿⣄⠀⣿⣿⠀⠀⢸⣿⣭⣭⣤⠀⣬⣍⣩⣿⠷
⠛⣿⣟⠛⠛⠛⠛⢛⣷⡦
⠀⣿⣿⢛⣛⣛⣛⠛⣿⡧⢀⣤⣤⣀
⠶⠿⠿⠶⢾⣿⡷⠾⠟⠃⠀⢹⣿
⠀⠀⠀⠀⠸⢿⣧⣤⣤⣤⣤⣼⠿
⠿⢿⣿⣿⠿⠿⠿⠿⠿⠿⠿⠿⣿⣶⣤⡀
⠀⢸⣿⣿⣇⣀⣀⣀⣀⣀⣀⣀⣼⣿⣿⠇
⠀⢸⣿⣿⡟⠛⣛⣛⣛⣛⣛⠛⢿⣿⣷⡄⢀⣀⣀⣀⣀⣀
⠀⢸⣿⣿⡇⠘⠻⡿⠿⡿⠛⠀⣸⣿⣿⡇⠘⠻⣿⣿⡟⠛
⠿⠿⠿⠿⠿⠿⠿⣿⣿⣿⠿⠿⠿⠛⠉⠀⠀⠀⣿⣿⡏
⠀⠀⠀⠀⠀⠀⠀⣿⣿⣿⠀⠀⠀⠀⠀⠀⠀⠀⣿⣿⡇
⠀⠀⠀⠀⠀⠀⠀⠙⠿⣿⣷⣶⣶⣶⣶⣶⣶⣾⡿⠟⠃
⣿⣿⣿⣿⣿⣿⣿⣿⣿⣿⣿⣿⣿⣿⣿⣿⣷⣦⣄
⠀⠀⣿⣿⣿⡆⠀⠀⠀⠀⠀⠀⠀⠀⠀⢹⣿⣿⣿⡇
⠀⠀⣿⣿⣿⣷⣶⣶⣶⣶⣶⣶⣶⣶⣶⣿⣿⣿⡟⠁
⠀⠀⣿⣿⣿⡏⠉⣉⣉⣉⣉⣉⣉⣉⠉⢻⣿⣿⣿⡆⠀⣀⣀⣀⣀⣀⣀⣀
⠀⠀⣿⣿⣿⡇⠀⠻⠿⣿⣿⣿⡿⠿⠀⢸⣿⣿⣿⡇⠀⠿⢿⣿⣿⣿⠿⠿
⣿⣿⣿⣿⣿⣿⣿⣿⣿⣿⣿⣿⣿⣿⣿⣿⣿⠿⠛⠁⠀⠀⢸⣿⣿⣿⡇
⠀⠀⠀⠀⠀⠀⠀⠀⠈⣿⣿⣿⡇⠀⠀⠀⠀⠀⠀⠀⠀⠀⢸⣿⣿⣿⡇
⠀⠀⠀⠀⠀⠀⠀⠀⠀⣿⣿⣿⣇⠀⠀⠀⠀⠀⠀⠀⠀⠀⣸⣿⣿⣿⡇
⠀⠀⠀⠀⠀⠀⠀⠀⠀⠙⠻⢿⣿⣿⣿⣿⣿⣿⣿⣿⣿⣿⣿⡿⠟⠋
⠛⠷⣦⣤⡶⣀⣀⣀⣀⣠⢄⣀
⠀⠘⢫⣿⣿⡟⢛⣛⡛⠻⣿⣿⣋⡦
⠀⢀⡿⣿⣿⡇⠸⠧⠆⢘⣿⣿⣿
⠀⠀⠑⠿⣟⣻⠿⠿⠿⠿⠟⠛⢷⣤
⠛⢿⣶⣤⣀⢀⣤⣤⠀⠀⠀⠀⠀⠀⠀⢀⣀
⠀⠀⣬⣽⠿⣿⣯⣴⣶⣾⣿⣿⣿⣿⣿⣭⣤⣿⣷⣦⣄
⠀⠀⠉⢉⣾⣿⣿⣿⡍⠉⢩⣭⣭⡉⠉⢻⣿⣿⣿⣭⣬⠇
⠀⠀⠀⣸⣿⣿⣿⣿⡇⠀⢸⣥⣤⡄⠐⠻⣿⣿⣿⣿⡷
⠀⠀⠰⣏⣉⣿⣿⣿⣧⣤⣤⣤⣤⣤⣴⣾⣿⣿⣿⣟⠁
⠀⠀⠀⠀⠙⠻⠿⣋⣩⠿⠿⠿⠿⠿⠿⠛⠛⠉⠛⠿⣷⣦
⠿⢿⣿⣦⣄⡀⠀⢠⣤⣤
⠀⠀⢈⣙⣿⣿⣿⣿⣏⣩⣤⣴⣶⣶⣶⣶⣶⣶⣶⣚⣉⣽⣶⣦⣤⡀
⠀⠀⠘⠛⠛⣡⣼⣿⣿⣿⡟⠛⠛⠛⠛⠛⠛⠛⠿⢿⣿⣿⣿⣿⡟⠋⣳⡄
⠀⠀⠀⠀⣰⣿⣿⣿⣿⣿⡇⠀⠀⢸⠿⠛⠓⠀⢀⣼⣿⣿⣿⣿⡿⣿⡏
⠀⠀⠀⢀⣽⣿⣿⣿⣿⣿⡇⠀⠀⠸⠿⠶⠷⠂⠀⢈⣿⣿⣿⣿⣧⣿⠃
⠀⠀⠀⠙⢧⣤⣾⣿⣿⣿⣷⣶⣶⣶⣶⣶⣶⣶⣾⣿⣿⣿⣿⣿⣿⣁
⠀⠀⠀⠀⠀⠈⠙⠻⠿⣍⣩⠽⠿⠿⠿⠿⠿⠿⠟⠛⠛⠉⠉⠙⠻⢿⣿⣶
⣦⠀⠀⠀⠀⠀⠤⠤⠀⠀⠀⠀⢉⣹
⠟⠀⠀⠀⠀⠀⠒⠒⠂⠀⠀⠀⢀⣩
⣀⠀⠀⠀⠀⠀⠀⠀⠀⠀⠀⠀⠀⠀⠀⠀⠀⠈⠉⠉⠛⢿
⣿⠀⠀⠀⠀⠀⠀⠀⠀⠈⠛⠛⠛⠀⠀⠀⠀⠀⠀⣀⣠⣾
⣿⠀⠀⠀⠀⠀⠀⠀⠀⢠⣶⣶⣤⠀⠀⠀⠀⠀⠀⠀⠈⠹
⠉⠀⠀⠀⠀⠀⠀⠀⠀⠀⠀⠀⠀⠀⠀⠀⠀⢀⣀⣀⣤⣾
⠀⠀⠀⠀⠀⠀⠀⠀⠀⠀⠀⠀⠀⠀⠀⠀⠀⠀⠀⠀⠀⠈⠉⠉⠉⠛⠿⣿
⣿⡇⠀⠀⠀⠀⠀⠀⠀⠀⠀⠀⢸⣷⣶⡶⠆⠀⠀⠀⠀⠀⠀⠀⠀⠀⢀⣿
⣿⡇⠀⠀⠀⠀⠀⠀⠀⠀⠀⠀⠀⠀⠀⠀⠀⠀⠀⠀⠀⠀⠀⠀⠒⠺⠿⣿
⣿⡇⠀⠀⠀⠀⠀⠀⠀⠀⠀⠀⢸⣿⠿⠿⠇⠀⠀⠀⠀⠀⠀⠀⠀⠀⠀⢘
⠀⠀⠀⠀⠀⠀⠀⠀⠀⠀⠀⠀⠀⠀⠀⠀⠀⠀⠀⠀⠀⠀⣀⣀⣀⣤⣴⣿
⠀⣀⣄⣀⣀⠤⢤⣤⣬⠁⢐⡢⢄⡀
⣾⣟⡡⣆⣭⣀⣠⣴⣷⡖⡺⠃⠀⡷
⠈⠙⠓⠬⠯⠿⠿⠿⠅⠀⠀⠀⠊⠁
⠀⠀⠀⠀⣀⠀⠀⠀⠀⠀⣉⣉⡉⠉⠓⠒⠦⢤⣀
⢀⣴⡾⠷⠖⠚⢫⡭⠉⠉⠙⠛⠿⣛⠃⠉⢻⣷⡌⠙⣦⡀
⣾⣷⡞⣉⢸⡇⢨⣀⡀⠀⣀⣴⣿⣷⣶⠚⢻⠋⠀⠀⢸⣿
⠈⠻⣾⣟⡈⠻⣮⡟⢛⣿⣿⣿⡿⠛⠉⠉⠁⠀⠀⣠⠞⠁
⠀⠀⠀⠉⠙⠛⠒⠾⠿⠿⠯⠿⠗⠒⠒⠈⠅⠒⠉
⠀⠀⠀⠀⠀⠀⣀⣀⠀⠀⠉⠉⠉⠉⠉⠉⠉⠙⠒⠒⠦⢤⣄⡀
⠀⢀⣠⣶⣪⣭⠤⠶⢖⣒⡚⠛⠋⠭⠿⣿⣿⠿⠏⠐⢲⣶⣦⠙⠳⣦⣄
⣰⣿⣋⣭⠖⢀⡤⠀⠿⠉⠀⠀⠀⠀⠀⣠⣶⣆⣀⣠⣤⣿⡿⠁⠀⠈⢿⣧
⢻⣿⡟⣡⣴⠘⣿⣄⢾⣶⣤⣤⣤⡴⣾⣿⣿⣿⣿⡤⠤⠊⠀⠀⠀⠀⣾⡟
⠀⠙⠻⢿⣧⣄⣈⠻⠷⠌⣩⣽⣷⣿⣿⣿⠋⠁⠀⠀⣀⡠⠀⢀⡤⠞⠋
⠀⠀⠀⠀⠀⠉⠙⠛⠛⠛⠿⠿⠿⠷⠞⠛⠓⠒⠉⠩⠄⠒⠋⠁
⢐⢆⣟⡴⣃⡀
⠘⠺⣿⠻⡟⣤⡟⡽⢿⣿⣛⣟⠆
⠀⠀⠈⠳⣝⣀⠙⠄⣍⣛⣓⣦⣀⣀
⠀⠀⠀⠀⠀⠉⠉⠁⠉⢏⣋⣠⡬⠵
⠀⠴⠌⠴⠆⣤⡼⠂
⣀⣃⢼⣻⣿⣦⡴⠾⡁⠠⣤⣤⣤⣀⣀⣠⢤⣀⣀⡀
⠀⠈⠛⢿⣍⠹⣿⡁⣴⣾⢁⡶⠻⢿⣻⣛⣭⡭⣉⠟
⠀⠀⠀⠀⠻⣧⣘⠧⡀⠙⢾⡁⠀⠛⠛⠿⠧⢶⡀
⠀⠀⠀⠀⠀⠈⠙⠓⠶⠤⢤⣀⣙⠿⣭⠟⣻⠿⠓⠲⠤⠖
⠀⠀⠀⠀⠀⠀⠀⠀⠀⠀⠀⠀⠀⠀⠢⢌⣃⣠⣤⠤⠶⠋
⠀⢠⣄⠊⣤⠤⢀⣀⣵⠆
⠀⢰⠁⣠⠤⣤⡭⠉⢁⣰⡄
⠰⠥⣤⣭⣼⣿⣿⣿⣍⡓⠒⠒⣺⠟⠿⣻⣷⣶⣶⣶⣍⣷⣶⣶⢦
⠀⠀⠈⠛⢿⣦⡈⢻⣿⡍⡱⣿⡏⢀⡾⠛⠻⣛⣫⣍⣥⣤⠤⣄⠜
⠀⠀⠀⠀⠀⠻⣷⣄⠹⣇⠀⠈⠻⣼⡃⠀⠘⠻⠿⢿⣯⣠⣤⠁
⠀⠀⠀⠀⠀⠀⠈⠛⢷⣤⣑⠂⠀⠈⠁⢠⣶⡶⠶⢤⣤⣤⣾⣃⣀⡀⢀⣤
⠀⠀⠀⠀⠀⠀⠀⠀⠀⠀⠉⠉⠛⠒⠒⠒⠚⢛⠟⠛⣴⠚⠉⠀⠀⠛⢉⣀
⠀⠀⠀⠀⠀⠀⠀⠀⠀⠀⠀⠀⠀⠀⠀⠀⠀⠀⠓⢤⣌⣠⣤⣬⠴⠶⠛⠁
⣀⣤⣾⣿⣦⣠⣴⣾⣿⣿⣶⣦⡀
⠀⢸⣿⣿⣿⠋⠀⠀⠀⠈⣿⡿⠇
⠀⢸⣿⣿⣿⠿⠿⠿⠿⣿⣿⣶⣤⡀
⠀⢸⣿⣿⡿⠀⠀⠀⠀⠀⠙⣿⣿⡿
⢀⣼⣿⠿⠶⠶⠶⠶⠶⠶⠟⠛⠉
⠀⢀⣠⣴⣾⣿⣷⡄⢀⣠⣴⣶⣿⣿⣿⣶⣶⣤⣀
⠘⠛⢿⣿⣿⣿⣿⣿⡿⠛⠋⠉⠉⠙⠛⢿⣿⣿⣿⣧
⠀⠀⢸⣿⣿⣿⣿⣿⣁⣀⣀⣀⣀⣀⣀⣠⣿⠿⠟⠃
⠀⠀⢸⣿⣿⣿⣿⣿⡿⠿⠿⣿⣿⣿⣿⣿⣿⣿⣶⣦⣀
⠀⠀⢸⣿⣿⣿⣿⡿⠀⠀⠀⠀⠀⠀⠈⠙⠻⣿⣿⣿⣿⣧
⠀⠀⢸⣿⣿⣿⡿⠃⠀⠀⠀⠀⠀⠀⣀⣀⣠⣿⣿⣿⠿⠋
⠠⣴⣿⡿⠿⠿⠿⠿⠿⠿⠿⠿⠿⠿⠿⠿⠛⠉⠁
⠀⠀⠀⣀⣤⣾⣿⣿⣶⡄⠀⠀⣀⣤⣶⣾⣿⣿⣿⣶⣶⣤⣄⡀
⠤⠶⣿⣿⣿⣿⣿⣿⣿⣿⣴⣿⡿⠿⠿⠿⠿⢿⣿⣿⣿⣿⣿⣿⣦
⠀⠀⠀⣿⣿⣿⣿⣿⣿⣿⡟⠁⠀⠀⠀⠀⠀⠀⠀⠙⣿⣿⣿⣿⣿⠃
⠀⠀⠀⣿⣿⣿⣿⣿⣿⣿⣤⣤⣤⣤⣤⣤⣤⣤⣤⣤⣿⣟⠛⠋⠁
⠀⠀⠀⣿⣿⣿⣿⣿⣿⣿⣿⣿⣿⣿⣿⣿⣿⣿⣿⣿⣿⣿⣿⣷⣦⣄⡀
⠀⠀⠀⣿⣿⣿⣿⣿⣿⣿⠀⠀⠀⠀⠀⠀⠀⠉⠉⠛⢿⣿⣿⣿⣿⣿⣿⣆
⠀⠀⠀⣿⣿⣿⣿⣿⣿⡟⠀⠀⠀⠀⠀⠀⠀⠀⠀⠀⠀⠙⣿⣿⣿⣿⣿⡿
⠀⠀⠀⣿⣿⣿⣿⣿⣏⣀⣀⣀⣀⣀⣀⣀⣠⣤⣤⣤⣶⣿⣿⡿⠿⠟⠋
⠀⢴⣿⡿⠿⠿⠿⠿⠿⠿⠿⠿⠿⠿⠿⠿⠿⠿⠿⠿⠟⠉
⡄⠀⢀⣀⣀⣀⣀⣀⣀⣀⣀⠀⠀⢠
⡇⣿⣯⣭⠉⠉⣩⣭⣍⠉⠛⣿⣿⢸
⡇⣿⣿⣿⠀⠀⣈⣉⣁⠀⠚⢿⣿⢸
⠃⠻⣿⣉⣀⣀⣉⣉⣉⣀⣤⣾⠟⠘
⠀⠀⠀⠉⠙⠛⠿⠿⠛⠋⠉
⡤⠀⠀⠀⢀⠀⠀⠀⠠⠀⠀⠄⠀⠀⠀⠀⡀⠀⠀⠀⠀⢄
⡇⢠⣤⣤⢤⣶⣶⣶⣶⣶⣶⣶⣶⣶⣶⣶⣶⣤⣤⣥⡀⢸
⡇⢸⣿⣿⣶⣤⡄⠀⠀⠀⣤⣤⣤⣀⠀⠈⠙⣿⣿⣿⡇⢸
⡇⢸⣿⣿⣿⣿⡇⠀⠀⠀⠛⠛⠛⠉⠀⢀⣴⣿⣿⣿⡇⢸
⡇⢸⣿⣿⣿⣿⡇⠀⠀⠀⣶⣶⣶⣶⡄⠀⠀⠙⣿⣿⡇⢸
⠣⡘⢿⣿⣟⠉⠁⠀⠀⠀⠉⠉⠉⠉⢀⣀⣠⣴⣿⡿⢃⠜
⠀⠈⠂⠍⡛⠿⢿⣿⣿⣿⣿⣿⣿⣿⣿⡿⠿⠛⠩⠐⠁
⠀⠀⠀⠀⠀⠀⠀⠀⠉⠉⠛⠛⠉⠉
⣀⠠⠤⠄⠀⠒⠒⠂⠀⣈⠉⡉⠉⠉⡉⠉⠉⡉⠁⠀⡐⠒⠒⠀⠤⠤⢀⣀
⣿⠀⠰⠘⠀⠐⣃⣂⣀⣁⣈⣁⣤⣤⣥⣄⣀⣁⣀⣀⣊⡀⠀⠈⠖⠁⠀⣿
⣿⠀⣶⣿⣿⠛⠛⠛⠛⠛⠛⠛⠛⠛⠛⠛⠻⠿⠿⢿⣿⣿⣿⣿⣿⣶⠀⣿
⣿⠀⣿⣿⣿⣿⣦⣤⠀⠀⠀⠀⢠⣤⣤⣤⣤⡀⠀⠀⠈⠹⣿⣿⣿⣿⠀⣿
⣿⠀⣿⣿⣿⣿⣿⣿⠀⠀⠀⠀⢸⣿⡿⠿⠿⠃⠀⠀⢀⣴⣿⣿⣿⣿⠀⣿
⣿⠀⣿⣿⣿⣿⣿⣿⠀⠀⠀⠀⢀⣀⣀⣀⣀⠀⠀⠉⠛⠻⢿⣿⣿⣿⠀⣿
⣿⠀⣿⣿⣿⣿⣿⣿⠀⠀⠀⠀⢸⣿⣿⣿⣿⣿⠆⠀⠀⠀⠈⣿⣿⣿⠀⣿
⢻⡀⢿⣿⣿⣿⠉⠉⠀⠀⠀⠀⠈⠉⠉⠉⠉⠁⠀⠀⣀⣠⣼⣿⣿⡟⢀⡟
⠀⠙⠦⣙⠻⢿⣶⣶⣶⣶⣶⣶⣶⣶⣶⣶⣶⣾⣿⣿⣿⣿⡿⠟⣉⠴⠋
⠀⠀⠀⠀⠉⠒⠬⣙⡛⠿⢿⣿⣿⣿⣿⣿⣿⡿⠿⢛⣉⠥⠒⠉
⠀⠀⠀⠀⠀⠀⠀⠀⠈⠉⠒⠂⠭⢉⡉⠥⠐⠒⠉⠁
⣀⣠⢇⣀⣀⣤⣤⣤⣀⣀⣀⣀⣀⣀
⢹⢸⣦⣈⠙⠛⠛⢿⣿⣝⡻⣿⡇⡏
⢸⢂⣿⣿⣿⣿⣿⡷⣭⣽⣓⣺⡐⡇
⣼⢨⣷⣝⠿⣿⣿⣿⡆⢸⣿⣿⡇⣧
⠈⠉⠚⠫⠿⢾⣿⣛⡛⠿⠝⠓⠉⠁
⠀⠀⢀⢾⠀⠀⠀⠀⢀⡀
⢴⠖⣺⡈⠳⢭⣭⣿⣙⣯⣭⣭⣭⣭⣭⣭⣍⣓⣒⣒⠲⡦
⠸⣇⢸⣿⣦⣀⠈⠉⠙⠛⠛⢻⡻⣶⣮⣝⠻⣿⣿⡇⣸⠇
⠀⣿⠈⣿⣿⣿⣿⣶⡶⠶⠶⢮⡴⠿⠿⢿⠧⣈⣿⠁⣿
⠀⡿⢠⣿⠿⣿⣷⣾⣿⣿⣿⣍⡛⠿⠿⣿⣶⣦⣿⡄⢿
⢸⠇⣨⣵⣦⡘⢿⣿⣿⣿⣿⣿⣿⡇⠀⣿⣿⢸⣿⣇⠸⡇
⠙⠦⢭⣛⠻⠿⣶⣌⣛⠿⣿⣿⣿⣷⣤⣿⠿⠟⣛⡭⠴⠋
⠀⠀⠀⠈⠉⠓⠒⠮⠭⣍⣓⣋⣩⠭⠵⠒⠚⠉⠁
⠀⠀⠀⢀⣶
⣀⣀⣤⣿⠘⢦⡴⠶⠖⣶⠖⣿⣒⣒⣒⣒⣒⡒⠒⠲⠶⠦⠤⠤⢤⣤⣀⣀
⢹⣧⠐⣿⣦⡀⠉⠛⠿⢿⣶⣾⣿⣿⣭⣽⣛⡛⠿⢿⣿⣿⣿⣷⣶⠂⣼⡏
⠀⣿⡄⢹⣿⣿⣦⣄⣀⠀⠀⠀⠀⠀⢙⡇⢹⣿⣿⣶⣌⠛⣿⣿⡏⢀⣿
⠀⢹⡇⢸⣿⢻⣿⣿⣿⡿⣷⠶⠶⠾⢯⡶⠛⠿⠿⢿⡿⠦⣬⣿⡇⢸⡏
⠀⣼⡇⢸⣿⣼⣿⣿⣶⣶⣿⣿⣿⣿⣙⠻⠿⣿⣿⣿⣷⣤⣤⣿⡇⢸⣷
⢀⣿⠀⢚⣃⣤⠈⢿⣿⣿⣿⣿⣿⣿⣿⣿⣶⠀⠀⣿⣿⡏⣿⣿⣷⠀⣿⡀
⣼⡇⠰⢿⣿⣿⣷⣄⡙⠻⣿⣿⣿⣿⣿⣿⣿⡆⠀⣿⣿⣧⣿⣿⡿⠆⢸⣧
⠀⠉⠛⠶⢬⣍⣛⠻⠿⢶⣤⣍⣛⠿⢿⣿⣿⣷⡶⠿⠟⣛⣩⡥⠶⠛⠉
⠀⠀⠀⠀⠀⠀⠉⠉⠓⠒⠦⠬⣭⣍⣩⣭⠥⠴⠒⠚⠉⠉
⠀⠀⠀⠀⠀⣀⣠⣾⣿⣿⣦⣀
⠐⢛⣶⣶⣿⣿⣿⣶⣿⣿⣿⣿⣷
⣼⡏⠁⠀⠙⠋⠙⠻⢭⠉⠙⠋⢻⣆
⠀⠀⠀⠀⠀⠀⠀⠀⠀⠀⢀⣴⣾⣿⣿⣶⣤⡀
⠀⢀⣀⡀⠀⠀⣀⣠⣴⣾⣿⠿⣿⣿⣿⣿⣿⣷⣦⡀
⠘⠛⠙⣳⣾⣿⣿⣿⣿⣿⣿⣷⣾⣿⣿⣿⣿⣿⣿⣿⡁
⠀⣶⡾⠛⠛⠋⢹⣿⣿⢿⣿⣿⡿⠿⠿⠿⣿⣿⡿⣿⡇
⢿⣿⡀⠀⠀⠀⠀⠀⠀⠀⠀⠉⠻⠷⠆⠀⠀⠈⠀⢹⣿⣦
⠀⠀⠀⠀⠀⠀⠀⠀⠀⠀⠀⠀⠀⠀⣠⣶⣿⣿⣷⣶⣤⡀
⠀⠀⠀⠀⠀⠀⠀⠀⠀⠀⠀⣀⣤⣾⣿⣿⣿⣿⣿⣿⣿⣿⣆
⠀⣀⣤⣴⡄⠀⠀⣀⣤⣴⣿⣿⣿⣿⡛⠻⣿⣿⣿⣿⣿⣿⣿⣿⣦⣀
⠈⠻⠭⠒⣲⣿⣿⣿⣿⣿⣿⣿⣿⣿⣿⣿⣿⣿⣿⣿⣿⣿⣿⣿⣿⣏
⠀⢠⣤⣾⣿⣿⡿⠟⢿⣿⣿⣿⣿⣿⣿⣿⣿⣿⣿⣿⣿⣿⣿⣿⣿⣿⡀
⣠⣾⡟⠉⠀⠀⠀⠀⠘⠛⠟⠋⠛⠿⢿⣝⣋⡉⠉⠉⠙⠿⠿⠏⢿⣿⣆
⠿⡿⣧⠀⠀⠀⠀⠀⠀⠀⠀⠀⠀⠀⠀⠙⠻⠿⠆⠀⠀⠀⠀⠀⠈⢿⣿⣧
⠛⣿⣿⠛⠻⣿⣦
⠀⣿⣿⠟⠻⣿⣷⣶⡶⠆⠶⣶⣶⠶
⠶⠿⠿⠶⠶⠿⢻⣿⡇⠀⠀⣿⣿
⠀⠀⠀⠀⠀⠀⠈⠿⣷⣤⣴⡿⠏
⠘⠿⣿⣿⣿⠿⠿⢿⣿⣶⣄
⠀⠀⣿⣿⣿⣦⣴⣾⣿⣟⣫⣤⣤⣤⡄⠀⣠⣤⣤⣤⣤⡀
⢀⣀⣿⣿⣿⣀⣀⣀⣿⣿⣿⣻⣿⡏⠁⠀⠉⣿⣿⣿⠉⠁
⠘⠛⠛⠛⠛⠛⠛⠋⠉⠉⢸⣿⣿⡇⠀⠀⠀⣿⣿⣿
⠀⠀⠀⠀⠀⠀⠀⠀⠀⠀⠈⠻⠿⢿⣶⣶⣶⡿⠿⠛
⠸⣿⣿⣿⣿⣿⣿⣿⣿⣿⣷⣶⣦⡀
⠀⠀⢸⣿⣿⣿⡇⠀⠀⣈⣿⣿⣿⡟
⠀⠀⢸⣿⣿⣿⡿⠿⠿⢿⣿⣿⣧⣶⢶⣶⣶⣶⣖⠀⣲⣶⣶⣶⣶⣶⣶⡆
⠀⠀⢸⣿⣿⣿⡇⠀⠀⢀⣼⣿⣿⣿⢺⣿⣿⡇⠀⠀⠀⢸⣿⣿⣿⡇
⠸⠿⠿⠿⠿⠿⠿⠿⠿⠿⠿⠟⠛⢱⣿⣿⣿⡇⠀⠀⠀⢸⣿⣿⣿⡇
⠀⠀⠀⠀⠀⠀⠀⠀⠀⠀⠀⠀⠀⢸⣿⣿⣿⣇⠀⠀⠀⣸⣿⣿⣿⡇
⠀⠀⠀⠀⠀⠀⠀⠀⠀⠀⠀⠀⠀⠀⠙⠻⠿⠿⣿⣿⣿⠿⠿⠟⠋
⠿⠿⠿⢟⣻⠛⠿⠟⠛⠻⠿⣟⣷⣦
⠀⠀⢚⣩⡵⠖⠂⠴⠶⠒⠶⣿⣿⣍
⣶⡶⠟⣡⣶⠖⣠⣴⣶⣶⣶⣿⡿⠟
⣿⣿⣿⣿⣿⣿⡿⠿⢛⣛⣻⣿⣿⠿⢟⣛⣿⣿⣿⣷⣦⣄
⠀⠀⠀⢛⣩⣴⣶⠏⠀⠀⠀⠀⠀⠀⠀⠀⠀⣴⣶⣿⣿⣿
⠀⠀⠀⠟⠋⣩⣤⣶⠿⠛⣉⣵⣾⡿⠟⣛⣭⣿⣿⣿⣏⡁
⠀⠀⠀⣾⡿⠟⢉⣀⠀⠀⠀⠀⠀⠀⠀⠀⠀⣿⣿⣿⣿⣿
⣿⣿⠿⠋⣠⣾⣿⣿⠟⢁⣴⣿⣿⣿⣿⣿⣿⣿⣿⡿⠟⠋
⣿⣿⣿⣿⣿⣿⣿⣿⣿⡿⠿⠟⣛⣛⣿⣿⣿⡿⠿⢛⣛⣿⣿⣿⣿⣶⣤⣀
⠉⠉⠉⠹⠿⠛⣋⣥⣶⣶⠉⠉⠉⠉⠉⠉⠀⠀⠉⠉⠉⠉⣩⣭⣿⣿⣿⣿
⠀⠀⠀⢠⣶⡿⠿⠛⢋⣁⣴⣶⣶⠶⠂⣠⣤⣶⣶⣶⠶⢖⣻⣿⣿⣿⠿⠛
⠀⠀⠀⠈⣁⣠⣴⣿⡿⠟⠋⠉⠀⠒⠛⠛⠛⠋⠁⠒⠚⠻⣿⣿⣿⣿⣶⣤
⣀⣀⣀⣸⣿⡿⠛⣁⣠⣶⣀⣀⠀⠀⢀⣀⣀⣀⣀⣀⣀⣀⣿⣿⣿⣿⣿⣿
⣿⣿⡿⠿⠋⣀⣴⣿⣿⣿⠟⠁⣠⣾⣿⣿⣿⣿⣿⣿⣿⣿⣿⣿⣿⠿⠛⠉
⠀⢀⣀⢰⣶⡶⣶⣶⣶⣶⣄⣀⡀
⠀⣿⡟⢹⣿⣏⣉⣉⣹⣿⠏⠹⠿
⠀⣿⣇⣸⣿⣏⣉⣉⣹⣿⣆⣴⣶
⠀⠈⠉⠹⠿⠿⠿⠿⠾⠿⠃⠉⠁
⠀⠀⠀⠀⠀⢠⣶⣶⣶⣶⣶⣶⣶⣶⣦⣄⡀
⠀⢠⣴⣶⣶⢸⣿⣿⡇⣿⣿⣿⣿⣿⣿⣿⣶⣶⣶⣦⡄
⠀⢸⣿⣿⠀⢸⣿⣿⣧⣤⣤⣤⣤⣼⣿⡿⠂⠀⠛⠛⠃
⠀⢸⣿⣿⠀⠸⣿⣿⡟⠙⠛⠛⠋⢻⣿⣷⡆⠀⣤⣤⡄
⠀⠘⠻⠿⠿⠿⣿⣿⣿⣿⣿⣿⣿⢸⣿⣿⡇⠿⠿⠿⠃
⠀⠀⠀⠀⠀⠘⠿⠿⠿⠿⠿⠿⠿⠿⠟⠋⠁
⠀⠀⠀⠀⠀⠀⠀⣤⣤⣤⣤⣤⣤⣤⣤⣤⣤⣤⣤⣀
⠀⠀⠀⣀⣤⣤⡄⣿⣿⣿⣿⢻⣿⣿⣿⣿⣿⣿⣿⣿⣿⣤⣤⣤⣀
⠀⢰⣿⣿⣿⡿⠇⣿⣿⣿⣿⠸⠿⠿⠿⠿⠿⣿⣿⣿⣿⠿⢿⣿⣿⣿⡆
⠀⢸⣿⣿⣿⡇⠀⣿⣿⣿⣿⣤⣤⣤⣤⣤⣤⣿⣿⡿⠛⠀⠈⠉⠉⠉⠁
⠀⢸⣿⣿⣿⡇⠀⣿⣿⣿⣿⠛⠛⠛⠛⠛⠛⣿⣿⣿⣦⠀⢀⣀⣀⣀⡀
⠀⠸⣿⣿⣿⣷⣶⣿⣿⣿⣷⣶⣶⣶⣶⣶⡆⣿⣿⣿⣿⢰⣾⣿⣿⣿⠇
⠀⠀⠀⠉⠛⠛⠛⣿⣿⣿⣿⣿⣿⣿⣿⣿⣧⣿⣿⣿⣿⠘⠛⠛⠋⠁
⠀⠀⠀⠀⠀⠀⠀⠛⠛⠛⠛⠛⠛⠛⠛⠛⠛⠛⠛⠉
⠀⣀⡀⠤⢄⣤⣤⣤⣬⣷⣦⢤⠤⠤
⠉⠒⠒⣫⣿⣿⡿⠿⠿⣽⠟⠛⠓
⠀⠀⠀⡟⠉⠁
⠀⠀⠀⠀⣀⣀⣀⣀⣀⣀⣀⣀⣠⣭⣵⣄⣤⠤⠤⠤⣤⣤
⠶⢎⣉⣉⣤⠤⣢⣾⣭⣯⣿⣿⣽⡿⢿⣽⣿⣧⣭⣤⡄
⠀⠀⠀⠀⢠⣾⣿⣿⠿⠟⠋⠉⠉⠙⠛⠛⠋
⠀⠀⠀⠀⠸⡏⠁
⠀⠀⠀⠀⠀⠀⠀⠀⠀⠀⠀⠀⠀⠀⠀⣀⣉⣉⣓⣄⢢⣀⣀⣀⣀⣀⣀⣀
⣀⡤⠔⠒⠚⠉⠉⣉⡉⣽⢟⣛⣻⣿⣯⠯⣾⣿⣿⣹⣿⣲⣒⣒⣒⡂⠉⠉
⠈⠉⠙⠒⠒⠛⢋⣵⣾⣽⣿⣯⣿⣿⣿⣿⡿⢮⣺⣯⣽⠟⠛⠛⠛⠛⠁
⠀⠀⠀⠀⠀⢐⣟⣮⡿⠷⠛⠉⠉⠀⠀⠀⠀⠀⠈⠉
⠀⠀⠀⠀⠀⠘⢿⡀
⠀⡠⢚⠢⣄⢀⣀⣀⡴⢋⠳⡄
⠀⣧⣼⠿⢛⢿⠟⠻⢿⣿⣦⣽
⢰⡿⣧⠉⣉⡈⠉⠉⣴⡿⢿⣿⣷
⢸⣷⣄⠈⠻⠥⠤⠖⢋⣴⣾⣿⣿⡆
⢾⣿⣿⣶⠀⢀⣴⣾⣿⣿⣿⣿⡿⠋
⠀⠉⠻⠷⣤⣾⣿⡿⠿⠛⠛⠉
⠀⠀⣠⠴⠲⣦⡀⠀⠀⠀⠀⠀⢀⣤⡾⠛⠲⣄
⠀⢰⡏⠀⣷⣈⣿⣶⣶⢶⣶⣶⣿⣯⣰⣧⠀⢹⡆
⠀⢸⣧⣾⡿⠟⠉⣹⢻⡟⠉⠙⠿⠿⣿⣿⣷⣶⣧
⠀⣾⣿⣿⡈⠛⠒⠋⠘⠓⠒⠙⢁⣠⣿⣿⣿⣿⣿⣷⡀
⠀⣿⣇⠙⠁⠠⣶⣶⠆⠀⠀⠀⢰⣿⡏⠀⣰⣿⣿⣿⣆
⠐⣿⣿⣷⠤⠀⠘⠛⠗⠒⠒⠛⠩⢥⣶⣿⣿⣿⣿⣿⣿⡂
⣰⣿⣿⣿⣿⣦⡀⠀⠀⣀⣤⣴⣾⣿⣿⣿⣿⣿⣿⣿⣿⠟
⠙⠻⣿⣿⣿⡟⠀⠀⣠⣿⣿⣿⣿⣿⣿⣿⣿⣿⠟⠋⠁
⠀⠀⠀⠉⠛⠿⢶⣤⣿⠿⣿⠿⠟⠛⠉⠉⠁
⠀⠀⠀⣀⡴⠶⣦⣄⠀⠀⠀⠀⠀⠀⠀⠀⢀⣴⡾⠛⠳⣦⡀
⠀⠀⣼⠏⠀⣶⡈⠻⣷⣤⣤⣤⣤⣤⣤⣶⣿⠋⢠⣶⠀⠈⢷⡄
⠀⠀⣿⠀⣨⣿⣷⣿⠿⢿⣿⣥⣿⠿⢿⣿⣿⣿⣿⣿⣤⣀⢸⣧
⠀⢀⣿⣿⣿⢛⣉⣀⢀⣼⠃⣿⡁⢀⣀⣉⠉⠛⣿⣿⣿⣿⣿⣿⣆
⠀⣼⣿⡿⣿⣤⠉⠈⠉⠉⠘⠉⠉⠉⠀⠡⣤⣶⣿⡿⡿⣿⣿⣿⣿⣧
⠀⣸⣿⡂⠙⠃⠀⢴⣶⣶⡶⠀⠀⠀⠀⠐⣾⣿⡋⠀⢀⣾⣿⣿⣿⣿⡀
⠀⢿⣿⣿⣦⣄⡀⠐⠺⠿⣶⡦⠤⠤⠖⠛⣋⣡⣴⣾⣿⣿⣿⣿⣿⣿⣷
⢀⣾⣿⣿⣿⣷⣄⠀⠀⠀⠀⠀⠀⠀⣀⣠⣴⣾⣿⣿⣿⣿⣿⣿⣿⣿⣿⡦
⢾⣿⣿⣿⣿⣿⣿⣿⠀⠀⠀⢰⣾⣿⣿⣿⣿⣿⣿⣿⣿⣿⣿⣿⣿⡿⠋
⠀⠉⠛⢿⣿⣿⣿⣉⠀⠀⣠⣿⣿⣿⣿⣿⣿⣿⣿⣿⣿⡿⠟⠋⠁
⠀⠀⠀⠀⠈⠉⠛⠿⢷⣶⣿⠿⠿⣿⠿⠟⠛⠉⠁⠈⠁
⠀⠀⠀⠀⢀⣄⠀⠀⠀⣴⣷⡀
⠀⠀⠀⠀⣨⣿⣷⣄⣤⣿⣿⣿⣦⡀
⢀⣠⣤⣾⣿⣿⣿⣿⣿⣿⣿⣿⣿⠃
⣿⣿⣿⣿⣿⣿⣿⣿⣿⣿⣿⣿⣿⣆
⠘⠻⠟⠛⠻⣿⣿⣿⣿⣿⣿⣿⣿⣿
⠀⠀⠀⠀⠺⣿⣿⠿⠿⠿⠿⠿⠿⠏
⠀⠀⠀⠀⠀⠀⠀⠀⣀⠀⠀⠀⠀⠀⢠⣴⣶
⠀⠀⠀⠀⠀⠀⠀⢾⣿⣦⣀⠀⠀⠀⢸⣷⣿⣷⣄⡀
⠀⠀⠀⠀⠀⠀⢀⣸⣿⣿⣿⣦⣤⣴⣿⣿⣿⣿⣿⣿⣦
⠀⠀⠀⣀⣠⣴⣿⣿⣿⣿⣿⢿⣿⣿⣿⣿⣿⣿⣿⣿⡿
⢰⣾⣿⣿⣿⣿⣿⣿⣿⣿⣿⣿⣿⣿⣿⣿⣿⣿⣿⣿⣅
⢾⣿⣿⣿⣿⣿⣿⣿⣿⣿⣿⣿⣿⣿⣿⣿⣿⣿⣿⣿⣿⡆
⠈⠻⣿⣿⣿⣿⣿⣿⣿⣿⣿⣿⣿⣿⣿⣿⣿⣿⣿⣿⣿⣷
⠀⠀⠈⠁⠀⠀⢀⣤⣿⣿⣿⣿⣾⣿⣿⣿⣿⣿⣿⣿⢿⡏
⠀⠀⠀⠀⠀⠀⠈⠻⢾⣿⠿⠿⠛⠓⠻⠾⠿⠾⠷⠛⠛⠁
⠀⠀⠀⠀⠀⠀⠀⠀⠀⠀⠀⠀⠀⠀⠀⠀⠀⠀⢀⣤⣶⡆
⠀⠀⠀⠀⠀⠀⠀⠀⠀⣴⣿⣇⡀⠀⠀⠀⠀⠀⢸⣿⣿⣿⣦⡀
⠀⠀⠀⠀⠀⠀⠀⠀⠀⢸⣿⣿⣿⣷⡀⠀⠀⣀⣾⣿⣿⣿⣿⣿⣶⣄
⠀⠀⠀⠀⠀⠀⠀⢀⣤⣾⣿⣿⣿⣿⣿⣿⣿⣿⣿⣿⣿⣿⣿⡿⣿⣿⣧
⠀⠀⢀⣀⣀⣴⣶⣿⣿⣿⣿⣿⣿⣿⣿⣿⣿⣿⣿⣿⣿⣿⣿⣿⣿⣿⠏
⢰⣟⣿⣿⣿⣿⣿⣿⣿⣿⣿⣿⣿⣿⣿⣿⣿⣿⣿⣿⣿⣿⣿⣿⣿⣧⡀
⢸⣿⣿⣿⣿⣿⣻⣿⣿⣿⣿⣿⣿⣿⣿⣿⣿⣿⣿⣿⣿⣿⣿⣿⣿⣿⣿⡀
⠘⢿⣿⣿⣿⣿⣿⣿⣿⣿⣿⣿⣿⣿⣿⣿⣿⣿⣿⣿⣿⣿⣿⣿⣿⣿⣿⡇
⠀⠀⠙⠻⠟⠛⠛⠛⠛⠛⢿⣿⣿⣿⣿⣿⣿⣿⣿⣿⣿⣿⣿⣿⣿⣿⣿⡇
⠀⠀⠀⠀⠀⠀⠀⠀⢠⣾⣟⣿⣿⣿⣿⣿⣿⡿⣿⢿⣿⡿⣿⡿⣿⣟⣿⡇
⠀⠀⠀⠀⠀⠀⠀⠀⠈⠻⠾⣷⡿⠿⠟⠛⠙⠛⠛⠛⠛⠓⠛⠛⠛⠛⠉unchanged, skipping packages/core/src/art/ncaaf/bro.xs.txt
wrote packages/core/src/art/ncaaf/bro.sm.txt
wrote packages/core/src/art/ncaaf/bro.md.txt
--- ncaaf/BRWN xs: 5 rows x 14 cells ---
--- ncaaf/BRWN sm: 7 rows x 22 cells ---
--- ncaaf/BRWN md: 9 rows x 28 cells ---
unchanged, skipping packages/core/src/art/ncaaf/brwn.xs.txt
wrote packages/core/src/art/ncaaf/brwn.sm.txt
wrote packages/core/src/art/ncaaf/brwn.md.txt
--- ncaaf/BRY xs: 3 rows x 14 cells ---
--- ncaaf/BRY sm: 5 rows x 22 cells ---
--- ncaaf/BRY md: 6 rows x 28 cells ---
unchanged, skipping packages/core/src/art/ncaaf/bry.xs.txt
wrote packages/core/src/art/ncaaf/bry.sm.txt
wrote packages/core/src/art/ncaaf/bry.md.txt
--- ncaaf/BUCK xs: 3 rows x 14 cells ---
--- ncaaf/BUCK sm: 4 rows x 22 cells ---
--- ncaaf/BUCK md: 5 rows x 28 cells ---
unchanged, skipping packages/core/src/art/ncaaf/buck.xs.txt
wrote packages/core/src/art/ncaaf/buck.sm.txt
wrote packages/core/src/art/ncaaf/buck.md.txt
--- ncaaf/BVU xs: 3 rows x 14 cells ---
--- ncaaf/BVU sm: 4 rows x 22 cells ---
--- ncaaf/BVU md: 5 rows x 28 cells ---
unchanged, skipping packages/core/src/art/ncaaf/bvu.xs.txt
wrote packages/core/src/art/ncaaf/bvu.sm.txt
wrote packages/core/src/art/ncaaf/bvu.md.txt
--- ncaaf/BUF xs: 4 rows x 14 cells ---
--- ncaaf/BUF sm: 6 rows x 22 cells ---
--- ncaaf/BUF md: 7 rows x 28 cells ---
unchanged, skipping packages/core/src/art/ncaaf/buf.xs.txt
wrote packages/core/src/art/ncaaf/buf.sm.txt
wrote packages/core/src/art/ncaaf/buf.md.txt
--- ncaaf/BSU xs: 4 rows x 14 cells ---
--- ncaaf/BSU sm: 6 rows x 22 cells ---
--- ncaaf/BSU md: 8 rows x 28 cells ---
unchanged, skipping packages/core/src/art/ncaaf/bsu.xs.txt
wrote packages/core/src/art/ncaaf/bsu.sm.txt
wrote packages/core/src/art/ncaaf/bsu.md.txt
--- ncaaf/BTLR xs: 4 rows x 14 cells ---
--- ncaaf/BTLR sm: 6 rows x 22 cells ---
--- ncaaf/BTLR md: 7 rows x 28 cells ---
unchanged, skipping packages/core/src/art/ncaaf/btlr.xs.txt
wrote packages/core/src/art/ncaaf/btlr.sm.txt
wrote packages/core/src/art/ncaaf/btlr.md.txt
--- ncaaf/CSUP xs: 4 rows x 14 cells ---
--- ncaaf/CSUP sm: 6 rows x 22 cells ---
--- ncaaf/CSUP md: 7 rows x 28 cells ---
unchanged, skipping packages/core/src/art/ncaaf/csup.xs.txt
wrote packages/core/src/art/ncaaf/csup.sm.txt
wrote packages/core/src/art/ncaaf/csup.md.txt
--- ncaaf/CLU xs: 6 rows x 14 cells ---
--- ncaaf/CLU sm: 9 rows x 22 cells ---
--- ncaaf/CLU md: 11 rows x 28 cells ---
unchanged, skipping packages/core/src/art/ncaaf/clu.xs.txt
wrote packages/core/src/art/ncaaf/clu.sm.txt
wrote packages/core/src/art/ncaaf/clu.md.txt
--- ncaaf/CP xs: 4 rows x 14 cells ---
--- ncaaf/CP sm: 6 rows x 22 cells ---
--- ncaaf/CP md: 7 rows x 28 cells ---
unchanged, skipping packages/core/src/art/ncaaf/cp.xs.txt
wrote packages/core/src/art/ncaaf/cp.sm.txt
wrote packages/core/src/art/ncaaf/cp.md.txt
--- ncaaf/CAPA xs: 3 rows x 14 cells ---
--- ncaaf/CAPA sm: 5 rows x 22 cells ---
--- ncaaf/CAPA md: 6 rows x 28 cells ---
unchanged, skipping packages/core/src/art/ncaaf/capa.xs.txt
wrote packages/core/src/art/ncaaf/capa.sm.txt
wrote packages/core/src/art/ncaaf/capa.md.txt
--- ncaaf/CAL xs: 3 rows x 14 cells ---
--- ncaaf/CAL sm: 5 rows x 22 cells ---
--- ncaaf/CAL md: 6 rows x 28 cells ---
unchanged, skipping packages/core/src/art/ncaaf/cal.xs.txt
wrote packages/core/src/art/ncaaf/cal.sm.txt
wrote packages/core/src/art/ncaaf/cal.md.txt
--- ncaaf/CAM xs: 2 rows x 14 cells ---
--- ncaaf/CAM sm: 3 rows x 22 cells ---
--- ncaaf/CAM md: 4 rows x 28 cells ---
unchanged, skipping packages/core/src/art/ncaaf/cam.xs.txt
wrote packages/core/src/art/ncaaf/cam.sm.txt
wrote packages/core/src/art/ncaaf/cam.md.txt
--- ncaaf/CAPU xs: 3 rows x 14 cells ---
--- ncaaf/CAPU sm: 5 rows x 22 cells ---
--- ncaaf/CAPU md: 6 rows x 28 cells ---
unchanged, skipping packages/core/src/art/ncaaf/capu.xs.txt
wrote packages/core/src/art/ncaaf/capu.sm.txt
wrote packages/core/src/art/ncaaf/capu.md.txt
--- ncaaf/CAR xs: 4 rows x 14 cells ---
--- ncaaf/CAR sm: 6 rows x 22 cells ---
--- ncaaf/CAR md: 8 rows x 28 cells ---
unchanged, skipping packages/core/src/art/ncaaf/car.xs.txt
wrote packages/core/src/art/ncaaf/car.sm.txt
wrote packages/core/src/art/ncaaf/car.md.txt
--- ncaaf/CGMU xs: 4 rows x 14 cells ---
--- ncaaf/CGMU sm: 7 rows x 22 cells ---
--- ncaaf/CGMU md: 9 rows x 28 cells ---
unchanged, skipping packages/core/src/art/ncaaf/cgmu.xs.txt
wrote packages/core/src/art/ncaaf/cgmu.sm.txt
wrote packages/core/src/art/ncaaf/cgmu.md.txt
--- ncaaf/CRU xs: 2 rows x 14 cells ---
--- ncaaf/CRU sm: 4 rows x 22 cells ---
--- ncaaf/CRU md: 4 rows x 28 cells ---
unchanged, skipping packages/core/src/art/ncaaf/cru.xs.txt
wrote packages/core/src/art/ncaaf/cru.sm.txt
wrote packages/core/src/art/ncaaf/cru.md.txt
--- ncaaf/CN xs: 3 rows x 14 cells ---
--- ncaaf/CN sm: 4 rows x 22 cells ---
--- ncaaf/CN md: 5 rows x 28 cells ---
unchanged, skipping packages/core/src/art/ncaaf/cn.xs.txt
wrote packages/core/src/art/ncaaf/cn.sm.txt
wrote packages/core/src/art/ncaaf/cn.md.txt
--- ncaaf/CCW xs: 6 rows x 14 cells ---
--- ncaaf/CCW sm: 9 rows x 22 cells ---
--- ncaaf/CCW md: 11 rows x 28 cells ---
unchanged, skipping packages/core/src/art/ncaaf/ccw.xs.txt
wrote packages/core/src/art/ncaaf/ccw.sm.txt
wrote packages/core/src/art/ncaaf/ccw.md.txt
--- ncaaf/CWRU xs: 4 rows x 14 cells ---
--- ncaaf/CWRU sm: 7 rows x 22 cells ---
--- ncaaf/CWRU md: 9 rows x 28 cells ---
unchanged, skipping packages/core/src/art/ncaaf/cwru.xs.txt
wrote packages/core/src/art/ncaaf/cwru.sm.txt
wrote packages/core/src/art/ncaaf/cwru.md.txt
--- ncaaf/CAT xs: 4 rows x 14 cells ---
--- ncaaf/CAT sm: 7 rows x 22 cells ---
--- ncaaf/CAT md: 8 rows x 28 cells ---
unchanged, skipping packages/core/src/art/ncaaf/cat.xs.txt
wrote packages/core/src/art/ncaaf/cat.sm.txt
wrote packages/core/src/art/ncaaf/cat.md.txt
--- ncaaf/CATH xs: 4 rows x 14 cells ---
--- ncaaf/CATH sm: 6 rows x 22 cells ---
--- ncaaf/CATH md: 7 rows x 28 cells ---
unchanged, skipping packages/core/src/art/ncaaf/cath.xs.txt
wrote packages/core/src/art/ncaaf/cath.sm.txt
wrote packages/core/src/art/ncaaf/cath.md.txt
--- ncaaf/CTLA xs: 4 rows x 14 cells ---
--- ncaaf/CTLA sm: 6 rows x 22 cells ---
--- ncaaf/CTLA md: 7 rows x 28 cells ---
unchanged, skipping packages/core/src/art/ncaaf/ctla.xs.txt
wrote packages/core/src/art/ncaaf/ctla.sm.txt
wrote packages/core/src/art/ncaaf/ctla.md.txt
--- ncaaf/CARK xs: 2 rows x 11 cells ---
--- ncaaf/CARK sm: 5 rows x 17 cells ---
--- ncaaf/CARK md: 6 rows x 27 cells ---
unchanged, skipping packages/core/src/art/ncaaf/cark.xs.txt
wrote packages/core/src/art/ncaaf/cark.sm.txt
wrote packages/core/src/art/ncaaf/cark.md.txt
--- ncaaf/CNTC xs: 4 rows x 13 cells ---
--- ncaaf/CNTC sm: 6 rows x 21 cells ---
--- ncaaf/CNTC md: 8 rows x 27 cells ---
unchanged, skipping packages/core/src/art/ncaaf/cntc.xs.txt
wrote packages/core/src/art/ncaaf/cntc.sm.txt
wrote packages/core/src/art/ncaaf/cntc.md.txt
--- ncaaf/CCSU xs: 4 rows x 14 cells ---
--- ncaaf/CCSU sm: 6 rows x 21 cells ---
--- ncaaf/CCSU md: 8 rows x 27 cells ---
unchanged, skipping packages/core/src/art/ncaaf/ccsu.xs.txt
wrote packages/core/src/art/ncaaf/ccsu.sm.txt
wrote packages/core/src/art/ncaaf/ccsu.md.txt
--- ncaaf/CMU xs: 3 rows x 14 cells ---
--- ncaaf/CMU sm: 4 rows x 21 cells ---
--- ncaaf/CMU md: 5 rows x 27 cells ---
unchanged, skipping packages/core/src/art/ncaaf/cmu.xs.txt
wrote packages/core/src/art/ncaaf/cmu.sm.txt
wrote packages/core/src/art/ncaaf/cmu.md.txt
--- ncaaf/UCM xs: 4 rows x 14 cells ---
--- ncaaf/UCM sm: 6 rows x 22 cells ---
--- ncaaf/UCM md: 7 rows x 28 cells ---
unchanged, skipping packages/core/src/art/ncaaf/ucm.xs.txt
wrote packages/core/src/art/ncaaf/ucm.sm.txt
wrote packages/core/src/art/ncaaf/ucm.md.txt
--- ncaaf/UCO xs: 3 rows x 14 cells ---
--- ncaaf/UCO sm: 5 rows x 22 cells ---
--- ncaaf/UCO md: 7 rows x 28 cells ---
unchanged, skipping packages/core/src/art/ncaaf/uco.xs.txt
wrote packages/core/src/art/ncaaf/uco.sm.txt
wrote packages/core/src/art/ncaaf/uco.md.txt
--- ncaaf/CNSU xs: 5 rows x 14 cells ---
--- ncaaf/CNSU sm: 8 rows x 22 cells ---
--- ncaaf/CNSU md: 10 rows x 28 cells ---
unchanged, skipping packages/core/src/art/ncaaf/cnsu.xs.txt
wrote packages/core/src/art/ncaaf/cnsu.sm.txt
wrote packages/core/src/art/ncaaf/cnsu.md.txt
--- ncaaf/CWAU xs: 3 rows x 14 cells ---
--- ncaaf/CWAU sm: 5 rows x 22 cells ---
--- ncaaf/CWAU md: 7 rows x 28 cells ---
unchanged, skipping packages/core/src/art/ncaaf/cwau.xs.txt
wrote packages/core/src/art/ncaaf/cwau.sm.txt
wrote packages/core/src/art/ncaaf/cwau.md.txt
--- ncaaf/CCO xs: 3 rows x 14 cells ---
--- ncaaf/CCO sm: 4 rows x 22 cells ---
--- ncaaf/CCO md: 6 rows x 28 cells ---
unchanged, skipping packages/core/src/art/ncaaf/cco.xs.txt
wrote packages/core/src/art/ncaaf/cco.sm.txt
wrote packages/core/src/art/ncaaf/cco.md.txt
--- ncaaf/CHAD xs: 3 rows x 14 cells ---
--- ncaaf/CHAD sm: 4 rows x 22 cells ---
--- ncaaf/CHAD md: 5 rows x 28 cells ---
unchanged, skipping packages/core/src/art/ncaaf/chad.xs.txt
wrote packages/core/src/art/ncaaf/chad.sm.txt
wrote packages/core/src/art/ncaaf/chad.md.txt
--- ncaaf/CHAP xs: 4 rows x 14 cells ---
--- ncaaf/CHAP sm: 6 rows x 21 cells ---
--- ncaaf/CHAP md: 8 rows x 28 cells ---
unchanged, skipping packages/core/src/art/ncaaf/chap.xs.txt
wrote packages/core/src/art/ncaaf/chap.sm.txt
wrote packages/core/src/art/ncaaf/chap.md.txt
--- ncaaf/UCWV xs: 4 rows x 13 cells ---
--- ncaaf/UCWV sm: 5 rows x 21 cells ---
--- ncaaf/UCWV md: 7 rows x 26 cells ---
unchanged, skipping packages/core/src/art/ncaaf/ucwv.xs.txt
wrote packages/core/src/art/ncaaf/ucwv.sm.txt
wrote packages/core/src/art/ncaaf/ucwv.md.txt
--- ncaaf/CHSO xs: 3 rows x 14 cells ---
--- ncaaf/CHSO sm: 4 rows x 22 cells ---
--- ncaaf/CHSO md: 5 rows x 28 cells ---
unchanged, skipping packages/core/src/art/ncaaf/chso.xs.txt
wrote packages/core/src/art/ncaaf/chso.sm.txt
wrote packages/core/src/art/ncaaf/chso.md.txt
--- ncaaf/CLT xs: 5 rows x 14 cells ---
--- ncaaf/CLT sm: 7 rows x 22 cells ---
--- ncaaf/CLT md: 9 rows x 28 cells ---
unchanged, skipping packages/core/src/art/ncaaf/clt.xs.txt
wrote packages/core/src/art/ncaaf/clt.sm.txt
wrote packages/core/src/art/ncaaf/clt.md.txt
--- ncaaf/UTC xs: 3 rows x 14 cells ---
--- ncaaf/UTC sm: 5 rows x 22 cells ---
--- ncaaf/UTC md: 6 rows x 28 cells ---
unchanged, skipping packages/core/src/art/ncaaf/utc.xs.txt
wrote packages/core/src/art/ncaaf/utc.sm.txt
wrote packages/core/src/art/ncaaf/utc.md.txt
--- ncaaf/CHI xs: 2 rows x 14 cells ---
--- ncaaf/CHI sm: 3 rows x 22 cells ---
--- ncaaf/CHI md: 4 rows x 28 cells ---
unchanged, skipping packages/core/src/art/ncaaf/chi.xs.txt
wrote packages/core/src/art/ncaaf/chi.sm.txt
wrote packages/core/src/art/ncaaf/chi.md.txt
--- ncaaf/CWAN xs: 3 rows x 14 cells ---
--- ncaaf/CWAN sm: 4 rows x 22 cells ---
--- ncaaf/CWAN md: 5 rows x 28 cells ---
unchanged, skipping packages/core/src/art/ncaaf/cwan.xs.txt
wrote packages/core/src/art/ncaaf/cwan.sm.txt
wrote packages/core/src/art/ncaaf/cwan.md.txt
--- ncaaf/CNU xs: 3 rows x 14 cells ---
--- ncaaf/CNU sm: 4 rows x 22 cells ---
--- ncaaf/CNU md: 5 rows x 28 cells ---
unchanged, skipping packages/core/src/art/ncaaf/cnu.xs.txt
wrote packages/core/src/art/ncaaf/cnu.sm.txt
wrote packages/core/src/art/ncaaf/cnu.md.txt
--- ncaaf/CIN xs: 6 rows x 14 cells ---
--- ncaaf/CIN sm: 9 rows x 21 cells ---
--- ncaaf/CIN md: 11 rows x 27 cells ---
unchanged, skipping packages/core/src/art/ncaaf/cin.xs.txt
wrote packages/core/src/art/ncaaf/cin.sm.txt
wrote packages/core/src/art/ncaaf/cin.md.txt
--- ncaaf/CMS xs: 2 rows x 14 cells ---
--- ncaaf/CMS sm: 4 rows x 22 cells ---
--- ncaaf/CMS md: 5 rows x 28 cells ---
unchanged, skipping packages/core/src/art/ncaaf/cms.xs.txt
wrote packages/core/src/art/ncaaf/cms.sm.txt
wrote packages/core/src/art/ncaaf/cms.md.txt
--- ncaaf/CLRN xs: 2 rows x 14 cells ---
--- ncaaf/CLRN sm: 3 rows x 22 cells ---
--- ncaaf/CLRN md: 4 rows x 28 cells ---
unchanged, skipping packages/core/src/art/ncaaf/clrn.xs.txt
wrote packages/core/src/art/ncaaf/clrn.sm.txt
wrote packages/core/src/art/ncaaf/clrn.md.txt
--- ncaaf/CKGA xs: 3 rows x 14 cells ---
--- ncaaf/CKGA sm: 4 rows x 22 cells ---
--- ncaaf/CKGA md: 5 rows x 28 cells ---
unchanged, skipping packages/core/src/art/ncaaf/ckga.xs.txt
wrote packages/core/src/art/ncaaf/ckga.sm.txt
wrote packages/core/src/art/ncaaf/ckga.md.txt
--- ncaaf/CLEM xs: 4 rows x 14 cells ---
--- ncaaf/CLEM sm: 6 rows x 22 cells ---
--- ncaaf/CLEM md: 7 rows x 28 cells ---
unchanged, skipping packages/core/src/art/ncaaf/clem.xs.txt
wrote packages/core/src/art/ncaaf/clem.sm.txt
wrote packages/core/src/art/ncaaf/clem.md.txt
--- ncaaf/USCG xs: 3 rows x 14 cells ---
--- ncaaf/USCG sm: 5 rows x 22 cells ---
--- ncaaf/USCG md: 6 rows x 28 cells ---
unchanged, skipping packages/core/src/art/ncaaf/uscg.xs.txt
wrote packages/core/src/art/ncaaf/uscg.sm.txt
wrote packages/core/src/art/ncaaf/uscg.md.txt
--- ncaaf/CCU xs: 4 rows x 14 cells ---
--- ncaaf/CCU sm: 6 rows x 22 cells ---
--- ncaaf/CCU md: 8 rows x 28 cells ---
unchanged, skipping packages/core/src/art/ncaaf/ccu.xs.txt
wrote packages/core/src/art/ncaaf/ccu.sm.txt
wrote packages/core/src/art/ncaaf/ccu.md.txt
--- ncaaf/COE xs: 2 rows x 14 cells ---
--- ncaaf/COE sm: 4 rows x 22 cells ---
--- ncaaf/COE md: 5 rows x 28 cells ---
unchanged, skipping packages/core/src/art/ncaaf/coe.xs.txt
wrote packages/core/src/art/ncaaf/coe.sm.txt
wrote packages/core/src/art/ncaaf/coe.md.txt
--- ncaaf/CLBY xs: 2 rows x 14 cells ---
--- ncaaf/CLBY sm: 3 rows x 22 cells ---
--- ncaaf/CLBY md: 4 rows x 28 cells ---
unchanged, skipping packages/core/src/art/ncaaf/clby.xs.txt
wrote packages/core/src/art/ncaaf/clby.sm.txt
wrote packages/core/src/art/ncaaf/clby.md.txt
--- ncaaf/COLG xs: 4 rows x 13 cells ---
--- ncaaf/COLG sm: 5 rows x 22 cells ---
--- ncaaf/COLG md: 7 rows x 28 cells ---
unchanged, skipping packages/core/src/art/ncaaf/colg.xs.txt
wrote packages/core/src/art/ncaaf/colg.sm.txt
wrote packages/core/src/art/ncaaf/colg.md.txt
--- ncaaf/COLO xs: 3 rows x 14 cells ---
--- ncaaf/COLO sm: 4 rows x 22 cells ---
--- ncaaf/COLO md: 5 rows x 28 cells ---
unchanged, skipping packages/core/src/art/ncaaf/colo.xs.txt
wrote packages/core/src/art/ncaaf/colo.sm.txt
wrote packages/core/src/art/ncaaf/colo.md.txt
--- ncaaf/COMU xs: 4 rows x 14 cells ---
--- ncaaf/COMU sm: 6 rows x 22 cells ---
--- ncaaf/COMU md: 7 rows x 27 cells ---
unchanged, skipping packages/core/src/art/ncaaf/comu.xs.txt
wrote packages/core/src/art/ncaaf/comu.sm.txt
wrote packages/core/src/art/ncaaf/comu.md.txt
--- ncaaf/CMIN xs: 4 rows x 14 cells ---
--- ncaaf/CMIN sm: 6 rows x 22 cells ---
--- ncaaf/CMIN md: 7 rows x 28 cells ---
unchanged, skipping packages/core/src/art/ncaaf/cmin.xs.txt
wrote packages/core/src/art/ncaaf/cmin.sm.txt
wrote packages/core/src/art/ncaaf/cmin.md.txt
--- ncaaf/CSU xs: 4 rows x 14 cells ---
--- ncaaf/CSU sm: 6 rows x 22 cells ---
--- ncaaf/CSU md: 7 rows x 28 cells ---
unchanged, skipping packages/core/src/art/ncaaf/csu.xs.txt
wrote packages/core/src/art/ncaaf/csu.sm.txt
wrote packages/core/src/art/ncaaf/csu.md.txt
--- ncaaf/COLU xs: 4 rows x 14 cells ---
--- ncaaf/COLU sm: 7 rows x 22 cells ---
--- ncaaf/COLU md: 8 rows x 28 cells ---
unchanged, skipping packages/core/src/art/ncaaf/colu.xs.txt
wrote packages/core/src/art/ncaaf/colu.sm.txt
wrote packages/core/src/art/ncaaf/colu.md.txt
--- ncaaf/CONC xs: 3 rows x 14 cells ---
--- ncaaf/CONC sm: 5 rows x 22 cells ---
--- ncaaf/CONC md: 7 rows x 28 cells ---
unchanged, skipping packages/core/src/art/ncaaf/conc.xs.txt
wrote packages/core/src/art/ncaaf/conc.sm.txt
wrote packages/core/src/art/ncaaf/conc.md.txt
--- ncaaf/CCMN xs: 3 rows x 13 cells ---
--- ncaaf/CCMN sm: 4 rows x 21 cells ---
--- ncaaf/CCMN md: 5 rows x 27 cells ---
unchanged, skipping packages/core/src/art/ncaaf/ccmn.xs.txt
wrote packages/core/src/art/ncaaf/ccmn.sm.txt
wrote packages/core/src/art/ncaaf/ccmn.md.txt
--- ncaaf/CUW xs: 3 rows x 14 cells ---
--- ncaaf/CUW sm: 4 rows x 22 cells ---
--- ncaaf/CUW md: 5 rows x 28 cells ---
unchanged, skipping packages/core/src/art/ncaaf/cuw.xs.txt
wrote packages/core/src/art/ncaaf/cuw.sm.txt
wrote packages/core/src/art/ncaaf/cuw.md.txt
--- ncaaf/CUC xs: 3 rows x 14 cells ---
--- ncaaf/CUC sm: 4 rows x 22 cells ---
--- ncaaf/CUC md: 6 rows x 28 cells ---
unchanged, skipping packages/core/src/art/ncaaf/cuc.xs.txt
wrote packages/core/src/art/ncaaf/cuc.sm.txt
wrote packages/core/src/art/ncaaf/cuc.md.txt
--- ncaaf/CSP xs: 4 rows x 14 cells ---
--- ncaaf/CSP sm: 5 rows x 22 cells ---
--- ncaaf/CSP md: 7 rows x 28 cells ---
unchanged, skipping packages/core/src/art/ncaaf/csp.xs.txt
wrote packages/core/src/art/ncaaf/csp.sm.txt
wrote packages/core/src/art/ncaaf/csp.md.txt
--- ncaaf/CNIA xs: 5 rows x 14 cells ---
--- ncaaf/CNIA sm: 8 rows x 22 cells ---
--- ncaaf/CNIA md: 10 rows x 28 cells ---
unchanged, skipping packages/core/src/art/ncaaf/cnia.xs.txt
wrote packages/core/src/art/ncaaf/cnia.sm.txt
wrote packages/core/src/art/ncaaf/cnia.md.txt
--- ncaaf/COR xs: 5 rows x 14 cells ---
--- ncaaf/COR sm: 7 rows x 22 cells ---
--- ncaaf/COR md: 9 rows x 28 cells ---
unchanged, skipping packages/core/src/art/ncaaf/cor.xs.txt
wrote packages/core/src/art/ncaaf/cor.sm.txt
wrote packages/core/src/art/ncaaf/cor.md.txt
--- ncaaf/CRWN xs: 2 rows x 14 cells ---
--- ncaaf/CRWN sm: 4 rows x 21 cells ---
--- ncaaf/CRWN md: 5 rows x 27 cells ---
unchanged, skipping packages/core/src/art/ncaaf/crwn.xs.txt
wrote packages/core/src/art/ncaaf/crwn.sm.txt
wrote packages/core/src/art/ncaaf/crwn.md.txt
--- ncaaf/CC xs: 3 rows x 14 cells ---
--- ncaaf/CC sm: 5 rows x 22 cells ---
--- ncaaf/CC md: 6 rows x 28 cells ---
unchanged, skipping packages/core/src/art/ncaaf/cc.xs.txt
wrote packages/core/src/art/ncaaf/cc.sm.txt
wrote packages/core/src/art/ncaaf/cc.md.txt
--- ncaaf/DAKOT xs: 2 rows x 14 cells ---
--- ncaaf/DAKOT sm: 4 rows x 22 cells ---
--- ncaaf/DAKOT md: 4 rows x 28 cells ---
unchanged, skipping packages/core/src/art/ncaaf/dakot.xs.txt
wrote packages/core/src/art/ncaaf/dakot.sm.txt
wrote packages/core/src/art/ncaaf/dakot.md.txt
--- ncaaf/DART xs: 5 rows x 14 cells ---
--- ncaaf/DART sm: 7 rows x 22 cells ---
--- ncaaf/DART md: 9 rows x 28 cells ---
unchanged, skipping packages/core/src/art/ncaaf/dart.xs.txt
wrote packages/core/src/art/ncaaf/dart.sm.txt
wrote packages/core/src/art/ncaaf/dart.md.txt
--- ncaaf/DAV xs: 4 rows x 14 cells ---
--- ncaaf/DAV sm: 6 rows x 22 cells ---
--- ncaaf/DAV md: 8 rows x 28 cells ---
unchanged, skipping packages/core/src/art/ncaaf/dav.xs.txt
wrote packages/core/src/art/ncaaf/dav.sm.txt
wrote packages/core/src/art/ncaaf/dav.md.txt
--- ncaaf/DAY xs: 2 rows x 14 cells ---
--- ncaaf/DAY sm: 4 rows x 22 cells ---
--- ncaaf/DAY md: 5 rows x 28 cells ---
unchanged, skipping packages/core/src/art/ncaaf/day.xs.txt
wrote packages/core/src/art/ncaaf/day.sm.txt
wrote packages/core/src/art/ncaaf/day.md.txt
--- ncaaf/DPU xs: 3 rows x 14 cells ---
--- ncaaf/DPU sm: 5 rows x 22 cells ---
--- ncaaf/DPU md: 6 rows x 28 cells ---
unchanged, skipping packages/core/src/art/ncaaf/dpu.xs.txt
wrote packages/core/src/art/ncaaf/dpu.sm.txt
wrote packages/core/src/art/ncaaf/dpu.md.txt
--- ncaaf/DEAN xs: 4 rows x 14 cells ---
--- ncaaf/DEAN sm: 7 rows x 22 cells ---
--- ncaaf/DEAN md: 9 rows x 28 cells ---
unchanged, skipping packages/core/src/art/ncaaf/dean.xs.txt
wrote packages/core/src/art/ncaaf/dean.sm.txt
wrote packages/core/src/art/ncaaf/dean.md.txt
--- ncaaf/DEF xs: 4 rows x 14 cells ---
--- ncaaf/DEF sm: 5 rows x 22 cells ---
--- ncaaf/DEF md: 7 rows x 28 cells ---
unchanged, skipping packages/core/src/art/ncaaf/def.xs.txt
wrote packages/core/src/art/ncaaf/def.sm.txt
wrote packages/core/src/art/ncaaf/def.md.txt
--- ncaaf/DEL xs: 3 rows x 14 cells ---
--- ncaaf/DEL sm: 4 rows x 22 cells ---
--- ncaaf/DEL md: 5 rows x 28 cells ---
unchanged, skipping packages/core/src/art/ncaaf/del.xs.txt
wrote packages/core/src/art/ncaaf/del.sm.txt
wrote packages/core/src/art/ncaaf/del.md.txt
--- ncaaf/DSU xs: 3 rows x 14 cells ---
--- ncaaf/DSU sm: 5 rows x 22 cells ---
--- ncaaf/DSU md: 6 rows x 28 cells ---
unchanged, skipping packages/core/src/art/ncaaf/dsu.xs.txt
wrote packages/core/src/art/ncaaf/dsu.sm.txt
wrote packages/core/src/art/ncaaf/dsu.md.txt
--- ncaaf/DVU xs: 4 rows x 14 cells ---
--- ncaaf/DVU sm: 6 rows x 22 cells ---
--- ncaaf/DVU md: 8 rows x 28 cells ---
unchanged, skipping packages/core/src/art/ncaaf/dvu.xs.txt
wrote packages/core/src/art/ncaaf/dvu.sm.txt
wrote packages/core/src/art/ncaaf/dvu.md.txt
--- ncaaf/DLST xs: 3 rows x 13 cells ---
--- ncaaf/DLST sm: 4 rows x 21 cells ---
--- ncaaf/DLST md: 5 rows x 28 cells ---
unchanged, skipping packages/core/src/art/ncaaf/dlst.xs.txt
wrote packages/core/src/art/ncaaf/dlst.sm.txt
wrote packages/core/src/art/ncaaf/dlst.md.txt
--- ncaaf/DSN xs: 4 rows x 14 cells ---
--- ncaaf/DSN sm: 6 rows x 22 cells ---
--- ncaaf/DSN md: 8 rows x 28 cells ---
unchanged, skipping packages/core/src/art/ncaaf/dsn.xs.txt
wrote packages/core/src/art/ncaaf/dsn.sm.txt
wrote packages/core/src/art/ncaaf/dsn.md.txt
--- ncaaf/GRANDVIEW xs: 2 rows x 13 cells ---
--- ncaaf/GRANDVIEW sm: 4 rows x 21 cells ---
--- ncaaf/GRANDVIEW md: 4 rows x 26 cells ---
unchanged, skipping packages/core/src/art/ncaaf/grandview.xs.txt
wrote packages/core/src/art/ncaaf/grandview.sm.txt
wrote packages/core/src/art/ncaaf/grandview.md.txt
--- ncaaf/DKSN xs: 3 rows x 14 cells ---
--- ncaaf/DKSN sm: 4 rows x 22 cells ---
--- ncaaf/DKSN md: 6 rows x 28 cells ---
unchanged, skipping packages/core/src/art/ncaaf/dksn.xs.txt
wrote packages/core/src/art/ncaaf/dksn.sm.txt
wrote packages/core/src/art/ncaaf/dksn.md.txt
--- ncaaf/DRKE xs: 4 rows x 14 cells ---
--- ncaaf/DRKE sm: 6 rows x 22 cells ---
--- ncaaf/DRKE md: 8 rows x 28 cells ---
unchanged, skipping packages/core/src/art/ncaaf/drke.xs.txt
wrote packages/core/src/art/ncaaf/drke.sm.txt
wrote packages/core/src/art/ncaaf/drke.md.txt
--- ncaaf/DBQ xs: 2 rows x 14 cells ---
--- ncaaf/DBQ sm: 3 rows x 22 cells ---
--- ncaaf/DBQ md: 4 rows x 28 cells ---
unchanged, skipping packages/core/src/art/ncaaf/dbq.xs.txt
wrote packages/core/src/art/ncaaf/dbq.sm.txt
wrote packages/core/src/art/ncaaf/dbq.md.txt
--- ncaaf/DUKE xs: 3 rows x 14 cells ---
--- ncaaf/DUKE sm: 5 rows x 22 cells ---
--- ncaaf/DUKE md: 6 rows x 28 cells ---
unchanged, skipping packages/core/src/art/ncaaf/duke.xs.txt
wrote packages/core/src/art/ncaaf/duke.sm.txt
wrote packages/core/src/art/ncaaf/duke.md.txt
--- ncaaf/DUQ xs: 8 rows x 14 cells ---
--- ncaaf/DUQ sm: 12 rows x 22 cells ---
--- ncaaf/DUQ md: 15 rows x 28 cells ---
unchanged, skipping packages/core/src/art/ncaaf/duq.xs.txt
wrote packages/core/src/art/ncaaf/duq.sm.txt
wrote packages/core/src/art/ncaaf/duq.md.txt
--- ncaaf/ECU xs: 4 rows x 14 cells ---
--- ncaaf/ECU sm: 6 rows x 22 cells ---
--- ncaaf/ECU md: 8 rows x 28 cells ---
unchanged, skipping packages/core/src/art/ncaaf/ecu.xs.txt
wrote packages/core/src/art/ncaaf/ecu.sm.txt
wrote packages/core/src/art/ncaaf/ecu.md.txt
--- ncaaf/ECNU xs: 3 rows x 14 cells ---
--- ncaaf/ECNU sm: 4 rows x 22 cells ---
--- ncaaf/ECNU md: 5 rows x 28 cells ---
unchanged, skipping packages/core/src/art/ncaaf/ecnu.xs.txt
wrote packages/core/src/art/ncaaf/ecnu.sm.txt
wrote packages/core/src/art/ncaaf/ecnu.md.txt
--- ncaaf/ESU xs: 6 rows x 14 cells ---
--- ncaaf/ESU sm: 9 rows x 22 cells ---
--- ncaaf/ESU md: 11 rows x 28 cells ---
unchanged, skipping packages/core/src/art/ncaaf/esu.xs.txt
wrote packages/core/src/art/ncaaf/esu.sm.txt
wrote packages/core/src/art/ncaaf/esu.md.txt
--- ncaaf/ETSU xs: 4 rows x 13 cells ---
--- ncaaf/ETSU sm: 6 rows x 21 cells ---
--- ncaaf/ETSU md: 7 rows x 27 cells ---
unchanged, skipping packages/core/src/art/ncaaf/etsu.xs.txt
wrote packages/core/src/art/ncaaf/etsu.sm.txt
wrote packages/core/src/art/ncaaf/etsu.md.txt
--- ncaaf/ETAM xs: 4 rows x 14 cells ---
--- ncaaf/ETAM sm: 6 rows x 22 cells ---
--- ncaaf/ETAM md: 7 rows x 28 cells ---
unchanged, skipping packages/core/src/art/ncaaf/etam.xs.txt
wrote packages/core/src/art/ncaaf/etam.sm.txt
wrote packages/core/src/art/ncaaf/etam.md.txt
--- ncaaf/ETBU xs: 4 rows x 14 cells ---
--- ncaaf/ETBU sm: 5 rows x 22 cells ---
--- ncaaf/ETBU md: 6 rows x 28 cells ---
unchanged, skipping packages/core/src/art/ncaaf/etbu.xs.txt
wrote packages/core/src/art/ncaaf/etbu.sm.txt
wrote packages/core/src/art/ncaaf/etbu.md.txt
--- ncaaf/EU xs: 2 rows x 14 cells ---
--- ncaaf/EU sm: 3 rows x 22 cells ---
--- ncaaf/EU md: 4 rows x 28 cells ---
unchanged, skipping packages/core/src/art/ncaaf/eu.xs.txt
wrote packages/core/src/art/ncaaf/eu.sm.txt
wrote packages/core/src/art/ncaaf/eu.md.txt
--- ncaaf/EIU xs: 3 rows x 14 cells ---
--- ncaaf/EIU sm: 5 rows x 22 cells ---
--- ncaaf/EIU md: 6 rows x 28 cells ---
unchanged, skipping packages/core/src/art/ncaaf/eiu.xs.txt
wrote packages/core/src/art/ncaaf/eiu.sm.txt
wrote packages/core/src/art/ncaaf/eiu.md.txt
--- ncaaf/EKU xs: 1 rows x 14 cells ---
--- ncaaf/EKU sm: 2 rows x 22 cells ---
--- ncaaf/EKU md: 2 rows x 28 cells ---
unchanged, skipping packages/core/src/art/ncaaf/eku.xs.txt
wrote packages/core/src/art/ncaaf/eku.sm.txt
wrote packages/core/src/art/ncaaf/eku.md.txt
--- ncaaf/EMU xs: 4 rows x 14 cells ---
--- ncaaf/EMU sm: 7 rows x 22 cells ---
--- ncaaf/EMU md: 8 rows x 28 cells ---
unchanged, skipping packages/core/src/art/ncaaf/emu.xs.txt
wrote packages/core/src/art/ncaaf/emu.sm.txt
wrote packages/core/src/art/ncaaf/emu.md.txt
--- ncaaf/ENMU xs: 2 rows x 14 cells ---
--- ncaaf/ENMU sm: 3 rows x 22 cells ---
--- ncaaf/ENMU md: 4 rows x 28 cells ---
unchanged, skipping packages/core/src/art/ncaaf/enmu.xs.txt
wrote packages/core/src/art/ncaaf/enmu.sm.txt
wrote packages/core/src/art/ncaaf/enmu.md.txt
--- ncaaf/EWU xs: 4 rows x 14 cells ---
--- ncaaf/EWU sm: 5 rows x 22 cells ---
--- ncaaf/EWU md: 7 rows x 28 cells ---
unchanged, skipping packages/core/src/art/ncaaf/ewu.xs.txt
wrote packages/core/src/art/ncaaf/ewu.sm.txt
wrote packages/core/src/art/ncaaf/ewu.md.txt
--- ncaaf/EDBR xs: 6 rows x 14 cells ---
--- ncaaf/EDBR sm: 10 rows x 22 cells ---
--- ncaaf/EDBR md: 13 rows x 28 cells ---
unchanged, skipping packages/core/src/art/ncaaf/edbr.xs.txt
wrote packages/core/src/art/ncaaf/edbr.sm.txt
wrote packages/core/src/art/ncaaf/edbr.md.txt
--- ncaaf/EDW xs: 3 rows x 14 cells ---
--- ncaaf/EDW sm: 4 rows x 22 cells ---
--- ncaaf/EDW md: 5 rows x 28 cells ---
unchanged, skipping packages/core/src/art/ncaaf/edw.xs.txt
wrote packages/core/src/art/ncaaf/edw.sm.txt
wrote packages/core/src/art/ncaaf/edw.md.txt
--- ncaaf/ECSU xs: 5 rows x 13 cells ---
--- ncaaf/ECSU sm: 8 rows x 21 cells ---
--- ncaaf/ECSU md: 10 rows x 27 cells ---
unchanged, skipping packages/core/src/art/ncaaf/ecsu.xs.txt
wrote packages/core/src/art/ncaaf/ecsu.sm.txt
wrote packages/core/src/art/ncaaf/ecsu.md.txt
--- ncaaf/ELMH xs: 2 rows x 14 cells ---
--- ncaaf/ELMH sm: 3 rows x 22 cells ---
--- ncaaf/ELMH md: 4 rows x 27 cells ---
unchanged, skipping packages/core/src/art/ncaaf/elmh.xs.txt
wrote packages/core/src/art/ncaaf/elmh.sm.txt
wrote packages/core/src/art/ncaaf/elmh.md.txt
--- ncaaf/ELON xs: 4 rows x 14 cells ---
--- ncaaf/ELON sm: 6 rows x 22 cells ---
--- ncaaf/ELON md: 8 rows x 28 cells ---
unchanged, skipping packages/core/src/art/ncaaf/elon.xs.txt
wrote packages/core/src/art/ncaaf/elon.sm.txt
wrote packages/core/src/art/ncaaf/elon.md.txt
--- ncaaf/EHC xs: 2 rows x 14 cells ---
--- ncaaf/EHC sm: 3 rows x 21 cells ---
--- ncaaf/EHC md: 4 rows x 27 cells ---
unchanged, skipping packages/core/src/art/ncaaf/ehc.xs.txt
wrote packages/core/src/art/ncaaf/ehc.sm.txt
wrote packages/core/src/art/ncaaf/ehc.md.txt
--- ncaaf/EMSU xs: 3 rows x 14 cells ---
--- ncaaf/EMSU sm: 4 rows x 22 cells ---
--- ncaaf/EMSU md: 5 rows x 28 cells ---
unchanged, skipping packages/core/src/art/ncaaf/emsu.xs.txt
wrote packages/core/src/art/ncaaf/emsu.sm.txt
wrote packages/core/src/art/ncaaf/emsu.md.txt
--- ncaaf/ENDC xs: 2 rows x 12 cells ---
--- ncaaf/ENDC sm: 4 rows x 21 cells ---
--- ncaaf/ENDC md: 4 rows x 28 cells ---
unchanged, skipping packages/core/src/art/ncaaf/endc.xs.txt
wrote packages/core/src/art/ncaaf/endc.sm.txt
wrote packages/core/src/art/ncaaf/endc.md.txt
--- ncaaf/ERSK xs: 3 rows x 14 cells ---
--- ncaaf/ERSK sm: 4 rows x 22 cells ---
--- ncaaf/ERSK md: 5 rows x 28 cells ---
unchanged, skipping packages/core/src/art/ncaaf/ersk.xs.txt
wrote packages/core/src/art/ncaaf/ersk.sm.txt
wrote packages/core/src/art/ncaaf/ersk.md.txt
--- ncaaf/ERKA xs: 4 rows x 14 cells ---
--- ncaaf/ERKA sm: 7 rows x 22 cells ---
--- ncaaf/ERKA md: 9 rows x 28 cells ---
unchanged, skipping packages/core/src/art/ncaaf/erka.xs.txt
wrote packages/core/src/art/ncaaf/erka.sm.txt
wrote packages/core/src/art/ncaaf/erka.md.txt
--- ncaaf/FDUF xs: 6 rows x 14 cells ---
--- ncaaf/FDUF sm: 9 rows x 22 cells ---
--- ncaaf/FDUF md: 11 rows x 28 cells ---
unchanged, skipping packages/core/src/art/ncaaf/fduf.xs.txt
wrote packages/core/src/art/ncaaf/fduf.sm.txt
wrote packages/core/src/art/ncaaf/fduf.md.txt
--- ncaaf/FMSU xs: 4 rows x 14 cells ---
--- ncaaf/FMSU sm: 5 rows x 22 cells ---
--- ncaaf/FMSU md: 7 rows x 28 cells ---
unchanged, skipping packages/core/src/art/ncaaf/fmsu.xs.txt
wrote packages/core/src/art/ncaaf/fmsu.sm.txt
wrote packages/core/src/art/ncaaf/fmsu.md.txt
--- ncaaf/FAYU xs: 3 rows x 14 cells ---
--- ncaaf/FAYU sm: 5 rows x 22 cells ---
--- ncaaf/FAYU md: 7 rows x 28 cells ---
unchanged, skipping packages/core/src/art/ncaaf/fayu.xs.txt
wrote packages/core/src/art/ncaaf/fayu.sm.txt
wrote packages/core/src/art/ncaaf/fayu.md.txt
--- ncaaf/FRST xs: 5 rows x 14 cells ---
--- ncaaf/FRST sm: 8 rows x 22 cells ---
--- ncaaf/FRST md: 10 rows x 28 cells ---
unchanged, skipping packages/core/src/art/ncaaf/frst.xs.txt
wrote packages/core/src/art/ncaaf/frst.sm.txt
wrote packages/core/src/art/ncaaf/frst.md.txt
--- ncaaf/FC xs: 3 rows x 14 cells ---
--- ncaaf/FC sm: 5 rows x 22 cells ---
--- ncaaf/FC md: 7 rows x 28 cells ---
unchanged, skipping packages/core/src/art/ncaaf/fc.xs.txt
wrote packages/core/src/art/ncaaf/fc.sm.txt
wrote packages/core/src/art/ncaaf/fc.md.txt
--- ncaaf/UF xs: 3 rows x 14 cells ---
--- ncaaf/UF sm: 5 rows x 22 cells ---
--- ncaaf/UF md: 6 rows x 28 cells ---
unchanged, skipping packages/core/src/art/ncaaf/uf.xs.txt
wrote packages/core/src/art/ncaaf/uf.sm.txt
wrote packages/core/src/art/ncaaf/uf.md.txt
--- ncaaf/FBSU xs: 3 rows x 14 cells ---
--- ncaaf/FBSU sm: 5 rows x 22 cells ---
--- ncaaf/FBSU md: 6 rows x 27 cells ---
unchanged, skipping packages/core/src/art/ncaaf/fbsu.xs.txt
wrote packages/core/src/art/ncaaf/fbsu.sm.txt
wrote packages/core/src/art/ncaaf/fbsu.md.txt
--- ncaaf/FAMU xs: 3 rows x 14 cells ---
--- ncaaf/FAMU sm: 4 rows x 22 cells ---
--- ncaaf/FAMU md: 5 rows x 28 cells ---
unchanged, skipping packages/core/src/art/ncaaf/famu.xs.txt
wrote packages/core/src/art/ncaaf/famu.sm.txt
wrote packages/core/src/art/ncaaf/famu.md.txt
--- ncaaf/FAU xs: 2 rows x 14 cells ---
--- ncaaf/FAU sm: 3 rows x 22 cells ---
--- ncaaf/FAU md: 4 rows x 27 cells ---
unchanged, skipping packages/core/src/art/ncaaf/fau.xs.txt
wrote packages/core/src/art/ncaaf/fau.sm.txt
wrote packages/core/src/art/ncaaf/fau.md.txt
--- ncaaf/FLA xs: 2 rows x 14 cells ---
--- ncaaf/FLA sm: 4 rows x 22 cells ---
--- ncaaf/FLA md: 5 rows x 28 cells ---
unchanged, skipping packages/core/src/art/ncaaf/fla.xs.txt
wrote packages/core/src/art/ncaaf/fla.sm.txt
wrote packages/core/src/art/ncaaf/fla.md.txt
--- ncaaf/FIU xs: 4 rows x 14 cells ---
--- ncaaf/FIU sm: 6 rows x 22 cells ---
--- ncaaf/FIU md: 8 rows x 28 cells ---
unchanged, skipping packages/core/src/art/ncaaf/fiu.xs.txt
wrote packages/core/src/art/ncaaf/fiu.sm.txt
wrote packages/core/src/art/ncaaf/fiu.md.txt
--- ncaaf/FSU xs: 4 rows x 14 cells ---
--- ncaaf/FSU sm: 6 rows x 22 cells ---
--- ncaaf/FSU md: 7 rows x 28 cells ---
unchanged, skipping packages/core/src/art/ncaaf/fsu.xs.txt
wrote packages/core/src/art/ncaaf/fsu.sm.txt
wrote packages/core/src/art/ncaaf/fsu.md.txt
--- ncaaf/FOR xs: 4 rows x 14 cells ---
--- ncaaf/FOR sm: 6 rows x 22 cells ---
--- ncaaf/FOR md: 7 rows x 28 cells ---
unchanged, skipping packages/core/src/art/ncaaf/for.xs.txt
wrote packages/core/src/art/ncaaf/for.sm.txt
wrote packages/core/src/art/ncaaf/for.md.txt
--- ncaaf/FHSU xs: 4 rows x 13 cells ---
--- ncaaf/FHSU sm: 6 rows x 21 cells ---
--- ncaaf/FHSU md: 7 rows x 27 cells ---
unchanged, skipping packages/core/src/art/ncaaf/fhsu.xs.txt
wrote packages/core/src/art/ncaaf/fhsu.sm.txt
wrote packages/core/src/art/ncaaf/fhsu.md.txt
--- ncaaf/FLWC xs: 3 rows x 14 cells ---
--- ncaaf/FLWC sm: 5 rows x 22 cells ---
--- ncaaf/FLWC md: 6 rows x 28 cells ---
wrote packages/core/src/art/ncaaf/flwc.xs.txt
wrote packages/core/src/art/ncaaf/flwc.sm.txt
wrote packages/core/src/art/ncaaf/flwc.md.txt
--- ncaaf/FVSU xs: 4 rows x 14 cells ---
--- ncaaf/FVSU sm: 6 rows x 22 cells ---
--- ncaaf/FVSU md: 7 rows x 28 cells ---
wrote packages/core/src/art/ncaaf/fvsu.xs.txt
wrote packages/core/src/art/ncaaf/fvsu.sm.txt
wrote packages/core/src/art/ncaaf/fvsu.md.txt
--- ncaaf/FRSU xs: 4 rows x 14 cells ---
--- ncaaf/FRSU sm: 6 rows x 22 cells ---
--- ncaaf/FRSU md: 7 rows x 28 cells ---
wrote packages/core/src/art/ncaaf/frsu.xs.txt
wrote packages/core/src/art/ncaaf/frsu.sm.txt
wrote packages/core/src/art/ncaaf/frsu.md.txt
--- ncaaf/FMC xs: 3 rows x 14 cells ---
--- ncaaf/FMC sm: 4 rows x 22 cells ---
--- ncaaf/FMC md: 5 rows x 28 cells ---
wrote packages/core/src/art/ncaaf/fmc.xs.txt
wrote packages/core/src/art/ncaaf/fmc.sm.txt
wrote packages/core/src/art/ncaaf/fmc.md.txt
--- ncaaf/FRKL xs: 4 rows x 14 cells ---
--- ncaaf/FRKL sm: 7 rows x 22 cells ---
--- ncaaf/FRKL md: 9 rows x 28 cells ---
wrote packages/core/src/art/ncaaf/frkl.xs.txt
wrote packages/core/src/art/ncaaf/frkl.sm.txt
wrote packages/core/src/art/ncaaf/frkl.md.txt
--- ncaaf/FP xs: 4 rows x 14 cells ---
--- ncaaf/FP sm: 6 rows x 22 cells ---
--- ncaaf/FP md: 8 rows x 28 cells ---
wrote packages/core/src/art/ncaaf/fp.xs.txt
wrote packages/core/src/art/ncaaf/fp.sm.txt
wrote packages/core/src/art/ncaaf/fp.md.txt
--- ncaaf/FRES xs: 3 rows x 14 cells ---
--- ncaaf/FRES sm: 4 rows x 22 cells ---
--- ncaaf/FRES md: 5 rows x 28 cells ---
wrote packages/core/src/art/ncaaf/fres.xs.txt
wrote packages/core/src/art/ncaaf/fres.sm.txt
wrote packages/core/src/art/ncaaf/fres.md.txt
--- ncaaf/FSTU xs: 4 rows x 14 cells ---
--- ncaaf/FSTU sm: 6 rows x 22 cells ---
--- ncaaf/FSTU md: 7 rows x 28 cells ---
wrote packages/core/src/art/ncaaf/fstu.xs.txt
wrote packages/core/src/art/ncaaf/fstu.sm.txt
wrote packages/core/src/art/ncaaf/fstu.md.txt
--- ncaaf/FUR xs: 4 rows x 13 cells ---
--- ncaaf/FUR sm: 6 rows x 21 cells ---
--- ncaaf/FUR md: 7 rows x 27 cells ---
wrote packages/core/src/art/ncaaf/fur.xs.txt
wrote packages/core/src/art/ncaaf/fur.sm.txt
wrote packages/core/src/art/ncaaf/fur.md.txt
--- ncaaf/GLDT xs: 3 rows x 14 cells ---
--- ncaaf/GLDT sm: 4 rows x 22 cells ---
--- ncaaf/GLDT md: 5 rows x 28 cells ---
wrote packages/core/src/art/ncaaf/gldt.xs.txt
wrote packages/core/src/art/ncaaf/gldt.sm.txt
wrote packages/core/src/art/ncaaf/gldt.md.txt
--- ncaaf/GANN xs: 3 rows x 14 cells ---
--- ncaaf/GANN sm: 5 rows x 22 cells ---
--- ncaaf/GANN md: 6 rows x 28 cells ---

⠀⠀⢀⡤⣖⣶⣶⣶⢶⣤⡀
⠀⠀⠻⠽⠯⠹⠭⠍⠿⠷⠞⠒
⠀⠀⠀⠀⠀⣀⣤⠤⣶⣶⣶⣶⣶⣤⣄⡀
⠀⠀⠀⣰⣿⢏⣴⡿⢿⣿⣿⣿⢶⣾⡿⠓⢢⣄⣀
⠀⠀⠀⠛⠻⠞⠻⠦⠝⠶⠶⠶⠘⠛⠛⠛⠋⠉⠁
⠀⠀⠀⠀⠀⠀⠀⣀⣀⣠⣴⣶⣶⣶⣴⣦⣤⣀⡀
⠀⠀⠀⠀⢀⣤⣾⡟⣫⣴⣿⣿⣿⣿⣿⣝⣙⣻⣿⣯⡄
⠀⠀⠀⢀⣾⣿⣏⣼⣿⡟⢩⣿⣿⠿⠿⢛⣿⣿⣯⣍⣭⣿⣶⣦
⠀⠀⠀⠀⠋⠙⠻⠛⠛⠷⠬⠛⠻⠛⠛⠎⡛⠉⠋⠛⠋
⣿⠿⠟⠋⠉⠁⠀⠀⠈⠉⠉⠻⣿⣿
⡗⠀⠀⠀⠀⠀⠀⣀⣀⡀⠀⠀⠈⢙
⣷⣤⣀⡀⠀⠀⠀⠀⣉⣛⣷⣶⣾⣿
⣿⣿⣿⣿⣿⠯⠉⠉⠉⠉⠉⠁⠉⠉⠉⠉⠛⢿⣿⣿⣿⣿
⡿⠛⠉⠁⠀⠀⠀⠀⠀⠀⠀⠀⠀⠠⠀⠀⠀⠀⠙⢿⣿⣿
⡟⠁⠀⠀⠀⠀⠀⠀⠀⠀⠀⣀⣀⡀⠀⠀⠀⠀⠀⠀⠈⢙
⣧⡀⠀⠀⠀⠀⠀⠀⠀⠀⠀⠉⠻⢿⣿⣶⣤⣤⣤⣤⣴⣾
⣿⣿⣶⣤⣀⣀⡀⠀⠀⠀⠀⠀⢀⣀⣀⣭⣽⣿⣿⣿⣿⣿
⣿⣿⣿⣿⣿⣿⣿⡏⠉⠉⠉⠉⠉⠉⠁⠉⠉⠉⠉⠉⠛⠻⣿⣿⣿⣿⣿⣿
⣿⣿⠿⠛⠉⠁⠀⠀⠀⠀⠀⠀⠀⠀⠀⠀⠀⢀⠀⠀⠀⠀⠈⠻⣿⣿⣿⣿
⣿⠖⠀⠀⠀⠀⠀⠀⠀⠀⠀⠀⠀⠀⠀⠀⠀⠈⠁⠀⠀⠀⠀⠀⠈⠙⠻⢿
⡏⠀⠀⠀⠀⠀⠀⠀⠀⠀⠀⠀⠀⠀⢤⣤⣤⣤⣄⣀⠀⠀⠀⠀⠀⠀⠀⣰
⣿⣄⠀⠀⠀⠀⠀⠀⠀⠀⠀⠀⠀⠀⠀⠉⠛⠿⠿⣿⣷⣶⣶⣶⣶⣾⣿⣿
⣿⣿⣿⣶⣤⣤⣀⣀⡀⠀⠀⠀⠀⠀⠀⢀⣀⣀⣤⣤⣶⣿⣿⣿⣿⣿⣿⣿
⠀⠀⣠⣾⣿⣟⣛⣻⣿⡿⠗⣀
⠠⠾⠿⠿⢿⣿⣿⣿⡿⡿⠿⠿⠶⠂
⠀⠀⢀⣴⣿⣿⣭⣭⣽⣾⠶⠂
⠀⠀⠀⠀⣠⣾⣿⣿⡿⠿⠿⠿⢿⣿⣿⣿⡷
⠀⠀⣠⣾⣿⣿⣿⣿⣿⣿⣿⣿⣿⣿⣿⣋⣠⣤⣾
⣠⣾⣿⣿⣿⣿⣿⣿⣿⣿⣿⣿⣿⣿⣿⡿⣿⣿⣿⣿⠟⠉
⠀⠀⠀⠀⠀⠀⣠⣾⣿⣛⠿⠿⠿⢷⣸⣦⣤⣤⡄
⠀⠀⠀⠀⣠⣾⣿⣿⣿⣷⣶⣶⣶⣾⣿⡿⠟⠋
⠀⠀⠀⠀⠀⠀⣠⣾⣿⣿⣿⣿⣿⣿⣿⣿⣿⣿⣿⣿⣿⡦
⠀⠀⠀⠀⣠⢾⣿⣿⣿⣷⣯⣤⣤⣤⣤⣴⣿⣿⣿⡿⠞⠁⠀⣠⠆
⠀⠀⢀⣼⣵⣿⣿⣿⣿⣿⣿⣿⣿⣿⣿⣿⣿⣯⣿⣤⣴⣶⣿⣿⣃⣀⣀⣀
⢀⡴⣿⣿⣿⣿⣿⣷⣿⣿⣿⣿⣿⣿⣿⣿⣿⣿⣿⣿⢿⡿⣿⣿⣿⣿⠞⠁
⠉⠉⠉⠉⠉⠉⠉⠉⢉⣽⣿⣿⣿⣿⣿⣿⣿⡍⢩⣥⠈⠉⠉⠉⠉⠁
⠀⠀⠀⠀⠀⠀⢀⡴⣻⣿⣿⣷⠞⠙⠋⠉⠛⣻⣾⣿⣿⣿⡽⠃
⠀⠀⠀⠀⠀⣠⣾⣾⣿⣿⣷⣿⣿⣿⣿⣿⣿⣿⣿⡿⠟⠋
⠀⣀⡤⠖⢛⣋⣉⣉⣙⡛⠲⢤⣀
⣼⠁⢯⠉⠉⠄⠀⠀⠠⠉⠉⡽⠈⣧
⢻⡀⡞⠀⣀⡀⠚⠃⢄⣀⡄⠙⢤⡟
⠀⠉⠳⠤⣄⣀⣀⣀⣈⣩⠤⠒⠉
⠀⠀⠀⣀⣤⠴⠖⠚⠛⠛⠉⠉⠛⠛⠓⠲⠦⣄⣀
⠀⣤⠞⣩⠴⠤⠤⠴⠒⠒⠒⠒⠒⠒⠦⠤⠤⠦⣍⠳⣄
⣾⠃⠀⠹⣄⠁⠀⠀⠂⡀⠀⠀⢀⠐⠀⠀⠈⣰⠏⠀⠸⣧
⢿⡄⠀⣰⠏⠀⠀⠀⠸⡐⢶⡶⢂⠇⠀⠀⡄⠈⢧⣀⢰⡟
⠀⠛⢦⣿⠀⠀⠙⠒⠢⠄⠀⠀⠠⠴⢒⡾⠋⠀⣀⡼⠋
⠀⠀⠀⠉⠛⠲⠤⢤⣄⣀⣀⣀⣀⣠⡤⠴⠖⠛⠉
⠀⠀⠀⠀⢀⣀⣤⠴⠶⠒⠛⠛⠛⠛⠛⠛⠛⠛⠒⠶⠦⣤⣀
⠀⢀⣤⠾⢛⣉⣀⣀⣀⣠⠤⠤⠤⠤⠤⠤⠤⠤⣄⣀⣀⣀⣉⡛⢶⣤⡀
⣠⡿⠁⠀⢿⡀⠒⠀⠀⠀⣀⠀⠀⠀⠀⠀⠀⣀⠀⠀⠀⠒⢀⡿⠀⠘⢿⡄
⣿⡇⠀⠀⢀⣿⠀⠀⠀⠀⢀⡔⢀⣀⣀⡀⢢⡀⠀⠀⠀⠀⢿⡀⠀⠀⢸⣿
⠙⣷⡀⠀⣼⠃⠀⠠⣀⢀⠈⠣⠈⠛⠛⠁⠜⠁⡀⢀⣼⡀⠀⠛⠦⣤⣾⠃
⠀⠈⠛⢶⣿⡀⠀⠀⠈⠉⠙⠒⠀⠀⠀⠀⠒⢛⡩⠝⠋⠀⢀⣠⠶⠛⠁
⠀⠀⠀⠀⠈⠉⠛⠲⠦⠤⣤⣤⣀⣀⣀⣀⣤⣤⠤⠴⠖⠛⠉
⠀⠀⡀⠀⠄⠀⢩⡟⠁⣸⣷⣴⣄
⠀⠄⠐⠃⠀⠲⢂⠻⠆⠾⠟⠛⠆⠰
⠀⠀⠀⠀⠀⠀⠀⠀⠄⠒⠚⣣⡿⠇⠲⣶⡰⠀⣀
⠀⠀⠐⠆⠀⢀⠪⠀⠀⠀⢰⡟⠀⠀⠰⣷⣭⣉⡻⡦⡀
⠠⠀⡋⣀⠼⢇⠀⠀⣠⢖⠨⠻⣄⡀⢰⣝⣿⣿⡞⡄⠀⢠
⠆⠀⠡⠠⠀⠀⠀⠀⠙⠈⢠⠝⠘⠉⠩⠉⠧⠉⠐⠈⠄⠘
⠀⠀⠀⠀⠀⠀⠀⠀⠀⠀⡠⠴⠒⠒⢫⣭⠿⠐⢶⣴⠦⡶⢀⣀
⠀⠀⠀⠤⡀⡀⠀⠠⢔⠁⠀⠀⠀⢠⣿⠁⠀⠀⢠⣽⡙⡲⠴⢿⡤⡀
⠀⠀⢀⡔⠁⠀⡴⠊⠁⠀⠀⠀⠀⠸⣿⡀⠀⠀⢈⢻⣿⣿⣿⣫⠋⠙⠆
⡐⠀⢠⠤⠄⠒⠛⠄⠀⠀⢰⡊⢥⢈⣉⣓⣦⣀⣬⣒⡽⢿⣿⠇⢣⣀⠀⢰
⠇⠀⠉⠤⠠⠀⠀⠈⠢⠀⠈⠉⠐⢲⠄⠃⠉⠀⠐⢄⠼⠂⠀⠈⠃⠐⠄⠘
⠘⢯⡉⣩⣭⣍⢱⣶⣾⣿⣿⣿⣦⣄
⠀⢸⡇⣬⠭⡁⠘⠿⢿⣿⣿⡿⠉⠉
⠰⠿⠤⣤⠠⣥⣚⠓⢾⠿⠿⠅
⠀⠀⠀⢿⣈⣛⣛⣃⣸
⠘⠿⣿⡛⠛⣛⣛⣛⣛⠛⢳⣦⣴⣶⣿⣿⣿⣿⣿⢦⣄⡀
⠀⠀⣾⡇⠀⣛⣛⣛⣛⠀⢼⣿⣿⣿⣿⣿⣿⣿⡿⠛⠛⠟
⠀⣠⡿⠇⠀⠿⠁⠠⠶⠀⣠⣦⡀⣿⣿⣿⣿⡿⠁
⠈⠉⠉⠉⢹⣿⠀⢸⣿⣭⣭⡍⠉⣿⡏⠛⠛⠃
⠀⠀⠀⠀⠘⠿⣤⣈⣉⣉⣉⣁⣀⣿⡇
⠘⢿⣿⡛⠛⠛⠛⠛⠛⠛⠛⠛⠳⢶⣄⣠⣴⣶⣾⣿⣿⣿⣿⣿⣦⣀
⠀⠀⠉⣿⡇⠀⢸⣿⣿⣿⣿⡇⠀⢸⣿⣿⣿⣿⣿⣿⣿⣿⣿⣿⣭⣭⣻⣦
⠀⠀⠀⣿⡇⠀⢠⣤⣤⠤⠤⠄⠀⠻⠿⠿⢿⣿⣿⣿⣿⣿⣿⡟⠁⠀⠉⠁
⠀⢀⣤⡿⠇⠀⠸⠏⠀⠰⠶⠆⠀⢰⣦⡀⢸⣿⣿⣿⣿⣿⡟
⠰⠿⠿⠶⠶⠶⣶⡆⠀⢰⣶⣒⠚⠛⠛⠛⢻⣿⡿⠿⠿⠿⠦
⠀⠀⠀⠀⠀⠀⣿⡇⠀⢸⣿⣿⣿⣿⡇⠀⢸⣿⡇
⠀⠀⠀⠀⠀⠀⠛⠷⣤⣤⣤⣤⣤⣤⣤⣤⣼⣿⡇
⣤⠒⠀⠀⠀⠀⣀⣴⣶⣶⣦
⠈⠉⠉⠉⠀⠒⣺⣿⣿⣿⣿⡿⠿⠿
⠀⠀⠀⠀⠀⠀⠉⠉⠉⠿⣿⡾⠟
⣀⠤⢒⡒⠈⠉⠉⠉⠉⠀⠀⣠⣶⣶⣶⣶⣤
⠙⠒⠶⠖⠒⢒⣒⣒⣒⡩⣽⣿⣿⣿⣿⣿⣿⣶⡶⣶⣶⣦
⠀⠀⠀⠀⠀⠀⠀⠀⠀⣰⣿⣿⣿⣿⣿⣿⣿⡿⣙⣛⣛⠃
⠀⠀⠀⠀⠀⠀⠀⠀⠀⠀⠀⠀⠀⠀⠺⠿⠿⠾⠿⠟⠁
⢀⣀⡤⠴⢒⣒⣊⠉⠉⠉⠉⠉⠉⠁⢠⣤⣤⣤⣤⣤⣤⣄
⠻⣧⣄⣉⣁⣀⣀⣀⣤⡤⠤⠤⠖⣲⣿⣿⣿⣿⣿⣿⣿⣏⣤⣤⣤⣤⣤⣀
⠀⠀⠀⠒⠲⠶⠶⠶⠒⢒⣒⠋⣩⣿⣿⣿⣿⣿⣿⣿⣿⣿⣿⢏⣿⣿⣿⡟
⠀⠀⠀⠀⠀⠀⠉⠭⠭⠀⠂⠰⠿⠿⠿⠿⠿⠟⣿⣿⣿⣿⢫⣤⣤⣤⡄
⠀⠀⠀⠀⠀⠀⠀⠀⠀⠀⠀⠀⠀⠀⠀⠀⠀⠀⠻⠿⠿⠿⠿⠿⠟⠋
⠀⠀⠀⠀⡄⠀⠠⣄⣤⣄
⡀⡠⢶⠶⠧⣤⢠⡖⠲⠗⡶⡶⣄
⠃⠺⠿⣟⣿⣻⣛⣻⣟⣟⣻⠿⠗⠚
⠀⠀⠀⠀⠀⠀⢠⠄⠀⠉⢩⣄⠀⣠⣄⡀
⠀⠀⠀⢀⣤⣀⣿⡀⢀⣀⣀⣉⣉⣛⣻⣣⣀⣤⡀
⡄⠐⡏⣋⣏⣏⣯⣭⣭⣤⣽⣮⣤⣥⣯⣌⣏⣿⣙⣿⠒⢤
⠁⠉⠛⠛⢻⣏⣻⣏⣙⣏⣏⣏⣿⣏⣻⣋⣹⠟⠛⠛⠉⠉
⠀⠀⠀⠀⠀⠀⠀⠀⢀⠤⠀⠈⠉⢉⣈⠀⢀⣄⣀
⠀⠀⠀⠀⠀⠀⠀⠰⣇⠀⠀⠀⠀⠘⠓⠶⠾⠿⣿⠇
⠀⠀⣠⣴⣼⡯⢷⢿⠿⠄⡄⡖⠲⣲⡒⠟⢳⠖⡾⠾⣿⠾⢽⢧⣦⡄
⡏⢉⣸⣠⣤⣧⣼⣼⣶⣲⣷⣳⣶⣞⣷⣾⣳⣾⣒⣷⣽⣬⣿⣤⣸⣂⣍⣷
⠉⠀⠐⠛⠛⠛⣿⣉⣹⣋⣌⣻⣉⣏⣏⣹⣿⣈⣹⣍⣋⡿⠛⠛⠛⠂⠀⠉
⠀⣀⠀⢾⣿⣷⣾⣿⣿⣿⣿⣿⣿⣇
⡰⠁⢀⡞⠉⢭⠿⠿⣿⣿⣿⣿⣿⠟
⠀⠀⠈⠀⠐⠇⠈⠴⢿⣿⣾⠟⠁
⠀⠀⠀⠀⢀⣾⣿⣿⣶⣶⣾⣿⣿⣿⣿⣿⣿⣷⣿⣿⣷⡄
⠀⢀⠆⠀⡈⢙⣿⣿⣿⣿⣿⣿⣿⣿⣿⣿⣿⣿⣿⣿⣿⣧
⢠⠎⠀⠂⣀⣿⠀⠠⣤⡽⠿⣿⠿⣿⣿⣶⣿⣿⣶⣿⣿⠏
⠉⠉⠉⠉⠼⣉⣑⣠⡾⠁⡐⠁⣰⣿⣟⣮⣽⣿⡿⠟
⠀⠀⠀⠀⠀⠀⠀⠘⠤⠤⠤⠚⠛⢻⡿⢿⣿⠿
⠀⠀⠀⠀⠀⠀⣰⣶⣿⣷⣶⣶⣶⣾⣿⣿⣿⣿⣿⣶⣿⣿⣶⣾⣿⣿⣶
⠀⠀⢰⡖⠒⠒⠛⢿⣿⣿⣿⣿⣿⣿⣿⣿⣿⣿⣿⣿⣿⣿⣿⣿⣿⣿⣿⣄
⠀⣠⠏⠀⡀⠁⢠⣞⠛⢛⠛⠻⣿⣿⣿⣿⣿⣿⣿⣛⣽⣭⣭⣉⣿⣿⣿⡟
⠴⠧⠤⠤⠥⢴⡾⠧⣀⠈⢛⣾⠛⢛⡟⠛⢻⣿⣿⡻⡿⣿⣿⣿⣿⡿⠟
⠀⠀⠀⠀⠀⠘⠦⠤⠥⢴⡾⠁⢀⠎⠀⣰⣿⣿⣯⣿⣶⣿⣽⠟⠛
⠀⠀⠀⠀⠀⠀⠀⠀⠀⠘⠳⠤⠤⠖⠚⠉⠙⠿⠿⢿⣿⡿⠟
⣿⡟⢛⠛⠛⠁⠂⠈⠛⠛⠛⠻⣿⣿
⣉⢥⡘⠀⠀⠀⠀⠀⠄⠀⠀⠱⠘⢿
⣿⣯⠀⠀⠀⠀⠀⠀⡄⠀⠀⢢⢩⣴
⣿⡇⠸⠀⠀⠀⠀⠀⠀⠀⠀⢈⣼⣿
⣿⣿⡿⠿⠿⠿⠿⠿⠋⠲⠒⠌⠻⠿⠿⠿⠿⠿⣿⣿⣿⣿
⣿⠿⠟⠀⡏⠉⠉⠉⠉⠉⠉⠈⠉⠉⠉⠉⠉⠲⡌⠹⣿⣿
⣅⣚⣛⣂⠉⣽⠀⠀⠀⠀⠰⣏⣹⠀⠀⠀⠀⢀⡇⢀⠻⢿
⣿⣿⣏⠡⡄⢿⠀⠀⠀⠀⢀⣀⣀⠀⠀⠀⠐⠢⡄⠛⣛⣤
⣿⣿⣿⠁⡤⠒⠀⠀⠀⠀⠘⠣⠘⠂⠀⠀⠀⠀⡇⠀⣿⣿
⣿⣿⣿⠀⠧⠤⠤⠤⠤⠤⠤⠤⠤⠤⠤⠤⠤⢚⣡⣼⣿⣿
⣿⣿⣿⣿⣿⣿⣿⣿⣿⣿⡏⠡⡶⠤⣍⠻⣿⣿⣿⣿⣿⣿⣿⣿⣿⣿⣿⣿
⣿⣿⣿⡇⠀⣶⠒⠒⠒⠒⠒⠒⠒⠒⠐⠒⠒⠒⠒⠒⠒⠤⣌⠙⢿⣿⣿⣿
⠿⢛⣉⣁⠀⣿⣀⡀⠀⠀⠀⠀⠀⢀⣀⣀⡀⠀⠀⠀⠀⠀⠘⣇⠀⢿⣿⣿
⣤⣙⣋⣙⣤⠀⢰⡇⠀⠀⠀⠀⠀⠸⠧⠤⠯⠀⠀⠀⠀⠀⢀⡟⢀⣘⠻⢿
⣿⣿⣿⠋⢭⡀⢸⡇⠀⠀⠀⠀⠀⠀⠀⠀⠀⠀⠀⠀⠐⠲⢬⡐⠚⠻⠓⣠
⣿⣿⣿⡟⠂⠉⢀⡅⠀⠀⠀⠀⠀⢸⡏⠉⣿⠀⠀⠀⠀⠀⠀⣇⠀⢻⣿⣿
⣿⣿⣿⡇⠀⣿⠁⠀⠀⠀⠀⠀⠀⠈⠉⠉⠁⠀⠀⠀⠀⠀⢀⡟⠀⣼⣿⣿
⣿⣿⣿⡇⠀⠛⠒⠒⠒⠒⠒⠒⠒⠒⠒⠒⠒⠒⠒⠒⠒⠒⣉⣠⣾⣿⣿⣿
⠀⡆⠀⠀⠀⠀⠀⠀⠀⠀⠀⠪⢙⠿
⣤⡅⡆⠀⠀⠀⡂⣶⢔⠀⠀⠀⢸
⣿⡇⡇⠀⠀⠀⡀⠀⢀⠀⠀⠐⢍⠺
⠛⡃⠇⠀⠀⠀⠇⠿⠪⠀⠀⠀⢸
⠀⠇⠀⠀⠀⠀⠀⠀⠀⠀⠀⢔⣪⣴
⠀⢰⠒⠒⠒⠒⠒⠒⠒⠒⠒⠒⠒⠒⠒⠒⠒⠦⣍⠛⠿⣿
⠀⠸⠀⢀⠀⠀⠀⠀⠀⣀⠀⠀⠀⢀⡀⠀⠀⠀⠀⢹⡆⢸
⣶⣶⠀⢸⠀⠀⠀⠀⠀⢿⣘⠿⠿⣸⡇⠀⠀⠀⠀⢸⡇⢸
⣿⣿⠀⢸⠀⠀⠀⠀⠀⠀⠀⠀⠀⠀⠀⠀⠀⠐⠪⢅⡐⠺
⠿⠿⠀⢸⠀⠀⠀⠀⠀⣾⢡⣶⣶⢸⡇⠀⠀⠀⠀⠀⡇
⠀⢸⠀⠈⠀⠀⠀⠀⠀⠉⠀⠀⠀⠈⠁⠀⠀⠀⠀⢀⡇
⠀⠸⠤⠤⠤⠤⠤⠤⠤⠤⠤⠤⠤⠤⠤⠤⠤⠔⣊⣥⣶⣿
⠀⠀⡤⠤⠤⠤⠤⠤⠤⠤⠤⠤⠤⠤⠤⠤⠤⠤⠤⠤⠤⠤⢄⡉⠛⢿⣿⣿
⠀⠀⡇⠀⠀⠀⠀⠀⠀⠀⠀⠀⠀⠀⠀⠀⠀⠀⠀⠀⠀⠀⠀⠉⠓⣤⠈⢹
⣀⣀⡓⠒⢲⡄⠀⠀⠀⠀⠀⠀⡖⢂⣤⣤⡔⢲⡆⠀⠀⠀⠀⠀⠀⣿⠀⢸
⣿⣿⣿⠀⢸⡇⠀⠀⠀⠀⠀⠀⠧⠜⠛⠛⠣⠸⠇⠀⠀⠀⠀⠀⣀⡿⠀⢸
⣿⣿⣿⠀⢸⡇⠀⠀⠀⠀⠀⠀⠀⠀⠀⠀⠀⠀⠀⠀⠀⠀⠐⠯⣅⡀⠒⠿
⣿⣿⣿⠀⢸⡇⠀⠀⠀⠀⠀⠀⡆⢠⣤⣤⡄⢰⡆⠀⠀⠀⠀⠀⠀⢸⡆
⠉⠉⡥⠤⠼⠃⠀⠀⠀⠀⠀⠀⠧⠬⠭⠭⠥⠼⠃⠀⠀⠀⠀⠀⠀⢸⡇
⠀⠀⡇⠀⠀⠀⠀⠀⠀⠀⠀⠀⠀⠀⠀⠀⠀⠀⠀⠀⠀⠀⠀⢀⡠⠜⠁⣀
⠀⠀⠓⠒⠒⠒⠒⠒⠒⠒⠒⠒⠒⠒⠒⠒⠒⠒⠒⠒⠒⠒⠊⣁⣤⣶⣿⣿
⠀⠀⠀⠀⣐⣿⣷⣶⣶⣼⣿⣟
⠀⡠⢴⠿⠿⠿⡿⣿⡿⣯⢽⣿⢦⣤
⣰⣃⣾⣶⣻⣾⣗⣻⣷⣻⣳⣟⣾⠃
⠀⠀⠀⠀⠀⠀⠀⠴⣶⣿⣶⣶⣖⣲⣒⡾⣿⣿⡗⠂
⠀⠀⠀⠀⢀⡠⣴⣶⡿⣿⣿⣿⣿⣿⣿⣿⣿⣿⡦
⠀⠀⣠⠴⠷⠿⢿⣿⣿⣿⣿⣿⣿⣿⣽⣭⣽⣿⣯⣷⣀⣀
⠀⣰⠃⠠⠍⢀⣮⣤⣤⣾⣤⣽⡭⣤⣼⡵⣤⣵⣿⣤⣿⠃
⣰⣋⣉⣟⣹⣫⣋⣿⣋⣿⣋⣏⣝⣹⣩⣋⣙⣟⣉⣹⠃
⠀⠀⠀⠀⠀⠀⠀⠀⠀⠤⣶⣶⣶⣶⣤⣔⠲⢶⠢⡶⢿⣿⣿⡶⠆
⠀⠀⠀⠀⠀⠀⠀⢀⣠⣤⣿⡿⣻⣿⣿⣿⣿⣿⣿⣿⣿⣿⣿⣥
⠀⠀⠀⠀⢀⡖⣯⣽⣟⣿⡿⣼⣷⣿⣿⣷⣯⡿⠿⡻⠟⣻⣻⣷⣤
⠀⠀⣰⠟⠉⢩⠍⠉⡻⠛⠟⠛⣟⠛⠿⣺⠖⠛⢿⡞⠛⢻⠟⣿⠛⢓⣲⡖
⠀⣰⣏⣀⣐⣃⣀⣼⣷⣾⣲⣾⣻⣶⣾⣖⣻⣖⣾⣖⣳⣶⣾⣿⣶⣿⡟
⣰⣏⣉⣉⣏⣹⣟⣝⣉⣿⣏⣸⣿⣉⣏⣹⣉⣟⣩⣏⣉⣩⣏⣉⣩⠟
⠀⠀⣀⠀⢀⣴⣿⣿⣿⣷⣶⣶⣦⡀
⠀⣴⣻⣿⣿⣿⣿⣿⣿⣿⣿⣿⣅⡀
⢀⣏⣽⠿⠽⣯⣽⡷⠿⠾⠾⠷⠟⠋
⠀⠀⠀⠀⠀⠀⠀⢀⣤⣶⣿⣿⣿⣿⣶⣶⣶⣶⣦⣤⡀
⠀⠀⣀⣸⣷⣦⣶⣿⣿⣿⣿⣿⣿⣿⣿⣿⣿⣿⣿⠟⠉
⠀⠨⣷⢶⢿⣿⣿⣿⣿⠿⣿⡿⢿⣿⢻⣿⢻⣿⢳⣶⣤⣄
⠀⣰⣧⠦⠧⠾⠶⠾⢿⣶⡽⠾⠶⠷⠾⠷⠾⠛⠛⠋⠉⠁
⠀⠀⠀⠀⠀⠀⠀⠀⠀⠀⣠⣤⣶⣾⣿⣿⣿⣷⣶⣶⣶⣶⣤⣤⣄⡀
⠀⠀⠀⠀⢴⣦⣄⢀⣤⣾⣿⣿⣿⣿⣿⣿⣿⣿⣿⣾⣿⣿⣿⣿⣿⠿⠃
⠀⠀⢤⡖⢋⣽⣿⣿⣿⣿⣿⣿⣿⣿⣿⣿⣿⣿⣿⣿⣿⣿⣿⣛⣁⡀
⠀⠀⢺⡟⡿⣹⠟⣿⡻⢻⣟⡟⠻⣿⣏⡉⢏⡟⣙⢷⠃⡾⡟⢰⢿⣿⣷⡦
⠀⣠⠿⠴⠧⠯⠼⠷⠷⠿⢾⣶⠷⠾⠾⠿⠾⠿⠿⠛⠛⠛⠛⠛⠛
⠀⢀⡤⠄⢒⣂⣭⡍⠉⠙⠛⠻⢏⠆
⢾⠿⠛⠀⠄⠈⠩⡅⠀⢰⡄⠀⠨⡷
⠀⠛⠉⠹⢏⣍⣋⣡⣤⡤⠴⠶⠿⠋
⠀⠀⢀⣀⣀⠤⠠⠶⠒⢒⣉⣉⠉⠉⠙⠛⠛⠷⢻⡯⢲⡄
⣤⣶⣶⣯⡄⠀⠀⠉⠛⠿⠽⠂⠀⠠⠤⣄⠀⠀⠀⢘⢯⣄
⠘⢮⣫⢬⣀⣀⣊⣀⣠⣤⢬⣧⠀⠀⠤⠽⠆⠀⠀⣨⣻⡏
⠀⠈⠉⠒⠒⠐⠣⢤⣤⣍⣂⣀⡤⢤⣤⠶⠶⠒⠒⠛⠃⠁
⠀⠀⠀⠀⡀⣀⡀⠤⠤⠤⠴⠒⠒⠊⠉⠉⠉⠉⠩⠿⠓⢒⣲⠾⣭⠓⣦
⢀⣀⣤⣜⣛⡂⠀⠀⠀⠒⠶⣶⣟⣻⡍⠀⠀⠀⠀⠀⠀⠀⠀⠈⠩⢶⣋
⢻⡿⢿⡟⠻⠛⠀⠀⡄⠀⠀⠈⠉⠠⣄⠀⠈⠉⠉⢻⣄⠀⠀⠀⠐⢦⣿⣷
⠀⠹⣦⣶⠒⠦⠤⢤⠤⠤⠤⢶⡶⠲⠿⠀⠀⠀⠒⠚⠛⠀⠀⠀⢰⣶⡿⡆
⠀⠀⠀⠀⠑⠚⠒⠚⠒⠤⡤⡤⢬⣁⣀⡤⠤⠤⢴⠖⠚⠟⠛⠛⠛⠛⠁
⣴⣯⡀⠀⠀⠀⠀⠀⠀⠀⠀⢀⣹⣦
⠨⣿⣿⣿⣿⣿⣿⣿⣿⣿⣿⣿⣿⠅
⠀⠀⠸⢷⣾⣿⣿⣿⣿⣷⡾⠇
⠀⠀⠀⠀⠸⢿⣿⣿⡿⠇
⣠⣶⡟⠁⠀⠀⠀⠀⠀⠀⠀⠀⠀⠀⠀⠀⠀⠀⠈⢻⣶⣄
⠻⣿⣿⣶⣶⣦⣴⣶⣶⣶⣦⣴⣶⣶⣶⣦⣤⣶⣶⣿⣿⠟
⠐⠶⣿⣿⣿⣿⣿⢿⣿⣿⣿⣿⣿⣿⡿⣿⣿⣿⣿⣿⠶⠂
⠀⠀⠀⠀⣿⣷⣬⣝⢿⣿⣿⣿⣿⡿⣫⣥⣾⣿
⠀⠀⠀⠀⠀⠉⠛⢿⣇⣿⣿⣿⣿⣸⡿⠛⠉
⠀⠀⠀⠀⠀⠀⠀⠻⠶⣮⣿⣿⣵⠶⠟
⣠⣴⣾⡏⠁⠀⠀⠀⠀⠀⠀⠀⠀⠀⠀⠀⠀⠀⠀⠀⠀⠀⠀⠈⠹⣷⣦⣄
⢿⣿⣿⣷⣦⣤⣤⣀⣤⣤⣤⣤⣤⣄⣠⣤⣤⣤⣤⣤⣀⣤⣤⣤⣾⣿⣿⡿
⠠⣭⣿⣿⣿⣿⣿⣿⣿⣿⣿⣿⣿⣿⣿⣿⣿⣿⣿⣿⣿⣿⣿⣿⣿⣿⣭⠄
⠀⠈⠉⠛⠛⣿⣿⡓⠺⢽⣻⣿⣿⣿⣿⣿⣿⣟⡯⠗⢚⣿⣿⠛⠛⠉⠁
⠀⠀⠀⠀⠀⠻⢿⣿⣿⣶⣝⢿⣿⣿⣿⣿⡿⣫⣶⣿⣿⡿⠟
⠀⠀⠀⠀⠀⠀⠀⠀⠉⣻⣿⣼⣿⣿⣿⣿⣧⣿⣟⠉
⠀⠀⠀⠀⠀⠀⠀⠀⠀⠙⠷⢶⣮⣿⣿⣵⡶⠾⠋
⢲⣶⣶⣶⣶⣶⣶⣶⡶⠲⢶⣶⣿⠁
⢠⣿⣾⣿⣿⣿⣿⣿⣿⣷⣾⣟⣯⢂
⠈⠛⢾⣯⡙⣻⣟⡁⣽⣟⡭⡿⠋
⠀⠀⠀⠀⠹⢯⡿⠋⠛⠡⠊
⢶⣤⣤⣤⣤⣤⣤⣴⣶⣶⣶⣶⣶⣶⣶⣤⣶⣶⣶⣾⡟
⠀⢻⣿⠿⠿⣿⣿⣿⣿⣿⣿⣿⡿⣯⣄⢈⣙⣿⣿⡿⡄
⠀⣾⣿⣿⣿⣿⣿⣿⣿⣿⣿⣿⣿⣿⣿⣿⣿⢿⡎⣿⡜⣆
⠈⠛⢿⣬⣿⣟⠉⠿⣿⣿⠿⠃⠈⣫⣿⠗⠛⣺⢗⠿⠊
⠀⠀⠀⠈⠛⢟⠿⣄⡾⣿⣶⣶⢄⣿⠷⠋⡫⠖⠁
⠀⠀⠀⠀⠀⠀⠁⠮⠷⢾⠛⠛⠒⠛⠠⠊
⢤⣤⣤⣤⣀⣀⣀⣀⣤⣤⣤⣶⣦⣤⣤⣤⣤⣤⣤⣤⣤⣤⣶⣶⣶⣿⡟
⠈⢿⣿⣿⣿⣿⣿⣿⣿⣿⣿⣿⣿⣿⣿⣿⣿⢏⠉⠙⠻⢿⣿⣿⣿⡟
⠀⢈⣿⣟⣉⣩⣻⢿⣿⣿⣿⣿⣿⣿⣿⣟⣫⣽⣧⣤⣴⣾⣿⢿⣿⠹⡄
⠀⣼⣿⣿⣿⣿⣿⣿⣿⣯⣿⣿⣿⣿⣿⣿⣿⣿⣿⣿⣿⡟⢿⡇⢿⣧⢘⣆
⠀⠓⢿⣿⣌⣿⣿⠟⠹⣿⣿⣿⣿⣿⠇⠈⢛⣫⣿⣿⠚⠓⢚⡵⣫⠕⠋
⠀⠀⠀⠈⠻⣿⢿⣷⣦⠀⣭⣿⣯⣄⣤⡄⢺⣿⣫⡴⢶⠝⡩⠞⠁
⠀⠀⠀⠀⠀⠀⠙⠪⡙⢷⣿⠻⢿⣿⣿⡇⠺⣿⠋⢀⡵⠋
⠀⠀⠀⠀⠀⠀⠀⠀⠈⠢⠻⠿⣟⣉⣉⣉⡉⠉⠰⠋
⣤⠜⢭⡉⠒⠒⠒⠒⠒⠒⢉⡭⠣⣤
⠈⡧⠔⠋⣷⢾⣦⣴⡷⣾⠙⠢⢼⠁
⠀⢳⡠⠚⢡⠊⠞⠳⠑⡌⠓⢄⡞
⠀⠀⠓⠤⣙⣄⣀⣀⣠⣋⠤⠚
⢀⣀⡴⢋⡙⠓⠲⠴⠲⠦⠤⠤⠴⠖⠦⠖⠚⢋⡙⢦⣀⡀
⠙⢦⠀⠈⣻⣡⣄⣀⠠⣄⠀⠀⣠⠄⣀⣠⣌⣟⠁⠀⡴⠋
⠀⢘⡷⠒⠉⠁⢺⣿⢿⣷⣶⣶⣾⡿⣿⡗⠈⠉⠒⢾⡃
⠀⠘⢧⠀⡠⠲⡋⣠⣖⣲⠶⠶⣖⣲⣄⢙⠖⢄⠀⡼⠃
⠀⠀⠈⣷⠁⠀⢠⡗⠒⠀⠀⠀⠀⠒⢺⡄⠀⠈⣾⠁
⠀⠀⠀⠈⠙⠲⢤⣍⣦⣤⢤⡤⣤⣴⣩⡤⠖⠋⠁
⠀⢀⣀⡴⠛⣛⠓⠲⠦⠤⠤⠤⠤⣄⣠⠤⠤⠤⠤⠴⠖⠚⣛⠛⢦⣀⡀
⠸⢯⡁⠀⠘⢻⠒⠀⠀⠀⠀⣀⠀⠀⠀⠀⣀⠀⠀⠀⠀⠒⡟⠃⠀⢈⡽⠇
⠀⠈⢷⣀⡠⠞⠚⠉⣿⡷⣶⠬⣥⣀⣀⣬⠥⣶⢾⣿⠉⠓⠳⢄⣀⡾⠁
⠀⠀⣾⠁⠀⠀⢀⣠⡾⠛⢉⣛⠋⣻⣟⠙⣛⡉⠛⢷⣄⡀⠀⠀⠈⣷
⠀⠀⠈⢷⡀⡜⠁⠻⠀⣴⠛⠀⡛⠉⠙⢛⠀⠛⣦⠀⠟⠈⢣⢀⡾⠁
⠀⠀⠀⠀⢿⣀⠀⠀⠰⡏⠉⠁⠀⠀⠀⠀⠈⠉⢹⠆⠀⠀⣀⡿
⠀⠀⠀⠀⠀⠉⠛⠲⠤⣬⣱⠤⡤⠤⠤⢤⠤⣎⣥⠤⠖⠛⠉
⠀⠀⠀⣀⣀⣤⣤⣶⣿⡄
⢨⢗⣼⣿⡿⠋⠁⠀⠙⠟⠣⣀⡀
⠃⢦⢻⣿⡄⢀⣊⣑⣬⣦⣀⡀⠿⠓
⠀⠀⠑⠻⠷⣿⡀⠀⠈⠉
⠀⠀⠀⠀⠀⠀⠀⠀⢀⣀⣤⣤⣶⣾⣀
⢀⡤⣒⠉⢴⣶⣾⣿⣿⠿⠿⠛⢻⡿⢿⣥⡀
⢀⠔⣡⣾⣿⣿⣿⠟⠁⠀⠀⠀⠀⠉⠚⠋⠛⠤⣄⡀
⠛⠰⡄⢹⣿⣿⣧⠀⠀⠴⠯⠭⢬⣝⠢⡀⠀⠀⠀⢬⣵⠖
⠀⠀⠙⢦⡻⣿⣿⡄⣴⠚⠋⠉⠒⠺⡿⠽⠛⠉⠉⠉
⠀⠀⠀⠀⠉⠓⠻⠿⣿⣆
⠀⠀⠀⠀⠀⠀⠀⠀⠀⠀⠀⠀⣀⣠⣤⣴⣶⣿
⠀⢀⡠⠔⠒⣈⣭⣤⣶⣶⣾⣿⣿⣿⠿⠿⣿⣿⣿⣁⡀
⠀⢉⡴⢋⣤⣾⣿⣿⣿⣿⠿⠉⠀⠀⠀⠀⠙⠦⣝⣻⢿⣆⡀
⣰⠋⠀⠟⢿⣿⣿⣿⠟⠁⠀⠀⣀⠤⠤⠀⠤⣄⠀⠀⠀⠀⠉⠓⠲⠤⣀⡀
⠉⠉⠹⣄⠸⣿⣿⣿⡇⠀⠀⢈⣉⣉⣒⣒⡲⢦⣝⡦⣄⣀⣀⣀⡽⠿⠛⠉
⠀⠀⠀⠈⠳⣌⡻⢿⣿⣆⣺⡏⠁⠀⠀⠈⠉⠻⠟⠒⠛⠉
⠀⠀⠀⠀⠀⠀⠉⠓⠻⠿⢿⣷⡄
⠀⠀⢀⡀⠀⠠⡸⢇⠄⠀⢀⡀
⣄⣤⣼⣤⣤⣭⣤⣤⣥⣬⣤⣧⣤⢠
⣿⣿⠀⢠⣤⡄⢸⡇⢰⣿⣿⣿⣿⢸
⣿⣿⠀⢸⣿⣿⣿⡇⢸⣿⣿⣿⣿⢸
⠣⣿⣦⣈⠛⠋⢹⡇⠘⠛⣉⣽⣿⠜
⠀⠀⠉⠛⠛⠷⢾⡷⠾⠟⠋⠉
⠀⠀⠀⠀⠀⠀⠀⠀⢀⠔⢪⡕⢢⡀
⠀⠀⠀⠀⡟⠂⠤⠄⠠⠜⠀⠀⠣⠄⠠⠤⠐⣻
⡇⣤⣤⣤⣥⣤⣤⣤⣤⣤⣤⣤⣤⣤⣤⣤⣤⣬⣤⣤⡄⢸
⡇⣿⣿⡇⠀⢀⣀⣀⡀⠀⢸⡇⠀⢰⣿⣿⣿⣿⣿⣿⡇⢸
⡇⣿⣿⡇⠀⢸⣿⣿⣷⣤⣸⡇⠀⢸⣿⣿⣿⣿⣿⣿⡇⢸
⡇⣿⣿⡇⠀⢸⣿⣿⣿⣿⣿⡇⠀⢸⣿⣿⣿⣿⣿⣿⡇⢸
⢧⠹⣿⣧⡀⠈⠻⢿⠏⠙⢻⡇⠀⠸⠿⠛⠉⢛⣿⣿⢇⡜
⠀⠑⠪⢛⠿⣷⣦⣤⣀⡀⢸⡇⣀⣀⣤⣴⣾⠿⡛⠕⠊
⠀⠀⠀⠀⠈⠁⠚⠉⠿⠛⢻⡟⠛⠿⠉⠓⠈
⠀⠀⠀⠀⠀⠀⠀⠀⠀⠀⢀⡠⠔⣊⣑⠦⢄⡀
⠀⠀⠀⠀⠀⣶⠤⣀⡀⠀⠀⢉⡶⠉⠁⢶⡉⠀⠀⢀⣀⠤⡆
⡤⠤⠤⠤⠤⠿⠀⠀⠀⠉⠉⠁⠀⠀⠀⠀⠈⠉⠉⠀⠀⠀⠧⠤⠤⠤⠤⣤
⡇⢸⣿⣿⡿⠿⠿⠿⠿⠿⠿⠿⠿⢿⡿⠿⠿⠿⣿⣿⣿⣿⣿⣿⣿⣿⡇⣿
⡇⢸⣿⣿⡇⠀⠀⢠⣤⣤⡄⠀⠀⢸⡇⠀⠀⢸⣿⣿⣿⣿⣿⣿⣿⣿⡇⣿
⡇⢸⣿⣿⡇⠀⠀⢸⣿⣿⣷⣦⣄⣸⡇⠀⠀⢸⣿⣿⣿⣿⣿⣿⣿⣿⡇⣿
⡇⢸⣿⣿⡇⠀⠀⢸⣿⣿⣿⣿⣿⣿⡇⠀⠀⢸⣿⣿⣿⣿⣿⣿⣿⣿⡇⣿
⣇⢸⣿⣿⡇⠀⠀⠸⣿⣿⡟⠻⢿⣿⡇⠀⠀⢸⣿⣿⠟⠿⣿⣿⣿⣿⠇⣿
⠘⢦⡙⢿⣿⣦⣄⡀⠈⠙⠃⠀⠀⢸⡇⠀⠀⠘⠉⠁⢀⣠⣴⣿⡿⢋⡴⠃
⠀⠀⠈⠓⠬⢝⡻⠿⣿⣶⣦⣤⣄⣸⣇⣠⣤⣴⣶⣿⠿⢟⡫⠕⠚⠁
⠀⠀⠀⠀⠀⠀⠀⠉⠐⠒⠩⠭⠟⣛⣛⠻⠭⠍⠒⠊⠉
⠀⣰⠚⠉⠉⡉⠉⠉⢙⣆⣀⣀
⣰⠇⠀⠀⣼⠿⠯⢭⣭⣭⠉⠉⠉⡷
⠻⠤⠤⠤⢤⠄⠴⠾⠿⠃⠀⢀⡼⠁
⠀⠀⢀⣴⣏⣀⣀⣰⠋⠉⠉⠉
⠀⠀⣠⡶⠚⠛⠉⠉⠉⠉⠉⠉⠙⠛⣶
⠀⣰⡟⠀⠀⠀⠀⣰⣿⣤⠤⠤⠤⠼⠿⠶⠶⠶⠶⠶⢤⣄
⣰⡿⠀⠀⠀⠀⢰⡿⠿⠿⠧⠤⣤⣤⣤⡤⠀⠀⠀⠀⣸⡟
⠿⣧⣀⣀⣀⣀⣀⣀⣀⣀⣠⣴⣿⣿⡟⠁⠀⠀⠀⣰⡟
⠀⠀⠀⠀⠀⠀⣠⡿⠁⠀⠀⠀⣀⣠⣤⣠⣤⣤⠶⠛
⠀⠀⠀⠀⣠⣴⣟⣀⣀⣀⣀⣴⡟⠁
⠀⠀⠀⣠⡴⠞⠛⠛⠛⠛⠛⠛⠛⠛⠛⠛⠛⠳⣶⡄
⠀⠀⣼⡟⠁⠀⠀⠀⠀⢠⣶⣆⣀⣀⣀⣀⣀⣼⣿⣥⣤⣤⣤⣤⣤⣄⣀
⠀⣼⡟⠀⠀⠀⠀⠀⢠⣿⣿⣿⣿⣀⣀⣀⣀⣀⣀⣀⠀⠀⠀⠀⠀⠀⣹⡷
⣼⡟⠀⠀⠀⠀⠀⠀⠛⠋⠀⠀⠀⠉⠉⣽⣿⣿⣿⠏⠀⠀⠀⠀⠀⣰⡿⠁
⠙⠛⠶⠶⠶⠶⠶⠶⠶⣶⡶⠒⠒⠒⠛⠛⠛⠛⠋⠀⠀⠀⠀⠀⣴⡿⠁
⠀⠀⠀⠀⠀⠀⠀⢀⣼⡟⠀⠀⠀⠀⠀⢠⣤⠤⠤⠤⠤⠶⠶⠛⠋
⠀⠀⠀⠀⠀⣀⣴⣿⣯⣤⣤⣤⣤⣤⣤⣿⠃
⠀⠀⢀⣴⣾⣿⣿⡖⣀⣤⣶⡶⠄
⠀⠢⣄⣰⣛⣿⣿⣟⣻⣿⣿⣿⡇⢄
⠀⠀⠀⠉⠉⠭⠽⠿⣿⣯⡭⣝⣃⡸
⠀⠀⠀⠀⣀⣠⣤⣭⣿⣿⣯⣐⣤⠀⠀⣀⣤⣤⣤⣀
⠀⠀⠀⠒⠲⠿⠿⢿⣻⣿⣿⢥⣦⣬⣿⣿⣿⣿⣍⣹
⠀⠒⢦⣄⣀⡨⠟⣫⣽⣿⣿⣟⠛⢿⣿⣿⣟⣿⣿⡷⢤⡀
⠀⠀⠀⠉⠛⠿⠿⠿⠿⠿⣿⣿⣿⣿⣟⠻⠿⢿⣿⣧⠀⢧
⠀⠀⠀⠀⠀⠀⠀⠐⠒⠲⠿⠿⠿⣿⣿⣯⠿⠶⣤⣌⣀⠟
⠀⠀⠀⠀⠀⣀⡀⣤⣤⡭⣿⣟⣻⣟⣒⣦⡀⠀⠀⢀⣀⣠⣤⣄⣀
⠀⠀⠀⠠⠤⣤⣽⣿⣿⣿⣿⣿⣿⡻⣋⣭⣀⣒⣶⣿⣿⣿⣿⡛⢹⡇
⠀⢤⣀⡀⠀⠀⠀⢲⣶⠶⠶⣿⣿⣿⣿⢿⣿⣿⣿⣿⣿⣿⣿⣿⣾⡁
⠀⠀⠈⠻⢷⣶⣶⣯⣤⣾⣿⣿⣿⣿⣿⣦⣬⣿⣿⣿⣷⣾⣿⣿⣿⠈⢱⡄
⠀⠀⠀⠀⠀⠉⠙⠛⠛⠛⠛⠛⠻⣿⣿⣿⣿⣿⣯⣉⣛⠛⠿⠿⠿⡁⠈⣷
⠀⠀⠀⠀⠀⠀⠀⠀⠈⠉⠛⠛⠛⠿⠿⠿⢿⣿⣿⣿⡽⠿⠷⢦⣤⣤⣠⠇
⠀⢀⣠⡴⠖⠫⠭⠃⠀⠀⠀⣠⠴⡶
⢰⣿⡏⠀⢀⣤⠖⣲⡶⢀⣾⡷⠊
⣈⣩⣿⣶⣭⣿⣯⣿⣷⣭⣭⡷⠶
⠀⠀⠀⠀⢀⣠⣤⡶⠚⣋⣉⡿⠀⠀⠀⠀⠀⠀⠀⣀⣤⣤
⠀⢀⣤⣾⣿⠟⠁⠀⠀⠉⠁⠀⠀⠀⠀⠀⢀⣴⡿⢋⡼⠃
⢠⣿⣿⣿⠁⠀⠀⢀⣠⣴⠖⢒⣶⡶⠂⢰⣿⣿⠴⠋
⠘⠿⣿⣿⣤⣠⠴⢿⣿⣧⡤⣿⣿⣁⡤⠾⢿⣧⣀
⣀⣤⠴⠶⠶⠶⠶⠶⠶⠶⠶⠶⠶⠶⢶⠶⠶⠶⠾⠛⠁
⠀⠀⠀⠀⠀⠀⢀⣠⣤⣶⠶⠛⠛⢛⣿⠆⠀⠀⠀⠀⠀⠀⠀⠀⢀⣀⣤⣄
⠀⠀⠀⣠⣴⣾⣿⠟⠉⠀⠀⠚⠛⠋⠁⠀⠀⠀⠀⠀⠀⢀⣤⣾⠿⢋⣽⠋
⠀⣠⣾⣿⣿⠟⠁⠀⠀⠀⠀⠀⣀⣠⣤⣄⣤⣤⡄⠀⣴⣿⡿⣣⡴⠛⠁
⠰⣿⣿⣿⣿⠀⠀⠀⠀⣠⣾⣿⠟⠁⣠⣿⣿⠋⠀⢸⣿⣿⡟⠋
⠀⠙⠻⠿⠿⠶⠶⠶⠚⠻⠿⠿⠶⠞⠿⠿⠧⠴⠖⠛⠛⠿⠷⣤⣄⣀⡀
⣠⣤⠶⠶⠾⠿⠿⠿⠿⠿⠿⠿⠿⠿⠿⠿⠿⠿⠿⠿⠷⠶⠶⠟⠛⠉
⠒⠒⣲⣶⣾⣽⣭⣷⣶⣶⠾⠛⠛⠒
⢴⡟⠉⠀⢹⡷⠿⠏⠉⠉⠙⠒⠂
⠴⠦⠤⠤⢤⣤⣴⣖⣹⣛⣩⣶⣶⣦⣤⣤⣴⡶⠿⠷⠶⠶
⠀⢀⣤⠶⠿⠛⠿⣿⡟⢛⣿⣿⠿⠿⠿⢯⣥⣀⡀
⠰⣿⠏⠀⠀⠀⠀⢬⣿⠛⠛⠓⠀⠀⠀⠀⠀⠈⠉⠉
⢤⣦⣄⣀⣀⣀⣀⣠⣤⣶⢚⡿⡟⢓⣶⣦⣤⣤⣀⣀⣠⣶⣶⣿⣷⣶⣶⣦
⠀⠈⠁⢀⣠⣴⣿⣿⣿⣿⣿⣿⣷⣿⣿⣿⣿⣿⣿⣿⠛⠋⠁
⠀⢠⣾⡿⠋⠉⠉⠈⠙⠿⣷⣤⣬⣿⡿⠛⠉⠉⠙⠛⠻⠷⣦⣤⣤⡄
⠸⢿⡿⠀⠀⠀⠀⠀⠀⢶⣿⠏⠉⠙⠋⠁
⠀⢀⣠⣴⠶⢖⠛⠛⣫⣟⣹⡤⣤⡦
⣴⣹⡏⣕⣮⠵⣿⣿⣿⣿⣿⣾⡧
⠙⠾⣥⣧⣤⣤⡤⠶⠊⠉⠁
⠀⠀⠀⠀⢀⣀⡤⠤⣖⣒⣚⣿⠯⣍⣓⡚⢹⣂⣀⣀⢤⡀
⠀⢀⡴⣚⣭⠶⢊⣉⡥⠤⣂⡄⣤⠭⠤⢶⣞⡛⣫⡴⠟⠁
⣰⠋⣾⡿⢁⡒⢭⣥⣴⣿⡿⢖⣒⣛⣛⡿⢷⣖⣙⣦
⢹⣆⠻⠗⢀⡒⠋⠭⠠⠈⠉⠉⢉⡵⠶⠞⠛⠉⠉⠁
⠀⠉⠛⠶⢶⣬⣭⣤⣴⠶⠶⠛⠋⠁
⠀⠀⠀⠀⠀⠀⠀⣀⣠⡤⠤⠶⣒⣒⣛⣛⣻⣙⣒⣒⠛⣷⠀⣀⣀⣀⣀⡀
⠀⠀⢀⣠⠴⣚⣩⣵⠶⠚⢛⣉⣉⠭⡀⢀⣐⣛⣋⣉⣬⠿⠿⠿⣫⣴⠿⠃
⢀⣴⢋⣵⣾⡟⢋⠤⠶⠓⢋⣩⣴⣿⣇⣩⣭⣭⡥⢴⣞⣛⣐⠾⣏⠁
⢸⡇⢾⣿⣿⠀⠶⣊⣽⠿⠿⠻⣿⢏⣭⡤⠶⠶⢖⣛⣩⣭⣷⠶⠾⠇
⠘⢷⣌⡛⠋⢀⣭⣁⣐⡒⣁⣃⠀⠤⢀⣂⣼⠟⠛⠉⠉⠁
⠀⠀⠙⠛⠿⠶⣶⣶⣶⣶⣶⠶⠾⠟⠛⠋⠁
⠀⠀⠀⠰⣾⣿⣿⣷⣶⣤⡀
⢀⡠⠒⠂⠈⡉⠙⣿⣿⣿⣿⣦⣄
⠻⢜⣟⣉⣥⠋⡥⢾⣿⡛⠟⠙⠋⠁
⠀⢀⡼⠛⠛⠉⠉⠉⠉⠉
⠀⠀⠀⠀⠀⠀⣶⣿⣿⣿⣿⣶⣦⣤⣄
⠀⠀⠀⠀⢀⡀⠉⠿⠿⠿⣿⣿⣿⣿⣿⣿⣶⡄
⠀⡠⠖⠉⠉⠁⠐⠀⡀⠀⠑⢮⡹⣿⣿⣯⣛⠿⠶⠤⠄
⠻⣅⢍⢍⢯⠉⢉⣠⠝⠋⠠⣼⣿⣟⠻⢿⣿⠛⠛⠓⠛⠁
⠀⠈⠑⠢⢴⣾⣿⣣⣦⣭⠭⠭⠭⠽⣷⣄
⠀⠀⢀⠴⠛⠉⠉
⠀⠀⠀⠀⠀⠀⠀⢠⣶⣾⣿⣿⣿⣷⣶⣤⣤⣀⡄
⠀⠀⠀⠀⠀⠀⠀⠘⠿⣿⣿⣿⣿⣿⣿⣿⣿⣿⣷⣶⣤⡀
⠀⠀⠀⢀⣠⢤⣤⣒⠂⠉⠉⠉⢙⡛⠿⣿⣿⣿⣿⣿⣿⣿⣆
⠀⣠⠔⠉⠀⠀⠀⠀⠉⠐⣀⠀⠀⠈⠳⣎⢻⣿⣿⣷⣍⣛⠻⠿⠶⠤⠄
⢺⡍⢨⡩⣍⢍⠉⠁⠈⠀⣩⠟⠁⢀⣠⣿⣿⡿⠿⣿⣿⡟⠿⠿⠶⠖⠚⠁
⠀⠙⠢⣍⡊⢂⣡⣴⣶⡟⣁⠤⠴⠖⠛⠛⠻⣷⣄⠀⠛⠁
⠀⠀⠀⠀⠉⣩⣿⣿⡭⠵⠖⠒⠛⠛⠛⠛⠛⠛⠛⠓⠆
⠀⠀⠀⣠⠞⠋⠉
⡏⠀⠀⣠⣦⣄⣀⣀⡀⠀⠀⠀⠀⢹
⢇⢀⣴⣿⣿⣿⣿⣿⣿⣿⣿⠇⠀⡸
⠈⠺⣿⣿⣿⣿⣿⣶⡬⠉⠙⢀⠔⠁
⠀⠀⠈⠙⠛⠿⢿⠟⠁⠀⠂⠁
⣿⠉⠉⠉⠉⢉⣍⣩⡉⠉⠉⠉⠉⠉⠉⠉⠉⠉⠉⠉⠉⣿
⣿⠀⠀⠀⠠⣾⣿⣿⣿⣴⣶⣴⣦⣆⣀⣀⣀⣀⠀⠀⠀⣿
⣿⠀⠀⢠⣼⣿⣿⣿⣿⣿⣿⣿⣿⣿⣿⣿⣿⣿⡆⠀⠀⣿
⠸⣆⢶⣿⣿⣟⣿⣿⣿⣿⣿⠛⠋⠻⣿⣿⣿⡏⠀⠀⣰⠇
⠀⠘⢮⡻⣿⣿⣿⣿⣿⣿⣿⣿⣷⣦⠀⠈⠈⠃⢀⡴⠃
⠀⠀⠀⠙⠪⣝⡿⣿⣿⣿⣿⣿⡿⠃⠀⢀⣠⠔⠋
⠀⠀⠀⠀⠀⠀⠉⠑⠻⠿⣟⣋⠤⠔⠊⠉
⣿⠋⠉⠉⠉⠉⠉⢉⡉⢉⡉⠉⠉⠉⠉⠉⠉⠉⠉⠉⠉⠉⠉⠉⠉⠉⠙⣿
⣿⠀⠀⠀⠀⠀⢠⣾⣿⣾⣿⡆⣀⣤⣀⣀⣀⡀⠀⠀⠀⠀⠀⠀⠀⠀⠀⣿
⣿⠀⠀⠀⠀⠀⣿⣿⣿⣿⣿⣿⣿⣿⣿⣿⣷⣶⣶⣶⣶⣦⣤⠀⠀⠀⠀⣿
⢿⡄⠀⠀⣰⣾⣿⣿⣿⣿⣿⣿⣿⣿⣿⣿⣿⣿⣿⣿⣿⢿⣿⠇⠀⠀⢠⡿
⠘⣧⠰⣾⣿⣷⣿⣻⣿⣿⣿⣿⣿⡟⠛⠋⠙⢿⣿⣿⣿⣿⡁⠀⠀⠀⣼⠃
⠀⠘⢷⡙⢿⣿⣿⣿⣿⣾⣿⣟⣿⣿⣷⣶⣤⡀⠈⠉⠉⠙⠃⠀⢠⡾⠃
⠀⠀⠀⠙⢦⣙⢿⣿⣿⣿⣿⣿⣿⣿⣾⣿⣿⠏⠀⠀⠀⠀⣠⡴⠋
⠀⠀⠀⠀⠀⠈⠓⠮⣝⡻⢿⣿⣿⣿⣽⠟⠁⠀⢀⣠⠴⠚⠁
⠀⠀⠀⠀⠀⠀⠀⠀⠀⠉⠓⠺⠭⣟⣡⠤⠖⠚⠉
⠠⠴⠶⠶⣾⣶⡶⢚⡿⠟⠿⣿⢷⠖
⠀⠀⠀⠀⠀⠀⠉⠙⠛⠳⠶⣾⠧
⢀⣀⣀⣠⣤⣶⣶⣶⣶⣶⣤⣴⣾⣿⣿⣿⣿⣶⣶⣶⣶⣤
⠀⠉⠛⠛⠿⠿⢛⣛⣻⠿⠋⡁⣴⡏⠉⠉⠉⢿⡿⠿⡛⠁
⠀⠀⠀⠀⠀⠀⠀⠉⠉⠉⠛⠻⠾⣿⣶⣶⣶⣶⣿⣿⠁
⠀⠀⠀⠀⠀⠀⠀⠀⠀⠀⠀⠀⠀⠀⠈⠉⠻⢿⠿⠟
⢀⣀⣀⣀⣠⣤⣴⣶⣶⣶⣶⣶⣦⣤⣤⣶⣿⣿⣿⣿⣿⣷⣶⣶⣶⣶⣶⣤
⠀⠉⠙⠛⠛⠻⠿⠟⢛⣛⣛⡿⠿⠋⣁⢠⣶⡋⠉⠉⠉⠙⢿⡿⠿⣟⠋
⠀⠀⠀⠀⠀⠀⠀⠀⠀⠉⠉⠉⠉⠛⠛⠷⢿⣿⣶⣶⣶⣶⣶⣿⣿⡏
⠀⠀⠀⠀⠀⠀⠀⠀⠀⠀⠀⠀⠀⠀⠀⠀⠀⠀⠈⠉⠛⠻⣿⠿⠿⠃
⠀⠀⢀⡤⠖⠋⠉⠉⣑⡒⢦⡄
⠀⣰⠋⠀⠀⠀⠀⠀⢨⣿⣿⣿⣿⣦
⠰⠯⠶⠲⢤⡤⠤⢤⡏⠉⠉⠉⠙⠋
⠀⠀⠀⠀⢀⣠⡴⠖⠚⠋⠉⠙⠛⠒⠲⠤⢤⡀
⠀⠀⢀⣴⠛⠁⠀⠀⠀⠀⠀⠀⠈⠫⢷⣶⣾⣿⣶⣶⣤⡀
⠀⢠⡾⠁⠀⠀⠀⠀⠀⠀⠀⠀⠀⣾⣿⣿⣿⣿⢿⣿⣿⡿
⠰⠿⠷⠒⠚⠛⠷⢶⠶⠖⠶⠦⢼⠃⠀⠀⠀⠀⠀⠈⠋
⠀⠀⠀⠀⠀⠀⢀⣀⣤⠶⠒⠚⠛⠛⠛⠛⠒⠲⠤⣤⣀⣀
⠀⠀⠀⠀⢠⡶⠏⠁⠀⠀⠀⠀⠀⠀⠀⠀⢲⡲⣤⣄⣤⣾⣧⣤⣄⣀
⠀⠀⠀⡶⠛⠀⠀⠀⠀⠀⠀⠀⠀⠀⠀⠀⠀⣨⣽⣿⣿⣿⣿⣿⣿⣿⣿⣦
⠀⢀⣿⠏⠀⠀⠀⣀⠀⠀⠀⠀⠀⠀⠀⠀⢸⠟⠻⠿⠿⠿⠛⠛⠿⣿⣿⠟
⠰⠿⠓⠗⠛⠙⠉⠙⠻⢶⠶⠶⠛⠲⠶⠦⣿⠀⠀⠀⠀⠀⠀⠀⠀⠉
⠀⠀⠀⠀⠀⠠⢀⡀⠀⠈
⠀⠀⠄⣰⠀⣴⡿⢃⡁
⠀⣆⢀⣿⡀⢿⠁⢿⣦⣀
⠀⠙⢿⣿⠇⣀⠀⠲⠬⠙⢿⣆
⠀⠸⣾⣧⣤⡟⠀⣠⣶⠶⠶⢬⣷⡀
⠀⠀⠀⠉⠛⠓⠈⠛⠆⠀⠀⠀⠈
⠀⠀⠀⠀⠀⠀⠀⢀⢀⠀⡀⠀⡀⢀⠔⠉
⠀⠀⠀⠀⠀⡠⣊⠀⠞⣠⣶⡟⢰⠁⢠⠆
⠀⢀⠔⠰⢊⣼⠃⢀⣾⣿⡿⠃⣠⢀⠃
⡔⢡⡇⠀⢸⣿⡄⠸⣿⠏⠀⣾⣿⣌⠢
⠇⢻⣿⣤⣾⣿⣷⠀⠘⠀⠀⡙⠛⠿⣿⣶⣤⡐⢄
⠈⡆⠙⠻⣿⣿⡟⠀⣠⡀⠀⠹⠿⠶⠄⠉⢿⣿⣘⠄⡀
⠀⡇⢳⣶⣿⣏⣀⣰⣿⠃⠀⠀⣶⣶⣶⣦⣤⣤⣙⣷⡌⢂
⠀⠈⠢⢙⠿⢿⣿⣿⣏⠀⢰⣿⣿⢋⠍⠉⠉⠉⠙⡻⠿⢸
⠀⠀⠀⠀⠀⠀⠈⠉⠉⠓⠀⠉⠛⠢⠁⠀⢀⣀⠀⠈⠒⠁
⠀⠀⠀⠀⠀⠀⠀⠀⠀⠀⢀⣀⠀⢀⡀⠄⠐⢀⠤⠋
⠀⠀⠀⠀⠀⠀⠀⡠⠔⠈⢠⠇⣊⣥⣶⠋⡴⠁⡀⡀
⠀⠀⠀⣀⢤⡠⠊⣴⠏⠀⢠⣾⣿⣿⡟⠀⢃⠁⡜
⠀⡠⠊⡀⠘⠁⣾⣿⠀⢀⣿⣿⡿⠋⢀⣴⡇⢸
⡜⢀⣾⡇⠀⢸⣿⣿⡀⠈⢿⡿⠀⠀⣿⣿⣷⣌⡓⠄⡀
⣇⠸⣿⣷⣤⣾⣿⣿⣷⠀⠈⠓⠀⠀⠈⠛⠿⢿⣿⣷⣦⣍⠒⣄
⠈⡢⠈⠻⣿⣿⣿⣿⡟⠀⢀⡀⠀⠀⢙⣷⣶⣤⡀⠙⢻⣿⣇⠸⣀
⠀⡇⢰⣤⣀⣿⣿⠟⠀⢀⣼⣷⠀⠀⠀⣀⣀⣀⣀⣀⣀⠉⠛⠷⣦⡑⢦⡀
⠀⠘⣄⠻⣿⣿⣿⣷⣶⣿⣿⠇⠀⢀⣤⣼⣿⡿⠿⠿⠿⠿⠿⣶⣾⣿⡆⢱
⠀⠀⠈⠑⠬⣙⠻⠿⣿⣿⣿⣄⠀⠸⣿⣿⡏⠰⡁⠀⠀⠀⠀⠒⠬⡙⠃⡜
⠀⠀⠀⠀⠀⠀⠈⠀⠀⠀⠉⠉⠁⠀⠀⠉⠛⠒⠈⠒⠀⣀⡀⠀⠀⠈⠊
⠀⢀⣠⣤⣶⣾⣿⣿⣿⣿⣿⣿⠶⠂
⣴⣿⡿⣻⣿⣿⣿⣿⣿⣯⣁
⢻⣿⣸⢿⣿⣿⣿⣿⣿⣯⣝⢧⣀
⠀⠉⠁⠀⢹⠿⠿⠛⠋⠛⠿⢦⡀
⠀⠀⠀⠀⠀⣀⣤⣤⣶⣶⣿⣷⣿⣿⣿⣿⣿⣶⣶⣦⣄⡄
⠀⢀⣠⣶⣿⣿⣿⣿⣿⣿⣿⣿⣻⣟⣿⣟⡿⡿⠟⠋⠁
⢠⣿⣿⣿⣿⢟⣫⣿⣾⣿⣿⣿⣿⣿⣿⡋⠁
⣿⣿⣿⡟⣱⢿⣿⣿⣿⣿⣿⣿⣿⣿⣿⣿⣷⣦⡀
⠹⣿⣿⡇⣯⣿⣿⣿⣿⣿⣿⣿⣿⣿⣷⣤⣜⢿⣥⣀
⠀⠙⠻⠟⠁⠈⠻⣿⣿⣿⣿⣿⣿⡿⣿⣿⣿⣦⠉⠉⠁
⠀⠀⠀⠀⠀⠀⠀⠹⠿⠛⠛⠉⠁⠀⠀⠉⠛⠻⠷⡄
⠀⠀⠀⠀⠀⠀⠀⢀⣀⣤⣴⣶⣶⣾⣷⣾⣿⣿⣿⣿⣿⣷⣴⣶⣤⣤⣀⡀
⠀⠀⠀⢀⣠⣴⣿⣿⣿⣿⣿⣿⣿⣿⣿⡿⣿⣿⣿⣿⣿⣿⣿⣿⠿⠟⠋⠁
⠀⢠⣶⣿⣿⣿⣿⣿⣿⡿⣟⣛⣿⣭⣯⣷⣿⣾⠿⠥⠬⠙⠉
⢰⣿⣿⣿⣿⣿⠟⣫⣶⣿⣿⣿⣿⣿⣿⣿⣿⣯⣿⣁⣀
⣿⣿⣿⣿⡟⣡⡿⣫⣿⣿⣿⣿⣿⣿⣿⣿⣿⣿⣿⣿⣿⣿⣧⡀
⢻⣿⣿⣿⡇⣿⢹⣿⣿⣿⣿⣿⣿⣿⣿⣿⣿⣿⣭⣉⣉⢻⣿⣁
⠀⠻⣿⣿⣧⠻⠊⢿⣿⣿⣿⣿⣿⣿⣿⢿⣿⣿⣿⣿⣿⣧⠙⠿⠷⠦⠄
⠀⠀⠈⠛⠁⠀⠀⠀⠙⣿⣿⣿⣿⣿⣿⣿⠯⠛⠿⣿⣿⣿⣷⡀
⠀⠀⠀⠀⠀⠀⠀⠀⠀⠸⠟⠛⠋⠉⠁⠀⠀⠀⠀⠀⠉⠙⠻⠿⣆
⡿⠟⠋⠁⠀⠀⠀⠀⠀⠀⠈⠙⠻⢿
⡇⠀⠀⠀⣶⣿⣿⣿⣿⣦⣤⣤⣤⣼
⡇⠀⠀⠀⢿⣿⣿⣿⣿⠿⠉⠉⠉⢻
⣷⣦⣄⡀⠀⠀⠀⠀⠀⠀⢀⣠⣴⣾
⣿⣿⣿⡿⠟⠋⠉⠉⠉⠉⠉⠉⠉⠉⠉⠉⠉⠻⢿⣿⣿⣿
⢻⠋⠁⠀⠀⠀⠀⢀⣀⣀⣀⣀⣀⣀⡀⠀⠀⠀⠀⠈⠙⡟
⢸⠀⠀⠀⠀⠀⢰⣽⣿⣿⣿⣿⣿⣿⣏⣆⣀⣀⣀⣀⣀⣇
⢸⠀⠀⠀⠀⠀⢸⣿⣿⣿⣿⣿⣿⣿⣿⣿⣿⣿⣿⣿⣿⣿
⢸⠀⠀⠀⠀⠀⢸⣿⣿⣿⣿⣿⣿⣿⣇⡏⠉⠉⠉⠉⠉⡇
⣼⣤⡀⠀⠀⠀⠀⠈⠉⠉⠉⠉⠉⠉⠁⠀⠀⠀⠀⢀⣠⣧
⣿⣿⣿⣷⣦⣀⣀⣀⣀⣀⣀⣀⣀⣀⣀⣀⣠⣴⣾⣿⣿⣿
⣿⣿⣿⣿⣟⠯⠛⠉⠉⠉⠉⠉⠉⠉⠉⠉⠉⠉⠉⠉⠉⠓⠿⣿⣿⣿⣿⣿
⢟⠿⠛⠉⠀⠀⠀⠀⠀⠀⠀⠀⠀⠀⠀⠀⠀⠀⠀⠀⠀⠀⠀⠀⠉⠛⠿⡻
⢸⠀⠀⠀⠀⠀⠀⠀⡤⣲⣿⣿⣿⣿⣿⣿⣿⣿⡗⡄⠀⠀⠀⠀⠀⠀⠀⡇
⢸⠀⠀⠀⠀⠀⠀⠀⡿⣿⣿⣿⣿⣿⣿⣿⣿⣿⣷⣿⣿⣿⣿⣿⣿⣿⣿⣷
⢸⠀⠀⠀⠀⠀⠀⠀⡇⣿⣿⣿⣿⣿⣿⣿⣿⣿⡟⡿⠿⠿⠿⠿⠿⠿⢿⡟
⢸⠀⠀⠀⠀⠀⠀⠀⠳⢿⣿⣿⣿⣿⣿⣿⣿⣿⡧⠇⠀⠀⠀⠀⠀⠀⠀⡇
⣮⣷⣤⣀⠀⠀⠀⠀⠀⠀⠀⠀⠀⠀⠀⠀⠀⠀⠀⠀⠀⠀⠀⠀⣀⣤⣶⣷
⣿⣿⣿⣿⣿⣶⣤⣀⣀⣀⣀⣀⣀⣀⣀⣀⣀⣀⣀⣀⣠⣴⣾⣿⣿⣿⣿⣿
⢀⣠⠴⠖⣺⡛⠘⠙⠛⠓⠲⢦⣄⡀
⠉⠁⠀⠀⣿⣿⣷⣶⣤⣄⠀⠀⠀⠁
⠀⠀⠀⠀⠙⠿⢿⣿⡿⠊
⠀⣶⣶⡖⣶⣶⣰⡖⣶⣶⣶⣶⣶
⠀⠀⣀⢠⣤⣦⠦⡳⠻⠂⠻⠛⠛⠟⠷⠶⣢⡤⣀
⠤⣽⠟⠃⠁⠀⣼⣿⣦⣄⣀⠀⠀⠀⠀⠀⠀⠈⠙⠓⡣⠄
⠀⠀⠀⠀⠀⠀⣿⣿⣿⣿⣿⣿⢿⣶⣦⡄
⠀⠀⠀⠀⠀⠀⠘⠻⣿⣿⣿⣿⢺⣭⡦⠍⠂
⠀⠀⣀⠀⣀⣀⣀⢀⢀⡉⢉⣛⣛⣋⣁⡀⣀⡀⢀⣀
⠀⢰⡿⣧⣽⠅⣿⢾⣿⣇⣸⣟⢸⡯⢹⡿⣏⣭⣽⣿⡅
⠀⠀⠀⠀⣀⣀⣴⣔⢦⠳⠺⠵⠀⠿⠃⠿⠳⠣⠷⣢⢖⣤⡄⣀
⣀⡐⣾⠽⠊⠉⠁⠀⣸⣷⣤⣀⠀⠀⠀⠀⠀⠀⠀⠀⠀⠉⠙⠳⢪⠔⣢⡀
⠀⠉⠁⠀⠀⠀⠀⠠⣿⣿⣿⣿⣿⣷⣶⣦⣤⣄⣀⠀⠀⠀⠀⠀⠀⠈
⠀⠀⠀⠀⠀⠀⠀⠘⢿⣿⣿⣿⣿⣿⣿⣉⡿⠿⠛⠳⡀
⠀⠀⠀⠀⠀⠀⠀⠀⠀⠉⠻⠿⣿⣿⣿⣕⣚⡻⠍⠁⠁
⠀⠀⢀⣀⣀⣀⣀⣀⣀⢀⣀⣀⠀⣀⣉⣉⣉⣀⣀⡀⣀⣀⣀⣀⣀⣀
⠀⠀⣿⢿⣧⢸⡇⢸⣿⢻⡇⣿⣄⣿⣗⡀⣿⡇⢸⡿⣿⣨⡭⣽⣻⡦
⠀⣀⣤⣶⠾⠿⠿⠿⠿⠷⢶⣤⣀
⣼⣿⣿⠀⠀⢰⣶⣶⣦⣤⣤⣿⣿⣧
⢻⣿⣿⠀⠀⠸⠿⠿⠟⠛⠛⣿⣿⡟
⠀⠉⠛⠷⢶⣶⣶⣶⣶⡶⠾⠛⠉
⠀⠀⠀⣀⣤⣴⣶⣾⣿⣿⣿⣿⣿⣿⣷⣶⣦⣤⣀
⠀⣴⣾⣿⣿⠋⠉⠀⠀⣀⣀⣀⣀⠀⠀⠈⠙⢿⣿⣷⣦⡀
⣾⣿⣿⣿⡇⠀⠀⠀⢸⣿⣿⣿⣿⣷⣶⣶⣶⣾⣿⣿⣿⣷
⢿⣿⣿⣿⡇⠀⠀⠀⢸⣿⣿⣿⣿⡿⠛⠛⠛⢻⣿⣿⣿⡿
⠈⠻⢿⣿⣿⣄⣀⠀⠀⠉⠉⠉⠉⠀⠀⢀⣠⣾⣿⡿⠟⠁
⠀⠀⠀⠉⠛⠻⠿⢿⣿⣿⣿⣿⣿⣿⡿⠿⠟⠛⠉
⠀⠀⠀⠀⢀⣀⣤⣴⣶⣶⣿⣿⣿⣿⣿⣿⣿⣿⣶⣶⣦⣤⣀⡀
⠀⢀⣤⣾⣿⣿⡿⠛⠋⠉⠉⠉⠉⠉⠉⠉⠉⠉⠉⠉⠙⠻⣿⣿⣷⣤⡀
⣰⣿⣿⣿⣿⣿⠀⠀⠀⠀⢠⣶⣾⣿⣿⣷⣶⣄⣀⣀⣀⣀⣿⣿⣿⣿⣿⣆
⣿⣿⣿⣿⣿⣿⠀⠀⠀⠀⢸⣿⣿⣿⣿⣿⣿⣿⣿⣿⣿⣿⣿⣿⣿⣿⣿⣿
⠹⣿⣿⣿⣿⣿⠀⠀⠀⠀⠘⠿⢿⣿⣿⣿⠿⠋⠉⠉⠉⠉⣿⣿⣿⣿⣿⠏
⠀⠈⠛⢿⣿⣿⣷⣤⣀⣀⣀⣀⣀⣀⢀⢀⣀⣀⣀⣀⣤⣶⣿⣿⡿⠛⠁
⠀⠀⠀⠀⠈⠉⠛⠻⠿⠿⣿⣿⣿⣿⣿⣿⣿⣿⠿⠿⠟⠛⠉⠁
⠀⠀⠀⢀⣿⣷⣶⣶⣶⣿⣆
⠀⠀⠀⠈⠻⠿⣿⣿⠿⠿⠃
⠀⠀⠀⠀⠠⠀⠀⠐⠀⠂⠀⠂
⠀⠀⠀⠀⠀⠀⢂⣀⡀⠀⠀⠀⠀⢀⣀⡀
⠀⠀⠀⠀⠀⢀⣿⣿⣿⣿⣿⣿⣿⣿⣿⣿⡇
⠀⠀⠀⠀⠀⠸⣿⣿⣿⣯⣿⣟⣯⣿⣿⣿⡟
⠀⠀⠀⠀⠀⠀⠙⠛⠿⢿⣿⣿⡿⠿⠟⠋
⠀⠀⠀⠀⠀⠀⡀⠀⠀⠰⠀⠰⠀⠀⠆⠀⠠⠀⠐⠀⠀⠀⡄⠀⡄
⠀⠀⢁⠀⡄⢀⠀⠰⠀⠆⠀⠆⠀⠆⠀⠆⠀⠆⠐⠀⢀⠀⡄⠀⡄⠈⠁
⠘⠀⠈⠀⠀⠀⠀⢠⣶⣶⣶⣶⣶⣶⣶⣶⣶⣶⣶⣶⣦
⠀⠀⠀⠀⠀⠀⠀⣼⣿⣿⣿⣿⣿⣿⣿⣿⣿⣿⣿⣿⣷⡄
⠀⠀⠀⠀⠀⠀⠈⢻⣿⣿⣿⣿⣾⣽⣿⣿⣾⣿⣿⣿⣿⠁
⠀⠀⠀⠀⠀⠀⠀⠀⠉⠛⠛⠻⢿⣿⣿⣿⠿⠛⠛⠋⠁
⠀⣠⣤⣤⣤⣶⣶⣶⣶⣤⣤⣤⣄
⠀⣿⣿⣿⡇⠀⠀⠀⠀⠘⠛⠛⠛
⠀⣿⣿⣿⡇⠀⠀⠀⠀⢠⣤⣤⣤
⠀⠙⠛⠛⠛⠿⠿⠿⠿⠛⠛⠛⠋
⠀⠀⠀⣀⣀⣀⣀⣤⣤⣤⣴⣦⣤⣤⣤⣀⣀⣀⣀
⠀⢸⣿⣿⣿⣿⣿⠛⠛⠛⠛⠛⠛⠛⠛⣿⣿⣿⣿⣿⡇
⠀⢸⣿⣿⣿⣿⣿⠀⠀⠀⠀⠀⠀⠀⠀⠉⠉⠉⠉⠉⠁
⠀⢸⣿⣿⣿⣿⣿⠀⠀⠀⠀⠀⠀⠀⠀⣀⣀⣀⣀⣀⡀
⠀⢸⣿⣿⣿⣿⣿⣤⣤⣤⣤⣤⣤⣤⣤⣿⣿⣿⣿⣿⡇
⠀⠀⠀⠉⠉⠉⠉⠛⠛⠛⠻⠟⠛⠛⠛⠉⠉⠉⠉
⠀⠀⠀⠀⠀⠀⠀⠀⣀⣀⣀⣠⣤⣤⣤⣤⣄⣀⣀⣀
⠀⠀⣴⣶⣾⣿⣿⣿⣿⣿⣿⣿⣿⣿⣿⣿⣿⣿⣿⣿⣿⣿⣿⣷⣶⣦
⠀⠀⣿⣿⣿⣿⣿⣿⡇⠀⠀⠀⠀⠀⠀⠀⠀⠀⠀⢸⣿⣿⣿⣿⣿⣿⡀
⠀⠀⣿⣿⣿⣿⣿⣿⡇
⠀⠀⣿⣿⣿⣿⣿⣿⡇
⠀⠀⣿⣿⣿⣿⣿⣿⡇⠀⠀⠀⠀⠀⠀⠀⠀⠀⠀⢸⣿⣿⣿⣿⣿⣿⠁
⠀⠀⠻⠿⢿⣿⣿⣿⣿⣿⣿⣿⣿⣿⣿⣿⣿⣿⣿⣿⣿⣿⣿⡿⠿⠟
⠀⠀⠀⠀⠀⠀⠀⠀⠉⠉⠉⠙⠛⠛⠛⠛⠋⠉⠉⠉
⠀⠀⢀⣠⣤⣤⣶⣴⡒⠹⣇⡠⣄
⢀⢰⣿⣿⡟⠿⣿⡛⠉⠩⣬⣍⢫⡀
⠈⣻⡿⣿⣿⣷⡀⠉⠀⠤⢬⣀⡼⠆
⠈⠉⠉⠉⠉⠉⠉⠛⠓⠶⠦⣿⡄
⠀⠀⠀⠀⠀⠀⣀⣀⣤⣤⣤⣤⣤⠶⠒⣶⡖⠀⣠⡀
⠀⠀⠀⣤⣾⣿⣿⣿⣿⣿⣿⣿⣿⣦⣤⠼⠿⢿⣥⡿⠂
⠀⣀⢸⣿⣿⣿⣿⡉⠛⠻⣿⣇⠀⠀⠀⠰⣽⣦⡌⢹⣦
⠀⠹⣿⣿⣿⣿⣿⣿⣶⠒⠈⠉⠙⠂⢄⣀⠈⠀⢀⣘⣷
⠀⡵⠾⠷⠼⠿⠿⠿⠿⢷⣦⣤⣄⣀⡉⠉⠉⢽⣾⠋
⠀⠀⠀⠀⠀⠀⠀⠀⠀⠀⠀⠀⠉⠉⠛⠻⠿⠿⠿⠦
⠀⠀⠀⠀⠀⠀⠀⠀⠀⠀⣀⣀⣀⣀⣀⣀⣤⡴⠶⢶⣶⠂⠀⢀
⠀⠀⠀⠀⠀⣠⣴⣶⣿⣿⣿⣿⣿⣿⣿⣿⣅⠀⠀⢙⣿⣦⣴⠟⢻⣦
⠀⠀⠀⢠⣿⣿⣿⣿⣿⣿⣿⣿⣿⣿⡿⠿⠿⠿⠛⢋⣉⡙⠛⠿⣿⡁
⠀⢀⣀⢻⣿⣿⣿⣿⣷⡀⠉⠙⢻⣿⣇⠀⠀⠀⠀⠐⢶⣻⣷⡤⢈⣿⡄
⠀⠘⣿⣿⣿⣿⣿⣿⣿⣿⣶⡦⠆⠈⠉⠛⠒⢀⡀⠀⠀⠉⠀⡀⠈⢿⡆
⠀⠀⣈⣿⠯⣛⣿⣿⣿⣿⣿⣷⣄⡀⠀⠀⠀⠀⠖⠛⠷⠶⢤⣬⡿⠋⠛
⠀⠚⠛⠉⠉⠉⠉⠉⠉⠉⠙⠛⠛⠿⠿⢷⣶⣦⣤⣄⣀⣉⣻⣿
⠀⠀⠀⠀⠀⠀⠀⠀⠀⠀⠀⠀⠀⠀⠀⠀⠀⠈⠉⠛⠛⠿⠿⠿⠷⠄
⠀⠀⠤⠤⣤⣶⣿⣿⠛⣻⣿⣿⣿⠆
⠀⠯⢛⣿⣿⣿⣟⣁⣴⣶⣶⡶
⢠⣤⣬⣭⣭⣭⣭⣭⣭⣭⣭⡄
⠀⠀⠀⠀⠀⠀⠀⣠⣶⣶⣿⣿⡿⠿⠿⣿⣿⣿⣿⣿⡶
⠀⠤⠤⠤⠤⣤⣾⣿⣿⣿⣿⠟⠀⣀⣘⣙⣛⣛⣋⠋
⠀⠐⠒⠒⢾⣿⣿⣿⣿⣿⣥⣤⣼⣿⣿⣿⡿⠟⠁
⠠⠤⠤⠤⠤⠤⠭⠭⠭⠭⠭⠭⠭⠭⠤⠤⠤⠤
⠀⠀⠀⠀⣀⣀⣀⣀⣀⣠⣤⣶⣶⣿⣿⣿⡿⣿⡿⣿⣿⣿⣿⣿⣿⣶⡦
⠀⠀⣀⣀⣀⣀⣀⣀⣼⣿⣿⣿⣿⣿⣿⠋⠀⠀⠴⠿⠿⠿⠿⠿⠿⠟
⠀⢈⣉⣉⣉⣉⣽⣿⣿⣿⣿⣿⣿⠟⠁⠀⣴⣶⣶⣶⣶⣶⣶⠖
⠀⠀⠀⠀⠀⠛⠿⣿⣿⣿⣿⣿⣿⣿⣿⣿⣿⣿⠿⠿⠟⠛⠋
⠤⠶⠶⠶⠶⠶⠶⠶⠶⠶⠶⠶⠶⠶⠶⠶⠶⠶⠶⠶⠶⠶⠶
⠀⠳⣶⣤⣈⣳⣦⣄
⠀⠀⣀⣬⣿⣿⣿⣿⣷⣦⣀
⣠⣾⣿⣿⣿⣿⣿⣿⣿⣿⡿⠿⠷⣦
⠀⠀⠉⠛⠿⠿⠈⠉⠻⣭⣉⣠
⠀⠙⢶⣦⣄⣀⠀⠙⠷⣦⣄⡀
⠀⠀⠀⠙⠛⠿⢿⣿⣷⣿⣿⣿⣦⣀
⠀⠀⠀⣀⣤⣶⣿⣿⣿⣿⣯⣿⣿⣿⣿⣦⣄⡀
⠀⣠⣾⣿⣿⣿⣿⣿⣿⣿⣿⣿⣿⣿⣿⣿⣿⣿⣿⣶⣤⣀
⠚⠛⠻⠿⣿⣿⣿⣿⣿⡿⠿⠿⣿⣿⢿⣿⣭⡍⠉⠉⠉⠋
⠀⠀⠀⠀⠀⠉⠛⠛⠿⠇⠀⠀⠀⠻⠦⣤⣤⣤⡤
⠀⠘⢷⣶⣤⣄⣀⠀⠀⠙⠷⣶⣤⣀
⠀⠀⠀⠉⠛⠿⣿⣿⣿⣶⣶⣬⣿⣿⣷⣄
⠀⠀⠀⠀⠀⢀⣀⣤⣾⣿⣿⣿⣿⢿⣿⣿⣿⣶⣦⣄
⠀⠀⢀⣤⣾⣿⣿⣿⣿⣿⣿⣿⣿⣿⣿⣿⣿⣿⣿⣿⣿⣶⣦⣤⣀
⢀⣴⣿⣿⣿⣿⣿⣿⣿⣿⣿⣿⣿⣿⣿⣿⣿⣿⣿⣿⡿⣿⢿⡿⠿⢿⣶⣦
⠉⠉⠉⠛⠛⠿⣿⣿⣿⣿⣿⣿⠛⠛⠻⠿⣿⡿⠿⠿⣿⠶⡀⠀⠀⠀⠈
⠀⠀⠀⠀⠀⠀⠀⠉⠙⠛⠛⠿⠀⠀⠀⠀⠈⠻⠶⣶⣴⣶⣤⡴
⣀⣠⠀⣄⣶⣶⠛⠛⣶⣦⣠⣤⣄⣀
⣸⣿⣀⣿⣿⣿⠀⠀⣉⣹⣿⣀⣿⣇
⠀⠈⠉⠁⠛⠿⢦⡴⠿⠓⠈⠉⠁
⠀⠀⠀⡀⢀⠀⢤⣤⣶⣶⣿⣿⣶⣶⣤⡄⠀⢀⡀
⢲⣿⣿⡇⢸⣿⣯⣿⣿⣯⠀⠀⣿⣿⣿⣽⣿⡿⢿⣿⣷⡖
⢸⣿⣿⡇⣸⣿⣿⣿⣿⣿⠀⠀⠀⠀⢸⣿⣿⣇⢸⣿⣿⡇
⠙⠛⠻⠿⠿⠟⢯⣿⣿⣿⠀⠀⣿⣿⣿⡟⠻⠿⠿⠟⠛⠋
⠀⠀⠀⠀⠀⠀⠉⠛⠛⠿⢿⡿⠿⠛⠛⠁
⠀⠀⠀⠀⠀⠀⠀⠀⣀⣤⣴⣶⣾⣿⣿⣷⣶⣦⣤⣀
⣀⢤⣤⡖⡆⢰⢲⣦⡇⣿⣿⣏⡟⠉⠙⢻⢹⣿⣿⢺⣴⣶⣶⣶⣶⣤⡤⣀
⢸⢸⣿⡇⡇⢸⢸⣿⡇⣿⣿⣿⡇⠀⠀⠸⡼⠿⢿⢸⣿⡏⡏⢻⢹⣿⡇⡇
⢸⢸⣿⡇⡇⢸⢸⣿⡇⣿⣿⣿⡇⠀⠀⠀⠀⠀⢸⢸⣿⡇⡇⢸⢸⣿⡇⡇
⠼⢼⣿⣷⣿⣿⣾⣿⡇⣿⣿⣿⡇⠀⠀⢸⢳⣶⣾⣸⣿⣷⣿⣿⣾⣿⡧⠧
⠀⠀⠀⠉⠉⠋⠉⠀⣇⣿⣿⣯⣧⣤⣤⣼⣽⣿⣿⣿⠀⠉⠉⠉⠉
⠀⠀⠀⠀⠀⠀⠀⠀⠀⠉⠙⠛⠿⣿⣿⠿⠛⠋⠉
⠀⠀⠀⠀⠀⠀⣀⣤⣴⣾⣿⣷⣌⣦
⢀⣠⣴⡶⣾⡛⣟⣿⡧⢿⣧⣿⣟⡏
⢿⣟⣦⣷⡿⢿⠏⠉⠙⢛⣀⣻⢿⡷
⠀⠈⡉⣻⣿⡶⢦⣀⣡⣾⣻⣿⣯⡀
⠀⠘⠊⠡⠞⢧⣰⡤⠽⠛⠙⠛⠉
⠀⠀⠀⠀⠀⠀⠀⠀⠀⠀⠀⠀⣀⡤⣖⣯⣭⡝⢦⠈⢲⣄
⠀⠀⠀⠀⠀⠀⢀⣀⠤⢔⣒⡭⣶⠞⣛⢻⠛⣟⠶⣽⣿⣿
⠀⢀⡤⢔⣚⣭⠷⢒⠋⡽⣈⣇⣿⠧⠿⣾⣶⣾⣼⣆⢿⠃
⣾⢫⡞⣩⢰⢀⣸⣼⣶⣿⠏⠙⠛⢷⣦⡬⠉⠻⣿⣿⣿⡄
⠙⠿⣧⣵⣾⣿⣿⡟⠻⡛⠀⠄⢀⠀⢀⢤⣀⣥⣨⣋⡟⠃
⠀⠀⠀⠉⣉⠿⣛⣿⢷⢽⣆⡀⠀⣁⣴⠿⠟⣿⣝⢻⡀
⠀⠀⡰⣋⡴⠿⢛⡿⡌⠡⡉⠙⠛⠿⢿⣶⣿⣿⣿⣿⡋
⠀⠀⠋⠁⠀⠒⠛⠋⠹⣄⡽⠦⠖⠚⠉
⠀⠀⠀⠀⠀⠀⠀⠀⠀⠀⠀⠀⠀⠀⠀⠀⣀⡤⠴⣚⣯⣭⠳⣆⠀⠒⣦⡀
⠀⠀⠀⠀⠀⠀⠀⠀⠀⠀⠀⣀⣠⠤⢖⣋⣥⣶⡿⠿⡿⢿⣷⣌⣓⣶⣿⣷
⠀⠀⠀⠀⠀⣀⣠⠤⢖⣚⣭⠥⡶⠺⡏⣿⣧⠐⣷⢰⡇⡂⣧⢨⡟⠻⣿⡏
⠀⣠⡴⢚⣩⡵⡖⠟⣋⢡⡆⠲⣇⣤⣧⢾⣛⠚⠭⣭⣭⣭⢭⣾⣧⣜⡿
⣾⣏⣾⢋⣥⢐⡇⣄⣿⣼⣷⣿⣿⠃⠐⠛⠻⠷⠶⡶⠂⠈⢿⣿⣿⣿⣿⡄
⠘⢿⣿⣄⣽⣶⣿⣿⣟⠟⠻⡟⠧⠀⣀⣀⠀⠀⢀⣠⣄⣀⣀⣉⡏⣹⠿⠃
⠀⠀⠈⠙⠛⠿⠿⣿⣿⣷⣧⣸⣧⠀⠀⠀⠹⠀⣨⣾⣿⣿⠿⠿⣷⡟
⠀⠀⠀⢀⡤⢒⣩⠴⣖⣿⡘⠯⠿⠷⣦⣤⣶⣾⣿⣉⣠⣼⣿⣿⣾⣷⠄
⠀⠀⢠⣏⡤⠖⠚⢉⡡⢋⣷⠀⠰⣄⠀⠈⠉⢛⣻⡿⠿⠿⠿⠿⠿⠧
⠀⠀⠈⠁⠀⠀⠚⠋⠉⠁⠘⢷⣤⠬⠷⠖⠛⠉⠁
⣤⣶⣶⣾⣿⣟⣿⣿⣻⣿⣷⣶⣶⣤
⠿⠿⠿⣿⣿⣿⣿⣿⣿⣿⣿⠿⠿⠿
⠀⠀⠀⠈⠻⠻⣿⣿⠟⠟⠋
⢀⣀⣤⣤⣶⡶⣞⣿⡿⢯⣿⣿⣻⣻⡿⣷⢲⡶⣤⢤⣀⡀
⣿⢸⡏⣿⢾⡷⣿⣻⣧⣾⣣⣻⣧⣿⣧⣿⢸⡟⣿⢸⡇⣿
⢿⣸⣷⡿⠿⣷⣿⣿⣿⣿⣿⣿⣿⣿⣿⣿⣾⠿⢿⣾⣇⡿
⠀⠀⠀⠀⠀⢿⣿⣿⣿⣿⣿⣿⣿⣿⣿⣿⡿⠁
⠀⠀⠀⠀⠀⠀⠈⠛⠉⢿⣿⣿⡿⠉⠛⠁
⠀⠀⢀⣀⣤⣤⣴⣶⢲⣾⡟⣿⢻⣿⣿⣻⡟⣿⣷⢲⡶⣦⣤⣤⣀⡀
⣶⣟⣿⡿⣿⢻⣿⣸⡇⣿⣿⢉⣿⡏⢿⣷⢱⣿⡏⣿⡇⣿⡇⣿⣬⣿⣻⣶
⣿⣿⣿⣏⣿⢻⣿⢹⣿⣼⣿⣿⣿⣼⣮⣿⣿⣿⣽⣿⡇⣿⡇⣿⣿⣿⣿⣿
⣿⣟⣿⣷⣿⡿⠵⣿⣿⣿⣿⣿⣿⣿⣿⣿⣿⣿⣿⣿⣿⠮⢿⣿⣾⣿⣻⣿
⠀⠉⠉⠉⠀⠀⢾⣿⣿⣿⣿⣿⣿⣿⣿⣿⣿⣿⣿⣿⣿⡷⠀⠀⠉⠉⠉
⠀⠀⠀⠀⠀⠀⠈⠛⢿⣿⣿⣿⣿⣿⣿⣽⣿⣿⣿⣿⠛⠃
⠀⠀⠀⠀⠀⠀⠀⠀⠀⠉⠀⠸⢿⣿⣿⣿⠏⠀⠉⠁
⠀⣀⡤⠖⠒⠛⢉⣩⠭⠭⣭⣉⣉⡟
⡼⠁⠀⠀⠀⡞⠁
⠙⠦⢤⣀⣀⣉⣓⣒⣛⣋⣩⠝⠉
⠀⠀⠀⣀⣠⠤⠴⠒⠒⠛⠋⠉⣉⣉⣉⣉⣉⠉⠉⠙⣻⠖
⢀⡴⠋⠁⠀⠀⠀⠀⣠⡴⠋⠉⠉⠀⠀⠉⠉⠉⠉⠉⠉
⣿⡀⠀⠀⠀⠀⠀⠀⢿⣀⠀⠀⣀⣀⣀⣀⣀⣀⣀⣠
⠈⠙⠲⠤⢤⣄⣀⣀⣀⣈⣉⣉⣉⣉⣁⣀⣤⠴⠋
⠀⠀⠀⠀⠀⠀⣀⣀⣤⠤⠶⠖⠒⠚⠛⠛⠛⠉⠉⠉⠉⠛⠛⠛⠛⠒⣶⡖
⠀⠀⢀⣤⠶⠛⠉⠀⠀⠀⠀⠀⢀⣠⡤⠶⠶⠶⠶⠶⠶⠦⠤⠤⢤⣴⡟
⢀⣾⠋⠀⠀⠀⠀⠀⠀⠀⢠⡾⠋⠁
⣿⠃⠀⠀⠀⠀⠀⠀⠀⠀⣿⠁
⠹⣧⣀⠀⠀⠀⠀⠀⠀⠀⠙⠓⠶⠶⠶⠶⠶⠶⠖⠒⠒⠚⢛⣿⠟⠉
⠀⠀⠉⠛⠲⠶⠤⢤⣤⣤⣤⣀⣀⣀⣀⣤⣤⣤⣤⣤⠤⠴⠛⠁
⠀⠀⣀⣤⣶⡖⠿⠯⢭⠭⢍⣻⢶⡤
⣶⣿⡿⣟⡅⠀⠀⠀⠈⣩⣤⣭⣙⡆
⠙⠿⠿⣾⣷⣿⣟⣒⠋⠙⠻⠿⠈
⠀⠀⠀⠀⢀⣀⣤⡴⠶⠶⣾⣟⣉⣉⣉⣉⡛⠻⡲⢶⣤⣀
⢀⢔⣴⣾⢟⣭⡾⠍⠁⠀⠀⠀⠀⠐⠶⠤⠉⠙⠿⠾⣭⡀
⢯⠺⣿⣿⣘⢵⣶⢀⣠⣀⡀⠀⣀⣀⣶⣻⢯⢻⡶⢦⠿⠃
⠀⠙⠺⠿⠿⣷⣾⣾⣿⣯⣭⠭⠉⠁⠀⠉⠛⠾⠇
⠀⠀⠀⠀⠀⠀⠀⣀⣠⣤⣤⠶⣶⣒⣛⣛⣛⡛⠋⠛⠛⠛⢗⠶⣶⣤⣄⡀
⠀⢀⠤⣢⣴⣾⠿⣛⣭⡒⠒⠀⠀⠀⠈⠉⠉⣭⣍⣉⡙⠓⢶⣿⣌⣛⠛⠉
⣴⢣⣾⣿⣿⢡⡾⢛⣉⠁⠀⠀⠀⠀⠀⠀⠀⠀⣀⣠⣤⣤⣤⣀⣈⢹⣿⠄
⠻⣌⠻⣿⣿⣦⣙⠿⣿⢠⣴⣦⣤⣄⣀⣠⣤⠶⠷⣮⣙⠧⢻⡏⠙⠛⠋
⠀⠈⠙⠒⠯⠽⢟⣻⣷⣶⠿⠯⠭⠭⠤⠤⠄⠀⠀⠀⠈⠛⠾⠃
⠀⠀⠀⢀⣀⣠⣤⣤⣤⣄⣀⡀
⠀⣠⣾⢟⣩⣴⣶⣶⣶⡦⣍⡛⠓⠂
⠀⠙⢿⣿⣿⣿⣯⡿⠿⠿⣿⣿⡧⠄
⠀⠀⠀⠈⠉⠙⠛⠛⠛⠋⠉⠁
⠀⠀⠀⠀⠠⡀⠀⠀⠀⠀⣀⣃⣀⣈⠂⠂⠀⠀⠄⠀⡀
⠀⠀⠀⢀⣠⣴⣶⠿⠿⠛⠛⠛⣛⠛⠛⠿⢿⣶⣦⣄
⠀⣀⣴⣿⡿⣉⣠⣴⣾⣿⣿⣿⣿⣿⣿⢶⣦⣈⡉⠉⠁
⠀⠉⠻⣿⣷⣹⣿⣿⣻⢿⣟⣿⣿⣿⣿⣿⣿⣿⣿⣆⣀
⠀⠀⡀⠈⠙⠻⠷⣿⣵⣿⣽⣿⣬⣥⣤⣿⣿⠿⠟⠋
⠀⠀⠀⠀⠀⠂⠀⠂⠠⠀⠉⠉⠉⡍⠀⠀⠀⠂⠈
⠀⠀⠀⠀⠀⠀⡀⠠⡀⠀⠀⠢⠀⠀⠇⠁⠀⠘⠄⠰⠀⠀⠀⡄
⠀⠀⠀⠄⠀⠀⢈⣀⣤⣤⣶⣶⣶⣶⣿⣿⣶⣶⣶⣶⣦⣤⣈⡀⠀⠨⠅
⠀⠀⢀⢄⣠⣾⣿⠿⠛⠋⠉⣡⣄⣀⣀⣰⣦⣤⣈⡉⠉⢛⢿⣿⣷⣤⡢⡀
⡀⢀⣢⣾⣿⣿⢡⣀⣤⣶⣷⢿⣿⣿⣿⣿⣿⣿⣟⡛⣿⣮⣀⡀⠀⠀⠀⠁
⠀⠈⠝⢿⣿⣿⡘⢿⣿⣿⠿⣿⡯⡛⢿⣿⣿⣿⣿⣭⣽⣿⣿⣿⡧⠀⡀
⠀⠀⠈⠊⠙⠿⣿⣶⣭⣚⣛⠵⡾⢻⣯⡟⠛⠛⢛⣛⣻⣿⣿⣿⡵⠛⠕⠁
⠀⠀⠠⠈⠀⠀⡌⠉⠛⠛⠿⠿⠿⠿⣿⣿⠿⠿⠿⠿⠟⠛⠋⢁
⠀⠀⠀⠀⠀⠀⠘⠀⠠⠁⠐⠄⠀⢠⠀⠀⢰⠰⡀⠂⠠⠈⠂⠀⠈
⠀⠀⣀⣤⣴⣶⣾⣷⣶⣦⣤⣀
⠀⢰⣿⣿⣿⣿⣿⣿⣿⣿⣿⣿⡆
⠀⠛⠻⢿⣿⣿⡉⣿⣿⣿⡿⠿⠛
⠀⠀⠀⠀⠀⠉⠻⠟⠉
⠀⠀⠀⠀⢀⣀⣠⣤⣴⣶⣶⣶⣶⣦⣤⣄⣀⡀
⠀⠀⠀⣿⣿⣿⣿⣿⣿⣿⣿⣿⣿⣿⣿⣿⣿⣿⣿⠄
⠀⢠⣾⣿⣿⣿⣿⣿⣶⠿⠿⢿⣿⣷⣾⣿⣿⣿⣿⣷⡄
⠀⠀⠈⠉⠙⠛⠿⢿⣿⣷⣄⢸⣿⣿⡿⠿⠛⠋⠉⠁
⠀⠀⠀⠀⠀⠀⠀⠀⠀⠉⠛⠛⠉
⠀⠀⠀⠀⠀⠀⠀⠀⢀⣀⣠⣤⣴⣶⣶⣤⣤⣄⣀⡀
⠀⠀⠀⠀⣤⣶⣾⣿⣿⣿⣿⣿⣿⣿⣿⣿⣿⣿⣿⣿⣿⣷⣶⣤
⠀⠀⠀⢐⣿⣿⣿⣿⣿⣿⡟⣿⣿⣿⣿⣿⣿⡿⢻⣿⣿⣿⣿⣿⡂
⠀⠀⣰⣿⣿⣿⣿⣿⣿⣿⣷⣶⢿⠿⢿⣿⣿⣶⣿⣿⣿⣿⣿⣿⣿⣆
⠀⠀⠉⠙⠛⠿⢿⣿⣿⣿⣿⣷⣄⠀⢸⣿⣿⣿⣿⣿⣿⡿⠿⠛⠋⠉
⠀⠀⠀⠀⠀⠀⠀⠀⠉⠙⠛⠿⣿⣧⣼⣿⠿⠛⠋⠉
⠀⠀⠀⠀⠀⠀⠀⠀⠀⠀⠀⠀⠀⠉⠉
⠀⣠⣤⣔⣒⣲⣴⣶⣿⣿⣿⣿⣯⣤
⠉⠀⠀⣴⣿⣿⣿⢿⠿⠻⣿⠟⠉⠁
⠀⠀⠈⠉⠁⠙⠻⠿⢷⣤⣞⠁
⠀⠀⢀⡀⠤⠤⠄⠀⢀⣀⣤⣶⣶⣿⣿⣿⣷⣶⣿⣟⣀⣤
⠔⠚⠁⠈⠉⢉⣵⣿⣿⣿⣿⣿⣿⣿⢿⡿⣿⣿⡿⠿⠟⠋
⠀⠀⠀⢀⣐⣛⣟⡻⢽⣿⣯⣩⣿⡉⠀⠛⣓⣊
⠀⠀⠀⠀⠀⠀⠀⠀⠀⠉⠛⠛⠛⠿⣷⣼⣯⡁
⠀⠀⠀⠀⣀⣀⠀⠤⠤⠤⠤⠤⢤⣤⣴⣶⣾⣿⣿⣿⣿⣶⣶⣶⣶⠂⣀⣀
⢀⡤⠦⠭⠤⠰⠤⠶⣢⣴⣶⣿⣿⣿⣿⣿⣿⣿⣿⣿⣿⣿⣿⣿⣿⣿⡿⠟
⠀⠀⠀⠀⠀⢀⣴⣾⣿⣿⣿⣿⣿⡿⠿⣶⣶⠖⠒⣶⣞⣛⡿⠋⠉
⠀⠀⠀⠀⠠⠬⠭⠿⠥⠔⠒⣿⣿⣿⣶⣿⣧⣀⠀⠀⣩⣭⠧
⠀⠀⠀⠀⠀⠀⠀⠀⠀⠀⠀⠈⠉⠙⠛⠋⠻⠿⣿⣶⣿⣦⡀
⣿⣿⠋⠉⠀⠀⠀⠀⣠⠀⠀⠀⠈⠙
⣿⡇⠀⠀⠀⠀⣠⣾⠃⠀⠀⠀⠀⣸
⡿⠀⠀⠀⠰⢶⣿⡿⠒⠒⠒⠶⢲⣿
⠇⠀⠀⠀⠀⠈⢿⠃⠀⠀⠀⠀⣼⣿
⣄⠀⠀⠀⠀⠀⠈⠁⠀⠀⣀⣴⣿⣿
⣿⣿⣿⡿⠛⠉⠀⠀⠀⠀⠀⠀⠀⢀⡀⠀⠀⠈⠉⠉⠙⠿
⣿⣿⡟⠀⠀⠀⠀⠀⠀⠀⠀⣠⣶⠟⠀⠀⠀⠀⠀⠀⠀⣰
⣿⣿⠁⠀⠀⠀⠀⠀⠀⢀⣾⣿⡏⠀⠀⠀⠀⠀⠀⠀⢠⣿
⣿⠇⠀⠀⠀⠀⠀⠴⠿⣿⣿⡿⠿⠿⠿⠿⠿⠿⠿⠿⣿⣿
⡿⠀⠀⠀⠀⠀⠀⠀⠀⣿⣿⡇⠀⠀⠀⠀⠀⠀⠀⢸⣿⣿
⠇⠀⠀⠀⠀⠀⠀⠀⠀⠈⢿⡇⠀⠀⠀⠀⠀⠀⠀⣿⣿⣿
⣤⣀⠀⠀⠀⠀⠀⠀⠀⠀⠀⠀⠀⠀⠀⢀⣠⣴⣾⣿⣿⣿
⣿⣿⣿⣿⡿⠟⠛⠉⠀⠀⠀⠀⠀⠀⠀⠀⠀⠀⡀⠀⠉⠉⠉⠉⠉⠙⠻⢿
⣿⣿⣿⡟⠀⠀⠀⠀⠀⠀⠀⠀⠀⠀⠀⢀⣴⡞⠁⠀⠀⠀⠀⠀⠀⠀⠀⢠
⣿⣿⣿⠁⠀⠀⠀⠀⠀⠀⠀⠀⠀⣠⣾⣿⡟⠀⠀⠀⠀⠀⠀⠀⠀⠀⢀⣿
⣿⣿⠇⠀⠀⠀⠀⠀⠀⠀⢀⣀⣴⣿⣿⡟⠀⠀⠀⠀⠀⠀⠀⠀⠀⢀⣼⣿
⣿⡟⠀⠀⠀⠀⠀⠀⠀⠼⠿⣿⣿⣿⣿⠿⠿⠿⠿⠿⠿⠿⠿⠿⠿⢿⣿⣿
⣿⠃⠀⠀⠀⠀⠀⠀⠀⠀⠀⢸⣿⣿⡏⠀⠀⠀⠀⠀⠀⠀⠀⠀⢀⣿⣿⣿
⡟⠀⠀⠀⠀⠀⠀⠀⠀⠀⠀⠈⢿⣿⡇⠀⠀⠀⠀⠀⠀⠀⠀⠀⣸⣿⣿⣿
⠃⠀⠀⠀⠀⠀⠀⠀⠀⠀⠀⠀⠀⠻⡇⠀⠀⠀⠀⠀⠀⠀⠀⢀⣿⣿⣿⣿
⣶⣤⡀⠀⠀⠀⠀⠀⠀⠀⠀⠀⠀⠀⠀⠀⠀⠀⠀⢀⣠⣴⣾⣿⣿⣿⣿⣿
⠀⢠⠖⠋⠉⠉⣩⠭⣭⢉⣉⣉⢩⡏
⢠⡏⠀⠀⠀⣰⠃⠀⠉⠉⠉⠉⠉
⠿⣀⣀⣀⣀⣛⣒⣒⣒⣒⣒⡖
⠀⠀⠀⣠⠴⠒⠛⠉⠉⠉⠉⠉⠉⠉⠉⠉⠉⠉⠉⠉⢩⠏
⠀⠀⣼⠃⠀⠀⠀⠀⠀⢀⡞⠛⠛⣿⣤⣤⣤⣤⣤⣤⠟
⠀⣼⠃⠀⠀⠀⠀⠀⢀⡞
⣸⠏⠀⠀⠀⠀⠀⠀⣾⣥⣤⣤⣤⣤⣤⣤⣤⣄⡄
⠛⠦⣤⣀⣀⣀⣀⣀⣀⣀⣀⣀⣀⣀⣀⣀⣀⡼⠁
⠀⠀⠀⠀⣀⡤⠶⠒⠚⠛⠉⠉⠉⠉⠉⠉⠉⠉⠉⠉⠉⠉⠉⠉⠉⠉⣹⠏
⠀⠀⢀⣾⠋⠀⠀⠀⠀⠀⠀⠀⢀⡶⠶⠶⢶⡶⠀⠀⠀⠀⠀⠀⠀⢰⠏
⠀⠀⣼⠃⠀⠀⠀⠀⠀⠀⠀⢀⡾⠁⠀⠀⠉⠉⠉⠉⠉⠉⠉⠉⠉⠉
⠀⣼⠏⠀⠀⠀⠀⠀⠀⠀⢀⡾⠁
⣼⠏⠀⠀⠀⠀⠀⠀⠀⠀⠺⠷⠶⠶⠶⠶⠶⠶⠶⠶⠶⠶⢶⡆
⠙⠳⠤⣤⣄⣀⣀⣀⣀⣀⣀⣀⣀⣀⣀⣀⣀⣀⣀⣀⣀⣀⡾
⠀⣀⣤⣶⡾⠛⠛⠛⠛⠛⠷⣶⣤⡀
⠀⠉⠛⠿⢷⣤⣤⣤⣤⣤⡶⠿⠛⠁
⠀⠀⠀⢀⣠⣤⣶⣶⣿⠿⠿⠿⠿⠿⢿⣷⣶⣦⣤⣄⡀
⠀⠶⢾⣿⣿⣿⣏⠀⠀⠀⠀⠀⠀⠀⠀⠀⢈⣹⣿⣿⣿⡇
⠀⠀⠀⠈⠙⠛⠿⠿⣿⣶⣶⣶⣶⣶⣾⡿⠿⠟⠛⠋⠁
⠀⠀⠀⠀⠀⢀⣀⣤⣴⣶⣶⣿⣿⣿⣿⣿⣿⣿⣿⣶⣶⣦⣤⣄⣀
⠀⢀⣠⣴⣾⣿⣿⣿⡿⠋⠉⠁⠀⠀⠀⠀⠀⠀⠉⠉⠙⠻⠿⠿⠿⠿⠦⠄
⠀⠈⠙⠻⢿⣿⣿⣿⣷⣄⣀⡀⠀⠀⠀⠀⠀⠀⣀⣀⣠⣴⣶⣶⣶⣶⠖⠂
⠀⠀⠀⠀⠀⠈⠉⠛⠻⠿⠿⣿⣿⣿⣿⣿⣿⣿⣿⠿⠿⠟⠛⠋⠉
⠀⠀⠀⢀⣤⣶⣾⢿⢿⠿⢿⣶⣦⣄
⢀⢴⣾⠻⣿⣯⡉⠉⠀⢠⣄⣀⣤⡤
⠻⡿⠁⠀⠈⠙⠛⠛⠛⠛⠛⠛⠉
⠀⠀⠀⠀⠀⠀⢀⣤⣴⣶⣾⣿⣿⣿⣿⣿⣿⣶⣶⣤⣀
⠀⠀⣠⣰⣶⣾⣿⣿⣿⠛⠓⠒⠒⠐⠐⠀⠈⠓⠙⠛⠛⠃
⢠⢎⣾⣿⠓⠈⠻⣿⣿⣿⣤⣤⣀⣀⣐⣿⣧⣤⣶⣿⠿⠃
⠉⢿⠿⠁⠀⠀⠀⠀⠈⠉⠙⠛⠛⠛⠛⠛⠋⠉⠉
⠀⠀⠀⠀⠀⠀⠀⠀⠀⣀⣤⣴⣶⣶⣿⣿⣿⣿⣿⣿⣿⣶⣶⣦⣤⣀
⠀⠀⠀⠀⣀⣀⣤⣦⣾⣿⡿⣿⣽⣭⣭⣭⠉⣍⢉⠀⠈⠻⠝⠻⠿⠿⠿⠦
⠀⢠⠼⣽⣶⣟⠛⣿⣿⣿⣿⣦⡄⠀⠀⠀⠀⠀⢀⣠⣤⠀⠀⢀⣬⣀⣀⡄
⢰⢏⣬⣿⡿⠉⠀⠈⠙⠻⢿⣿⣿⣶⣶⣶⣤⣤⣤⣾⣿⣷⣿⣿⠿⠟⠋
⠀⢸⡿⠇⠀⠀⠀⠀⠀⠀⠀⠀⠈⠉⠉⠉⠉⠙⠋⠉⠉⠉⠁
⠀⠀⢀⣀⣠⣤⣤⣤⣰⣦⣄⠀⠀⣀
⠀⠀⠻⣿⣿⣿⣿⣋⣛⣿⣿⠷⠟⠋
⠀⠀⠀⠀⠀⠈⠙⠻⠿⠛⠁
⠀⠀⠀⠀⠀⠀⢀⣀⣀⣀⣀⣀⣀⠤⣤⣤⣀
⠀⠀⠂⣴⣾⣿⣿⣿⣿⣿⣿⡿⠿⣿⣿⣿⣿⣧⣤⣤⣶⠗
⠀⠀⠀⠀⠙⠛⠛⠻⠿⣿⣿⣤⣦⣴⣯⣿⡿⠛⠋⠉
⠀⠀⠀⠀⠀⠀⠀⠀⠀⠀⠈⠹⠿⠿⠛⠁
⠀⠀⠀⠀⠀⠀⠀⠀⠀⠀⠀⠀⠀⠀⠀⠀⠠⣤⣤⣄⣀
⠀⠀⢀⠀⣠⣴⣶⣾⣿⣿⣿⣿⣿⣿⣿⣿⣷⣶⣿⣿⣿⣷⣄⠀⣀⣀⣴⡆
⠀⠀⠀⠀⠛⢿⣿⣿⣿⣿⣿⢿⣿⣟⠋⣉⠙⢻⡿⢿⣿⣿⣿⣿⡿⠟⠋
⠀⠀⠀⠀⠀⠀⠀⠉⠉⠙⠛⠻⠿⣿⣷⣿⣿⣿⣿⣿⠟⠋
⠀⠀⠀⠀⠀⠀⠀⠀⠀⠀⠀⠀⠀⠀⠙⠿⠿⠛⠋⠁
⠀⠀⠀⠀⠀⣠⣴⢀⣴⣶⠏⣀⣠⠄
⠀⠀⠰⠿⣈⣻⣭⣬⣭⣥⣌⠉⠁
⠀⢠⣴⣿⡿⠋⠁⠀⠀⠈⠃
⢰⣿⣿⣿⠁
⠀⠛⠿⣿⣦⣤⣤⠤⠒
⣠⣶⣶⣶⣶⣶⣶⠆
⠀⠀⠀⠀⠀⠀⠀⠀⠀⣀⡤⠀⢀⣠⣴⣶⡛⠁⠀⠀⢀
⠀⠀⠀⠀⣀⣴⡂⢰⣿⣿⠗⠀⠿⠿⠿⠛⢡⣶⡿⠟⠉
⠀⠀⠀⠀⠛⠛⣁⣠⣤⣴⣶⣶⣶⣶⣶⣶⣤⠄
⠀⠀⠀⣠⣶⣿⣿⣿⠟⠋⠁⠀⠀⠀⠈⠻⠏
⠀⢠⣾⣿⣿⣿⡿⠁
⠀⣿⣿⣿⣿⣿⡃
⠀⠘⢿⣿⣿⣿⣷⣄⣀⣀⣀⣀⣤⠔
⠀⢀⠀⠈⢉⣙⣛⠛⢛⣛⣉⢁
⣠⣿⣿⣿⣿⣿⣿⣿⣿⣿⣿⠏
⠀⠀⠀⠀⠀⠀⠀⠀⠀⠀⠀⠀⣀⣠⠄⠀⢀⣠⣤⣶⡒⠋⠁
⠀⠀⠀⠀⠀⠀⢀⣠⠀⢀⣴⣿⣿⣦⠀⣴⣿⣿⣿⡿⠏⣠⣤⣶⣶⡟⠋
⠀⠀⠀⠀⠀⣼⣿⣿⠆⠈⠛⠛⢋⣁⣀⣈⣉⣉⣁⣀⠀⠙⠛⠉⠁
⠀⠀⠀⠀⠀⠈⣉⣠⣴⣶⣿⣿⣿⠿⠟⠛⠛⠛⠿⣿⣿⡟
⠀⠀⠀⢀⣴⣾⣿⣿⣿⣿⠟⠉⠀⠀⠀⠀⠀⠀⠀⠈⠏
⠀⢀⣴⣿⣿⣿⣿⣿⡿⠁
⠀⢸⣿⣿⣿⣿⣿⣿⠁
⠀⠘⣿⣿⣿⣿⣿⣿⣄⠀⠀⠀⠀⠀⠀⠀⠀⣀⠄
⠀⠀⠈⠙⠻⢿⣿⣿⣿⣿⣶⣶⣶⣶⠶⠞⠋
⠀⢀⣤⣤⣤⣤⣤⣤⣤⣭⣭⣤⣤⣤⣤⡄
⣠⣿⣿⣿⣿⣿⣿⣿⣿⣿⣿⣿⣿⣿⠏
⢶⣿⣋⣉⣿⣤⣄⢀⣤⣤⡄
⠀⠀⠀⠀⠚⠂⠙⠋⠐⠛⣿⣓⣾⡥
⣠⣶⣿⡿⠛⠛⠾⠿
⠻⢿⣿⣧⣀⣠⣶⣶⠶⣶⣦⣀⣴⠶⣶⣶⡖
⠀⠀⠀⠀⠀⠀⣸⣿⣀⠙⣿⣿⠋⣀⣿⣿⣿⣿⣭⣙⣛⠃
⠀⠀⠀⠀⠀⠀⠈⠉⠁⠀⠈⠁⠀⠈⠉⢹⣷⣬⣭⣿⣿⠗
⢀⣴⣶⣿⡿⠟⠛⠶⣿⣿⡇
⢿⣿⣿⣿⣇⠀⠀⢀⣤⣤⣤⣤⣤⣄⠀⢀⣤⣤⣤⣤⣤⡄
⠀⠉⠛⠛⠻⠿⠿⠛⢻⣿⡏⠻⣿⣿⣶⣿⠟⢹⣿⣿⣿⣤⣴⠦⢤⣤⣤⡄
⠀⠀⠀⠀⠀⠀⠀⠠⣾⣿⣷⠄⠙⣿⣿⠋⠀⣾⣿⣿⣿⡿⣿⣶⣶⣤⣤⡀
⠀⠀⠀⠀⠀⠀⠀⠀⠀⠀⠀⠀⠀⠀⠀⠀⠀⠀⠀⢰⣶⣶⢦⣤⣽⣿⡿⠟
⠀⣀⡤⠴⣖⣚⣛⣋⣉⡉⠉⠛⠛⠒
⠻⢿⣤⣉⣉⣀⣈⣉⣩⠭⠥
⠀⠀⠀⢀⣀⣤⡤⠴⠶⠒⠚⠛⠛⠛⠛⠛⠛⠛⠛⠳⣶⠦
⣠⣶⣿⠟⣩⠴⠶⠴⠶⠶⠶⠶⣶⣶⡶⡶⠤
⠙⠿⠿⣷⣤⣤⣤⣄⣀⣀⣤⣤⣤⠤⠴⠶⠒⠃
⠀⠀⠀⠀⠀⠀⣀⣀⣤⣤⡴⠶⠶⠶⢛⣛⣛⠛⠛⠛⠛⢛⡛⠿⠶⣶⣦⣄
⠀⢀⣤⣶⣾⠿⢛⡩⣥⣒⣀⣭⣥⣤⣤⣤⣤⣤⣄⣀⡀⠀⠀⠀⠁⠈⠉
⣾⣿⣿⣿⡁⠲⠟⠋⠉⠉⠉⠉⠉⠉⠛⠛⠿⠿⠛⠛⠋⢉⡀
⠈⠛⠻⠿⢿⣶⣶⣤⣤⣤⣤⣤⣤⣤⣤⠤⠶⠶⠶⠛⠛⠋⠁
⢀⡜⡛⠟⠺⣿⣻⠻⢛⡟⢛⡛⣿⡂
⠰⠛⢿⣷⣷⣿⣿⣷⣾⣿⡿⠚⠉
⠀⠀⠀⠉⠻⣿⣿⡟⠛⠛⠁
⠀⢀⠜⡓⠿⡛⠷⢺⢟⡚⣛⢻⡟⠖⣛⢟⡛⡿⣛⣻⡾
⢠⣫⡶⣮⣶⣄⣴⣤⣿⣼⣣⣦⣌⣴⣯⣶⣼⣷⣤⠿⠊⠁
⠈⠁⠀⠘⠻⡿⣿⣿⣿⣿⣿⣿⣿⣿⣿⣿⡟⠉
⠀⠀⠀⠀⠀⠀⠉⠻⣿⢿⣿⡿⠉⠉⠉⠁
⠀⠀⢠⠾⠷⢾⠿⠿⡧⢾⡿⠷⠾⠿⠿⣿⢧⠶⠿⡿⠿⠿⡿⠿⠿⣯⡏
⠀⣰⢋⣬⡵⣡⡉⡕⣥⢈⣼⣏⣼⢋⡬⠡⠣⢬⠟⣡⠍⡼⠤⢍⣿⡯⠖⠃
⠰⠷⠛⠸⠿⠿⠿⣿⣿⣿⣿⣿⣷⣿⣿⣿⣿⡿⣿⣿⣿⣿⠿⠛⠉
⠀⠀⠀⠀⠉⠉⠻⠽⣿⣿⣿⣿⣿⣿⣿⣿⣿⣿⣿⣿⡿
⠀⠀⠀⠀⠀⠀⠀⠀⠈⠙⢿⡿⣿⣽⡿⠅⠀⠀⠉
⠀⣀⣠⣄⡀⣴⣾⣿⡗⣀⣀⣀⡀
⠾⣿⡿⠿⢉⣛⣟⡛⢾⣿⣿⡟⠁
⢰⣶⣿⣿⣿⣿⣿⣿⠀⣶⣿⣿⣿⠟
⠀⠙⠻⠿⢿⣿⣿⣿⠷⠈⠛⠉
⠀⠀⠀⠀⢀⡀⠀⠀⣠⣴⣶⣿⣿⡶
⣠⣴⣾⣿⣿⣿⣗⢰⣿⣿⣿⣿⣿⣡⣴⣾⣿⣿⣿⡷
⠻⢿⣿⠿⠿⠟⢁⣀⣉⣹⣩⣉⡐⢿⣿⣿⣿⡿⠋
⢠⣴⣶⣶⣿⣿⣿⣿⣿⣿⣿⣿⡏⠀⣠⣴⣷⣾⣿⣿⣿⡗
⠈⠿⣿⣿⣿⣿⣿⣿⣿⣿⣿⣿⣿⣀⠻⣿⣿⣿⠿⠛⠁
⠀⠀⠈⠉⠛⠿⠿⣿⣿⣿⠿⣿⠿⠟
⠀⠀⠀⠀⠀⠀⠀⠀⠀⠀⢀⣠⣴⣶⣿⣿⣷⡦
⠀⣠⣤⣶⣾⣿⣿⣷⡶⢀⣿⣿⣿⣿⣿⣿⡟⢁⣤⣴⣶⣶⣶⣾⣶⡄
⢾⣿⣿⣿⣿⣿⣿⡿⠃⠈⠻⠿⠿⠿⠿⠛⣵⣿⣿⣿⣿⣿⣿⡿⠏⠁
⠀⠙⡛⣛⣉⣩⣭⣤⣶⣶⣶⣾⣿⣿⣷⣶⠌⠛⠛⠛⣻⣛⣯⣤⣤⣤⣤⡄
⢀⣾⣿⣿⣿⣿⣿⣿⣿⣿⣿⣿⣿⣿⣿⣿⡀⢠⣾⣿⣿⣿⣿⣿⣿⣿⠿⠋
⠀⠙⢿⣿⣿⣿⣿⣿⣿⣿⣿⣿⣿⣿⣿⣿⣧⣄⠹⠿⣿⣿⡿⠟⠋
⠀⠀⠀⠀⠉⠙⠛⠿⠿⢿⣿⣿⣿⢿⣿⠿⠿⠋
⠀⠀⠀⢀⣀⣤⣼⣿⣷⣶⣶⣶⣦⡀
⠀⠀⡴⠿⠿⣿⣿⣿⣿⣿⡿⠿⠊
⠀⠤⠎⠄⠀⠄⠄⠤⠌⠡⠂⠾⠿⠏
⠀⠀⠀⠀⠀⠀⠀⠀⠀⣀⣾⣿⣿⣦⣶⣶⣦⣤⣶⣶
⠀⠀⠀⠀⢀⣠⣶⣾⣿⣿⣿⣿⣿⣿⣿⣿⣿⣿⣿⠿⣿
⠀⠀⠀⣠⣾⣿⣿⣿⣿⣿⣿⣿⣿⣿⣿⣿⠿⠿⠿⠂
⠀⡔⢨⢁⡔⢠⡒⠢⢈⢉⢉⠛⡟⡹⡟⠻⡙⢂⣆⣴⣶⡖
⠸⠰⠷⠺⠠⠧⠖⠁⠲⠾⠇⠼⠶⠟⠸⠷⠃⠞⠺⠿⠟⠁
⠀⠀⠀⠀⠀⠀⠀⠀⠀⠀⠀⠀⠀⣾⣿⣿⣷⣤⣴⣶⣤⣤⣤⣶⣶⡄
⠀⠀⠀⠀⠀⠀⠀⣀⣤⣴⣶⣿⣿⣿⣿⣿⣿⣿⣿⣿⣿⣿⣿⣿⣿⣷⣆
⠀⠀⠀⠀⠀⣠⣾⣿⣿⣿⣿⣿⣿⣿⣿⣿⣿⣿⣿⣿⣿⣿⣿⣾⣩⠙⠋
⠀⠀⢀⡠⠾⠟⠛⠛⠛⠻⠿⠿⣿⣿⣿⣿⣿⣿⣿⣿⣯⣉⠉⠉⠁
⠀⡜⢁⡖⣠⡟⢁⠾⠍⡡⢋⠄⡸⡰⠁⡰⢠⡜⣏⠐⢦⠘⣰⢏⣾⣿⣿⠏
⠘⠀⡚⠛⠛⠀⠚⠲⢊⠐⠙⠒⠛⠁⠘⠳⠚⠃⠘⡓⠚⠐⠋⠚⡛⡛⠋
⠀⠀⠀⠀⢠⣤⣴⣾⣿⣿⣿⣷⣦
⠀⢀⣴⣶⣿⣿⣿⣿⣿⢿⣷⣶⣅
⠚⠉⠉⠛⠻⢿⣿⣿⣿⣿⣿⣿⣿⣤
⠀⠀⠀⠀⠀⠀⠀⠿⢿⣿⣿⡿⠿⠋
⠀⠀⠀⠀⠀⠀⠀⣀⣀⣀⣠⣶⣾⣿⣿⣿⣿⣿⣶⣄
⠀⠀⠀⠀⠀⢀⣰⣶⣿⣿⣿⣿⣿⣿⣿⣿⣟⣛⠛⠟
⠀⢀⣠⣶⣿⣿⣿⣿⣿⣿⣿⣿⣿⣿⠿⢿⣿⣿⣿⣤⡀
⠐⠛⠛⠛⠛⠻⠿⣿⣿⣿⣿⣿⣿⣿⣿⣿⣿⣿⣿⣿⣧⡀
⠀⠀⠀⠀⠀⠀⠀⠀⠙⠟⠻⢿⣿⣿⣿⣿⣿⣿⣿⣿⣿⣿
⠀⠀⠀⠀⠀⠀⠀⠀⠀⠀⠀⠛⠿⢿⣿⣿⣿⡿⠿⠟⠃
⠀⠀⠀⠀⠀⠀⠀⠀⠀⠀⠀⠀⠀⣀⣤⣶⣾⣿⣿⣿⣿⣿⣷⣶⣄
⠀⠀⠀⠀⠀⠀⠀⠀⢀⣙⣿⣿⣿⣿⣿⣿⣿⣿⣿⣿⣿⣿⠿⢿⣿⡇
⠀⠀⠀⠀⠀⣀⣤⣤⣶⣾⣿⣿⣿⣿⣿⣿⣿⣿⣿⣿⣿⣶⣤⣄⠉
⠀⠀⣀⣴⣿⣿⣿⣿⣿⣿⣿⣿⣿⣿⣿⣿⣿⡿⠿⢷⣿⣿⣿⣿⣷⣄
⠴⠾⠿⠿⠿⠿⠿⢿⣿⣿⣿⣿⣿⣿⣿⣿⣿⣿⣷⣾⣿⣿⣿⣿⣿⣿⡀
⠀⠀⠀⠀⠀⠀⠀⠀⠀⠉⠻⣿⣿⣿⣿⣿⣿⣿⣿⣿⣿⣿⣿⣿⣿⣿⣿⣦
⠀⠀⠀⠀⠀⠀⠀⠀⠀⠀⠀⠈⠁⠉⣩⣿⣿⣿⣿⣿⣿⣿⣿⣿⣿⣿⠿⠟
⠀⠀⠀⠀⠀⠀⠀⠀⠀⠀⠀⠀⠀⠀⠙⠛⠿⢿⣿⣿⣿⣿⠿⠿⠛⠋
⠈⠛⣭⡭⠭⠙⣿⣶⣾⣿⣒⡀⢀⣀
⠀⠀⠀⠉⠛⠠⠴⠲⠟⠙⠛⠿⣿⠟
⠐⠻⢯⣉⠉⠉⠉⠉⠩⠵⣶⣶⣶⡶⠶⠶⠤⠤⢀⡀
⠀⠀⠀⠾⣟⡚⠋⠉⢉⣉⣁⠾⣿⣿⣷⣶⣤⣀⡀⣈⡑⡄
⠀⠀⠀⠀⠀⠹⠿⣏⣉⠀⣀⣴⢒⡿⠛⣿⣟⣛⣿⣿⣽⣏
⠀⠀⠀⠀⠀⠀⠀⠀⠉⠉⠋⠉⠉⠁⠀⠀⠀⠉⢙⡿⠟⠃
⠐⠲⢾⣛⠛⠛⠉⠉⠉⠉⢛⣒⣒⣒⣒⣢⣤⣦⣴⣤⣤⣤⣀⡀
⠀⠀⠀⢉⣹⣶⡤⠴⠶⠒⠒⠒⠒⢉⣭⣿⣿⣶⣦⣄⡀⠀⠀⠈⠙⠲⣄
⠀⠀⠀⠀⠉⠛⠶⣤⣄⣤⠴⠖⠒⠂⠀⢙⣛⣿⣿⣿⣿⣷⡶⢶⣶⣓⢮⡇
⠀⠀⠀⠀⠀⠀⠀⠉⠛⠶⢤⣀⣀⣴⣾⣉⣴⡏⠁⠻⠷⢤⣭⣽⣷⣶⣾⡇
⠀⠀⠀⠀⠀⠀⠀⠀⠀⠀⠀⠀⠉⠁⠀⠀⠀⠀⠀⠀⠀⠀⠀⢉⡿⠿⠛⠁
⣠⠤⠒⠂⠒⢒⣂⣈⠓⠒⠀⠒⠤⣄
⠙⠓⠬⠻⠿⠟⠛⠉⠛⠲⠄⠀⠘⠋
⠀⢀⣠⡤⠤⠀⠠⠤⠤⠴⠄⠀⠛⠲⠶⡄⠒⠠⠤⣄⣀
⢾⣿⡀⠐⢦⣤⣤⣤⣶⣞⣛⣛⣧⣤⡀⠀⠀⠀⠀⢀⣿⡷
⠀⠈⠉⠓⠒⠉⠻⠿⠋⠉⠀⠀⠀⠈⠉⠛⠲⡀⠀⠈⠁
⠀⠀⠀⣀⣀⡤⠤⠄⣀⣀⣀⣤⠤⠀⠀⠙⠶⣶⣤⡀⠠⠤⢤⣀⣀
⣠⣶⡟⠩⢅⡀⠀⠀⠀⢀⣀⣀⣤⣤⣤⣤⠀⠀⠀⡁⠀⠀⠀⠀⠉⢻⣶⣄
⠙⠿⣧⣄⡀⠈⢿⣿⣿⣯⣽⣷⡶⠶⠶⠻⠿⣷⣆⣀⠀⠀⠀⠀⠀⣼⠿⠋
⠀⠀⠀⠈⠉⠉⠒⠚⠛⠛⠉⠀⠀⠀⠀⠀⠀⠀⠀⠘⠛⢂
⠀⢀⣠⣴⣶⣾⣿⣿⣷⣶⣶⣤⣄
⢠⣿⣿⠋⠁⠀⠀⠀⠀⠀⠉⠙⠉
⠘⣿⣿⣄⡀⠀⠀⠀⠀⠀⣀⣠⣀
⠀⠈⠙⠻⠿⢿⣿⣿⡿⠿⠿⠛⠋
⠀⠀⠀⢀⣠⣤⣴⣶⣶⣶⣶⣷⣶⣶⣶⣶⣤⣤⣄⡀
⠠⢢⣶⣿⣿⠟⠛⠉⠉⠁⠀⠀⠀⠉⠉⠉⠛⠻⠿⠛⠁⠁
⡇⣿⣿⣿⡇⡁
⠐⠜⠿⣿⣿⣮⣤⣀⣀⡀⠀⠀⠀⣀⣀⣀⣤⣴⣶⣤⡀⡀
⠀⠀⠀⠈⠙⠛⠻⠿⠿⠿⠿⠿⠿⠿⠿⠿⠛⠛⠋⠁
⠀⠀⠀⠀⢀⠀⢀⣀⣤⣤⣴⣶⣶⣶⣶⣶⣶⣦⣤⣤⣄⣀⡀
⠀⢀⠔⣪⣴⣿⣿⣿⡿⠿⠛⠛⠛⠛⠛⠛⠛⠛⠻⠿⢿⣿⣿⣿⣶⡮⢐⠄
⡰⢡⣾⣿⣿⣿⢋⠕⠈⠀⠀⠀⠀⠀⠀⠀⠀⠀⠀⠀⠀⠀⠩⠩⠕⠈
⡇⣿⣿⣿⣿⡇⡇
⠑⡜⢿⣿⣿⣿⣬⡢⢀⠀⠀⠀⠀⠀⠀⠀⠀⠀⠀⠀⠀⠀⣐⣐⡢⢀
⠀⠈⠒⢝⡻⢿⣿⣿⣷⣶⣦⣤⣤⣤⣤⣤⣤⣤⣴⣶⣾⣿⣿⣿⠿⢗⠨⠂
⠀⠀⠀⠀⠀⠁⠈⠉⠛⠛⠛⠿⠿⠿⠿⠿⠿⠟⠛⠛⠛⠉⠁
⠀⠀⠀⣀⡀⣰⣞⣛⣻⣶⣦⣤⣀
⠀⣨⣿⣿⣤⡛⢸⣭⡟⣰⣿⣽⣿⠗
⠰⡿⠃⠉⠉⠁⠀⠾⠞⠋⠉⠉
⠀⠀⠀⠀⠀⠀⠀⠀⠐⣒⣒⡚⠻⢶⣶⣦⣄⣀⣀
⠀⠀⠐⣶⣶⣿⡇⠀⣿⠉⢩⠟⢒⡿⠉⣭⣿⠿⢻⣿⣷⡄
⠀⣠⣶⣿⠿⣿⣿⣶⣦⠀⠒⢒⣛⣃⣠⣿⣿⣿⡿⠟⠋
⠘⢿⠿⠃⠀⠀⠀⠀⠀⠀⠐⠟⠛⠛⠉
⠀⠀⠀⠀⠀⠀⠀⠀⠀⠀⠠⠤⠶⠶⠶⠶⢶⣶⣶⣤⣄⡀
⠀⠀⠀⢀⣀⣤⣴⣶⠆⠀⣸⡟⠛⢻⣿⣤⣤⡿⠛⠛⣿⣿⣿⡿⣷⣶⣄
⠀⠀⢀⣰⣿⣿⣿⣿⣄⣀⣛⠁⠀⣘⣁⣠⣾⠃⠀⣾⣿⣿⣥⣾⣿⣿⡿⠃
⠀⣠⣿⣿⡟⠛⠻⠿⠿⠿⠿⠂⠀⠉⣩⣭⣭⣤⣾⡿⠿⠿⠿⠟⠋⠁
⠈⠻⠿⠟⠁⠀⠀⠀⠀⠀⠀⠀⠀⠘⠛⠛⠛⠉
⠀⠀⠀⢹⢷⣄⢀⣴⣿⠁
⢀⡴⠒⢻⡏⢙⣟⠉⣿⠉⣉⡓⠲⠄
⠙⢦⣀⣉⠁⢸⡇⠀⠉⠁⣸⣀⣠⠄
⠀⠀⠀⠉⠉⠙⠿⣍⣉⣩⠟⠁
⠀⠀⠀⠀⠈⣿⣿⣦⡀⠀⠀⣠⣾⣿⡏
⠀⠀⠀⢀⣀⣿⣧⣽⣿⣤⣼⠿⢷⣿⣧⣤⣤⣀⣀
⢠⣴⠞⠋⠉⣿⡇⠀⢀⣻⡁⠀⠀⣿⡇⢀⣀⣀⠉⠙⠓⠂
⠻⣷⣄⠀⠈⠉⠉⠀⠀⣿⡇⠀⠈⠉⠉⠀⣿⡇⠀⠀⣀
⠀⠀⠉⠛⠳⠶⠶⢤⣤⣿⣧⣤⣤⣤⣤⡤⣿⡷⠞⠛⠉
⠀⠀⠀⠀⠀⠀⠀⠀⠀⠙⠷⢦⣤⣤⣤⠶⠟⠁
⠀⠀⠀⠀⠀⠈⢹⣿⣿⣄⠀⠀⠀⠀⢀⣴⣿⣿⠋⠁
⠀⠀⠀⠀⠀⠀⢸⣿⣏⣻⣷⣆⣀⣴⣿⣏⣽⣿⣀⣀⣀⡀
⠀⢀⣠⣴⠶⠟⢻⣿⡏⠉⠉⠻⣿⠟⠁⠀⢹⣿⠉⠉⠉⠙⠛⠛⠶⢦⣤
⣴⣿⠋⠀⠀⢀⣼⣿⣧⡀⠉⣿⣿⠋⠀⣀⣼⣿⣄⡈⢻⣿⡟⠁
⠈⠻⢷⣦⣄⣀⠀⠀⠀⠀⠀⣿⣿⠀⠀⠀⠀⠀⠀⠀⢸⣿⡇⣀⣠⣤⡤
⠀⠀⠀⠀⠉⠉⠛⠛⠻⠶⠶⢿⣿⡶⠶⠶⠶⠶⠶⠶⢿⣿⡟⠋⠉⠁
⠀⠀⠀⠀⠀⠀⠀⠀⠀⠀⠀⠈⠙⠿⠶⣤⣤⣤⣴⠾⠟⠋
⠙⠶⣄⡀⠀⠀⢠⣄⡀
⠀⠀⣴⣿⣿⣿⣽⣿⣷⢶⣀⣠⠀⣠
⠀⠀⠨⣷⣟⡛⠿⣯⡿⢻⣶⣿⣾⠋
⠀⠀⠀⠀⠙⠋⠀⠙⣷⡀⠻⠿⠿⠄
⠙⢶⣤⡀⠀⠀⠀⠀⠀⠀⢀⣀
⠀⠀⠉⠉⢓⡦⠤⢤⣤⣤⢟⣿⡵⠂⢠⡀
⠀⠀⠀⢾⣿⢿⣟⡿⣿⣶⣾⣿⣭⣿⠿⠧⣄⣠⣾⠀⣠⢶
⠀⠀⠀⠀⢹⣆⣼⠟⠿⣯⣻⡟⣃⣿⣯⣛⣤⣽⣿⣴⣿⠋
⠀⠀⠀⠀⠈⠙⠻⣿⡲⠤⠈⢧⣿⡀⠀⠻⢿⣿⣿⣬⡇
⠀⠀⠀⠀⠀⠀⠀⠈⠁⠀⠀⠀⠹⣿⣤⠈⠙⠻⠿⠟⠋⠂
⠙⢶⣤⣄⠀⠀⠀⠀⠀⠀⠀⠀⠀⢀⡀
⠀⠀⠉⠛⠓⠶⢤⣀⣀⣀⣀⡀⣀⡿⣿⣃⡦⠤⢀
⠀⠀⠀⠀⣤⣶⣯⣵⣶⣾⣿⣯⣍⣽⣻⣗⣶⣴⣾⣇⠀⠀⢀⣤⠀⠀⢀⣠
⠀⠀⠀⠀⠙⠿⡍⠙⢲⣯⡽⣿⣻⣿⣿⣿⢻⣿⣨⣭⡙⠓⣾⣿⡀⣴⣏⡟
⠀⠀⠀⠀⠀⠰⣿⣸⣿⣍⡉⠛⠲⢯⡍⣤⡾⠟⠓⢢⣶⣾⣿⣿⡿⢿⠏
⠀⠀⠀⠀⠀⠀⠀⠈⠻⣿⣝⠓⠂⠀⠳⡼⣷⡀⠀⠘⠺⣿⡿⢿⣷⢾⡀
⠀⠀⠀⠀⠀⠀⠀⠀⠀⠀⠀⠀⠀⠀⠀⠈⢮⣿⣦⠄⠉⠛⠛⠻⠛⠛⠓⠂
⠀⢀⠤⠴⠶⣾⣿⣿⣷⠶⠦⠤⡀
⡴⠁⢰⣶⣶⣤⣽⣯⣤⣶⣶⡆⠈⢦
⠳⡀⢼⡷⣧⣠⢛⡛⣄⣼⢾⡧⢀⠞
⠀⠈⠓⠩⠾⢿⣷⣾⡿⠷⠍⠚⠁
⠀⠀⠀⢀⣠⢤⣖⣲⣾⣭⣭⣭⣭⣷⣖⣲⡤⣄⡀
⠀⣠⠖⠉⣈⣉⡉⠉⠛⠻⢿⡿⠟⠛⠉⢉⣉⣁⠉⠲⣄
⢰⠃⠀⢀⠿⣿⣛⡿⢦⣤⣾⣷⣤⡴⢿⣛⣿⡿⡀⠀⠘⡆
⠸⡄⠠⣘⢿⣷⢸⡌⠁⡨⠟⠻⢅⠈⢡⡏⣾⡿⣃⠄⢠⠇
⠀⠙⠦⣪⢽⣮⢹⣿⣾⣤⣑⣊⣤⣷⣿⡏⣵⡯⣕⠴⠋
⠀⠀⠀⠈⠙⠒⠯⠽⢟⣛⣛⣛⣛⡻⠯⠽⠒⠋⠁
⠀⠀⠀⠀⠀⢀⣠⠤⢔⣒⣒⣾⣭⣭⣭⣭⣷⣒⣒⡢⠤⣄⡀
⠀⠀⣠⠴⠋⠁⠚⠛⠛⠛⠻⠿⣿⣿⣿⣿⠿⠟⠛⠛⠛⠓⠊⠙⠦⣄
⢀⡾⠁⠀⠐⣲⣿⣷⠶⣦⣄⣀⣀⣽⣯⣀⣀⣠⣴⡶⣾⣿⣖⠒⠀⠈⢷⡀
⢸⡇⠀⠀⢰⣯⣟⡒⣶⠫⠭⠛⢿⣿⣿⡿⠛⠭⠝⣷⢒⣻⣭⡆⠀⠀⢸⡇
⠈⢷⡀⠒⠦⣝⡻⢧⣹⣦⡀⡴⢋⣁⣈⡙⢦⢀⣴⣟⡼⢟⣫⠴⠒⢀⡾⠁
⠀⠀⠙⠲⣕⡢⠿⢇⣹⣿⣿⣷⣦⣬⣥⣴⣾⣿⣿⣏⡸⠿⢔⣪⠖⠋
⠀⠀⠀⠀⠀⠈⠙⠒⠪⠭⠭⢿⣛⣛⣛⣛⡿⠭⠭⠕⠒⠋⠁
⠀⣶⣶⢖⣻⣿⣻⣟⣿⣟⣲⣶⣶
⣼⣿⣿⣾⣏⣿⣭⣭⣿⣹⣷⣿⣿⣧
⠀⢿⣿⣿⣎⣯⣻⣛⣹⣣⣿⣿⡿
⠀⠀⠀⠙⠛⠿⣿⡿⠛⠛⠁
⠀⣀⣠⡤⢴⣤⠶⠶⠛⠟⢳⡞⠻⠛⠶⠶⣤⡤⢤⣄⣀
⢀⣤⣿⣿⡏⠠⠤⡭⣿⡷⢨⣅⢴⣿⢯⠤⠄⢽⣿⣿⣤⡀
⣠⣾⣿⣿⢥⣶⡋⠀⣼⣃⣀⣀⣘⣷⠀⢘⣶⣮⣻⣿⣷⣄
⠛⢿⣿⣿⣷⣿⡛⠳⡮⠭⠿⢿⢭⢵⡾⠻⣫⣿⣿⣿⣿⠛
⠀⠘⢿⣿⣿⣿⣷⡀⢳⡈⡝⠋⡍⣼⠁⣼⣿⣿⣿⡿⠃
⠀⠀⠀⠉⠘⢿⣿⣿⣾⣿⣭⣭⣿⣷⣾⡿⠟⠁⠋
⠀⠀⠀⠀⠀⠀⠀⠈⠙⠿⢿⡿⠛⠁
⠀⢀⣀⣠⣤⠤⣤⣴⣶⠶⠞⠿⠟⢷⣾⠻⠿⠳⠶⣶⣦⣤⠤⣤⣄⣀⡀
⠀⢀⣽⣿⣿⣟⠋⣀⣬⣛⣓⣶⡄⢘⣃⢠⣶⣒⣛⣥⣄⡙⣻⣾⣿⣯⡁
⢀⣭⣿⣿⣿⢟⣠⣤⠄⠉⢨⣿⠂⠉⠉⠀⢿⡇⠉⠡⣤⣤⡛⣿⣿⣿⣭⡀
⣾⣿⣿⣿⣿⣜⣿⣿⣦⣤⣘⠷⠶⣶⣶⠶⠾⢋⣤⣴⣿⢿⣫⣾⣿⣿⣿⣷
⠀⠸⣿⣿⣿⣿⣿⣿⡅⠈⣿⠉⢯⣭⣽⠭⠏⣹⠏⢈⣽⣿⣿⣿⣿⣿⠇
⠀⠀⠙⠿⣿⢿⣿⣿⣿⣄⠸⣧⣸⣤⣤⣦⣴⠿⢀⣾⣿⣿⢿⣿⠿⠋
⠀⠀⠀⠀⠀⠀⠛⠿⣿⢿⣿⣿⣶⣶⣶⣶⣾⡿⣿⠿⠟⠁⠈⠁
⠀⠀⠀⠀⠀⠀⠀⠀⠀⠀⠉⠛⠿⢿⡿⠛⠉
⠀⠀⢀⣀⣾⣷⣶⣾⣿⣿⠿⣶⣦⣄
⣠⣾⣿⣿⣿⣿⣿⣿⣿⣿⣿⣿⡿⠉
⠻⢿⣿⣿⣿⣿⣿⡿⠿⠆⠉⠉
⠀⠀⠀⠀⠀⠀⢰⣶⣶⣶⣶⣶⣶⣾⣿⣿⣻⡶⣦⣄
⠀⠀⢀⣠⣤⣶⣿⣿⣿⣿⣿⣿⣿⣿⣿⣯⣉⣹⣿⣿⣿⣷
⢀⣴⣿⣿⣿⣿⣿⣿⣿⣿⣿⣿⣿⣿⣿⣿⠿⠷⠿⣿⠋
⣿⣿⣿⣿⣿⣿⣿⣿⣿⣿⣿⣿⣿⣿⡙⠛⠻⠟⠛⠁
⠈⠛⠿⢿⣿⣿⣿⣿⣿⣿⣿⠿⠿⠟⠃
⠀⠀⠀⠀⠀⠀⠀⠀⣴⣶⣶⣶⣦⣤⣴⣶⣶⣒⣒⣒⡿⣷⣤⣤⣄
⠀⠀⠀⠀⠀⠀⢀⣠⣽⣿⣿⣿⣿⣿⣿⣿⣿⣿⣿⡿⠿⠷⢶⣾⣾⣷⡤⣄
⠀⠀⠀⣠⣴⣾⣿⣿⣿⣿⣿⣿⣿⣿⣿⣿⣿⣿⣿⣿⣶⣤⣽⣿⣿⡿⣿⠟
⠀⣴⣿⣿⣿⣿⣿⣿⣿⣿⣿⣿⣿⣿⣿⣿⣿⣿⣿⣿⡿⢿⣾⡿⠟⡿⠁
⣾⣿⣿⣿⣿⣿⣿⣿⣿⣿⣿⣿⣿⣿⣿⣿⣿⡿⠿⢿⣷⣶⣶⣶⠟⠁
⠻⣿⣿⣿⣿⣿⣿⣿⣿⣿⣿⣿⣿⣿⣿⣿⣿⣷⡄⠀⠀⠁
⠀⠈⠙⠻⠿⣿⣿⣿⣿⣿⣿⣿⣿⡿⠿⠿⠛⠛⠁
⠀⠀⣀⣤⠶⠖⠻⣶⢖⠶⢦⣄⡀
⠀⢾⣿⠁⢤⣾⣤⡊⠀⡇⠀⣉⣉
⠀⠀⠉⠓⠶⠿⣿⣿⣭⠍⠚⠋⠁
⠀⠀⠀⠀⢀⣀⣤⣴⠶⠶⡲⠶⢶⡶⢶⣦⣤⣄⡀
⠀⣀⣤⣾⡿⠋⠁⣀⣠⡎⠀⢹⠃⠈⢦⠀⠉⠛⠿⠷⠦
⠀⠉⠛⢿⣷⠀⡘⢻⣿⣿⣷⣮⣤⣤⣾⡄⣀⣤⣶⡶⠖
⠀⠀⠀⠀⠈⠉⠛⠻⠿⠿⢿⣿⣯⠤⠥⠜⠛⠋⠁
⠀⠀⠀⠀⠀⠀⠀⣀⣠⣤⣴⣶⡶⣲⢶⣶⣦⢶⣶⣤⣤⣀⡀
⠀⠀⠀⣀⣤⣶⡿⠟⠋⠉⠀⢠⠂⠀⢒⡦⠈⢱⠄⠉⠙⠻⢿⣷⣦⣄⡀
⠀⠰⢾⣿⣿⣿⠀⠀⢠⣶⣶⣷⣦⣀⠰⠀⠀⠀⢙⠆
⠀⠀⠀⠉⠛⠿⣅⣀⣄⣩⠿⢿⣿⣿⣿⣶⡶⢶⠿⢦⢠⣴⣾⡿⠟⠋⠁
⠀⠀⠀⠀⠀⠀⠀⠉⠙⠛⠻⠿⠿⠷⠶⠶⠦⠴⠶⠂⠉⠉⠁
⠀⠀⠀⢀⡴⠖⢈⣙⣻⣿⣿⣷⣦
⢀⡠⠠⠿⣷⠛⠛⠛⣟⠋⣩⡉⢁⡤
⠻⣄⣀⣠⠻⣄⣀⡽⠘⣶⠋⠳⡾⠁
⠀⠀⠀⠀⠀⠀⣤⣤⣶⠂⣈⡛⠿⠿⣿⣿⣿⣟⣒⣆⡀
⠀⠀⠀⠀⢠⣶⣟⣤⣤⣶⣿⣿⣿⣿⡿⠿⠛⠻⠗⠛⠁
⣠⡶⠚⠐⠋⠛⢹⣿⠀⠀⠀⢠⡸⣷⡀⢀⣼⣷⡀⢀⣾⠏
⠙⠷⣤⣤⣤⣤⠘⠿⣤⣤⣤⡾⠗⠘⢿⡟⠁⠈⢻⡿⠃
⠀⠀⠀⠀⠀⠀⠀⢀⣀⣤⣄⣒⠒⠒⠚⠛⠻⣿⣿⢿⣛⣛⣒⡲⣤
⠀⠀⠀⠀⠀⠀⣠⣴⡟⠉⣁⣀⣐⣒⣶⣶⣶⣶⣿⣿⣿⣿⣛⣫⡭⠟
⠀⠀⣀⣠⢀⣴⣿⡷⢖⣻⠛⠛⠉⠉⠉⢩⣹⡛⠉⠁⠀⣠⡉⠀⠀⠀⣠⡄
⣴⣿⠋⠁⠀⠀⠈⠁⢸⣿⠀⠀⠀⠀⢸⣦⠹⣿⣄⢠⣾⠟⣿⣄⢀⣾⡟⠁
⠙⠻⠷⣤⣤⣤⣤⠦⠘⠿⣦⣤⣤⣤⡾⠟⠁⠘⢿⡿⠁⠀⠈⠻⣿⠋
⢀⣀⣐⣶⣶⣾⣿⣿⣿⣿⣷⣦⣀
⠀⠈⠙⠛⠿⣿⣿⣿⣿⣿⠿⣿⣿⠟
⠀⠀⠀⠀⠀⠀⠉⠙⢿⣿⡶
⢀⠀⠀⠐⠲⣶⣶⣶⣶⣿⣿⣿⣿⣿⣿⡷⣶⣶⣄
⠀⠉⠛⠻⢿⣿⣿⣿⣿⣿⣿⣿⣿⣿⣿⣿⣿⣿⣿⣿⣷⣦
⠀⠀⠀⠀⠀⠀⠉⠉⠻⠿⣿⣿⣿⣿⡿⢻⠉⡹⠛⠛⠛⠁
⠀⠀⠀⠀⠀⠀⠀⠀⠀⠀⠀⠈⠻⢿⣿⣿⡷⠃
⠀⠀⠀⠀⠰⢶⣦⣤⣤⣶⣶⣶⣾⣿⣿⣿⣿⣿⣿⣶⣶⣦⣤⡀
⠐⢦⣤⣤⣤⣤⣽⣿⣿⣿⣿⣿⣿⣿⣿⣿⣿⣿⣿⣿⣾⣿⣿⣷⣦⣄⡀
⠀⠀⠈⠉⠛⠿⣿⣿⣿⣿⣿⣿⣿⣿⣿⣿⣿⣿⣿⣿⣿⣿⣿⣿⣿⣿⣿⡷
⠀⠀⠀⠀⠀⠀⠀⠉⠙⠛⢻⣿⣿⣿⣿⣿⣿⣿⢿⣻⡍⠛⣻⠿⣿⠿⠟
⠀⠀⠀⠀⠀⠀⠀⠀⠀⠀⠀⠉⠉⠛⠻⢿⣿⣿⣷⣼⣇⣰⡁
⠀⠀⠀⠀⠀⠀⠀⠀⠀⠀⠀⠀⠀⠀⠀⠈⠻⢿⣿⣿⡿⠏
⠀⠀⠀⣀⣀⡼⣿⡷⣶⡶⡆
⡴⣾⠿⣿⣿⣛⠷⡿⣿⣿⣷⣾⣻⡷
⠉⠉⠀⣼⣿⣿⠿⠛⠉⠀⠀⠁
⠀⣴⡾⠟⠻⠿⠶
⠀⠀⠀⠀⠀⠀⠀⢀⡴⣿⣿⣳⣶⣲⣶⣶
⢀⣤⠴⣶⣶⣿⣿⣿⣿⣾⣭⣿⣾⣿⣿⣾⣧⣀⣶⣶⣶⢤
⠯⣶⣿⠉⠉⢻⣿⣿⣶⣧⣤⣏⣭⠿⠛⠛⠳⠿⠟⠶⠛⠉
⠀⠀⠀⠀⣰⣽⡟⣿⣟⡟⠋⠉
⠀⢠⣿⣭⠟⠚⠛⠒⠛⠛⠛
⠀⠀⠀⠀⠀⠀⠀⠀⠀⠀⣠⣾⣿⣽⣲⣖⣲⣶⣶⣶⡄
⠀⠀⠀⣀⣀⣠⣤⣤⣤⣴⣇⣿⡿⣾⣿⣿⣷⣾⣷⣊⣧⠀⠀⢀⣀⣀⣀
⣀⡴⣾⢭⣳⣿⣿⣿⣿⣿⠿⣻⠿⢶⣾⣿⣿⣿⣿⣿⣿⣷⡤⣟⣿⣷⣭⣳
⢿⣛⣻⣿⠀⠀⠘⣿⣿⣿⣶⣷⣥⣴⣃⣬⣽⡿⠛⠛⠻⠮⠽⠿⠷⠟⠉
⠀⠀⠀⠁⠀⢠⢾⡿⢿⣿⣿⢿⡿⠟⠛⠉
⠀⠀⢀⣠⣤⣼⡿⣿⠯⣿⣷⣿⣥⣀
⠀⠠⣞⣵⡷⠛⠛⠉⠉⠛⠛⠛⠛⠋
⣀⠤⣒⣭⣴⣤⣤⣤⣤⣦⣭⣒⠤⣀
⡇⢸⣿⣿⡏⢰⠀⠀⣆⠹⠿⠿⠇⣸
⡇⢸⣿⣿⡇⢸
⡇⢸⣿⣿⣇⠸⠀⠀⠏⣰⣶⣶⡆⢹
⠉⠒⠭⣛⠻⠛⠛⠛⠛⠟⣛⠭⠒⠉
⠀⠀⣀⡤⠖⣋⣭⣭⣭⣭⣭⣭⣭⣭⣭⣭⣙⠲⢤⣀
⣶⠋⣥⣶⣿⣿⣿⡿⠿⠟⠛⠛⠻⠿⢿⣿⣿⣿⣶⣬⠙⣶
⣿⠀⣿⣿⣿⣿⣿⡇⢸⡏⠉⠉⢹⡇⠘⠿⠿⠿⠿⠿⠀⣿
⣿⠀⣿⣿⣿⣿⣿⡇⢸⡇⠀⠀⠈⠉⠉⠉⠉⠉⠉⠉⠉⠉
⣿⠀⣿⣿⣿⣿⣿⡇⢸⡇⠀⠀⢀⣀⣀⣀⣀⣀⣀⣀⣀⣀
⣿⠀⣿⣿⣿⣿⣿⡇⢸⣇⣀⣀⣸⡇⢠⣶⣶⣶⣶⣶⠀⣿
⠿⣄⡛⠿⣿⣿⣿⣷⣶⣦⣤⣤⣴⣶⣾⣿⣿⣿⠿⢛⣠⠿
⠀⠀⠉⠓⠦⣍⣛⣛⣛⣛⣛⣛⣛⣛⣛⣛⣩⠴⠚⠉
⠀⠀⠀⢀⣠⡴⠞⢋⣉⣉⣉⣉⣉⣉⣉⣉⣉⣉⣉⣉⡙⠳⢦⣄⡀
⣠⡴⠚⢋⣡⣴⣾⣿⣿⣿⣿⣿⣿⣿⣿⣿⣿⣿⣿⣿⣿⣷⣦⣌⡙⠓⢦⣄
⣿⠀⢸⣿⣿⣿⣿⣿⣿⡋⢡⣤⠤⠤⠤⠤⣤⡌⢙⣿⣿⣿⣿⣿⣿⡇⠀⣿
⣿⠀⢸⣿⣿⣿⣿⣿⣿⡇⢸⣿⠀⠀⠀⠀⣿⣇⣈⣉⣉⣉⣉⣉⣉⣁⣀⣿
⣿⠀⢸⣿⣿⣿⣿⣿⣿⡇⢸⣿
⣿⠀⢸⣿⣿⣿⣿⣿⣿⡇⢸⣿
⣿⠀⢸⣿⣿⣿⣿⣿⣿⡇⢸⣿⠀⠀⠀⠀⣿⡏⢉⣉⣉⣉⣉⣉⣉⡉⠉⣿
⣿⠀⢸⣿⣿⣿⣿⣿⣿⣅⡘⠛⠒⠒⠒⠒⠛⢃⣨⣿⣿⣿⣿⣿⣿⡇⠀⣿
⠙⠳⢤⣌⡙⠻⢿⣿⣿⣿⣿⣿⣿⣿⣿⣿⣿⣿⣿⣿⣿⡿⠟⢋⣡⡤⠞⠋
⠀⠀⠀⠈⠙⠳⢦⣌⣉⣉⣉⣉⣉⣉⣉⣉⣉⣉⣉⣉⣡⡴⠞⠋⠁
⣠⣴⣾⣿⣿⣿⣿⣿⣿⣿⣿⣷⣦⣄
⣿⣿⣿⣿⣿⡏⠉⠉⠹⠿⠿⠿⠿⠿
⣿⣿⣿⣿⣿⡇
⣿⣿⣿⣿⣿⣇⣀⣀⣰⣶⣶⣶⣶⣶
⠙⠻⢿⣿⣿⣿⣿⣿⣿⣿⣿⡿⠟⠋
⢀⣠⣤⣶⣿⣿⣿⣿⣿⣿⣿⣿⣿⣿⣿⣿⣿⣿⣷⣤⣀
⣿⣿⣿⣿⣿⣿⣿⡟⣿⠿⠿⠿⠿⣿⢻⣿⣿⣿⣿⣿⣿⣿
⣿⣿⣿⣿⣿⣿⣿⡇⡇⠀⠀⠀⠀⠘⠚⠛⠛⠛⠛⠛⠛⠛
⣿⣿⣿⣿⣿⣿⣿⡇⡇
⣿⣿⣿⣿⣿⣿⣿⡇⡇⠀⠀⠀⠀⢠⢤⣤⣤⣤⣤⣤⣤⣤
⣿⣿⣿⣿⣿⣿⣿⣧⣿⣶⣶⣶⣶⣾⣼⣿⣿⣿⣿⣿⣿⣿
⠀⠉⠛⠿⣿⣿⣿⣿⣿⣿⣿⣿⣿⣿⣿⣿⣿⣿⠿⠛⠉
⠀⠀⣀⣤⣶⣿⣿⣿⣿⣿⣿⣿⣿⣿⣿⣿⣿⣿⣿⣿⣿⣿⣿⣶⢤⣀
⣶⢻⣿⣿⣿⣿⣿⣿⣿⣿⣿⣿⣿⣿⣿⣿⣿⣿⣿⣿⣿⣿⣿⣿⣿⣿⡝⣶
⣿⢸⣿⣿⣿⣿⣿⣿⣿⡇⣿⠉⠉⠉⠉⠉⠉⣿⣸⣿⣿⣿⣿⣿⣿⣿⣇⣿
⣿⢸⣿⣿⣿⣿⣿⣿⣿⡇⣿⠀⠀⠀⠀⠀⠀⠉⠉⠉⠉⠉⠉⠉⠉⠉⠉⠉
⣿⢸⣿⣿⣿⣿⣿⣿⣿⡇⣿
⣿⢸⣿⣿⣿⣿⣿⣿⣿⡇⣿⠀⠀⠀⠀⠀⠀⣀⣀⣀⣀⣀⣀⣀⣀⣀⣀⣀
⣿⢸⣿⣿⣿⣿⣿⣿⣿⡇⣿⣀⣀⣀⣀⣀⣀⣿⢸⣿⣿⣿⣿⣿⣿⣿⡇⣿
⠿⣼⣿⣿⣿⣿⣿⣿⣿⣿⣿⣿⣿⣿⣿⣿⣿⣿⣿⣿⣿⣿⣿⣿⣿⣿⣧⠿
⠀⠀⠉⠛⠿⣿⣿⣿⣿⣿⣿⣿⣿⣿⣿⣿⣿⣿⣿⣿⣿⣿⡿⠟⠋⠉
⠀⢀⣸⢏⠩⣭⣉⣉⣭⠍⡹⣇⡀
⠐⠛⠛⠛⠾⢿⣿⣿⡿⠷⠛⠛⠛⠃
⠀⠀⠀⠠⣞⡙⠒⠒⠒⠒⠲⠖⠒⠒⠒⠒⢋⣳⠄
⠀⠀⢀⣦⡟⢀⡀⠘⣻⠪⢤⣤⠕⣟⠃⠀⡌⢻⣤⣄⡀
⠀⠾⠿⠿⣷⣾⣧⣾⣿⣿⣿⣿⣿⣿⣧⣼⣿⣿⡿⠿⠷
⠀⠀⠀⠀⠀⠈⠙⠛⠿⢿⣿⣿⡿⠿⠛⠋⠁
⠀⠀⠀⠀⢠⣶⠛⠒⠶⠖⠒⠒⠲⠶⠶⠖⠒⠒⠲⠶⠚⠛⣶⡀
⠀⠀⠀⠀⣀⣽⠏⠀⠀⠰⣶⡤⣆⣀⣀⡰⢤⣶⠆⠀⠀⠹⣯⢀⡀
⠀⢀⣦⣾⣿⣯⣠⣿⡀⣰⣼⣣⢭⣽⣯⡭⣸⣧⡄⢀⣿⣄⣿⣿⣿⣶⡄
⠀⠚⠛⠛⠛⠻⠿⣿⣷⣿⣿⣿⣿⣽⣯⣿⣿⣿⣿⣾⣿⠿⠿⠿⠛⠛⠓
⠀⠀⠀⠀⠀⠀⠀⠀⠉⠛⠻⠿⢿⣿⣿⡿⠿⠟⠛⠉
⠀⣴⣶⣿⡿⠿⣿⣿⣷⠆
⠾⣿⣿⣿⣶⣶⣶⣾⣿⠿⠿⠿⠿⠶
⠀⠀⠀⠀⠰⢿⣿⣿⣷⣾⣿⡿⠞
⠀⠀⣠⣤⣶⣿⣿⣿⣿⣿⣿⣿⣿⣦⣄
⠀⣼⣿⣿⣿⣿⡿⠉⠉⠛⠛⢛⣛⣿⣯⣤⣤⣤⣤⣄⡀
⢾⣿⣿⣿⣿⣿⣷⣶⣿⣿⣿⣿⣿⣿⠿⠿⣿⣿⣿⣿⣿⡶
⠀⠈⠙⠛⠛⠛⠛⢻⣿⣿⣿⣿⣿⣏⣀⣤⣤⣤⣤⣤⡄
⠀⠀⠀⠀⠀⠀⠀⠙⠻⢿⣿⣿⣿⣿⣿⣿⣿⠿⠟⠋
⠀⠀⠀⣠⣤⣴⣶⣿⣿⣿⣿⣿⣿⣿⣿⣿⣶⣤⣀
⠀⢀⣾⣿⣿⣿⣿⣿⣿⠛⠛⠻⠿⠿⠿⠿⠿⠿⠏
⣠⣿⣿⣿⣿⣿⣿⣿⣁⣠⣶⣶⣶⣶⣶⣿⣿⣿⣿⣿⣿⣿⣿⣿⣿⣷⣦⣄
⠙⠻⢿⣿⣿⣿⣿⣿⣿⣿⣿⣿⣿⣿⣿⣿⣿⡿⠉⠉⠻⠾⠿⠿⠿⠿⠿⠋
⠀⠀⠀⠀⠀⠀⠀⠀⠀⣸⣿⣿⣿⣿⣿⣿⣿⣤⣤⣶⣶⣶⣶⣶⣶⡶
⠀⠀⠀⠀⠀⠀⠀⠀⠀⠉⠛⠿⣿⣿⣿⣿⣿⣿⣿⣿⣿⡿⠿⠛⠋⠁
⠈⠹⠿⡟⠉⠀⠐⡆⢰⢢⢰⢀⠆
⠀⠛⠁⠛⠀⢳⢃⡘⡊⡲⡀⡊⢾⠊
⠈⠛⣛⣯⣭⣭⠉⠩⣉⠁⢢⡔⠶⢲⡖⠒⢶⠒⠒⡖⠀⡄
⠀⠆⠬⢙⠛⣿⠰⠆⡸⠐⠈⡇⠀⢾⠀⠷⢸⡆⢰⠃⠂⢃
⠀⢺⣿⠏⢹⣿⠴⠒⣧⣾⡆⠣⣿⠜⣣⣴⠃⣧⠾⣰⣷⠞
⠀⠈⠉⠉⠈⠁⠀⠀⣩⡍⡄⡬⡥⡌⣩⢩⠄⣭⡄⢩⠉
⠈⠙⢛⣻⣭⣭⣭⡍⠉⠉⢍⡅⠀⢠⡔⢲⠖⢲⠖⠒⠢⡖⠒⠒⡶⠀⠠⡀
⠀⠶⠀⠉⣙⡛⠻⡇⠰⠆⢸⠃⠒⠈⡇⠀⠀⣿⠀⠾⠀⣷⡄⢰⡇⠰⠀⣇
⠀⠘⣿⣿⠫⠩⣸⣧⠶⠒⣻⣴⣿⡄⠳⣼⠦⠜⣣⣤⡎⠡⣧⠾⢢⣾⣦⠞
⠀⠀⠉⠁⠁⠁⠉⠀⠀⠀⢉⣭⠉⡄⣤⢩⢠⡍⣭⠍⡥⢨⢡⡀⢩⡍⠉
⢸⡟⠛⠛⠛⠛⠛⠛⠛⠛⠛⠳⢿⡿
⡜⣷⠀⠀⠀⣶⢲⣶⢲⡆⠀⠀⢸⡇
⡇⣿⠀⠀⠀⣿⢸⣿⢸⡇⠀⠀⢸⡇
⢣⡿⠀⠀⠀⠿⠼⠿⠼⠇⠀⠀⢸⡇
⢸⣧⣤⣤⣤⣤⣤⣤⣤⣤⣤⡴⣾⣷
⢰⣶⠒⠒⠒⠒⠒⠒⠒⠒⠒⠒⠒⠒⠒⠒⠒⠲⢮⣝⡻⠿
⢸⣿⣀⠀⠀⠀⠀⠀⣀⣀⣀⣀⣀⣀⣀⠀⠀⠀⠀⠈⣿⡇
⣶⢸⣿⠀⠀⠀⠀⠀⣿⡇⣶⣶⣶⢸⣿⠀⠀⠀⠀⠀⣿⡇
⣿⢸⣿⠀⠀⠀⠀⠀⣿⡇⣿⣿⣿⢸⣿⠀⠀⠀⠀⠀⣿⡇
⠿⢸⣿⠀⠀⠀⠀⠀⣿⡇⠿⠿⠿⢸⣿⠀⠀⠀⠀⠀⣿⡇
⢸⣿⠉⠀⠀⠀⠀⠀⠉⠉⠉⠉⠉⠉⠉⠀⠀⠀⠀⢀⣿⡇
⠸⠿⠤⠤⠤⠤⠤⠤⠤⠤⠤⠤⠤⠤⠤⠤⠤⠴⢞⣫⣵⣶
⢰⣶⡶⠶⠶⠶⠶⠶⠶⠶⠶⠶⠶⠶⠶⠶⠶⠶⠶⠶⠶⠶⢶⣬⣙⠻⢿⣿
⢸⣿⡇⠀⠀⠀⠀⠀⠀⠀⠀⠀⠀⠀⠀⠀⠀⠀⠀⠀⠀⠀⠀⠈⠙⢻⣷⠈
⣐⠛⣿⣶⠀⠀⠀⠀⠀⠀⣶⣶⠖⣒⣒⣒⡒⢶⣶⠀⠀⠀⠀⠀⠀⢸⣿
⣿⡇⣿⣿⠀⠀⠀⠀⠀⠀⣿⣿⠀⣿⣿⣿⡇⢸⣿⠀⠀⠀⠀⠀⠀⢸⣿
⣿⡇⣿⣿⠀⠀⠀⠀⠀⠀⣿⣿⠀⣿⣿⣿⡇⢸⣿⠀⠀⠀⠀⠀⠀⢸⣿
⣿⡇⣿⣿⠀⠀⠀⠀⠀⠀⣿⣿⠀⣿⣿⣿⡇⢸⣿⠀⠀⠀⠀⠀⠀⢸⣿
⠩⣤⣿⠿⠀⠀⠀⠀⠀⠀⠿⠿⠦⠭⠭⠭⠥⠾⠿⠀⠀⠀⠀⠀⠀⢸⣿
⢸⣿⡇⠀⠀⠀⠀⠀⠀⠀⠀⠀⠀⠀⠀⠀⠀⠀⠀⠀⠀⠀⠀⢀⣠⣼⡿⢀
⠸⠿⠷⠶⠶⠶⠶⠶⠶⠶⠶⠶⠶⠶⠶⠶⠶⠶⠶⠶⠶⠶⠾⢛⣩⣴⣾⣿
⠙⣿⡒⢶⣦⣤⣀⣤⣤⣀
⢀⡾⢷⣶⡥⠯⠶⣤⡬⣉⡏⠓⣦
⠘⣷⠋⠁⠀⠉⣭⣿⣿⣯⣀⣑⣞⠽
⠀⠙⠛⠉⠉⠓⠦⣝⣻⣻⣷⠎
⠛⢲⣶⠶⢶⣤⣤⣄⣀⠀⢠⣀⣀⡀
⠀⠈⢻⣇⠀⠈⡿⠹⠿⠟⠓⠛⠛⠿⢿⣶⠤⣄⣀
⠀⣸⡿⠛⢿⣷⡖⠒⠛⠲⠻⣤⢭⠤⢤⣠⡍⠀⠨⢷⡄
⠸⠿⣶⠞⠉⠀⠀⠈⠉⠉⣉⣛⣿⣿⣟⠀⠀⠐⢶⡶⢞⡷
⠀⠈⣿⣆⣠⣤⣤⣄⣀⠈⠻⣿⣿⣿⣿⣽⠝⢋⠻⠕⠋
⠀⠀⠈⠉⠀⠀⠀⠀⠈⠙⠓⢦⣍⣛⣉⣛⡿⠏
⠛⠶⣶⣶⣦⣤⣤⣄⣀⡀⠀⠀⠀⣀
⠀⠀⢻⣷⡂⠈⠉⢿⡯⢻⣿⣷⡦⣬⣽⣿⣿⣶⡦⣄
⠀⠀⣠⣿⠷⣄⣀⠘⠋⠈⢉⡉⢁⣀⠀⢀⣉⠉⠛⠺⢭⡛⠲⢤⣄
⠀⢈⣽⠟⠫⠵⣒⣚⠫⠍⠉⠙⠊⠛⢶⡲⠖⠲⠦⣴⡆⠀⠀⠀⠾⣗⡀
⠰⠿⢷⣶⡾⠋⠁⠀⠀⠉⠩⠭⠭⠭⠭⠭⣽⢷⣛⠂⠈⠀⠦⢤⣤⡤⠟⣷
⠀⠀⢼⣿⠀⠀⠀⠀⠀⠀⠈⠉⢼⣿⣿⣿⣿⣿⣶⢶⠖⣲⠶⢶⠗⣲⠞⠁
⠀⠀⠘⢿⡷⠶⠚⠛⠒⠶⠦⣤⣀⠈⠻⢿⣿⣿⡿⢾⣭⡥⣤⠈⠉
⠀⠀⠀⠀⠀⠀⠀⠀⠀⠀⠀⠀⠈⠙⠲⣤⣈⣉⣀⣉⣩⠟⠁
⠈⠙⠻⣿⣯⣵⢻⣿⣿⠛⠛⢿⣿⣦
⠀⠀⠀⠀⠙⠑⢻⣿⣿⣤⣤⣾⣿⠟
⠈⠻⢿⠿⠿⠿⠿⠟⢫⢴⣿⣿⣿⣿⣿⣿⣿⣿⣿⣷⣦⡄
⠀⠀⠀⠐⠶⠶⠶⠶⠶⠆⠾⠿⠿⠿⠄⠀⠀⠸⠿⠿⠿⠿
⠀⠀⠀⠀⠀⠀⠓⠶⢂⣴⣿⣿⣿⣿⠂⠀⠀⢰⣿⣿⣿⣿
⠀⠀⠀⠀⠀⠀⠀⠀⠀⠀⣾⣿⣿⣿⣿⣿⣿⣿⣿⡿⠟⠃
⠈⠻⢿⣿⣿⣿⣿⣿⣿⡿⠛⣡⣾⣿⣿⣿⣿⣿⣿⣿⣿⣿⣿⣿⣷⣶⣤
⠀⠀⠀⠀⠠⣤⣤⣤⣤⣤⣤⣤⠀⣴⣿⣿⣿⣿⠁⠀⠀⠈⢹⣿⣿⣿⣿⣧
⠀⠀⠀⠀⠀⠈⠉⢉⣉⣉⣉⠉⢀⣉⣉⣉⣉⣉⠀⠀⠀⠀⢈⣉⣉⣉⣉⣉
⠀⠀⠀⠀⠀⠀⠀⠀⠉⠛⠁⠒⠛⢛⣿⣿⣿⣿⡀⠀⠀⢀⣸⣿⣿⣿⣿⡟
⠀⠀⠀⠀⠀⠀⠀⠀⠀⠀⠀⠀⠀⣿⣿⣿⣿⣿⣿⣿⣿⣿⣿⣿⡿⠿⠛
⣖⣖⣏⣿⣏⣿⣿⣽⣿⣿⣯⣿⡶⣶
⠁⠀⢠⢞⡥⣍⡋⢛⣭⣯⢣⡀
⠀⠀⠈⠓⠛⢾⣤⣼⡷⠛⠋
⣤⢴⡖⢶⠲⣾⣿⠉⣏⡹⢩⠙⣿⢹⡏⢹⡏⣶⠖⢶⡦⣤
⣿⠼⠧⠾⠞⣿⡝⢒⣿⣓⣛⣓⣻⣶⣳⡾⡗⠲⠾⠮⠥⠇
⠀⠀⠀⠀⣠⠞⣡⣥⣀⡘⠃⠘⣀⣠⣭⣜⠣⡀
⠀⠀⠀⠀⢳⣌⡻⣄⣩⡟⠀⠈⣿⣉⣴⣋⣴⠟
⠀⠀⠀⠀⠀⠈⠉⠙⠻⣅⣲⣖⡿⠟⠉⠉
⣤⠤⣤⠶⢶⠒⣶⣯⣿⠉⣿⢉⡿⢩⡙⣿⡏⢹⡏⢹⣿⠒⣶⠖⢶⣤⠤⣤
⣹⠀⣿⣃⣿⣠⣿⣿⠻⢤⣿⡿⠥⠾⠧⠼⣷⣼⢧⣼⣿⣤⣍⣼⣆⣛⢸⡏
⠉⠉⠉⠀⠀⠀⢘⡾⠣⠞⠛⠋⢻⠋⢹⡏⠙⢛⠻⠣⣾⠀⠀⠀⠀⠉⠉
⠀⠀⠀⠀⠀⣴⠋⢴⣿⠛⠶⢤⡄⠀⠀⣤⠼⠾⢛⣷⡌⢙⣆
⠀⠀⠀⠀⠀⠙⠷⣤⣙⣦⣄⣺⠄⠀⠀⢸⣗⣤⣞⣫⡴⠟⠁
⠀⠀⠀⠀⠀⠀⠀⠀⠀⠉⠛⠶⣭⣿⣿⣽⠿⠋⠉
⣔⢴⡖⠄⠀⢩⣍⣁⣨⡠⣀⣒⡄
⢠⣾⡥⠀⠃⠼⠋⠁⠀⣉⡭⣽⢭⣢
⠹⣿⣷⡀⠀⢒⣋⣥⣾⣥⣤⣤⡾⠟
⠀⠀⠉⠙⠛⠛⢿⢉⣟⡼⠉
⢀⠤⣲⣶⣔⡒⠒⠂⠩⠭⠭⠍⠉⠉⠑⣒⠂⢶⣦⡀
⢳⠞⢻⡯⠀⠁⢀⠀⠸⣟⣶⣦⠤⠟⢒⣒⣾⣶⣶⣾
⠀⣴⣿⢁⡄⠀⠜⠃⣠⠞⠉⠀⠀⠉⠉⠉⣀⣭⣤⣌⡳⣄
⢸⣿⣿⣿⠀⠀⠀⠀⠀⢀⣠⠔⠀⢀⣴⠟⠉⠒⠒⢸⣷⢹
⠘⢿⣿⣿⣇⠀⠀⠘⠛⠉⢀⣠⣶⣿⣵⣦⣤⣶⣶⣿⡷⠋
⠀⠀⠙⠻⠿⣿⣶⣶⣿⣿⣿⠿⠿⡷⢹⡿⠟⠉⠉⠁
⠀⠀⠀⠀⠀⠀⠀⠈⠉⠉⢟⣁⣈⣡⠥⠋
⠀⣠⠤⢒⣲⣒⠒⠤⠒⠒⢚⠭⠭⠭⡉⠋⠉⠉⠒⠒⠒⢒⣶⣦
⣾⢡⡾⣿⣟⡉⠑⠀⠀⠀⢠⣤⣤⣄⣀⣀⣀⣦⣤⠭⠤⠤⣌⣉⣹⡆
⠈⠋⢀⣿⠏⠀⠀⠀⣦⡀⠀⠻⣶⡿⠟⠋⢉⡠⠤⠶⠟⠻⠿⠛⠺⣇
⠀⣴⣿⣯⢠⡆⠀⠰⠋⠀⡠⠞⠁⠀⠀⠀⠀⠀⠀⢀⣠⣤⡶⠷⣶⣤⠙⣆
⢸⣿⣿⣿⣿⠀⠀⠀⠀⠀⠀⠀⢀⣠⠴⠂⠀⣀⣴⠟⠉⠐⠒⠓⠂⣿⡇⣿
⠘⣿⣿⣿⣿⣇⠀⠀⠀⠰⠶⠞⠋⠁⠀⣠⣾⣟⣣⣤⣀⣀⣤⣤⣾⣿⣧⠏
⠀⠈⠻⢿⣿⣿⣦⣤⣀⣠⣤⣤⣴⣶⣿⣿⣿⡛⢿⣿⣿⣿⠟⠿⠟⠋⠁
⠀⠀⠀⠀⠉⠙⠛⠿⠿⢿⣿⣿⣿⣿⡉⠉⣹⢏⡸⢿⠋⠁
⠀⠀⠀⠀⠀⠀⠀⠀⠀⠀⠀⠀⠸⣯⣁⣤⣭⡤⠴⠋
⠀⠀⠀⠀⠀⠀⠀⠀⠀⠀⡀
⠀⠀⠀⠀⠀⠀⠀⣀⠀⠀⢀⣘⡀
⠀⠀⠀⠀⢀⠀⠻⠯⠀⠀⠿⠯⢿⣦
⠀⠀⠀⠀⠈⠛⠶⠄
⠀⠀⠀⠀⠀⠀⠀⠀⠀⠀⠀⠀⠀⠀⠀⠐⠢⠀⢄
⠀⠀⠀⠀⠀⠀⠀⠀⠀⠀⢀⣀⡀⠀⠀⠀⣀⣈⣀⣆
⠀⠀⠀⠀⠀⠀⠀⠀⠀⠸⣿⣿⡀⠀⠀⠸⣿⣿⣍⣿⣷⡄
⠀⠀⠀⠀⠀⠀⠀⠢⣄⣀⠀⠀⠉⠁⠀⠀⠀⠉⠉⠉⠛⠇
⠀⠀⠀⠀⠀⠀⠀⠀⠈⠙⠳⠤
⠀⠀⠀⠀⠀⠀⠀⠐
⠀⠀⠀⠀⠀⠀⠀⠀⠀⠀⠀⠀⠀⠀⠀⠀⠀⠀⠀⠀⠦⡀⠀⡀
⠀⠀⠀⠀⠀⠀⠀⠀⠀⠀⠀⠀⠀⠀⠀⠀⠀⠀⠀⠀⠀⠀⠀⠈⢆
⠀⠀⠀⠀⠀⠀⠀⠀⠀⠀⠀⠀⣠⣴⣶⡖⠀⠀⠀⢀⣴⣾⣿⠶⣾⣦⡀
⠀⠀⠀⠀⠀⠀⠀⠀⠀⠀⠀⠀⠙⠿⠿⠧⣄⠀⠀⠈⠻⠿⠿⣶⣷⣿⣿⡄
⠀⠀⠀⠀⠀⠀⠀⠀⠀⠙⢶⣤⣤⠀⠀⠀⠀⠀⠀⠀⠀⠀⠀⠀⠀⠀⠙⠃
⠀⠀⠀⠀⠀⠀⠀⠀⠀⠀⠀⠈⠙⠓⠦
⠀⠀⠀⠀⢠⣐⣄⣶⣿⣷⣶⣄
⠀⣀⢠⣮⣾⣿⣿⣿⡋⢻⣽⣟⡄
⠓⠓⠯⠿⢿⣿⣶⣦⠽⣶⣷⣦⠬⠷
⠀⠀⠀⠀⠀⠀⠀⣀⠠⢢⡔⣢⣶⣾⣶⣶⣤⣄⢄
⠀⠀⠀⠀⠀⡴⣠⣷⣿⢟⣿⣿⣿⠿⣿⣛⢿⣿⡇⣣
⣀⠀⣖⣒⣿⣷⣿⣿⣿⡷⠿⠿⠷⣄⣀⢻⡟⠻⠷⢧⣀⡀
⠉⠓⠛⠻⠽⠿⠿⢿⣻⣿⣷⣶⠦⠭⢿⣷⣿⣶⣶⠶⠾⠟
⠀⠀⠀⠀⠀⠀⠀⠀⠀⠀⣀⡴⣢⠐⢒⣬⣶⣶⣶⣦⣤⣀⠠⡀
⠀⠀⠀⠀⠀⠀⠀⡠⢄⣫⣴⣶⡿⠷⣿⠿⢿⣿⣿⣿⣿⣿⣿⣎⢢
⠀⠀⠀⣀⣀⣀⣚⣑⣽⣿⣿⢿⡸⣿⣿⣿⡃⠈⠙⢷⣬⣙⡿⡏⡼⠁
⣤⡀⠚⣥⣤⣶⣿⣿⣿⣷⣻⣯⣉⠉⠉⠉⠙⣒⡀⠈⠟⠉⠓⠁⠙⠲⣤⣄
⠀⠉⠉⠉⠓⠦⠭⠽⠯⠭⣝⣛⣛⣛⣿⠥⠴⠶⠭⢿⣿⣿⣿⡿⠟⠓⠚⠚
⠻⢂⠀⠀⠠⢀⣄⣠⡄⠄⠀⠀⡐⠟
⠀⠀⠉⣩⣴⣿⣿⣿⣿⣦⣉⠉
⠀⠀⠀⠉⣉⣻⣿⡿⠋⠉⠉
⢿⠲⠤⡀⠀⠀⠀⢀⣀⡀⠀⠀⢀⣀⡀⠀⠀⠀⢀⠤⠖⡻
⠀⠙⠒⠦⣤⣀⣈⠉⢰⣿⣿⣿⣿⣦⠉⣁⣀⣤⠴⠒⠋
⠀⠀⠀⠀⠀⢀⣬⣭⣿⣿⣿⣿⣿⣿⣭⣅⡐⠀⠁
⠀⠀⠀⠀⠘⠿⠿⠟⢻⣿⣿⣿⣿⡟⠿⠿⠿⠁
⠀⠀⠀⠀⠀⠠⢀⣀⣻⣿⡿⠿⠛
⣿⠲⢤⣀⠀⠀⠀⠀⠀⠀⠀⠀⠀⠀⠀⠀⠀⠀⠀⠀⠀⠀⠀⠀⣀⡤⠖⣿
⠈⠓⠦⢤⣀⡀⠀⠀⠐⠚⢩⣬⣷⣶⣶⣾⣧⡍⠓⠂⠀⠀⢀⣀⡤⠶⠚⠁
⠀⠀⠀⠐⠪⠍⢛⣓⠒⠲⢼⣿⣿⣿⣿⣿⣿⡷⠖⢒⣚⡛⠩⠕⠂
⠀⠀⠀⠀⠀⢠⣤⣶⣾⣿⣿⣿⣿⣿⣿⣿⣿⣿⣿⣷⣦⣤
⠀⠀⠀⠀⠀⠀⠙⠛⠛⠉⢹⣿⣿⣿⣿⣿⣿⠉⠙⠛⠛⠃
⠀⠀⠀⠀⠀⠀⠀⠤⣄⣀⣸⣿⣿⠿⠿⠛⠁
⣠⣶⣿⡿⣿⣿⣶⣦⣄
⠻⢿⣧⣈⡷⠝⠙⢻⡛⠋⢿⣿⣶⣄
⠀⡔⠋⠀⠈⢇⡐⠛⣙⠂⢰⣿⣭⡄
⠀⠣⠄⢀⡔⠢⣟⣦⣩⠿⠞
⠀⣠⣴⣶⣿⣿⣿⣿⣿⣶⣶⣤⣄
⣾⣿⣿⡿⠛⠉⡝⠻⠿⢿⣿⣿⣿⣿⣤⣄⣀⣤⣤⣀
⠈⠻⠿⣿⣦⣤⣽⠲⠏⠁⠈⢋⣍⠉⠁⠀⢿⣿⣿⣿⣿⣦
⠀⠀⡠⠚⠁⠀⠀⠙⡆⢀⠤⠬⠟⠳⠤⠀⢤⣿⣟⠋⠉
⠀⢸⠁⠀⠀⠀⠀⠀⢑⣲⣦⠌⠰⣦⡤⣄⢸⡛⠛⠋⠉⠁
⠀⠀⠑⠤⢄⣀⣖⠉⠉⢾⣉⣓⣂⡤⠞⠚⠛⠁
⠀⠀⣠⣴⣶⣾⣿⣿⣿⣿⣿⣷⣦⣤⣄⣀
⣠⣾⣿⣿⣿⣿⠿⠟⣻⣿⢿⣿⣿⣿⣿⣿⣗⣆
⢿⣿⣿⣿⣿⠁⠀⠸⣇⠨⢍⣛⡛⢿⣿⣿⣿⣯⣗⠒⢶⣶⣶⣶⣶⣤⡀
⠀⠙⠻⠿⣿⣷⣦⣤⣾⠛⠒⠀⠀⠀⠁⢤⡀⠀⠀⠀⠸⣿⣿⣿⣿⣿⣿⡦
⠀⠀⠀⣠⠞⠉⠀⠀⠀⠛⡆⠀⠀⣀⡬⡛⠟⣣⣠⠀⢀⣨⣿⡿⠟⠛⠁
⠀⠀⡞⠁⠀⠀⠀⠀⠀⠀⠣⢄⣉⣄⠠⠁⣠⣀⠀⠀⠀⣿⢿⣿⡶⠶⠶⠂
⠀⠀⢧⠀⠀⠀⠀⠀⠀⣀⣠⠤⢼⢾⡃⠀⠙⠛⢏⠲⢤⣹
⠀⠀⠀⠙⠢⠤⢄⣐⣏⠈⠀⠰⢏⣀⣉⣑⣒⠶⠚⠛⠋⠁
⠀⠀⠀⠀⢀⣤⣾⣦⡀
⣰⣿⣷⣶⡿⢋⣷⣏⠻⣷⣿⣿⡇
⢹⣿⣿⣿⣧⣼⣥⣭⣤⣿⣿⣿⣿
⠀⠀⠀⠀⠀⠀⠀⠀⣠⣴⣿⣦⣀
⢀⣤⣤⣤⣄⣤⣴⣾⡿⢿⣭⡿⢿⣷⣦⣤⣤⣤⣤⡤
⣤⣿⣿⣿⣿⣿⣿⡏⢠⣿⠿⣿⡄⢹⣿⣿⣿⣿⣿⣿⡀
⢨⣿⣿⣿⣿⣿⣿⣶⣶⣶⣶⣶⣶⣶⣿⣿⣿⣿⣿⣿⡏
⠀⠀⠀⠀⠀⠀⠀⠀⠀⠀⠀⣠⣴⣷⣦⣀
⠀⠀⣀⣀⣀⡀⠀⠀⣠⣴⣿⣿⡿⠛⢿⣿⣷⣤⡀⠀⢀⣀⣀⣀⣀
⠀⢻⣿⣿⣿⣿⣿⣿⣿⡿⠛⢡⣿⣿⣷⡉⠻⣿⣿⣿⣿⣿⣿⣿⣿⡄
⢾⣿⣿⣿⣿⣿⡿⣿⣿⠃⠠⠿⠿⠛⠿⠷⠀⢸⣿⣿⣿⣿⣿⣿⣿⣥⡄
⠠⣿⣿⣿⣿⣿⣷⣿⣶⣾⣷⣶⣶⣿⣶⣶⣿⣷⣶⣷⣿⣿⣿⣿⣿⣿⠄⢀
⣏⠉⠉⠉⠉⠉⠉⠉⠉⠉⠉⣱⣦⣄
⠀⠈⡇⠀⠀⣿⠀⠀⠀⠈⣿⣿⣿⣿
⠀⢀⡇⠀⢀⣿⠀⠀⠀⢀⣿⣿⣿⣿
⣏⣠⣴⣾⣿⣿⣿⣿⣿⣿⣿⡿⠟⠋
⣿⠉⠉⠉⠉⠉⠉⠉⠉⠉⠉⠉⠉⠉⠉⠉⠉⠓⢦⣄⡀
⠿⠶⠶⣶⠂⠀⠀⠀⣴⠶⠶⠶⠶⠶⠶⢦⣴⣾⣿⣿⣿⣷
⠀⠀⠀⣿⠀⠀⠀⠀⣿⡇⠀⠀⠀⠀⠀⢸⣿⣿⣿⣿⣿⣿
⠀⠀⠀⣿⠀⠀⠀⠀⣿⡇⠀⠀⠀⠀⠀⢸⣿⣿⣿⣿⣿⣿
⣶⠶⠶⠿⢄⣠⣴⣾⣿⣶⣶⣶⣶⣶⣶⣾⣿⣿⣿⣿⣿⡿
⣿⣠⣴⣾⣿⣿⣿⣿⣿⣿⣿⣿⣿⣿⣿⣿⣿⡿⠟⠋⠁
⣿⡏⠛⠛⠛⠛⠛⠛⠛⠛⠛⠛⠛⠛⠛⠛⠛⠛⠛⠛⠛⠛⠷⣤⣀
⣿⣇⣀⣀⣀⣀⠀⠀⠀⠀⢀⣀⣀⣀⣀⣀⣀⣀⣀⡀⠀⣀⣤⣾⣿⣿⣶⣤
⠉⠉⠉⢹⣿⠁⠀⠀⠀⠀⢸⣿⠉⠉⠉⠉⠉⠉⠉⠙⣿⣿⣿⣿⣿⣿⣿⣿
⠀⠀⠀⢸⣿⠀⠀⠀⠀⠀⢸⣿⠀⠀⠀⠀⠀⠀⠀⠀⣿⣿⣿⣿⣿⣿⣿⣿
⠀⠀⠀⢸⣿⠀⠀⠀⠀⠀⢸⣿⠀⠀⠀⠀⠀⠀⠀⠀⣿⣿⣿⣿⣿⣿⣿⣿
⣀⣀⣀⣸⣿⡀⠀⠀⣀⣤⣾⣿⣀⣀⣀⣀⣀⣀⣀⣠⣿⣿⣿⣿⣿⣿⣿⣿
⣿⡏⠉⠉⢉⣭⣶⣿⣿⣿⣿⣿⣿⣿⣿⣿⣿⣿⣿⣿⣿⣿⣿⣿⣿⣿⠿⠛
⣿⣧⣴⣾⣿⣿⣿⣿⣿⣿⣿⣿⣿⣿⣿⣿⣿⣿⣿⣿⣿⣿⡿⠛⠉
⢠⣾⣿⣿⣿⣿⣿⣤⡄⣠⣤⡤⠄
⠙⠛⠛⠛⠛⢻⣿⣿⣽⠟⠋
⠀⢠⢔⣾⣿⡿⣿⣿⣿⣿⢹⠂
⢠⡏⣾⣿⡿⣴⢿⣿⣿⡟⣽⣿⢩⡏⣠⢏⡿⣫⠝⠋⠁
⠸⣜⣿⣿⣷⣿⣚⣿⣿⣸⣿⣿⡇⣫⡴⣫⠞⠁
⠀⠀⠀⠀⠀⠀⠀⠀⠘⣇⣿⣿⣿⡫⠞⠁
⠀⠀⡤⢖⣾⣿⣿⢿⣿⣿⣿⣿⡿⢹⠂
⢀⡾⣱⣿⣿⣿⢣⡾⢿⣿⣿⣿⢏⣽⣿⡏⣽⢁⣠⢟⣽⠿⣫⠽⠛⠉
⠸⢧⣻⣿⣿⣷⣿⣷⣻⣿⣿⣇⣾⣿⣿⣷⠘⣫⡶⣛⠵⠋
⠀⠀⠀⠀⠀⠀⠀⠀⠀⠀⠀⢻⣘⣿⣿⣿⣟⡽⠚⠁
⠀⠀⠀⠀⠀⣰⣿⣿⣿⡿⣿⣿⣷⡦
⣠⣴⠞⠙⣻⣿⣿⣿⡟⣰⣿⣿⣿⠃
⠻⠿⣷⣶⣿⣿⣿⣿⣷⣿⠿⠿⠃
⠀⠀⠀⠀⠀⠀⠀⠀⢠⣿⣿⣿⣿⣿⣿⣿⣿⣿⣿⣶⣦⣤
⠀⢀⣀⣀⣲⢶⣶⣶⣿⣿⣿⣿⣿⣿⠃⣼⣿⣿⣿⣿⣿⠃
⣾⣿⣿⣍⡀⠀⣡⣿⣿⣿⣿⣿⣿⢃⣼⣿⣿⣿⣿⣿⠃
⠈⠻⠿⣿⣿⣿⣿⣿⣿⣿⣿⣿⣿⣿⣿⡿⠿⠿⠛⠃
⠀⠀⠀⠀⠀⠀⠀⠀⠀⠀⠀⣰⢯⣿⣿⣿⣿⣿⣿⣿⣿⣿⣿⣿⣶⣤⣄⡀
⠀⠀⠀⠀⠀⠀⠀⠀⠀⠀⣰⢯⣿⣿⣿⣿⣿⢯⡿⠻⣿⣻⣿⣿⣿⣿⢳⠏
⠀⠀⣀⣤⢤⣭⠿⢭⣿⢿⣿⣿⣿⣿⣿⣿⢏⡟⠀⣸⢳⣿⣿⣿⣿⢯⡟
⣴⣻⣿⣽⠋⠀⠀⠈⢠⣟⣾⣿⣿⣿⣿⣟⡾⠁⣰⢯⣿⣿⣿⣿⣏⡿
⢻⣽⣿⣿⣷⣶⣶⣦⣟⣾⣿⣿⣿⣿⣟⣾⣷⣶⣯⣿⣿⣿⣿⣟⣾⠁
⠀⠉⠛⠿⢿⣿⣿⣿⣿⣿⣿⣿⣿⣿⣿⣿⣿⣿⣿⠿⠿⠛⠛⠉⠁
⠀⢀⡠⢤⡶⠾⠛⢉⣉⣑⣦⣄
⣰⢯⠀⠀⠁⠠⢴⣦⣼⣮⣭⣞⣀
⢷⠀⢳⣦⡤⢴⣿⢫⣿⢯⢿⣹⣿⢱
⠾⢄⠽⠂⢚⣿⣵⣿⣯⣿⠿⠿⠛⠁
⠀⠀⠀⠀⣀⣠⣤⣤⣴⣚⠯⠉⠉⠛⠛⢦⠤⡀
⠀⢀⡴⠋⠁⠚⠻⠀⠀⠀⢀⠐⠚⠿⢛⡩⢽⡻⣶
⣰⠏⢶⠀⠀⠀⠀⠀⠔⠚⢾⣷⣶⣯⣵⣶⣶⣾⣥⣀⡀
⢿⠀⠀⢲⣶⣂⣀⣀⣰⣮⣹⠚⣫⣭⣽⢏⠽⡝⣿⣷⣎⢣
⠸⡇⠀⢠⠟⠛⠉⣉⡤⢲⢟⣴⣿⡿⣡⡯⣞⣵⣿⠿⡣⠏
⠛⠦⠤⠤⠟⠉⠉⣡⣋⣷⣾⣿⣿⣶⣶⣿⠿⠽⠒⠉
⠀⠀⠀⠀⠀⠀⠀⣀⣀⣠⣤⠶⠒⣋⠍⠓⠒⠺⠽⢦⣀⡀
⠀⠀⠀⣠⡴⠚⢉⠽⡟⠉⠉⠉⠉⠀⢀⣀⣶⣢⡤⠴⠶⢬⣷⣄
⠀⣠⡞⠁⠀⠀⠀⠀⠉⠀⠀⠀⠀⢠⡀⠀⠀⣃⡤⠖⠋⠣⣬⡿
⣰⠟⠐⢇⠀⠀⠀⠀⠀⠀⠐⠊⠭⢭⣭⡭⠭⢔⣒⣒⣒⣚⣛⡤⠤⣀
⣿⠀⠀⠀⢢⣤⠤⠄⠀⠀⠠⣴⣚⠭⠶⠚⣋⣭⣭⡍⣩⢍⠻⣿⣿⣦⡙⣦
⠘⣧⠀⠀⠈⢻⣿⠿⠿⠛⠛⢉⣩⡽⢂⣾⣿⣿⠏⡴⢃⡼⢃⣿⣿⣿⢃⡿
⣀⡷⠀⠀⠺⣍⣀⣀⣀⡴⢚⣩⠞⣡⣿⣿⡿⠃⠞⣓⣭⣶⣿⠿⣋⠵⠋
⠉⠓⠲⠦⠖⠋⠀⠀⠀⣴⣋⣐⣚⣛⣛⣛⣛⣛⣛⡫⠭⠕⠒⠉⠁
⠈⣿⣿⡏⠀⠀⢻⣿⡟⠛⣻⣿⢷⣆
⠀⢿⣿⣇⡀⢀⣼⣿⣧⣈⣻⡯⠼⠋
⠈⢹⣿⣿⣿⡟⠁⠀⠈⠙⣿⣿⣿⡗⠺⠿⢿⣿⣿⣶⣦⡀
⠀⢸⣿⣿⣿⡇⠀⠀⠀⠀⣿⣿⣿⡇⠀⢖⣿⣿⡏⢹⣿⣿
⠀⠘⠿⣿⣿⣧⣄⣀⣀⣠⣿⣿⣿⣧⣤⣬⣴⡿⠧⠻⠟⠁
⠉⠛⣿⣿⣿⣿⣿⠛⠉⠀⠈⠙⢻⣿⣿⣿⣿⡗⢾⣿⣿⣿⣿⣿⣶⣦⣄
⠀⠀⣿⣿⣿⣿⣿⠀⠀⠀⠀⠀⢸⣿⣿⣿⣿⡇⠀⢀⡭⣽⣿⡿⠿⣿⣿⣧
⠀⠀⣿⣿⣿⣿⣿⠀⠀⠀⠀⠀⢸⣿⣿⣿⣿⡇⠀⢡⠾⢿⣿⡏⢠⣿⣿⠟
⠀⠀⠙⠿⣿⣿⣿⣦⣤⡤⣄⣠⣼⣿⣿⣿⣿⣧⣤⣴⣶⡿⠿⠷⠚⠟⠁
⣷⡄⠀⠀⠀⠀⣴⣾⣦⠀⠀⠀⠀⠉
⣿⡇⠀⠀⠀⠀⣿⣿⣿
⡿⠃⠀⠀⠀⠀⠻⢿⠟⠀⠀⠀⠀⢀
⣷⣄⠀⠀⠀⠀⠀⠀⠀⠀⣠⣶⣦⡀⠀⠀⠀⠀⠀⠀⠉⠙
⣿⣿⡇⠀⠀⠀⠀⠀⠀⢸⣿⣿⣿⣿⡆
⣿⣿⡇⠀⠀⠀⠀⠀⠀⢸⣿⣿⣿⣿⡇
⣿⣿⡇⠀⠀⠀⠀⠀⠀⢸⣿⣿⣿⣿⠇
⡿⠋⠀⠀⠀⠀⠀⠀⠀⠀⠙⢿⠟⠁⠀⠀⠀⠀⠀⠀⢀⣠
⣷⣄⠀⠀⠀⠀⠀⠀⠀⠀⠀⠀⠀⣀⣴⣶⣄⠀⠀⠀⠀⠀⠀⠀⠀⠈⠉⠻
⣿⣿⣿⡆⠀⠀⠀⠀⠀⠀⠀⠀⣾⣿⣿⣿⣿⣷
⣿⣿⣿⡇⠀⠀⠀⠀⠀⠀⠀⠀⣿⣿⣿⣿⣿⣿
⣿⣿⣿⡇⠀⠀⠀⠀⠀⠀⠀⠀⣿⣿⣿⣿⣿⣿
⣿⣿⣿⠇⠀⠀⠀⠀⠀⠀⠀⠀⢿⣿⣿⣿⣿⡿
⡿⠋⠀⠀⠀⠀⠀⠀⠀⠀⠀⠀⠀⠙⠻⠿⠋⠀⠀⠀⠀⠀⠀⠀⠀⢀⣀⣴
⠀⠀⣾⣦⣄⡀
⠀⠀⣿⣿⣿⣿⣷⣦⣄⡀
⠀⠀⣿⣿⣿⣿⡿⠿⣿⣿⣷⣦⣀
⠀⠀⣿⣿⣿⣿⡇⠀⠈⢹⣿⣿⣿⣷
⠀⠀⣿⣿⣿⣿⡇⠀⠀⢸⣿⣿⣿⣿
⢀⣤⣿⣿⣿⣿⠃⠀⠀⢸⣿⣿⣿⣿
⠀⠉⠛⠿⣿⣿⣿⣶⣤⣸⣿⣿⡿⠟
⠀⠀⠀⠀⠀⠉⠛⢿⡿⠟⠋⠁
⠀⠀⠀⢸⣶⣤⣀
⠀⠀⠀⢸⣿⣿⣿⣿⣶⣤⣀
⠀⠀⠀⢸⣿⣿⣿⣿⣿⣿⣿⣿⣶⣤⣀
⠀⠀⠀⢸⣿⣿⣿⣿⣿⣿⣿⣿⣿⣿⣿⣿⣶⣤⣀
⠀⠀⠀⢸⣿⣿⣿⣿⣿⣿⡇⠈⠙⠻⢿⣿⣿⣿⣿⣿⣶⣄
⠀⠀⠀⢸⣿⣿⣿⣿⣿⣿⡇⠀⠀⠀⠀⣿⣿⣿⣿⣿⣿⣿
⠀⠀⠀⢸⣿⣿⣿⣿⣿⣿⡇⠀⠀⠀⠀⣿⣿⣿⣿⣿⣿⣿
⠀⠀⠀⢸⣿⣿⣿⣿⣿⣿⡇⠀⠀⠀⠀⣿⣿⣿⣿⣿⣿⣿
⢠⣴⣾⣿⣿⣿⣿⣿⣿⣛⠁⠀⠀⠀⠀⣿⣿⣿⣿⣿⣿⣿
⠀⠈⠙⠻⢿⣿⣿⣿⣿⣿⣿⣶⣤⣀⠀⣿⣿⣿⣿⣿⣿⠿
⠀⠀⠀⠀⠀⠈⠙⠻⢿⣿⣿⣿⣿⣿⣷⣿⣿⡿⠟⠋⠁
⠀⠀⠀⠀⠀⠀⠀⠀⠀⠈⠙⠻⢿⡿⠟⠋⠁
⠀⠀⠀⠀⢸⣶⣤⣀
⠀⠀⠀⠀⢸⣿⣿⣿⣿⣶⣤⣀
⠀⠀⠀⠀⢸⣿⣿⣿⣿⣿⣿⣿⣿⣶⣤⣀
⠀⠀⠀⠀⢸⣿⣿⣿⣿⣿⣿⣿⣿⣿⣿⣿⣿⣶⣤⣀
⠀⠀⠀⠀⢸⣿⣿⣿⣿⣿⣿⣿⣿⣿⣿⣿⣿⣿⣿⣿⣿⣶⣤⣀
⠀⠀⠀⠀⢸⣿⣿⣿⣿⣿⣿⣿⣿⡇⠈⠙⠻⢿⣿⣿⣿⣿⣿⣿⣿⣶⣤⡀
⠀⠀⠀⠀⢸⣿⣿⣿⣿⣿⣿⣿⣿⡇⠀⠀⠀⠀⠈⣿⣿⣿⣿⣿⣿⣿⣿⣿
⠀⠀⠀⠀⢸⣿⣿⣿⣿⣿⣿⣿⣿⡇⠀⠀⠀⠀⠀⣿⣿⣿⣿⣿⣿⣿⣿⣿
⠀⠀⠀⠀⢸⣿⣿⣿⣿⣿⣿⣿⣿⡇⠀⠀⠀⠀⠀⣿⣿⣿⣿⣿⣿⣿⣿⣿
⠀⠀⠀⠀⢸⣿⣿⣿⣿⣿⣿⣿⣿⡇⠀⠀⠀⠀⠀⣿⣿⣿⣿⣿⣿⣿⣿⣿
⢀⣠⣴⣾⣿⣿⣿⣿⣿⣿⣿⡿⠛⠁⠀⠀⠀⠀⠀⣿⣿⣿⣿⣿⣿⣿⣿⣿
⠈⠙⠛⠿⣿⣿⣿⣿⣿⣿⣿⣿⣷⣦⣄⡀⠀⠀⠀⣿⣿⣿⣿⣿⣿⣿⣿⣿
⠀⠀⠀⠀⠀⠉⠛⠿⣿⣿⣿⣿⣿⣿⣿⣿⣷⣦⣄⣿⣿⣿⣿⣿⣿⠿⠛⠁
⠀⠀⠀⠀⠀⠀⠀⠀⠀⠉⠛⠿⣿⣿⣿⣿⣿⣿⣿⣿⣿⠿⠛⠉
⠀⠀⠀⠀⠀⠀⠀⠀⠀⠀⠀⠀⠀⠉⠛⠿⣿⠿⠛⠉
⠀⠀⢠⣶⢦⣤⣿⣷⣶⣄⡀
⠀⣠⣼⣿⣞⡛⣛⣛⠻⣿⣿⣦⣄⡀
⠄⢙⠟⢙⠉⠑⠈⡥⢢⠿⠿⠛⠋⠓
⠄⠈⠀⠀⠀⠂⠀⠀⠉
⠀⠀⠀⠀⣠⣴⣶⣄⣀⣮⣿⣶⣶⣤⣄⡀
⠀⠀⠀⢸⣿⣿⣏⣿⣏⣿⣯⣿⣿⣿⣿⣿⣦⣀
⠀⣠⣴⣿⣿⣿⣯⣍⣩⢝⣛⣭⡍⠿⣿⣿⣿⣿⣿⣶⣤⡀
⢠⠛⡿⣿⡟⠛⡍⠉⠓⠆⠉⢉⡥⣀⣿⣿⣿⡿⠿⠛⠛⡽
⠈⠁⠲⠓⠀⠀⣇⢉⣁⠁⠁⣛⣡⠼⠉⠁⠀⠀⠀⠀⠈⠁
⠂⣅⠀⡠⠀⠀⠀⠀⠀⠀⠀⠀⠀⠀⠀⠀⠀⠠⣄⢀⡡⠂
⠀⠀⠀⠀⠀⢀⣤⣴⣶⣄⠀⡠⣫⣷⣶⣶⣤⣤⣀
⠀⠀⠀⠀⢰⢳⣿⣿⠿⣿⡿⣻⣿⡟⣻⣟⣿⣿⣿⣷⣤⡀
⠀⠀⠀⠀⡸⣸⣿⣿⣴⣿⡷⣿⠿⠷⠾⣿⣿⣿⣿⣿⣿⣿⣦⣄⡀
⠀⢠⢔⣿⣿⣿⣿⣿⣵⣭⣩⠔⣋⣩⣥⣤⠑⠽⣿⣿⣿⣿⣿⣿⣿⣷⣤⡀
⢀⠼⢼⣿⣿⠿⠿⢿⡙⠛⠽⠶⠈⠉⠉⣁⣄⣀⣻⣿⣿⣿⣿⣿⠿⠿⢷⡱
⠘⠥⢈⡭⣛⠭⠥⢼⡇⠦⠶⠰⠰⢆⣶⠿⠈⣿⠟⠛⣛⠉⠩⠤⢀⡀⠼
⠀⣀⠤⠉⠀⠀⠤⠘⠒⠰⠶⠤⠤⠤⠶⠶⠞⠉⡀⠀⠠⠄⠀⠀⠠⢄⡀
⠛⢤⣀⣀⠴⠂⠉⠁⠀⠀⠀⠀⠀⠀⠀⠀⠀⠀⠀⠀⠉⠁⠒⢄⣐⣀⠄⠃
⡿⠟⠋⠉⠀⠀⠀⠀⠀⠈⠉⠙⠻⢿
⡁⠀⠀⠀⠀⠀⠀⠀⠀⠀⠀⠀⠀⢈
⣿⣦⣄⣀⣀⠀⠀⠀⠀⢀⣀⣠⣴⣾
⣿⣿⠿⠛⠋⠉⠉⠁⠀⠀⠀⠀⠀⠀⠈⠉⠉⠙⠛⠿⣿⣿
⠏⠀⠀⠀⠀⠀⠀⠀⠀⠀⠀⠀⠀⠀⠀⠀⠀⠀⠀⠀⠀⠹
⣄⡀⠀⠀⠀⠀⠀⠀⠀⠀⠀⠀⠀⠀⠀⠀⠀⠀⠀⠀⠀⣰
⣿⣿⣶⣤⣤⣀⣀⣀⠀⠀⠀⠀⠀⠀⢀⣀⣀⣤⣤⣶⣿⣿
⣿⣿⣿⡿⠿⠛⠛⠉⠉⠉⠀⠀⠀⠀⠀⠀⠀⠀⠉⠉⠉⠛⠛⠿⢿⣿⣿⣿
⡿⠋⠁⠀⠀⠀⠀⠀⠀⠀⠀⠀⠀⠀⠀⠀⠀⠀⠀⠀⠀⠀⠀⠀⠀⠈⠙⢿
⠀⠀⠀⠀⠀⠀⠀⠀⠀⠀⠀⠀⠀⠀⠀⠀⠀⠀⠀⠀⠀⠀⠀⠀⠀⠀⠀⢈
⣷⣄⡀⠀⠀⠀⠀⠀⠀⠀⠀⠀⠀⠀⠀⠀⠀⠀⠀⠀⠀⠀⠀⠀⠀⢀⣠⣾
⣿⣿⣿⣷⣦⣤⣤⣄⣀⣀⡀⠀⠀⠀⠀⠀⠀⠀⣀⣀⣀⣤⣤⣶⣾⣿⣿⣿
⣿⣿⣿⣿⠿⠏⠠⠄⠹⠿⣿⣿⣿⣿
⠉⠉⡉⠁⠀⠀⢀⡀⠀⠀⠈⢉⠉⠉
⠀⠀⣇⠂⣬⢙⣏⣹⡏⣥⠐⣸
⠀⠀⠉⠀⠙⠀⠀⣄⣀⡋⠀⠉
⠀⠀⠀⠀⠀⠀⠀⠉⠁
⠀⣀⣀⣠⣤⣴⣶⣶⣦⣤⣄⣀⣀
⣿⣿⣿⣿⣿⣿⣿⣿⡟⠉⣤⣤⠉⢻⣿⣿⣿⣿⣿⣿⣿⣿
⣿⣿⣿⣿⣿⠟⠋⠁⢀⣀⣉⣉⣀⡀⠈⠙⠻⣿⣿⣿⣿⣿
⠀⠀⠀⣀⠀⠀⠂⠉⣁⣀⣀⣀⢀⣈⠉⠐⠀⠀⣀
⠀⠀⠀⣿⠀⡧⣄⡉⠹⠯⠯⠽⠽⠏⢉⣠⢼⠀⣿
⠀⠀⠀⣿⣷⠀⢻⣷⠀⠛⠓⠚⠛⠀⣾⡟⠀⣾⣿
⠀⠀⠀⠀⠀⠀⠀⠈⠁⠀⠀⣶⣀⣈⡁
⠀⠀⠀⠀⠀⠀⠀⠀⠀⠀⠀⠉⠉⠉⠁
⠀⠀⠀⠀⠀⠀⠀⠀⠀⠀⢀⡀
⠀⣀⣀⣠⣤⣤⣶⣶⣿⣿⣿⣿⣿⣿⣶⣶⣤⣤⣄⣀⣀
⣿⣿⣿⣿⣿⣿⣿⣿⣿⣿⣿⠋⢉⣠⣄⡉⠙⣿⣿⣿⣿⣿⣿⣿⣿⣿⣿⣿
⣿⣿⣿⣿⣿⣿⣿⡿⠟⠋⠉⠤⠼⠿⠿⠧⠤⠉⠙⠻⢿⣿⣿⣿⣿⣿⣿⣿
⠉⠉⠉⠉⠉⠉⠉⢀⡠⠤⠖⠒⠒⠛⠛⠒⠒⠲⠤⢄⡀⠉⠉⠉⠉⠉⠉⠉
⠀⠀⠀⠀⣶⡆⢀⠁⠀⣠⣤⣤⣤⣴⣦⣤⣤⣤⣄⠀⠈⡀⢠⣶⡄
⠀⠀⠀⠀⣿⠀⠻⠒⣤⣄⠀⠿⣒⡒⢒⣒⠿⠀⢠⣤⠒⠟⠀⣿⡇
⠀⠀⠀⠀⣿⣷⡆⠀⣿⣿⡀⠸⠛⠓⠚⠛⠇⢀⣿⣿⠀⢰⣾⣿⡇
⠀⠀⠀⠀⠀⠀⠀⠀⠀⠉⠃⠀⠀⠀⣤⠄⠀⢘⠉
⠀⠀⠀⠀⠀⠀⠀⠀⠀⠀⠀⠀⠀⠀⠛⠛⠛⠛⠓

⠀⠀⠀⠀⠀⠀⠀⠀⠀⠀⠀⣀⣀⣤⣤⣀⣀
⠀⢀⣀⣠⣤⣤⣶⣶⣾⣿⣿⣿⣿⣿⣿⣿⣿⣿⣿⣷⣶⣶⣤⣤⣄⣀⡀
⠀⠶⣶⣶⣶⡶⠶⠶⠶⠶⢶⣶⡄
⠀⣀⣸⣿⣿⣇⣀⣀⣀⡀⠀⠈⠋
⠀⠉⢹⣿⣿⡏⠉⠉⠁⠀⠀⢀⣀
⠀⠶⠿⠿⠿⠿⠶⠶⠶⠶⠾⠿⠏
⠀⢠⣤⣤⣤⣤⣤⣤⣤⣤⣤⣤⣤⣤⣤⣤⣤⣤⣦
⠀⠀⠈⢹⣿⣿⣿⣿⣿⠉⠉⠉⠉⠉⠉⠉⠉⠻⣿⣷⡀
⠀⠀⣀⣈⣿⣿⣿⣿⣿⣤⣤⣤⣤⣤⣤⠄
⠀⠘⠛⢛⣿⣿⣿⣿⣿⠛⠛⠛⠋⠁
⠀⠀⢀⣸⣿⣿⣿⣿⣿⣀⣀⣀⣀⣀⣀⣀⣀⣤⣾⣿⠏
⠀⠘⠛⠛⠛⠛⠛⠛⠛⠛⠛⠛⠛⠛⠛⠛⠛⠛⠿⠃
⠀⠀⣠⣤⣤⣤⣤⣤⣤⣤⣤⣤⣤⣤⣤⣤⣤⣤⣤⣤⣤⣤⣤⣤
⠀⠈⠉⠉⢻⣿⣿⣿⣿⣿⣿⡏⠛⠛⠛⠛⠛⠛⠛⠛⠛⠻⢿⣿⣷⡀
⠀⠀⠀⠀⠸⠿⠿⠿⠿⠿⠿⠇⠀⠀⠀⠀⠀⠀⠀⠀⠀⠀⠀⠙⠛⠛
⠀⢀⣴⣶⣾⣿⣿⣿⣿⣿⣿⣿⣿⣿⣿⣿⠿⠛⠋⠉
⠀⠀⠀⠀⢰⣶⣶⣶⣶⣶⣶⡆⠀⠀⠀⠀⠀⠀⠀⠀⠀⠀⠀⢀⣀⣀⡀
⠀⠀⣀⣀⣼⣿⣿⣿⣿⣿⣿⣇⣤⣤⣤⣤⣤⣤⣤⣤⣤⣴⣶⣿⣿⠟
⠀⠀⠙⠛⠛⠛⠛⠛⠛⠛⠛⠛⠛⠛⠛⠛⠛⠛⠛⠛⠛⠛⠛⠻⠋
⠀⢀⣠⣴⠶⠚⠛⠛⠓⠲⣦⣄⡀
⢰⣿⡩⠀⠀⠀⠘⠋⠀⠠⠈⢿⣿⡆
⠸⣿⣇⠀⢠⡀⠀⠓⠦⢤⣒⣺⣿⠇
⠀⠈⠙⠻⠿⢿⣧⣤⡼⠷⠟⠋⠁
⠀⠀⠀⠀⣀⣤⣴⣶⠶⠶⠿⠿⠶⠶⢶⣦⣤⣀
⠀⢠⣴⣿⠟⠋⠁⠀⠀⠀⣠⡶⠤⠀⠀⠈⢹⣿⣿⣦⡄
⢰⣿⣿⣡⠞⠁⠀⠀⠀⠀⠉⠁⠀⠀⠐⠒⠀⠙⢿⣿⣿⡆
⠸⣿⣿⣯⠀⠀⠀⡀⠀⠀⠀⠳⣶⣄⣀⠠⠤⠤⣽⣿⣿⠇
⠀⠘⠻⣿⣦⣰⣄⣿⣦⣄⡀⠀⠀⠠⣍⢻⣷⣶⣿⠟⠃
⠀⠀⠀⠀⠉⠛⠻⠿⠿⠿⣷⣶⠾⠾⠿⠟⠛⠉
⠀⠀⠀⠀⠀⢀⣀⣤⣤⣶⣶⣶⣶⣶⣶⣶⣶⣶⣶⣤⣤⣀⡀
⠀⠀⢀⣴⣾⣿⠿⠛⠋⠀⠀⠀⠀⣀⣤⣄⡀⠀⠀⠉⠛⣿⣿⣷⣦⡀
⠀⣴⣿⡿⢋⣠⠔⠀⠀⠀⠀⠀⠠⠿⠋⠀⠀⠀⠠⣤⡈⠙⢿⣿⣿⣿⣦
⢸⣿⣿⣷⡿⠁⠀⠀⠀⠀⠀⠀⠀⠀⣤⢀⠀⠀⠀⠀⠀⠀⠀⢭⣿⣿⣿⡇
⠀⠻⣿⣿⣷⡀⠀⠀⠠⣆⡀⠀⠀⠀⠈⠛⠷⠶⣤⣬⣉⡉⢉⣿⣿⣿⠟
⠀⠀⠈⠻⢿⣿⣦⣽⣦⣿⣿⣶⣤⡀⠀⠀⡀⢱⣦⣸⣿⣿⣿⡿⠟⠁
⠀⠀⠀⠀⠀⠈⠉⠛⠛⠿⠿⠿⠿⠷⠾⠿⠿⠿⠿⠛⠛⠉⠁
⠀⠀⠀⠀⣀⣀⣤
⢀⣀⣀⡀⡩⣽⡁⠻⢈⣽⡷⢿⣿⣄
⠀⠉⠿⠣⠃⠈⠛⠾⠿⣿⢟⣻⠿⠛
⠀⠀⠀⠀⠀⠀⠀⠑⠶⣿⡁
⠀⠀⠀⠀⠀⠀⣴⣶⡶⣛⠋⣠⠔⠦⣤⣤⡀⢤⡤⣄⡀
⠠⣤⣤⣤⣤⡄⢀⡖⣺⣷⠀⠉⠓⣠⣶⣟⣛⠛⡿⣿⣷⡄
⠀⠀⠉⢿⡻⢧⠸⠅⠉⠻⢷⣴⣾⡿⣿⣿⡿⠽⣷⣿⡿⠏
⠀⠀⠀⠀⠀⠀⠀⠀⠀⠀⠠⢭⣉⣁⣹⣿⠴⠛⠋⠁
⠀⠀⠀⠀⠀⠀⠀⠀⠀⠀⠀⠀⠻⠿⠿⣿
⠀⠀⠀⠀⠀⠀⠀⢀⣤⣤⣤⣶⠖⠚⠀⡀⢤⣀⣀⣀⠀⠀⣠⣀⣀
⠀⠀⠀⠀⠀⠀⠀⠘⠉⡩⢩⣶⡋⠈⠿⠧⠀⢀⣩⣯⣿⡶⢶⣮⣹⣿⡄
⠈⠙⠿⢿⡟⣿⣏⠀⣼⠃⠸⢿⣧⣄⠀⣠⣴⣾⣿⣿⣶⡦⢴⣏⣹⣿⣿⡆
⠀⠀⠀⠀⠻⠮⠙⠂⠛⠃⠀⠈⠛⠹⠾⣿⣟⣛⡿⢿⡟⢋⣩⣯⡿⠟⠛⠁
⠀⠀⠀⠀⠀⠀⠀⠀⠀⠀⠀⠀⠀⠐⠦⣤⣤⣤⣽⣿⡞⠋⠉⠁
⠀⠀⠀⠀⠀⠀⠀⠀⠀⠀⠀⠀⠀⠀⠀⠈⠿⠿⠿⢿⡄
⠀⣀⣀⣀⣰⣺⣵⣦⣔⣆⣀⣀⣀
⠸⠥⢿⣥⣽⣭⣯⣿⣬⣯⣭⡧⠭⠇
⠀⠀⠀⠀⠀⠀⠀⣤⢺⣭⣭⣭⣭⠗⣤
⢠⡴⠿⣿⣿⠿⢶⡿⢾⣿⡿⣿⡿⠷⣾⠶⠿⢿⠿⢿⢦⡄
⠘⠛⠲⠿⣷⣾⣶⣿⣷⣾⣷⣿⣷⣾⣿⣶⣷⣿⠶⠓⠚⠃
⠀⠀⠀⠀⠀⠀⠀⠀⠀⣀⠴⣚⣉⣩⣍⣉⣑⠦⣀
⠀⠀⣠⢤⢶⡤⣶⣤⣨⣿⣔⣿⣿⣿⣿⣿⣷⣠⣽⣅⣤⣶⢤⡶⡤⣄
⠈⣿⡋⢉⣽⡿⠋⠍⠻⣯⡉⠻⣿⠉⣿⣿⠉⢩⣿⠍⢙⠉⣿⠉⡙⠋⢹⠁
⠘⠛⠛⠛⠿⢿⣿⣿⣿⣿⣿⣿⣿⣿⣿⣿⣿⣿⣿⣿⣿⣿⡿⠿⠛⠛⠛⠃
⢠⡤⠴⠒⣺⣷⡖⠒⠒⠶⢶⣦⣤⡄
⠈⠳⣤⣘⣿⣿⣧⣤⠈⠓⠲⣹⡟⠁
⠀⠀⠈⠙⠻⠿⣿⣿⠷⠂⠖⠉
⠀⠀⣀⣀⣠⣤⣴⣿⣷⣶⡶⠶⠶⢶⣦⣤⣤⣄⣀⣀
⠸⣿⡍⠁⠀⠀⣾⣿⣿⣿⠉⠀⠀⢄⣈⠙⠛⢿⣿⣿⣿⠇
⠀⠙⢿⣦⣄⡈⢿⣿⢿⣿⣶⣤⣄⠈⠛⠙⠻⡌⢻⡿⠋
⠀⠀⠀⠙⠻⣿⣿⣿⣾⣿⣿⣿⣿⣤⣄⡀⣀⣭⠟⠁
⠀⠀⠀⠀⠀⠀⠉⠙⠛⠿⢿⡿⠿⠛⠓⠒⠋
⠀⠀⠀⠀⢀⣀⣀⣠⣴⣾⣗⢦⣤⠤⠤⢤⣶⣶⣤⣤⣤⣀⣀⡀
⠰⣶⡟⠛⠉⠉⠁⠀⣴⣿⣿⣿⡿⠁⠀⠀⢀⠈⠉⠛⠿⣿⣿⣿⣿⣿⣶⠆
⠀⠹⣿⣦⡀⠀⠀⢾⣿⣿⣿⣿⣧⣀⠀⠀⠀⠹⡷⠶⣦⡄⠹⣿⣿⣿⠏
⠀⠀⠈⠻⣿⣶⣦⣤⣛⣿⣹⣿⣿⣿⣿⣿⠀⠀⠀⠀⠈⠹⣄⣸⡟⠁
⠀⠀⠀⠀⠀⠙⠻⢿⣿⣿⣿⣿⣿⣿⣿⣿⣷⣶⡦⠤⢤⣤⠞⠋
⠀⠀⠀⠀⠀⠀⠀⠀⠈⠉⠛⠛⠿⠿⠿⠿⠛⠛⠉⠉⠉⠁
⢀⠴⢟⠀⠈⠴⠛⠶⠉⠠⠾⠡⠞⠁
⠀⠀⣴⣿⠯⠍⠉⠉⢁⣴⡿⣥⡖⠋⠁⢀⣾⡟⠁⣴⡿⠋
⣀⣚⣛⣓⣒⣒⣀⣀⣛⡋⠀⠙⠛⠀⠀⠛⠛⠒⠚⠋⠁
⠀⠀⢀⣴⣿⠿⠭⠍⠉⠉⠁⣠⣾⢿⣥⣶⠚⠉⠁⢀⣴⣿⠟⠁⣠⣾⡿⠋
⢀⣘⣛⣛⣓⣒⣒⣒⣀⣀⣚⣛⠁⠀⠙⠛⠃⠀⠀⠛⠛⠓⠒⠚⠛⠉
⠿⠿⣿⣿⣿⣿⠿⠿⠿⠿⠿⣿⣿⣿
⠀⠀⣿⣿⣿⣿⣤⣤⣄⡄⠀⠉⠉⠉
⠀⠀⣿⣿⣿⣿⠉⠉⠉⠁⠀⣀⣀⣀
⣶⣶⣿⣿⣿⣿⣶⣶⣶⣶⣶⣿⣿⣿
⣿⣿⣿⣿⣿⣿⣿⣿⣿⣿⣿⣿⣿⣿⣿⣿⣿⣿⣿⣿⣿⣿
⠉⠉⠉⣿⣿⣿⣿⣿⣿⡏⠉⠉⠉⠉⠉⠉⠉⣹⣿⣿⣿⣿
⠀⠀⠀⣿⣿⣿⣿⣿⣿⣇⣀⣀⣀⣀⣀⠀⠀⠈⠉⠉⠉⠉
⠀⠀⠀⣿⣿⣿⣿⣿⣿⣿⣿⣿⣿⣿⣿
⠀⠀⠀⣿⣿⣿⣿⣿⣿⡇⠀⠀⠀⠀⠀⠀⠀⢀⣀⣀⣀⣀
⣀⣀⣀⣿⣿⣿⣿⣿⣿⣇⣀⣀⣀⣀⣀⣀⣀⣹⣿⣿⣿⣿
⣿⣿⣿⣿⣿⣿⣿⣿⣿⣿⣿⣿⣿⣿⣿⣿⣿⣿⣿⣿⣿⣿
⣿⣿⣿⣿⣿⣿⣿⣿⣿⣿⣿⣿⣿⣿⣿⣿⣿⣿⣿⣿⣿⣿⣿⣿⣿⣿⣿⣿
⠉⠉⠉⠙⣿⣿⣿⣿⣿⣿⣿⣿⠉⠉⠉⠉⠉⠉⠉⠉⠉⠉⣿⣿⣿⣿⣿⣿
⠀⠀⠀⠀⣿⣿⣿⣿⣿⣿⣿⣿⠀⠀⠀⠀⠀⠀⠀⠀⠀⠀⠛⠛⠛⠛⠛⠛
⠀⠀⠀⠀⣿⣿⣿⣿⣿⣿⣿⣿⣶⣶⣶⣶⣶⣶⣶⡆
⠀⠀⠀⠀⣿⣿⣿⣿⣿⣿⣿⣿⠛⠛⠛⠛⠛⠛⠛⠃
⠀⠀⠀⠀⣿⣿⣿⣿⣿⣿⣿⣿⠀⠀⠀⠀⠀⠀⠀⠀⠀⠀⣤⣤⣤⣤⣤⣤
⣀⣀⣀⣠⣿⣿⣿⣿⣿⣿⣿⣿⣄⣀⣀⣀⣀⣀⣀⣀⣀⣀⣿⣿⣿⣿⣿⣿
⣿⣿⣿⣿⣿⣿⣿⣿⣿⣿⣿⣿⣿⣿⣿⣿⣿⣿⣿⣿⣿⣿⣿⣿⣿⣿⣿⣿
⠀⣐⠾⠯⠭⡝⠓⢲⣤⣄
⠙⠲⢧⠤⠖⠒⠒⠶⠶⠦⢭⣅⣲⠆
⠀⠀⠰⢶⣒⣒⣛⣛⡛⠳⠦⠤⠤⣀⡀
⢠⡒⣊⣩⠀⠀⠀⣈⠁⠀⠀⠀⢛⡓⠙⠢⠤⢄⣀⡀
⠀⠉⠙⠲⡤⠖⠒⠋⠉⠙⠛⠛⠛⠛⠓⠶⠦⠤⠤⠬⠟⠂
⠀⠀⠀⢤⣤⠶⠶⠒⠚⠛⠛⠳⢶⡤⣄⣀⡀
⠀⣀⣠⠤⠚⠋⠙⠛⠛⠛⠖⠀⠀⠁⠀⢤⣬⣙⠲⣄
⠘⢧⣠⣴⠖⠀⠀⠀⠐⣦⣄⣀⣀⣀⣀⣀⡤⣄⡀⠈⠉⠙⠒⠦⠤⣄⣀
⠀⠀⠀⠉⠓⠶⠖⠛⠉⠉⠀⠀⠉⠉⠉⠉⠉⠛⠛⠛⠒⠶⠦⠤⠤⠾⠋⠁
⣶⣾⣄⡀⠀⠀⠀⠀⠀⠀⠀⠀⣸⣤
⠈⠛⢿⣗⣄⠀⠀⢀⣤⣀⣶⣇⣿⠗
⠀⢀⣠⣿⣷⣢⣶⣽⣿⠻⠟⠉⠁
⠀⢨⠄⡾⠛⠋⠙⢦⠽⠶⠒
⣴⢢⡾⣠⢀⠀⠀⠀⠀⠀⠀⠀⠀⠀⠀⠀⠀⠀⠀⣰⡦⣠
⠈⠺⢷⣿⣿⠯⠄⠀⠀⠀⠀⠀⠀⢀⡀⢀⣤⣴⢠⣿⣿⡏
⠀⠀⠀⠉⠻⣿⣟⣓⡀⠀⡀⢠⣾⣿⣧⣼⣿⡏⠸⠟⠋
⠀⠀⣤⠴⠶⢿⣷⣶⣾⣿⣻⠶⣿⣟⠀⠉⠉
⠀⠀⡤⠤⠴⡾⠛⠉⠓⠈⠙⢷⠦⠽⠟⠛⠋
⣠⡖⣴⡎⢀⡄⠀⠀⠀⠀⠀⠀⠀⠀⠀⠀⠀⠀⠀⠀⠀⠀⠀⠀⠐⣶⡀⢀
⠻⣆⣿⡑⡿⢰⢣⠄⠀⠀⠀⠀⠀⠀⠀⠀⠀⠀⠀⠀⠀⠀⢀⠀⣶⣿⣵⠧
⠀⠈⠙⠿⣿⣿⡟⠓⠂⠀⠀⠀⠀⠀⠀⠀⢀⣠⡄⢰⣶⣾⣿⢠⣿⣿⣿⠇
⠀⠀⠀⠀⠈⠻⣿⣿⣛⣛⣂⠀⠀⠀⢠⣾⣿⣿⣧⣼⣿⣿⡇⢸⡿⠛
⠀⠀⠀⣀⣀⣤⣭⣭⣭⣭⣉⡶⠾⣷⣤⣹⣿⣧⠉⠻⠟⠋⠁
⠀⠀⠈⠛⠉⠉⢉⡿⣫⣿⡛⠙⢿⣶⣉⠛⠽⣦⣤⣤⣀⣀
⠀⠀⢠⠶⠖⠠⣿⠓⠁⠀⠉⠀⠀⠉⠻⠿⠶⠞⠛⠋⠉
⠀⠀⠀⠀⠀⣾⡉⢉⡷
⢾⣹⢿⣿⣿⡿⠄⠀⠿⣿⣿⣿⡏⣷
⠀⢸⠀⣿⣿⣇⣀⣿⣐⣿⢾⡟⠓⠋
⠀⢸⠀⣿⣿⡟⢛⣿⠛⣿⣼⣇⣀
⣴⢺⣤⣿⣿⣅⠸⡿⢠⣿⣾⣿⡇⣿
⠈⠛⠛⠛⠛⠛⠲⠖⠛⠛⠛⠛⠛⠁
⠀⠀⠀⠀⠀⠀⠀⠀⣶⡖⠛⠛⢲⣶
⢀⣠⣤⣤⣤⣤⣤⣤⣽⡷⠀⠒⣺⣧⣤⣤⣤⣤⣤⣤⣄⡀
⣿⡇⢸⣿⣿⣿⣿⣿⣿⣏⠩⠥⢼⣿⣿⣿⣿⣿⣿⡇⢸⣿
⠈⠙⣿⡆⢸⣯⣭⣽⡆⠀⠀⣶⡆⢠⣬⣍⣹⣿⣿⣇⣸⡿
⠀⠀⣿⡇⢸⣿⣿⣿⣇⣀⣈⣛⣃⣘⣛⣛⠻⣯⠉⠉⠁
⠀⠀⣿⡇⢸⣿⣿⣿⡿⠿⠿⠿⠿⠿⠿⠿⢀⣿
⠀⠀⣿⡇⢸⣿⣿⣿⡇⠀⢸⣿⣷⠀⣿⡿⠿⠷⠶⠶⢤⣄
⣴⡞⢻⣧⣼⣿⣿⣿⡀⠀⠸⣿⡿⢀⣷⣶⣿⣿⣿⡇⢸⣿
⠻⢧⣜⣛⣛⣛⣛⣛⣛⣢⡀⢋⣄⣛⣛⣛⣛⣛⣛⣣⡼⠟
⠀⠀⠀⠀⠀⠀⠀⠀⠀⠈⠻⠟⠁
⠀⠀⠀⠀⠀⠀⠀⠀⠀⠀⣶⣶⠶⠚⠓⠶⢶⣶
⠀⠀⠀⠀⠀⠀⠀⠀⠀⠀⢻⣿⡆⣀⣀⣠⣿⡏
⣠⣶⠟⣛⣛⣛⣛⣛⣛⣛⣛⣛⣋⡠⠤⢜⣛⣛⣛⣛⣛⣛⣛⣛⣛⠻⣶⣄
⢿⣿⡀⠿⠿⢿⣿⣿⣿⣿⣿⣿⠧⠤⠒⠚⣿⣿⣿⣿⣿⣿⣿⣿⣿⠀⣿⣿
⠈⠉⢻⣿⡇⢸⣿⣭⣭⣥⣶⠀⠀⢠⣶⣶⠀⢤⣬⣍⠩⠿⠿⠿⠿⢀⣿⡿
⠀⠀⢸⣿⡇⢸⣿⣿⣿⣿⣿⠀⠀⠸⠿⠿⠀⠼⠿⠿⢿⣿⣟⠛⠛⠋⠉
⠀⠀⢸⣿⡇⢸⣿⣿⣿⣿⣿⣿⣿⣷⣶⣶⣿⣶⣶⣶⡆⢸⣿
⠀⠀⢸⣿⡇⢸⣿⣿⣿⣿⡿⠛⠛⢛⣛⣛⠛⢛⣛⣛⣃⣸⣿
⠀⠀⢸⣿⡇⢸⣿⣿⣿⣿⡇⠀⠀⢸⣿⣿⡇⢸⣿⣿⠿⠿⠶⠶⠶⠶⣤⡄
⣠⣴⠾⠿⠃⣸⣿⣿⣿⣿⡇⠀⠀⢸⣿⣿⡇⢨⣭⣥⣼⣿⣿⣿⣿⠀⣿⣿
⣿⣿⠀⣿⣿⣿⣿⣿⣿⣿⣷⣄⠀⠈⣿⠏⣠⣾⣿⣿⣿⣿⣿⣿⣿⠀⣿⣿
⠈⠛⠳⠶⠶⠶⠶⠶⠶⠶⠶⠶⣶⣄⣡⣶⠶⠶⠶⠶⠶⠶⠶⠶⠶⠞⠛⠁
⠀⠀⠀⠀⠀⠀⠀⠀⠀⠀⠀⠀⠈⠻⠟⠁
⠀⠀⠲⣾⣿⣿⣻⣻⡷⣶⣶⣤⡀
⠀⣠⣾⣿⣿⣿⣿⣿⣾⣿⣭⣈⣽⠗
⠀⠀⠈⠉⠉⠉⠙⠻⣿⣿⡿⠋
⠀⠀⠀⠰⣶⣶⣾⣿⣿⠿⣛⡻⣷⣶⣶⠶⣤⣄⣀
⠀⠀⠀⣠⣼⣿⣿⣿⣭⣟⣭⣾⣫⣤⣽⣛⠛⠊⠛⢷⣦⡀
⠀⠤⠾⠿⣿⣿⣿⣿⣿⣿⣿⣿⣿⣿⣿⣿⣷⣶⠶⠾⠋⠁
⠀⠀⠀⠀⠀⠀⠀⠀⠀⠀⠈⠙⠿⠷⠿⡿⠿⠟
⠀⠀⠀⠀⢤⣶⣶⠶⣶⣿⣿⡿⠿⠿⢷⠶⣶⣶⣶⣤⣤⣄⣀
⠀⠀⠀⠀⠀⣹⣿⣿⢿⣿⠟⣣⡾⣛⣥⠾⠟⣉⠺⣶⣾⣽⠙⣿⣧⣄⡀
⠀⠀⠀⣴⣿⣿⣿⣿⣿⣿⣿⣿⣿⣿⣿⣿⣿⣿⣿⣶⣦⣀⣁⣀⣐⣿⡿⠇
⠀⠒⠛⠛⠉⠿⠿⠛⠿⡿⠿⠿⠿⣿⣿⣿⣿⣿⣿⣿⣿⣽⣿⠛⠛⠉
⠀⠀⠀⠀⠀⠀⠀⠀⠀⠀⠀⠀⠀⠀⠉⠿⠿⠿⠿⡿⠿⠟⠋
⠀⠀⠀⠀⠀⠀⣠⠀⢤⠂⢠⡀⠈
⠀⢀⣨⣶⣾⣾⣿⣶⠟
⣰⣿⣿⣿⣿⣿⣿⢁⣵⣷⣿⠦⣄
⠙⠿⠛⠻⠻⢋⡄⠁
⠀⠀⠀⠀⠄
⠀⠀⠀⠀⠀⠀⠀⠀⠀⠀⣠⠄⢀⣀⡄⠀⠀⡀⢀⠐⠊
⠀⠀⠀⠀⣀⠀⠀⣰⢀⣴⡟⠀⢀⣿⠁⢠⠜⠖⠁
⠀⠀⠀⣀⣴⣿⣿⣿⣿⣿⣷⣾⡿⢏⠐⡠⠂
⠀⣠⣾⣿⣿⣿⣿⣿⣿⣿⣿⢏⡰⣠⣮⣤⣶⣄⡀
⢠⣷⣾⣿⣿⣿⣿⣿⣿⡟⠥⣃⡾⠿⠿⠿⠛⠛⠛⠓⠆
⠈⢿⡿⠿⠿⠿⠿⠿⠋⢀⠔⠁
⠀⠀⠀⠀⠀⠀⠀⢀⠔⠙
⠀⠀⠀⠀⠀⠀⠄⠁
⠀⠀⠀⠀⠀⠀⠀⠀⠀⠀⠀⠀⠀⢀⠄⠀⠀⢀⡄⡀⠀⠀⠀⠀⣀⠖⠋
⠀⠀⠀⠀⠀⠀⠀⢀⣀⢀⠄⠀⣴⡿⠀⠀⢙⣿⠁⠀⣀⠮⣡⠞⠁
⠀⠀⠀⠀⠈⠛⢄⣠⣴⣾⣦⣾⣿⣇⣀⣴⣿⡟⢀⡐⢉⠜⠁
⠀⠀⠀⣀⣴⣾⣿⣿⣿⣿⣿⣿⣿⣿⣿⡿⠋⢦⢁⠔⠁
⠀⣠⣾⣿⣿⣿⣿⣿⣿⣿⣿⣟⣻⣿⢯⣐⢗⣴⣧⣶⣾⣶⣄⡀
⢀⣿⣽⣷⣿⣿⣿⣿⣿⣿⣿⣿⠟⣅⠓⣠⣿⣿⡿⠿⠿⠿⠿⠿⠷⠦⠄
⠘⣿⣿⣿⣿⣿⣿⣿⣿⣿⡿⠋⠀⡠⠊⠉
⠀⠈⠛⠋⠉⠀⠀⢹⠉⠉⠀⡠⣮
⠀⠀⠀⠀⠀⠀⠀⢸⠀⡠⠊
⠀⠀⠀⠀⠀⠀⠀⢸⠞⠁
⠶⠶⠷⠿⢛⣿⣿⣿⡟⠻⠿⠷⠶⠆
⠀⠀⠀⠀⠈⠿⢯⡿⠟⠂
⣴⣶⣶⣶⣦⣿⡶⣿⣿⣿⣿⠿⣿⠿⣿⣷⣶⣶⣶⣶⣦⠄
⠉⠉⠀⠀⠀⠀⠀⢾⣿⣿⢟⣻⣿⣇⡀⠀⠀⠀⠀⠈⠁
⠀⠀⠀⠀⠀⠀⠀⠈⠻⠟⣶⡾⠟⠋⠁
⣤⣤⣶⣶⣶⣆⣶⣷⣶⣿⣿⣿⣿⣿⣿⣿⣿⣿⣿⣷⣶⣶⣶⣶⣦⣤⣤
⠺⠛⠛⠛⠛⠉⠉⠉⠩⣭⣭⣿⣿⣿⣶⣯⣭⡌⠉⠉⠉⠉⠙⠋⠛⠛⠃
⠀⠀⠀⠀⠀⠀⠀⠀⠀⢻⣿⣿⡏⠱⠮⣿⣽⣧⡤
⠀⠀⠀⠀⠀⠀⠀⠀⠀⠀⠙⠻⢻⣿⡿⠟⠋
⠀⠙⢻⣿⣿⣿⡿⠿⠿⠿⠿⠿⣿⡇
⠀⠀⢸⣿⣿⣿⣇⣀⣀⣤⣴⠀⠀⠁
⠀⠀⢸⣿⣿⣿⡏⠉⠉⠙⠛⠀⠀⣀
⠀⣠⣼⣿⣿⣿⣷⣶⣶⣶⣶⣶⣿⣿
⠀⠙⠻⢿⣿⣿⣿⣿⣿⣿⣿⣿⣿⣿⣿⣿⣿⣿⣿⣿⣿
⠀⠀⠀⠀⣿⣿⣿⣿⣿⣿⠀⠀⠀⠀⠀⠀⠀⠀⠈⠙⠻
⠀⠀⠀⠀⣿⣿⣿⣿⣿⣿⣤⣤⣤⣤⣤⣶⣿⠁
⠀⠀⠀⠀⣿⣿⣿⣿⣿⣿⠛⠛⠛⠛⠛⠻⠿
⠀⠀⠀⠀⣿⣿⣿⣿⣿⣿⡀⠀⠀⠀⠀⠀⠀⠀⢀⣠⣴⡆
⠀⢠⣴⣾⣿⣿⣿⣿⣿⣿⣿⣿⣿⣿⣿⣿⣿⣿⣿⣿⣿⡇
⠀⠈⠻⢿⣿⣿⣿⣿⣿⣿⣿⣿⣿⣿⣿⣿⣿⣿⣿⣿⣿⣿⣿⣿⣿⣿⣷
⠀⠀⠀⠀⠉⣿⣿⣿⣿⣿⣿⣿⣿⠉⠉⠉⠉⠉⠉⠉⠉⠉⠉⠛⠿⣿⣿
⠀⠀⠀⠀⠀⣿⣿⣿⣿⣿⣿⣿⣿⠀⠀⠀⠀⠀⠀⠀⢀⣀⠀⠀⠀⠈⠙
⠀⠀⠀⠀⠀⣿⣿⣿⣿⣿⣿⣿⣿⣶⣶⣶⣶⣶⣶⣿⣿⣿
⠀⠀⠀⠀⠀⣿⣿⣿⣿⣿⣿⣿⣿⠛⠛⠛⠛⠛⠻⠿⣿⣿
⠀⠀⠀⠀⠀⣿⣿⣿⣿⣿⣿⣿⣿⠀⠀⠀⠀⠀⠀⠀⠀⠉⠀⠀⠀⠀⣀⡄
⠀⠀⠀⠀⣀⣿⣿⣿⣿⣿⣿⣿⣿⣤⣀⣀⣀⣀⣀⣀⣀⣀⣀⣤⣶⣿⣿⡇
⠀⢀⣴⣾⣿⣿⣿⣿⣿⣿⣿⣿⣿⣿⣿⣿⣿⣿⣿⣿⣿⣿⣿⣿⣿⣿⣿⡇
⠀⠀⣤⡶⡤⢠⣤⡤⡀⣠⣔⣀⣤⠄
⠀⠘⠛⠒⠀⠿⠚⠛⠡⠛⠁⠘⠋
⠀⠀⠀⣀⣠⣖⣀⣈⠉⣉⣩⣍⡉⠉⢉⣀⣒⠆⠀⣀⣀
⠀⠀⢠⣿⡟⠒⠒⢂⣤⠿⢶⣯⡵⠊⣼⣿⠓⠒⣶⣿⠏
⠀⠀⠉⠉⠉⠉⠉⠐⠫⢍⣉⣉⡉⠼⠉⠁⠀⠀⠉⠉
⠀⠀⠀⠀⠀⠀⠤⠒⠒⠂⠉⠉⠉⢉⡉⠉⠉⠉⠑⠒⠒⠤
⠀⠀⠀⢀⣿⣿⣏⣉⣉⡉⠁⢰⣿⣩⡿⠗⣀⠀⢨⣿⣿⣁⣀⣀⣾⣿⠏
⠀⠀⠀⣾⣿⣏⣀⣀⣀⠠⣾⣏⣉⣿⢷⣟⡉⢠⣿⡿⠁⠀⠀⣼⣿⠏
⠀⠀⠀⠀⠀⠀⠀⠀⠀⠈⠒⠦⢄⣀⣀⡠⠤⠒
⠀⣠⣤⣶⣶⠾⠿⠿⠛⠻⠿⠿⢿⣿
⢾⣿⣿⣿⣿⠶⠶⠶⠶⠶⠒⠂⠀⢈
⠀⠙⠛⠿⠿⢶⣶⣶⣤⣴⣶⣶⣾⣿
⠀⠀⢀⣀⣤⣤⣶⣶⣶⣾⣿⣿⠿⠿⠿⠿⣿⣿⣿⣿⣿⣿
⣴⣾⣿⣿⣿⣿⣿⣯⣥⣤⣤⣤⣀⣀⣀⣀⣀⣀⣀⡉⠙⠛
⠻⢿⣿⣿⣿⣿⣿⣟⡛⠛⠛⠉⠉⠉⠉⠉⠉⠉⠁⣀⣠⣤
⠀⠀⠈⠉⠛⠛⠿⠿⠿⣿⣿⣿⣶⣶⣶⣶⣿⣿⣿⣿⣿⣿
⠀⠀⠀⠀⣀⣀⣤⣤⣴⣶⣶⣶⣿⣿⣿⣿⣿⣿⣿⣿⣿⣿⣿⣿⣿⣿⣿⣿
⢀⣤⣶⣿⣿⣿⣿⣿⣿⣿⣛⡋⠉⠉⠉⠀⠀⠀⠀⠀⠈⠉⠉⠉⠛⠻⠿⣿
⣿⣿⣿⣿⣿⣿⣿⣿⣿⣿⣿⣿⣿⣿⣿⣿⣿⠿⠶⠶⠶⠶⠶⠶⠶⠂
⠈⠛⠿⣿⣿⣿⣿⣿⣿⣯⣤⣄⣀⣀⣀⠀⠀⠀⠀⠀⢀⣀⣀⣀⣤⣴⣶⣿
⠀⠀⠀⠀⠉⠉⠛⠛⠻⠿⠿⠿⣿⣿⣿⣿⣿⣿⣿⣿⣿⣿⣿⣿⣿⣿⣿⣿
⠠⠴⣶⣾⣿⣿⣿⣿⣷⣶⣄
⠀⠀⠀⠛⡻⠿⠛⠛⠛⠓⠒⠒
⠀⢀⣠⣤⣤⣶⣶⣿⣿⣿⣿⣿⣷⣶⣤⣀
⠉⠉⠙⣿⣿⣿⣿⣿⣿⣿⣿⣿⣿⣿⣿⣿⣧
⠀⠀⠉⢉⣩⣽⢿⣿⣿⣿⣿⡿⠿⠿⠭⣭⣍⣀⣂⣀
⠀⠀⠀⠈⠀⠀⡠⠟⠋⠉⠀⠀⠀⠀⠀⠀⠀⠀⠈⠉⠁
⠀⠀⣀⣠⣤⣤⣴⣶⣾⣿⣿⣿⣿⣿⣿⣿⣶⣶⣤⣄
⠉⠉⠉⢙⣿⣿⣿⣿⣿⣿⣿⣿⣿⣿⣿⣿⣿⣿⣿⣿⣷⡄
⠀⠀⠉⠉⢉⣉⣭⡿⢿⣿⣿⣿⣿⣿⡿⠿⠿⠿⠭⢭⣭⣁⣀⣂⣀
⠀⠀⠀⠀⠉⠀⠀⠀⡠⠟⠛⠉⠁⠀⠀⠀⠀⠀⠀⠀⠀⠀⠀⠈⠉⠉⠀⠈
⠀⢀⣀⣀⣀⠀⣀⣀⣤⣤⣤⠶⠶⠃
⣾⣿⣿⣿⣯⡸⣿⣥⠐⠖⠒⠂
⠈⠊⢡⡈⠙⠁⠉⠉⠉⠉⠁
⠀⠀⠀⠀⠀⠀⠀⠀⠀⠀⠀⢀⣀⣀⣀⣤⣤⣤⣤⣶⡶⠃
⣠⣶⣾⣿⣿⣿⣿⡗⣠⣶⣿⡟⠛⢛⣉⣉⣉⣭⡅
⠻⣟⢿⡿⠿⢿⣿⣷⡌⣻⣿⣿⣧⣤⣭⣭⡭⠉
⠀⠘⠈⠰⢅⡉⠄⠚⠀⠉
⠀⠀⠀⠀⠀⠀⠀⠀⠀⠀⠀⠀⠀⠀⠀⠀⠀⠀⣀⣀⣀⣠⣤⣤⣤⣶⠖⠁
⠀⣀⣤⣶⣶⣶⣶⣶⣶⣦⠀⣠⣴⣶⣾⡿⠿⠿⠿⠿⠛⠛⠛⠛⠋⠉
⣾⣿⣿⣿⣿⣿⣿⣿⣿⣇⠸⣿⣿⣿⣧⣤⠀⠲⠶⠿⠿⠿⠿⠋
⠈⠿⡍⢻⠟⣋⢙⡿⠿⢿⡟⣠⣿⠿⠿⠿⠶⠶⠶⠶⡶⠂
⠀⠀⠁⠀⠘⢶⣀⠥⠐⠋⠁
⠀⠀⣠⡏⠳⢿⣿⣿⠷⠋⣧⡀
⣀⣸⡍⠁⠤⠤⣝⠤⠤⠄⢉⣯⣀⠄
⠀⠙⠿⣇⡀⠀⠊⠀⢀⢀⡿⠛⠁
⠀⠀⠀⠀⠈⠛⢾⠖⠋⠁
⠀⠀⠀⠀⢠⡟⢿⣶⣾⣿⣿⣿⣿⣶⡾⠻⣆
⠀⠀⢠⣴⣿⠇⠀⠉⠛⢿⣿⡿⠛⠋⠀⢰⣿⣷⡄
⠀⠀⢻⣧⠙⠀⣤⣤⣀⣀⠛⣀⣠⣤⣄⠀⠃⣾⡇⢀⢀⡀
⠙⢿⣿⣿⣤⡄⠀⠈⠉⠉⡇⠏⠉⠁⠀⢀⣶⣿⣿⠟⠉
⠀⠀⠙⠻⢿⣧⡀⠀⡀⠉⠁⠉⠀⠀⠀⣸⣿⠟⠋
⠀⠀⠀⠀⠀⠉⠙⠳⣷⣤⣤⣤⣤⡿⠞⠋⠁
⠀⠀⠀⠀⠀⠀⠀⠀⠀⠙⢿⠋
⠀⠀⠀⠀⠀⠀⣾⠿⣷⣶⣶⣾⣿⣿⣿⣿⣶⣶⣾⠿⣷⡀
⠀⠀⠀⠀⣀⣼⣿⠀⠉⠛⡿⢿⣿⣿⣿⣿⠿⠛⠁⢀⣿⣧⣤⡀
⠀⠀⠀⣾⡟⣿⡏⠀⠀⠀⠀⠀⢻⣿⠏⠀⠀⠀⠀⠈⢿⠟⣿⡇
⣀⣀⣀⣿⣷⠀⠁⠰⣶⣶⣦⣤⣄⠁⣤⣤⣴⣶⡦⠄⠀⢸⣿⣇⣀⣀⣀⡀
⠘⠻⣿⣿⣿⣴⣄⡀⠀⠀⠈⠁⢸⠘⡇⠈⠀⠀⠀⢀⣸⣾⣿⣿⡿⠋⠁
⠀⠀⠘⠿⣿⣿⣷⠀⠀⠀⠀⠘⠚⠃⠓⠃⠀⠀⠀⢈⣿⣿⡿⠟
⠀⠀⠀⠀⠀⠉⠻⠷⣦⣄⣧⠀⠈⠉⠀⠀⢀⣇⣤⣾⠟⠋
⠀⠀⠀⠀⠀⠀⠀⠀⠀⠙⠻⢷⣾⣿⣷⡾⠿⠛⠁
⠀⠀⠀⠀⠀⠀⠀⠀⠀⠀⠀⠀⠙⢿⠋
⠀⠀⠀⠀⣤⣄⣿⣦⣀⣀
⠀⠀⠀⣾⢿⣿⡿⣋⣿⢹⣷⣠⡒
⠀⢠⣾⣶⣾⣿⣿⣿⣿⣾⣿⡞⠁
⣴⣾⠿⢿⣿⣏⣿⣿⣿⣿⣿⣦⣂
⠈⣷⣾⡿⣿⣿⢿⣿⢻⣿⣿⢿⣿⠆
⠀⠿⠛⠁⠉⠁⠀⠀⠀⠁⠉⠛⠿⠗
⠀⠀⠀⠀⠀⠀⢀⣠⡀⣸⣷⣦⡄
⠀⠀⠀⠀⢀⢤⣿⣷⣿⣷⣿⡿⠿⣿⣷⣶⡤⡀⠀⢀
⠀⠀⠀⠀⡎⣿⡿⢿⣿⣿⠟⣋⣾⣯⡇⣿⣷⣱⢔⢩
⠀⠀⢠⣢⣷⣶⣶⣿⣿⣷⣾⣿⣿⣫⣾⡿⣟⣵⡟⡌
⠀⣀⣽⣯⣿⣽⣾⣿⡏⣿⣿⣿⣿⣿⣿⣿⣿⣟⢌
⡎⣾⣿⠿⡿⢿⣿⢿⣧⢸⣿⣿⣿⣿⣿⣿⣿⣿⣷⡱⡀
⠈⠳⣷⣶⣷⣿⣿⣿⣿⣾⣿⣿⣿⢻⣿⣿⣿⣿⣿⣷⣷⠄
⠀⠀⣿⣿⣿⠧⠾⠿⠿⠂⠙⠷⠋⠸⠿⠻⣿⢠⣿⢿⣦⣄
⠀⠰⠟⠋⠁⠀⠀⠀⠀⠀⠀⠀⠀⠀⠀⠀⠀⠈⠙⠛⠛⠋
⠀⠀⠀⠀⠀⠀⠀⠀⠀⣀⡀⠀⡿⣶⣦⣄
⠀⠀⠀⠀⠀⠀⠀⣠⢫⣧⣷⣾⣵⣿⣿⣾⣷⣶⣶⡠⢄
⠀⠀⠀⠀⠀⢠⢫⣾⢿⣻⣯⣿⣷⣶⡶⢈⣽⠿⡟⢹⣷⡕⡄⢀⡴⡇
⠀⠀⠀⠀⢀⡸⠸⠟⠛⣩⣿⣿⡟⣩⣴⣶⣶⡿⢃⣿⣿⣿⠘⣫⢆⡇
⠀⠀⠀⡔⣵⣾⣿⣿⣿⣿⣿⣿⣾⣿⣿⣿⣫⣴⡿⠿⣛⣥⣾⠏⡜
⠀⢀⣠⣗⣷⣽⣤⣶⣾⣿⣿⢩⣭⣽⣿⣿⣷⣶⣿⣿⣿⣿⡋⢜
⡜⣵⣿⣿⣿⡿⣿⣿⣿⡿⢟⡀⣿⣿⣿⣿⣿⣿⣿⣿⣿⣿⣿⣦⡑⡄
⠑⢝⣫⣊⣀⣜⣴⣿⣷⣾⣿⣧⣽⣿⣿⣿⣿⣿⣿⣿⣿⡿⣿⣿⣷⣸⣄
⠀⠈⢹⣿⣹⢿⣿⠟⣿⣻⣿⣟⠹⣿⣝⣿⠏⢾⣷⡇⣿⡟⠟⣿⣿⡿⡋
⠀⠀⢸⣿⣘⣽⠟⠂⠙⠛⠛⠋⠁⠈⠉⠃⠀⠙⠛⠑⠻⠇⢶⣿⣙⣿⣷⣦
⠀⢀⠚⠋⠉⠀⠀⠀⠀⠀⠀⠀⠀⠀⠀⠀⠀⠀⠀⠀⠀⠀⠀⠉⠙⠛⠛⠉
⢀⣤⠒⠈⡽⣿⣿⠻⠿⣿⣶⣦⣄
⡇⢀⣨⣥⣴⣶⣶⣶⡶⠂⠈⠙⢻⡟
⠈⠁⠀⠈⠻⡉⠉⠉⠀⠀⣀⡴⠋
⠀⠀⠀⠀⠀⢱⣠⠤⠖⠋⠁
⠀⢀⣠⠤⠒⠒⣩⣭⣿⣿⢿⠛⣿⣿⣿⣶⣶⣦⣤⣀
⡞⠉⠉⠙⠒⠂⠤⣤⣭⣭⣭⣤⣤⣤⡬⠉⠙⠛⠿⣿⣿⡶
⠱⡤⠖⠛⠛⠻⢿⣿⡿⠿⠶⠶⠞⠀⠀⠀⠀⠀⢀⣤⠟⠁
⠀⠀⠀⠀⠀⠀⠀⠱⡄⠀⠀⠀⠀⠀⢀⣀⡤⠞⠋
⠀⠀⠀⠀⠀⠀⠀⠀⠹⣄⡤⠴⠖⠛⠉⠁
⠀⠀⠀⢀⣠⠤⠔⠒⢒⣉⣭⣭⣿⣿⠿⣿⣿⣿⣶⣶⣶⣦⣤⣀
⢠⠴⠯⠭⠤⣄⣀⠈⠛⠋⠻⠿⠷⠞⠀⠛⠛⠛⠛⠿⠿⣿⣿⣿⣿⣦⣄⡀
⡏⠀⠀⠀⠈⣀⣈⣉⣑⣲⣶⣶⣶⢶⣶⣶⣶⠶⠞⠀⠀⠀⠉⠛⠿⣿⣿⠏
⠘⢄⡴⠞⠛⠛⠻⠿⣿⣿⣿⡿⠿⠾⠶⠶⠃⠀⠀⠀⠀⠀⠀⠀⣠⡾⠋
⠀⠀⠀⠀⠀⠀⠀⠀⠈⢻⡀⠀⠀⠀⠀⠀⠀⠀⠀⠀⠀⣀⣴⠞⠋
⠀⠀⠀⠀⠀⠀⠀⠀⠀⠀⢻⡀⠀⠀⠀⠀⢀⣠⣤⠶⠛⠉
⠀⠀⠀⠀⠀⠀⠀⠀⠀⠀⠀⣧⡤⠴⠖⠛⠉⠁
⢀⣤⠴⢒⣻⣭⣿⣿⣭⣭⣆⠂⢤⡀
⣿⡟⢚⡴⣫⡿⠛⠹⣿⣿⣶⣧⡄⠸
⠈⠑⠻⠘⢿⣇⣸⣀⠀⠀⠈⠉⠁
⠀⠀⢀⣠⣤⡶⢖⣚⣛⣛⣭⣭⣍⡉⠙⣒⠦⢤⣄⡀
⢠⣶⡿⠋⢐⡒⠶⣒⡭⢟⣛⣭⣵⣿⣿⣓⠻⣅⠀⠉⠳⡄
⣿⣷⠋⠛⣫⡴⢛⣥⣾⡿⠋⠁⣏⣿⣿⣿⣻⣦⣄⣀⡀⢸
⠘⠿⣇⣼⡟⠀⣾⣿⡏⠀⣰⠃⠈⠉⠉⠙⠛⠿⠿⠇
⠀⠀⠀⠉⠓⠀⠻⠿⣷⣄⣿⣦⡀
⠀⠀⠀⠀⢀⣀⣤⣴⡶⠶⠟⠛⣛⣋⣉⣉⠛⠛⠒⠒⢦⣠⣀
⠀⢀⣤⣾⡿⠟⣉⣀⣒⣛⣻⠷⢖⣚⡿⠿⢿⣶⣶⣞⣥⠤⠎⠙⠳⢤⡀
⣰⣿⠿⢛⣀⣨⣭⠍⣋⣥⠶⢛⣭⣴⣶⢿⣿⣿⣿⣤⠌⠓⢶⠂⠀⠀⠙⣆
⣿⣶⡿⠉⠻⢋⣴⡿⢋⣤⣾⣿⠿⠋⠁⣞⢹⣿⣿⣯⣛⣿⣶⣅⣀⣀⠀⢸
⠹⣿⣿⡀⣰⣿⠏⢠⣾⣿⣿⠃⠀⢀⠖⠈⠛⠛⠻⠿⠿⣿⣿⣿⠿⢈⠀⠊
⠀⠈⠛⠧⣿⣿⠀⢸⣿⣿⣿⠀⢠⣿⠀⠀⠀⠀⠀⠀⠀⠈⠉⠉⠁
⠀⠀⠀⠀⠀⠉⠁⠀⠛⠿⢿⣷⣌⣿⣷⣄⡀
⠀⠀⠀⡠⠂⢉⠼⠒⢀⡐⠦⡙⡓
⢀⠴⣷⠞⠈⠁⠀⠀⠭⠿⠿⢷⣧⡀
⠸⣻⡇⠀⠀⠠⣀⣠⣾⠿⣿⡟⢙⡀
⠀⠙⠛⢶⣦⡶⣷⣭⣭⣴⠦⠚⠉
⠀⠀⠀⠀⠀⠀⠉⠹⣹⣷⡢
⠀⠀⠀⠀⠀⢀⡔⠐⠛⠉⣭⡢⠤⠤⠤⠤⣊⠜⠲⠦⣄⣀
⠀⠀⠀⣀⠐⢮⡀⣀⡤⠞⠀⠀⠠⣴⣒⣦⡌⣐⢒⡦
⠀⠠⠾⣿⣿⠯⠀⠁⠀⠀⠀⠀⢀⡤⠷⠟⠾⣻⣾⠷⣄
⢰⣿⣶⡿⠁⠀⠀⠀⠀⢀⠀⠀⢔⣴⣶⣵⣷⣶⡾⢏⢏
⠈⢭⣼⣧⠀⠀⠀⠀⠚⢡⡄⣴⣿⣿⠋⢺⡿⠯⢆⢸⣼
⠀⠀⠙⠟⣓⣶⣤⣤⣤⣿⣦⣌⣈⣁⣩⣵⣦⠰⠏⠉
⠀⠀⠀⠀⠀⠉⠙⠛⠂⠸⠟⠛⣿⣿⣯⣏⣁
⠀⠀⠀⠀⠀⠀⠀⠀⠀⠀⠀⠸⢧⣼⣟⣋⠼
⠀⠀⠀⠀⠀⠀⠀⢀⠔⠂⠒⠊⢉⣉⡢⣄⠀⢀⡀⣠⡔⢀⠩⠤⢤⣂⡀
⠀⠀⠀⠀⠀⢀⣠⠎⠀⠀⠀⢀⠜⠁⠉⠀⢀⠀⣀⣀⡉⠋⠤⠤⢄⡀⠉⠈
⠀⠀⢀⣴⣶⣦⣤⠷⠀⠖⠋⠁⠀⠀⠀⠀⠀⠙⣒⣾⣛⣴⣷⣐⣎
⠀⣐⡛⢻⢻⣿⠗⠈⠀⠀⠀⠀⠀⠀⠀⠀⠔⠚⠉⠉⠉⠃⠚⢿⡛⠙⡦
⠀⣿⣿⣿⡿⠁⠀⠀⠀⠀⠀⠀⣀⠀⠀⠐⣠⣾⣿⣭⣿⣿⣿⠿⠻⡘⡄
⠀⢋⣉⣺⣇⠀⠀⠀⠀⠀⠐⠋⢀⠄⣤⣾⣿⣿⠋⠸⣿⣿⡇⣆⠨⣇⢱
⠀⠀⠙⢿⡿⢧⣄⣀⣀⢀⣀⣲⣬⣑⠘⠪⠛⠘⠒⢒⣉⣀⣠⡒⠸⠋⠁
⠀⠀⠀⠀⠁⠒⠶⢾⣿⣿⡛⠛⢿⣿⣿⣶⣶⣶⠿⡿⠿⠓⠈
⠀⠀⠀⠀⠀⠀⠀⠀⠀⠀⠁⠀⠉⠉⢉⣭⠿⣯⡷⣷⡦⢄
⠀⠀⠀⠀⠀⠀⠀⠀⠀⠀⠀⠀⠀⠀⠘⠷⣤⣿⣯⣉⡠⠞
⢀⣠⣤⣤⣾⣿⣿⣷⣶⣶⣤⣤⡤⠤
⠻⢟⢿⣿⣟⣻⣿⣿⣗⡻⠿⠿⠏
⠀⠀⢠⣤⣿⣿⣿⣿⠛
⠀⠀⠀⣀⡀⣄⣠⣽⣿⣷⣿⣷⣶⣤⣤⣤⠀⣀⣀⡀⣀
⣠⣶⣾⣿⣿⣿⣿⣿⣿⣿⣿⣿⢿⡿⢽⣿⣿⣿⣿⣯⡍⠉
⠻⣿⡙⢿⣿⣿⣿⠛⣻⣿⣿⣿⣿⣟⣛⡻⣿⡿⠿⠟
⠀⠀⠉⠑⠉⠛⢻⣿⣿⣿⣿⣿⣿⣿⠟⠁
⠀⠀⠀⢠⣞⣿⣿⣿⣿⣿⣿⣿⠟⠉⠉⠉
⠀⠀⠀⠀⠀⠀⠀⠀⣀⣻⣿⣿⣶⣿⣷⣤⣤⣀⣠⣀⡀
⠀⢀⣠⣴⣿⣷⣽⣞⣿⣿⣿⣿⣿⣿⣿⣿⣿⡿⢿⣿⣤⣶⣿⣿⣷⠼⠶⡦
⣴⣿⣿⣿⣿⣿⣿⣿⣿⣿⣿⣿⣿⣿⣿⣋⣿⣋⣻⣿⣿⣿⣿⣿⣾⣷⠂
⠻⣿⣧⠻⣿⣿⣿⣿⣿⠛⢛⣿⣿⣟⣿⣿⣿⠛⠛⢻⣿⣿⣿⣿⡿⠁
⠀⠀⠉⠓⠮⠙⠿⢿⣿⣶⣿⣿⣿⣿⣿⣿⣿⣿⣽⠃
⠀⠀⠀⠀⠀⢀⣀⣀⣼⣿⣿⣿⣿⣿⣿⣿⡶⠬⠤⢤⡀
⠀⠀⠀⠀⢠⣿⣿⣿⣿⣿⣿⣿⣿⣿⣿⡟⠁
⣿⣿⣿⡟⢻⣿⣿⣿⣿⣿⣿⣿⣿⢿
⢿⣿⣿⣇⣸⣿⣿⣿⣿⣿⣿⠛⠃
⠀⠉⠛⠛⠛⢻⠟⠛⠻⣿⠛⠃
⣿⣿⣿⣿⣿⣿⢸⣿⣿⣿⣿⣿⣿⣿⣿⣿⣿⣿⣿⣿⣿⣿
⢸⣿⣿⣿⣿⡇⠀⣿⣿⣿⣿⣿⣿⣿⣿⣿⣿⣯⣿⣿⠛⠛
⢸⣿⣿⣿⣿⡇⢀⣿⣿⣿⣟⣿⣿⣻⣿⣿⣿⡟⠛⠛
⠈⠻⢿⣿⣿⣿⣿⣿⣿⣿⣛⡿⢿⣛⣿⣿⣿⣷
⠀⠀⠀⠀⠀⠈⠉⠀⢰⡏⠉⠉⠉⠉⢹⡇
⣿⣿⣿⣿⣿⣿⣿⡇⣿⣿⣿⣿⣿⣿⣿⣿⣿⣿⣿⣿⣿⣿⣿⣿⣿⣿⣿⣿
⢹⣿⣿⣿⣿⣿⣿⠁⢸⣿⣿⣿⣿⣿⣿⣿⣿⣿⣿⣿⣿⣿⣹⣿⣿⠿⠿⠿
⢸⣿⣿⣿⣿⣿⣿⠀⢸⣿⣿⣿⣿⣿⣾⣽⣾⣿⣿⣿⣿⣿⣿⣿⣿⡇
⠸⣿⣿⣿⣿⣿⣿⣤⣼⣿⣿⣿⣿⣥⣟⣛⣷⣽⣿⣿⣿⣿⡉⠉⠉
⠀⠉⠛⠿⠿⣿⣿⣿⣿⣿⡿⢿⣏⣭⣿⣺⣯⣍⣿⣿⣿⣿⡇
⠀⠀⠀⠀⠀⠀⠀⠀⠀⠀⠀⣿⠉⠉⠉⠉⠉⠉⢹⣇
⠀⢰⣶⣶⡟⠛⠛⣓⣒⠶⢤⣄⡀
⠀⠀⠈⠻⣧⡀⢀⣨⣿⣿⣷⡾⢿⡆
⠀⠀⠀⠀⠈⠿⠭⠖⠋⠉⠛⠙⠚⠁
⠀⢀⣠⣤⣴⣶⣶⠶⠶⠶⠶⠶⠶⣤⣤⣄⣀
⠀⠀⠶⠾⣿⢿⣭⡄⠀⠀⠀⠲⣶⣤⣄⣉⠙⠻⢶⣤⡀
⠀⠀⠀⠀⠀⠻⣿⣄⠀⠀⠀⣀⣹⣷⣽⣿⣿⣾⣶⣽⣟
⠀⠀⠀⠀⠀⠀⠈⠻⣷⡦⠿⢋⣩⡿⠿⢯⣽⡷⢦⣄⡿⠃
⠀⠀⠀⠀⠀⠀⠀⠀⠻⠗⠚⠋⠁⠀⠀⠀⠈⠁
⠀⠀⢀⣀⣤⣤⣴⣶⣶⣶⡶⠶⠶⣶⣶⣦⣤⣤⣄⣀⡀
⠀⠀⣉⣭⣽⣿⣿⣛⣋⠀⠀⠀⠀⠀⢤⣤⣀⣈⠉⠙⠛⠿⢶⣤⣀
⠀⠀⠀⠀⠀⠙⢹⣿⣿⠁⠀⠀⠀⠀⠀⠸⣿⣍⢿⡷⣶⣄⣤⣍⣻⣿⡆
⠀⠀⠀⠀⠀⠀⠀⠙⢿⣷⣄⠀⢀⣠⣤⣴⣿⣿⣿⡿⢿⣟⣛⠻⠛⢿⣦
⠀⠀⠀⠀⠀⠀⠀⠀⠀⠘⢿⣿⠚⠟⣁⣴⡾⠟⠉⠻⠶⣿⠏⠻⡦⠼⠛
⠀⠀⠀⠀⠀⠀⠀⠀⠀⠀⠸⠟⠛⠋⠉
⠀⠀⢀⣤⣶⣶⣶⣿⣿⣿⡿⢿⣿⡖
⢠⣶⣿⣿⣿⣿⢿⣿⣿⣤⣀⠠
⣿⣿⣿⣿⣻⡧⠀⠈⠉⠛⠛⠃
⠀⠀⠀⠀⠀⣠⣴⣶⣶⣶⣶⣿⣿⣿⣿⣿⣿⣿⣷⣿⣷⡦
⠀⢀⣠⣶⣿⣿⣿⣿⡿⣿⣿⣿⣿⣿⡛⠉⠉⠀⠉⠍⡉⠁
⣰⣿⣿⣿⣿⣿⣿⣿⡟⠛⠻⢿⣿⣿⣿⣿⣶⣎⠑⠒⠂
⢿⣿⣿⣿⣿⣿⣯⣻⣷⠄⠀⠀⠀⠈⠉⠙⠛⠋⠁
⠀⠀⠀⠀⠀⠀⠀⣠⣤⣶⣶⣶⣶⣶⣾⣿⣿⣿⣿⣿⣿⣿⣿⣶⣶⣾⣶⡄
⠀⠀⠀⢀⣠⣴⣿⣿⣿⣿⣿⣿⣿⣿⣿⣿⣿⣿⠿⠿⠛⠛⠉⡛⢻⢻⢛
⠀⣠⣾⣿⣿⣿⣿⣿⣿⣿⣿⣽⣿⣿⣿⣿⣿⣷⣦⣤⣀⣀⣰⣁⣁⡘
⣼⣿⣿⣿⣿⣾⣿⣿⢯⣾⣟⠁⠈⠉⠛⠿⢿⣿⣿⣿⣿⣿⣶⡀⠀⠀⠑
⢿⣿⣿⣿⣿⣯⣿⣿⣮⣻⣿⠶⠀⠀⠀⠀⠀⠀⠈⠉⠉⠉⠁
⢀⡤⢶⢶⣶⣶⣶⣶⣶⣶⡶⡶⢤⡀
⠈⠓⠛⠛⠛⠻⠿⠹⠟⠛⠛⠛⠛⠁
⠀⠀⣠⣶⣦⣤⣤⣴⣶⣶⣶⣶⣶⣶⣦⣤⣤⣴⣶⣀
⠰⣿⣏⠼⣿⣽⣿⣿⣿⣿⣿⢿⣿⣿⣿⣿⣯⣿⢧⣹⣿⠆
⠀⠀⠉⠉⠓⠒⠛⠩⠭⠿⠿⠤⠿⠭⠍⠛⠒⠛⠉⠉
⠀⠀⠀⢀⣶⣤⣤⣠⣤⣤⣤⣤⣤⣤⣤⣤⣤⣤⣤⣤⣄⣤⣤⣶⡀
⢀⣴⣶⠟⢩⣿⠟⣿⣿⣿⣿⣿⣿⣿⣿⣿⣿⣿⣿⣿⣿⠻⣿⡝⢻⣶⣤
⠈⠛⠿⣦⣝⣛⠷⠾⠿⠶⢿⣽⡿⣿⠙⢿⣯⡿⠶⠿⠷⠾⣛⣫⣼⠿⠛
⠀⠀⠀⠀⠀⠉⠉⠙⠒⠒⠒⠒⠛⠮⠴⠛⠓⠒⠒⠚⠋⠉⠉
⠟⠛⠉⠀⠀⠀⠀⠀⠈⠉⠉⢉⠉⢉
⣦⣄⣀⡀⠀⠀⠀⠀⠀⠀⣀⣀⣤⣼
⣿⣿⡿⠿⠋⠁⠀⠀⠀⠀⠀⠈⠉⠉⠉⠙⠛⠛⠛⠉⠛⠿
⠟⠁⠀⠀⠀⠀⢀⠀⠀⠀⠀⢀⠀⠄⠠⠄⢀⠀⡴⠢⠂⢰
⣄⠀⠀⠀⠀⠀⠀⠐⠠⠄⠑⠀⠈⠀⠐⠀⠐⠀⠄⠀⢀⣼
⣿⣷⣦⣤⣄⣀⡀⠀⠀⠀⠀⠀⠀⠀⢀⣀⣀⣤⣴⣾⣿⣿
⣿⣿⣿⣿⠿⠟⠉⠀⠀⠀⠈⠀⠀⠀⠈⠉⠉⠉⠙⠛⠛⠟⠛⠛⠛⠛⠻⢿
⡿⠛⠉⠀⠀⠀⠀⠀⠀⠐⠀⠀⠀⠀⠀⠀⠀⠀⠀⠀⠀⠀⠀⣀⡀⣠⡠⣠
⠀⠀⠀⠀⠀⠀⠀⠀⡐⠀⠀⠀⠠⢀⠐⠀⠌⠁⢈⠁⠀⠋⠀⠋⠀⠀⠀⢹
⣦⣀⠀⠀⠀⠀⠀⠀⠀⠈⠀⠉⠀⠀⠀⠀⠀⠀⠀⠀⠀⠁⠀⠁⠁⢁⣴⣿
⣿⣿⣿⣶⣦⣤⣀⣀⣀⠀⠀⠀⠀⠀⠀⠀⠀⠀⢀⣀⣀⣤⣤⣶⣾⣿⣿⣿
⢶⣶⣶⣶⣿⣿⣿⣿⣿⣿⣶⢶⣶⡶
⢠⣿⣿⣿⣾⣿⣿⣿⣿⣿⣿⣯⢻
⠀⠛⠿⢿⣟⣙⣛⣽⣟⣉⡿⠷⠋
⠀⠀⠀⠀⠙⢿⣿⣿⣿⠟
⣤⣦⣤⣤⣤⡴⢖⣲⣿⣿⣿⠿⠋⠛⠛⠒⠦⢤⢤⣤⣴⣦
⠈⠻⣿⢯⣿⣑⡛⢻⣿⣿⣿⡇⠀⠀⠀⠀⣀⣠⠺⣿⠛⠁
⠀⣼⠃⣿⣯⣙⣽⣿⣶⡿⠉⠃⠰⣶⣿⣯⡟⠁⢀⠘⡆
⠀⠙⠷⣬⣿⣿⡻⠍⠙⠻⠯⣙⡭⠍⠋⠩⢿⣷⡤⠞⠁
⠀⠀⠀⠀⠈⠉⠻⣶⣆⣴⣯⣭⣽⣭⢿⡿⠉⠁
⠀⠀⠀⠀⠀⠀⠀⠘⠿⣷⣿⣿⣷⣯⠿⠁
⣠⣤⣄⣀⣀⣀⣤⣤⠴⢖⣚⣿⣿⣿⡿⠟⠛⠛⠒⠲⠤⣤⣀⣀⣀⣠⣤⣄
⠻⢯⣿⣮⡥⣶⡟⣠⣾⠿⢿⣿⣿⣿⡀⠀⠀⠀⠀⠀⠀⠀⠉⣤⣴⣾⡵⠋
⠀⠀⣩⡟⣱⣿⢷⣤⣄⣘⠻⠿⢿⣿⡇⠀⠀⠀⣀⣀⣤⡴⠖⠀⠻⡅
⠀⢰⡟⠰⣿⣿⣄⣓⣮⣯⣿⣿⠗⠀⠁⠀⠺⣿⣿⣯⠚⠁⠀⠀⠀⣿
⠀⠈⢷⣤⣈⣹⣿⡟⣫⣍⠛⠻⠯⣝⡓⢛⣩⠽⠟⢉⣭⣻⣆⣠⡴⠏
⠀⠀⠀⠈⠉⠛⠻⢿⣦⣤⣠⠤⡤⠤⠚⠃⣤⠤⣤⣤⡴⠟⠋⠉
⠀⠀⠀⠀⠀⠀⠀⠀⠙⢿⣷⣾⠿⣭⣿⡭⢿⡞⣱⡟
⠀⠀⠀⠀⠀⠀⠀⠀⠀⠈⠻⢯⣵⣿⣶⣷⣯⡵⠟⠁
⠀⣠⣴⣶⣿⠿⠛⠋⢻⢶⣶⣤⡀
⣾⣿⣿⣿⣷⣤⠀⢈⡥⠈⢉⣿⣿⣧
⢻⣥⣤⢜⠟⠁⠂⢄⣀⣀⣉⣻⣿⠟
⠀⠉⠛⠛⠿⠷⠦⢤⡼⣿⣿⡋⠁
⠀⠀⠀⣀⣤⣶⣶⣿⣿⣿⠿⠏⠻⣷⣶⣶⣤⣤⣀
⢀⣴⣿⣿⣿⣿⣿⡏⠁⠀⠀⠠⡖⠲⠉⢿⡿⣿⣷⣕⢦⡀
⣾⣿⣿⣿⣿⣿⣿⣿⣴⡦⠀⢠⢔⡵⠂⠀⣀⣺⣿⣿⣷⢳
⢻⣿⡐⠒⢒⠹⣿⡿⠒⠦⢄⠀⠀⠀⠀⠈⠛⠻⣿⣿⡟⡜
⠀⠻⢿⣿⣷⣕⣲⣤⣀⠐⠂⢉⡛⢻⣿⣶⣶⣶⣿⡫⠊
⠀⠀⠀⠈⠉⠛⠛⠿⠿⠿⠷⠶⠶⠤⠬⣿⣿⣍⡁
⠀⠀⠀⠀⣀⣠⣴⣶⣶⣾⣿⣿⣿⣿⡯⠻⣿⣷⣶⣶⣦⡤⣀⡀
⠀⢀⣴⣿⣿⣿⣿⣿⣿⡟⠋⠉⠀⠀⢀⣤⠤⢭⠙⢿⣿⣿⣷⣮⣕⢦⡀
⣰⣿⣿⣿⣿⣿⣿⣿⣿⣷⢠⣄⠀⠀⠀⢁⡭⣥⠄⢑⠉⠉⣽⣿⣿⣷⡝⣆
⣿⣿⡿⡛⡛⠛⡻⣿⣿⣿⣟⡋⠃⠀⠐⠁⠚⠁⠀⠈⣶⣶⣿⣿⣿⣿⡇⣸
⠘⣿⣧⣭⣬⣥⢥⡛⠛⠛⠁⠉⠉⠣⢤⣀⣀⣀⣀⣀⠈⠀⢙⣿⣿⡿⡱⠃
⠀⠈⠻⠿⣿⣿⣧⣭⣽⣶⣤⣄⣉⠀⠀⠬⠉⢿⣿⣿⣿⣿⢿⣛⠵⠊
⠀⠀⠀⠀⠀⠈⠉⠛⠛⠿⠿⠿⠿⠿⠿⠶⠶⠶⠶⣿⣿⣾⣅⣀
⠀⠀⠀⠀⠀⣀⡤⣤⣶⡾⠿⣶⡤⠄
⠀⠀⠀⣠⣴⣿⡇⣿⣿⣧⣤⣤
⠀⠀⠈⠀⢸⣿⡇⣿⣿⡇
⠠⠒⠒⠲⢾⣿⠤⠛⠋
⠀⠀⠀⠀⠀⠀⠀⠀⠀⠀⢀⣀⣤⣴⣶⣿⣷⣶⣤⣄⣀⠤
⠀⠀⠀⠀⠀⠀⠀⢠⣶⣿⠉⢹⣿⣿⡇⠀⠈⠉⠉⠉
⠀⠀⠀⠀⢀⣤⣶⣾⣿⣿⠀⢸⣿⣿⣷⣶⣶⣶⣶
⠀⠀⠀⠀⠉⠀⠀⢸⣿⣿⠀⢸⣿⣿⡇
⠀⠀⠀⠀⣀⣀⣀⣸⣿⡟⠀⢸⣿⣿⠇
⠐⠚⠉⠉⠙⠛⠻⢿⣿⠷⠖⠚⠉
⠀⠀⠀⠀⠀⠀⠀⠀⠀⠀⠀⠀⠀⠀⣀⣀⣤⣴⣶⣾⣿⣶⣦⣤⣀⣀⣀⡀
⠀⠀⠀⠀⠀⠀⠀⠀⠀⢀⣤⣶⡞⠋⢹⣿⣿⣿⡇⠈⠉⠛⠛⠛⠛⠋⠁
⠀⠀⠀⠀⠀⠀⠀⣀⣀⣸⣿⣿⡇⠀⢸⣿⣿⣿⣇⣀⣀⣀⣀⣀⡀
⠀⠀⠀⠀⠀⠴⠟⠛⠛⢻⣿⣿⡇⠀⢸⣿⣿⣿⡟⠛⠛⠛⠛⠛⠁
⠀⠀⠀⠀⠀⠀⠀⠀⠀⢸⣿⣿⡇⠀⢸⣿⣿⣿⡇
⠀⠀⢀⣀⣀⣀⣀⣀⣀⣸⣿⡿⠃⠀⢸⣿⣿⡿⠃
⠐⠊⠉⠉⠉⠉⠉⠛⠻⠿⣿⡿⠿⠓⠊⠉
⠀⢀⣤⣤⢦⣼⣯⣿⣿⣷⣦⣄⣄
⠀⢐⡿⡏⢸⡟⣴⣤⣽⡤⠼⢹⡷
⠀⢠⡚⣵⡆⡰⣝⡛⢙⣫⢦⠿⠁
⠀⠀⠙⠷⠼⠿⢶⣝⡯⠶⠿⠃
⠀⠀⠀⠀⣀⣐⠠⣄⣰⣿⣝⣻⣿⣿⣗⡶⣄⣀
⠀⢀⠉⣟⣛⣿⠃⣸⣿⠛⠋⠋⠿⡿⠏⠋⢻⡗⣿⡟⠋
⠀⠠⢨⡽⢞⣃⠀⢿⣟⠱⣿⣵⣾⣽⣷⠗⡼⠁⣟⠯⠁
⠀⠀⢀⠰⠟⣡⣦⡀⢡⡆⠛⠻⠟⠻⠟⢰⠄⠻⡦⠁
⠀⠀⠙⢷⣮⣛⠏⣰⣦⣉⡳⣶⣶⣶⠾⣋⡼⢃
⠀⠀⠀⠀⠙⠛⠓⠮⠽⡻⠿⢦⣩⠵⠞⠩⠚⠉
⠀⠀⠀⠀⠀⠀⠀⠠⢐⡄⢰⣶⣛⣛⠻⣿⣿⣿⢗⣲⣤⡀⡠
⠀⠀⠒⢺⡿⠿⠿⠿⠆⢹⣿⣿⠷⠛⠟⣻⣿⣿⣟⠖⠿⣿⠡⣶⡶⠶⠒
⠀⠀⠉⠖⣚⣻⡭⠁⠀⣿⣿⠖⣠⣦⢤⣄⣐⣃⣤⣲⠀⡾⠁⢿⣓⠦
⠀⠈⠁⡛⢋⣵⡾⠂⡀⠙⠳⢂⢹⣿⣟⣿⣿⡿⣿⠁⡘⢁⣬⡓⠮⠡
⠀⠀⠈⣤⣝⠁⣰⣿⡿⠂⡀⢿⣤⣈⠙⠓⠀⠉⣁⣠⠟⢠⡙⠟
⠀⠀⠀⠈⠻⣷⣮⣙⠁⢸⣿⣤⣨⡙⠿⣿⣿⡿⢛⣡⡴⢋⣴
⠀⠀⠀⠀⠀⠈⠉⠛⠛⠲⠭⢝⡛⠿⠷⣌⠥⠶⠛⠩⠒⠋⠁
⠀⢀⣠⣶⣶⣞⣓⣾⣶⣖⡀⠄⡀
⣰⣿⣯⡁⠀⠀⠀⢙⣛⣒⣉⣑⣬⡆
⠈⠛⠿⠿⢿⣿⣿⣿⣿⡿⠽⠛⠿⠟
⠀⠀⠀⠀⣀⣤⡴⠶⠖⠓⠶⠶⠶⠦⢤⣄⣀⡀
⠀⢀⣴⣾⣿⠿⠛⠛⠛⠳⠦⢭⣍⣛⠒⠶⢤⣌⡑⢦⡀
⠀⣿⣿⣯⣁⠀⠀⠀⠀⠀⠀⠀⠙⠛⠛⠓⠀⠈⢙⣦⣿
⠙⢿⣿⣿⣿⣶⣤⣤⣴⣶⣶⣶⣾⣿⣿⣿⠿⢲⣿⣿⣿⣷
⠀⠀⠉⠙⠛⠛⠿⠿⢿⣿⣿⣿⣯⠴⠶⠶⠛⠋⠩⠿⠛⠁
⠀⠀⠀⠀⠀⢀⣠⣤⣤⠤⠴⠾⠷⠦⣴⠶⠦⣤⣄⣀⣀
⠀⠀⢀⣠⣶⣿⣿⣿⠶⠶⠶⠮⣭⣍⣛⠒⠶⠶⢦⣬⣄⣉⠑⠲⣄⡀
⠀⣴⣿⣿⣟⠿⠁⠀⠀⠀⠀⠀⠀⠈⠉⢹⣿⣷⣦⣤⠌⠙⠻⢶⢄⢻⣦
⢀⡿⣿⣿⣿⣶⡄⠀⠀⠀⠀⠀⠀⠀⣀⣀⣤⣭⣭⣤⣠⣀⣠⣤⣿⣿⣿⡀
⠈⠻⢿⣿⣿⣿⣿⣿⣷⣶⣿⣿⣿⣿⣿⣿⣿⣿⡿⠿⠓⣚⣿⣿⣿⣿⣿⡿
⠀⠀⠀⠈⠉⠙⠛⠛⠿⠿⠿⢿⣿⣿⣿⣿⡶⠶⠶⠿⠛⠛⠉⠡⠿⠛⠋
⠐⣶⣶⣖⡶⢒⡒⢒⡲⠶⣶⠖⣻⡃
⠼⣟⣠⡅⢤⣽⣧⣼⢭⡤⠎⣡⢸⣿
⠀⠘⠷⣟⣿⣾⣬⣿⣇⣿⣿⠷⠛⠁
⠀⠀⠀⠀⠉⢿⣷⣶⣾⡽⠂
⠀⢶⣦⣤⣶⡲⢤⣤⠤⠤⠤⠤⠤⠤⣤⢤⣖⣲⡶⠖⣿⠁
⢀⣴⣟⠓⠂⠽⠈⠁⣤⣶⡀⢀⣶⠦⠀⠈⠙⣅⠀⢛⣷⡄
⠺⢿⣇⡀⢶⣄⠐⢶⢔⡲⠥⣴⠤⢒⢴⠞⠁⠀⡶⢘⣿⡧
⠀⠀⠻⣯⣤⠭⢾⣧⣶⡆⣛⢿⣟⡁⣰⣶⣽⣛⣰⡾⠏
⠀⠀⠀⠀⠉⠙⢻⠷⣽⢾⣛⠛⠛⣻⡾⣵⠛⠁
⠀⠀⠀⠀⠀⠀⠀⠀⠺⢼⣿⣯⣭⣏⣦⠟⠁
⠀⢤⡤⣤⣤⣤⡤⠤⣤⣤⡤⠤⢤⣤⣤⠤⠤⣤⣤⡤⣴⠖⣲⣶⠶⢲⡏
⠀⣀⣽⡷⠶⠭⢉⡆⠚⠋⢀⣠⣄⠀⠀⣤⣦⡄⠉⠉⠛⢯⡃⠀⠲⣿⣥⡀
⣠⣿⣿⠉⠀⢠⡀⠠⢤⣀⣉⣩⣛⣂⠀⣋⣉⣄⣀⣤⡄⠀⢁⣠⠀⢿⣿⡇
⠀⠉⢻⣶⣦⠌⠻⢦⣠⡝⢛⣒⠉⣭⣿⣯⣥⠒⣙⣀⣦⣄⣴⢋⣀⣾⠟⠋
⠀⠀⠀⠉⠿⢿⣏⣉⣹⡗⢯⡿⣠⣤⣻⣛⣥⡄⢼⡿⢾⣯⠶⠶⠛⠋⠁
⠀⠀⠀⠀⠀⠀⠀⠉⠸⠟⢺⡟⢿⣡⣉⣉⣉⣽⠟⣷⣋⠋
⠀⠀⠀⠀⠀⠀⠀⠀⠀⠀⠘⠧⣿⢾⣧⣧⣽⣇⣷⠞⠉wrote packages/core/src/art/ncaaf/gann.xs.txt
wrote packages/core/src/art/ncaaf/gann.sm.txt
wrote packages/core/src/art/ncaaf/gann.md.txt
--- ncaaf/GWEB xs: 3 rows x 14 cells ---
--- ncaaf/GWEB sm: 5 rows x 22 cells ---
--- ncaaf/GWEB md: 7 rows x 28 cells ---
wrote packages/core/src/art/ncaaf/gweb.xs.txt
wrote packages/core/src/art/ncaaf/gweb.sm.txt
wrote packages/core/src/art/ncaaf/gweb.md.txt
--- ncaaf/GEN xs: 3 rows x 14 cells ---
--- ncaaf/GEN sm: 4 rows x 22 cells ---
--- ncaaf/GEN md: 6 rows x 28 cells ---
wrote packages/core/src/art/ncaaf/gen.xs.txt
wrote packages/core/src/art/ncaaf/gen.sm.txt
wrote packages/core/src/art/ncaaf/gen.md.txt
--- ncaaf/GFU xs: 3 rows x 14 cells ---
--- ncaaf/GFU sm: 5 rows x 21 cells ---
--- ncaaf/GFU md: 7 rows x 27 cells ---
wrote packages/core/src/art/ncaaf/gfu.xs.txt
wrote packages/core/src/art/ncaaf/gfu.sm.txt
wrote packages/core/src/art/ncaaf/gfu.md.txt
--- ncaaf/GMU xs: 3 rows x 14 cells ---
--- ncaaf/GMU sm: 4 rows x 22 cells ---
--- ncaaf/GMU md: 6 rows x 28 cells ---
wrote packages/core/src/art/ncaaf/gmu.xs.txt
wrote packages/core/src/art/ncaaf/gmu.sm.txt
wrote packages/core/src/art/ncaaf/gmu.md.txt
--- ncaaf/GTKY xs: 3 rows x 14 cells ---
--- ncaaf/GTKY sm: 4 rows x 22 cells ---
--- ncaaf/GTKY md: 5 rows x 28 cells ---
wrote packages/core/src/art/ncaaf/gtky.xs.txt
wrote packages/core/src/art/ncaaf/gtky.sm.txt
wrote packages/core/src/art/ncaaf/gtky.md.txt
--- ncaaf/GTWN xs: 3 rows x 13 cells ---
--- ncaaf/GTWN sm: 5 rows x 21 cells ---
--- ncaaf/GTWN md: 7 rows x 26 cells ---
wrote packages/core/src/art/ncaaf/gtwn.xs.txt
wrote packages/core/src/art/ncaaf/gtwn.sm.txt
wrote packages/core/src/art/ncaaf/gtwn.md.txt
--- ncaaf/UGA xs: 2 rows x 14 cells ---
--- ncaaf/UGA sm: 4 rows x 22 cells ---
--- ncaaf/UGA md: 5 rows x 28 cells ---
wrote packages/core/src/art/ncaaf/uga.xs.txt
wrote packages/core/src/art/ncaaf/uga.sm.txt
wrote packages/core/src/art/ncaaf/uga.md.txt
--- ncaaf/GASO xs: 2 rows x 14 cells ---
--- ncaaf/GASO sm: 3 rows x 22 cells ---
--- ncaaf/GASO md: 4 rows x 28 cells ---
wrote packages/core/src/art/ncaaf/gaso.xs.txt
wrote packages/core/src/art/ncaaf/gaso.sm.txt
wrote packages/core/src/art/ncaaf/gaso.md.txt
--- ncaaf/GAST xs: 3 rows x 14 cells ---
--- ncaaf/GAST sm: 5 rows x 22 cells ---
--- ncaaf/GAST md: 6 rows x 28 cells ---
wrote packages/core/src/art/ncaaf/gast.xs.txt
wrote packages/core/src/art/ncaaf/gast.sm.txt
wrote packages/core/src/art/ncaaf/gast.md.txt
--- ncaaf/GT xs: 2 rows x 14 cells ---
--- ncaaf/GT sm: 4 rows x 22 cells ---
--- ncaaf/GT md: 5 rows x 28 cells ---
wrote packages/core/src/art/ncaaf/gt.xs.txt
wrote packages/core/src/art/ncaaf/gt.sm.txt
wrote packages/core/src/art/ncaaf/gt.md.txt
--- ncaaf/GVLS xs: 4 rows x 14 cells ---
--- ncaaf/GVLS sm: 6 rows x 22 cells ---
--- ncaaf/GVLS md: 8 rows x 28 cells ---
wrote packages/core/src/art/ncaaf/gvls.xs.txt
wrote packages/core/src/art/ncaaf/gvls.sm.txt
wrote packages/core/src/art/ncaaf/gvls.md.txt
--- ncaaf/GRC xs: 4 rows x 12 cells ---
--- ncaaf/GRC sm: 6 rows x 22 cells ---
--- ncaaf/GRC md: 8 rows x 28 cells ---
wrote packages/core/src/art/ncaaf/grc.xs.txt
wrote packages/core/src/art/ncaaf/grc.sm.txt
wrote packages/core/src/art/ncaaf/grc.md.txt
--- ncaaf/GRAM xs: 2 rows x 14 cells ---
--- ncaaf/GRAM sm: 4 rows x 22 cells ---
--- ncaaf/GRAM md: 5 rows x 28 cells ---
wrote packages/core/src/art/ncaaf/gram.xs.txt
wrote packages/core/src/art/ncaaf/gram.sm.txt
wrote packages/core/src/art/ncaaf/gram.md.txt
--- ncaaf/GVSU xs: 3 rows x 14 cells ---
--- ncaaf/GVSU sm: 5 rows x 22 cells ---
--- ncaaf/GVSU md: 6 rows x 28 cells ---
wrote packages/core/src/art/ncaaf/gvsu.xs.txt
wrote packages/core/src/art/ncaaf/gvsu.sm.txt
wrote packages/core/src/art/ncaaf/gvsu.md.txt
--- ncaaf/GRNB xs: 3 rows x 14 cells ---
--- ncaaf/GRNB sm: 4 rows x 22 cells ---
--- ncaaf/GRNB md: 5 rows x 28 cells ---
wrote packages/core/src/art/ncaaf/grnb.xs.txt
wrote packages/core/src/art/ncaaf/grnb.sm.txt
wrote packages/core/src/art/ncaaf/grnb.md.txt
--- ncaaf/GRNV xs: 4 rows x 14 cells ---
--- ncaaf/GRNV sm: 6 rows x 22 cells ---
--- ncaaf/GRNV md: 7 rows x 28 cells ---
wrote packages/core/src/art/ncaaf/grnv.xs.txt
wrote packages/core/src/art/ncaaf/grnv.sm.txt
wrote packages/core/src/art/ncaaf/grnv.md.txt
--- ncaaf/GRNL xs: 4 rows x 14 cells ---
--- ncaaf/GRNL sm: 6 rows x 22 cells ---
--- ncaaf/GRNL md: 7 rows x 28 cells ---
wrote packages/core/src/art/ncaaf/grnl.xs.txt
wrote packages/core/src/art/ncaaf/grnl.sm.txt
wrote packages/core/src/art/ncaaf/grnl.md.txt
--- ncaaf/GRO xs: 5 rows x 13 cells ---
--- ncaaf/GRO sm: 8 rows x 22 cells ---
--- ncaaf/GRO md: 10 rows x 28 cells ---
wrote packages/core/src/art/ncaaf/gro.xs.txt
wrote packages/core/src/art/ncaaf/gro.sm.txt
wrote packages/core/src/art/ncaaf/gro.md.txt
--- ncaaf/GLFD xs: 3 rows x 14 cells ---
--- ncaaf/GLFD sm: 4 rows x 22 cells ---
--- ncaaf/GLFD md: 5 rows x 28 cells ---
wrote packages/core/src/art/ncaaf/glfd.xs.txt
wrote packages/core/src/art/ncaaf/glfd.sm.txt
wrote packages/core/src/art/ncaaf/glfd.md.txt
--- ncaaf/GAC xs: 5 rows x 14 cells ---
--- ncaaf/GAC sm: 7 rows x 22 cells ---
--- ncaaf/GAC md: 9 rows x 28 cells ---
wrote packages/core/src/art/ncaaf/gac.xs.txt
wrote packages/core/src/art/ncaaf/gac.sm.txt
wrote packages/core/src/art/ncaaf/gac.md.txt
--- ncaaf/HAM xs: 4 rows x 13 cells ---
--- ncaaf/HAM sm: 6 rows x 20 cells ---
--- ncaaf/HAM md: 7 rows x 25 cells ---
wrote packages/core/src/art/ncaaf/ham.xs.txt
wrote packages/core/src/art/ncaaf/ham.sm.txt
wrote packages/core/src/art/ncaaf/ham.md.txt
--- ncaaf/HMLN xs: 4 rows x 13 cells ---
--- ncaaf/HMLN sm: 6 rows x 22 cells ---
--- ncaaf/HMLN md: 7 rows x 28 cells ---
wrote packages/core/src/art/ncaaf/hmln.xs.txt
wrote packages/core/src/art/ncaaf/hmln.sm.txt
wrote packages/core/src/art/ncaaf/hmln.md.txt
--- ncaaf/HSC xs: 4 rows x 14 cells ---
--- ncaaf/HSC sm: 7 rows x 22 cells ---
--- ncaaf/HSC md: 8 rows x 28 cells ---
wrote packages/core/src/art/ncaaf/hsc.xs.txt
wrote packages/core/src/art/ncaaf/hsc.sm.txt
wrote packages/core/src/art/ncaaf/hsc.md.txt
--- ncaaf/HAMP xs: 3 rows x 14 cells ---
--- ncaaf/HAMP sm: 5 rows x 22 cells ---
--- ncaaf/HAMP md: 6 rows x 28 cells ---
wrote packages/core/src/art/ncaaf/hamp.xs.txt
wrote packages/core/src/art/ncaaf/hamp.sm.txt
wrote packages/core/src/art/ncaaf/hamp.md.txt
--- ncaaf/HNVR xs: 2 rows x 14 cells ---
--- ncaaf/HNVR sm: 3 rows x 22 cells ---
--- ncaaf/HNVR md: 4 rows x 28 cells ---
wrote packages/core/src/art/ncaaf/hnvr.xs.txt
wrote packages/core/src/art/ncaaf/hnvr.sm.txt
wrote packages/core/src/art/ncaaf/hnvr.md.txt
--- ncaaf/HSU xs: 2 rows x 14 cells ---
--- ncaaf/HSU sm: 2 rows x 22 cells ---
--- ncaaf/HSU md: 3 rows x 28 cells ---
wrote packages/core/src/art/ncaaf/hsu.xs.txt
wrote packages/core/src/art/ncaaf/hsu.sm.txt
wrote packages/core/src/art/ncaaf/hsu.md.txt
--- ncaaf/HARD xs: 3 rows x 13 cells ---
--- ncaaf/HARD sm: 4 rows x 21 cells ---
--- ncaaf/HARD md: 5 rows x 26 cells ---
wrote packages/core/src/art/ncaaf/hard.xs.txt
wrote packages/core/src/art/ncaaf/hard.sm.txt
wrote packages/core/src/art/ncaaf/hard.md.txt
--- ncaaf/HRTW xs: 2 rows x 14 cells ---
--- ncaaf/HRTW sm: 3 rows x 22 cells ---
--- ncaaf/HRTW md: 4 rows x 28 cells ---
wrote packages/core/src/art/ncaaf/hrtw.xs.txt
wrote packages/core/src/art/ncaaf/hrtw.sm.txt
wrote packages/core/src/art/ncaaf/hrtw.md.txt
--- ncaaf/HARV xs: 5 rows x 14 cells ---
--- ncaaf/HARV sm: 7 rows x 22 cells ---
--- ncaaf/HARV md: 9 rows x 28 cells ---
wrote packages/core/src/art/ncaaf/harv.xs.txt
wrote packages/core/src/art/ncaaf/harv.sm.txt
wrote packages/core/src/art/ncaaf/harv.md.txt
--- ncaaf/HAW xs: 3 rows x 13 cells ---
--- ncaaf/HAW sm: 4 rows x 21 cells ---
--- ncaaf/HAW md: 6 rows x 27 cells ---
wrote packages/core/src/art/ncaaf/haw.xs.txt
wrote packages/core/src/art/ncaaf/haw.sm.txt
wrote packages/core/src/art/ncaaf/haw.md.txt
--- ncaaf/HDBG xs: 3 rows x 14 cells ---
--- ncaaf/HDBG sm: 5 rows x 22 cells ---
--- ncaaf/HDBG md: 6 rows x 27 cells ---
wrote packages/core/src/art/ncaaf/hdbg.xs.txt
wrote packages/core/src/art/ncaaf/hdbg.sm.txt
wrote packages/core/src/art/ncaaf/hdbg.md.txt
--- ncaaf/HSTU xs: 2 rows x 14 cells ---
--- ncaaf/HSTU sm: 3 rows x 22 cells ---
--- ncaaf/HSTU md: 4 rows x 28 cells ---
wrote packages/core/src/art/ncaaf/hstu.xs.txt
wrote packages/core/src/art/ncaaf/hstu.sm.txt
wrote packages/core/src/art/ncaaf/hstu.md.txt
--- ncaaf/HDX xs: 5 rows x 14 cells ---
--- ncaaf/HDX sm: 8 rows x 22 cells ---
--- ncaaf/HDX md: 10 rows x 28 cells ---
wrote packages/core/src/art/ncaaf/hdx.xs.txt
wrote packages/core/src/art/ncaaf/hdx.sm.txt
wrote packages/core/src/art/ncaaf/hdx.md.txt
--- ncaaf/HLBT xs: 2 rows x 14 cells ---
--- ncaaf/HLBT sm: 3 rows x 22 cells ---
--- ncaaf/HLBT md: 4 rows x 28 cells ---
wrote packages/core/src/art/ncaaf/hlbt.xs.txt
wrote packages/core/src/art/ncaaf/hlbt.sm.txt
wrote packages/core/src/art/ncaaf/hlbt.md.txt
--- ncaaf/HLDL xs: 3 rows x 14 cells ---
--- ncaaf/HLDL sm: 5 rows x 22 cells ---
--- ncaaf/HLDL md: 7 rows x 28 cells ---
wrote packages/core/src/art/ncaaf/hldl.xs.txt
wrote packages/core/src/art/ncaaf/hldl.sm.txt
wrote packages/core/src/art/ncaaf/hldl.md.txt
--- ncaaf/HIRM xs: 3 rows x 11 cells ---
--- ncaaf/HIRM sm: 5 rows x 22 cells ---
--- ncaaf/HIRM md: 6 rows x 28 cells ---
wrote packages/core/src/art/ncaaf/hirm.xs.txt
wrote packages/core/src/art/ncaaf/hirm.sm.txt
wrote packages/core/src/art/ncaaf/hirm.md.txt
--- ncaaf/HBRT xs: 4 rows x 14 cells ---
--- ncaaf/HBRT sm: 6 rows x 22 cells ---
--- ncaaf/HBRT md: 8 rows x 28 cells ---
wrote packages/core/src/art/ncaaf/hbrt.xs.txt
wrote packages/core/src/art/ncaaf/hbrt.sm.txt
wrote packages/core/src/art/ncaaf/hbrt.md.txt
--- ncaaf/HC xs: 4 rows x 14 cells ---
--- ncaaf/HC sm: 7 rows x 22 cells ---
--- ncaaf/HC md: 9 rows x 28 cells ---
wrote packages/core/src/art/ncaaf/hc.xs.txt
wrote packages/core/src/art/ncaaf/hc.sm.txt
wrote packages/core/src/art/ncaaf/hc.md.txt
--- ncaaf/HOPE xs: 4 rows x 14 cells ---
--- ncaaf/HOPE sm: 6 rows x 22 cells ---
--- ncaaf/HOPE md: 8 rows x 28 cells ---
wrote packages/core/src/art/ncaaf/hope.xs.txt
wrote packages/core/src/art/ncaaf/hope.sm.txt
wrote packages/core/src/art/ncaaf/hope.md.txt
--- ncaaf/HCU xs: 4 rows x 14 cells ---
--- ncaaf/HCU sm: 6 rows x 22 cells ---
--- ncaaf/HCU md: 8 rows x 28 cells ---
wrote packages/core/src/art/ncaaf/hcu.xs.txt
wrote packages/core/src/art/ncaaf/hcu.sm.txt
wrote packages/core/src/art/ncaaf/hcu.md.txt
--- ncaaf/HOU xs: 4 rows x 14 cells ---
--- ncaaf/HOU sm: 5 rows x 22 cells ---
--- ncaaf/HOU md: 7 rows x 28 cells ---
wrote packages/core/src/art/ncaaf/hou.xs.txt
wrote packages/core/src/art/ncaaf/hou.sm.txt
wrote packages/core/src/art/ncaaf/hou.md.txt
--- ncaaf/HOW xs: 3 rows x 14 cells ---
--- ncaaf/HOW sm: 5 rows x 22 cells ---
--- ncaaf/HOW md: 6 rows x 28 cells ---
wrote packages/core/src/art/ncaaf/how.xs.txt
wrote packages/core/src/art/ncaaf/how.sm.txt
wrote packages/core/src/art/ncaaf/how.md.txt
--- ncaaf/HWPU xs: 2 rows x 13 cells ---
--- ncaaf/HWPU sm: 3 rows x 21 cells ---
--- ncaaf/HWPU md: 4 rows x 26 cells ---
wrote packages/core/src/art/ncaaf/hwpu.xs.txt
wrote packages/core/src/art/ncaaf/hwpu.sm.txt
wrote packages/core/src/art/ncaaf/hwpu.md.txt
--- ncaaf/HNTC xs: 4 rows x 14 cells ---
--- ncaaf/HNTC sm: 6 rows x 22 cells ---
--- ncaaf/HNTC md: 7 rows x 28 cells ---
wrote packages/core/src/art/ncaaf/hntc.xs.txt
wrote packages/core/src/art/ncaaf/hntc.sm.txt
wrote packages/core/src/art/ncaaf/hntc.md.txt
--- ncaaf/HUSS xs: 4 rows x 14 cells ---
--- ncaaf/HUSS sm: 5 rows x 22 cells ---
--- ncaaf/HUSS md: 7 rows x 27 cells ---
wrote packages/core/src/art/ncaaf/huss.xs.txt
wrote packages/core/src/art/ncaaf/huss.sm.txt
wrote packages/core/src/art/ncaaf/huss.md.txt
--- ncaaf/IUP xs: 2 rows x 14 cells ---
--- ncaaf/IUP sm: 3 rows x 21 cells ---
--- ncaaf/IUP md: 4 rows x 27 cells ---
wrote packages/core/src/art/ncaaf/iup.xs.txt
wrote packages/core/src/art/ncaaf/iup.sm.txt
wrote packages/core/src/art/ncaaf/iup.md.txt
--- ncaaf/IDST xs: 4 rows x 14 cells ---
--- ncaaf/IDST sm: 6 rows x 22 cells ---
--- ncaaf/IDST md: 7 rows x 28 cells ---
wrote packages/core/src/art/ncaaf/idst.xs.txt
wrote packages/core/src/art/ncaaf/idst.sm.txt
wrote packages/core/src/art/ncaaf/idst.md.txt
--- ncaaf/IDHO xs: 4 rows x 14 cells ---
--- ncaaf/IDHO sm: 6 rows x 22 cells ---
--- ncaaf/IDHO md: 8 rows x 28 cells ---
wrote packages/core/src/art/ncaaf/idho.xs.txt
wrote packages/core/src/art/ncaaf/idho.sm.txt
wrote packages/core/src/art/ncaaf/idho.md.txt
--- ncaaf/ILLC xs: 6 rows x 14 cells ---
--- ncaaf/ILLC sm: 10 rows x 22 cells ---
--- ncaaf/ILLC md: 12 rows x 28 cells ---
wrote packages/core/src/art/ncaaf/illc.xs.txt
wrote packages/core/src/art/ncaaf/illc.sm.txt
wrote packages/core/src/art/ncaaf/illc.md.txt
--- ncaaf/ILL xs: 5 rows x 14 cells ---
--- ncaaf/ILL sm: 8 rows x 22 cells ---
--- ncaaf/ILL md: 10 rows x 28 cells ---
wrote packages/core/src/art/ncaaf/ill.xs.txt
wrote packages/core/src/art/ncaaf/ill.sm.txt
wrote packages/core/src/art/ncaaf/ill.md.txt
--- ncaaf/ILST xs: 2 rows x 14 cells ---
--- ncaaf/ILST sm: 4 rows x 22 cells ---
--- ncaaf/ILST md: 4 rows x 28 cells ---
wrote packages/core/src/art/ncaaf/ilst.xs.txt
wrote packages/core/src/art/ncaaf/ilst.sm.txt
wrote packages/core/src/art/ncaaf/ilst.md.txt
--- ncaaf/ILWU xs: 4 rows x 13 cells ---
--- ncaaf/ILWU sm: 6 rows x 21 cells ---
--- ncaaf/ILWU md: 8 rows x 27 cells ---
wrote packages/core/src/art/ncaaf/ilwu.xs.txt
wrote packages/core/src/art/ncaaf/ilwu.sm.txt
wrote packages/core/src/art/ncaaf/ilwu.md.txt
--- ncaaf/UIW xs: 2 rows x 14 cells ---
--- ncaaf/UIW sm: 3 rows x 22 cells ---
--- ncaaf/UIW md: 4 rows x 28 cells ---
wrote packages/core/src/art/ncaaf/uiw.xs.txt
wrote packages/core/src/art/ncaaf/uiw.sm.txt
wrote packages/core/src/art/ncaaf/uiw.md.txt
--- ncaaf/IU xs: 5 rows x 14 cells ---
--- ncaaf/IU sm: 7 rows x 22 cells ---
--- ncaaf/IU md: 9 rows x 28 cells ---
wrote packages/core/src/art/ncaaf/iu.xs.txt
wrote packages/core/src/art/ncaaf/iu.sm.txt
wrote packages/core/src/art/ncaaf/iu.md.txt
--- ncaaf/INST xs: 3 rows x 14 cells ---
--- ncaaf/INST sm: 5 rows x 22 cells ---
--- ncaaf/INST md: 6 rows x 28 cells ---
wrote packages/core/src/art/ncaaf/inst.xs.txt
wrote packages/core/src/art/ncaaf/inst.sm.txt
wrote packages/core/src/art/ncaaf/inst.md.txt
--- ncaaf/INDY xs: 3 rows x 14 cells ---
--- ncaaf/INDY sm: 5 rows x 22 cells ---
--- ncaaf/INDY md: 6 rows x 28 cells ---
wrote packages/core/src/art/ncaaf/indy.xs.txt
wrote packages/core/src/art/ncaaf/indy.sm.txt
wrote packages/core/src/art/ncaaf/indy.md.txt
--- ncaaf/IOWA xs: 2 rows x 14 cells ---
--- ncaaf/IOWA sm: 4 rows x 22 cells ---
--- ncaaf/IOWA md: 5 rows x 28 cells ---
wrote packages/core/src/art/ncaaf/iowa.xs.txt
wrote packages/core/src/art/ncaaf/iowa.sm.txt
wrote packages/core/src/art/ncaaf/iowa.md.txt
--- ncaaf/ISU xs: 3 rows x 14 cells ---
--- ncaaf/ISU sm: 4 rows x 22 cells ---
--- ncaaf/ISU md: 5 rows x 28 cells ---
wrote packages/core/src/art/ncaaf/isu.xs.txt
wrote packages/core/src/art/ncaaf/isu.sm.txt
wrote packages/core/src/art/ncaaf/isu.md.txt
--- ncaaf/ITH xs: 3 rows x 14 cells ---
--- ncaaf/ITH sm: 5 rows x 22 cells ---
--- ncaaf/ITH md: 6 rows x 28 cells ---
wrote packages/core/src/art/ncaaf/ith.xs.txt
wrote packages/core/src/art/ncaaf/ith.sm.txt
wrote packages/core/src/art/ncaaf/ith.md.txt
--- ncaaf/JKST xs: 2 rows x 13 cells ---
--- ncaaf/JKST sm: 4 rows x 21 cells ---
--- ncaaf/JKST md: 5 rows x 28 cells ---
wrote packages/core/src/art/ncaaf/jkst.xs.txt
wrote packages/core/src/art/ncaaf/jkst.sm.txt
wrote packages/core/src/art/ncaaf/jkst.md.txt
--- ncaaf/JXST xs: 3 rows x 14 cells ---
--- ncaaf/JXST sm: 4 rows x 22 cells ---
--- ncaaf/JXST md: 5 rows x 28 cells ---
wrote packages/core/src/art/ncaaf/jxst.xs.txt
wrote packages/core/src/art/ncaaf/jxst.sm.txt
wrote packages/core/src/art/ncaaf/jxst.md.txt
--- ncaaf/JMU xs: 1 rows x 14 cells ---
--- ncaaf/JMU sm: 2 rows x 22 cells ---
--- ncaaf/JMU md: 3 rows x 28 cells ---
wrote packages/core/src/art/ncaaf/jmu.xs.txt
wrote packages/core/src/art/ncaaf/jmu.sm.txt
wrote packages/core/src/art/ncaaf/jmu.md.txt
--- ncaaf/JCU xs: 4 rows x 13 cells ---
--- ncaaf/JCU sm: 6 rows x 20 cells ---
--- ncaaf/JCU md: 7 rows x 26 cells ---
wrote packages/core/src/art/ncaaf/jcu.xs.txt
wrote packages/core/src/art/ncaaf/jcu.sm.txt
wrote packages/core/src/art/ncaaf/jcu.md.txt
--- ncaaf/JHU xs: 4 rows x 14 cells ---
--- ncaaf/JHU sm: 6 rows x 22 cells ---
--- ncaaf/JHU md: 7 rows x 28 cells ---
wrote packages/core/src/art/ncaaf/jhu.xs.txt
wrote packages/core/src/art/ncaaf/jhu.sm.txt
wrote packages/core/src/art/ncaaf/jhu.md.txt
--- ncaaf/JCSU xs: 3 rows x 14 cells ---
--- ncaaf/JCSU sm: 5 rows x 22 cells ---
--- ncaaf/JCSU md: 6 rows x 28 cells ---
wrote packages/core/src/art/ncaaf/jcsu.xs.txt
wrote packages/core/src/art/ncaaf/jcsu.sm.txt
wrote packages/core/src/art/ncaaf/jcsu.md.txt
--- ncaaf/JUN xs: 3 rows x 14 cells ---
--- ncaaf/JUN sm: 4 rows x 22 cells ---
--- ncaaf/JUN md: 5 rows x 28 cells ---
wrote packages/core/src/art/ncaaf/jun.xs.txt
wrote packages/core/src/art/ncaaf/jun.sm.txt
wrote packages/core/src/art/ncaaf/jun.md.txt
--- ncaaf/KALC xs: 4 rows x 14 cells ---
--- ncaaf/KALC sm: 6 rows x 22 cells ---
--- ncaaf/KALC md: 8 rows x 28 cells ---
wrote packages/core/src/art/ncaaf/kalc.xs.txt
wrote packages/core/src/art/ncaaf/kalc.sm.txt
wrote packages/core/src/art/ncaaf/kalc.md.txt
--- ncaaf/KU xs: 3 rows x 14 cells ---
--- ncaaf/KU sm: 5 rows x 22 cells ---
--- ncaaf/KU md: 6 rows x 28 cells ---
wrote packages/core/src/art/ncaaf/ku.xs.txt
wrote packages/core/src/art/ncaaf/ku.sm.txt
wrote packages/core/src/art/ncaaf/ku.md.txt
--- ncaaf/KSU xs: 3 rows x 14 cells ---
--- ncaaf/KSU sm: 4 rows x 22 cells ---
--- ncaaf/KSU md: 5 rows x 28 cells ---
wrote packages/core/src/art/ncaaf/ksu.xs.txt
wrote packages/core/src/art/ncaaf/ksu.sm.txt
wrote packages/core/src/art/ncaaf/ksu.md.txt
--- ncaaf/KEAN xs: 4 rows x 14 cells ---
--- ncaaf/KEAN sm: 6 rows x 22 cells ---
--- ncaaf/KEAN md: 8 rows x 28 cells ---
wrote packages/core/src/art/ncaaf/kean.xs.txt
wrote packages/core/src/art/ncaaf/kean.sm.txt
wrote packages/core/src/art/ncaaf/kean.md.txt
--- ncaaf/KENN xs: 4 rows x 13 cells ---
--- ncaaf/KENN sm: 5 rows x 21 cells ---
--- ncaaf/KENN md: 7 rows x 26 cells ---
wrote packages/core/src/art/ncaaf/kenn.xs.txt
wrote packages/core/src/art/ncaaf/kenn.sm.txt
wrote packages/core/src/art/ncaaf/kenn.md.txt
--- ncaaf/KENT xs: 2 rows x 14 cells ---
--- ncaaf/KENT sm: 3 rows x 22 cells ---
--- ncaaf/KENT md: 4 rows x 28 cells ---
wrote packages/core/src/art/ncaaf/kent.xs.txt
wrote packages/core/src/art/ncaaf/kent.sm.txt
wrote packages/core/src/art/ncaaf/kent.md.txt
--- ncaaf/KYSU xs: 2 rows x 13 cells ---
--- ncaaf/KYSU sm: 2 rows x 20 cells ---
--- ncaaf/KYSU md: 3 rows x 25 cells ---
wrote packages/core/src/art/ncaaf/kysu.xs.txt
wrote packages/core/src/art/ncaaf/kysu.sm.txt
wrote packages/core/src/art/ncaaf/kysu.md.txt
--- ncaaf/KWC xs: 3 rows x 14 cells ---
--- ncaaf/KWC sm: 4 rows x 22 cells ---
--- ncaaf/KWC md: 5 rows x 28 cells ---
wrote packages/core/src/art/ncaaf/kwc.xs.txt
wrote packages/core/src/art/ncaaf/kwc.sm.txt
wrote packages/core/src/art/ncaaf/kwc.md.txt
--- ncaaf/UK xs: 3 rows x 14 cells ---
--- ncaaf/UK sm: 5 rows x 22 cells ---
--- ncaaf/UK md: 6 rows x 28 cells ---
wrote packages/core/src/art/ncaaf/uk.xs.txt
wrote packages/core/src/art/ncaaf/uk.sm.txt
wrote packages/core/src/art/ncaaf/uk.md.txt
--- ncaaf/KNY xs: 4 rows x 14 cells ---
--- ncaaf/KNY sm: 6 rows x 22 cells ---
--- ncaaf/KNY md: 8 rows x 28 cells ---
wrote packages/core/src/art/ncaaf/kny.xs.txt
wrote packages/core/src/art/ncaaf/kny.sm.txt
wrote packages/core/src/art/ncaaf/kny.md.txt
--- ncaaf/KYSN xs: 2 rows x 14 cells ---
--- ncaaf/KYSN sm: 2 rows x 22 cells ---
--- ncaaf/KYSN md: 3 rows x 28 cells ---
wrote packages/core/src/art/ncaaf/kysn.xs.txt
wrote packages/core/src/art/ncaaf/kysn.sm.txt
wrote packages/core/src/art/ncaaf/kysn.md.txt
--- ncaaf/KNGS xs: 3 rows x 14 cells ---
--- ncaaf/KNGS sm: 5 rows x 22 cells ---
--- ncaaf/KNGS md: 6 rows x 28 cells ---
wrote packages/core/src/art/ncaaf/kngs.xs.txt
wrote packages/core/src/art/ncaaf/kngs.sm.txt
wrote packages/core/src/art/ncaaf/kngs.md.txt
--- ncaaf/KNOX xs: 2 rows x 13 cells ---
--- ncaaf/KNOX sm: 4 rows x 22 cells ---
--- ncaaf/KNOX md: 5 rows x 27 cells ---
wrote packages/core/src/art/ncaaf/knox.xs.txt
wrote packages/core/src/art/ncaaf/knox.sm.txt
wrote packages/core/src/art/ncaaf/knox.md.txt
--- ncaaf/KUTZ xs: 3 rows x 14 cells ---
--- ncaaf/KUTZ sm: 5 rows x 22 cells ---
--- ncaaf/KUTZ md: 7 rows x 28 cells ---
wrote packages/core/src/art/ncaaf/kutz.xs.txt
wrote packages/core/src/art/ncaaf/kutz.sm.txt
wrote packages/core/src/art/ncaaf/kutz.md.txt
--- ncaaf/LSU xs: 1 rows x 14 cells ---
--- ncaaf/LSU sm: 2 rows x 22 cells ---
--- ncaaf/LSU md: 3 rows x 28 cells ---
wrote packages/core/src/art/ncaaf/lsu.xs.txt
wrote packages/core/src/art/ncaaf/lsu.sm.txt
wrote packages/core/src/art/ncaaf/lsu.md.txt
--- ncaaf/ULV xs: 3 rows x 14 cells ---
--- ncaaf/ULV sm: 5 rows x 22 cells ---
--- ncaaf/ULV md: 6 rows x 28 cells ---
wrote packages/core/src/art/ncaaf/ulv.xs.txt
wrote packages/core/src/art/ncaaf/ulv.sm.txt
wrote packages/core/src/art/ncaaf/ulv.md.txt
--- ncaaf/LGC xs: 3 rows x 14 cells ---
--- ncaaf/LGC sm: 5 rows x 22 cells ---
--- ncaaf/LGC md: 6 rows x 28 cells ---
wrote packages/core/src/art/ncaaf/lgc.xs.txt
wrote packages/core/src/art/ncaaf/lgc.sm.txt
wrote packages/core/src/art/ncaaf/lgc.md.txt
--- ncaaf/LAF xs: 4 rows x 14 cells ---
--- ncaaf/LAF sm: 5 rows x 22 cells ---
--- ncaaf/LAF md: 7 rows x 28 cells ---
wrote packages/core/src/art/ncaaf/laf.xs.txt
wrote packages/core/src/art/ncaaf/laf.sm.txt
wrote packages/core/src/art/ncaaf/laf.md.txt
--- ncaaf/LKER xs: 3 rows x 14 cells ---
--- ncaaf/LKER sm: 5 rows x 22 cells ---
--- ncaaf/LKER md: 6 rows x 28 cells ---
wrote packages/core/src/art/ncaaf/lker.xs.txt
wrote packages/core/src/art/ncaaf/lker.sm.txt
wrote packages/core/src/art/ncaaf/lker.md.txt
--- ncaaf/LFC xs: 2 rows x 14 cells ---
--- ncaaf/LFC sm: 3 rows x 22 cells ---
--- ncaaf/LFC md: 4 rows x 28 cells ---
wrote packages/core/src/art/ncaaf/lfc.xs.txt
wrote packages/core/src/art/ncaaf/lfc.sm.txt
wrote packages/core/src/art/ncaaf/lfc.md.txt
--- ncaaf/LKLD xs: 3 rows x 14 cells ---
--- ncaaf/LKLD sm: 5 rows x 22 cells ---
--- ncaaf/LKLD md: 6 rows x 28 cells ---
wrote packages/core/src/art/ncaaf/lkld.xs.txt
wrote packages/core/src/art/ncaaf/lkld.sm.txt
wrote packages/core/src/art/ncaaf/lkld.md.txt
--- ncaaf/LAM xs: 4 rows x 14 cells ---
--- ncaaf/LAM sm: 6 rows x 22 cells ---
--- ncaaf/LAM md: 7 rows x 28 cells ---
wrote packages/core/src/art/ncaaf/lam.xs.txt
wrote packages/core/src/art/ncaaf/lam.sm.txt
wrote packages/core/src/art/ncaaf/lam.md.txt
--- ncaaf/LANE xs: 2 rows x 14 cells ---
--- ncaaf/LANE sm: 3 rows x 22 cells ---
--- ncaaf/LANE md: 4 rows x 28 cells ---
wrote packages/core/src/art/ncaaf/lane.xs.txt
wrote packages/core/src/art/ncaaf/lane.sm.txt
wrote packages/core/src/art/ncaaf/lane.md.txt
--- ncaaf/LAW xs: 3 rows x 12 cells ---
--- ncaaf/LAW sm: 4 rows x 20 cells ---
--- ncaaf/LAW md: 5 rows x 25 cells ---
wrote packages/core/src/art/ncaaf/law.xs.txt
wrote packages/core/src/art/ncaaf/law.sm.txt
wrote packages/core/src/art/ncaaf/law.md.txt
--- ncaaf/LVC xs: 3 rows x 14 cells ---
--- ncaaf/LVC sm: 5 rows x 22 cells ---
--- ncaaf/LVC md: 6 rows x 28 cells ---
wrote packages/core/src/art/ncaaf/lvc.xs.txt
wrote packages/core/src/art/ncaaf/lvc.sm.txt
wrote packages/core/src/art/ncaaf/lvc.md.txt
--- ncaaf/LEH xs: 4 rows x 14 cells ---
--- ncaaf/LEH sm: 6 rows x 22 cells ---
--- ncaaf/LEH md: 7 rows x 28 cells ---
wrote packages/core/src/art/ncaaf/leh.xs.txt
wrote packages/core/src/art/ncaaf/leh.sm.txt
wrote packages/core/src/art/ncaaf/leh.md.txt
--- ncaaf/LENR xs: 4 rows x 14 cells ---
--- ncaaf/LENR sm: 6 rows x 22 cells ---
--- ncaaf/LENR md: 7 rows x 28 cells ---
wrote packages/core/src/art/ncaaf/lenr.xs.txt
wrote packages/core/src/art/ncaaf/lenr.sm.txt
wrote packages/core/src/art/ncaaf/lenr.md.txt
--- ncaaf/LC xs: 3 rows x 14 cells ---
--- ncaaf/LC sm: 4 rows x 22 cells ---
--- ncaaf/LC md: 5 rows x 27 cells ---
wrote packages/core/src/art/ncaaf/lc.xs.txt
wrote packages/core/src/art/ncaaf/lc.sm.txt
wrote packages/core/src/art/ncaaf/lc.md.txt
--- ncaaf/LIB xs: 3 rows x 14 cells ---
--- ncaaf/LIB sm: 5 rows x 22 cells ---
--- ncaaf/LIB md: 7 rows x 28 cells ---
wrote packages/core/src/art/ncaaf/lib.xs.txt
wrote packages/core/src/art/ncaaf/lib.sm.txt
wrote packages/core/src/art/ncaaf/lib.md.txt
--- ncaaf/LNCA xs: 3 rows x 14 cells ---
--- ncaaf/LNCA sm: 5 rows x 22 cells ---
--- ncaaf/LNCA md: 6 rows x 28 cells ---
wrote packages/core/src/art/ncaaf/lnca.xs.txt
wrote packages/core/src/art/ncaaf/lnca.sm.txt
wrote packages/core/src/art/ncaaf/lnca.md.txt
--- ncaaf/LNMO xs: 4 rows x 14 cells ---
--- ncaaf/LNMO sm: 6 rows x 22 cells ---
--- ncaaf/LNMO md: 7 rows x 28 cells ---
wrote packages/core/src/art/ncaaf/lnmo.xs.txt
wrote packages/core/src/art/ncaaf/lnmo.sm.txt
wrote packages/core/src/art/ncaaf/lnmo.md.txt
--- ncaaf/LNPA xs: 3 rows x 14 cells ---
--- ncaaf/LNPA sm: 5 rows x 22 cells ---
--- ncaaf/LNPA md: 6 rows x 28 cells ---
wrote packages/core/src/art/ncaaf/lnpa.xs.txt
wrote packages/core/src/art/ncaaf/lnpa.sm.txt
wrote packages/core/src/art/ncaaf/lnpa.md.txt
--- ncaaf/LIN xs: 3 rows x 14 cells ---
--- ncaaf/LIN sm: 4 rows x 22 cells ---
--- ncaaf/LIN md: 5 rows x 28 cells ---
wrote packages/core/src/art/ncaaf/lin.xs.txt
wrote packages/core/src/art/ncaaf/lin.sm.txt
wrote packages/core/src/art/ncaaf/lin.md.txt
--- ncaaf/LINF xs: 4 rows x 14 cells ---
--- ncaaf/LINF sm: 6 rows x 22 cells ---
--- ncaaf/LINF md: 8 rows x 28 cells ---
wrote packages/core/src/art/ncaaf/linf.xs.txt
wrote packages/core/src/art/ncaaf/linf.sm.txt
wrote packages/core/src/art/ncaaf/linf.md.txt
--- ncaaf/LIV xs: 3 rows x 14 cells ---
--- ncaaf/LIV sm: 5 rows x 22 cells ---
--- ncaaf/LIV md: 7 rows x 28 cells ---
wrote packages/core/src/art/ncaaf/liv.xs.txt
wrote packages/core/src/art/ncaaf/liv.sm.txt
wrote packages/core/src/art/ncaaf/liv.md.txt
--- ncaaf/LHU xs: 3 rows x 14 cells ---
--- ncaaf/LHU sm: 5 rows x 22 cells ---
--- ncaaf/LHU md: 6 rows x 28 cells ---
wrote packages/core/src/art/ncaaf/lhu.xs.txt
wrote packages/core/src/art/ncaaf/lhu.sm.txt
wrote packages/core/src/art/ncaaf/lhu.md.txt
--- ncaaf/LIU xs: 4 rows x 14 cells ---
--- ncaaf/LIU sm: 6 rows x 22 cells ---
--- ncaaf/LIU md: 8 rows x 28 cells ---
wrote packages/core/src/art/ncaaf/liu.xs.txt
wrote packages/core/src/art/ncaaf/liu.sm.txt
wrote packages/core/src/art/ncaaf/liu.md.txt
--- ncaaf/LOR xs: 3 rows x 14 cells ---
--- ncaaf/LOR sm: 4 rows x 22 cells ---
--- ncaaf/LOR md: 5 rows x 27 cells ---
wrote packages/core/src/art/ncaaf/lor.xs.txt
wrote packages/core/src/art/ncaaf/lor.sm.txt
wrote packages/core/src/art/ncaaf/lor.md.txt
--- ncaaf/UL xs: 2 rows x 14 cells ---
--- ncaaf/UL sm: 3 rows x 21 cells ---
--- ncaaf/UL md: 4 rows x 27 cells ---
wrote packages/core/src/art/ncaaf/ul.xs.txt
wrote packages/core/src/art/ncaaf/ul.sm.txt
wrote packages/core/src/art/ncaaf/ul.md.txt
--- ncaaf/LT xs: 3 rows x 14 cells ---
--- ncaaf/LT sm: 5 rows x 22 cells ---
--- ncaaf/LT md: 7 rows x 28 cells ---
wrote packages/core/src/art/ncaaf/lt.xs.txt
wrote packages/core/src/art/ncaaf/lt.sm.txt
wrote packages/core/src/art/ncaaf/lt.md.txt
--- ncaaf/LOU xs: 4 rows x 14 cells ---
--- ncaaf/LOU sm: 6 rows x 22 cells ---
--- ncaaf/LOU md: 8 rows x 28 cells ---
wrote packages/core/src/art/ncaaf/lou.xs.txt
wrote packages/core/src/art/ncaaf/lou.sm.txt
wrote packages/core/src/art/ncaaf/lou.md.txt
--- ncaaf/LUTH xs: 3 rows x 14 cells ---
--- ncaaf/LUTH sm: 5 rows x 22 cells ---
--- ncaaf/LUTH md: 6 rows x 28 cells ---
wrote packages/core/src/art/ncaaf/luth.xs.txt
wrote packages/core/src/art/ncaaf/luth.sm.txt
wrote packages/core/src/art/ncaaf/luth.md.txt
--- ncaaf/LYCO xs: 3 rows x 14 cells ---
--- ncaaf/LYCO sm: 5 rows x 22 cells ---
--- ncaaf/LYCO md: 6 rows x 28 cells ---
wrote packages/core/src/art/ncaaf/lyco.xs.txt
wrote packages/core/src/art/ncaaf/lyco.sm.txt
wrote packages/core/src/art/ncaaf/lyco.md.txt
--- ncaaf/MIT xs: 4 rows x 13 cells ---
--- ncaaf/MIT sm: 6 rows x 21 cells ---
--- ncaaf/MIT md: 8 rows x 27 cells ---
wrote packages/core/src/art/ncaaf/mit.xs.txt
wrote packages/core/src/art/ncaaf/mit.sm.txt
wrote packages/core/src/art/ncaaf/mit.md.txt
--- ncaaf/MAC xs: 5 rows x 14 cells ---
--- ncaaf/MAC sm: 7 rows x 22 cells ---
--- ncaaf/MAC md: 9 rows x 28 cells ---
wrote packages/core/src/art/ncaaf/mac.xs.txt
wrote packages/core/src/art/ncaaf/mac.sm.txt
wrote packages/core/src/art/ncaaf/mac.md.txt
--- ncaaf/ME xs: 3 rows x 12 cells ---
--- ncaaf/ME sm: 4 rows x 22 cells ---
--- ncaaf/ME md: 6 rows x 28 cells ---
wrote packages/core/src/art/ncaaf/me.xs.txt
wrote packages/core/src/art/ncaaf/me.sm.txt
wrote packages/core/src/art/ncaaf/me.md.txt
--- ncaaf/MNCH xs: 7 rows x 14 cells ---
--- ncaaf/MNCH sm: 10 rows x 22 cells ---
--- ncaaf/MNCH md: 13 rows x 28 cells ---
wrote packages/core/src/art/ncaaf/mnch.xs.txt
wrote packages/core/src/art/ncaaf/mnch.sm.txt
wrote packages/core/src/art/ncaaf/mnch.md.txt
--- ncaaf/MNFD xs: 3 rows x 14 cells ---
--- ncaaf/MNFD sm: 4 rows x 22 cells ---
--- ncaaf/MNFD md: 5 rows x 28 cells ---
wrote packages/core/src/art/ncaaf/mnfd.xs.txt
wrote packages/core/src/art/ncaaf/mnfd.sm.txt
wrote packages/core/src/art/ncaaf/mnfd.md.txt
--- ncaaf/MRTT xs: 3 rows x 14 cells ---
--- ncaaf/MRTT sm: 5 rows x 22 cells ---
--- ncaaf/MRTT md: 7 rows x 28 cells ---
wrote packages/core/src/art/ncaaf/mrtt.xs.txt
wrote packages/core/src/art/ncaaf/mrtt.sm.txt
wrote packages/core/src/art/ncaaf/mrtt.md.txt
--- ncaaf/MRST xs: 4 rows x 14 cells ---
--- ncaaf/MRST sm: 5 rows x 22 cells ---
--- ncaaf/MRST md: 7 rows x 28 cells ---
wrote packages/core/src/art/ncaaf/mrst.xs.txt
wrote packages/core/src/art/ncaaf/mrst.sm.txt
wrote packages/core/src/art/ncaaf/mrst.md.txt
--- ncaaf/MHU xs: 4 rows x 14 cells ---
--- ncaaf/MHU sm: 5 rows x 22 cells ---
--- ncaaf/MHU md: 7 rows x 28 cells ---
wrote packages/core/src/art/ncaaf/mhu.xs.txt
wrote packages/core/src/art/ncaaf/mhu.sm.txt
wrote packages/core/src/art/ncaaf/mhu.md.txt
--- ncaaf/MRSH xs: 3 rows x 14 cells ---
--- ncaaf/MRSH sm: 4 rows x 22 cells ---
--- ncaaf/MRSH md: 5 rows x 28 cells ---
wrote packages/core/src/art/ncaaf/mrsh.xs.txt
wrote packages/core/src/art/ncaaf/mrsh.sm.txt
wrote packages/core/src/art/ncaaf/mrsh.md.txt
--- ncaaf/MLC xs: 4 rows x 14 cells ---
--- ncaaf/MLC sm: 7 rows x 22 cells ---
--- ncaaf/MLC md: 8 rows x 28 cells ---
wrote packages/core/src/art/ncaaf/mlc.xs.txt
wrote packages/core/src/art/ncaaf/mlc.sm.txt
wrote packages/core/src/art/ncaaf/mlc.md.txt
--- ncaaf/MHB xs: 4 rows x 14 cells ---
--- ncaaf/MHB sm: 5 rows x 22 cells ---
--- ncaaf/MHB md: 7 rows x 28 cells ---
wrote packages/core/src/art/ncaaf/mhb.xs.txt
wrote packages/core/src/art/ncaaf/mhb.sm.txt
wrote packages/core/src/art/ncaaf/mhb.md.txt
--- ncaaf/MD xs: 4 rows x 14 cells ---
--- ncaaf/MD sm: 6 rows x 22 cells ---
--- ncaaf/MD md: 8 rows x 28 cells ---
wrote packages/core/src/art/ncaaf/md.xs.txt
wrote packages/core/src/art/ncaaf/md.sm.txt
wrote packages/core/src/art/ncaaf/md.md.txt
--- ncaaf/MCTN xs: 2 rows x 14 cells ---
--- ncaaf/MCTN sm: 3 rows x 22 cells ---
--- ncaaf/MCTN md: 4 rows x 28 cells ---
wrote packages/core/src/art/ncaaf/mctn.xs.txt
wrote packages/core/src/art/ncaaf/mctn.sm.txt
wrote packages/core/src/art/ncaaf/mctn.md.txt
--- ncaaf/MMT xs: 2 rows x 14 cells ---
--- ncaaf/MMT sm: 3 rows x 22 cells ---
--- ncaaf/MMT md: 4 rows x 28 cells ---
wrote packages/core/src/art/ncaaf/mmt.xs.txt
wrote packages/core/src/art/ncaaf/mmt.sm.txt
wrote packages/core/src/art/ncaaf/mmt.md.txt
--- ncaaf/MASS xs: 3 rows x 14 cells ---
--- ncaaf/MASS sm: 5 rows x 22 cells ---
--- ncaaf/MASS md: 6 rows x 28 cells ---
wrote packages/core/src/art/ncaaf/mass.xs.txt
wrote packages/core/src/art/ncaaf/mass.sm.txt
wrote packages/core/src/art/ncaaf/mass.md.txt
--- ncaaf/MCD xs: 2 rows x 13 cells ---
--- ncaaf/MCD sm: 4 rows x 21 cells ---
--- ncaaf/MCD md: 4 rows x 27 cells ---
wrote packages/core/src/art/ncaaf/mcd.xs.txt
wrote packages/core/src/art/ncaaf/mcd.sm.txt
wrote packages/core/src/art/ncaaf/mcd.md.txt
--- ncaaf/MCK xs: 2 rows x 14 cells ---
--- ncaaf/MCK sm: 3 rows x 22 cells ---
--- ncaaf/MCK md: 3 rows x 28 cells ---
wrote packages/core/src/art/ncaaf/mck.xs.txt
wrote packages/core/src/art/ncaaf/mck.sm.txt
wrote packages/core/src/art/ncaaf/mck.md.txt
--- ncaaf/MCM xs: 3 rows x 14 cells ---
--- ncaaf/MCM sm: 4 rows x 22 cells ---
--- ncaaf/MCM md: 5 rows x 28 cells ---
wrote packages/core/src/art/ncaaf/mcm.xs.txt
wrote packages/core/src/art/ncaaf/mcm.sm.txt
wrote packages/core/src/art/ncaaf/mcm.md.txt
--- ncaaf/MCN xs: 4 rows x 14 cells ---
--- ncaaf/MCN sm: 6 rows x 22 cells ---
--- ncaaf/MCN md: 8 rows x 28 cells ---
wrote packages/core/src/art/ncaaf/mcn.xs.txt
wrote packages/core/src/art/ncaaf/mcn.sm.txt
wrote packages/core/src/art/ncaaf/mcn.md.txt
--- ncaaf/MEM xs: 3 rows x 14 cells ---
--- ncaaf/MEM sm: 5 rows x 22 cells ---
--- ncaaf/MEM md: 6 rows x 28 cells ---
wrote packages/core/src/art/ncaaf/mem.xs.txt
wrote packages/core/src/art/ncaaf/mem.sm.txt
wrote packages/core/src/art/ncaaf/mem.md.txt
--- ncaaf/MER xs: 3 rows x 11 cells ---
--- ncaaf/MER sm: 4 rows x 18 cells ---
--- ncaaf/MER md: 6 rows x 22 cells ---
wrote packages/core/src/art/ncaaf/mer.xs.txt
wrote packages/core/src/art/ncaaf/mer.sm.txt
wrote packages/core/src/art/ncaaf/mer.md.txt
--- ncaaf/MMA xs: 4 rows x 14 cells ---
--- ncaaf/MMA sm: 6 rows x 22 cells ---
--- ncaaf/MMA md: 7 rows x 28 cells ---
wrote packages/core/src/art/ncaaf/mma.xs.txt
wrote packages/core/src/art/ncaaf/mma.sm.txt
wrote packages/core/src/art/ncaaf/mma.md.txt
--- ncaaf/MERC xs: 4 rows x 14 cells ---
--- ncaaf/MERC sm: 6 rows x 22 cells ---
--- ncaaf/MERC md: 7 rows x 28 cells ---
wrote packages/core/src/art/ncaaf/merc.xs.txt
wrote packages/core/src/art/ncaaf/merc.sm.txt
wrote packages/core/src/art/ncaaf/merc.md.txt
--- ncaaf/MRMK xs: 3 rows x 13 cells ---
--- ncaaf/MRMK sm: 4 rows x 21 cells ---
--- ncaaf/MRMK md: 5 rows x 26 cells ---
wrote packages/core/src/art/ncaaf/mrmk.xs.txt
wrote packages/core/src/art/ncaaf/mrmk.sm.txt
wrote packages/core/src/art/ncaaf/mrmk.md.txt
--- ncaaf/MU xs: 4 rows x 14 cells ---
--- ncaaf/MU sm: 6 rows x 22 cells ---
--- ncaaf/MU md: 7 rows x 28 cells ---
wrote packages/core/src/art/ncaaf/mu.xs.txt
wrote packages/core/src/art/ncaaf/mu.sm.txt
wrote packages/core/src/art/ncaaf/mu.md.txt
--- ncaaf/M-OH xs: 3 rows x 14 cells ---
--- ncaaf/M-OH sm: 4 rows x 22 cells ---
--- ncaaf/M-OH md: 6 rows x 28 cells ---
wrote packages/core/src/art/ncaaf/m-oh.xs.txt
wrote packages/core/src/art/ncaaf/m-oh.sm.txt
wrote packages/core/src/art/ncaaf/m-oh.md.txt
--- ncaaf/MIA xs: 2 rows x 14 cells ---
--- ncaaf/MIA sm: 4 rows x 22 cells ---
--- ncaaf/MIA md: 4 rows x 28 cells ---
wrote packages/core/src/art/ncaaf/mia.xs.txt
wrote packages/core/src/art/ncaaf/mia.sm.txt
wrote packages/core/src/art/ncaaf/mia.md.txt
--- ncaaf/MSU xs: 4 rows x 14 cells ---
--- ncaaf/MSU sm: 7 rows x 22 cells ---
--- ncaaf/MSU md: 8 rows x 28 cells ---
wrote packages/core/src/art/ncaaf/msu.xs.txt
wrote packages/core/src/art/ncaaf/msu.sm.txt
wrote packages/core/src/art/ncaaf/msu.md.txt
--- ncaaf/MTU xs: 2 rows x 14 cells ---
--- ncaaf/MTU sm: 4 rows x 22 cells ---
--- ncaaf/MTU md: 5 rows x 28 cells ---
wrote packages/core/src/art/ncaaf/mtu.xs.txt
wrote packages/core/src/art/ncaaf/mtu.sm.txt
wrote packages/core/src/art/ncaaf/mtu.md.txt
--- ncaaf/MICH xs: 3 rows x 14 cells ---
--- ncaaf/MICH sm: 4 rows x 22 cells ---

⠀⠀⠀⠀⢀⣄⣼⣷⣶⡴⠁
⣀⣠⣶⣶⣾⣿⣿⣿⣿⣷⣶⣦⣤⣀
⣟⣋⡉⢻⣿⣿⣿⣿⣿⣿⡿⢉⣉⣛
⣼⣿⣿⣥⣾⣷⣌⣿⣷⣾⣿⣿⣿⡿
⠀⠀⠀⠀⠀⠀⠀⠀⣀⢀⣼⣷⣦⣤⣪⡴⠁
⠀⠀⠀⠀⢀⣐⣀⣾⣿⣿⣿⣿⣿⣻⣇⣙⡀⢠
⣠⣤⢶⣿⣿⣿⣿⣿⣿⣿⣿⣿⣿⣿⣿⣿⣿⣿⣿⣶⣤⣄
⠿⠟⠚⠛⢻⣿⣿⣽⣿⣻⣿⣿⣻⣟⣏⣿⣿⡟⠓⠛⠻⠿
⢻⣿⣶⣶⣦⡜⢻⣿⣿⡙⢻⣿⣿⡙⢋⣾⣷⣶⣶⣶⣿⣷
⣾⣿⣿⣿⣿⣰⣿⣿⣿⣿⣼⣿⣯⣻⣟⣽⣿⣻⣿⣿⣿⡿
⠀⠀⠀⠀⠀⠀⠀⠀⠀⠀⠀⠀⢠⣭⣷⣦⣠⣤⣚⣥⠂
⠀⠀⠀⠀⠀⠀⠀⠄⢨⢴⣯⣽⣾⣿⣿⣿⡿⢿⡏⠛⠆⠀⢀
⠀⠀⢀⣠⣧⣶⣾⣶⣾⣿⣿⣿⢿⢿⣟⡿⣿⣿⢿⡶⣶⣶⣾⣤⣄⡀
⣯⣿⣟⣸⣿⣏⣿⣿⣽⢯⣯⣿⣼⣼⣯⣿⣿⣿⣾⣯⣿⡽⣿⣗⣿⣯⣿⣽
⣏⣉⣉⠀⠀⠘⠻⢿⣿⣾⣼⣧⣵⣯⣿⣯⣿⣿⣧⢿⡿⠿⠃⠀⠀⣉⣉⣙
⢱⣽⣿⣻⣻⣿⣆⢁⣼⣿⣿⣧⡀⢿⢿⣿⣧⣄⣠⣿⣿⣿⣹⣿⣻⣿⣿⢞
⣞⣿⣿⣝⣿⣿⣗⣾⣿⣟⣺⣿⣿⣜⣽⣿⣝⣻⣟⣭⣿⣿⣻⣿⣽⣿⣿⠽
⠀⠀⠀⠀⣤⠶⣿⢷⠖⠤
⠃⠘⠃⠃⣥⣼⣤⣯⠀⣣⠘⠘⠀⠑
⠀⠀⠀⠀⠈⠛⢿⡯⠞⠁
⠀⠀⠀⠀⠀⠀⣀⣀⣴⣶⣾⣷⣶⠦⢄⣀
⢲⠀⡲⣶⢰⡀⢿⡇⠠⡌⠉⠮⠣⡀⢲⠈⠰⡄⢰⠀⠢⢤
⠀⠀⠀⠀⠀⠀⠻⣿⣿⣿⣿⣿⡟⢀⣴⠟
⠀⠀⠀⠀⠀⠀⠀⠀⠙⠻⢿⡯⠖⠋
⠀⠀⠀⠀⠀⠀⠀⠀⠀⢀⣠⣴⣶⣾⣷⣶⣦⣄⣀
⢠⠀⠠⣄⣤⠀⡄⢨⣻⠟⠉⡉⠛⠻⣙⢯⡃⠀⣬⠙⠃⡄⠀⢠⠀⢠⡀⠠
⠘⠀⠐⠋⠚⠀⠃⢀⣘⣀⣀⣙⣀⣀⣉⣂⡙⠀⠚⣐⡁⠘⠂⠘⠀⠐⠀⠙
⠀⠀⠀⠀⠀⠀⠀⠀⠙⠿⣿⣿⣿⣿⣿⡟⢁⣤⠾⠋
⠀⠀⠀⠀⠀⠀⠀⠀⠀⠀⠈⠙⠻⠿⡯⠖⠋
⣾⣿⣾⣿⣶⣤⡤⣠⣤⣶⣤⣤⣄⡀
⠰⣿⣿⠿⢛⡟⢹⣹⢿⣿⡿⢿⡷⡇
⠛⠛⠛⠃⣾⣿⠿⠿⢿⣿⡣⠄⠀⡼
⠀⠀⠀⠀⠿⣿⣤⣤⣶⠾⠗⠦⠊
⣰⣪⣭⣍⣍⣷⣲⣤⣀⣀⠀⠀⠀⣀⣤⠤⢄⣀⡀
⠟⣿⣿⣿⢻⣟⣟⢿⣿⣷⣏⢭⡿⣱⣶⣟⣿⣷⣽⣏⢳⠆
⠀⣿⣿⣿⣾⣾⣹⠑⣬⠃⢻⠈⡳⣻⣿⣭⣿⣿⡿⣿⢸⠃
⣤⣿⣿⣿⣼⢤⢀⣸⣥⣤⣼⣧⣷⣬⣯⣝⡩⠤⠒⠁⠙⢦
⠉⠉⠉⠉⠉⠉⡏⣿⣿⢹⠻⠯⢿⣹⠿⠿⢆⡧⠤⠀⢀⡏
⠀⠀⠀⠀⠀⠀⡇⣿⣿⢸⠀⠀⢀⣈⣉⠝⣃⢠⠀⣠⠞
⠀⠀⠀⠀⠀⠀⠑⠿⣿⣾⣶⣶⣿⣿⡿⠿⠯⠜⠋⠁
⢠⡖⣉⢉⠉⡉⢻⡖⠦⣄⡀⠀⠀⠀⠀⠀⠀⠀⣀⡤⣀
⡇⣿⣿⣿⣿⣿⣿⣿⣿⣿⣿⣿⢸⠒⠒⣲⡒⣩⣋⣥⠶⣶⣉⢓⣒⢦⢤⡀
⠀⡗⣿⣿⣿⣗⣟⡾⣧⣟⠻⣟⠚⡶⠹⢿⢰⣿⣿⡷⢾⣟⣿⣿⣿⢀⢺⡀
⠀⡇⣿⣿⣿⠟⡿⠟⠴⠈⡵⠊⠀⢿⠀⡘⢧⣿⣿⣶⣿⡿⠿⠟⢟⠇⣯
⡄⣯⣿⣿⣿⣭⡆⡄⠀⡸⣗⣤⣶⣼⣷⣼⣶⣜⠭⣕⣃⡡⠤⠚⠁⠈⠙⣦
⠃⠛⠛⠛⠛⠛⠃⠃⡏⣾⣿⡟⣿⣿⣟⣻⡟⣿⣿⡎⡇⠰⡀⣀⡀⠀⢠⡟
⠀⠀⠀⠀⠀⠀⠀⠀⡇⣿⣿⡇⡇⠀⠀⠉⠙⠲⠤⠤⡤⠚⠉⠀⠀⠀⡼⠁
⠀⠀⠀⠀⠀⠀⠀⠀⡇⣿⣿⡇⣇⠀⠀⢀⠄⣤⣴⡏⣤⠄⢰⢀⡠⠚
⠀⠀⠀⠀⠀⠀⠀⠀⠑⠩⣻⣿⣿⣿⣿⣿⣿⣿⡫⠓⠯⠴⠚⠉
⠀⢀⣈⣩⣿⣯⣉⣉⣉⣉⣿⣄⡀
⠰⢶⣿⣿⣿⣿⡿⢿⣿⣷⣦⣌⣿⣷
⠐⠋⠉⠉⣿⡟⠓⣿⡟⠛⠛⠛⠋⠁
⠀⠀⠀⠈⠉⢉⣀⣿⣧⣀⡀
⠀⠀⠀⠈⠉⠙⣿⣿⣿⠛⠛⠛⠛⠛⠛⠻⢿⡇
⠀⠀⣐⣻⣿⣿⣿⣿⣿⣿⣿⡿⣿⣿⣿⡛⠛⠛⢷⣶⣤⡀
⠘⠛⢻⣿⣿⣿⣿⣿⣿⣿⡿⠿⠿⠿⣿⣿⣷⣶⣤⣿⣿⡿
⢠⠾⠛⠛⠉⠉⢹⣿⣿⠿⠶⣾⣿⣿⠿⠿⠿⠿⠿⠛⠋
⠀⠀⠀⢀⣀⣀⣾⣿⣿⣄⣀⣿⣿⣿
⠀⠀⠀⠀⠀⠀⠀⠀⢀⣀⣠⣿⣿⣿⣄⣀⡀
⠀⠀⠀⠀⠘⠉⠛⠻⣿⣿⣿⡟⠛⠛⠛⠛⠛⠛⠻⠿⣿⣿⡇
⠀⠀⠀⣤⣤⣶⣶⣶⣿⣿⣿⣷⣶⣶⣶⣶⣶⣶⣶⠶⢾⣿⣷⣤⣄⣀
⢀⣠⣤⣶⣾⣿⣿⣿⣿⣿⣿⣿⣿⣿⣯⣹⣿⣿⣿⣧⣀⡀⠈⠹⣿⣿⣷⣆
⠈⠉⠙⣻⣿⣿⣿⣿⣿⣿⣿⣿⣿⡟⡟⡿⠿⡿⣿⣿⣿⣿⣷⣦⣽⣿⣿⡿
⢀⣴⡿⠿⠛⠛⠋⠉⣿⣿⣿⣿⣿⣼⣾⣾⣿⣿⣿⣿⣿⣿⣿⣿⠿⠟⠛
⠈⠁⠀⠀⠀⠀⠀⠀⣿⣿⣿⡇⠀⠀⣿⣿⣿⡇
⠀⠀⠀⠀⠰⠶⠶⠾⠿⠿⠿⠷⠶⠶⣿⣿⣿⡇
⠀⠀⠀⠀⠀⠀⠀⠀⠀⠀⢀⣀⣠⣤⣿⣿⣿⣷⣤⣄⣠
⠀⠀⡶⣦⣿⠲⣤⣤⣄⠀⡀
⡀⢼⣧⣭⣭⢷⣿⣿⡋⠁⢈
⠁⠀⠙⢩⠍⠫⣅⠚⠀⠄⠁⠊⠀⠐
⠀⠀⠀⣦⡶⣄⣸⡶⠧⣤⣄⣀⣀⠀⠀⡀
⠀⠀⣠⣿⡀⡿⠿⠟⣆⣹⣿⣿⣿⠿⠶⠅⠑⠀⡀
⡄⠊⠛⢿⡿⣿⣿⣯⣽⣿⡿⢿⣣⠆⠀⠀⡵⠀⢬⠁⠂⡀
⠈⠢⠀⠀⠁⣒⠠⠐⠚⠦⣐⠊⠉⣀⠔⠊⠀⠘⠃⠂⠀⠘
⠀⠀⠀⢠⣄⡶⣄⢐⣺⣲⢗⣤⣀⣀⣀
⠀⠀⠀⣈⣾⡁⣿⣽⣿⣿⣆⠘⢿⣿⣿⣿⣿⣶⣄⡚⠰⣄
⠀⢀⣴⣿⣿⣦⣼⣭⣭⣤⢾⣷⣿⣿⣿⣿⠋⠁⠀⠈⢢⠀⠈⠢⠤⣀
⢮⠁⠀⠉⠻⣟⠻⠿⠿⠷⠿⡶⠿⠛⢛⢇⡏⠀⠀⢀⡴⠁⢀⡺⠄⠀⠑⢄
⠀⠑⠦⣀⣀⠀⣈⣍⠴⠈⠉⠱⠆⣘⠉⢈⣀⡠⠖⠁⠀⠀⠉⠁⠈⠀⠀⠈
⠀⠀⣀⡀⢠⣶⣿⡷⢀⣤⣤⣦
⣴⣿⣿⡿⠘⠛⣛⣁⠿⠿⠿⣃⣀⣀
⠈⢩⣥⣶⣿⣿⣿⣿⣆⠰⣿⣿⡿⠋
⠀⠈⠻⠿⢿⣿⣿⣿⡿⠗
⠀⠀⠀⠀⠀⠀⠀⢠⣴⣾⣿⣿⡆⠀⢀⣀⣠⣤⣄
⠀⣀⣤⣶⣶⣦⠀⣿⣿⣿⣿⡿⢁⣾⣿⣿⣿⣿⠟
⢾⣿⣿⣿⣿⡿⠀⠈⢙⣋⣉⣀⡘⠻⠿⠿⠛⣋⣠⣤⣤⣄
⠀⠉⢛⣉⣥⣴⣶⣿⣿⣿⣿⣿⣿⡀⠀⣶⣿⣿⣿⣿⡿⠋
⠀⠀⢿⣿⣿⣿⣿⣿⣿⣿⣿⣿⣿⣿⣦⡘⠻⠿⠟⠋
⠀⠀⠀⠉⠛⠻⠿⢿⣿⣿⣿⣿⣿⠿⠟⠁
⠀⠀⠀⠀⠀⠀⠀⠀⠀⢀⣤⣶⣿⣿⣿⣷⠀⠀⠀⢀⣀⣀⣀⣀
⠀⠀⢀⣠⣤⣤⣤⣄⢠⣿⣿⣿⣿⣿⣿⠏⢀⣴⣿⣿⣿⣿⣿⡿
⣴⣾⣿⣿⣿⣿⣿⡿⠀⠙⠿⠿⠿⠟⠋⠀⢿⣿⣿⣿⣿⡿⠟⠁⠀⣀
⠙⠿⣿⣿⡿⠿⠛⣁⣠⣤⣴⣶⣶⣿⣷⣶⡄⠈⠉⢉⣤⣶⣶⣿⣿⣿⣿⡿
⠀⠀⢀⣤⣶⣾⣿⣿⣿⣿⣿⣿⣿⣿⣿⣿⣿⣄⠀⢻⣿⣿⣿⣿⣿⡿⠋
⠀⠀⠘⢿⣿⣿⣿⣿⣿⣿⣿⣿⣿⣿⣿⣿⣿⣿⣷⡄⠉⠛⠛⠛⠉
⠀⠀⠀⠀⠈⠙⠛⠻⠿⠿⣿⣿⣿⣿⣿⣿⡿⠿⠛⠁
⠀⠀⠀⠀⠀⢀⡴⢦⡀
⠀⣀⣀⣤⣶⣿⢺⣷⣿⣶⣤⣀⣀
⠀⠉⠉⠛⠿⣟⢼⡾⣿⠿⠛⠉⠉
⠀⠀⠀⠀⠀⠈⠳⠞⠁
⠀⠀⠀⠀⠀⠀⠀⠀⠀⠀⣰⣆
⠀⠀⠀⠀⠀⠀⠀⢀⣠⢞⣡⣌⡳⣄⡀
⠀⢀⣀⣠⠤⢴⣚⣭⣶⡉⢩⡭⣙⣶⣭⣓⡦⠤⣄⣀⡀
⠀⠈⠉⠙⠒⠺⢭⣛⠿⣃⣐⣶⣿⠿⣛⡭⠗⠒⠋⠉⠁
⠀⠀⠀⠀⠀⠀⠀⠈⠙⢮⡙⢋⡵⠋⠁
⠀⠀⠀⠀⠀⠀⠀⠀⠀⠀⠹⠏
⠀⠀⠀⠀⠀⠀⠀⠀⠀⠀⠀⠀⠀⣰⣆
⠀⠀⠀⠀⠀⠀⠀⠀⠀⠀⠀⣠⠾⣫⣝⠷⣄
⠀⠀⠀⠀⠀⠀⣀⣠⡤⠖⣋⡵⠾⠿⠿⠷⢮⣙⠲⢤⣄⣀
⠀⠰⠶⠶⣿⣉⣉⠶⢾⣿⣿⣿⠀⢘⡋⣻⣶⣿⣿⡷⠶⣉⣉⣿⠶⠶⠆
⠀⠀⠀⠀⠀⠀⠉⠉⠓⠦⣍⡳⢶⣶⣿⡿⢟⣩⠴⠚⠋⠉
⠀⠀⠀⠀⠀⠀⠀⠀⠀⠀⠀⠙⢶⣝⣫⡶⠋
⠀⠀⠀⠀⠀⠀⠀⠀⠀⠀⠀⠀⠀⠹⠏
⠀⢠⣤⣤⣤⣶⣶⣯⣭⣭⣶⣄⣀
⢀⠜⣩⣽⠿⢭⣿⡿⢟⡷⡷⢸⡦⠋
⠈⠛⠚⢯⣤⣿⣯⣴⠟⠷⠛⠋
⠀⢀⣀⣀⣀⣀⣠⣤⣴⣒⣒⣒⣁⣉⢉⣒⣲⣄⡀
⠀⠀⣬⠝⠛⣿⣿⡿⠿⠿⣿⣿⣿⠻⣿⣙⣯⡉⢩⡍⢲⡖
⠀⣞⡁⠰⠿⠿⠏⠉⣩⣿⡿⠋⢉⣵⡌⢙⡋⡁⣻⠒⠁
⠀⠈⠉⠛⠛⢧⣤⣬⣿⣯⣤⣴⠿⠛⠛⠚⠋⠉⠁
⠀⠀⠀⠀⠀⠀⢀⣀⣀⡠⠤⠴⠖⠖⠒⠒⠚⠛⠛⠒⠲⢤⣀
⠀⠈⠉⡛⠻⣿⣿⣿⣿⣿⣿⣿⣿⣿⣿⠿⣿⣷⣶⠟⣿⠛⠋⢓⡒⠦⣄⡄
⠀⢀⡬⠛⠁⣠⣴⡶⢶⣦⣤⣤⣼⣿⣿⢿⣧⠈⠻⠶⣾⡷⠀⣼⢇⡠⠟⠁
⠀⢯⣤⣀⣘⣛⣛⠛⠃⠀⣰⣿⣿⠟⠁⢀⣴⣿⣆⠀⣕⠢⣀⡼⠇
⠀⠀⠀⠉⠉⠉⠫⢤⣤⣬⣭⣭⣥⣤⣶⠿⠟⠁⠛⠋⠉⠁
⣀⣀⣤⣴⣶⣾⣿⢂⣀⡠⠄⠐⠀⠁
⠻⣿⣿⣿⣿⡿⣭⣭⡀
⠠⣴⠛⠛⠋⠀⠀⠛⢻⣦⣀⡀
⠀⠀⠀⠀⢀⣤⣤⣤⣾⣛⣷⣄⠀⠀⠀⠀⣀⡠⠤⠒⠊⠁
⡤⣤⣶⣿⢷⣻⣿⣿⠿⣽⣯⣠⡴⠚⠛⠉
⠳⣿⠿⠿⠾⣣⣿⡿⠿⠤⣭⣠⣀
⠀⠈⣉⣿⢿⣿⣿⠟⠉⠉⠙⣯⣽⣷⡄
⠐⠾⢯⡉⠉⠁⠀⠀⠀⠀⠀⠀⠉⢹⣿⣦⣤⣀⡀
⠀⠀⠀⠀⠀⠀⣀⣀⣤⣄⣴⣟⢻⣷⣄⠀⠀⠀⠀⠀⠀⢀⣀⡠⠤⠒⠊⠁
⣀⣀⣠⣴⣶⣬⡽⣾⣾⣿⣿⣝⣻⡟⢉⣀⣤⠴⠴⠒⠉⠉
⣿⢴⡟⣷⣿⣘⣷⢹⣿⣿⣧⡞⠛⠟⠚⠉⠁
⠈⠳⢭⣍⣉⣉⣥⣾⣽⣍⣉⠁⠩⢯⣶⣶⣆
⠀⠀⣀⣴⣾⣻⣿⡿⠿⠉⠀⠀⠀⠈⠷⣾⡿⢿⣆
⠈⠻⠿⢯⠍⠁⠀⠀⠀⠀⠀⠀⠀⠀⠀⠀⠈⢻⣿⣶⣤⣤⣄⡀
⠀⢀⠀⢀⣤⣤⣤⣴⡞⠛⠶⣻⡳⢄
⣠⢃⠰⣿⣿⣿⣿⣿⣷⣶⣿⣿⣋⡉
⠀⠀⠀⠁⠁⠙⢮⣙⣋⠉⠹⢥⠺
⠀⠀⠀⠀⠀⠀⠀⠀⡀⠀⠀⢀⣄⡯⠿⢽⣦⠾⣻⢧⡀
⠀⢀⡴⠊⠉⣵⣿⣿⣿⣿⣽⡏⣽⠉⠀⠉⣉⣜⡯⣯⢉⡿
⢀⡞⢇⣀⣹⣿⣿⣿⣿⣿⣿⣿⣿⣿⣿⣿⣿⣿⣿⢁⡉
⠛⠒⠋⠀⠰⣋⠭⠙⢿⣩⠭⢥⣽⣿⣿⠿⢿⡿⠒⣻⠟
⠀⠀⠀⠀⠀⠀⠀⠀⠀⠉⣟⣠⣑⣤⠄⠀⠈⠳⠦⠼⠃
⠀⠀⠀⠀⠀⠀⠀⠀⠀⠀⠀⠀⠀⠀⠀⡀⠒⣫⣽⣙⢒⣒⣾⢿⣳⡀
⠀⠀⠀⢀⣠⠤⠄⣢⣤⣶⢖⣦⡴⣢⣴⠿⣻⠆⠀⡼⠺⠏⢨⡿⠬⠿⠥⣄
⠀⠀⣴⠋⠀⡀⣼⣿⣿⣿⣿⣿⣗⢿⣧⡸⣇⡀⠀⣀⣠⣞⣥⠞⣹⡗⣸⠞
⠀⣰⠛⠀⢀⣹⣿⣿⣿⣿⣿⣿⣿⣿⣿⣻⣾⡿⣿⢿⡿⣿⣿⣿⢁⡈
⠾⣏⠠⠋⠉⢉⡵⠟⡛⠿⣿⣟⡛⠛⠛⢹⣿⣷⣿⣿⣿⣿⣟⣠⠤⣽⡆
⠀⠀⠀⠀⠀⠈⠓⠒⠋⠀⠘⠷⣞⣋⠉⢿⠛⠛⠛⠉⠉⣿⠋⠀⠰⣇
⠀⠀⠀⠀⠀⠀⠀⠀⠀⠀⠀⠀⠸⢧⣠⣌⣭⡶⠀⠀⠀⠈⠓⠳⠖⠛
⠀⠀⠀⢀⣀⣀⢈⣗⢰⣶⣶⣦⣤
⣴⣾⣟⣻⣿⣿⣿⣾⣾⣿⣿⣿⣷⣤
⢈⣉⣉⣉⣉⡁⣀⣠⣒⣛⣛⣋⣁⡀
⠀⠀⠀⠀⠀⠀⠀⠀⠀⠀⠙⣿⠬⢱⣶⣶⣶⣦⣤⣄⡀
⢀⣠⣤⣶⣶⣶⣾⣿⣷⣶⣾⣝⣧⣻⣿⣿⣿⣿⣿⣿⡉⡀
⢿⣿⣿⣿⣵⣿⣿⣿⣿⠿⠿⠿⠿⠟⢻⡿⣿⣿⣯⡿⠿⠿
⠀⣀⣄⣩⣉⣉⣀⣠⣀⢀⣄⣀⣚⣉⣉⣉⣉⣉⣁⣀⣀
⠀⠀⠀⠀⠀⠀⠀⠀⠀⠀⠀⠀⠈⠻⣿⣏⣒⣒⣶⣶⣤⣤⣄⣀
⠀⠀⠀⠀⠀⣀⣀⣀⣀⣀⣀⣀⣀⡤⢿⣄⣀⣿⣿⣿⣿⣿⣿⣿⣿⣷⡆
⢀⣠⣶⣿⣿⣿⡿⣿⣿⣿⠿⠿⣿⣯⣦⣳⣤⣿⣿⣿⣿⣿⣿⣿⣿⣄⣀⡀
⣎⣿⣿⣿⣷⣅⣾⣿⣛⣿⣿⣿⣿⣳⣿⣫⣾⣿⣾⣳⣿⣣⣿⣞⣿⣾⣿⣻
⠈⠛⠻⠿⠿⠿⠿⠿⠿⠛⠛⠉⠁⠀⠀⢀⣠⣤⣾⡧⠽⠿⠿⠟⠋
⠀⢠⣤⣤⣤⣤⣠⣤⣤⣤⣤⠄⡠⣤⣤⣭⣤⢤⣤⣤⣠⣤⣤⣤⣤⢤⡄
⠀⠀⢠⣶⣿⡿⠿⠿⠿⠿⠿⠿⠷
⠀⣰⣿⣿⠟⠀⠀⠴⠶⠶⣶⣶⣶⠆
⠰⣿⣿⠏⠀⠀⣴⣶⣶⣾⡿⠿⠃
⠀⠀⠀⠀⣠⣤⣶⣿⣿⣿⣿⣿⣿⣿⣿⣿⣿⣿⣿⣷⡄
⠀⠀⠀⣰⣿⣿⣿⣿⠋⠀⠀⠀⠀⠀⠀⠀⠀⠀⠀⠈
⠀⠀⣰⣿⣿⣿⣿⠃⠀⠀⠀⣰⣾⣿⣿⣿⣿⣿⣿⣿⡿
⠀⣴⣿⣿⣿⣿⠃⠀⠀⠀⠀⠀⠀⠀⢀⣾⣿⣿⣿⡿⠁
⠘⠿⣿⣿⡿⠁⠀⠀⠀⣴⣿⣿⣿⣿⣿⣿⡿⠟⠛⠁
⠀⠀⠀⠀⠀⠀⣀⣤⣴⣶⣶⣶⣶⣶⣶⣶⣶⣶⣶⣶⣶⣶⣶⣶⣶⣄
⠀⠀⠀⠀⠀⣼⣿⣿⣿⣿⡿⠛⠛⠛⠛⠛⠛⠛⠛⠛⠛⠛⠛⠛⠛⠛
⠀⠀⠀⠀⣼⣿⣿⣿⣿⡿⠁
⠀⠀⠀⣼⣿⣿⣿⣿⡿⠁⠀⠀⠀⠀⢀⣾⣿⣿⣿⣿⣿⣿⣿⣿⣿⣿⠏
⠀⠀⣼⣿⣿⣿⣿⡿⠁⠀⠀⠀⠀⠀⠀⠀⠀⠀⠀⢠⣿⣿⣿⣿⣿⠏
⠀⣼⣿⣿⣿⣿⣿⠁⠀⠀⠀⠀⢀⣤⣤⣤⣤⣤⣤⣿⣿⣿⣿⣿⡏
⠀⠙⠿⠿⠿⠿⠃⠀⠀⠀⠀⠀⠾⠿⠿⠿⠿⠿⠿⠿⠿⠟⠋⠁
⣠⢖⡿⠿⠛⠿⠗
⢿⣸⢧⣀⣸⣿⡏⣽⣲⢤⡴⣺⡍⣿
⠀⠈⠙⠛⠛⢻⡇⣿⠈⠓⠋⢹⡇⣿
⠀⣠⡴⢖⣻⡯⠭⠭⢽⣟⠲⠂
⣾⡏⢼⡏⠀⠀⠀⣶⣶⣶⠶⠶⢤⣀⠀⠀⠀⣀⡤⠶⢶⣤
⠈⠳⢮⣝⣲⡦⠤⠭⢽⣟⠁⣿⡶⢬⣙⠒⣋⡥⢶⣿⢸⣿
⠀⠀⠀⠀⠉⠉⠉⠉⠉⣿⡇⣿⡇⠀⠈⠉⠁⠀⢸⣿⢸⣿
⠀⠀⣀⣤⡶⠶⢛⣛⣛⣛⣛⡓⠶⢦⡄
⢠⣾⠏⣡⣶⠟⠋⠉⠉⠉⠉⠙⠛
⣿⣇⠀⣿⡇⠀⠀⠀⢘⣛⣛⣛⣛⠛⠛⠷⣦⣄⠀⠀⠀⢀⣤⡶⠟⠛⢻⣿
⠘⢿⣦⣈⠻⢶⣤⣀⣈⣉⣩⣽⠿⠀⣿⣶⣤⡙⠻⢶⠾⢛⣡⣴⣿⠀⢸⣿
⠀⠀⠈⠙⠛⠶⠶⠬⣭⡭⠴⢶⣶⠀⣿⣿⠈⠛⠷⣦⡶⠟⠉⢸⣿⠀⢸⣿
⠀⠀⠀⠀⠀⠀⠀⠀⠀⠀⠀⢸⣿⠀⣿⣿⠀⠀⠀⠀⠀⠀⠀⢸⣿⠀⢸⣿
⠀⢀⣀⣤⣶⣶⣶⣟⡿⣳⣾⣦⡄
⣰⣟⣐⣾⠿⣿⣿⣿⣯⢉⣴⣿⠍⠳
⠀⠉⣽⣧⣤⡄⠈⠉⠀⠈⠙⠁
⠀⠀⠀⠀⢀⣀⣤⣤⣶⣶⣶⣖⢿⣿⢷⣶⣶⣦⣤⡀
⠀⣠⡿⢋⣉⣩⣿⣷⣿⣿⣿⣿⣿⡷⠛⠛⢛⣻⣿⡿⢦⣄
⠰⠿⠷⠤⣴⡿⠙⠛⠛⠿⣿⣿⠿⠷⢡⣾⣿⣿⠟⠒⠀⠁
⠀⠀⠀⢼⣿⣥⣤⣴⠶⠀⠀⠀⠀⠀⠀⠀⠀⠉
⠀⠀⠀⠀⠀⠀⢀⣀⣠⣤⣤⣴⣶⣶⣶⢾⣿⣿⣶⣶⣶⣶⣤⣀⡀
⠀⠀⣠⣶⠾⠿⠿⢿⣿⢏⣿⣿⣿⣿⣿⣿⣿⣡⢿⣿⣿⣿⣿⣿⣿⣦⣀
⠀⣴⡿⠃⠐⠛⣻⣿⣣⣿⣿⣿⣿⢿⣿⣿⣿⣡⠄⣀⣴⣶⣿⣿⣇⣉⢙⠗
⠘⠛⠛⠛⠛⣿⣿⠃⠀⠀⠀⠙⠻⠿⠿⠟⠛⠓⠨⡿⠿⢿⡟⠋⠁
⠀⠀⠀⠀⢾⣿⣷⣤⣤⣶⠾⠂⠀⠀⠀⠀⠀⠀⠀⠈
⠀⣠⣴⣶⣶⠿⠿⠿⠿⣶⣶⣤
⢸⣿⣿⣿⠀⠀⠠⠶⠶⢶⣿⣷⣶
⠀⠙⠻⠿⠿⣶⣶⣶⣶⠿⠿⠿⠿
⠀⠀⠀⣀⣤⣤⣶⣶⣶⣿⣿⣿⣷⣶⣶⣶⣤⣄⡀
⠀⣴⣿⣿⣿⣿⡿⠛⠉⠉⠉⠉⠉⠉⠛⠿⣿⡿⠛⠁
⢸⣿⣿⣿⣿⣿⠀⠀⠀⠀⢠⣾⣿⣿⣿⣿⣿⣿⣿⣿⠁
⠀⠻⣿⣿⣿⣿⣷⣤⣀⣀⣀⣀⣀⣀⣤⣿⣿⣿⣿⣿
⠀⠀⠀⠉⠛⠛⠿⠿⠿⣿⣿⣿⣿⠿⠿⠿⠟⠛⠻⠿
⠀⠀⠀⠀⠀⢀⣀⣤⣤⣶⣶⣶⣶⣶⣶⣶⣶⣶⣦⣤⣄⣀
⠀⠀⢀⣴⣾⣿⣿⣿⣿⣿⡿⠿⠿⠛⠛⠿⠿⢿⣿⣿⣿⣿⣿⣶⡄
⠀⣴⣿⣿⣿⣿⣿⡿⠋⠁⠀⠀⠀⠀⠀⣀⣀⣀⣀⣙⣻⣿⣛⣁⣀⣀
⠀⣿⣿⣿⣿⣿⣿⡇⠀⠀⠀⠀⠀⢀⣼⣿⣿⣿⣿⣿⣿⣿⣿⣿⣿⡇
⠀⠻⣿⣿⣿⣿⣿⣷⣄⡀⠀⠀⠀⠈⠀⠀⠀⠀⢀⣹⣿⣿⣿⣿⣿⡇
⠀⠀⠈⠻⢿⣿⣿⣿⣿⣿⣷⣶⣶⣤⣤⣶⣶⣾⣿⣿⣿⣿⣿⣿⣿⡇
⠀⠀⠀⠀⠀⠈⠉⠛⠛⠿⠿⠿⠿⠿⠿⠿⠿⠿⠿⠛⠛⠛⠛⠛⠛⠃
⡿⠛⠋⠉⣩⣤⣤⣤⣤⣍⣉⣉⣻⣿
⣿⣤⣄⣀⡙⠛⠒⠒⠒⣂⣀⣠⣤⣾
⣿⣿⣿⡿⠿⠛⠛⠉⠉⠉⣉⣉⠉⠉⠉⠛⠛⠿⢿⣿⣿⣿
⢯⠟⠁⠀⠀⠀⣴⣶⣿⠿⠿⠿⠿⠿⠶⠦⠤⠤⠤⠬⠿⡽
⣜⣦⡀⠀⠀⠀⠙⠿⣿⣶⣶⣶⣶⣶⠶⠂⠀⠀⠀⢀⣴⣣
⣿⣿⣿⣷⣦⣤⣄⣀⣀⣀⣀⣀⣀⣀⣀⣤⣤⣴⣾⣿⣿⣿
⣿⣿⣿⣿⣿⡿⠿⠟⠛⠛⠛⠉⠉⠉⠉⠉⠉⠛⠛⠛⠻⠿⢿⣿⣿⣿⣿⣿
⡿⣫⠗⠉⠁⠀⠀⠀⣀⣤⣶⣶⣾⣿⣿⣷⣶⣶⣤⣀⣀⣀⣀⣈⣉⣺⣝⢿
⢸⡇⠀⠀⠀⠀⠀⠸⣿⣿⣿⡏⠉⠉⠉⠉⠉⠉⠉⠉⠉⠉⠉⠉⠉⠉⢹⡇
⣷⣝⡦⣄⡀⠀⠀⠀⠈⠛⠻⠿⠿⠿⠿⠿⠿⠟⠋⠁⠀⠀⠀⠀⣀⢴⣫⣾
⣿⣿⣿⣿⣿⣷⣶⣦⣤⣤⣄⣀⣀⣀⣀⣀⣠⣤⣤⣤⣴⣶⣾⣿⣿⣿⣿⣿
⠀⢀⣭⡿⠟⠋⠉⠉⢿⣿⣿⣶⣤⣤
⠠⠞⣷⣫⣛⣽⣯⣝⣽⣝⣫⣫⠟⠁
⠀⠀⠈⢉⣛⣿⠿⠿⠯⠉⠉⠉⠩⠭⣭⣽⣓⣶⣦⣤⣄⡀
⠀⠀⣰⡿⣛⣋⣩⣥⣤⣤⣤⢤⡤⡼⡿⣿⣿⢿⣿⢷⡾⠋
⠠⠚⠋⢽⣏⣱⣂⣡⣊⣣⣦⣞⣐⣜⣴⣂⣱⣃⡢⠞
⠀⠀⠀⠉⠙⠛⢻⣿⣿⣿⣟⡛⠛⠛⠛⣛⣛⣛⣛⣛⣒⠲⣶⣄⣀⣀
⠀⠀⠀⣠⣶⣿⡯⠥⠔⠒⠀⠀⠀⠀⠀⠀⠀⢶⣾⣿⣿⣿⣿⣯⣭⣭⣿⡇
⠀⢀⣤⣾⣫⣥⡶⢒⠶⡿⢚⣻⠗⡻⢛⠖⡛⣛⠟⠻⣻⢛⡷⡛⢛⡿⠉
⠀⠛⠉⠁⠴⣯⢬⢽⡥⡥⣯⢬⠼⡡⢟⠤⡥⡩⠼⡡⡡⢮⢌⠵⠏
⠲⢴⣶⡖⣉⣍⣻⣟⣉⣩⣴⣶⡦⠖
⠀⠀⢧⣾⣏⣉⣷⣾⣿⣟⣿⡿
⠀⠀⠀⠈⠻⣿⣿⣿⣿⠟⠁
⣤⣤⣤⣤⢤⠴⠒⠛⣉⠙⣿⣿⠋⠉⢛⡒⠶⣤⣤⣤⣤⣤
⠀⠙⠳⣮⠟⢋⣴⣾⣿⣶⠿⠿⣶⣻⣶⣿⣿⣿⣿⠟⠋
⠀⠀⠀⢹⡤⣿⣿⡍⠀⣒⣶⣶⣾⣿⣿⡟⣿⣿⡏
⠀⠀⠀⠀⠉⠻⢿⡿⣍⣿⣿⣿⣿⣩⣿⡿⠛⠉
⠀⠀⠀⠀⠀⠀⠀⠻⢿⣗⣒⣶⣾⡿⠟
⣀⣀⣀⣀⣀⣤⠤⠴⠒⠚⢋⠉⢻⣿⣿⡟⠉⠙⠓⠒⠦⠤⣤⣀⣀⣀⣀⣀
⠈⠛⠷⣤⣐⣶⠿⠒⣤⡴⡿⢤⣼⣿⣿⣧⣤⢶⢬⣽⣷⣿⣷⣶⣾⠿⠛⠁
⠀⠀⠀⠀⣿⠁⣠⣿⡿⠟⠋⢉⣉⣀⣀⣉⣿⣿⣿⣾⣿⣿⣿⣿
⠀⠀⠀⠀⠘⢧⣝⣿⣿⣦⡤⢤⡦⠿⠿⢾⡿⢿⣿⣥⣼⣿⡿⠃
⠀⠀⠀⠀⠀⠀⠈⠙⢻⣝⣷⣼⠻⠿⠿⠟⣧⣾⣿⡟⠋⠁
⠀⠀⠀⠀⠀⠀⠀⠀⠀⠙⠮⣿⣛⣛⣿⣿⡿⠿⠋
⣴⣶⡿⠛⠛⢻⣿⣿⣧⣤⣤⣤⣤⣤
⠙⠛⠿⠶⠶⠾⠟⠟⣿⣿⣿⣄⠈⠉
⠀⣠⣴⣶⣿⣿⠿⠿⠿⣿⣶⣿⣿⡇
⣾⣿⣿⡟⠁⠀⠀⠀⢰⣶⣾⣿⣿⣷⣶⣶⣶⣶⣶⣶⣶⣶
⠙⢿⣿⣿⣦⣤⣄⣀⣈⣭⣿⣿⣿⣿⣿⣿⣿⡇⠀⠈⠉⠉
⠀⠀⠈⠉⠉⠛⠛⠛⠛⠉⠉⠉⠉⣷⣿⣿⣿⣷⡆
⠀⠀⣠⣤⣶⣾⣿⣿⣿⣿⣿⣿⣷⣶⣿⣿⣿
⣴⣿⣿⣿⡿⠛⠉⠁⠀⠀⠀⣤⣭⣽⣿⣿⣿⣤⣤⣤⣤⣤⣤⣤⣤⣤⣤⣤
⢿⣿⣿⣿⣧⡀⠀⠀⠀⠀⠀⣿⣿⣿⣻⣿⣿⡟⣿⣿⣿⣿⠟⠛⠛⢿⣿⣿
⠀⠙⠿⢿⣿⣿⣿⣶⣶⣶⣶⣶⣶⣿⣿⣿⣿⡇⣿⣿⣿⣿
⠀⠀⠀⠀⠀⠉⠉⠉⠉⠉⠉⠉⠁⠀⠀⠀⢸⣿⣿⣿⣿⣿⣿⡇
⣤⣶⣾⣻⣿⠿⠿⠿⠯⣿⣿⣳⣶⣤
⣿⣿⣿⣿⡇⠀⠀⠀⣀⣘⣛⣛⣛⣛
⣿⣿⣿⣿⡇⠀⠀⠀⠛⢻⣿⣿⣿⣿
⠛⠿⢿⣿⣿⣶⣶⣶⣶⣿⣿⡿⠟⠛
⢀⣠⣴⣶⣿⢻⣹⢻⣻⣻⣛⣿⣻⣟⣿⣻⢿⠻⣶⣦⣄⡀
⣿⣿⣿⣿⣿⣾⣿⠋⠉⠉⠉⠉⠉⠉⠛⣿⣿⣿⣾⣿⣿⣿
⣿⣿⣿⣿⣿⣿⣿⠀⠀⠀⠀⠀⠀⣀⣀⣉⣉⣉⣉⣉⣉⣉
⣿⣿⣿⣿⣿⣿⣿⠀⠀⠀⠀⠀⠸⠧⠿⣿⣿⣿⣿⣿⣿⣿
⣿⣿⣿⣿⣿⣿⣿⣄⣀⣀⣀⣀⣀⣀⣠⣿⣿⣿⣿⣿⣿⣿
⠈⠙⠻⠿⣿⣿⣿⣿⣿⣿⣿⣿⣿⣿⣿⣿⣿⣿⠿⠟⠋⠁
⠀⠀⣀⡤⣶⣾⠿⡟⢻⢿⢿⡿⡟⠿⣿⢻⣿⢻⣿⢿⢿⡿⣷⣶⢤⣀
⣾⢹⣿⣿⣿⣿⣀⡿⣿⡾⠾⠿⠿⠿⠿⠿⠿⠿⢿⣾⢾⣿⣮⣻⣿⣿⡏⣷
⣿⢸⣿⣿⣿⣿⣿⡇⣿⠀⠀⠀⠀⠀⠀⠀⠀⠀⠀⢿⣼⣿⣿⣿⣿⣿⣧⡿
⣿⢸⣿⣿⣿⣿⣿⡇⣿⠀⠀⠀⠀⠀⠀⠀⣀⣀⣀⣀⣀⣀⣀⣀⣀⣀⣀⣀
⣿⢸⣿⣿⣿⣿⣿⡇⣿⠀⠀⠀⠀⠀⠀⠀⣿⣸⣿⣿⢿⣿⣿⣿⣿⣿⡇⣿
⣿⢸⣿⣿⣿⣿⣿⡇⣿⠀⠀⠀⠀⠀⠀⠀⠀⠀⠀⣿⢸⣿⣿⣿⣿⣿⡇⣿
⢿⣸⣿⣿⣿⣿⣿⣷⣽⣶⣦⣤⣤⣤⣤⣤⣤⣴⣶⣯⣾⣿⣿⣿⣿⣿⣇⡿
⠀⠈⠉⠓⠿⢿⣿⣿⣿⣿⣿⣿⣿⣿⣿⣿⣿⣿⣿⣿⣿⣿⣿⠿⠚⠉
⡀⠀⠀⠀⠀⠀⣨⣤⣬⣀
⠀⠐⢀⢀⣦⣶⣿⣿⣿⣿⠟⠛
⠀⠀⠀⠀⠀⠙⢿⣿⣿⣧
⠀⠀⠀⠀⠀⠀⠈⠙⠛⠿⠁
⠀⠀⠀⠀⠀⠀⠀⠀⠀⠀⢈⣢⡀⡜⠁⠀⣀
⠒⠀⠀⠀⠀⠀⠀⠀⠀⣴⡿⢿⣿⣿⣿⣇⣤⣴⣆⠀⡀⠠
⠀⠀⠎⠀⣀⣈⠿⢿⣿⣿⣿⣿⣿⣿⣿⡿⠛⠉⠉⠁
⠀⠀⠀⠀⠀⠀⠀⠀⠙⣿⣿⣿⣿⣿⣿⡀
⠀⠀⠀⠀⠀⠀⠀⠀⠀⠈⠫⣿⣿⣿⣷⣿
⠀⠀⠀⠀⠀⠀⠀⠀⠀⠀⠀⠀⠉⠙⠛⢧
⠀⠀⠀⠀⠀⠀⠀⠀⠀⠀⠀⠀⠀⠛⠢⡀⠀⡜⠁⠀⠀⠀⣀⠄⠤
⣤⠤⠤⠤⠄⢀⣀⣀⠀⠀⠀⠀⣠⣶⣶⣿⣾⣷⣦⡔⠊⠉⢀⣀⠤⠀⠄⡀
⠈⠒⠤⣠⠄⠀⠀⣀⣀⣈⣉⣼⣿⣍⣻⣿⣿⣿⣿⣿⣾⣿⣿⣧⠤⠠⠄⠘
⠀⠀⠸⡁⢀⣠⣀⡼⠿⠿⣿⣿⣿⣿⣿⣿⣿⣿⣿⡿⠋⠉
⠀⠀⠀⠀⠀⠀⠀⠀⠀⠀⠙⢻⣿⣿⣿⣿⣿⣿⣿⡀
⠀⠀⠀⠀⠀⠀⠀⠀⠀⠀⠀⠈⢻⡻⣿⣿⣿⣿⣿⣿⡄
⠀⠀⠀⠀⠀⠀⠀⠀⠀⠀⠀⠀⠀⠙⠻⢿⣿⣿⣿⣿⠃
⠀⠀⠀⠀⠀⠀⠀⠀⠀⠀⠀⠀⠀⠀⠀⠀⠀⠉⠙⠻⡄
⠟⠛⠉⠉⣀⣤⠤⠤⠤⠀⠉⠉⠙⠻
⣦⣤⣀⣀⠉⠑⠒⠒⠒⠀⣀⣀⣤⣴
⣿⣿⠿⠛⠋⠉⠉⠁⠀⠀⠀⠀⠀⠀⠈⠉⠉⠙⠛⠿⣿⣿
⠋⠔⠀⠀⠀⠀⣠⣶⣾⠿⠿⠿⠿⠷⠶⠤⠤⠤⠤⠤⢦⠙
⣄⠢⡀⠀⠀⠀⠙⠻⠿⣤⣤⣤⣤⠤⠔⠀⠀⠀⠀⠀⠔⣠
⣿⣿⣶⣤⣄⣀⣀⡀⠀⠀⠀⠀⠀⠀⢀⣀⣀⣠⣤⣶⣿⣿
⣿⣿⣿⡿⠿⠛⠋⠉⠉⠁⠀⠀⠀⠀⠀⠀⠀⠀⠈⠉⠉⠙⠛⠿⢿⣿⣿⣿
⡿⢋⠅⠂⠁⠀⠀⠀⢀⣠⣤⣶⣶⣶⣶⣶⣶⣤⣄⣀⣀⣀⣀⣈⣐⣨⡙⢿
⠀⣇⠀⠀⠀⠀⠀⠀⣿⣿⣿⡏⠉⠉⠉⠉⠉⠉⠉⠉⠉⠉⠉⠉⠉⠉⣹
⣷⣌⡒⠄⡀⠀⠀⠀⠈⠙⠛⠻⠿⠿⠿⠿⠟⠛⠋⠀⠀⠀⠀⢀⠠⢐⣡⣾
⣿⣿⣿⣷⣶⣤⣄⣀⣀⡀⠀⠀⠀⠀⠀⠀⠀⠀⢀⣀⣀⣠⣤⣶⣾⣿⣿⣿
⠀⣠⣾⣿⣿⣿⣿⣿⣃⣠⣴⣶⣶⠆
⣰⣿⣿⣿⣿⣿⢻⣿⣿⣿⣿⠟⠁
⠙⠛⠛⠛⠛⢿⣿⣿⡿⠋
⠀⠀⢀⡴⣻⣿⣿⣿⣿⣿⣿⡏⣿⠃⠀⢀⣀⣀⣀⣀⣀⡀
⠀⢀⡾⣱⣿⣟⡼⣻⣶⣿⣿⣾⡗⣶⣴⢟⣵⡿⣛⡶⠋
⢠⡿⣵⣿⢏⣾⡗⣽⣿⠟⣿⣿⢧⢟⣵⡿⣫⡾⠋
⢿⣜⣿⣿⣾⣿⣾⣿⣋⡆⣿⣿⣴⡿⣫⠾⠋
⠀⠀⠉⠉⠉⠉⠉⠉⢹⣧⣿⣿⣯⠞⠁⡀
⠀⠀⠀⢀⣴⢞⣿⣿⣿⣿⣿⣿⣿⣿⡿⣻⡿⠁⠀⠀⣀⣀⣀⣀⣀⣀⣀⡀
⠀⠀⢠⡿⢣⣿⣿⠟⣴⣿⣧⣽⣿⣿⣵⣿⣥⣤⣠⡾⢋⣽⣿⡿⣫⡿⠋⠁
⠀⣰⡿⣱⣿⣿⢏⣾⣱⢻⣿⣿⣿⣿⣿⡿⢸⡿⢋⣴⣿⠟⣫⡾⠋
⣰⡟⣱⣿⣿⣃⣾⣿⣡⣿⣿⢟⢸⣿⣿⡇⢋⣴⣿⢟⣵⠟⠉
⠻⠷⣽⣿⣿⣿⣿⣿⣿⣿⣯⣾⢸⣿⣿⣿⡿⢛⣵⠟⠁
⠀⠀⠀⠀⠀⠀⠀⠀⠀⠀⢸⣿⣼⣿⣿⣯⡶⠛⠁⡀
⢀⣠⣴⣶⣶⣛⣋⣭⣭⠭⢴⠶⢄⡀
⣩⣴⣾⣯⣑⣤⣬⣀⣨⣳⣶⣤⣴⡽
⠀⠀⠀⠉⠛⠻⢿⡭⠽⠻⡯⠄⠘
⠀⠀⢀⣀⣦⣤⣤⡬⠷⠖⠒⣒⣈⣉⣉⣀⣒⢒⣢⣄
⠐⠛⣛⣛⣿⠿⠟⢋⠉⠉⡹⠉⠉⢑⢦⣀⣬⡁⠀⠀⡝⣦
⠒⠛⠛⠿⠿⣿⣶⣬⣷⣿⣿⣶⣶⣾⣴⣿⣿⠿⠷⠿⡿⠃
⠀⠀⠀⠀⠀⠀⠈⠉⠙⠿⣯⠤⠭⠚⠛⠻⡯⠔⠒⠚⠁
⠀⠀⠀⠀⠀⢤⣤⣤⣤⣬⠷⠶⠖⠒⢒⣒⣒⣒⡒⣒⡒⠲⠤⠤⣄
⢠⠴⠶⠿⠿⣿⣿⣿⣿⡟⠒⠒⠒⣒⠻⠛⠻⢦⣉⠁⠀⠛⠉⠉⠉⠑⢶⣀
⢀⣤⣶⣶⣿⣿⣭⣤⡀⠰⣄⣀⣴⣆⢀⡀⢀⣲⢙⣿⣿⣷⣤⣄⣠⣼⣡⡟
⠉⠈⠉⠉⠉⠛⠻⠿⣿⣿⣾⣿⣿⣿⠿⣿⡿⣿⣿⣿⢿⡍⠛⠙⠛⣹⡏
⠀⠀⠀⠀⠀⠀⠀⠀⠀⠀⠉⠻⠳⣯⠤⠖⠒⠋⠉⠙⢯⠔⠒⠚⠉⠁
⣶⣶⣶⣾⣿⣿⣿⣿⣿⣿⣷⣶⣶⣶
⠈⣽⣿⣿⣿⣿⣿⣿⣿⣿⣿⣿⣟⠁
⠀⠻⢿⣿⣿⣿⣿⣿⣿⣿⣿⣿⠟
⠀⠀⠀⠙⠿⣿⣿⣿⣿⠿⠋
⣶⣦⣤⣶⣶⣶⣿⣿⣿⣿⣿⣿⣿⣿⣿⣷⣶⣶⣶⣤⣴⣦
⠙⢿⣿⣿⣿⣿⣿⣿⣿⣿⣿⣿⣿⣿⣿⣿⣿⣿⣿⣿⣿⠏
⠀⢀⣿⣿⣿⣿⣿⣿⣿⣿⣿⣿⣿⣿⣿⣿⣿⣿⣿⣿
⠀⠈⢿⣿⣿⣿⣿⣿⣿⣿⣿⣿⣿⣿⣿⣿⣿⣿⣿⡿
⠀⠀⠀⠉⠛⣿⣿⣿⣿⣿⣿⣿⣿⣿⣿⣿⣿⠛⠋
⠀⠀⠀⠀⠀⠈⠙⠿⣿⣿⣿⣿⣿⣿⠿⠛⠁
⣤⣤⣤⣤⣤⣴⣶⣶⣾⣿⣿⣿⣿⣿⣿⣿⣿⣿⣿⣷⣶⣶⣦⣤⣤⣤⣤⣤
⠹⣿⣿⣿⣿⣿⣿⣿⣿⣿⣿⣿⣿⣿⣿⣿⣿⣿⣿⣿⣿⣿⣿⣿⣿⣿⣿⠟
⠀⠀⢹⣿⣿⣿⣿⣿⣿⣿⣿⣿⣿⣿⣿⣿⣿⣿⣿⣿⣿⣿⣿⣿⣿⡏⠁
⠀⠀⣾⣿⣿⣿⣿⣿⣿⣿⣿⣿⣿⣿⣿⣿⣿⣿⣿⣿⣿⣿⣿⣿⣿⡇
⠀⠀⠈⠻⣿⣿⣿⣿⣿⣿⣿⣿⣿⣿⣿⣿⣿⣿⣿⣿⣿⣿⣿⣿⠿⠃
⠀⠀⠀⠀⠀⠉⠻⣿⣿⣿⣿⣿⣿⣿⣿⣿⣿⣿⣿⣿⣿⠟⠉⠁
⠀⠀⠀⠀⠀⠀⠀⠈⠙⠻⢿⣿⣿⣿⣿⣿⣿⡿⠿⠋⠁
⢛⡳⢤⠲⣖⠒⣒⣒⡒⣲⠖⡤⢞⡛
⢸⡏⠓⢪⠟⡭⠥⣢⣭⣿⡑⠊⢹⡇
⢸⣇⡤⢜⣦⣓⠺⠓⣂⣼⡣⢄⣸⡇
⣬⡵⠚⠴⠯⠬⠭⠭⠤⠽⠦⠓⢮⣥
⠛⠿⣦⣄⠐⢶⡒⠒⠒⠒⠒⠒⠒⠒⠒⢒⡶⠂⣠⣴⠿⠛
⠀⣶⠢⢍⣙⣠⠼⣃⡤⠤⠤⠤⠤⠤⣘⠧⣄⣋⡡⠔⣶
⠀⣿⠀⠀⠈⢠⡞⢁⡴⠚⠉⣉⣙⣲⣚⣉⠀⠁⠀⠀⣿
⠀⣿⠀⠀⢀⠘⢆⡈⠣⢄⣀⣓⡶⠖⢀⡼⠁⡀⠀⠀⣿
⠀⠿⠔⣊⣩⠙⢲⡍⠓⠒⠒⠒⠒⠚⢩⡖⠋⣍⡑⠢⠿
⣤⣶⠟⠋⠠⠾⠥⠤⠤⠤⠤⠤⠤⠤⠤⠬⠷⠄⠙⠻⣶⣤
⠻⠿⣷⣤⡀⠐⢦⣴⠶⠶⠶⠶⠶⠶⠶⠶⠶⠶⠶⠶⣦⡴⠀⣀⣴⣾⠿⠟
⠀⢰⡤⣍⡙⠳⠆⢈⣳⠆⢀⣀⣀⣀⣀⣀⣀⣀⠰⣎⡁⠰⠞⢋⣩⢤⡆
⠀⢸⡇⠀⠉⠙⠚⢉⡴⠚⢉⡥⠤⠴⠶⠤⢤⣉⣹⠶⠉⠓⠋⠉⠀⢸⡇
⠀⢸⡇⠀⠀⠀⠀⣿⠀⠠⣏⠀⠀⠀⣶⣒⣒⡒⠒⢲⡆⠀⠀⠀⠀⢸⡇
⠀⢸⡇⠀⣀⣠⢤⣈⠳⣄⣈⠓⠲⠶⠾⠟⠛⣁⡤⠞⣁⡤⣄⣀⠀⢸⡇
⠀⠸⠓⣋⣡⡴⠆⢈⡽⠆⠈⠉⠉⠉⠉⠉⠉⠁⠰⢏⡁⠰⢦⣌⣙⠚⠇
⣴⣶⡿⠛⠁⠠⠞⠻⠶⠶⠶⠶⠶⠶⠶⠶⠶⠶⠶⠶⠟⠳⠀⠉⠻⢿⣶⣦
⠀⣀⣤⣶⣶⣶⣶⣶⣶⣶⣶⣦⣄
⠀⣿⣿⣿⡇⠀⠀⠀⠀⠀⠛⠛⠛
⠀⣿⣿⣿⡇⠀⠀⠀⣶⣶⣶⣶⣶
⠀⣿⣿⣿⡇⠀⠀⠀⠀⠀⣿⣿⣿
⠀⠉⠛⠿⠿⠿⠿⠿⠿⠿⠿⠟⠋
⠀⠀⠀⢀⣀⣥⣤⣤⣤⣤⣤⣤⣤⣤⣤⣤⣤⣬⣐⠠⢀
⡆⢰⣾⣿⣿⣿⣿⠛⡛⠛⠛⠛⠛⠛⡛⢻⣿⣿⣿⣿⣦⢸
⡇⢸⣿⣿⣿⣿⣿⠀⡇⠀⠀⠀⠀⠀⠇⠈⠉⠉⠉⠉⠉⠸
⡇⢸⣿⣿⣿⣿⣿⠀⡇⠀⠀⡄⢀⣀⣀⣀⣀⣀⣀⣀⣀⢠
⡇⢸⣿⣿⣿⣿⣿⠀⡇⠀⠀⡇⠸⠿⠿⣿⣿⣿⣿⣿⣿⢸
⡇⢸⣿⣿⣿⣿⣿⠀⡇⠀⠀⠁⠀⠀⡆⢸⣿⣿⣿⣿⣿⢸
⡇⠸⢿⣿⣿⣿⣿⣤⣥⣤⣤⣤⣤⣤⣥⣼⣿⣿⣿⣿⠟⢸
⠀⠀⠀⠈⠙⡛⠛⠛⠛⠛⠛⠛⠛⠛⠛⠛⠛⢛⠩⠐⠈
⠀⠀⠀⡀⠤⢒⣨⣭⣭⣭⣭⣭⣭⣭⣭⣭⣭⣭⣭⣭⣭⣭⣍⡒⠤⣀
⡔⢊⣥⣶⣾⣿⣿⣿⣿⡿⠿⠿⠿⠿⠿⠿⠿⠿⠿⣿⣿⣿⣿⣿⣷⣦⡍⢲
⡇⢸⣿⣿⣿⣿⣿⣿⣿⠀⡖⠀⠀⠀⠀⠀⠀⠐⡆⢸⣿⣿⣿⣿⣿⣿⡇⢸
⡇⢸⣿⣿⣿⣿⣿⣿⣿⠀⡇⠀⠀⠀⠀⠀⠀⠀⠁⠀⠀⠀⠀⠀⠀⠀⠀⠈
⡇⢸⣿⣿⣿⣿⣿⣿⣿⠀⡇⠀⠀⠀⡖⠀⣀⣀⣀⣀⣀⣀⣀⣀⣀⣀⡀⢰
⡇⢸⣿⣿⣿⣿⣿⣿⣿⠀⡇⠀⠀⠀⡇⢀⣿⣿⣿⣿⣿⣿⣿⣿⣿⣿⡇⢸
⡇⢸⣿⣿⣿⣿⣿⣿⣿⠀⡇⠀⠀⠀⠓⠀⠀⠀⡄⢸⣿⣿⣿⣿⣿⣿⡇⢸
⡇⢸⣿⣿⣿⣿⣿⣿⣿⠀⠧⠀⠀⠀⠀⠀⠀⠠⠇⢸⣿⣿⣿⣿⣿⣿⡇⢸
⠧⢈⡛⠿⣿⣿⣿⣿⣿⣷⣶⣶⣶⣶⣶⣶⣶⣶⣾⣿⣿⣿⣿⣿⡿⠟⣃⠼
⠀⠀⠈⠁⠒⠬⢙⣛⣛⣛⣛⣛⣛⣛⣛⣛⣛⣛⣛⣛⣛⣛⣋⠥⠒⠉
⣴⠋⣩⠭⠭⠭⠭⠭⠭⠭⠭⣍⣙⣦
⣿⠀⣿⠀⠀⠀⠀⠀⠀⠰⣖⣛⠛⣿
⠻⣄⣙⣒⣒⣒⣒⣒⣒⣒⣒⣛⣠⠟
⣤⡖⠋⢉⣉⣉⣉⣉⣉⣉⣉⣉⣉⣉⣉⣉⣉⣉⡉⠛⢶⣤
⣿⡇⠀⢸⣯⠉⠉⠉⠉⠉⠉⠉⠉⠉⠉⣭⣭⣽⣿⣿⣿⣿
⣿⡇⠀⢸⣟⠀⠀⠀⠀⠀⠀⠀⠀⠀⠀⠛⠓⢲⡆⠀⢸⣿
⠛⢧⣄⣈⣉⣉⣉⣉⣉⣉⣉⣉⣉⣉⣉⣉⣉⣉⣁⣤⠾⠛
⣠⣴⠾⠛⠛⠛⠛⠛⠛⠛⠛⠛⠛⠛⠛⠛⠛⠛⠛⠛⠛⠛⠛⠛⠛⠷⣤⣀
⣿⡇⠀⠀⢸⣿⠛⠛⠛⠛⠛⠛⠛⠛⠛⠛⠛⠛⠛⠛⠛⠛⣿⠧⠤⠤⢾⡿
⣿⡇⠀⠀⢸⣿⠀⠀⠀⠀⠀⠀⠀⠀⠀⠀⠀⠀⠀⢸⣿⣉⣉⣉⠉⠉⢻⣿
⣿⡇⠀⠀⢸⣿⣄⣀⣀⣀⣀⣀⣀⣀⣀⣀⣀⣀⣀⣈⣉⣉⣽⣿⠀⠀⢸⣿
⠙⠻⢦⣤⣤⣤⣤⣤⣤⣤⣤⣤⣤⣤⣤⣤⣤⣤⣤⣤⣤⣤⣤⣤⣤⡶⠟⠋
⠰⣶⣶⠤⠀⠀⠀⠀⠀⠀⠤⣶⣶⠆
⡀⠈⠁⢠⡖⠠⠄⠠⠌⠁⠀⠈⠁⢀
⣧⠀⡀⠈⠳⠄⠈⠁⠸⠇⠀⢀⠀⣼
⣿⣧⡹⠗⠂⠀⠀⠀⠀⠐⠺⢏⣼⣿
⣿⣿⣿⣦⣄⡀⠀⠀⢀⣠⣴⣿⣿⣿
⠀⣶⣶⣶⣦⣄⠀⠀⠀⠀⠀⠀⠀⠀⠀⠀⣠⣴⣶⣶⣶
⠀⠉⠻⠟⠉⠀⢀⡠⠤⠀⠀⠀⠀⠤⠤⠀⠀⠉⠻⠛⠉
⡆⠀⠀⠀⠀⢠⣿⠀⠒⠓⢀⠐⠓⢂⣀⠀⠀⠀⠀⠀⠀⢰
⣿⡀⠀⠀⠀⠀⠙⠶⢤⣀⣉⠁⢀⣸⡇⠀⠀⠀⠀⠀⢀⣿
⣿⣷⣄⠻⣷⣦⡤⠀⠀⠀⠀⠀⠀⠀⠀⣤⣴⣾⠟⣠⣾⣿
⣿⣿⣿⣷⣌⠁⠀⠀⠀⠠⠄⠠⠀⠀⠀⠀⠈⣡⣾⣿⣿⣿
⣿⣿⣿⣿⣿⣿⣦⣄⣀⠀⠀⠀⠀⣀⣤⣴⣿⣿⣿⣿⣿⣿
⠀⣶⣶⣶⣶⣦⣄⡀⠀⠀⠀⠀⠀⠀⠀⠀⠀⠀⠀⠀⢀⣠⣴⣶⣶⣶⣶
⠀⠻⢿⣿⣿⠿⠋⠉⠀⠀⠀⢀⣀⣀⣀⣀⣀⣀⠀⠀⠉⠙⠿⣿⣿⡿⠟
⡀⠀⠀⠈⡡⠀⠀⢀⣴⠚⡉⣀⠀⠀⡀⢀⡀⡉⠛⠀⠀⠀⠀⢌⠁⠀⠀⢠
⣇⠀⠀⠀⡇⠀⠀⢾⣧⠀⠈⠉⢉⣠⣈⠉⠉⣤⣤⠀⠀⠀⠀⢸⠀⠀⠀⣼
⣿⡆⠀⠀⠐⢄⠀⠈⠛⠷⣤⣀⡈⠉⠉⠀⠀⣺⡧⠀⠀⠀⡠⠂⠀⠀⣰⣿
⣿⣿⣆⠰⣾⣷⣤⣀⡀⠀⠀⠀⠉⠉⠉⠉⠉⠁⠀⢀⣀⣤⣾⣷⠆⣰⣿⣿
⣿⣿⣿⣷⣌⠻⡿⠛⠉⠀⠀⠀⠀⠀⠀⠀⠀⠀⠀⠉⠻⢿⠟⣡⣾⣿⣿⣿
⣿⣿⣿⣿⣿⣷⣄⡀⠀⠀⠀⠂⠒⠂⠒⠂⠐⠂⠀⠀⢀⣠⣾⣿⣿⣿⣿⣿
⣿⣿⣿⣿⣿⣿⣿⣿⣷⣤⣄⣀⠀⠀⠀⠀⣀⣠⣴⣾⣿⣿⣿⣿⣿⣿⣿⣿
⠛⠻⣿⣿⠛⠃⠀⠛⢻⣿⣿⠛⠃
⠀⢸⣿⣿⣤⣤⣤⣤⣼⣿⣿
⠀⢸⣿⣿⡀⠀⠀⠀⢸⣿⣿
⠛⠛⠛⠛⠛⠃⠀⠙⠛⠛⠛⠛⠃
⠿⠿⢿⣿⣿⣿⡿⠿⠇⠀⠀⠸⠿⣿⣿⣿⣿⡿⠿⠧
⠀⠀⢸⣿⣿⣿⡇⠀⠀⠀⠀⠀⠀⢸⣿⣿⣿
⠀⠀⢸⣿⣿⣿⡷⠶⠶⠶⠶⠶⠶⣾⣿⣿⣿
⠀⠀⢸⣿⣿⣿⡇⠀⠀⠀⠀⠀⠀⢸⣿⣿⣿
⣶⣶⣾⣿⣿⣿⣷⣶⡆⠀⠀⢰⣶⣾⣿⣿⣿⣶⣶⣆
⠉⠉⠉⠉⠉⠉⠉⠉⠁⠀⠀⠈⠉⠉⠉⠉⠉⠉⠉⠁
⣿⣿⣿⣿⣿⣿⣿⣿⣿⣿⣿⠀⠀⠀⢸⣿⣿⣿⣿⣿⣿⣿⣿⣿⣿
⠉⠉⠉⢹⣿⣿⣿⣿⠉⠉⠁⠀⠀⠀⠈⠉⠉⣿⣿⣿⣿⣿⠉⠉⠉
⠀⠀⠀⢸⣿⣿⣿⣿⠀⠀⠀⠀⠀⠀⠀⠀⠀⣿⣿⣿⣿⣿
⠀⠀⠀⢸⣿⣿⣿⣿⡿⠿⠿⠿⠿⠿⠿⠿⠿⣿⣿⣿⣿⣿
⠀⠀⠀⢸⣿⣿⣿⣿⠀⠀⠀⠀⠀⠀⠀⠀⠀⣿⣿⣿⣿⣿
⣀⣀⣀⣸⣿⣿⣿⣿⣀⣀⣀⠀⠀⠀⢀⣀⣀⣿⣿⣿⣿⣿⣀⣀⣀
⠿⠿⠿⠿⠿⠿⠿⠿⠿⠿⡿⠀⠀⠀⠸⠿⠿⠿⠿⠿⠿⠿⠿⠿⢿
⠀⢹⣿⠁⠀⠀⠀⢘⣿⡏
⠀⢸⣿⠒⢻⣿⠓⠺⣿⡇⠀⠙⡏
⠀⣸⣿⡀⢸⣿⠀⣨⣿⣇⠀⠀⡇
⠀⠀⠀⠀⠈⠻⢦⣀⣀⣀⣀⠴⠃
⠈⠉⣿⣿⡟⠉⠁⠀⠀⠀⠈⠉⣿⣿⡟⠉⠁
⠀⠀⣿⣿⡇⠠⠤⣤⣤⣤⠤⠄⣿⣿⡇⠀⠠⠤⣤⣤⠤⠤
⠀⠀⣿⣿⡟⠉⠉⣿⣿⡟⠉⠉⣿⣿⡇⠀⠀⠀⢸⡏
⠀⠀⣿⣿⡇⠀⠀⣿⣿⡇⠀⠀⣿⣿⣇⠀⠀⠀⢸⡇
⠐⠚⠛⠛⠛⠒⠂⢿⣿⣇⠐⠚⠛⠛⠛⠓⠂⠀⢸⡇
⠀⠀⠀⠀⠀⠀⠀⠈⠛⠿⢶⣤⣄⣀⣀⣠⡤⠴⠋
⠉⠉⠹⣿⣿⣿⠋⠉⠁⠀⠀⠀⠀⠉⠉⢻⣿⣿⡿⠉⠉⠁
⠀⠀⠀⣿⣿⣿⢀⣀⣀⣀⣀⣀⣀⣀⣀⢸⣿⣿⡇⠀⠀⣀⣀⣀⣀⣀⣀⣀
⠀⠀⠀⣿⣿⣿⠶⠶⠾⣿⣿⣿⡷⠶⠶⢾⣿⣿⡇⠀⠀⠀⠀⢹⣿⠉
⠀⠀⠀⣿⣿⣿⠀⠀⠀⣿⣿⣿⡇⠀⠀⢸⣿⣿⡇⠀⠀⠀⠀⢸⣿
⠀⢀⣠⣿⣿⣿⣀⠀⠀⣿⣿⣿⡇⠀⢀⣸⣿⣿⣧⣀⠀⠀⠀⢸⣿
⠀⠉⠀⠀⠀⠀⠈⠁⠁⢻⣿⣿⣇⠁⠉⠀⠀⠀⠀⠈⠁⠀⠀⣸⡿
⠀⠀⠀⠀⠀⠀⠀⠀⠀⠀⠙⠻⠿⢶⣤⣤⣄⣀⣀⣤⣤⠴⠞⠋
⡀⠀⠀⠀⣸⠿⠗⠀⠀⠀⠀⠿⠿⣿
⡇⠀⠀⠀⠀⠀⠀⠀⠀⠀⢠⣤⣤⣬
⠃⠀⠀⠀⢤⣀⡀⠀⠀⠀⠀⠀⠀⠉
⣶⣶⣶⣦⣀⠀⠀⠀⠀⠀⠀⠀⢀⣠
⠀⠀⠀⠀⠀⢐⢸⣿⣿⣿⡇⠀⠀⠀⠀⠀⠀⢸⣿⣿⣿⣿
⣦⠀⠀⠀⠀⠀⠾⠛⠉⠈⠁⠀⠀⠀⠀⠀⠀⠈⠉⠉⠻⢿
⣿⠀⠀⠀⠀⠂⠀⠀⠀⠀⠀⠀⠀⠀⠀⠀⢀⣀⣀⣀⣀⣸
⣿⠀⠀⠀⠀⠀⠀⠀⠀⠀⠀⠀⠀⠀⠀⠀⠘⠛⠛⠛⠻⢿
⠛⠀⠀⠀⠀⢀⢳⣤⣀⣀⡀⠀⠀⠀⠀⠠
⣀⣀⣀⣀⣀⣀⠈⠉⠉⠉⠁
⣿⣿⣿⣿⣿⣿⣦⣄⡀⠀⠀⠀⠀⠀⠀⠀⠀⠀⠀⢀⣠⣴
⠀⡆⠀⠀⠀⠀⠀⠂⢸⣿⣿⣿⣿⡇⠐⠀⠀⠀⠀⠀⠐⠀⣿⣿⣿⣿⣿⣿
⣤⠁⠀⠀⠀⠀⢰⢡⣼⠿⠛⠉⠉⠁⠈⠂⠀⠀⠀⠀⠈⠀⠉⠉⠙⠻⢿⣿
⣿⠀⠀⠀⠀⠀⠸⠈⠐⠀⠀⠀⠀⡀⠀⠄⠀⠀⠀⠀⠀⠀⠀⠀⠀⠀⠀⢸
⣿⠀⠀⠀⠀⠀⠀⠀⠀⠀⠀⠀⠀⡇⠀⠀⠀⠀⠀⠀⠀⣷⣾⣿⣿⣿⣶⣿
⣿⠀⠀⠀⠀⠀⠀⢠⡐⠀⠀⠀⠀⠀⠀⠀⠀⠀⠀⠀⠀⠀⠀⠀⠀⠀⢉⠛
⠉⠄⠀⠀⠀⠀⠐⠌⢹⣷⣦⣤⣤⡄⠠⠀⠀⠀⠀⠀⠠⠀⡆⠀⠀⠀⢸
⣀⣁⣀⣀⣀⣀⣀⡀⢠⠀⠀⠀⠀⠆⠈⠀⠀⠀⠀⠀⠀⠀⠇⠀⠀⠀⢸
⣿⣿⣿⣿⣿⣿⣿⣿⣶⣤⡀⠀⠀⠀⠀⠀⠀⠀⠀⠀⠀⠀⠀⠀⠀⣀⣤⣶
⢴⣿⣧⣶⣀⣀⠀⢀⣀⣀⣶⣼⣿⡦
⠀⠀⠀⠈⡇⢙⡒⣛⠀⣿⢹⡃
⠀⠀⣀⣼⠷⠛⠣⠝⠒⠯⣼⣁
⣠⣼⠳⣧⣀⣤⠀⠀⠀⠀⠀⠀⠀⠀⠀⠀⣤⣀⣼⠞⣧⣄
⠙⠺⠿⠿⠞⠿⣶⠤⢤⡄⠀⢠⡤⠤⣤⣶⡿⠳⠿⠿⠗⠋
⠀⠀⠀⠀⠀⠀⣿⠀⢘⣛⣉⣛⡃⠀⣿⡏⠉⡏⠁
⠀⠀⠀⠀⠀⣠⣿⣤⣼⣿⠀⢹⣧⣤⣿⠇⢀⡇
⠀⠀⠀⣠⣴⡮⠵⠒⠈⠈⠙⠒⠒⠒⠒⠶⢽⣦⣄
⢀⣤⠿⢶⣦⡀⣀⣀⠀⠀⠀⠀⠀⠀⠀⠀⠀⠀⠀⠀⣀⣀⢀⣴⡶⠿⣤⡀
⠻⢬⣷⣶⣭⣭⣿⣿⣄⣀⣀⣀⠀⠀⠀⣀⣀⣀⣀⣠⣿⣿⣭⣭⣶⣾⡥⠟
⠀⠀⠀⠀⠀⠀⠀⠙⣷⠀⠀⣿⣒⣒⣲⣿⠀⠀⣿⡟⠛⢲⡶⠂
⠀⠀⠀⠀⠀⠀⠀⠀⣿⠀⠀⣤⡄⠀⢤⣤⠀⠀⣿⡇⠀⢸⡇
⠀⠀⠀⠀⠀⠀⠠⣾⡯⠶⠶⣿⣇⠀⠸⠿⠶⠶⠿⠃⢀⣸⠇
⠀⠀⠀⢀⣠⣴⡯⠥⠖⠋⠉⠀⠈⠉⠉⠉⠉⠉⠛⠻⠭⢽⣦⣄⡀
⢀⣀⣤⣤⣶⣶⣶⣿⣶⣶⣶⣤⣄⢀
⠀⠈⠙⠻⠿⢿⣿⠟⠻⣿⡿⠟⠉⠈
⠀⠀⠀⣀⣀⣠⣤⣤⣤⣴⣾⣽⣷⣦⣶⣦⣤⣤⣀⡀
⠘⠻⢿⣿⣿⣿⣿⣿⣿⣿⣿⣿⣿⣿⣿⣿⣿⣿⣿⣿⣏⡰
⠀⠀⠀⠈⠉⠛⠛⠿⠿⢿⣿⠟⠛⠻⣿⣷⡫⠛⠉
⠀⠀⠀⠀⠀⠀⣀⣀⣀⣤⣤⣤⣤⣼⣽⢿⣶⣖⣶⣤⣤⣄⣀⣀
⠠⣔⣶⣶⣿⣿⣿⣿⣿⣿⣿⣿⣿⣿⣿⣿⣿⣿⣿⣿⣿⣿⣽⣷⣵⣶⠤⣄
⠀⠈⠙⠺⢿⣿⣿⣿⣿⣿⣿⣿⣿⣿⣷⢿⣿⣿⣿⡿⢿⣿⣿⣿⡻⠯⠕⠋
⠀⠀⠀⠀⠀⠀⠉⠙⠛⠿⠿⠿⣿⡫⠟⠋⠑⠻⣝⣿⣮⠕⠁
⠈⡹⠩⠿⠏⣽⠊⢭⣽⡏⣹⣿⠉⠇
⢠⣃⣶⣖⣠⠏⣛⣂⠜⢄⣙⡃⠜
⠀⠉⡿⠉⠹⠿⠿⠉⣹⡓⠉⢭⣭⣩⡿⠉⣹⣿⡿⠉⣹⠃
⠀⣼⣁⣰⣶⣶⣀⡰⠏⣙⣛⣂⡠⠜⠧⣀⣛⣋⡡⠔⠁
⠀⠈⠛⡏⠉⢉⣿⣿⡯⠉⢉⡿⠒⠊⣉⣉⠙⢛⣯⠉⠉⣽⣿⣿⠉⠉⣹⠃
⠀⠀⡼⠁⠀⣈⣉⡉⠁⠀⣼⣷⣤⣀⡉⠉⠛⣿⠃⠀⢸⣿⣿⠏⠀⣰⠃
⠀⣼⣁⣀⣼⣿⣿⣃⣀⡴⠣⠤⢌⣉⣉⠤⠴⠋⠣⠤⣀⣉⡠⠤⠖⠁
⠀⠀⣤⣶⣶⣾⣶⣶⣤⣄⣀⡠⣄
⠀⣦⣿⣿⣛⣿⣿⣫⣿⣿⠿⢿⡇
⠀⠤⠛⠛⠏⣿⠁⠀⠀⠛⠀⠀⠓
⠀⠀⠀⢀⣤⣦⣴⣶⣶⣶⣶⣦⣤⣀⣀⠀⠀⠀⢀⡀
⠀⢀⡄⣿⣿⣿⣿⣿⣿⣿⣿⣿⢻⣿⣿⣯⣿⣿⣶⡜
⠀⠘⠻⢿⣿⣟⣷⡾⣾⣿⡟⠷⠿⠿⢿⡟⠋⠙⠻⣇
⠀⠤⠶⠋⠉⠛⠛⠇⣽⡏⠀⠀⠀⠀⠈⠁⠀⠀⠀⠛⠂
⠀⠀⠀⠀⠀⣀⣤⣤⣴⣴⣶⣶⣶⣶⣤⣄⣀⠀⠀⠀⠀⠀⠀⢀
⠀⠀⠀⠀⣾⣿⣿⣿⣿⣿⣿⣿⣿⣿⣿⣿⣿⣻⣿⡷⠶⡶⠦⣌⣑⡄
⠀⠀⣿⣄⣿⣿⣿⣿⠟⣻⡹⣿⣿⣿⡟⣰⣿⣿⣿⣿⣿⠿⣿⣿⣷
⠀⠀⠈⠙⣻⣿⣿⣼⣿⡟⢹⣿⡿⠋⠛⠛⠛⠋⢹⣧⠀⠀⠀⠙⣿⡀
⠀⠠⠶⠞⠉⠈⠉⠓⠛⠃⠸⠿⠄⠀⠀⠀⠀⠀⠀⠀⠀⠀⠀⠀⠉⠉
⠀⢀⣠⣤⣴⣶⣾⣿⣿⣿⣿⡶⠤⣄
⠐⠉⠩⠛⠋⠟⠛⠟⠋⠉⠉⠉
⠀⠀⠀⠀⢀⣀⣤⣤⣶⣶⣶⣿⣿⣿⣿⣿⣷⣶⣦⣀⣀⡀
⠀⣐⣾⡿⠿⣿⣿⣿⣿⣿⣿⣿⣿⣿⠿⠿⢿⣷⣯⠉⠿⠛
⠈⠁⠀⠠⠚⠋⠉⠸⠟⠉⠘⠟⠉⠃
⠀⠀⠀⠀⠀⠀⠀⢀⣀⣠⣤⣴⣶⣶⣾⣿⣿⣿⣿⣿⣷⣶⣦⣤⣀⡀
⠀⢀⡠⢤⣶⣾⣿⣿⣿⣿⣿⣿⣿⣿⣿⣿⣿⣿⣿⣿⣿⣿⣻⠿⠿⢿⡿⡳
⢀⡤⠶⠟⠛⢋⣿⣿⡿⢿⣿⣿⡿⢿⣿⣿⣿⡟⠋⠉⠛⠚⠻⠟⠆⠈⠉
⠀⠀⠀⠀⠴⠛⠉⠀⠀⠸⠟⠁⠀⠘⠋⠀⠈
⣿⣿⣿⠛⠛⢛⣿⣿⡛⠛⠛⣿⣿⣿
⣿⣿⣿⡇⠀⠸⠿⠿⠇⠀⢸⣿⣿⣿
⢻⣿⣿⡇⠀⢰⣶⣶⡆⠀⢸⣿⣿⡟
⠀⠹⢿⣦⣤⣤⣿⣿⣤⣤⣴⡿⠏
⠀⠀⠀⠉⠛⠿⢿⡿⠿⠛⠉
⣿⣿⣿⣿⣿⠿⠿⠿⠿⢿⣿⣿⡿⠿⠿⠿⠿⣿⣿⣿⣿⣿
⣿⣿⣿⣿⣿⣦⠀⠀⢰⣿⣿⣿⣿⡆⠀⠀⣴⣿⣿⣿⣿⣿
⣿⣿⣿⣿⣿⣿⠀⠀⠘⠛⠛⠛⠛⠃⠀⠀⣿⣿⣿⣿⣿⣿
⢹⣿⣿⣿⣿⣿⠀⠀⢸⣿⣿⣿⣿⡇⠀⠀⣿⣿⣿⣿⣿⡏
⠀⠙⣿⣿⣿⣁⣀⣀⣈⣻⣿⣿⣟⣁⣀⣀⣈⣿⣿⣿⠏
⠀⠀⠀⠙⠿⣿⣿⣿⣿⣿⣿⣿⣿⣿⣿⣿⣿⠿⠋
⠀⠀⠀⠀⠀⠀⠉⠙⠻⠿⣿⣿⠿⠟⠋⠉
⣿⣿⣿⣿⣿⣿⣿⣿⣿⣿⣿⣿⣿⣿⣿⣿⣿⣿⣿⣿⣿⣿⣿⣿⣿⣿⣿⣿
⣿⣿⣿⣿⣿⣿⣇⡀⠀⠀⢀⣴⣿⣿⣿⣿⣦⡀⠀⠀⢀⣸⣿⣿⣿⣿⣿⣿
⣿⣿⣿⣿⣿⣿⣿⡇⠀⠀⢸⣿⣿⣿⣿⣿⣿⡇⠀⠀⢸⣿⣿⣿⣿⣿⣿⣿
⣿⣿⣿⣿⣿⣿⣿⡇⠀⠀⠀⠀⠀⠀⠀⠀⠀⠀⠀⠀⢸⣿⣿⣿⣿⣿⣿⣿
⠹⣿⣿⣿⣿⣿⣿⡇⠀⠀⢸⣿⣿⣿⣿⣿⣿⡇⠀⠀⢸⣿⣿⣿⣿⣿⣿⠏
⠀⠹⣿⣿⣿⣿⡏⠁⠀⠀⠘⠻⣿⣿⣿⣿⠟⠃⠀⠀⠈⢹⣿⣿⣿⣿⠏
⠀⠀⠈⠻⢿⣿⣿⣿⣿⣿⣿⣿⣿⣿⣿⣿⣿⣿⣿⣿⣿⣿⣿⡿⠟⠁
⠀⠀⠀⠀⠀⠉⠛⠿⣿⣿⣿⣿⣿⣿⣿⣿⣿⣿⣿⣿⠿⠛⠉
⠀⠀⠀⠀⠀⠀⠀⠀⠀⠉⠙⠻⠿⣿⣿⠿⠟⠛⠉
⠀⢲⡶⣶⣶⣿⠀⠀⣿⣶⣶⢶⡖
⠀⢸⡂⣗⣿⣿⠿⠿⣿⣿⣺⢐⡇
⠀⡬⠶⠷⠿⠿⠀⠀⠿⠿⠿⠶⢥
⠀⠠⢤⣶⣶⣶⣶⣶⣿⡇⠀⠀⢸⣿⣶⣶⣶⣶⣶⡤⠄
⠀⠀⢲⣯⢸⢩⣿⣿⣿⣷⣶⣶⣾⣿⣿⣿⡍⡇⣽⡖
⠀⠀⢩⡗⢸⣒⣿⣿⣿⡟⠛⠛⢻⣿⣿⣿⣒⡇⢺⡭
⠀⢠⠴⠿⠾⠿⠿⠿⠟⠃⠀⠀⠘⠻⠿⠿⠿⠷⠿⠦⡄
⠀⠀⣠⡤⣤⣤⣤⣶⣶⣶⢲⣶⠀⠀⠀⠀⣶⡖⣶⣶⣶⣤⣤⣤⢤⣄
⠀⠀⠈⣙⡮⢻⡿⣿⣿⣿⢸⣿⠀⠀⠀⠀⣿⡇⣿⣿⣿⢿⡟⢵⣋⠁
⠀⠀⠈⣙⡦⢸⡇⢴⣿⣿⣾⣿⣿⣿⣿⣿⣿⣷⣿⣿⡦⢸⡇⢴⣋⠁
⠀⠀⠈⣙⡦⢸⡇⠶⣿⣿⢻⣿⠿⠿⠿⠿⣿⡟⣿⣿⠶⢸⡇⢴⣋⠁
⠀⠀⠈⢙⡦⣸⣷⣾⣿⣿⢸⣿⠀⠀⠀⠀⣿⡇⣿⣿⣷⣾⣇⢴⡋⠁
⠀⠠⠶⠯⠾⠿⠛⠛⠛⠛⠛⠋⠀⠀⠀⠀⠙⠛⠛⠛⠛⠛⠿⠷⠽⠶⠄
⠀⠀⠠⠶⠶⠶⠶⢿⣿⣿⣿⣆⡀
⠀⠀⠀⠀⠀⠀⢰⣛⡗⣿⣞⣻⣿⠂
⠀⠀⠤⣴⣶⣶⣾⣿⣿⣿⣿⣿⡷⠆
⠀⠀⠀⠀⣀⣤⣤⣤⣶⣶⣶⣶⣶⣶⣿⣿⣶⣦
⠀⠀⠀⠀⠀⠈⠉⠉⠉⠉⠉⢙⣽⠛⢻⠟⢛⡳⣶⣄
⠀⠀⠀⠀⠀⠀⠀⠀⠀⠀⢰⡋⣛⡛⣟⣛⣛⠋⣹⣿⡇
⠀⠀⠀⠀⠀⠀⢀⣀⣠⣤⣤⣽⣮⡓⢻⠿⠿⣾⣿⣋⣀⡀
⠀⠀⠐⠲⠾⠿⢿⣿⣿⣿⠿⠿⠿⣿⣿⣿⣿⣿⡿⠿⠋⠁
⠀⠀⠀⠀⠀⠀⢠⣤⣤⣤⣤⣤⣶⣶⣶⣶⣶⣶⣶⣶⣶⣶⡄
⠀⠀⠀⠀⠈⠉⠉⠉⠉⠙⠛⠛⠛⠛⠻⢟⣿⠿⣿⣿⠿⠿⢥⣤⡀
⠀⠀⠀⠀⠀⠀⠀⠀⠀⠀⠀⠀⠀⣠⡴⣿⣧⡤⣿⣤⣤⣿⠦⠿⣿⣦⡀
⠀⠀⠀⠀⠀⠀⠀⠀⠀⠀⠀⠀⠀⠹⣆⡰⠴⠀⣶⢶⣶⠄⣀⣼⣿⠟
⠀⠀⠀⠀⠀⠀⠀⣀⣠⣤⣴⣶⣶⣶⣶⣿⣯⣍⣙⣛⣛⣛⣿⣿⣦⣤⣤
⠀⠀⠀⠈⠛⠿⠿⠿⠿⠿⠿⠿⠿⠿⠿⠿⠿⠿⣿⣿⣿⣿⡿⠿⠟⠛⠁
⠀⣀⣀⣠⣾⣿⣿⣿⣿⣿⣿⡿⣟⢁
⠈⣩⣿⣷⣿⣿⣿⣿⣿⣿⠟⠀⠈⠁
⠀⠀⠀⠀⠀⠀⡠⣪⣿⣿⣿⡿⢫⡾⣫⣿⣿⣿⡿⡫⠞⠁
⢠⠐⠁⣀⢀⣈⣈⣉⣉⣉⣉⣉⣉⣉⣉⣉⣉⡉⠈⠁⠀⠔
⠀⢀⣔⣵⣿⣿⣿⣿⣯⣞⣵⣿⣿⣿⣟⡿⠋
⠀⠀⠀⠀⠀⠀⠀⠀⣠⢞⣽⣿⣿⣿⣿⡿⣫⡿⢞⣽⣿⣿⣿⣿⡿⡩⠋
⠀⢀⠤⠀⡀⠀⠀⡚⠱⠿⠿⠿⠿⠿⠿⠾⠿⠶⠿⠿⠿⠿⠿⠫⠮⠤⠤⣄
⠐⠁⠊⠀⡦⣠⣤⣤⣶⣶⣶⠶⣶⡶⣶⣶⣶⣶⣶⣶⢖⡴⠂⠒⠒⠒⠊⠁
⠀⠀⣠⣪⣾⣿⣿⣿⣿⣟⡵⣿⣫⣾⣿⣿⣿⣿⣟⡵⠋
⠀⠀⠀⠀⠀⠀⠀⣿⣶⣦⣤⣀⡀
⠀⠀⠀⠀⠀⠀⠀⣿⣿⣿⣿⣿⣿⡄
⠀⠀⠀⠀⠀⠀⠀⡏⢉⣁⣤⣼⡿⠋
⠀⠀⠀⠀⠀⠀⠀⠀⢸⣿⣿⣿⡇
⠀⠀⠀⠀⠀⠀⠀⠀⠸⠿⠟⠋⠁
⠀⠀⠀⠀⠀⠀⠀⠀⠀⠀⠀⣿⣶⣦⣤⣀⣀
⠀⠀⠀⠀⠀⠀⠀⠀⠀⠀⠀⣿⣿⣿⣿⣿⣿⣿⣷⣶⡀
⠀⠀⠀⠀⠀⠀⠀⠀⠀⠀⠀⣿⣿⣿⣿⣿⣿⣿⣿⣿⣷⡀
⠀⠀⠀⠀⠀⠀⠀⠀⠀⠀⠀⣿⠿⠛⠛⠋⠉⢉⣼⣿⣿⠷
⠀⠀⠀⠀⠀⠀⠀⠀⠀⠀⠀⡿⠀⢠⣶⣶⣿⣿⣿⣿⠁
⠀⠀⠀⠀⠀⠀⠀⠀⠀⠀⠀⠀⠀⢺⣿⣿⣿⣿⣿⣿
⠀⠀⠀⠀⠀⠀⠀⠀⠀⠀⠀⠀⠀⢸⣿⣿⣿⣿⡿⠟
⠀⠀⠀⠀⠀⠀⠀⠀⠀⠀⠀⠀⠀⢸⡿⠛⠋⠁
⠀⠀⠀⠀⠀⠀⠀⠀⠀⠀⠀⠀⠀⠀⣿⣶⣦⣤⣀⣀
⠀⠀⠀⠀⠀⠀⠀⠀⠀⠀⠀⠀⠀⠀⣿⣿⣿⣿⣿⣿⣿⣷⣶⣦⣤⡀
⠀⠀⠀⠀⠀⠀⠀⠀⠀⠀⠀⠀⠀⠀⣿⣿⣿⣿⣿⣿⣿⣿⣿⣿⣿⣷⡀
⠀⠀⠀⠀⠀⠀⠀⠀⠀⠀⠀⠀⠀⠀⣿⣿⣿⣿⣿⣿⣿⣿⣿⢿⣿⣿⣷⡀
⠀⠀⠀⠀⠀⠀⠀⠀⠀⠀⠀⠀⠀⠀⣿⡟⠛⠛⠉⠉⠁⠀⣀⣾⣿⣿⣿⠗
⠀⠀⠀⠀⠀⠀⠀⠀⠀⠀⠀⠀⠀⠀⣿⡇⠀⣠⣴⣶⣾⣿⣿⣿⣿⠟⠁
⠀⠀⠀⠀⠀⠀⠀⠀⠀⠀⠀⠀⠀⠀⠉⠀⠀⣿⣿⣿⣿⣿⣿⣿⣿
⠀⠀⠀⠀⠀⠀⠀⠀⠀⠀⠀⠀⠀⠀⠀⠀⠀⣿⣿⣿⣿⣿⣿⣿⣿
⠀⠀⠀⠀⠀⠀⠀⠀⠀⠀⠀⠀⠀⠀⠀⠀⠀⣿⣿⣿⣿⣿⡿⠟⠋
⠀⠀⠀⠀⠀⠀⠀⠀⠀⠀⠀⠀⠀⠀⠀⠀⠀⢸⠿⠛⠉⠁
⠘⢶⣶⣶⣤⣤⣤⣤⣤⣤⢶⣶⡶⠃
⠀⠀⠈⠉⠉⠹⢿⡿⠏⠉⠉⠁
⠙⣶⣶⣤⣤⣤⣤⣄⡀⠀⣀⣀⠀⢀⣠⣤⣤⣤⣤⣶⣶⠋
⠀⠈⠙⠟⢶⢿⣿⣿⣿⣿⣿⣿⣿⡿⣿⣿⡿⡶⠻⠋⠁
⠀⠀⠀⠀⠀⠀⠀⠀⠰⠿⢿⡿⠿⠆
⠘⣲⣦⣤⣤⣄⣀⣀⣀⡀⠀⠀⠀⠀⠀⠀⠀⠀⢀⣀⣀⣀⣀⣤⣤⣴⣶⠃
⠀⠈⠿⣿⣛⣉⠭⢟⡻⡿⡷⣶⣶⡶⢶⣶⣶⢾⢿⢟⡻⠭⣉⣛⣻⠿⠁
⠀⠀⠀⠈⠀⠒⠛⠱⠚⠵⠣⢿⣿⣯⣽⣿⡿⠜⠮⠓⠎⠛⠒⠈⠁
⠀⠀⠀⠀⠀⠀⠀⠀⠀⠀⠐⠻⠛⢿⡿⠛⠟⠂
⠀⣠⣤⠶⠟⠛⠛⠣⠙⢓⠒⠺⢆
⢹⠟⠁⠀⠀⠀⢸⢦⡤⢤⣄⣠⢈⡦
⠈⠉⠉⠑⠒⠒⠬⢿⡀⠀⠈⠉⠉
⠀⠀⠀⣀⣠⣤⣾⣿⡿⠿⠿⢯⡙⠻⠷⠶⣤⣔⢲⡄
⢀⣴⣿⣿⠛⠉⠁⠀⠀⠀⢀⡀⠀⠀⠐⠦⠄⠀⠀⢹⡆
⢉⣿⠏⠁⠀⠀⠀⠀⠀⠀⣾⠷⣤⣤⣤⣀⣀⠀⡄⠀⠙⣤
⠈⠷⠶⠶⢤⣤⣀⣀⡀⠀⠹⣴⡏⠀⠀⠉⠙⠻⠬⠤⠟⠁
⠀⠀⠀⠀⠀⠀⠀⠈⠉⠙⠒⠾⢷⡀
⠀⠀⠀⠀⠀⢀⣀⣤⣶⣿⣿⣿⣿⣿⣿⠙⠲⢿⣶⣦⣄⣀⡴⠲⡄
⠀⠀⣠⣴⣾⣿⡿⠟⠛⠋⠉⠉⠀⠀⠘⠃⠀⠀⢁⠈⠉⠙⠓⠘⠧⣄
⣠⣾⣿⣿⡿⠁⠀⠀⠀⠀⠀⠀⠀⣠⡆⠀⠀⠀⠀⠙⠓⠂⠀⠀⠐⢾⡁
⠁⣿⡿⠋⠀⠀⠀⠀⠀⠀⠀⠀⢠⣟⢷⣤⣤⣤⣤⠀⣀⠀⢀⡀⠀⠀⠻⣄
⠀⣿⣅⣀⣀⣀⠀⠀⠀⠀⠀⠀⠀⣿⣀⣾⠋⠀⠉⠛⠻⣷⣞⣓⣒⣲⡞⠁
⠀⠉⠉⠉⠉⠙⠛⠛⠲⠶⢤⣤⣀⠈⢿⣿⠀⠀⠀⠀⠀⠀⠈⠉⠉⠁
⠀⠀⠀⠀⠀⠀⠀⠀⠀⠀⠀⠀⠉⠉⠛⠻⢧
⣤⣤⡄⢠⣤⡤⠀⠀⠈⠈
⣸⣿⡗⢺⣿⣿⣶⠶⢶⣶⠄
⠉⠉⠁⠈⠉⢿⣿⣄⣶⣶⠄
⠀⠀⠀⠀⠀⠀⠀⠀⠀⠀⠀⠔⠄⠛⠑⠃
⢹⣿⣿⣿⠁⢹⣿⣿⣿⣁⠀⠀⠀⢀⣈⠀⠀⠀⠀⠀⢐⠠
⢸⣿⣿⣿⠛⢻⣿⣿⣿⣿⣿⠶⠶⣿⣿⣯
⠚⠛⠛⠛⠂⠚⠛⠻⣿⣿⣿⠀⠀⣉⣉⣉
⠀⠀⠀⠀⠀⠀⠀⠀⠻⢿⣿⣦⣴⣿⡿⠿
⠀⠀⠀⠀⠀⠀⠀⠀⠀⠀⠀⠀⠀⢀⡴⠪⠡⠻⠬⠋
⢿⣿⣿⣿⣿⠇⠘⣿⣿⣿⣿⡟⠉⠀⠀⠀⠀⠀⠘⠂⠂⠀⠀⠀⠀⠀⡤⢀
⢸⣿⣿⣿⣿⣶⣶⣿⣿⣿⣿⣷⣾⣤⣄⣀⣰⣶⣶⣶⠄⠀⠀⠀⠀⠀⠉
⣸⣿⣿⣿⣿⡀⢀⣿⣿⣿⣿⣿⣿⣿⡏⠉⠻⠿⠿⠿⠇
⠉⠉⠉⠉⠉⠁⠈⠉⠉⠉⣿⣿⣿⣿⡇⠀⢠⣤⣤⣤⡄
⠀⠀⠀⠀⠀⠀⠀⠀⠀⠀⠻⠿⢿⣿⣷⣶⣾⣿⡿⠿⠇
⣴⣶⣶⣾⣿⣿⣿⣿⣿⣿⣷⣶⡖⣦
⠸⣿⣿⣿⣿⣿⣿⣿⣿⣿⡟⠛⣱⠇
⠀⠈⠻⣿⣿⣿⣿⡅⢹⣿⣀⠔⠁
⠀⠀⠀⠈⠙⠿⢿⡿⠟⠋⠁
⣠⣤⣤⣶⣶⣶⣶⣶⣿⣿⣿⣿⣿⣿⣿⣿⣦⣴⣶⠤⢤⣄
⢻⣿⣿⣿⣿⣿⣿⣿⣿⣿⣿⣿⣿⣿⣿⣿⣿⣿⣿⣧⣰⡟
⠀⢻⣿⣿⣿⣿⣿⣿⣿⣿⣿⣿⣿⣿⣿⣿⡟⠉⠁⣰⡟
⠀⠀⠙⢿⣿⣿⣿⣿⣿⣿⣿⡋⠈⢿⣿⡗⠀⣠⡾⠋
⠀⠀⠀⠀⠙⠻⣿⣿⣿⣿⣿⣿⣬⣶⣿⣿⠟⠋
⠀⠀⠀⠀⠀⠀⠀⠉⠛⠿⣿⣿⠿⠛⠉
⣀⣀⣠⣤⣤⣴⣶⣶⣶⣶⣶⣶⣶⣶⣶⣾⣿⣿⣿⣿⣶⣄⣴⣦⣤⣄⣀⣀
⢿⣿⣿⣿⣿⣿⣿⣿⣿⣿⣿⣿⣿⣿⣿⣿⣿⣿⣿⣿⣿⣿⣿⣿⣇⠀⣹⡿
⠘⣿⣿⣿⣿⣿⣿⣿⣿⣿⣿⣿⣿⣿⣿⣿⣿⣿⣿⣿⣿⣿⣿⡿⠿⢢⣿⠃
⠀⠘⢿⣿⣿⣿⣿⣿⣿⣿⣿⣿⣿⣿⣿⣿⣿⣿⣿⣿⡿⠃⠀⠀⣠⡿⠃
⠀⠀⠈⠻⣿⣿⣿⣿⣿⣿⣿⣿⣿⣿⡋⠉⢙⣻⣿⡯⠄⠀⢀⣴⠟⠁
⠀⠀⠀⠀⠈⠻⣿⣿⣿⣿⣿⣿⣿⣿⣷⡐⠦⣭⣿⣷⣦⣴⠟⠁
⠀⠀⠀⠀⠀⠀⠀⠙⠻⣿⣿⣿⣿⣿⣿⣷⣾⣿⣿⠟⠋
⠀⠀⠀⠀⠀⠀⠀⠀⠀⠀⠉⠛⠿⢿⡿⠿⠛⠉
⡄⣤⣤⣤⠶⢶⠶⠶⡶⢶⣤⣤⣤⢠
⠃⣿⡟⢉⡄⠀⠒⠒⠀⣠⣭⣿⣿⠘
⠈⠘⢷⣦⣁⣀⣛⣛⣀⣈⣼⡿⠃⠁
⠀⠀⠀⠉⠛⠿⠿⠿⠿⠛⠉
⡤⢀⣀⣀⣀⣀⣀⣀⣤⣤⣽⣯⣤⣤⣀⣀⣀⣀⣀⣀⡀⢤
⡇⣿⣿⣿⣿⣿⡟⠉⠙⠛⠛⠛⠛⠋⠉⢻⣿⣿⣿⣿⣿⢸
⢧⢸⣿⣿⠋⠁⣠⡄⠀⠸⠿⠿⠇⠀⢠⣄⣬⣿⣿⣿⡇⡼
⠘⡌⣿⣿⡀⠀⠻⠇⠀⢠⣤⣤⡄⠀⠸⠟⠿⣿⣿⣿⢡⠃
⠀⠘⢌⠻⣿⣶⡆⠀⢀⣈⣉⣉⣁⡀⠀⣰⣾⣿⠟⡡⠃
⠀⠀⠀⠑⠬⡻⢿⣿⣿⣿⣿⣿⣿⣿⣿⡿⢟⠥⠊
⠀⠀⠀⠀⠀⠀⠁⠊⠩⠛⡛⢛⠛⠍⠑⠈
⣀⣀⣀⣀⡀⠀⠠⠤⠤⢄⣐⣒⣢⣭⣭⣔⣒⣂⡠⠤⠤⠄⠀⢀⣀⣀⣀⣀
⡇⢰⣶⣾⣿⣿⣿⣿⠿⠿⠻⣿⣿⣿⣿⣿⣿⠟⠿⢿⣿⣿⣿⣿⣷⣶⡆⢸
⣧⢸⣿⣿⣿⣿⡿⠛⠀⠀⠀⢀⣀⣠⣄⣀⠀⠀⠀⠘⠛⢿⣿⣿⣿⣿⡇⣼
⢹⠘⣿⣿⣿⠁⠀⢠⣶⡆⠀⠀⠻⠛⠛⠟⠀⠀⢰⣦⣴⣶⣿⣿⣿⣿⠃⡏
⠈⣇⢹⣿⣿⡀⠀⠘⢿⠇⠀⠀⣤⣤⣤⣤⠀⠀⠸⠿⠿⠿⣿⣿⣿⡏⣸⠁
⠀⠈⢦⠻⣿⣿⣶⣤⡀⠀⠀⠈⠛⠛⠛⠛⠀⠀⠀⢀⣤⣶⣿⣿⠟⡴⠁
⠀⠀⠀⠑⢌⠻⣿⣿⣶⣦⣴⣿⣿⣶⣾⣿⣿⣦⣴⣶⣿⣿⠟⡡⠊
⠀⠀⠀⠀⠀⠙⠢⢝⡻⢿⣿⣿⣿⣿⣿⣿⣿⣿⡿⢟⡫⠔⠋
⠀⠀⠀⠀⠀⠀⠀⠀⠈⠑⠒⠭⢝⣛⣛⡫⠭⠒⠊⠁
⠀⠀⠀⠀⠀⠀⠀⠀⠑⣄
⠀⠀⢀⡄⠀⢀⠀⡀⠀⠈⠫⡀
⠀⠀⠈⠛⠛⠓⠂⠛⠋⠀⠀⠙
⣹⡗⣿⡁⢾⣉⣿⢂⣿⠘⠃⣹⣗⣉
⠀⠀⠀⠀⠀⠀⠀⠀⠀⠀⠀⠀⠀⠳⣄
⠀⠀⠀⠀⠀⠀⠀⠀⠀⠀⠀⠀⠀⠀⠙⣧⣠⠄⢠
⠀⠀⠀⠀⣰⣤⠀⢀⣀⡠⠤⣔⣒⣉⢁⠈⠻⣆
⠀⠀⠀⠘⠛⠿⠿⠿⠶⠖⠚⠻⠿⠛⠁⠀⠀⠈⠳
⢤⣤⠄⢠⣤⠆⢀⣤⠴⢤⣄⠀⢤⣤⠶⢤⣄⠰⣤⡴⠶⠤
⣸⣿⡉⢹⣿⡀⠻⣿⣀⣠⡿⠃⣸⣿⡛⠋⠁⢀⣿⣏⣋⣤
⠀⠀⠀⠀⠀⠀⠀⠀⠀⠀⠀⠀⠀⠀⠀⠀⠙⣦⡀
⠀⠀⠀⠀⠀⠀⠀⠀⠀⠀⠀⠀⠀⠀⠀⠀⠀⠈⢿⣆⠀⢀⠀⡀
⠀⠀⠀⠀⠀⠀⠀⠀⠀⠀⠀⠀⠀⠀⠀⠀⢀⣀⡠⠿⣷⡟⠃⠨⠂
⠀⠀⠀⠀⠀⣰⣶⡇⠀⢀⣀⣤⠤⠖⣚⣉⣉⣀⣀⡀⠈⢻⣆
⠀⠀⠀⠀⠘⠿⢿⣿⣿⣿⣧⣤⠶⠾⢿⣿⡿⠟⠉⠀⠀⠀⠙⢧
⣀⣀⣀⠀⢀⣀⣀⠀⠀⠀⢀⣀⠀⠀⠀⢀⣀⣀⣀⡀⠀⠀⣀⣀⣀⣀⣀⡀
⢹⣿⣏⣀⣹⣿⡏⠀⣴⣿⠋⠉⢻⣷⡄⠉⣿⣿⣉⣹⣿⠄⢩⣿⣏⣩⡍⠛
⣸⣿⣇⠀⣸⣿⣇⡀⠻⢿⣤⣠⣼⠿⠃⣠⣿⣯⡉⠉⠀⠀⣨⣿⣇⣈⣁⣤
⠀⠀⢠⠖⡛⢦⣀⣀⡴⢛⠲⡄
⢀⣴⣿⡤⢟⡛⠏⠹⢛⡻⢤⣿⣦⡀
⢸⣯⠁⠠⣄⠉⢀⡀⠉⣠⠄⠈⣽⡇
⠀⠙⠓⠶⡖⠓⠾⠷⠚⢲⠶⠚⠋
⠀⠀⠀⠀⢀⡴⠞⢷⣦⡀⠀⠀⢀⣴⡾⠳⢦⡀
⠀⠀⠀⣰⣏⠀⢶⣇⣹⣿⡶⢶⣾⣯⣸⡶⠀⢹⣆
⠀⣠⣾⣿⣿⠶⠟⣫⣀⠈⠇⠸⠉⣀⣝⠻⠶⣿⣿⣷⣄
⢸⣿⣟⡭⠀⢀⣀⠈⠉⠉⠀⠀⠉⠉⠁⣀⡀⠀⢭⣻⣿⡇
⠈⠻⣿⣴⡀⡨⠉⣓⣄⠈⢻⡟⠁⣠⣚⠉⢅⢀⣦⣿⠟⠁
⠀⠀⠈⠉⠙⠻⢿⠉⠈⠛⠒⠒⠛⠁⠉⡿⠟⠋⠉⠁
⠀⠀⠀⠀⠀⠀⣀⣴⠾⣷⣤⡀⠀⠀⠀⠀⢀⣤⣾⠷⣦⣀
⠀⠀⠀⠀⢀⣾⠏⢀⣠⠎⢻⣿⣤⣤⣤⣤⣿⡟⠡⣄⡀⠙⣷⡀
⠀⠀⠀⣤⣿⣷⡄⢩⣿⣶⠾⠿⣿⡟⢻⣿⠿⠷⣶⣿⡍⢀⣾⣿⣤
⠀⣠⣼⣿⣿⣿⠿⠿⠛⣥⢄⡀⠘⠇⠰⠃⢀⡠⣬⠛⠿⠿⣿⣿⣿⣯⣄
⢰⣿⣿⠟⣛⡁⠀⠀⠀⠈⠉⠉⠉⠀⠀⠉⠉⠉⠁⠀⠀⠀⠈⣛⡻⣿⣿⡆
⠘⣿⣿⡟⣡⠀⠀⠛⠷⣦⡀⠀⠴⣶⣶⠦⠀⢀⣴⠾⠛⠀⠀⣌⢻⣿⣿⠃
⠀⠀⠛⢿⣿⣦⣴⣇⣤⡤⢷⣤⡤⠼⠧⢤⣤⡾⢤⣤⣘⣦⣴⣿⡿⠟
⠀⠀⠀⠀⠀⠈⠙⠿⢿⠀⠀⠈⠉⠛⠛⠉⠁⠀⠀⡽⠿⠋⠁
⢏⢻⣿⡟⡽⠀⢯⢻⣿⡟⡹
⠀⢸⣿⡏⣦⣤⣴⢹⣿⡇⣦⣤⣤⢰
⠀⠙⠛⠻⣸⣿⣧⣿⣯⣵⣼⣿⡇⠁
⠀⠀⠀⣞⣼⣿⣧⣱⠀⣞⣼⣿⣧⢱
⣏⡿⢿⣿⣿⡿⣏⡇⠀⢸⣉⠿⣿⣿⣿⢿⣹⡇
⠀⣿⢸⣿⣿⡇⣇⣀⣀⣀⣸⠇⣿⣿⣿⢸⣀⣀⣀⣀⣀⣀
⠀⢿⣸⢿⣿⣧⡟⣿⣿⣿⠛⣥⣿⡿⠿⣘⢻⣿⣿⡟⣫⠼
⠀⠀⠀⠉⠉⠉⡇⣿⣿⣿⠟⡿⠿⠿⠿⣿⢻⣿⣿⡇⣿
⠀⠀⠀⠀⠀⣏⣷⣿⣿⣿⣶⣏⡇⠀⢸⣹⣾⣿⣿⣷⣾⣹
⡏⢩⣭⣭⣭⣭⣭⣭⡍⣿⠀⠀⣿⢩⣭⣭⣭⣭⣭⣭⡍⢹
⠉⢲⡆⣿⣿⣿⣿⢰⡖⠋⠀⠀⠙⢲⡆⣿⣿⣿⣿⢰⡖⠋
⠀⢸⡇⣿⣿⣿⣿⢘⣓⣒⣒⣒⣒⣚⡃⣿⣿⣿⣿⢘⣓⣒⣒⣒⣒⣒⡒⢶
⠀⢸⣇⠿⣿⣿⣿⣬⡍⣿⣿⣿⣿⢉⣥⣿⣿⣿⠿⣈⡉⣿⣿⣿⣿⢉⡥⠼
⠀⠀⠈⠉⠒⠛⠛⢻⡅⣿⣿⣿⣿⣶⣿⣿⣿⣶⣶⣿⣶⣿⣿⣿⣿⢸⡇
⠀⠀⠀⠀⠀⠀⣠⠼⠇⣿⣿⣿⣿⠰⠆⣀⠒⠒⣂⠰⠆⣿⣿⣿⣿⠸⠧⣀
⠀⠀⠀⠀⠀⠀⣿⣘⣛⣛⣛⣛⣛⣛⣃⣿⠀⠀⣿⣐⣛⣛⣛⣛⣛⣛⣃⣸
⠀⠀⠀⠀⢀⣀⣠⣶⣿⣿⣿⣿⣶⡄
⠀⠀⢸⣿⣿⣿⣿⣿⣿⣷⣿⣿⠟⠉
⣠⠶⠫⠟⠋⠱⠚⠋⠙⠛⠁
⠀⠀⠀⠀⠀⠀⠀⠀⠀⠀⢀⣤⣶⣶⣿⣿⣿⣿⣶⣶⣄
⠀⠀⠀⢀⣀⣠⣤⣤⣶⣾⣿⣿⣿⣿⣟⠿⣿⣿⣿⣿⣿⣆
⠀⠒⠒⠁⣾⣿⣿⣿⣿⣿⣿⣿⣿⣿⣿⣿⣿⣿⣿⡿⠃⠈
⠀⠀⣠⣴⠿⢿⣿⠿⢛⣛⣻⣿⠿⢛⣻⣿⠟⠋⠉
⣤⡾⠟⠁⠺⠋⠁⠀⠙⠉⠉⠁⠀⠈⠉⠉
⠀⠀⠀⠀⠀⠀⠀⠀⠀⠀⠀⠀⠀⢀⣠⣴⣶⣶⣿⣿⣿⣿⣷⣶⣶⣄⡀
⠀⠀⠀⠀⠀⠀⠀⠀⣀⣀⣠⣤⣶⣿⣿⣿⣿⣿⣿⣿⣿⣿⣿⣿⣿⣿⣧⡀
⠀⢀⣀⡠⠖⣺⣿⣿⣿⣿⣿⣿⣿⣿⣿⣿⣿⣿⣷⣦⣿⣿⣿⣿⣿⣿⡛⠷
⠀⠀⠀⠀⢀⣿⣿⣿⣿⣿⣿⣿⣿⣿⣿⣿⣿⣿⣿⣿⣿⣿⣿⡿⠟⠃
⠀⠀⢠⣶⡿⠟⣛⣿⡿⠛⢉⣭⣬⣽⣿⠟⠉⣩⣽⣿⡟⠁
⢴⣶⠿⠋⠀⠛⠋⠁⠀⠀⠈⠉⠉⠉⠀⠀⠀⠈
⠀⢀⠏⣹⠋⣿⢉⣟⣹⠏⣿⢏⡟
⠀⠈⠁⠛⠐⠉⠿⠟⠋⠃⠒⠉
⠀⠀⠀⣯⠉⠽⠯⠉⣽⡯⠉⣭⠍⢹⡯⢉⣽⡯⠉⡽⠃
⠀⠀⠴⣃⣘⣿⠃⣘⣿⣣⣴⣷⣿⣿⣇⠘⣛⣁⣼⠁
⠀⠀⠀⠀⠀⠉⠁⠉⠀⠘⠟⠛⠉⠀⠉⠈⠉⠁
⠀⠀⠀⠠⣯⠉⢉⣽⡏⠉⣩⣿⡍⠉⣭⣍⠉⣻⣏⠉⣩⣿⡏⠉⣩⠿
⠀⠀⠀⣠⡏⠀⣤⣤⠄⢠⣿⣿⠁⢠⣭⣥⣴⣿⡇⠀⣿⣿⠇⢠⡏
⠀⠀⠘⠓⠒⠒⣾⣅⣒⡲⠿⠲⣾⣿⣿⣿⠿⠿⢗⣒⣢⣶⠒⠛⠒⠂
⠀⠀⠀⠀⠀⠀⠀⠀⠀⠀⠀⠀⠸⠟⠉⠁
⠲⣾⣿⣟⡀⠀⠀⠀⠀⠈⣿⣿⠁
⣀⣈⣛⣿⣿⣿⣶⣦⣤⣄⣿⣿
⠀⢙⣻⡿⠿⠓⠛⠻⢿⣿⡻⣿⠷⠦
⠀⣸⣿⣧⠀⠀⠀⠀⠀⢈⣟⣺⡀
⠦⣬⣝⣛⡿⢿⠋⠀⠀⠀⠀⠀⠀⠀⠈⢹⣿⣿⣿⠋
⠀⠘⠻⣿⣿⣿⣶⣦⣤⣀⡀⠀⠀⠀⠀⢸⣿⣿⣿
⣀⣀⣐⣪⣙⣿⣿⣿⣿⣿⣿⣿⣷⣶⣤⣬⣛⡿⢿
⠀⠈⢛⠻⣿⣿⣿⣿⣷⠾⠿⠿⣿⣿⣿⡿⣿⣿⣿⣶⣦⣄
⠀⠀⢸⣿⣷⣶⠀⠀⠀⠀⠀⠀⠀⠉⠛⠿⣮⡻⠿
⠀⢀⣼⣿⣿⣿⣄⠀⠀⠀⠀⠀⠀⠀⢀⣠⣫⣍⣛⣄
⢦⣬⣙⣛⠿⠿⣿⡟⠉⠀⠀⠀⠀⠀⠀⠀⠀⠀⠈⠹⣿⣿⣿⣿⠟⠁
⠀⠈⠿⣿⣿⣿⣶⣦⣤⣄⣀⡀⠀⠀⠀⠀⠀⠀⠀⠀⣿⣿⣿⣿
⠀⠀⠀⢠⣛⠿⣿⣿⣿⣿⣿⣿⣿⣶⣶⣤⣄⣀⡀⠀⣿⣿⣿⣿
⠙⠒⢶⣶⣶⣶⣾⣭⣭⣭⣟⣛⣿⣿⣿⣿⣿⣿⣿⣿⣷⣶⣭⣽⣀⡀
⠀⠀⠀⢩⣍⣛⣿⡿⠿⠟⠛⠛⠛⠋⠙⠻⠿⣿⣿⣟⠛⣛⣛⣛⠛⠛⠿⠲
⠀⠀⠀⢸⣿⣿⣿⡇⠀⠀⠀⠀⠀⠀⠀⠀⠀⠀⠉⠛⢷⣮⣛⡻
⠀⠀⣠⣾⣿⣿⣿⣷⣀⠀⠀⠀⠀⠀⠀⠀⠀⠀⢀⣠⣭⣴⣬⣝⣤⡀
⢀⡿⣿⣿⣿⠀⠀⠀⢸⣿⣿⡿⠿
⠘⠻⣿⣿⣿⣤⣤⠄⠘⣿⣿⣷⡶⠆
⠀⠀⣿⣿⣿⣿⣿⣏⢹⣿⣿⡇
⠀⣶⣿⣿⣿⠀⠀⠀⢸⣿⣿⣷⣶
⠀⠸⠿⢿⣿⣿⣿⣿⠀⠀⠀⠀⠀⢸⣿⣿⣿⣿⡯⠿
⠰⢿⣷⣾⣿⣿⣿⣿⣀⡀⠀⠀⠀⢸⣿⣿⣿⣿⣤⣤⣤⡀
⠀⠀⠀⢹⣿⣿⣿⣿⣿⣿⣿⣭⣤⣤⣿⣿⣿⣿⠟⠛⠉
⠀⠀⠀⢸⣿⣿⣿⣿⠿⡿⠿⠧⠄⢸⣿⣿⣿⣿
⠀⢰⣶⣿⣿⣿⣿⣿⠀⠀⠀⠀⠀⢸⣿⣿⣿⣿⣗⣶
⠀⠀⣿⣟⣿⣿⣿⣿⣿⣿⠀⠀⠀⠀⠀⠀⠀⢸⣿⣿⣿⣿⣿⣿⣿⡇
⠀⣤⣭⣍⣹⣿⡿⣿⣿⣿⠀⠀⠀⠀⠀⠀⠀⢸⣿⣿⣿⣿⣿⠉⠉⠁
⠈⠛⠿⢿⣿⣿⣿⣿⣿⣿⣤⣤⣀⣀⣀⡀⠀⠸⣿⣿⣿⣿⣿⣶⣶⣶⣶
⠀⠀⠀⠀⢸⣿⣿⣿⣿⣿⣿⣿⣿⣿⣥⣄⣤⣤⣿⣿⣿⣿⣿⠟⠛⠋⠉
⠀⠀⠀⠀⢸⣿⣿⣿⣿⣿⣿⣿⣿⣿⡷⣁⠀⢸⣿⣿⣿⣿⣿
⠀⠀⣀⣀⣸⣿⣿⣿⣿⣿⠉⠛⠋⠙⠉⠉⠁⢸⣿⣿⣿⣿⣿⣀⣀⡀
⠀⠀⣿⣯⣿⣿⣿⣿⣿⣿⠀⠀⠀⠀⠀⠀⠀⢸⣿⣿⣿⣿⣿⣿⣿⡇
⠀⠀⢹⠉⢹⠉⣹⠉⢹⠉⠱⠉⣲
⠈⢻⣿⣶⣞⣶⣾⣶⣾⣖⣾⣿⡟⠁
⠀⠀⠀⠙⡏⠉⠉⣯⠉⠉⣯⠉⠉⣿⡍⠉⢩⡉⠙⢲
⠀⠤⣤⣤⡇⠀⠀⣟⡀⠀⠿⠀⢀⣿⡇⠀⢨⣤⣴⣾⠤
⠀⠀⢻⣏⣿⣹⣯⣹⣿⣏⣏⣻⣏⣏⣿⣹⣏⣿⣿⡟
⠀⠀⠀⠈⠛⣯⠉⠉⢹⣏⠉⠉⢹⣯⠉⠉⢹⣯⠉⠉⠉⣉⠉⠓⢲⡄
⠀⠀⠀⠀⠀⣿⠀⠀⢸⣿⠀⠀⢸⣿⠀⠀⢸⣿⠀⠀⠀⠛⠀⢀⣸⠇
⠀⠉⣻⣿⣿⣿⣀⣀⣸⣿⣤⣀⣈⣉⣀⣠⣼⣿⣀⣀⣀⣻⣿⣿⣿⣟⠉
⠀⠀⠈⢿⣧⣿⣬⣯⣧⣥⣧⣿⣬⣧⣽⣧⣼⣥⣯⣬⣿⣼⣧⣽⡿⠁
⠀⢻⡝⣻⣿⣿⣿⣿⣿⣿⣟⢫⡟
⢰⣏⠘⣿⢽⡟⢯⡽⢻⡯⣿⠃⣹⡆
⠈⠛⠷⣤⣌⢯⣿⣿⡽⣡⣤⠾⠛⠁
⠀⠀⠀⠀⠛⠮⣝⣫⠵⠛
⠀⠘⢿⡛⠷⣲⡶⣾⣿⣛⣶⣶⣛⣿⣷⢶⣶⠾⢛⡿⠃
⢀⣠⡴⠋⣠⣾⠿⣮⣽⣿⣿⣿⣿⣯⣵⠿⣷⣄⠙⢦⣄⡀
⢨⣿⢁⡀⠛⣿⠖⣿⡟⠻⢯⡽⠟⢻⣿⠲⣿⠛⢀⡈⣿⡅
⠀⠻⠿⣷⣦⣌⣀⠘⣟⣻⣿⣿⣟⣻⠃⣀⣡⣴⣾⠿⠟
⠀⠀⠀⠀⠉⠉⣻⣇⠸⣏⣻⣟⣹⠇⣸⣟⠉⠉
⠀⠀⠀⠀⠀⠀⠀⠙⠻⠶⣬⣥⠶⠟⠋
⠀⠀⢻⣟⠳⢶⡶⣶⣶⣾⣟⣛⡳⣶⣶⢞⣛⣻⣷⣶⣶⢶⡶⠞⣻⡟
⠀⠀⣀⣽⠟⢂⣼⣶⣧⣍⣛⣯⣿⣻⣟⣿⣽⣛⣩⣼⣶⣧⡐⠻⣯⣀
⠐⣿⡿⠀⠀⠾⣿⣯⣭⣟⣚⣻⣛⡿⢿⣛⣟⣓⣻⣭⣽⣿⠷⠀⠀⢿⣿⠂
⠀⢿⣧⣶⣄⠀⠘⠿⠀⢻⣷⣠⣤⣽⣯⣤⣄⣾⡟⠀⠿⠃⠀⣠⣶⣼⣿
⠀⠈⠋⠙⠻⢿⣶⣦⣶⡄⠻⣤⣿⣿⣿⣿⣤⠟⢠⣶⣴⣶⡿⠟⠋⠙⠁
⠀⠀⠀⠀⠀⠀⠀⠈⣿⣧⣀⠿⢤⣟⣻⡤⠿⣀⣼⣿⠁
⠀⠀⠀⠀⠀⠀⠀⠀⠀⠈⠛⠿⢶⣦⣴⡶⠿⠛⠁
⠀⠀⠀⠺⠭⣭⣭⣭⢩⠭⠿
⡴⣶⢩⣇⢤⢿⡽⡶⣻⣧⢤⢖⡖⡀
⠈⠛⠾⠛⠛⡟⠛⠛⢻⠛⠛⠻⠷⠷
⠀⠀⠀⢴⣒⣃⣀⣀⣘⣛⣶
⠀⠀⠀⠀⠀⣿⣉⣉⡉⠉⠉⠉⠉⢉⣉⣉⣿
⠀⠀⢀⣠⢤⡌⠉⠉⡇⠀⠀⠀⢀⣸⡏⠉⠁⠀⣀⣀
⣴⠻⣷⠆⡾⣄⠤⡔⢳⢲⠖⣿⠋⡼⢳⡖⣲⠞⣡⣞⢀⡀
⠀⠑⢬⣰⣷⠿⠶⠷⡿⠿⠿⠿⠿⢿⡿⠷⠿⢶⣿⣿⡼⣆
⠀⠀⠀⠀⠀⢀⣀⣀⡇⠀⠀⠀⠀⢸⣇⣀⡀⠀⠀⠈⠉⠁
⠀⠀⠀⠀⠀⣿⣉⣉⣁⣀⣀⣀⣀⣈⣉⣉⣿
⠀⠀⠀⠀⠀⠀⢸⡏⠉⠉⠉⠉⠉⠉⠉⠉⠉⠉⠉⠉⢹⡇
⠀⠀⠀⠀⠀⠀⢘⠓⠒⠒⣶⠀⠀⠀⠀⠀⠀⣶⠒⠒⠚⠃
⠀⢀⢠⡴⠒⢋⡟⠀⠀⠀⣿⠀⠀⠀⢀⣀⡴⢻⠆⠀⠀⠀⢀⠤⢠⡄
⢴⡉⢿⣳⠂⡼⢖⣒⢒⡖⢙⡍⢳⠋⣭⠏⣠⠟⣨⡭⢉⣶⠁⣪⣞⠤⣤
⠀⠙⢦⡛⢀⣧⣭⡥⣮⣕⣚⣓⣒⣓⣚⣛⣒⣓⣒⣒⣲⠶⠬⣭⣶⣂⣽⡀
⠀⠀⠀⠈⠛⠉⠉⠁⠀⠀⣿⠀⠀⠀⠀⠀⠀⣾⠀⠀⠀⠈⠉⠑⠒⠋⠐⠋
⠀⠀⠀⠀⠀⠀⢠⡤⠤⠤⠿⠀⠀⠀⠀⠀⠀⠿⠤⠦⢤⡄
⠀⠀⠀⠀⠀⠀⢸⣇⣀⣀⣀⣀⣀⣀⣀⣀⣀⣀⣀⣀⣸⡇
⣿⣿⣿⠀⠀⠀⠀⠀⠀⠀⠀⣿⣿⣿
⡿⠟⠋⠉⠉⠀⠀⠀⠀⠉⠉⠙⠻⢿
⠀⠀⠀⠀⣶⠀⠀⠀⠀⣶⣤⣤⣤⣤
⠀⠀⠀⠀⠿⠀⠀⠀⠀⠿⠛⠛⠛⠛
⣷⣦⣄⣀⣀⠀⠀⠀⠀⣀⣀⣠⣤⣶
⣿⣿⣿⠀⠀⠀⠀⠀⠀⠀⠀⣿⣿⣿
⣿⣿⣿⣿⡇⠀⠀⠀⠀⠀⠀⠀⠀⠀⠀⠀⠀⢸⣿⣿⣿⣿
⣿⣿⣿⣿⣧⣤⣤⣄⠀⠀⠀⠀⠀⠀⣠⣤⣤⣼⣿⣿⣿⣿
⣿⡿⠟⠋⠉⠉⠉⠁⠀⠀⠀⠀⠀⠀⠈⠉⠉⠉⠙⠻⢿⣿
⠉⠀⠀⠀⠀⠀⣀⣀⠀⠀⠀⠀⠀⠀⣀⣀⠀⠀⠀⠀⠀⠉
⠀⠀⠀⠀⠀⠀⣿⣿⠀⠀⠀⠀⠀⠀⣿⣿⣶⣶⣶⣶⣶⣶
⠀⠀⠀⠀⠀⠀⣿⣿⠀⠀⠀⠀⠀⠀⣿⣿⠿⠿⠿⠿⠿⠿
⣀⠀⠀⠀⠀⠀⠉⠉⠀⠀⠀⠀⠀⠀⠉⠉⠀⠀⠀⠀⠀⢀
⣿⣷⣦⣄⡀⣀⣀⡀⠀⠀⠀⠀⠀⠀⢀⣀⣀⢀⣠⣴⣾⣿
⣿⣿⣿⣿⡟⠛⠛⠋⠀⠀⠀⠀⠀⠀⠙⠛⠛⢻⣿⣿⣿⣿
⣿⣿⣿⣿⡇⠀⠀⠀⠀⠀⠀⠀⠀⠀⠀⠀⠀⢸⣿⣿⣿⣿
⣿⣿⣿⣿⣿⣿⠀⠀⠀⠀⠀⠀⠀⠀⠀⠀⠀⠀⠀⠀⠀⠀⣿⣿⣿⣿⣿⣿
⣿⣿⣿⣿⣿⣿⠀⠀⠀⠀⠀⠀⠀⠀⠀⠀⠀⠀⠀⠀⠀⠀⣿⣿⣿⣿⣿⣿
⣿⣿⣿⣿⡿⠟⠛⠛⠛⠛⠀⠀⠀⠀⠀⠀⠀⠀⠛⠛⠛⠛⠻⢿⣿⣿⣿⣿
⡿⠟⠋⠁⠀⠀⠀⠀⠀⠀⠀⠀⠀⠀⠀⠀⠀⠀⠀⠀⠀⠀⠀⠀⠈⠙⠻⢿
⠀⠀⠀⠀⠀⠀⠀⠀⣤⣤⠀⠀⠀⠀⠀⠀⠀⠀⣤⣤
⠀⠀⠀⠀⠀⠀⠀⠀⣿⣿⠀⠀⠀⠀⠀⠀⠀⠀⣿⣿⣿⣿⣿⣿⣿⣿⣿⣿
⠀⠀⠀⠀⠀⠀⠀⠀⣿⣿⠀⠀⠀⠀⠀⠀⠀⠀⣿⣿⣿⣿⣿⣿⣿⣿⣿⣿
⠀⠀⠀⠀⠀⠀⠀⠀⠛⠛⠀⠀⠀⠀⠀⠀⠀⠀⠛⠛
⣷⣦⣄⡀⠀⠀⠀⠀⠀⠀⠀⠀⠀⠀⠀⠀⠀⠀⠀⠀⠀⠀⠀⠀⢀⣠⣴⣾
⣿⣿⣿⣿⣷⣦⣤⣤⣤⣤⠀⠀⠀⠀⠀⠀⠀⠀⣤⣤⣤⣤⣴⣾⣿⣿⣿⣿
⣿⣿⣿⣿⣿⣿⠀⠀⠀⠀⠀⠀⠀⠀⠀⠀⠀⠀⠀⠀⠀⠀⣽⣿⣿⣿⣿⣿
⣿⣿⣿⣿⣿⣿⠀⠀⠀⠀⠀⠀⠀⠀⠀⠀⠀⠀⠀⠀⠀⠀⣿⣿⣿⣿⣿⣿
⣿⣿⣿⣿⣿⣿⣿⣿⣿⣿⣿⣿⣿⣿
⠛⠛⠛⣿⣿⣿⣿⣿⣿⣿⣿⠛⠛⠛
⠀⠀⠀⣿⣿⣿⣿⣿⣿⣿⣿
⣠⣤⣤⣿⣿⣿⣿⣿⣿⣿⣿⣤⣤⣄
⣿⣿⣿⣿⣿⣿⣿⣿⣿⣿⣿⣿⣿⣿
⣿⣿⣿⣿⣿⣿⣿⣿⣿⣿⣿⣿⣿⣿⣿⣿⣿⣿⣿⣿⣿⣿
⣿⣟⣿⣿⣿⣿⣿⣿⣿⣿⣿⣿⣿⣿⣿⣿⣿⣿⣿⣿⣻⣿
⠉⠉⠉⠉⠉⣿⣿⣿⣿⣿⣿⣿⣿⣿⣿⣿⣿⠉⠉⠉⠉⠉
⠀⠀⠀⠀⠀⣿⣿⣿⣿⣿⣿⣿⣿⣿⣿⣿⣿
⠀⠀⠀⠀⠀⣿⣿⣿⣿⣿⣿⣿⣿⣿⣿⣿⣿
⣀⣀⣀⣀⣀⣿⣿⣿⣿⣿⣿⣿⣿⣿⣿⣿⣿⣀⣀⣀⣀⣀
⣿⣯⣿⣿⣿⣿⣿⣿⣿⣿⣿⣿⣿⣿⣿⣿⣿⣿⣿⣿⣽⣿
⣿⣿⣿⣿⣿⣿⣿⣿⣿⣿⣿⣿⣿⣿⣿⣿⣿⣿⣿⣿⣿⣿
⣿⣿⣻⣿⣿⣿⣿⣿⣿⣿⣿⣿⣿⣿⣿⣿⣿⣿⣿⣿⣿⣿⣿⣿⣿⣟⣿⣿
⣿⣿⣿⣿⣿⣿⣿⣿⣿⣿⣿⣿⣿⣿⣿⣿⣿⣿⣿⣿⣿⣿⣿⣿⣿⣿⣿⣿
⠿⠿⠿⠿⠿⠿⣿⣿⣿⣿⣿⣿⣿⣿⣿⣿⣿⣿⣿⣿⣿⣿⠿⠿⠿⠿⠿⠿
⠀⠀⠀⠀⠀⠀⣿⣿⣿⣿⣿⣿⣿⣿⣿⣿⣿⣿⣿⣿⣿⣿
⠀⠀⠀⠀⠀⠀⣿⣿⣿⣿⣿⣿⣿⣿⣿⣿⣿⣿⣿⣿⣿⣿
⠀⠀⠀⠀⠀⠀⣿⣿⣿⣿⣿⣿⣿⣿⣿⣿⣿⣿⣿⣿⣿⣿
⠀⠀⠀⠀⠀⠀⣿⣿⣿⣿⣿⣿⣿⣿⣿⣿⣿⣿⣿⣿⣿⣿
⣶⣶⣶⣶⣶⣶⣾⣿⣿⣿⣿⣿⣿⣿⣿⣿⣿⣿⣿⣿⣿⣿⣶⣶⣶⣶⣶⣶
⣿⣿⣿⣿⣿⣿⣿⣿⣿⣿⣿⣿⣿⣿⣿⣿⣿⣿⣿⣿⣿⣿⣿⣿⣿⣿⣿⣿
⣿⣿⣽⣿⣿⣿⣿⣿⣿⣿⣿⣿⣿⣿⣿⣿⣿⣿⣿⣿⣿⣿⣿⣿⣿⣯⣿⣿
⣠⣤⣤⣤⣤⣤⣤⣾⣿⣶⣶⣤⣤⡀
⠀⠀⠸⠿⠿⠿⠿⠿⠿⠿⢿⠞⠛⠚
⠀⠀⠀⠀⠀⠀⠀⠀⠀⠀⠀⢰⣿⣶⣦⣤⣤⣀⣀
⣸⣿⣿⣿⣿⣿⣿⣿⣿⣿⣟⣿⣿⣿⣿⣿⣿⣿⣿⢻⣶
⠉⠉⠉⠉⣿⣿⣿⣿⣿⣿⣿⣿⣿⣿⣽⣿⣿⣭⣑⣫⣥⣽
⠀⠀⠀⠈⠉⠛⠛⠛⠛⠛⠛⠛⠛⠛⠛⠛⠻⡵⠁
⠀⠀⠀⠀⠀⠀⠀⠀⠀⠀⠀⠀⠀⠀⢰⣿⣷⣶⣦⣤⣤⣄⣀⣀
⣠⣧⣿⣯⣿⣿⣻⣿⣟⣿⣯⣿⣿⣟⣿⣿⣿⣯⣿⣿⣿⣿⣿⣿⢛⣿⣆
⠉⠉⠉⠉⠉⣽⣿⣿⣿⣿⣽⣿⣿⣿⣿⣯⣿⣿⣽⣿⣿⣯⣍⣑⣛⣭⣤⡷
⠀⠀⠀⠀⠈⠉⠙⠛⠛⠛⠛⠛⠛⠛⠛⠛⠛⠛⠛⠛⠛⢯⠕⠁
⠀⠀⢀⣤⣴⣶⣾⣿⣷⣷⣶⣶⠦
⠀⣴⣿⣿⠿⠛⠛⠛⠿⠿⠏⡀
⠀⣿⣿⣇⢀⠀⠰⢶⣤⡄⣤⡁
⠠⠟⠋⠑⠘⠷⠄⠁⠸⣿⠟
⠀⠀⠀⠀⠀⣀⣠⣤⣶⣴⣶⣶⣶⣴⣶⣶⣴⣶⣤⣤⣀
⠀⠀⢀⣴⣾⣿⡿⣿⣛⣹⣝⣛⣛⡻⢟⣿⡿⠟⠋⠁
⠀⢠⣿⣿⣫⣶⠟⠋⠉⠉⠉⢉⠩⠿⠟⠛⠦⣄
⠀⢸⣿⣿⣿⡇⠀⠀⠀⠠⣤⣤⣤⣀⣀⢀⣠⠜⠃
⠀⢸⣿⣿⠟⢟⠀⢲⣄⠀⠀⢍⠛⣿⣧⣼⣿⡇
⠀⠞⠛⠁⠀⠀⠉⠛⠛⠓⠤⠄⢁⣘⣿⡿⠞
⠀⠀⠀⠀⠀⠀⠀⠀⢀⣠⣤⣤⣰⣶⣶⣶⣖⣴⣶⣤⣤⣴⢤⣤⣀⡀
⠀⠀⠀⠀⢀⣠⣶⣿⣾⣿⣿⡟⣿⢻⣿⣿⣿⣿⣿⣿⣿⣿⣿⠿⠛⠋⠁
⠀⠀⢀⣴⣿⣿⡿⢟⣫⣭⣶⣶⣿⣶⣶⣶⣦⣭⣵⣿⠟⠋
⠀⠀⣾⣿⣿⢫⣾⡿⠛⠉⠀⠀⠀⠀⢀⠤⠼⠛⠛⠛⠛⠦⣄
⠀⠀⣿⣿⣿⣿⣟⠀⠀⠀⠀⠀⣀⣀⣤⣀⣀⠀⠀⠀⢀⣀⠼
⠀⠀⣿⣿⣿⣿⣿⢆⠀⢄⠀⠀⠈⡙⠻⢿⣿⣿⡟⠀⣿⣷⡄
⠀⠀⣿⣿⡿⠋⠘⠦⣀⣸⣷⣄⠀⠈⠙⢆⠘⣿⣿⣿⡟⡽⠁
⠀⠘⠋⠁⠀⠀⠀⠀⠀⠉⠙⠉⠑⠲⠤⠤⠤⣸⠿⠿⠞⠁
⠀⠒⣶⣾⣿⣿⣿⣿⣿⣿⣶⣦⣄⡀
⠀⠀⠀⠀⠉⠛⣿⡿⠟⠛⠋⠉⠉⠁
⠀⠤⠤⠶⣶⣶⣿⣿⣿⣿⣿⣿⣿⣿⣿⣶⣶⣦⣄⡀
⠀⠀⠈⠉⠙⠛⠻⢿⣿⣿⣿⣿⣿⣿⣿⣿⣿⣿⣿⠿⠷⠦
⠀⠀⠀⠀⠀⠀⠀⠀⠈⠻⣿⠿⠟⠛⠉⠉
⠀⢀⣀⣤⣤⣴⣶⣶⣶⣿⣿⣿⣿⣿⣿⣿⣿⣿⣷⣶⣶⣦⣤⡀
⠀⠀⠀⠴⠶⠾⢿⣿⣿⣿⣿⣿⣿⣿⣿⣿⣿⣿⣿⣿⣿⣿⣿⣿⣿⣶⣤⡀
⠀⠀⠀⠀⠀⠀⠀⠀⠉⠛⠿⣿⣿⣿⣿⣿⣿⣿⣿⡿⠿⠿⠟⠛⠛⠋⠉⠉
⠀⠀⠀⠀⠀⠀⠀⠀⠀⠀⠀⠈⢻⡿⠿⠛⠋⠉
⣀⣀⣀⣀⡈⢹⣿⣿⡏⢁⣀⣀⣀⣀
⠀⣿⣿⡇⠀⢸⣿⣿⡇⠀⢸⣿⣿
⠀⣿⣿⡇⠀⢸⣿⣿⡇⠀⢸⣿⣿
⠀⠻⢿⣿⣶⣾⣿⣿⣷⣶⣿⡿⠟
⠀⠀⠀⠀⢠⣼⣿⣿⣧⡄
⠀⠀⠀⠀⠀⠀⠀⠛⠛⣿⣿⣿⣿⠛⠛
⠛⢻⣿⣿⣿⡟⠛⠀⠀⣿⣿⣿⣿⠀⠀⠛⢻⣿⣿⣿⡟⠛
⠀⢸⣿⣿⣿⡇⠀⠀⠀⣿⣿⣿⣿⠀⠀⠀⢸⣿⣿⣿⡇
⠀⢸⣿⣿⣿⡇⠀⠀⠀⣿⣿⣿⣿⠀⠀⠀⢸⣿⣿⣿⡇
⠀⠸⣿⣿⣿⣷⣤⣤⣴⣿⣿⣿⣿⣦⣤⣤⣾⣿⣿⣿⠇
⠀⠀⠈⠙⠛⠛⠛⠛⠛⣿⣿⣿⣿⠛⠛⠛⠛⠛⠋⠁
⠀⠀⠀⠀⠀⠀⠀⢴⣶⣿⣿⣿⣿⣶⣦
⠀⠀⠀⠀⠀⠀⠀⠀⠀⠻⠿⢿⣿⣿⣿⣿⣿⠿⠿
⠶⠶⣶⣶⣶⣶⣶⡶⢶⠀⠀⣿⣿⣿⣿⣿⣿⠀⠀⡶⢶⣶⣶⣶⣶⣶⠶⠶
⠀⠀⣿⣿⣿⣿⣿⡇⠀⠀⠀⣿⣿⣿⣿⣿⣿⠀⠀⠀⢸⣿⣿⣿⣿⣿
⠀⠀⣿⣿⣿⣿⣿⡇⠀⠀⠀⣿⣿⣿⣿⣿⣿⠀⠀⠀⢸⣿⣿⣿⣿⣿
⠀⠀⣿⣿⣿⣿⣿⡇⠀⠀⠀⣿⣿⣿⣿⣿⣿⠀⠀⠀⢸⣿⣿⣿⣿⣿
⠀⠀⣿⣿⣿⣿⣿⣇⣀⣀⣀⣽⣿⣿⣿⣿⣿⣀⣀⣀⣸⣿⣿⣿⣿⣿
⠀⠀⠙⠻⢿⣿⣿⣿⣿⣿⣿⣿⣿⣿⣿⣿⣿⣿⣿⣿⣿⣿⣿⡿⠟⠋
⠀⠀⠀⠀⠀⠀⠀⠀⠀⠀⠀⢽⣿⣿⣿⣿⣿
⠀⠀⠀⠀⠀⠀⠀⠀⠀⣾⣶⣿⣿⣿⣿⣿⣿⣶⣶
⠀⠀⠀⠀⣿⣿⡟⡛⣿⣿⡀
⠺⠻⠏⠛⣿⣾⠗⠒⣿⣿⠜⠙⠿⠗
⠀⠀⠀⢠⡿⠿⠿⠿⠛⠉
⠀⠀⠀⠀⠀⠀⢰⣶⣶⡟⠿⠿⠟⣿⣿⣿
⢀⣀⣀⡠⡤⡤⣜⣿⠿⣿⠄⠤⢸⢿⢿⢿⢤⡤⣀⣀⣀⡀
⠸⠶⠭⠷⠼⠇⢫⣯⣶⣼⠘⠚⢸⣾⣼⣴⠼⠧⠿⠷⢏⠇
⠀⠀⠀⠀⠀⠀⢸⣿⣿⣧⣶⣶⣦⣿⢿⡿
⠀⠀⠀⠀⠀⠠⠿⠿⠿⠟⠛⠛⠉
⠀⠀⠀⠀⠀⠀⠀⠀⢰⣶⣶⣾⠿⠿⠿⠿⠿⣿⣿⣿⡆
⠀⠀⠀⠀⠀⠀⣀⣀⣺⣿⣿⣿⣇⣀⣀⣀⣿⣿⣿⣿⣇⡀
⢰⣏⡿⢽⣭⢫⣾⠰⡷⣿⢡⣘⣿⣰⣡⣀⣇⡾⢸⠂⡇⢽⠉⡏⣏⣹⢵⡆
⠈⠓⠉⠉⠉⠉⠉⠁⢹⣿⣿⣿⠇⠀⠀⠀⢿⣿⣿⣿⡏⠉⠉⠉⠉⠚⠚⠁
⠀⠀⠀⠀⠀⠀⠀⠀⣼⣿⣿⣿⣿⣿⣿⣿⣿⠿⠿⠿⠃
⠀⠀⠀⠀⠀⠀⠀⠼⠿⠿⠟⠛⠛⠛⠛⠉
⠀⠀⠀⠀⡴⠿⡿⣿⣿⣿⠿⠿⠿⠋
⠀⠀⠠⠤⢶⣶⣥⣍⠷⠿⣀⠂
⣠⣶⣶⣶⣷⣿⣿⣾⣶⠖
⠀⠀⠀⠀⠀⠀⠀⡠⣫⣿⣿⣿⣿⣿⣿⣿⣿⣿⣿⡿⡽⠋
⠀⠀⠀⠀⠀⠀⠘⠓⠛⣻⢏⣽⠿⠿⢫⣟⣛⡛⠛⠊
⠀⠀⠀⢀⣠⣤⣶⣾⣿⣵⣶⣆⠰⡿⣿⣍⡊⠉⠀⠂
⠀⠀⡨⣤⣤⣤⣴⣫⣾⣿⣟⣱⣯⣭⢤⡍⠉⠑⠂⠤⠄
⣠⣞⣼⣿⣿⣿⣿⣿⣿⣿⣿⣿⣿⣫⠊
⠀⠀⠀⠀⠀⠀⠀⠀⠀⣠⠞⣭⣭⣭⣭⣭⣭⣭⣭⣭⣭⣭⣭⣭⣭⢍⡽⠃
⠀⠀⠀⠀⠀⠀⠀⠀⠴⠥⠾⠭⢯⡝⣹⣿⣿⣿⠟⡩⠿⠿⠿⠿⠵⠋
⠀⠀⠀⠀⠀⠀⠀⣀⣀⣤⡤⠔⢋⣈⡉⠉⣩⣭⣼⠷⢅⠲⠂⠀⣀
⠀⠀⠀⠠⠐⠲⠿⠿⠛⡿⢛⣿⣿⣷⡶⣄⠼⠙⠻⠗⢦⣄⡀
⠀⠀⣠⢖⣖⣒⣒⣒⣊⣴⣿⣿⣿⣏⣐⣓⣒⡲⢒⠖⠀⠀⠈⠁⠀⠒
⣠⣞⣱⣿⣿⣿⣿⣿⣿⣿⣿⣿⣿⣿⣿⣿⣟⡴⠋
⠟⠋⠉⠀⢀⡀⢤⡀⠀⣨⣉⡛⠿⣿
⣧⣠⣶⣿⡛⠋⠀⢈⣩⣟⣳⣶⣤⣠
⣿⡿⠟⠛⠉⠉⠀⠀⠀⠀⠀⠀⠀⠈⠉⠉⠛⠿⣿⣿⣿⣿
⣋⠀⠀⠀⠀⠀⢀⣠⡤⠖⢶⣀⠀⠀⣀⣦⣄⣀⠼⠟⠿⣿
⣷⠀⠀⣀⣴⣾⣿⡿⠿⠛⠀⠉⠉⠉⣽⣟⣉⣀⣀⡀⠀⠈
⣿⣧⣾⣿⣿⣿⣇⡀⠀⠀⠀⣀⣤⣾⣿⣭⣉⣻⣿⣿⣦⣾
⣿⣿⣿⠿⠛⠋⠉⠉⠀⠀⠀⠀⠀⠀⠀⠀⠀⠉⠉⠙⠛⠿⢿⣿⣿⣿⣿⣿
⡟⠉⠀⠀⠀⠀⠀⠀⠀⠀⢀⣀⣤⣤⠀⠀⠀⠀⠀⣄⡀⠀⠀⢙⣿⣿⣿⣿
⡖⡀⠀⠀⠀⠀⣀⣤⣶⣿⣯⣥⡌⠛⠷⢦⣤⡴⣾⣿⣿⠷⠚⠉⠀⠀⠉⠻
⣿⣁⠀⢀⣴⣾⣿⣿⡿⠛⠛⠉⠀⠀⠀⠀⠀⣠⣿⣿⣴⣶⣶⣤⣄⡀⠀⢀
⣿⣿⣴⣿⣿⣿⣿⣿⣄⡀⠀⠀⠀⢀⣀⣤⣾⣿⣿⣦⣄⣘⣻⣿⣿⣿⣴⣿
⠀⠀⠀⠀⠸⢿⣿⣿⡿⠃
⣴⣶⡟⢛⣿⣹⣳⣞⣏⣻⡛⢻⢲⡶
⠉⠉⠀⠀⢠⣾⣿⣿⣷⡄⠀⠈⠉⠉
⠀⠀⠀⠀⠀⠀⠀⢿⣿⣿⣿⣿⣿⣿⠟
⣀⣀⣄⣠⢤⠤⡔⡶⠴⡿⢫⡝⣿⠰⢶⢢⠄⡤⣤⢄⣀⢀
⡣⣗⡺⡹⠀⠰⠣⠳⠲⣥⣿⣷⣬⠗⠞⠼⠄⠀⠗⣸⣺⢉
⠁⠀⠀⠀⠀⠀⠀⣼⣿⣿⣿⣿⣿⣿⣧⠀⠀⠀⠀⠀⠀⠈
⠀⠀⠀⠀⠀⠀⠀⠀⠀⢿⣿⣿⣿⣿⣿⣿⣿⣿⡟
⠀⠀⠀⠀⣀⢀⠀⣀⠀⣀⡤⣼⣿⢿⠿⣿⡧⢤⡀⠄⣀⠀⣀⡀
⡖⢽⣋⡷⢾⡘⠈⢹⠀⣇⢉⡹⢃⣚⣃⠘⢯⡉⣹⢸⡏⠁⠃⣗⠰⣏⣯⠴
⣞⠻⠤⠯⠚⠁⠀⠋⠂⠈⠉⢻⣿⣿⣿⣷⡟⠉⠁⠐⠙⠀⠐⠋⠬⠧⠗⣲
⠀⠀⠀⠀⠀⠀⠀⠀⠀⣾⣿⣿⣿⣿⣿⣿⣿⣿⣧
⠀⠀⠀⠀⠒⠀⠉⠉⠉⠉⢹⡿
⠾⠁⢿⡉⡿⣺⢣⡟⡿⡼⢭⠵⠟⠷
⠀⠀⠀⠀⠤⣀⣀⣤⠴⠞⠋
⠀⠀⠀⠀⣀⠠⠤⠴⠒⠒⠒⠚⠛⠛⠛⠛⢻⣿⡟
⢀⣤⢠⣤⣤⣤⣄⣤⠀⣤⠀⣠⣤⡄⠀⣠⣼⣿⠁⣤⣤⡀
⢼⠏⠀⢼⡟⠀⢼⡟⢹⠟⢰⡟⠚⣿⠸⣿⣤⠄⣼⠟⢻⡧
⠀⠀⠀⠀⠚⠃⠃⠃⠛⠚⠘⠋⠘⠃⣛⣧⡟⠃
⠀⠀⠀⠀⠀⠈⠒⠦⢤⣤⣤⡴⠶⠛⠋⠁
⠀⠀⠀⠀⠀⠀⣀⣀⡤⠤⠤⠶⠖⠒⠒⠚⠛⠛⠛⠛⠛⣻⣿⡿
⠀⠀⠀⠀⠀⠋⠀⠀⠀⠀⠀⠀⠀⠀⠀⠀⠀⠀⠀⠀⠀⠿⠿⠃
⢠⣿⠇⠉⢹⣿⠋⠉⣸⣿⠥⣾⡟⢀⣾⣟⣿⣇⢠⣿⠋⠙⠋⣠⣿⣻⣿⡄
⠚⠛⠀⠀⠛⢫⣠⢀⡟⡇⣸⣛⡅⢻⣫⠀⣜⠛⣈⣛⢛⣛⠑⠛⠃⠀⠛⠓
⠀⠀⠀⠀⠀⠈⢈⡈⠉⠁⠁⠀⠁⠈⠉⠈⠉⣀⣥⣷⠾⠈
⠀⠀⠀⠀⠀⠀⠀⠈⠑⠲⠦⢤⣤⣴⡶⠾⠛⠛⠉
⠀⠀⠀⠉⣿⣟⠁⢸⠀⢰⡓⢾⡇
⠐⠾⢗⣠⡿⠟⠀⢸⠀⠹⣏⣈⡏
⠀⠀⠀⠀⠐⠒⢶⣶⣶⠒⠀⠀⡇⠀⠀⢴⣉⣉⡒⠆
⠀⠀⠀⠀⠀⠀⢸⣿⣿⠀⠀⠀⡇⠀⠀⡦⢈⣉⡹⠇
⠀⣠⣶⣶⡄⠀⢸⣿⣿⠀⠀⠀⡇⠀⠉⣿⡏⠀⠘⡟⠁
⠀⠈⠻⠭⠤⠤⠾⠟⠃⠀⠀⠀⡇⠀⠀⠻⣧⣀⡠⠇
⠀⠀⠀⠀⠀⠀⠶⠶⣶⣶⣶⡶⠶⠀⠀⢸⠀⠀⠀⢠⣖⠉⠑⠲⡆
⠀⠀⠀⠀⠀⠀⠀⠀⣿⣿⣿⡇⠀⠀⠀⢸⠀⠀⠀⣬⡉⠛⠛⠻⣶
⠀⠀⠀⣀⡀⠀⠀⠀⣿⣿⣿⡇⠀⠀⠀⢸⠠⠄⠤⣿⣽⡶⠒⢯⣥⡤⠤⠤
⠀⢰⣿⣿⣿⠷⠀⠀⣿⣿⣿⠇⠀⠀⠀⢸⠀⠀⠀⣿⣿⠀⠀⠀⣿
⠀⠀⠙⠓⠶⠤⠴⠾⠟⠛⠉⠀⠀⠀⠀⢸⠀⠀⠀⠻⢿⣤⣤⡤⠟
⣿⣿⡿⠿⠃⠀⠀⠀⠀⠀⠀⠀⣴⣿
⡟⠛⠁⠀⠀⠀⠀⠀⠀⠀⠀⠀⠙⢛
⠁⠀⠀⠀⠀⠀⠀⠀⠀⠀⠀⠀⠀⣼
⣿⣿⣿⣿⣿⣿⡿⠠⠀⠀⢁⠂⠀⠀⡀⢆⠀⠐⠀⣠⣿⣿
⣿⣿⣿⡟⠰⠀⠠⠃⠀⠰⠁⠀⠁⠀⠡⠂⠠⠀⠈⣿⣿⣿
⣟⠡⠀⠀⠀⢀⠀⡀⠀⠀⠠⠂⡀⠀⠀⠄⠀⠀⡔⠀⠠⢴
⠁⠂⠀⠔⠀⡀⠰⠀⠀⠔⠁⠀⠁⠀⠘⠀⠀⠰⠀⠀⢒⣿
⣿⣿⣿⣿⣿⣿⣿⣿⡿⢠⠂⠀⠰⢁⠔⢀⠀⠀⡀⢲⠀⢀⠔⠀⢀⣴⣿⣿
⣿⣿⣿⣿⣿⢉⠍⠉⢁⠎⠀⠀⡠⠋⠀⠜⠀⠀⢃⠜⠀⡀⠀⠐⣿⣿⣿⣿
⣿⡟⢛⠛⠃⠈⠀⠀⠉⢀⠀⠀⠁⠀⣀⠁⠀⠀⠁⠀⠀⠁⠀⢀⠙⠛⠛⢛
⡿⠀⠃⠀⠀⠀⠀⠤⢀⠎⠀⠀⢀⠜⠁⠰⠀⠐⢀⠇⠀⠰⢀⠆⠀⠀⠂⣿
⡀⠊⠀⠠⠎⠀⣠⠀⠜⠀⠀⠠⠊⠀⠀⠅⠀⠀⠎⠀⢀⠃⠜⠀⠀⠈⣹⣿
⣤⣀⣞⣩⣟⣩⣙⣩⣉⣟⣉⣟⣩⠃
⠀⣀⣀⣠⡟⠉⢹⠏⠉⠉⢻⠟⠉⠉⢉⡟⠉⢹⠟⠉⣹⠃
⠸⣅⣀⣋⣀⣠⣏⣀⣰⣆⣀⣴⣀⣀⣾⣀⣀⣋⣀⡠⠃
⠀⠀⠀⠀⢀⣾⠛⠛⢻⡟⠛⠛⠛⣿⡿⠛⠛⠛⠛⣿⠛⠛⢻⡟⠛⠛⣻⠃
⢠⡶⠒⠒⣾⠃⠀⢠⡿⠀⠀⣀⠀⠋⠀⡠⠀⠀⣼⠇⠀⢀⣿⠁⠀⢰⡏
⠸⢧⣤⣤⣥⣤⣤⣾⣥⣤⣤⣿⣤⣤⣾⣥⣤⣴⣿⣤⣤⣤⣥⣤⡴⠟
⠀⠀⠀⠀⠒⣶⣶⡖
⠀⢶⣶⣆⣼⣿⡿⢳⣶⣶
⠀⠀⠀⠰⠿⠿⢥⣶⣶⢂⣶⣶⡖
⠀⠀⠀⠀⠀⠀⠻⠿⠯⠼⠿⠛
⠀⠀⠀⠀⠀⠀⠠⠤⣤⣤⣤⣤⠄
⠀⠀⣀⣀⣀⣀⠀⣸⣿⣿⣿⣏⣀⣀⣀
⠀⠘⠿⠿⠿⠯⣴⣿⣿⣿⡟⠩⠿⠿⠿⠟
⠀⠀⠀⠀⠀⢰⣿⣿⣿⣟⣠⣶⣶⣶⡶⢀⣶⣶⣶⣶
⠀⠀⠀⠀⠀⠀⠈⠉⠉⢉⣿⣿⣿⣿⢁⣾⣿⣿⣿⠃
⠀⠀⠀⠀⠀⠀⠀⠀⠀⠈⠛⠛⠛⠓⠚⠛⠛⠋⠁
⠀⠀⠀⠀⠀⠀⠀⠀⠤⠤⣤⣤⣤⣤⣤⡤
⠀⠀⠀⠀⠀⠀⠀⠀⠀⢠⣿⣿⣿⣿⡿⠁
⠀⠀⣾⣿⣿⣿⣿⡏⣠⣿⣿⣿⣿⡿⠛⣿⣿⣿⣿⣶⡄
⠀⠀⠀⠉⠉⠉⠉⢩⣿⣿⣿⣿⡿⠁⣈⣉⣉⣉⣉⠉⢀⣀⣀⣀⣀⡀
⠀⠀⠀⠀⠀⠀⠀⠻⢿⣿⣿⣿⣥⣼⣿⣿⣿⣿⡟⢀⣿⣿⣿⣿⣿⠃
⠀⠀⠀⠀⠀⠀⠀⠀⠀⠀⠀⠀⣴⣿⣿⣿⣿⡟⢀⣾⣿⣿⣿⣿⠃
⠀⠀⠀⠀⠀⠀⠀⠀⠀⠀⠀⠀⠈⠛⠛⠛⠛⠓⠛⠛⠛⠛⠉
⣤⣤⣤⣽⠖⢤⣤⣤⣤⣤⣤⣄
⢿⠿⠛⣿⣶⠤⠭⣟⠿⣿⣿⡏
⠈⢦⡀⣙⢯⠤⠼⢿⣿⣿⣿⣤⣄⡀
⠀⠀⠈⠙⠧⢀⣾⠿⠛⠁
⠀⣀⣀⣀⣈⡙⡖⠦⣀⣀⣀⣀⣀⣀⣀⣀⣀⡀
⣿⣿⣿⣿⣯⢾⡁⠀⠈⠻⢿⣿⣿⣿⣿⣿⣿⣿⡇
⢹⡟⠛⠋⢉⣽⣿⣷⠶⠒⠶⢬⡙⠻⢿⣿⣿⣿⠁
⠀⠳⡀⠀⠈⠻⢯⣉⠀⠀⢸⣿⡿⢖⣻⣟⣽⣃⣀
⠀⠀⠈⠢⢔⣶⣤⠖⠉⠉⣩⣽⣿⣿⡿⠛⠛⠛⠻⠿⠷⠦
⠀⠀⠀⠀⠀⠀⠙⠢⢀⣾⠿⠟⠋⠁
⠀⠀⠀⠀⠀⣈⣙⢳⡲⢤⣀⢀⣀⣀⣀⣀⣀⣀⡀
⣾⣿⣿⣿⣿⣿⢫⡞⠁⠀⠈⠻⢽⣿⣿⣿⣿⣿⣿⣿⣿⣿⣿⡆
⠿⢿⣿⠿⠿⠿⢴⣷⣶⣤⣤⣀⣀⣈⠛⠻⢿⣿⣿⣿⣿⣿⣿⠇
⠈⢧⠀⠀⠀⠀⢿⣿⡿⠿⠍⠀⠀⣨⣽⢷⣄⣀⣙⣮⡻⣿⠟
⠀⠈⠳⣄⠀⠀⠀⠉⠓⠦⣤⣤⡤⠽⢿⣿⣩⣭⣶⣯⣭⣯⣦⣤⣤⣀⡀
⠀⠀⠀⠈⠑⠊⡿⢳⣶⠋⠀⠀⣠⣴⣾⣿⣿⡿⠟⠉⠉⠉⠙⠛⠛⠛⠛⠓
⠀⠀⠀⠀⠀⠀⠀⠈⠉⠣⠄⣰⡷⠿⠟⠋⠁
⠀⠀⠀⠀⢛⣷⡶⣟⠀⢀
⠀⠀⣀⣀⣾⣶⣦⣿⣭⣏⣀⡀
⣿⣿⠿⠿⠿⠿⠿⠿⠿⠿⠿⠿⣿⣿
⠀⠀⠀⠀⠀⠀⠐⢾⡷⡶⢶⣿⠶
⠀⠀⠀⠀⠀⠀⠀⣴⠻⠉⠃⣓⢤⣀⣠⡦
⠀⠀⠀⠀⠀⠀⣰⣣⣾⣶⣢⡹⣶⣤⣿⡀
⡤⣤⣤⣶⣶⣶⣿⣿⣿⣿⡿⣷⣿⣿⣿⣷⣶⣶⣶⢤⣤⣤
⣇⣿⣫⡟⠛⠛⠛⠛⠛⠛⠛⠚⠛⠛⠛⠛⠛⠛⢻⣷⣿⣹
⠀⠀⠀⠀⠀⠀⠀⠀⠰⣾⡿⠤⠶⠴⣿⣲⠆
⠀⠀⠀⠀⠀⠀⠀⠀⠀⣠⢿⡟⢚⠎⠧⣀⠀⠀⢀⣤
⠀⠀⠀⠀⠀⠀⠀⠀⢠⡟⣨⣄⣤⡀⢾⣬⠉⠓⣿⠃
⠀⠀⠀⢀⣀⣀⣀⣠⣞⣾⣿⣿⣳⣾⣎⣿⣿⣷⣟⣆⣀⣀⣀⣀
⣶⢲⣶⣾⢻⡟⡟⣿⡟⣿⣿⣿⣿⢻⢿⣿⢻⣿⣿⡟⡟⣿⡟⣿⡖⣶⣦⡶
⣿⣸⣗⣸⡟⠛⠛⠛⠛⠛⠛⠛⠛⠛⠛⠛⠛⠛⠛⠛⠛⠛⠛⢻⣿⣿⣆⣽
⠀⠀⠀⠀⠀⢴⣻⣿⣿⣥⣤⣤⣤⡤
⣠⣾⣿⣿⣗⢛⣉⣽⡿⣿⠟⠛⠋
⠙⠛⠛⠛⠻⣿⣿⣿⣿⣿⠟⠁
⠀⠀⠀⠀⠀⠀⠀⠀⣠⡾⣿⣿⢟⡽⣋⣀⣀⣀⣀⣀⣀⣀
⠀⣀⢴⣶⣶⢖⣶⣠⣮⡿⠟⢷⣿⣿⣿⣿⣿⣻⣿⣿⠟⠁
⣞⣵⣿⣯⣿⣿⣿⣦⣠⣤⣴⣿⣿⣏⣻⣛⣁⡀
⠈⠉⠉⠉⠉⠉⠉⢻⣽⣿⣿⣾⣿⣿⣿⡫⠚⠁
⠀⠀⠀⠀⠀⠀⠀⠀⠀⠀⢀⡠⢪⣿⣿⣿⢟⠽⠋
⠀⠀⢀⣤⣤⣤⣤⡤⣤⠀⡨⣫⣾⣿⣿⣵⣻⣿⣿⣿⣿⣿⣿⣿⣿⢟⡽⠋
⢀⡴⣫⣾⡿⣻⣯⢾⣗⢚⠋⠉⠁⠀⣨⣿⣾⣿⣿⣿⡿⠓⠛⠛⠓⠉
⢯⣾⣿⣿⣷⣿⣷⣿⣿⣿⡴⣾⣿⣿⢟⡿⣿⡶⢯⣥⡤⣠⠄
⠀⠀⠀⠀⠀⠀⠀⠀⠀⠺⣸⣿⣿⣿⣿⣿⣿⣿⣿⣫⠞⠁
⠿⣿⡿⠿⣿⡿⡿⣿⣿⣿⣿⠿⠿
⠀⢸⣶⣤⣀⣈⣙⣟⣿⣟⣦⡉
⠀⢸⣿⣿⣿⡿⢿⣿⣿⣽⣏⡁
⣶⣾⣿⣿⣿⣷⣶⠈⠻⣿⣿⣿⣶⣶
⣿⣿⣿⣿⣿⣿⣿⣿⣿⣿⣿⣿⣿⣿⣿⣿⣿⣿⣿⣿⡿
⠀⠐⢮⣙⠀⠉⠉⠛⢳⣼⣧⣾⣿⣿⣻⡟⠛⠤⣄
⠀⠀⢸⣿⣿⣶⣤⣤⣤⣬⣝⣮⣿⣿⣿⣛⣷⣦⡀
⠀⠀⢸⣿⣿⣿⣿⣿⣿⣿⣾⣿⣿⣿⣏⣿⡟⠛⠃
⠀⠀⢸⣿⣿⣿⣿⣿⡷⠈⠙⢿⣽⢻⡿⣿⣿⣷⣄⡀
⣿⣿⣿⣿⣿⣿⣿⣿⣿⣿⣿⠀⠈⠛⢿⣿⣿⣿⣿⣿⣿⣿
⣿⣿⣿⣿⣿⣿⣿⣿⣿⣿⣿⣿⣿⣿⣿⣟⣿⣿⣿⣿⣿⣿⣿⣿⣿⣿⡇
⠉⠩⡭⠿⠿⠝⠛⠛⠿⠿⣿⣉⢿⡟⣻⣽⣿⢿⣿⣿⣿⣟⠉⠉⠉⠉⠁
⠀⠀⠈⣷⣦⣄⡀⠀⠈⠉⠒⠪⢽⣛⠿⣿⣿⣷⣭⣿⣄⡉⠙⠳
⠀⠀⠀⣿⣿⣿⣿⣷⣶⣤⣤⣤⣤⣬⣷⣭⣿⣿⣿⣍⣻⣿⣦⡀
⠀⠀⠀⣿⣿⣿⣿⣿⣿⣿⣿⣿⣿⣾⣿⣿⣿⣿⠟⣹⣿⠟⠻⠇
⠀⠀⠀⣿⣿⣿⣿⣿⣿⣿⣿⠉⠻⣿⣿⠿⣻⢿⣿⣿⣿⣦⣄
⣀⣀⣀⣿⣿⣿⣿⣿⣿⣿⣿⣀⣀⣀⠙⠾⣧⣽⣬⣿⣿⣿⣿⣷⣦⣀⣀⣀
⣿⣿⣿⣿⣿⣿⣿⣿⣿⣿⣿⣿⣽⣿⠀⠀⠈⠙⢿⣿⣿⣿⣿⣿⣿⣿⣿⣿
⠀⠀⠀⠀⣤⣶⣻⠿⠟⢛⣀⣀⠀⠠
⢠⣾⣾⣶⢾⡿⡿⣿⡿⠶
⠠⠙⠿⠟⠿⠿⠿⠷⢚⠂⠊
⠀⠀⠀⠀⠀⠀⠀⣠⣴⣶⣾⣷⣻⡿⠟⠓⠂
⠀⠀⣀⠀⣀⠀⢸⣿⣿⣷⣗⣈⣉⠁⠤⠶⠶⠶⠆⠤⠄⠈
⠐⣶⣿⣿⣿⣷⠶⣿⡿⣿⡿⣿⣿⣿⣿⡷⠆
⠈⠹⣿⣿⣿⣿⣤⣮⣥⣽⣷⣟⣉⣥⡄⢀⡰
⠠⠉⠡⠙⠋⠉⠹⠿⠛⠛⠻⠿⢃⡨⠔⠈
⠀⠀⠀⠀⠀⠀⠀⠀⠀⢀⣤⣴⣶⣶⣶⢾⣻⣿⠿⠷⠖⠀⠀⠀⠀⠀⠄⡀
⠀⠀⠀⠀⠀⠀⠀⠀⢻⣿⣿⣿⣍⠯⠉⠛⠛⣁⣀⣠⣤⣤⣤⡦⣀⣀⠀⠘
⠀⣀⣬⣷⣦⣾⣦⣄⣸⣿⣿⣿⣿⣿⣿⣶⣶⣶⣤⣤⣀
⠠⣽⣿⣿⣿⣿⣿⣿⢙⡫⣿⢹⣿⡏⣿⣿⡿⠿⠟⠛⠉⡀
⠀⠀⣛⡿⣿⣿⣿⣿⣾⣿⣶⣶⣿⣿⣯⣤⢶⣾⠆⢀⢤⠟
⠲⠬⠥⠤⠭⠩⠭⠭⠝⠿⠛⠉⠉⡻⠻⢍⣀⡤⠒⠉
⠉⠉⠀⠀⠀⠁⠀⠀⠀⠈⠉⠙⠛⠻
⢀⣠⠄⠀⠀⣀⡀⠀⠀⣴⣶⣶⣤⣾
⣿⣇⡀⠀⠸⣿⣄⣤⣤⣠⣤⣾⣿⣿
⠉⠉⠉⠐⠀⠀⠀⠀⠋⠀⠀⠀⠀⠀⠈⠉⠙⠛⠛⠻⠿⢿
⠀⠀⠀⠀⠀⣀⣀⠀⠀⠀⠀⠀⠀⠀⠀⣀⣤⣤⡀⢀⣀⣴
⣠⣴⠖⠋⠁⠀⠀⣀⣤⡶⠒⠂⠀⠀⠛⠿⠿⠛⣿⣿⣿⣿
⣿⣿⣦⣀⡀⠀⠀⠻⣿⣧⣤⣶⣶⣦⣤⣤⣶⣾⣿⣿⣿⣿
⠛⠉⠉⠉⠒⠤⠄⠀⠀⠠⠜⠀⠀⠀⠀⠀⠀⠀⠉⠉⠙⠛⠻⠿⠿⢿⣿⣿
⠀⠀⠀⠀⠀⠀⠀⠀⠀⠀⠀⠀⠀⠀⠀⠀⠀⠀⠀⠀⠀⠀⠀⠀⠀⠀⠀⣩
⠀⠀⢀⣠⡤⠤⠒⠒⠒⠀⠉⠉⣉⣉⣁⣀⣀⣐⣴⣶⣿⣿⣿⣧⣴⣶⣾⣿
⣴⣿⡟⠁⠀⠀⠀⠀⠀⣴⣾⣿⠉⠀⠀⠀⠀⠀⠈⠙⠋⠉⣘⣿⣿⣿⣿⣿
⣿⣿⣿⣦⣄⣀⠀⠀⠀⠻⣿⣿⣦⣴⣶⣿⣷⣶⣤⣴⣶⣿⣿⣿⣿⣿⣿⣿
⠉⠉⠉⠉⠉⠹⠟⠃⠀⠉⠉⠉⠙⠻
⡇⠀⠀⠀⠀⠀⠀⠀⢀⣠⣤⣤⣈⣿
⡇⠀⠀⠀⠀⣀⡀⠀⠈⠻⣿⣿⣿⣿
⠁⠀⠀⠀⠀⢹⣿⣦⣄⡀⠀⠉⠛⠛
⠋⠉⠉⠉⠉⠉⠉⠉⢹⣿⡿⠟⠈⠁⠉⠉⠉⠉⠛⠛⠿⢿
⣄⠀⠀⠀⠀⠀⠀⠀⠈⠀⠀⠀⠀⠀⠀⠀⠀⠀⠀⢀⣤⣤
⣿⠀⠀⠀⠀⠀⠀⠀⠀⠀⠀⠀⠀⢀⣤⣶⣶⣶⣦⣤⣼⣿
⣿⠀⠀⠀⠀⠀⠀⠀⠀⠀⠀⠀⠀⠈⠻⣿⣿⣿⣿⣿⣿⣿
⡿⠀⠀⠀⠀⠀⠀⠀⢿⣶⣦⣀⠀⠀⠀⠈⠛⠿⣿⣿⣿⣿
⠀⠀⠀⠀⠀⠀⠀⠀⢸⣿⣿⣿⣶⣄⣀⠀⠀⠀⠀⠉⠉⣙
⠛⠛⠛⠛⠛⠛⠛⠛⠛⠛⠛⣿⣿⣿⣿⠋⠙⠀⠙⠛⠛⠛⠛⠛⠿⢿⣿⣿
⠀⠀⠀⠀⠀⠀⠀⢀⠀⠀⠀⠛⠉⠁⠈⠀⠀⠀⠀⠀⠀⠀⠀⠀⠀⠀⠀⢙
⣿⠀⠀⢀⠠⠐⠈⠀⠀⠀⠀⠀⠀⠀⠀⠀⠀⠀⠀⠀⠀⠀⠀⠀⠀⠾⢷⣿
⣿⡀⠐⠁⠀⠀⠀⠀⠀⠀⠀⠀⠀⠀⠀⠀⠀⣠⣶⣿⣿⣿⣿⣶⣶⣶⣿⣿
⣿⠀⠀⠀⠀⠀⠀⠀⠀⠀⠀⠀⠀⠀⠀⠀⠀⠘⢿⣿⣿⣿⣿⣿⣿⣿⣿⣿
⣿⠀⠀⠀⠀⠀⠀⠀⠀⠀⣤⣤⣄⡀⠀⠀⠀⠀⠀⠙⢿⣿⣿⣿⣿⣿⣿⣿
⠛⠀⠀⠀⠀⠀⠀⠀⠀⠀⠙⣿⣿⣿⣦⡀⠀⠀⠀⠀⠀⠈⠙⠻⢿⣿⣿⣿
⠀⠀⠀⠀⠀⠀⠀⠀⠀⠀⠀⣿⣿⣿⣿⣿⣶⣤⣀⡀⠀⠀⠀⠀⠀⢀⢀⣈
⠀⣀⣀⣈⣿⣛⣷⣀⣨⠟⣛⣿⡋
⠀⣿⣐⡶⣶⠒⠶⢋⣥⣞⣳⣮⠿
⠀⣶⣻⣯⠿⠤⠶⣌⡓⢶⡶⣏⣿
⠀⠀⠉⢩⣿⣭⡿⠉⢙⣦⣭⣷⣄
⠀⠀⠀⠀⠀⠈⢻⣟⢛⣻⣇⠀⠀⣘⣿⠟⠛⣻⡿⠛⠁
⠀⢸⡟⠉⣩⣭⣭⣭⠭⢭⣭⡽⠟⢉⣤⠶⢯⣍⣛⣳⡆
⠀⢈⣛⣒⣶⠮⢽⡿⠀⢈⡁⠰⢾⣛⣓⣒⣒⡻⠿⢭⡁
⠀⠘⠯⢤⣭⣟⣛⣛⣛⣛⣛⣳⣤⣈⠛⠿⣟⣩⣤⠼⠃
⠀⠀⠀⠀⠀⢀⣼⣯⣤⣼⡇⠀⠀⢩⣿⣦⣬⣽⣶⣤
⠀⠀⠀⠀⠀⠀⠀⠲⣶⡖⠒⠒⣶⡆⠀⠀⠀⠐⣶⡖⠒⠒⢒⣶⡶⠒
⠀⠐⢶⣶⠶⠶⠶⠶⠾⠿⠶⠶⠿⠷⠶⣶⡶⠞⠋⢀⣤⠶⠿⢥⣤⡀
⠀⠀⣿⡇⠀⠰⣶⣿⣿⣿⠛⠛⣿⡿⠟⠉⢀⣤⠾⠛⠛⢶⣦⣤⣸⣿
⠀⠀⠉⠛⠒⠶⠶⠦⢼⣿⠀⠀⣉⠀⠀⢾⣏⣙⣛⡛⠓⠒⠲⠶⢦⣄
⠀⠀⣿⡏⠉⠹⠷⠶⠼⠿⠤⠤⠿⠷⣦⣀⠈⠛⢿⣭⡿⠿⠇⠀⢸⣿
⠀⠀⠈⠉⠛⠛⠛⠓⢲⣶⠒⠒⣶⡖⠒⠛⠳⢦⣀⠈⠛⢿⣟⡛⠉⠁
⠀⠀⠀⠀⠀⠀⠀⠴⠿⠧⠤⠤⠿⠇⠀⠀⠀⠠⠿⠧⠤⠤⠬⠿⠷⠤
⣠⢤⡶⠢⢩⣭⣟⣿⣿⣷⣲⣤⣀
⠙⠻⠀⢠⠾⠟⠻⠿⠮⠉⠋⠑⠫⠡
⠀⣠⣤⠤⠖⠒⠚⣛⣛⣻⡿⣿⣓⣶⣲⡶⢤⣤⣀
⢺⡁⣴⠋⠉⠉⢀⣿⣿⣿⣶⣿⣟⠯⣿⢷⠿⠿⡻⢿⡤⡄
⠀⠉⠛⠦⠄⠠⠾⠿⠿⠁⠼⠿⠿⠷⠄⠉⠁⠀⠈⠹⠆⠼
⠀⠀⣀⣀⣤⠤⠶⠒⠒⠚⠛⠛⢻⣿⡽⠷⠶⠶⣶⡦⠤⣀⣀
⢠⠞⠉⣁⠤⠴⠔⠒⠀⣻⣿⣿⣟⣡⣾⣿⡿⢿⣛⣿⣴⣿⣶⣯⣴⡄
⠘⢦⡐⡇⠀⠀⠀⠀⣰⣿⣿⣿⠿⢿⣿⣿⣌⠛⠿⢉⣛⣛⠛⢪⣟⠓⠚⣄
⠀⠀⠉⠙⠒⠤⠀⠶⠿⠿⠿⠂⠐⠶⠿⠿⠿⠷⠂⠀⠀⠀⠀⠀⠀⠗⠤⠞
⠀⠀⡀⠀⡀⠀⢀⣀⡀
⢠⣿⢿⣿⣽⣿⣿⡿⣿⣿⣠⡾⠁
⠀⢀⣤⣤⣄⣠⣤⢤⣤⣤⣤⣤⣤⣀⣀⣄⠀⠀⣤⡄
⢀⣾⣿⡟⢿⣿⣧⣼⣿⣿⣿⡿⠷⣿⣿⣥⣤⡾⠟
⠀⠀⢀⣀⣀⣀⣀⣀⣀⣀⣀⣀⣀⣀⣀⣀⣀⠀⠀⠀⠀⠀⠀⣀⣀
⠀⢀⣾⣿⣿⣷⣾⣿⡋⣹⣿⣿⣿⣿⣿⣿⢫⣿⣿⡿⠀⠀⣠⣿⠏
⢀⣾⣿⣿⡏⢿⣿⣿⣷⣾⣿⣿⣿⣿⠿⠏⠾⣿⣿⣶⣶⡶⠿⠋
⠐⢶⣶⣺⣿⣷⣖⣶⣶⣶⣦⣄⡀
⠀⠀⠙⢿⣿⣯⣻⣿⣿⣿⣿⣟⣛⡦
⠀⠀⠀⠈⠛⠉⠉⠛⢿⣿⣯⡄⠉
⠐⠶⣶⣶⡶⠶⣿⣻⣶⣶⣶⣶⣶⣶⣶⣤⣤⣀⡀
⠀⠀⠈⠻⣿⣿⣿⣿⡿⣿⣿⣿⣿⣿⣿⣿⣿⣾⣿⣷⣄⡀
⠀⠀⠀⠀⠈⠻⣿⣿⣿⣾⣭⣿⣿⣿⣿⢟⣽⠿⠧⣽⠽⠋
⠀⠀⠀⠀⠀⠀⠉⠉⠁⠀⠀⠉⠻⢿⣿⣿⣧⡴
⠐⢶⣶⣶⡶⠶⣶⣾⣿⣿⣶⣶⣶⠶⠶⠶⠶⠶⣤⣤⣄⣀⡀
⠀⠀⠈⠛⢿⣷⣷⣾⣿⣿⣿⣿⣿⣿⣿⣿⣿⣿⣿⣿⣻⣯⣽⣷⣦⡀
⠀⠀⠀⠀⠀⠙⢿⣿⣿⣿⣯⣑⠿⢿⣿⣿⣿⣿⣿⣿⡿⣷⣾⡻⢿⣿⣷⣦
⠀⠀⠀⠀⠀⠀⠀⠻⣿⣿⣿⡿⠿⢷⣶⣿⣿⣿⣿⣏⣾⠛⠉⠙⡿⠟⠋⠁
⠀⠀⠀⠀⠀⠀⠀⠀⠀⠀⠀⠀⠀⠀⠀⠈⠻⢿⣿⣿⣿⣶⠾
⠛⣿⣿⡟⠃⠀⠛⣿⣿⣟⠃
⠀⠻⠿⠿⣻⣿⣿⣾⣿⣿⣿⠿⠛⠛
⠀⠀⠀⣤⣿⣿⣯⡍⠙⣻⣿⣶⣤⣤
⡇⡿⣿⣿⣿⢿⢯⠄⠀⠸⢹⢿⣿⣿⣿⢿⠹
⠀⡇⣿⣿⣿⠸⣀⣀⣀⣀⣠⢹⣿⣿⣿⢇⣀⣀⣀⣀⣀⢀
⠀⠣⢻⣿⣿⣮⠟⣿⣿⣿⢹⣼⣿⡿⣫⣽⣿⣿⣟⠟⠛⠘
⠀⠀⠀⠀⠀⠀⡇⣿⣿⣿⢿⠿⠿⡿⣿⣿⣯⣎⣄⡀
⠀⠀⠀⠀⠐⣳⣷⣿⣿⣿⣾⢰⠀⠀⢱⢽⣿⣿⣿⣾⣶⢸
⡏⣿⢿⣿⣿⣿⡿⢿⢹⠀⠀⠀⣏⢹⢿⣿⣿⣿⣿⢿⢏⡇
⠀⢸⢸⣿⣿⣿⡇⡏⠀⠀⠀⠀⠀⢸⡇⣿⣿⣿⣿⢸
⠀⢸⢸⣿⣿⣿⡇⢾⢿⣿⣿⣿⣿⢿⢀⣿⣿⣿⣿⢸⣿⣿⣿⣿⡿⣿⣿⢹
⠀⠈⠑⠪⠿⠿⠿⢿⢸⣿⣿⣿⣧⣼⣿⣿⣿⣭⣶⣿⣿⢿⡫⠕⠊⠁
⠀⠀⠀⠀⠀⠀⠀⢸⢸⣿⣿⣿⡟⣻⠛⠛⠻⣟⠿⣿⣿⣶⣵⣢⢄⡀
⠀⠀⠀⠀⠀⠀⣏⣾⣾⣿⣿⣿⣿⣾⣈⡇⠀⠀⢹⣸⣿⣿⣿⣿⣿⣾⣿⣸
⠀⢠⣤⢠⡄⣤⣤⢢⡤⡄⣤⡤⡄
⠰⣶⡖⣶⡶⠶⠂⠐⠶⣶⣶⢲⣶⠆
⠀⠙⠛⠉⢀⣠⣴⣦⣄⡀⠉⠛⠋
⠀⠀⠀⠈⠛⠿⢷⡿⠿⠛⠁
⠁⠀⢤⣄⡤⢠⡤⡄⣤⡀⣤⢤⣀⡤⣠⢤⡀⣤⡀⡤⠀⠈
⠀⡀⠚⠋⠒⠘⠓⠂⠛⠈⡛⢀⠛⠀⠓⠚⠃⠛⠙⠃⢀
⠀⢻⣟⣿⢙⣿⣿⠿⠛⠉⠁⠈⠉⠛⠿⣿⣿⡉⣿⣿⡟
⠀⠀⠻⠿⠛⠉⠀⠀⢀⣠⣴⣦⣄⡀⠀⠀⠉⠛⠿⠟
⠀⠀⠀⠀⠀⢠⣴⣾⣿⣿⡏⢹⣿⣿⣷⣦⡄
⠀⠀⠀⠀⠀⠀⠈⠉⠛⠿⠿⠿⠿⠛⠉⠁
⡇⠀⢀⣀⡀⣀⣀⣀⣀⣀⣀⡀⢀⣀⣀⡀⢀⡀⣀⣀⡀⢀⣀⢀⣀⡀⠀⢸
⡇⠀⢀⣿⡺⣅⣀⣿⣒⣇⣸⣟⢦⣿⠈⣳⣏⠸⣯⣀⡿⢸⣏⠳⣿⠀⠀⢸
⠇⢦⣤⣤⣤⡤⣤⣤⣤⣤⣤⣤⣤⠤⠤⣤⣤⣤⣤⣤⣤⣤⢤⣤⣤⣤⡴⠸
⠘⡘⣿⣿⣿⡁⣿⣿⣿⠿⠛⠉⠀⠀⠀⠀⠉⠛⠿⣿⣿⣿⢸⣿⣿⣿⢃⠃
⠀⠘⢜⢿⣿⠿⠛⠉⠀⠀⠀⠀⣀⣤⣤⣀⠀⠀⠀⠀⠉⠛⠿⣿⡿⡣⠃
⠀⠀⠀⠑⢄⠀⠀⠀⣀⣤⣶⣿⣿⡿⢿⣿⣿⣶⣤⣀⠀⠀⠀⡠⠊
⠀⠀⠀⠀⠀⠁⠂⠛⢿⣿⣿⣿⣿⣇⣸⣿⣿⣿⣿⡿⠛⠐⠈
⠀⠀⠀⠀⠀⠀⠀⠀⠀⠈⠉⠛⠻⠿⠿⠟⠛⠉
⠀⠉⡝⢠⠜⣋⡥⢻⠏⢠⡤⠀⠤⠏
⢀⡞⣀⣷⡀⣻⣤⢃⣐⣛⣂⣰⠂
⠀⠀⠉⡹⠃⠀⠠⠞⣃⣩⠤⠚⡽⠋⠀⣠⠤⠄⠀⠤⠼⠃
⠀⣠⠞⢁⣀⡴⣄⠀⢙⣦⣠⢋⣀⣀⣚⣛⣀⣀⡴⠂
⠀⠈⠉⠉⢻⡿⠉⣩⣭⡽⠿⠚⣉⣩⡽⢟⡿⠋⢉⣭⣭⣭⠍⠉⢩⣭⡿⠋
⠀⠀⠀⣴⠏⠀⣴⡟⠁⢤⣶⣟⠛⠶⣤⠛⠀⣠⣿⣿⣋⣉⣉⣉⣉⠉⠁
⠀⢠⣾⣁⣀⣾⣿⢿⣄⣀⣳⣝⣧⣼⣃⣀⣘⣉⣛⣛⣁⣠⣶⣾⠋
⠀⠀⠠⣤⣶⣶⠠⣤⣤⣶⣤⠄
⠀⠀⠘⢿⣷⣯⣱⣞⣱⣶⡿⠃
⢸⣿⣿⣿⣿⣿⣿⣿⣿⣿⣿⣿⣿⠷
⠀⠀⠀⠀⢀⣀⣰⣤⣶⡤⠐⠂⠀⠒⢠⢆⣀⡀
⠀⠀⠀⠀⣸⣿⡿⢛⢿⣥⡉⢛⣯⡿⠙⢳⣿⣇
⠀⠀⠀⠀⠹⣿⣿⣿⣆⣘⢲⡖⠃⣴⣾⣾⣿⠟
⠠⣤⣤⣤⣤⣤⣽⣿⣿⣿⣶⣶⣿⣿⣿⣿⣷⣶⣦⣤⣤⡄
⠰⢿⣿⣿⣿⣿⣿⣿⣿⣿⣿⣿⣿⣿⣿⣿⣿⣿⣿⣿⠿⠃
⠀⠀⠀⠀⠀⠀⣀⠀⢠⣤⣴⣦⠤⠔⠢⠤⠔⠢⢤⡄⠀⣀
⠀⠀⠀⠀⠀⠘⣿⣿⣿⣿⣿⣛⠁⠛⠿⠿⣻⡟⠿⢯⣽⣿⠃
⠀⠀⠀⠀⠀⢺⣿⣿⣣⣾⣍⠛⢟⣀⣀⡻⠛⣉⣤⡌⣿⣿⡷
⠀⠀⠀⠀⠀⠀⠙⠿⣿⣿⣿⣶⣖⣘⣃⣠⣴⣿⣿⣿⡿⠟⠁
⠀⣿⣿⣿⣿⣿⣿⣿⣿⣿⣿⣿⣿⣿⣿⣿⣿⣿⣿⣿⣿⣿⣿⣿⣿⣿⣿⡆
⠐⠿⣿⣿⣿⣿⣿⣿⣿⣿⣿⣿⣿⣿⣿⣿⣿⣿⣿⣿⣿⣿⣿⣿⣿⡿⠟⠃
⠀⡶⠶⢶⡶⠶⠶⡷⠦⢾⠷⠶⢶
⠀⠣⠶⠼⠷⠶⢶⡷⠷⠾⠵⠦⠝
⠠⢤⣤⣤⣤⣴⣶⣦⠤⠶⠲⠶⠶⠒⣲⣶⣶⣤⣤⣶⡤⠄
⠀⢶⡛⠛⠟⢛⣿⠛⠻⠟⠛⡿⠛⡛⠻⣟⠛⠿⠛⣛⡶
⠀⣸⣃⣀⣄⣙⣿⣀⣰⣤⣠⣧⣄⣁⣠⣟⣁⣤⣈⣛⣆
⠀⠀⠀⠿⠿⠿⠿⠿⠛⠛⢿⡿⠛⠛⠻⠿⠿⠿⠿
⠀⣀⣀⣀⣀⣤⣤⣴⣴⣆⣤⡤⠤⠶⡶⠤⠴⠶⣒⣶⣶⣦⣀⣠⢴⣄⣀
⠀⢠⣽⠿⠿⡿⠿⠿⡿⠷⠶⣶⠶⠶⣶⡮⠤⠤⢿⡿⠿⠿⣿⠿⠿⣯⡄
⠀⠈⣿⠀⠀⠁⠴⣶⣿⠀⢀⡈⠂⠀⡇⠀⢰⡆⠀⣿⡦⠀⠉⠠⣶⡟⠁
⠀⠸⠯⢤⣤⣧⣤⣦⣷⢶⣶⣿⣶⣶⣿⣶⣶⡶⣶⣷⣶⣤⣿⣤⡤⠽⠇
⠀⠀⠀⠘⠿⠛⠛⠛⠛⠛⠛⠛⠛⢿⡿⠛⠛⠛⠛⠛⠛⠛⠛⠿⠃
⠶⡶⡖⣫⣭⣩⡟⣿⣿⡛⣓⢲⣶⠦
⠠⣟⣿⣿⣟⣸⡶⣾⣘⣿⣿⢗⡾
⠀⠈⠙⠛⠻⣿⣟⣿⠿⠟⠋⠉
⣤⢲⣶⡲⠶⠚⠛⠛⠉⣹⠻⠖⣽⣿⣭⣕⠲⢤⣤⣤⡤⣄
⠈⢹⢋⣿⣥⣾⣿⠟⠶⡙⠘⠿⡷⠶⢖⣤⣼⡤⠙⠻⡏⠁
⠀⣾⡟⢿⣿⣽⢻⠛⠘⢿⣿⣿⠗⠙⣿⣿⣿⣷⢺⣿⠅
⠀⠈⠙⠮⣟⠿⣿⣿⣯⣷⣶⣾⣿⣧⣿⠿⣻⠥⠛⠉
⠀⠀⠀⠀⠀⠉⠉⠻⢿⣭⣭⣭⡽⠟⠋⠉⠁
⣠⠤⠤⠤⠤⣴⡶⠶⠿⠿⠍⠙⡛⢷⡖⣒⣺⣯⣙⣓⠲⢤⣀⣤⠤⢤⣀
⠙⠦⣻⠟⣤⠆⢀⣤⣴⣆⣀⠲⣏⢠⣄⡼⣛⡉⠉⠉⠁⣄⠘⢿⣿⣗⠬⠟
⠀⠰⣇⣠⣿⣶⣾⣿⡯⡃⠙⣥⢆⠀⡙⣿⠋⣛⣡⣷⣾⣷⠒⢀⡉⣻
⠀⣴⠿⠇⣿⣿⣮⡛⣿⠋⠀⠻⣿⣿⣿⠿⠁⠙⣟⣯⣿⣿⣿⠸⠟⣧
⠀⠈⠻⣷⡘⢿⣿⣿⣾⡰⣖⣻⣭⣉⣭⣟⣲⢆⣿⣿⣿⠿⣃⡾⠟⠃
⠀⠀⠀⠀⠉⠛⠮⣽⣿⣷⣿⢿⣿⣿⣿⡿⣿⣾⣿⣫⠴⠋⠉
⠀⠀⠀⠀⠀⠀⠀⠀⠀⠙⠻⣷⣒⣶⣒⡶⠟⠋⠁
⠀⠸⠿⠿⡧⠤⠶⠒⢒⡁⠸⠿⠇⢀
⠀⠀⢸⣿⣿⣿⡟⠁⠀⠤⠤⠤⠤⠤⡇⠀⠀⣿⣿⡇
⠀⠀⠘⠛⠛⠛⠳⠒⠒⠒⠒⠂⠀⢀⡇⠀⠀⠛⠛⠃⠀⣀
⠀⠀⠀⣽⣿⣿⣿⣿⡟⠉⠀⢀⣀⣀⣀⣀⣀⣀⡇⠀⠀⢸⣿⣿⣿
⠀⠀⠀⢿⣿⣿⣿⣿⣇⣀⣀⣈⣉⣉⣉⠉⠉⠉⡇⠀⠀⢸⣿⣿⣿
⠀⠀⠀⠉⠉⠉⠉⠉⡏⠉⠉⠉⠉⠉⠉⠀⢀⣠⡇⠀⠀⠈⠉⠉⠁⠀⢀⣠
⠪⡑⣶⣒⣹⣏⣏⣹⣹⣏⡖⣲⢊⠕
⠀⠘⣟⡶⣮⣀⣲⣖⣀⣴⣞⣾⠃
⠀⠀⠀⠉⠙⢿⣛⣛⡿⠋⠉
⣶⠒⣖⡲⠤⢖⠒⠻⡍⠻⢉⡉⠟⢩⠟⠒⠶⠤⢖⡶⢒⣶
⠀⠙⢦⣽⡜⢡⠞⠿⠷⠉⠮⠵⠉⠾⢿⠞⢥⠵⢯⡴⠋
⠀⠀⠸⣿⠻⠷⣿⣀⡀⠐⣶⣶⠂⣀⣀⣿⠾⣟⣿⠃
⠀⠀⠀⠈⠙⠳⠯⣿⣽⣿⣿⣿⣿⣯⣿⠽⠒⠋⠁
⠀⠀⠀⠀⠀⠀⠀⠘⢯⣆⣉⣉⣠⡽⠃
⣴⠒⢲⡲⠦⢤⠤⠴⠲⢿⣉⠙⣿⠩⠍⣿⠋⣉⡿⠖⢦⠤⠤⠴⣖⡖⠒⣦
⠈⠓⣦⡉⣻⠁⠖⢩⡼⣶⣯⡐⢢⣌⣡⡔⢢⣽⣶⢧⠖⠐⣌⣏⢉⣴⠚⠁
⠀⠀⠈⢻⣷⣥⣬⣥⡮⠉⠂⠀⣀⣀⣀⣀⠈⠂⠈⢵⣬⣭⣤⣾⡟⠁
⠀⠀⠀⠈⠿⣬⣟⠉⢿⣶⠦⣤⣬⣿⣿⣥⣤⠴⣶⠟⣛⣉⣷⠿⠁
⠀⠀⠀⠀⠀⠀⠉⠙⠳⢿⣷⡿⢿⣿⣿⡿⢿⣾⡿⠞⠋⠉
⠀⠀⠀⠀⠀⠀⠀⠀⠀⠈⠻⢭⣭⣍⣩⣭⡭⠟⠁
⠀⠀⠀⢀⣀⣀⡦⢐⣿⣿⣿⣧
⠀⢀⣻⣿⠟⠉⢰⣿⣿⠿⠋⣹⣇⡀
⠠⠎⠽⠥⠩⡩⠭⠭⠭⠭⠭⠭⠽⠋
⠀⠀⠀⠀⠀⠀⠀⠀⠀⢲⡒⠒⣶⢛⣿⣿⣿⣿⡀
⠀⠀⠀⢀⣀⣴⣿⣦⣴⠞⠁⢀⣼⣿⣿⣿⣿⣿⣷⡀
⠀⠀⠀⢙⣻⣿⣿⠟⠁⠠⠴⣿⣿⣿⡿⠟⠋⢉⣽⣏
⠀⠀⣸⠟⡿⠟⣳⠖⡒⡲⠞⢛⠿⢛⡖⠲⡲⢻⡻⠟⣿⠗
⠠⠾⠥⠯⠼⠶⠥⠮⠴⠷⠷⠷⠷⠾⠾⠾⠶⠷⠷⠟⠁
⠀⠀⠀⠀⠀⠀⠀⠀⠀⠀⠀⠰⣶⠒⠒⢶⡞⢻⣿⣿⣿⣿⣖
⠀⠀⠀⠀⠀⠀⠀⣴⣶⣤⣀⣠⠟⠁⠀⣀⣵⣿⣿⣿⣿⣿⣿⣧⡀
⠀⠀⠀⠀⢶⣿⣿⣿⣿⣿⠟⠁⠀⣠⣾⣿⣿⣿⣿⣿⡿⠿⠿⢿⣧⠄
⠀⠀⠀⣀⣴⣾⣿⡿⠛⠁⠀⠀⢚⣛⣿⣿⣿⡿⠛⠋⠀⢀⣴⣿⣿⣦⣀⡀
⠀⠀⣠⠟⣉⡽⠫⢉⡽⢋⠭⢉⠝⡉⢩⠟⠩⡩⢋⠙⡫⢋⠽⡭⢋⣹⡿⠋
⠀⠚⠓⠒⠓⠚⠓⠛⠒⠧⡴⠛⠛⠛⠛⠛⠛⠛⠛⠛⠛⠛⠚⠛⠛⠉
⠀⠀⠀⣠⣤⣤⣤⣤⢴⣿⡶⣤⣀⡀
⠀⠀⢼⣿⣿⣿⡿⢟⣻⣿⡟⠻⣿⢧
⠀⢀⣾⣿⣿⣿⣧⣽⣷⣿⣿⣿⠍
⣰⣿⣿⣿⣿⣿⣿⣿⠏⠀⠉⠁
⠀⠀⠀⠀⠀⢀⣤⣀⣀⣀⣀⣤⡤⢤⢼⣵⣶⣤⣀⣀⡀
⠀⠀⠀⢀⡾⣽⣿⣿⣿⣿⢯⡟⢷⢿⣯⣾⡶⠾⣷⣿⣿⡀
⠀⠀⠀⢨⣟⣾⣿⣿⢯⡟⠉⢰⣳⣛⢿⣿⣧⣤⣬⠿⠭⠋
⠀⢀⣠⣿⣾⣿⣿⢯⣿⣿⣿⣿⡾⣿⠧⢟⣛⣛⠿⠂
⢠⣟⣾⣿⣿⣿⣿⣿⣿⣿⣿⣿⣽⠃
⠀⠀⠀⠀⠀⠀⠀⢀⣀⠀⠀⠀⠀⠀⣀⣀⣀⣀⣽⣵⣶⣤⡀
⠀⠀⠀⠀⠀⢠⡴⣾⣾⣿⣿⣷⣿⡿⣾⣶⣰⣭⡭⣍⣟⢏⣿⣏⣗⣖⣦
⠀⠀⠀⠀⢠⣟⡼⣿⣿⣿⣿⡿⣿⣱⠯⡹⠝⣯⣷⣾⣿⠋⠛⢯⣿⣯⡿⣄
⠀⠀⠀⠀⢈⡿⣽⣿⣿⣿⡟⣼⡏⡩⢰⠺⣞⠛⣿⣯⣯⣤⣤⣤⣽⣯⠴⠋
⠀⠀⠀⢀⡾⣽⣿⣿⣿⡟⣼⣿⣷⣶⣮⣭⣾⣷⣎⠿⠯⣿⣿⢿⡆
⠀⢠⡖⣿⣽⣿⣿⣿⣿⣼⣿⣿⣽⣿⣿⣿⣳⠏⠉⠙⠓⠒⠓⠉
⢠⣿⣼⣿⣿⣿⣿⣿⣿⣿⣿⣿⣿⣿⣿⣵⠏
⠀⠀⠀⣀⠤⠀⠀⠄⠱
⢀⣀⣀⣄⣁⣀⣤⣀⣀⣏⣀⣀⢀⣀
⠿⠿⣃⣘⣃⣈⣛⣋⣙⣛⣛⣻⠿⠿
⠀⠀⠀⠀⠀⠀⢀⣀⠀⠀⠀⡀⠒⢡⡇⡀⠀⡀
⠀⠀⠀⠀⠐⠳⢌⡀⠈⠐⠈⡈⠀⠈⡀⡄⠀⠃
⠀⠀⠀⠀⢠⣀⠁⠀⡠⠤⣄⡀⠀⠀⢱
⣾⣿⣿⣿⠋⣻⣿⡏⢹⣿⣿⣿⣿⣿⣿⣿⣿⣿⣿⣶⣿⣿
⠚⠛⠛⢡⣤⣬⣥⣤⣤⣤⣤⣤⣤⣤⣤⣬⣭⣭⣝⠛⠻⠿
⠀⠀⠀⠀⠀⠀⠀⠀⠀⢀⠀⠀⠀⠀⡀⠐⠒⢠⠇
⠀⠀⠀⠀⠀⠀⢶⣌⡋⠉⠁⠂⡄⠐⠑⠂⠀⠞⠉⣁⠀⣨⠆
⠀⠀⠀⠀⠀⠀⠀⠨⠟⠂⠀⡀⠀⠐⠈⠀⠀⠐⢦⠑⠒⠒⠁
⣀⣠⣤⣤⣄⣬⣷⣤⣤⣤⣴⣉⣽⣷⣦⣤⣤⣤⣼⣤⣤⣠⣤⣤⡀⣠⣤⣤
⢿⣿⣿⣿⣿⠀⢸⣿⣿⠇⠀⠿⠿⠿⠿⠿⠿⠿⣿⣿⣿⣿⣿⣿⢿⣿⣿⣿
⠛⠛⠛⠉⢠⣤⣤⣤⣤⣤⣤⣤⣤⣤⣤⣤⣤⣤⣤⣤⣤⣤⣭⣭⠙⠙⠻⠿
⠀⠀⠀⠀⣄⢖⣷⣟⣰
⠀⠘⠀⠛⠈⠛⠻⣿⡯⠘⠀⠃⠂⠐
⠀⠀⠀⠀⠀⠀⣀⢰⣦⠴⡦⠺⠆⣴⡄
⢠⠀⢠⠀⢠⣠⢙⣇⣶⣿⣿⣿⣿⣷⠀⡄⠀⢠⢀⡄⢄
⠈⠀⠈⠀⠈⠈⠀⠁⠉⠉⠻⣿⣿⡗⠀⠁⠀⠈⠀⠁⠀⠉
⠀⠀⠀⠀⠀⠀⠀⠀⠀⢀⣦⡀⣶⡄⢼⣦⠀⣤⡀
⠀⠀⠀⠀⠀⠀⠀⠀⣷⠎⢉⣥⣴⣷⣶⣦⣬⣟⠁
⢸⡇⠀⢼⠁⢈⡷⣿⠤⡓⢿⣿⣿⣿⣿⣿⣿⡟⠉⣿⠀⢂⣸⠠⣗⣘⠢⣅
⠀⠀⠀⠀⠀⠀⠀⠀⠀⠀⠀⠀⠈⠻⣿⣿⣿⠇
⠀⠺⣉⣭⣷⣶⣶⣶⣶⣦⣤
⠀⡠⢿⢿⣿⣿⣿⣯⣽⣿⠽⠿⠿⠟
⣼⡵⢾⣿⣿⡿⠟⠿⠟⠁
⠀⠠⣖⡊⠉⠉⣳⣦⣤⣤⣤⣤⣴⣤⣄⣀
⠀⠀⠈⣳⣿⣿⣿⣿⣿⣿⣿⣿⣿⣿⣿⣿⣿⣙⣠⣤⣄⡀
⠀⢀⣠⠽⡿⢿⡿⢿⣭⡭⣟⣟⣩⣹⣇⣿⠼⠿⠷⠧⠿⠟
⠀⣼⢣⢀⣖⣾⣷⣾⣿⣿⣿⣿⣿⣿⠿⠋
⣼⡷⠞⠻⠿⣷⣾⡿⠿⠛⠉⠛⠟⠁
⠀⠀⢴⢢⠚⠉⠉⠉⢶⣦⣄⣀⣠⣤⣤⣤⣤⣤⣀⡀
⠀⠀⠈⠑⣵⡶⣶⣾⣿⣿⣿⣿⣿⣿⣿⣿⣿⣿⣿⣿⣿⡖⠶
⠀⠀⠀⠀⢻⣿⣿⣿⣿⣿⡿⠿⠟⣿⣿⠛⠟⣻⡏⢹⠋⣿⣽⡏⡿⢿⣷⣶
⠀⢀⣶⠛⠉⠟⣙⣻⣏⣽⣳⣿⣽⣴⣾⣶⣷⣾⣷⣿⠞⠛⠛⠛⠛⠋⠉⠁
⠀⣼⠏⣴⣠⣯⣼⠿⣿⣿⣿⣷⣿⣿⣿⣿⣿⡿⠛⠉
⣼⡿⠾⠛⠛⠿⢶⣾⣿⡿⠿⠛⠉⠉⠛⠛⠋
⢯⢻⣿⡟
⢸⢸⣿⡟⡏⢻⣿⠇⠀⠀⠸⡝⣿⡿
⣞⣼⣿⣷⣷⣾⣿⣾⣽⣿⡇⡇⣿⡇
⠀⠀⠀⠉⠫⣝⣿⣷⣶⣶⣾⣷⡿⠇
⣿⡹⣿⣿⣿⣿
⢹⡇⢸⣿⣿⠁⡶⢶⣶⣶⣶⡆⠀⠀⠀⠀⢰⡶⣶⣶⣶⣶
⢸⡇⢸⣿⣿⠀⢳⡎⣿⣿⣿⠃⣀⣀⣀⢀⠘⣷⠉⣿⣿⡟
⣼⢇⣸⣿⣿⣦⣼⣧⣿⣿⣿⣴⣯⣹⣿⣿⡇⣿⠀⣿⣿⡇
⠛⠶⠛⠛⠛⠿⢿⡟⣿⣿⣿⣛⠛⠛⠛⠛⣃⣿⢀⣿⣿⡇
⠀⠀⠀⠀⠀⠀⠘⠳⢬⣙⣿⣿⣿⣿⣿⣿⣿⣿⣿⡿⠛⠁
⣿⠋⣿⣿⣿⣿⣿⡇
⠙⣿⠀⣿⣿⣿⡟⢡⣤⣤⣤⣤⣤⣤⣤⠀⠀⠀⠀⠀⠀⣤⣤⣤⣤⣤⣤⣤
⠀⣿⠀⣿⣿⣿⡇⢸⣧⡜⢿⣿⣿⣿⣿⠀⠀⠀⠀⠀⠀⣿⣄⠻⣿⣿⣿⣿
⠀⣿⠀⣿⣿⣿⡇⠀⣾⡇⢸⣿⣿⣿⠀⣶⠶⣶⣶⣶⡆⢸⣿⠀⣿⣿⣿
⣿⠋⣴⣿⣿⣿⣿⣿⣿⣿⣿⣿⣿⣿⣿⣿⣶⣿⣿⣿⡇⢸⣿⠀⣿⣿⣿
⠛⠛⠛⠛⠛⠛⠻⠟⣻⡟⢻⣿⣿⣿⣟⣛⣛⣛⣛⣋⣃⣼⡟⣠⣿⣿⣿
⠀⠀⠀⠀⠀⠀⠀⠀⠉⠛⠦⣍⣻⣿⣿⣿⣿⣿⣿⣿⣿⣿⣿⣿⡿⠟⠋
⠀⢀⣀⡦⣤⢐⡄⠰⠦⠀⡠⣀
⠀⠀⠈⠀⠲⠻⠶⠦⠶⣶⠿⡿⠵⡶
⠀⠀⠀⠀⠀⣤⣀⡠⠤⢄⠀⢀⣤⣄⠤⠀⢀⡀
⠀⠐⠒⢒⡶⠊⠉⠓⣒⠊⠐⠐⠤⠠⠀⣰⠤⣄⣧⠤
⠀⠀⠀⠈⠀⠀⠘⠞⠘⠿⠻⡛⠰⠳⠿⠿⠻⠿⠗⠿⠹⠿
⠀⠀⠀⠀⠀⠀⣀⡀⠀⢀⣈⣐⠂⠐⠀⢀⣀⠀⣀⡀
⠀⠀⢀⣀⣀⣤⣨⠵⢚⡭⠤⡤⠟⢀⢉⡙⠊⠉⠀⠀⡀⠩⠥⠤
⠀⠀⠀⠀⢠⠎⠁⠀⢄⢄⠴⣒⣂⣀⣁⡉⣉⡰⣀⣔⣊⣙⣒⣚⢋⣁⣀⣀
⠀⠀⠀⠀⠀⠀⠀⠀⠘⠚⠀⡛⢚⣙⣙⠃⠫⠻⠿⠿⠟⠖⠯⠏⠝⠥⠿⠟
⠀⠀⠀⠀⠀⡀⠀⠀⠞⠓⡀
⠀⠀⠀⠀⢪⣷⠸⢷⡶⠰⣅
⠀⠀⣀⣴⣿⡿⢦⣿⣯⣥⣿⡄
⠀⠀⠀⠀⠀⠀⠀⠀⢀⡀⠀⠀⢠⡟⠓⠒⣒
⠀⠀⠀⠀⠀⠀⢠⢶⣯⠄⢰⣦⡄⣤⠀⢰⠃
⠀⠀⠀⠀⠀⠀⣨⣞⣼⣃⠉⣙⣛⣛⣀⣘⣴⠆
⠀⠀⢀⣀⣤⣾⣿⡿⠿⠷⠶⣿⣽⣦⣬⣤⣿⣷⣀⡀
⠀⠀⠀⠀⠀⠀⠀⠀⠀⠀⠀⠀⠀⠀⠀⠀⣰⠓⠳⠶⠒⠆
⠀⠀⠀⠀⠀⠀⠀⠀⢀⣠⣶⡋⠀⢠⡄⠈⠉⠁⠀⠉⡽⠁
⠀⠀⠀⠀⠀⠀⠀⠀⠸⣰⠏⣧⠀⠿⢷⣿⣰⡿⠀⢸⡇
⠀⠀⠀⠀⠀⠀⠀⣠⣶⣿⣾⣧⠔⠒⣒⣭⡥⠤⢤⠤⢽⣿⡃
⠀⠀⠀⢀⣤⣤⣼⣿⣿⠿⠿⠿⠿⠿⢿⣦⣿⣶⣾⣶⣾⣾⣷⣀⣀
⠀⠀⠀⠰⣿⢛⣛⡛⠻⡂⠴⡀⠦
⡰⣢⠿⠖⢫⣩⣴⣬⡛⠟⠁⠉⡀⡸
⠉⠁⠒⠶⠒⣸⣤⣥⣄⣣⣬⠽⠈
⠀⠀⠀⠀⠀⠀⣾⣿⠿⠿⠛⠳⠶⢶⡶⠀⣠⠄⠠⡄
⠀⠀⣀⣀⡀⠈⢻⣧⢠⠶⠖⢦⣀⣀⢣⣤⣉⣒⡖⠚⠑⢄
⣠⠎⢀⡺⢿⠞⠛⢧⢩⣉⣻⣤⡎⠉⣫⠋⠁⠉⠈⠉⠉⣳
⠳⠔⣋⡀⠀⢀⣀⣉⠋⡟⠸⡏⣍⣉⣥⠀⠐⠶⣚⢓⡞⠁
⠀⠀⠀⠀⠉⠛⠠⠌⣭⣷⣶⣶⣶⣤⣤⡴⠶⠞⠃⠉
⠀⠀⠀⠀⠀⠀⠀⢠⣶⣿⣿⣿⣿⠿⠶⠶⣶⣶⣦⠀⢀⡠⠤⠤⣄
⠀⠀⠀⠀⠀⠀⠀⠺⢿⣅⢀⣢⣤⠴⣄⠀⠀⠙⣄⡀⡘⠲⢄⡠⠼⠖⢄
⠀⢠⠒⡈⡵⣶⣤⣤⣾⠛⠐⠿⠤⠤⠈⣛⠲⢲⡶⡯⠕⠒⡞⠓⠤⠤⠤⡟
⡔⠛⢂⡴⠊⠙⠋⠀⠀⡵⣦⡷⡶⢶⡿⢷⣬⠤⠞⠁⠀⡀⠀⣀⣀⣀⣠⠟
⠙⠫⠥⠤⣐⣂⣀⣰⡤⢤⣀⣸⠇⠘⠇⠰⠄⠤⡶⠄⠀⠘⠛⡭⢁⡴⠃
⠀⠀⠀⠀⠀⠀⠉⠒⠢⠤⠤⣿⣿⣿⣿⣶⣶⣶⣶⡶⠶⠾⠛⠃⠁
⠀⠀⠀⣸⣿⣿⣿⣿⣿⣟⣀
⠀⠛⠛⣿⣿⣿⣿⣿⣿⣿⡿⢿⣷⣦
⠀⠀⢰⣿⣿⣿⣿⠿⠟⣛⣛⠶⠍
⣠⣶⣿⣿⣿⣿⣶⣶⣾⣿⠃
⠀⠀⠀⠀⠀⣼⣿⣿⣿⣿⣿⣿⣿⣿⣿⠏
⢀⣀⣠⣤⣤⣶⣾⣿⣿⣿⣿⣿⣿⣿⣶⣶⣶⣦⣤⡄
⠀⠀⠀⠉⠙⣿⣿⣿⣿⣿⣿⣧⣻⣟⣹⣿⠿⠿⢿⣿⣿⡷
⠀⠀⠀⠀⣰⣿⣿⣿⣿⣿⣿⣿⣿⣿⠿⠿⢿⣶⣦⡙⠉
⠀⠀⠀⣰⣿⣿⣿⣿⣿⡿⠋⠁⠀⣠⣶⣶⡶⠀⠀⠁
⢠⣿⣿⣿⣿⣿⣿⣿⣿⣿⣿⣿⣿⣿⣿⡟⢁
⠀⠀⠀⠀⠀⠀⢠⣿⣿⣿⣿⣿⣿⣿⣿⣿⣿⣿⣿⡟
⠀⠀⠀⢀⣀⣀⣤⣤⣼⣿⣿⣿⣿⣿⣿⣿⣿⣶⣶⣦⣤⣤⣄⣀⡀
⠀⠉⠙⠛⠛⠿⢿⣿⣿⣿⣿⣿⣿⣿⡟⢽⣿⣿⢿⣿⣿⣿⣿⣿⣿⣶⣦⣄
⠀⠀⠀⠀⠀⠀⣼⣿⣿⣿⣿⣿⣿⣿⣿⣷⣶⣶⣿⣿⣯⣍⣉⠙⢻⡿⠟⠋
⠀⠀⠀⠀⠀⣼⣿⣿⣿⣿⣿⣿⣿⣿⡿⠿⠟⠛⣛⣛⣛⡛⠿⠿⢦
⠀⢀⣀⣀⣼⣿⣿⣿⣿⣿⣿⣿⣋⣁⣀⣀⣠⣼⣿⣿⣿⠋
⢠⣿⣿⣿⣿⣿⣿⣿⣿⣿⣿⣿⣿⣿⣿⣿⣿⣿⣿⡿⠁⡀
⠀⠀⢐⣿⣿⣦⣤⣤⣄⣀⡀
⡠⢒⣿⣿⣿⡟⠀⠉⠙⠿⢻⣷⣾⡷
⠣⣿⣄⣻⡏⣰⣷⣿⣯⣿⣾⣿⠇
⠀⠀⠈⠙⠣⠳⣿⡏⠕⠛⠛⠁
⠀⠀⠀⠀⢴⣿⣿⣷⣄⣀⣀⣀⣀
⠀⠀⢀⣠⣾⣿⣶⣿⣿⣟⠻⠿⠿⣿⣿⣶⣶⣤⣀⣀⣤⣀
⣠⠞⣡⡿⣿⣿⣿⣿⠎⠁⠀⠀⠀⠈⠛⠛⢻⣭⣿⣯⡿⠟
⢿⡠⣿⡁⠘⢿⣿⠋⢰⣾⣥⣿⣿⣯⣻⣿⣾⣿⣿⡇
⠀⠉⠛⠿⢿⣶⣿⡀⣾⢻⢿⡿⡿⢟⣽⣿⣟⡿⠛⠁
⠀⠀⠀⠀⠀⠀⠙⠣⢝⣻⣿⡫⠔⠛⠉⠉⠁
⠀⠀⠀⠀⠀⢰⣾⣿⣿⣷⣄⣀⣀⢀⣀
⠀⠀⠀⠀⢀⣼⣿⣯⣵⣿⣿⣿⠿⣿⣿⣿⣿⣷⣶⣶⣦⣄⣀⠀⠀⢀⣀
⠀⣠⠴⢚⣿⢿⣿⣿⣿⣿⣟⠿⠂⠀⠀⠀⠒⢛⣿⡿⠿⣿⢿⣿⣟⢻⣿⣿
⣾⠁⢠⣿⠋⠸⣿⣿⣿⣿⠃⣀⣤⠤⣤⣤⣤⣤⣤⣤⡀⣾⣿⣿⣿⠛⠉⠁
⠙⢦⣻⣿⣤⣄⡙⢿⣿⠁⢸⣿⣿⣿⣿⣿⣿⣧⣼⣿⣿⣿⣿⣿⡿
⠀⠀⠈⠉⠛⠻⠿⣿⣿⡄⣾⣍⣛⣿⠿⣻⠟⣩⣿⣿⣛⣩⠞⠉
⠀⠀⠀⠀⠀⠀⠀⠀⠙⠳⠬⣛⣻⣿⡫⠴⠚⠉⠉⠁
⠀⠀⠀⢾⣿⣿⡿⠿⠧⠤⢤⣤⣤⡀
⠀⣠⣤⣾⣿⣉⣤⣱⣾⣿⣛⣛⠛⠁
⠈⠉⠉⠉⠯⣿⣿⣿⣿⣿⠿⠋
⠀⠀⠀⠀⢀⣴⣿⣿⣿⣿⣿⣿⣿⣥⣤⣤⣤⣤⣤⣄⡀
⠀⠀⠀⠀⢀⣴⣿⣿⠟⣋⠀⠓⣨⣽⣿⣿⣿⣿⣿⣟⡽⠂
⠀⣰⣿⣿⣿⣿⣿⣿⣶⣶⣷⣶⣿⣿⣿⣯⣤⢤⡤
⠀⠀⠀⠀⠀⠀⠛⠾⣿⣿⣿⣿⣿⣿⣿⠿⠟⠛⠁
⠀⠀⠀⠀⠀⠀⣠⣶⣶⣶⣶⣶⣶⣶⣶⣶⣖⣀⣀⣀⣀⣀⣀⣀⣀
⠀⠀⠀⠀⠀⠀⢉⣽⣿⣿⣿⡿⠋⠁⢀⠀⠀⣀⣀⣀⣀⡀⠀⠀⠈⠙⣦
⠀⠀⢀⣀⣀⣴⣿⣿⣿⣟⣁⣀⣀⣀⣀⣰⣿⣿⣿⣿⠟⠓⠒⠒⠒⠚⠁
⠀⠴⠿⠿⠿⠿⠿⠿⣿⠿⠿⠿⠿⠿⠿⠿⠿⠿⠟⠉⠛⠛⣋⡟⠁
⠀⠀⠀⠀⠀⠀⠀⠈⠙⠲⠤⠤⠤⠤⠤⠤⠤⠤⠤⠴⠖⠋⠉
⢠⣤⣶⣶⠻⠿⣈⡉⠹⢿⡖⠂⣠⣄
⢠⣿⣣⣇⣻⣶⣞⡟⠚⣿⡟⡟⠁⠈
⠉⠉⠉⠉⠹⢿⣼⣤⣾⡿⠜
⠀⠀⣠⣤⣤⣶⡶⣾⣿⡭⠭⠉⠛⢿⣭⣭⣲⣦⣄⣀⡀
⠚⢻⣿⣿⠏⡽⢁⣋⡛⠓⣶⣶⣊⣉⣭⠥⣴⣒⣲⡤⠭⣷
⠀⣾⣿⡟⣼⠃⠚⢻⣿⣿⡟⡿⠐⠛⣿⣿⡿⢹⠇
⠼⠿⠿⠿⠿⠿⠿⣿⣿⡟⣼⠃⠀⣰⣿⣿⢡⡏
⠀⠀⠀⠀⠀⠀⠀⠻⠿⣿⣾⣿⣿⣿⣿⠵⠋
⠀⠀⠀⢀⣀⣠⣤⣤⣶⣶⣾⠟⣉⣉⠉⠭⢭⣭⣙⣓⠒⢦⣄⡀
⣠⣤⣭⣭⣭⣭⠭⣭⢩⣿⣿⣯⣁⣀⣀⣀⡴⢾⠛⠭⠛⠉⡉⠋⠙⠓⢦⡄
⠀⠀⣿⣿⣿⠏⣼⠇⠴⠤⠤⠀⠼⠿⠿⠧⠤⠴⠖⠛⠿⠭⣭⡭⠽⠛⠳⡿
⠀⣸⣿⣿⡟⢰⡏⠐⠛⢿⣿⣿⣿⠏⣽⠃⠚⠻⣿⣿⣿⡏⣹⠏
⢰⣿⣿⣿⣶⣿⣿⣿⣿⣿⣿⣿⡟⣰⡏⠀⠀⢰⣿⣿⡟⢰⡟
⠉⠉⠉⠉⠉⠉⠉⠉⠙⣿⣿⣿⣅⢿⣄⣀⣠⣿⣿⡿⢡⡿
⠀⠀⠀⠀⠀⠀⠀⠀⠀⠙⠻⠿⣿⣿⣿⣿⣿⣿⠭⠖⠋
⠘⣻⣿⡟⠃⣀⣀⣀⡀⠀⣀⣀⣀⡀
⣀⣿⣿⣇⣈⣹⣿⡏⠉⠈⠉⣿⣿⠉
⠀⠀⠀⠀⠀⠘⠿⢷⣤⣤⣴⠿⠟
⠸⠿⣿⣿⣿⡿⠿
⠀⠀⣿⣿⣿⡇⠀⢠⣤⣤⣤⣤⣤⣤⠀⣤⣤⣤⣤⣤⣤⡄
⠀⣀⣿⣿⣿⣇⣀⣀⢈⣿⣿⣿⠀⠀⠀⠀⠀⣿⣿⣿⠁
⠘⠛⠛⠛⠛⠛⠛⠛⠛⣿⣿⣿⡀⠀⠀⠀⠀⣿⣿⣿
⠀⠀⠀⠀⠀⠀⠀⠀⠀⠙⠻⠿⠿⣶⣶⣶⠿⠿⠟⠋
⠰⣿⣿⣿⣿⣿⣿⣿⣷
⠀⠀⢸⣿⣿⣿⣿⠀⠀⢀⣀⣀⣀⣀⣀⣀⣀⡀⠀⢀⣀⣀⣀⣀⣀⣀⣀⡀
⠀⠀⢸⣿⣿⣿⣿⠀⠀⠘⠛⣻⣿⣿⣿⡟⠛⠃⠀⠘⠛⢻⣿⣿⣿⡟⠛⠃
⢠⣤⣼⣿⣿⣿⣿⣤⣤⣤⣤⣿⣿⣿⣿⡇⠀⠀⠀⠀⠀⢸⣿⣿⣿⡇
⠈⠉⠉⠉⠉⠉⠉⠉⠉⠉⠉⢹⣿⣿⣿⣇⠀⠀⠀⠀⢀⣸⣿⣿⣿⡇
⠀⠀⠀⠀⠀⠀⠀⠀⠀⠀⠀⠀⠉⠛⠿⠿⠿⢿⣿⡿⠿⠿⠿⠛⠉
⠀⢀⠾⣶⣶⣶⣶⣶⣶⣶⣶⠷⡀
⣴⢱⣿⣿⣶⠯⠙⠋⠽⣶⣿⣿⡌⣦
⠘⠬⣝⡻⣿⣆⣿⣿⣰⣿⢟⣫⠵⠃
⠀⠀⠀⠉⠙⠿⣟⣻⠿⠋⠉
⠀⠀⠀⢴⣹⠦⣤⣤⣶⣶⣶⣶⣶⣶⣤⣤⠴⣏⡦
⠀⣠⠔⣫⣴⣿⣟⡛⠿⢿⣿⣿⡿⠿⢛⣻⣿⣦⣝⠢⣀
⣴⡇⣸⣿⢻⣿⣿⢿⠓⠢⠈⠁⠔⠚⡿⣿⣿⡟⣿⣇⢸⣦
⠘⢧⣉⡚⠿⢿⣿⣷⡤⢽⠿⠿⡯⢤⣾⣿⡿⠿⢓⣉⡼⠃
⠀⠀⠀⠙⠲⠦⣽⣿⣿⠿⣿⣿⢿⣿⣿⣯⠴⠖⠋
⠀⠀⠀⠀⠀⠀⠀⠘⠚⠯⣅⣨⠽⠓⠃
⠀⠀⠀⠀⣴⣻⣶⢤⣤⣤⣤⣶⣶⣶⣶⣶⣶⣤⣤⣤⡤⣶⣟⣦
⠀⠀⢀⡤⢚⣩⣶⣿⠿⠿⣿⣿⣿⣿⣿⣿⣿⣿⡿⠿⣿⣶⣍⡓⢤⡀
⢠⣾⠁⣰⣿⣿⣿⣿⣿⣗⣮⣥⡙⠛⠛⢋⣬⣵⣺⣿⣻⣿⣿⣿⣆⠉⣷⡄
⠻⣯⠠⣇⣻⣾⣿⣿⣿⣝⠀⠠⣭⣄⣠⣭⠄⠀⣫⣿⣿⣿⣷⣟⣸⠄⣽⠟
⠀⠙⠦⠶⣌⡉⠋⠻⣿⣿⣶⣉⣭⣭⣭⣭⣉⣶⣿⣿⠟⠙⢉⣡⠶⠴⠋
⠀⠀⠀⠀⠀⠉⠛⠲⠾⣿⢿⣿⠿⠿⠿⠟⣿⡿⣿⠷⠖⠛⠉
⠀⠀⠀⠀⠀⠀⠀⠀⠀⠈⠓⠻⢭⣍⣩⡭⠟⠚⠁
⠀⠀⠀⠀⣴⣾⣿⣿⣾⣦
⣠⣤⣴⣶⣿⣿⣿⣿⣿⣿⣶⣦⣤⣄
⠘⠛⢻⣿⣿⣿⣿⣿⣿⣿⠟⠛⠛⠃
⠀⠀⠀⠀⠀⠀⢀⣴⣶⣿⣿⣿⣷⣶⣆
⠀⠀⠀⠀⠀⠀⣿⣿⣿⣿⣿⣿⣿⣿⣿⣧
⢀⣤⣤⣴⣶⣾⣿⣿⣿⣿⣿⣿⣿⣿⣿⣿⣷⣶⣦⣤⣤⡀
⢻⣿⣿⣿⣿⣿⣿⣿⣿⣿⣿⣿⣿⣿⣿⣿⣿⣿⣿⣿⣿⠟
⠈⠉⠉⢉⣿⣿⣿⣿⣿⣿⣿⣿⣿⣿⣿⡿⠉⠉⠉⠉⠉
⠀⠀⠀⠀⠀⠀⠀⠀⠀⣴⣶⣶⣿⣿⣿⣿⣶⣶⣆
⠀⠀⠀⠀⠀⠀⠀⠠⣿⣿⣿⣿⣿⣿⣿⣿⣿⣿⣿⣷
⠀⠀⠀⠀⣀⣀⣠⣼⣿⣿⣿⣿⣿⣿⣿⣿⣿⣿⣿⣿⣤⣄⣀⣀
⣴⣺⣿⣿⣿⣿⣿⣿⣿⣿⣿⣿⣿⣿⣿⣿⣿⣿⣿⣿⣿⣿⣿⣿⣿⣿⣗⣦
⢹⣿⣿⣿⣿⣿⣿⣿⣿⣷⣿⣿⣿⣿⣿⣿⣿⣿⣿⣿⣿⣿⣿⣿⣿⣾⡿⠉
⠀⠀⠀⠀⠀⣿⣿⣿⣿⣻⣿⣿⣿⣿⣿⣿⣿⣿⣿⣿⠇
⠠⢤⣶⣶⣾⣿⣿⣿⣿⣿⣿⣗
⠀⠀⠀⠈⠙⠻⣿⣿⣿⣿⠿⢿⠷⠖
⠀⠀⠀⠀⠀⠀⠘⡿⠋⠉⠉⠉
⢀⣀⣤⣤⣴⣶⣶⣾⣿⣿⣿⣿⣿⣿⣿⣿⣿⣷⠆
⠀⠀⠈⠉⠙⠛⠿⢿⣿⣿⣿⣿⣿⣿⣻⣿⣿⣿⣿⣧⣤⣄
⠀⠀⠀⠀⠀⠀⠀⠀⠉⠻⣿⣿⣿⣿⣿⣿⣉⣭⣹⠙⠉
⠀⠀⠀⠀⠀⠀⠀⠀⠀⠀⠘⡿⠟⠁⠀⠉⠉⠉
⠀⠀⣀⣀⣤⣤⣤⣶⣶⣶⣾⣿⣿⣿⣿⣿⣿⣿⣿⣿⢿⣷⣶⡦
⠈⠉⠙⠛⠛⠿⠿⣿⣿⣿⣿⣿⣿⣿⣿⣿⣿⣿⢿⣿⣿⣿⣿⣖⣦⣀
⠀⠀⠀⠀⠀⠀⠀⠀⠈⠙⠻⣿⣿⣿⣾⣿⣻⣷⣿⣿⣿⣿⢿⢻⢿⣿⠿⠓
⠀⠀⠀⠀⠀⠀⠀⠀⠀⠀⠀⠀⠙⣿⣿⣿⣷⠿⠿⣿⣶⣶⣾⡶⠃
⠀⠀⠀⠀⠀⠀⠀⠀⠀⠀⠀⠀⠀⠈⣿⠟⠁
⠀⠀⣠⣶⣿⣿⣷⣶⣖⠀⠀⢀⣀⡀
⠀⣀⣽⣿⢿⣮⣿⣿⣿⣿⢿⣿⣿⠃
⠀⠉⣿⣿⣿⣿⣿⣿⣿⣿⣿⣿⡇
⠀⠀⠀⠉⠉⠻⢿⣿⠿⠋⠉⠁
⠀⠀⠀⠀⣠⣴⣶⣿⣾⣷⣶⣦⣴⡖
⠀⠠⠆⣾⣿⣿⣿⣟⠻⡿⢿⣿⣿⣷⣤⣤⣤⣶⣶⣾⣿⡇
⠀⣀⣤⣴⣿⣿⠿⣿⣷⣿⣿⣿⣿⣿⣿⡟⢿⣿⣿⣿⡏
⠀⠈⠙⣿⣿⣿⣾⣿⣿⣿⣿⣿⣿⣿⣿⣿⣿⣿⣿⡏
⠀⠀⠀⠙⠿⣿⣿⣿⣿⣿⣿⣾⣿⣿⣿⣿⡿⠿⠟⠁
⠀⠀⠀⠀⠀⠀⠀⠀⠙⠿⢿⣿⠿⠟⠁
⠀⠀⠀⠀⠀⠀⣠⣴⣶⣶⣶⣶⣶⣶⣶⣠⣦⡄
⠀⠀⢀⠠⣴⣿⣿⣿⣿⣿⣿⣿⣿⣿⣿⣿⣿⡇⠀⠀⠀⢀⣀⣀⣤⣴⣶⡄
⠀⠀⠉⠒⠺⣿⣿⣿⣿⣷⡆⣙⣋⣽⣿⣿⣿⣿⣿⣿⣿⣿⣿⣿⣿⣿⡿⠁
⠀⣀⣤⣴⣾⣿⣿⡿⢛⣿⣿⣿⣿⣿⣿⣿⣿⣿⣿⣟⠻⣿⣿⣿⣿⣟⠁
⠀⠀⠉⠻⣿⣿⣿⣷⣿⣿⣿⣿⣿⣿⣿⣿⣿⣿⣿⣿⣿⣿⣿⣿⡿⠃
⠀⠀⠀⠘⢿⣿⣿⣿⣿⣿⣿⣿⣿⣯⣹⣿⣿⣿⣿⣿⣿⣿⣿⣿⡇
⠀⠀⠀⠀⠀⠉⠛⠛⠿⠿⢿⣿⣿⣿⣿⣿⣿⣿⡿⠿⠛⠛⠉⠉
⠀⠀⠀⠀⠀⠀⠀⠀⠀⠀⠀⠙⠿⠿⠿⠿⠿⠋
⣿⢍⣩⣽⡿⠿⣦⢤⠤⢿⣿⣯⣉⣽
⡑⠩⠾⠿⠛⠰⠌⠁⠶⠙⠛⠛⠋⢈
⣿⣦⣤⣀⣀⣀⣦⣀⣄⣀⣀⣤⣴⣾
⣿⢯⣟⠙⢛⣭⣿⣯⣭⣭⣤⣄⢄⣩⣭⣯⣟⣯⡛⠫⠫⣻
⣿⢂⣵⣾⣿⣿⣿⣏⠉⠛⣿⣩⣛⡉⣙⣿⣿⣿⣿⣷⣞⢿
⡁⠋⠡⠾⠿⡷⠿⠛⢩⣧⣀⠀⣠⣿⡌⠻⠻⠿⠿⠆⠙⢨
⣿⣄⠀⠀⠀⠀⠀⠀⠀⢰⠀⠀⠀⡣⠀⠀⠀⠀⠀⠀⣀⣼
⣿⣿⣿⣶⣶⣤⣤⣤⣤⣼⣷⣤⣶⣦⣤⣤⣤⣶⣶⣿⣿⣿
⣿⡿⣫⠟⠻⠿⢍⣝⣛⣛⣯⣭⣍⣀⢄⢠⠈⢉⣩⣟⣛⣛⣛⠿⠻⡻⣛⢿
⣿⣇⠳⣃⣠⣶⣾⣿⣿⣿⠿⢿⣿⣿⡿⣼⡾⠿⢿⣿⣿⣿⣿⣶⣄⢈⣼⣾
⡿⢋⣴⡿⢿⣻⣿⠿⣿⣧⣤⣀⡨⠽⡶⠥⠤⡤⣴⣿⣿⣿⣿⣿⡿⣿⡌⢿
⡁⠋⠁⣠⡾⡿⣿⣿⠿⠝⢉⣼⣄⣀⠀⣀⣾⣷⡌⠺⠿⠿⠽⡿⠷⠈⠁⢨
⣷⡄⠀⠀⠀⠀⠀⠀⠀⠀⠈⠋⡄⠀⠈⠁⠰⡉⠁⠀⠀⠀⠀⠀⠀⠀⠀⣾
⣿⣿⣤⣀⡀⠀⠀⠀⠀⠀⠀⠀⡣⠤⠄⠄⠴⠃⠀⠀⠀⠀⠀⠀⣀⣴⣾⣿
⣿⣿⣿⣿⣿⣿⣶⣶⣴⣶⣤⣤⣿⣿⣶⣿⣿⣧⣤⣶⣶⣾⣿⣿⣿⣿⣿⣿
⢀⣤⠖⠒⠉⠉⡉⠉⠉⠓⠲⣄
⢿⣏⣥⡄⠀⠈⠡⢏⣉⣉⣀⠈⠙⣦
⠀⠉⠛⠻⠦⠾⣛⣿⣿⣿⣿⣿⡕⠏
⠀⠀⣀⣤⡤⠶⠖⠛⠛⠛⠛⠛⠛⠛⠲⠶⢤⣀
⣠⣾⣟⣃⡀⠀⠀⠐⢒⢢⠤⢤⣤⣤⣤⣔⠒⠛⣧⢤⡀
⢿⣿⡋⣠⣴⡖⠀⠀⠀⠁⠴⠮⣁⡀⠈⠚⠀⠀⠀⠑⣾⣦
⠀⠙⠿⣿⣿⣧⡀⠐⣒⣶⣶⣶⣾⣿⣷⣾⣿⣶⡶⢦⣸⡿
⠀⠀⠀⠀⠉⠙⠛⠻⠶⠭⣭⣿⣿⣿⣿⣿⣿⣿⣿⣦⠙⠁
⠀⠀⠀⢀⣀⣤⣴⠶⠶⠞⠛⠛⠛⠛⠛⠛⠛⠳⠶⠶⣤⣄⡀
⢀⣴⣾⡿⠯⠀⠀⠀⠀⠠⠤⠤⣀⣀⣀⣀⣀⣀⣀⣀⠤⠬⠿⢆⣀
⣾⣿⣿⠟⠛⢉⣀⡀⠀⠀⠈⠢⠍⣉⡭⠟⠛⠋⠙⣛⠄⠀⠈⠙⠪⣝⢦⡀
⠙⢿⣷⣠⣾⣿⣿⠁⠀⠀⠀⠀⣈⣉⣙⣒⣢⣄⣀⣀⣀⣀⡀⠀⠀⠘⣿⣿
⠀⠀⠙⠻⢿⣿⣿⣧⣄⢉⡭⣽⣿⣿⣿⣿⣿⣿⣿⣿⣿⣿⣿⣟⠛⣦⣿⡟
⠀⠀⠀⠀⠀⠀⠉⠉⠛⠛⠳⠶⠤⠭⣿⣿⣿⣿⣿⣿⣿⣿⣿⣿⣷⠬⠋
⣿⣿⡇⠀⠀⢸⣿⣿⣿⣿⣿⢸⣿⣿
⠿⠿⠷⠾⢿⣾⣿⣿⠿⢿⣿⠾⠿⠟
⠀⠀⠠⠤⢾⣿⠟⣳⣿⠩⠉
⠀⠀⠀⠀⠀⠉⢿⠋
⣿⣿⣿⣿⠀⠀⠀⠀⠀⣿⣿⣿⡇⣿⣿⣿⣿⠀⣿⣿⣿⣿
⣿⣿⣿⣿⠀⣀⣀⣀⡀⣿⣿⣿⡇⣿⣿⣿⣿⠀⣿⣿⣿⣿
⠿⠿⠿⠿⠿⠿⠝⣿⣷⣻⣿⣿⠧⠿⠿⣟⣛⡛⠻⠟⠛⠋
⠀⠀⠀⠀⣀⣀⣬⣭⣽⣿⠿⢶⣶⣶⠒⢂⠉
⠀⠀⠀⠀⠀⠀⠉⠛⠿⣧⣲⣶⠟⠛⠉⠉
⠀⠀⠀⠀⠀⠀⠀⠀⠀⠙⣿⠁
⣿⣿⣿⡯⣿⠀⠀⠀⠀⠀⠀⣿⢹⣿⣿⣿⢸⣯⣿⣿⣿⡇⠀⣿⢹⣿⣿⣿
⣿⣿⣿⡇⣿⠀⠀⠀⠀⠀⠀⣿⢸⣿⣿⣿⢸⣿⣿⣿⣿⡇⠀⣿⢸⣿⣿⣿
⣿⣿⣿⣗⣿⣤⣴⣶⣶⡖⡆⢹⢸⣿⣿⣿⢸⡿⣿⣿⣿⣧⣤⣿⣸⣿⣿⣿
⠛⠛⠛⠛⠛⠛⠛⠓⢘⣿⣿⣏⣾⣿⣿⠾⠶⠷⠲⣟⣛⣛⡛⠩⠟⠙⠋⠁
⠀⠀⠀⠀⠀⠀⠀⢀⣘⣉⣹⣿⣿⣯⣶⣶⣶⡶⠖⠒⠚⠉
⠀⠀⠀⠀⠒⠉⠉⠙⠿⣿⣿⣿⠋⡨⣭⣽⣿⡿⠖⠒⠂
⠀⠀⠀⠀⠀⠀⠀⠀⠀⠀⠉⢹⣿⣾⡿⠋
⠀⠀⠀⠀⠀⠀⠀⠀⠀⠀⠀⠀⠹⡿
⠰⣶⣤⣤⣀⣀⣠⢤⣄⣀⣤⣤⣶⠆
⠀⣽⠿⢿⠿⢿⠿⠿⠿⠿⣿⢿⡯
⠀⠓⠚⠚⠛⠛⢿⡷⠚⠓⠛⠚
⠐⢦⣤⣤⣀⣀⣀⡀⠀⠀⣀⣀⣀⡀⢀⣀⣀⣀⣤⣤⡴⠂
⠀⠈⢿⣿⣿⣿⣿⣿⣿⣿⣿⣾⣿⣿⣿⣿⣿⣿⣿⡿⠁
⠀⢈⡟⠭⣹⠹⣹⢉⢋⢟⡉⡏⣋⢋⡍⡙⣽⠉⢹⠟⠁
⠀⠈⠉⠉⠉⠉⠉⠉⠛⠛⠿⠿⠛⠛⠉⠉⠉⠉⠉
⠀⢤⣄⣤⣀⣀⠀⠀⠀⠀⠀⠀⠀⠀⠀⠀⠀⠀⠀⠀⠀⠀⣀⣀⣤⣠⡤
⠀⠐⢻⣿⣿⣿⣿⣿⣿⣿⣶⣴⣶⣏⣭⣿⣿⣷⣿⣿⣿⣿⣿⣿⣿⡟⠂
⠀⠀⣬⡽⠿⢿⡿⣿⢿⡿⣿⢿⡿⠿⡿⣿⢿⡿⣿⢿⠿⣿⠿⠿⣯⡥
⠀⠀⣼⣃⣚⣸⣁⣃⣼⣰⣅⣞⣤⣄⣇⣠⣄⣴⣇⣤⣸⣓⣊⣸⠃
⠀⠀⠀⠀⠀⠀⠀⠀⠀⠀⠉⠉⠛⠾⠿⠛⠉⠉
⠀⣿⢉⣹⡏⡙⡏⠟⣟⢹⢙⢛⡟⠂
⣏⣿⣟⣉⣻⣉⣏⣏⣏⣉⣿⣉⣿⡁
⠀⢐⣲⠒⠀⢒⡶⠒⠒⣶⠒⣀⢲⡖⠒⡖⠒⠖⢺⣿⠷
⣠⠤⠾⢤⡷⠤⢧⣴⡦⣼⠦⡤⢴⡧⢴⠧⣴⠦⠼⢧⡤
⢿⣀⣛⣻⣁⣀⣈⣟⣀⣽⣀⣃⣸⣀⣤⣀⣿⣂⣀⣹⣄
⠀⠐⠲⣖⠒⢒⠒⢶⣶⠒⠒⢶⣖⠒⢒⠒⣶⡖⠲⣶⠒⠲⡖⢲⣿⣷⡆
⠀⠀⢙⣿⠀⣠⡀⢻⡇⢀⣃⠈⣷⡀⠛⠀⣹⡇⢀⣿⠀⣠⡀⢸⡟⠉
⣴⠋⢉⣉⣹⡟⠋⠉⢽⣿⡟⠉⡟⠉⡟⠉⣿⠉⠻⠋⢹⡟⠉⠉⣹⡟⠉
⠿⣄⣘⣉⣹⣁⣨⣄⣘⣟⣁⣰⣧⣀⣃⣠⣿⣀⣦⣀⣸⣏⣐⣀⣘⣧⣀
⠛⠛⣿⣿⢻⣿⢻⣿⣟⠛
⠀⠈⣻⢿⣼⣿⡸⣿⣥⣤⣤⣤
⠀⠀⠛⠛⠛⠻⠿⠛⠿⢿⡿⠷⣶⡀
⠿⠿⠟⣛⣛⣛⢻⣿⣿⡟⣛⣛⣛⡻⠿⠿
⠀⠀⢀⣿⣿⣿⢸⣿⣿⡇⣿⣿⣿⡗
⠀⠀⠀⢹⡿⢿⣸⣿⣿⣇⡿⢿⣯⣤⣤⣤⣤⣤⡄
⠀⠀⠀⢺⣧⣬⣭⣭⣭⣭⣥⣼⣿⣿⣿⣿⣿⣟⢃⣀⣄
⠀⠀⠀⠉⠀⠀⠀⠈⠉⠛⠛⠉⠛⠻⠿⢿⡿⠟⠿⢿⣥⡄
⣿⣿⣿⡿⠿⠿⠿⠿⣿⣿⣿⣿⡿⠿⠿⠿⠿⣿⣿⣿⡇
⠉⠉⠁⢰⣿⣿⣿⡇⢸⣿⣿⣿⢰⣿⣿⣿⣷⡌⠉⠉⠁
⠀⠀⠀⢸⣿⣿⣿⡇⢸⣿⣿⣿⢸⣿⣿⣿⣿⠃
⠀⠀⠀⠀⠹⣿⠿⠇⢸⣿⣿⣿⠸⠿⢿⣿⣥⣤⣤⣤⣤⣤⣤⡄
⠀⠀⠀⠀⣼⣿⠘⠿⠿⠿⠿⠿⠿⠇⢸⣿⣿⣿⣿⣿⣿⣿⣿⡇
⠀⠀⠀⠀⣼⠿⠟⠛⠻⠿⣿⣿⣿⣿⢿⣿⣿⣿⣿⣿⣿⣿⣧⣴⣶⡿⠇
⠀⠀⠀⠀⠀⠀⠀⠀⠀⠀⠀⠈⠉⠙⠁⠈⠙⠛⠛⠿⡿⠛⠛⠛⠿⣷⣶⠤
⠀⠀⣰⣿⣶⣤⣄⣀
⢀⣴⣾⣿⣿⣿⣿⡿⢿⣿⣷⣶⣄
⠙⢿⣿⣿⣿⣿⣿⣿⣟⠩⣷⣶⣦⡽
⠀⠀⠀⠉⠙⠛⠻⠿⣿⠉⠉⠉
⠀⠀⠀⠀⣸⣷⣦⣤⣀⡀
⠀⠀⠀⢸⣿⣿⣿⣿⣿⣿⣿⣶⣶⣤⣤⣄⣀⣀
⠀⣰⣾⣿⣿⣿⣿⣿⣿⣿⣿⣿⠛⣿⡿⣿⣿⡿⢿⣄⣀
⠈⣿⣿⣿⣿⣿⣿⣿⣿⣿⣿⣿⣿⡖⠛⢋⡤⡤⣤⣄⡈⣷
⠀⠈⠙⠛⠿⠿⣿⣿⣿⣿⣿⣿⣿⣷⠤⠬⠽⠿⠿⠛⠛⠋
⠀⠀⠀⠀⠀⠀⠀⠈⠉⠙⠛⠻⠿⣯
⠀⠀⠀⠀⠀⢠⣿⣶⣤⣀⡀
⠀⠀⠀⠀⢰⣾⣿⣿⣿⣿⣿⣷⣶⣤⣤⣀⣀
⠀⠀⠀⣀⣼⣿⣿⣿⣿⣿⣿⣿⣿⣿⣿⣿⣿⣿⣿⣷⣶⣶⣤⣄
⠀⣰⣿⣿⣿⣿⣿⣿⣿⣿⣿⣿⣿⣿⣿⡟⢩⣿⡿⣿⣿⡿⠿⠿⢧⣄⡀
⠚⢻⣿⣿⣿⣿⣿⣿⣿⣿⣿⣿⣿⣿⣿⣿⣷⡶⠞⠛⣁⣠⣤⣄⣀⠀⠹⣷
⠀⠈⠻⢿⣿⣿⣿⣿⣿⣿⣿⣿⣿⣿⣿⣿⣿⣀⠀⠘⠿⢼⣸⣧⣿⣿⣶⠟
⠀⠀⠀⠀⠀⠉⠙⠛⠻⠿⣿⣿⣿⣿⣿⣿⣿⡿⠛⠛⠛⠛⠉⠉⠁
⠀⠀⠀⠀⠀⠀⠀⠀⠀⠀⠀⠀⠉⠙⠛⠻⠿⣧
⠑⢶⡤⢤⣤⣶⣿⣿⣶⣤⠤⢤⡴⠊
⠀⠀⠈⠻⣾⠿⢷⡿⠿⣾⠟⠁
⠀⠀⠀⠀⠙⢦⣈⣁⠴⠋
⠑⣦⣤⣀⣀⡀⠀⣀⣴⣶⣿⣿⣶⣤⡀⠀⠀⣀⣀⣠⣤⠆
⠀⠈⠙⠦⣌⣩⡿⣿⢿⣿⠿⣿⡿⣿⡿⣿⣉⣩⠴⠚⠁
⠀⠀⠀⠀⠀⠿⣿⡮⠾⠿⣶⡷⠿⠷⣾⣿⠿
⠀⠀⠀⠀⠀⠀⢻⣧⠀⠀⠛⠓⠀⢀⣿⠏
⠀⠀⠀⠀⠀⠀⠀⠙⠳⢤⣄⣠⠴⠛⠁
⠑⣦⣤⣀⡀⠀⠀⠀⠀⢀⣠⣴⣶⣿⣿⣶⣤⣄⠀⠀⠀⠀⠀⢀⣀⣠⣤⠆
⠀⠈⠛⢯⣍⡉⠛⣻⣿⣿⣿⣿⣿⣿⣿⣿⣿⣿⣿⣶⡛⠛⠋⣉⡽⠟⠁
⠀⠀⠀⠀⠈⠉⢻⣿⣠⡛⣍⣾⣇⡅⣝⣾⣽⣟⣀⣿⣿⡞⠋⠁
⠀⠀⠀⠀⠀⠀⠉⢹⣿⡟⠉⠉⢙⣿⣿⠉⠉⠉⣿⣿⠋⠁
⠀⠀⠀⠀⠀⠀⠀⠀⠻⣷⡄⠀⠈⠉⠉⠁⠀⣰⡿⠋
⠀⠀⠀⠀⠀⠀⠀⠀⠀⠈⠛⠷⢤⣄⣤⠴⠛⠉
⠀⠀⠀⢀⣠⣤⣾⣷⣤⣄⡀
⣰⣿⣯⣿⣿⣾⣾⣶⣾⣾⣿⣯⣿⣆
⠀⠀⠀⠀⠘⠻⢿⡿⠟⠃
⠀⠀⠀⠀⠀⠀⠀⢀⣀⣀⣾⣷⣀⣀
⠀⢀⣀⣠⢤⢤⢤⣾⠗⡟⢿⠻⠟⣿⠳⡤⢤⢤⣄⣀⡀
⢀⣿⣱⣿⣴⣿⢾⣿⢶⣷⣿⣞⣷⣾⣶⣿⢶⣼⣮⣏⣻⡀
⠈⠉⠙⠛⠒⠒⠛⢹⣿⣿⣿⣿⢭⣻⡍⠛⠒⠒⠛⠋⠉⠁
⠀⠀⠀⠀⠀⠀⠀⠀⠉⠛⢿⡾⠛⠉
⠀⠀⠀⠀⠀⠀⠀⠀⠀⠀⠀⠀⢰⣾⣷⡆
⠀⠀⠀⠀⠀⢀⣀⣀⣀⣼⣯⣽⢿⣿⢿⣿⣿⣿⣦⣀⣀⣀⡀
⠀⢰⡶⣻⣿⠍⣷⣏⣾⣷⣇⣺⣡⣿⣰⣵⣀⣿⣀⣿⣨⣟⢹⡩⣟⢶⡆
⠰⣿⣷⣶⡿⠛⠟⢛⣽⠿⣽⣿⣧⣿⣯⢿⣼⣿⠽⣿⡟⠻⠟⢿⣾⣶⣿⠆
⠀⠀⠀⠈⠉⠉⠉⠉⠉⠰⣿⣿⣿⣿⡿⣾⣫⣿⠆⠉⠉⠉⠉⠉⠁
⠀⠀⠀⠀⠀⠀⠀⠀⠀⠀⠀⠉⠻⢿⡿⠛⠉
⠀⠈⠋⠑⠒⠊⠛⠘⠂⠉⠙⠉⠁
⠀⡀⠀⣶⣾⣿⣿⣿⣿⣶⣶⠀⢀
⠀⠣⡰⢿⣿⣿⣿⣿⣿⣿⡿⢆⠜
⠀⠈⠛⠷⠿⣿⣷⣚⣿⠿⠾⠛⠁
⠀⠈⠉⠿⠑⠲⠤⠴⠒⠛⠿⠀⠿⠀⠉⠉⠹⠏⠉⠉
⠀⠀⠀⠀⠀⠀⢀⣀⣤⣤⣤⣤⣤⣤⣀⡀
⠀⢀⠂⠀⠐⣿⣿⣾⣿⣿⣿⣿⣿⣿⣿⣿⣿⠂⠀⠐⡀
⠀⠘⣆⠰⣄⣿⣿⣿⣿⣿⣿⣿⣿⣿⣿⣿⣿⣡⠆⣰⠃
⠀⠐⢬⣳⢮⣙⡻⢿⣿⣿⣓⣚⣿⣿⣿⢟⣋⡵⣚⡥⠂
⠀⠀⠀⠈⠙⠛⠿⠿⣿⣛⣛⣛⣻⣷⠿⠿⠛⠋⠁
⠀⠀⠉⢹⣿⠓⠶⢤⣄⣤⠴⠖⢻⣿⠀⣿⡇⠈⠉⠉⠉⣿⡏⠉⠉⠉

⠀⠀⠀⠀⠀⠀⣀⣤⡤⢶⣺⣿⣿⣿⣿⣿⣿⣷⣶⡤⣤⣄
⠀⠀⡼⠀⠀⠀⢹⣿⣿⣿⣿⣿⣿⣿⣿⣿⣿⣿⣿⣿⣿⣟⠁⠀⠀⢧
⠀⠀⢷⡀⠢⡀⢿⣿⣿⣿⣿⣿⣿⣿⣿⣿⣿⣿⣿⣿⣿⡿⢀⠔⢀⡾
⠀⢤⡈⠳⣤⡙⠻⣿⣿⣿⣿⣿⣿⣯⣭⣿⣿⣿⣿⣿⣿⠟⢋⣤⠞⢁⡤
⠀⠀⠈⠳⢮⣝⣷⣦⣭⣛⡿⠿⢯⣥⣤⡽⠿⢿⣛⣩⣴⣾⣫⡵⠞⠁
⠀⠀⠀⠀⠀⠈⠉⠛⠻⠿⠯⣭⣍⣉⣉⣩⣭⠿⠿⠟⠛⠉⠁
⢈⣹⣿⣿⣏⣹⣿⣿⣏⡁⢀⣠⣴⠿
⢿⣯⣴⡾⠛⠛⢷⣦⣽⡿⢿⣯⣴⡾
⢿⣯⡙⢻⣶⣶⡟⢋⣽⡿⢿⣯⡙⠻
⠀⠹⠿⢿⣧⣽⡿⠿⣧⣄⡀⠉⠛⠃
⠀⠀⠀⠙⠋⠙⠻⢶⡤⠙⠋
⠈⠙⣻⣿⣷⣿⣿⠛⢻⣿⣷⣾⣿⡟⠋⠀⠀⠀⣀⣤⣶⡿
⣶⣿⠿⠛⢉⣹⣿⣿⣿⣿⣉⡉⠛⢿⣷⣶⣶⣿⠟⠋⣁⣤
⢛⣿⣿⣾⣿⣟⠉⠀⠈⢙⣻⣿⣷⣿⣿⡛⣻⣿⣿⣿⣿⡛
⣿⣿⣍⡉⠛⢿⣿⣶⣾⣿⠟⠋⣉⣽⣿⣿⣿⣿⣍⡉⠛⠿
⠀⠉⣻⣿⣿⣿⣿⣋⣻⣿⣿⣿⣿⣛⠉⠀⠈⠙⠻⢿⡷⠂
⠀⠀⠉⠋⢁⣽⣿⣿⣿⣿⣭⣉⠛⠿⣿⣶⣤⡀
⠀⠀⠀⠀⠀⠈⠁⠀⠀⠉⠛⠿⣿⠶⠀⠉⠁
⠈⠙⠻⣿⣿⣷⣾⣿⡿⠟⠻⢿⣿⣷⣾⣿⣿⠟⠋⠁⠀⠀⠀⢀⣠⣴⣾⣿
⣠⣴⣾⣿⡿⠟⠻⣿⣿⣷⣾⣿⡿⠟⠻⢿⣿⣷⣦⣄⣠⣴⣾⣿⡿⠟⠋⢁
⣿⣿⣯⣁⣠⣴⣾⣿⡿⠟⠻⢿⣿⣷⣦⣄⣨⣽⣿⣿⣿⣿⣿⣅⣠⣴⣾⣿
⣨⣿⣿⣿⣿⣿⣯⣁⠀⠀⠀⢀⣨⣿⣿⣿⣿⣿⣯⣅⣨⣽⣿⣿⣿⣿⣿⣅
⣿⣿⣯⣅⡈⠙⠿⣿⣿⣶⣾⣿⡿⠟⠋⢁⣨⣿⣿⣿⣿⣿⣯⣅⡈⠙⠻⢿
⠈⠙⠻⣿⣿⣷⣾⣿⣿⠟⠻⣿⣿⣶⣾⣿⡿⠟⠋⠁⠈⠙⠻⢿⣿⣷⣦
⠀⠀⠚⢿⡿⠟⠻⣿⣿⣷⣾⣿⡿⠟⠻⣿⣿⣶⣤⣀⠀⠀⠀⠀⠈⠙⠁
⠀⠀⠀⠀⠀⠐⠾⣿⡿⠟⠻⢿⣿⣷⣦⣄⡉⠛⠿⣿⣿⠶
⠀⠀⠀⠀⠀⠀⠀⠀⠀⠀⠀⠀⠈⠙⠻⢿⡿⠖
⠀⠀⢀⣠⣄⣠⣤⣤⣠⣀⣤⣀
⠀⠀⠈⠛⢿⣿⣿⣿⣿⣿⠛⠁
⠀⠀⠀⠀⠈⠛⢿⣿⠟⠁
⠀⠀⠄⠀⠀⣄⣀⡀⣐⣀⣈⣀⣈⣀⡂⣐⣀⠉⠀⠀⠐⠈
⠀⠀⠈⠀⠺⣿⣿⣿⣿⣿⣿⣿⣿⣿⣿⣿⣿⡽⠃⠀⠀⠈
⠀⠀⠀⠀⠀⠀⠘⢿⣿⣿⣻⣿⣟⣿⣿⡿
⠀⠀⠀⠀⠀⠀⠀⠀⠉⠻⣟⣿⣻⠛⠁
⠈⡄⢀⠈⠀⡰⢁⡀⠀⠁⠈⡤⠁⠈⠄⠈⠁⠀⡌⠪⠄⡄⠁⠀⠀⠐⠦⠸
⡀⠃⠈⣡⠈⣀⣬⣶⣾⣥⣴⣶⣶⣿⣷⣷⣾⣾⣦⣴⣶⣶⢤⡄⠈⠀⠐⢰
⠀⠀⠀⠀⠀⠹⢯⣿⣿⣿⣟⣿⣿⣿⣿⣿⣿⣿⣿⣿⣿⡿⠞⠁
⠀⠀⠀⠀⠀⠀⠀⠀⢹⣿⣿⣿⡿⢿⣿⡿⢿⣿⣿⣿⠇
⠀⠀⠀⠀⠀⠀⠀⠀⠀⠙⢿⣿⣷⣿⣿⣿⣾⣿⠿⠋
⠀⠀⠀⠀⠀⠀⠀⠀⠀⠀⠀⠈⠻⣽⣿⣯⠟⠁
⠀⠀⠀⠀⢿⣿⣿⣿⣿⡿
⠀⠀⠀⢀⣬⣿⣿⣿⣿⣧⡀
⣴⠋⠉⠛⢯⣉⢸⡇⣉⡽⠛⠉⠙⣦
⠘⡆⠀⢶⣄⡈⠛⠛⢁⣠⣴⠀⢰⡇
⠀⣧⠀⠸⣿⣿⡲⢖⣿⣿⠇⠀⣼⠁
⠀⢯⡓⠋⠉⢹⣿⣿⡏⠉⠙⢚⣽
⠀⠀⠉⠓⠲⢼⡏⢹⡧⠶⠚⠉
⠀⠀⠀⠀⠀⠀⢶⣾⣿⣿⣿⣿⣿⣿⣿⡶
⠀⠀⠀⠀⠀⠀⠈⢿⣿⣿⣿⣿⣿⣿⡿⠁
⠀⠀⠀⠀⠀⢠⣶⣾⣿⣿⣿⣿⣿⣿⣷⣲⡆
⣠⠞⠉⠉⠉⠛⢯⣄⠀⠀⢸⡇⠀⠀⣠⡽⠟⠉⠉⠉⠳⣄
⠈⣷⠀⠀⠀⣀⠀⠈⠙⠶⣜⣣⠶⠛⠁⠀⣀⠀⠀⠀⣼⠃
⠀⢸⡆⠀⠀⣿⣿⣦⣄⡀⠀⠀⢀⣠⣴⣿⣿⠀⠀⢀⣿
⠀⢸⣧⠀⠀⠘⣿⣿⣿⡟⠓⠚⢻⣿⣿⣿⠃⠀⠀⣼⣿
⠀⢸⡏⠳⠴⠞⠋⠙⠻⣿⣷⣾⣿⠟⠋⠙⠳⠦⠞⢹⡏
⠀⠈⠻⢦⣄⣀⠀⠀⠀⣿⠿⠿⣿⠀⠀⠀⢀⣠⡴⠞⠁
⠀⠀⠀⠀⠀⠉⠙⠒⠦⢿⠀⠀⡿⠴⠒⠋⠉
⠀⠀⠀⠀⠀⠀⠀⠰⣶⣶⣻⣿⣿⣿⣿⣿⣿⣟⣶⣶⠆
⠀⠀⠀⠀⠀⠀⠀⠀⠹⣿⣿⣿⣿⣿⣿⣿⣿⣿⣿⠏
⠀⠀⠀⠀⠀⠀⠀⠀⠀⢹⣿⣿⣿⣿⣿⣿⣿⣿⡏
⠀⠀⢀⣀⣀⣀⢀⣿⣯⣭⡭⠽⠿⢿⡿⠿⠿⢭⣭⣽⣿⡀⢀⣀⣀⡀
⢀⡴⠟⠉⠉⠉⠙⠷⣤⡀⠀⠀⠀⢸⡇⠀⠀⠀⢀⣤⠾⠛⠉⠉⠉⠙⢦⡀
⠙⣷⡀⠀⠀⠀⠀⠀⠈⠙⠳⣦⣀⠸⡇⣀⣴⠞⠋⠁⠀⠀⠀⠀⠀⢀⣾⠋
⠀⢸⣧⠀⠀⠀⢸⣦⣄⡀⠀⠀⠉⠻⠟⠋⠀⠀⢀⣠⣴⡇⠀⠀⠀⣸⡇
⠀⢸⣿⠀⠀⠀⠸⣿⣿⣿⣷⣤⣀⠀⠀⣀⣤⣶⣿⣿⣿⡇⠀⠀⠀⣿⡇
⠀⢸⣿⣆⠀⠀⠀⠻⣿⣿⣿⣿⠉⠛⠛⠋⣿⣿⣿⣿⠟⠀⠀⠀⣰⣿⡇
⠀⠸⣿⠹⣧⣄⣤⠾⠋⠛⠿⣿⣷⣦⣴⣾⣿⡿⠛⠙⠳⣦⣀⣴⠟⣿⡇
⠀⠀⢿⣆⠀⠀⠀⠀⠀⠀⠀⢸⣿⣿⣿⣿⡇⠀⠀⠀⠀⠀⠀⠀⣠⡿⠁
⠀⠀⠀⠉⠛⠶⢤⣄⣀⠀⠀⢸⣿⠛⠛⣿⡇⠀⠀⣀⣠⡤⠶⠛⠉
⠀⠀⠀⠀⠀⠀⠀⠀⠉⠛⠳⠾⣿⠀⠀⣿⠷⠞⠛⠉⠁
⠀⠀⠀⠀⠀⢠⣶⣶⣿⣿⣿⣷⡄
⠀⣤⣶⣶⣿⣿⣿⣿⣿⣭⣭⣏
⠈⠉⠙⠛⠛⠿⠿⠿⣿⣿⣿⣿⠷⠂
⠀⠀⠀⠀⠀⠀⠀⠀⠀⣠⣴⣶⣶⣿⣿⣿⣿⣿⣶⡀
⠀⠀⠀⣠⡤⣤⣤⣤⣺⣿⣿⣿⣿⣿⠛⠻⠟⢻⡛⠁
⢀⣒⣻⣷⣶⣿⣿⣿⣿⣿⣿⣿⣿⣿⣷⣿⣿⣿⣥⣀
⠀⠀⠀⠉⠉⠉⠙⠛⠛⠻⠿⠿⠿⣿⣟⣭⣶⡿⠿⠿⠏⠁
⠀⠀⠀⠀⠀⠀⠀⠀⠀⠀⠀⢀⣤⣤⣤⣶⣾⣿⣿⣿⣿⣿⣷⣦⡀
⠀⠀⠀⠀⠀⠀⠀⠀⣀⣀⣀⣿⣿⣿⣿⣿⣿⣿⣿⣿⣿⡿⣿⡿⠗
⠀⢀⣠⣴⣟⣋⣭⣿⣿⣿⣶⣿⣿⣿⣿⣿⣿⣷⣄⣠⣴⣤⣽⠆
⠠⠤⠶⢾⣿⣿⣿⣿⣿⣿⣿⣿⣿⣿⣿⣿⣿⣿⣿⣿⣿⢿⣻⣷⣦⣄⣀
⠀⠀⠀⠀⠀⠀⠀⠉⠉⠉⠙⠛⠛⠻⠿⠿⠿⣿⣯⣥⣶⡿⠿⠿⠿⠿⠍⠁
⢰⣶⣤⣤⣤⣤⣤⣤⣤⣤⣤⣶⣶⠃
⠀⠹⣿⣿⠛⠻⣿⠛⠛⠿⠟⠻⡉
⠀⠀⠀⠑⠒⠤⢀⣁⣀⣒⣂⡾⠉
⢠⣤⣤⣄⣀⣀⣀⣀⣀⣀⣀⣀⣀⣀⣀⣀⣀⣤⣤⢴⡶⠂
⠀⢳⣻⣿⣿⣿⣿⣿⣶⣶⣾⣿⣿⣿⣿⣿⣿⣿⣿⣿⠄
⠀⠀⠳⣽⣿⣿⡟⠛⠿⣿⡿⠿⠿⠿⠿⣿⠿⠋⢿⡁
⠀⠀⠀⠈⠻⢭⣁⠀⠀⠈⠙⠦⠀⠀⢀⣀⡀⠠⡤⠿⠄
⠀⠀⠀⠀⠀⠀⠈⠉⠓⠦⠤⠤⠤⠤⣤⣅⣀⡤⠇
⢀⣀⣀⣀⡀⠀⠀⠀⠀⠀⠀⠀⠀⠀⠀⠀⠀⠀⠀⠀⠀⠀⣀⣀⣤⢴⣶⠂
⠈⢿⣺⣿⣿⣿⣿⣿⣶⣾⣭⣍⣉⣹⣿⣿⣿⣶⣶⣿⣿⣿⣿⣿⢱⡏
⠀⠘⣷⣻⣿⣿⣿⣿⣿⣿⣿⣿⣿⣿⣿⣿⣿⣿⣿⣿⣿⣿⣿⡿⣣⠟⠁
⠀⠀⠈⢷⣹⣿⣿⣿⠟⠻⠿⣿⣿⡿⠿⠿⠿⠿⢿⣿⣿⠟⠉⢾⡁
⠀⠀⠀⠀⠙⢿⣛⠛⠃⠀⠀⠀⠙⢷⣄⠀⠀⠀⠀⠀⠁⠀⢀⣈⣻⣄
⠀⠀⠀⠀⠀⠀⠉⠓⠦⣄⣀⠀⠀⠀⠉⠁⠀⠤⠰⠶⠶⠀⢸⣏⠉⠉
⠀⠀⠀⠀⠀⠀⠀⠀⠀⠀⠉⠙⠒⠦⠴⠶⠦⠤⠤⠤⣤⡤⠼⠏
⠀⢠⣿⣶⣄⣀⣀⣀⣀⣠⣶⣿⡄
⢠⠤⢣⣟⣿⣿⣿⣿⣿⣿⣿⡜⠤⡄
⠹⣦⣀⣙⡛⢿⣿⣿⡿⢛⣋⣀⣴⠏
⠀⠀⠀⠀⠉⢯⣿⣿⡽⠉
⠀⠀⢠⣾⣷⣦⣄⣀⠀⠀⠀⠀⠀⠀⣀⣠⣴⣾⣷⡀
⠀⢀⣈⡷⣙⣿⣿⣿⣿⣿⣿⣿⣿⣿⣿⣿⣿⡋⢾⣁⡀
⠬⣟⠀⠀⠛⣿⣿⣿⣿⣿⣿⣿⣿⣿⣿⣿⣿⠛⠀⠀⡻⠄
⠀⠻⠶⠤⠤⠤⣭⣍⠹⣿⣿⣿⣿⠏⣩⣭⠤⠤⠤⠶⠟
⠀⠀⠀⠀⠀⠀⠀⠈⠳⣽⣿⣿⣯⠞⠁
⠀⠀⠀⢀⣾⣷⣦⣄⠀⠀⠀⠀⠀⠀⠀⠀⠀⠀⠀⠀⣠⣴⣾⣧⡀
⠀⠀⠀⢸⡏⢿⣿⣿⣿⣶⣶⣶⣶⣶⣶⣶⣶⣶⣶⣿⣿⣿⡿⣹⠇
⠀⣀⣤⠤⠟⣠⣿⣟⣿⣿⣿⣿⣿⣿⣿⣿⣿⣿⣿⣿⣿⣷⣌⠻⠤⣤⣀
⠤⣾⡃⠀⠀⠙⢻⣿⣿⣿⣿⣿⣿⣿⣿⣿⣿⣿⣿⣿⣿⡟⠋⠀⠀⢘⣷⠤
⠀⠾⢧⡤⠀⠀⠈⠙⡛⠛⠛⣿⣿⣿⣿⣿⣿⠛⠛⣛⠋⠁⠀⠀⢤⡼⠶
⠀⠀⠉⠉⠉⠉⠉⠓⠚⠿⣆⠻⣿⣿⣿⣿⠏⣰⠿⠓⠛⠉⠉⠉⠉⠉
⠀⠀⠀⠀⠀⠀⠀⠀⠀⠀⠘⠶⣿⣿⣿⣿⠾⠃
⠀⠀⠀⠀⢀⣴⠀⢰⡄
⣤⣤⣴⣿⢿⣿⣀⣸⡇⣿⡇⠀⢠⣄
⠉⡱⢀⣽⣦⣭⡭⠿⣇⢿⡷⠒⠋⠉
⠈⠓⠾⠭⠕⠻⠉⠹⠋⠛⠃
⠀⠀⠀⠀⠀⠀⠀⢀⣴⡆⠀⢸⣦⡄
⠀⢀⣀⣀⣤⣶⡇⢸⣿⡇⠀⢸⣿⡇⢸⣶⡄
⠿⢿⡟⠛⠛⢿⡇⠸⢟⠓⠶⢾⣿⡇⢸⣿⡇⢀⣀⣬⡿⠷
⠀⣠⠎⠀⣤⣾⣾⠛⣶⣶⣗⣙⣛⣧⣘⣻⡛⠉⠁
⠀⠉⠉⠒⠶⠤⠔⠋⠙⠃⠀⠸⠋⠉⠉⠋⠁
⠀⠀⠀⠀⠀⠀⠀⠀⠀⠀⣠⣴⠀⠀⢸⣦⣀
⠀⠀⠀⠀⠀⠀⢀⣠⡄⢸⣿⣿⠀⠀⢸⣿⣿⡇⢠⣄⡀
⣀⣠⣤⣤⣤⣿⣿⣿⡇⢸⣿⣿⠀⠀⢸⣿⣿⡇⢸⣿⣿⠀⠀⠀⠀⣀⡀
⢿⣿⣿⡟⠛⢛⣿⣟⠃⠼⡟⡻⠿⣿⣿⣿⣿⡇⢸⣿⣿⠀⠀⣀⣀⣿⣿⠿
⠀⠀⣨⠖⠉⠀⣠⣿⡾⣶⣤⣥⣽⢭⣺⣿⣿⡇⠸⢿⡿⠾⠛⠋⠉
⠀⢴⣟⣁⣀⡛⠛⠛⠛⡤⣽⣿⠿⠷⢶⣶⣾⠿⣶⣷⣷
⠀⠀⠀⠀⠙⠻⠟⠦⠓⠉⠀⠙⠀⠀⠸⠋⠀⠀⠀⠁
⠀⠻⡽⣿⣿⣕⢄⡠⣪⣿⣿⢯⠟
⠶⠶⣿⣽⣽⣭⣿⣽⣭⣯⣝⣿⠶⠶
⠀⣴⣳⣿⣷⣳⣝⣫⣞⣾⣿⣞⣦
⠀⠀⣯⡹⢽⣿⣿⣯⣝⢦⡀⢀⡴⣫⣽⣿⣿⡯⢏⣽
⣤⣤⣤⣽⣸⢿⡿⡿⠿⣷⣽⠯⡾⠿⣿⠿⢿⣧⢯⣤⣤⣤
⠛⠛⠛⣻⢳⣿⣿⡻⣗⢿⣿⣾⡾⣺⢗⣿⣷⡞⣟⠛⠛⠛
⠀⠀⣏⣱⣿⣿⣿⣷⣏⣷⣝⣫⢾⣹⣾⣿⣿⣿⣎⣹
⠀⠀⢸⡏⠭⣭⣭⣭⣭⣭⣝⢦⡀⠀⠀⢀⡴⣋⣭⣭⣭⣭⣭⠭⢹⡇
⠀⠀⠀⠉⣿⢸⣿⣿⣿⣿⣿⣷⣝⢲⡖⣫⣾⣿⣿⣿⣿⣿⡇⣾⠉
⣿⣿⣿⣿⣿⡶⣠⣶⣩⣋⣍⣹⣿⣟⣩⢋⣌⣹⣟⣭⣩⣋⣟⣹⣿⣿⣿⣿
⠀⠀⠀⣀⡿⢸⣿⣿⣿⡅⢷⣝⠿⣿⣿⡿⣫⡾⢩⣿⣿⣿⡇⢿⣀
⠀⠀⢸⣇⣒⣛⣛⣛⣛⣛⣒⣸⡷⣌⣡⢾⣇⣒⣛⣛⣛⣛⣛⣒⣸⡇
⠀⠀⠀⢀⡤⢖⣻⣿⣿⣿⣷⡦
⠀⠠⠔⢋⡴⠋⡞⠋⠡⠤⣍⣭⡶⡀
⠀⣀⣬⣭⣤⣤⣺⠈⠐⠠⢀⡷⠪⣤
⠀⠈⠁⠀⠀⠈⠙⠛⠧⢤⣈⣈⡴⠋
⠀⠀⠀⠀⠀⠀⠀⣀⣤⠶⠾⣛⣛⣛⣿⣷⣶⣤⡀
⠀⠀⠀⠀⠀⣠⡾⢋⣥⡾⠟⣛⣻⡿⠿⢿⣿⣿⡃
⠀⠀⣀⣤⠞⠋⣰⣿⠋⢰⢋⠖⢁⣀⣀⣀⣈⠁⣉⣷⡀
⠀⠉⠁⢀⣠⡼⠟⠁⠀⠘⣦⠀⣄⠀⠈⠉⠹⢽⠟⢃⡜
⠀⢀⣨⣥⣴⣶⣶⣦⣤⡖⢫⠊⠀⠉⠓⢤⠀⣫⠾⠡⣶⣶
⠀⠉⠛⠛⠉⠀⠀⠈⠙⠻⢶⣽⣒⠦⠤⣄⡈⠇⡻⢀⣿⠏
⠀⠀⠀⠀⠀⠀⠀⠀⠀⠀⠀⠈⠙⠛⠲⠶⢬⣤⣴⠟⠋
⠀⠀⠀⠀⠀⠀⠀⠀⠀⢀⣠⣴⡶⠾⠿⠛⣛⣻⣿⣷⣶⣦⣄
⠀⠀⠀⠀⠀⠀⠀⣠⣶⠟⣋⣤⣶⡾⠿⠿⣿⣿⣿⣿⣿⣿⣿⠇
⠀⠀⠀⠀⢀⣴⡿⠋⢡⣾⡿⠋⣡⠖⣫⠝⠋⠁⠀⠈⠉⠛⠋⠓⢦⡄
⠀⠤⠴⠚⠋⠁⢀⣴⣿⠟⠀⠀⢿⡘⠁⠐⠒⠒⠒⠲⠶⠶⠦⣶⣾⠓⣦
⠀⠀⠀⠠⠤⠖⠛⠉⠀⠀⠀⠀⢈⡷⣀⠙⠦⢤⣀⠀⠀⠉⡿⣡⡤⠞⠁
⠀⣀⣤⣶⣾⣿⠿⠿⠿⠿⣷⣯⣍⠺⣅⠀⠀⠀⠈⠑⠄⢨⡞⣛⠒⢻⣿⣿
⠀⠀⠈⠉⠋⠀⠀⠀⠀⠀⠀⠉⠛⠿⣶⣭⣓⠒⠲⠤⢄⡘⠂⡝⢀⣼⡿⠃
⠀⠀⠀⠀⠀⠀⠀⠀⠀⠀⠀⠀⠀⠀⠀⠉⠙⠛⠻⠶⠶⣤⣬⣴⠿⠋
⡏⢩⡍⣭⠉⠒⠉⣽⠉⠋⢹⠉⠌⢱
⠣⣈⣥⣯⡤⠋⠡⣿⣶⣧⣬⣤⡁⠸
⠀⠈⢻⣿⣇⠒⠒⣿⣿⣿⣿⠟⠁
⠀⠀⠀⠉⠻⠷⣶⣿⠿⠚⠁
⣯⠉⢩⡍⠉⣭⠉⠉⠲⠊⠉⢩⡍⠉⠭⠉⢩⡍⠉⠍⠉⢲
⢼⠀⠘⠃⢀⣟⣀⣘⠤⠚⢀⣾⣧⣄⣒⣀⣘⡃⠀⠒⠀⢹
⠀⠉⠻⣿⣿⣿⣿⢁⣀⣀⣘⣿⣿⣿⣿⣿⣿⣿⣿⠟⠈⠁
⠀⠀⠀⠙⠻⣟⡻⣦⡀⠈⠉⣿⣿⣿⡿⢟⣿⠟⠁
⠀⠀⠀⠀⠀⠀⠙⠛⠿⢷⣶⣿⠿⠿⠚⠉
⣿⠉⠉⣹⡉⠉⢉⡏⠉⠉⢳⡴⠋⠉⢉⣏⠉⢉⣏⠉⠉⣹⡉⠉⣉⠉⠙⣦
⢹⠁⠀⣿⡇⠀⢸⡇⠀⢠⡀⢀⡄⢠⣸⣿⠀⠀⣤⠀⠀⣿⡇⠀⣉⠁⠀⣿
⠸⣄⠀⢉⣁⣠⣾⣥⣤⡤⠟⠉⠈⣠⣿⣿⣶⣦⣧⣤⣤⣽⣀⣀⡉⠁⢀⡿
⠀⠈⠉⢿⣿⣿⣿⣿⣟⢁⣉⡀⠀⠘⣿⣿⣿⣿⣿⣿⣿⣿⣿⣿⡟⠉⠉
⠀⠀⠀⠀⠻⣿⣿⣿⡿⡄⠍⠉⠉⠙⣿⣿⣿⣿⣿⣿⢿⣿⡿⠋
⠀⠀⠀⠀⠀⠈⠛⢷⣝⡪⣦⣄⡀⠀⣿⣿⣿⡿⣛⣵⠾⠋
⠀⠀⠀⠀⠀⠀⠀⠀⠈⠙⠛⠿⢿⣿⣿⠿⠿⠛⠉
⠘⣿⣿⣿⣷⣄⠀⠀⣠⣾⣿⣿⣿⠁
⠀⣿⣿⣿⣿⣿⣦⣴⣿⣿⣿⣿⣿
⠀⣿⣿⣿⡟⢿⣿⣿⡿⢻⣿⣿⣿
⣘⣛⣛⣻⣃⣀⣉⣉⣀⣘⣛⣛⣻⣃
⠈⢯⣿⣿⣿⣿⣿⣦⡀⠀⠀⠀⠀⢀⣴⣿⣿⣿⣿⣿⡟⠁
⠀⠀⣿⣿⣿⣿⣿⣿⣷⣄⠀⠀⣠⣿⣿⣿⣿⣿⣿⣿
⠀⠀⣿⣿⣿⣿⣻⣿⣿⣿⣷⣾⣿⣿⣿⣟⣿⣿⣿⣿
⠀⠀⣿⣿⣿⣿⣿⠻⣿⣿⣿⣿⣿⣿⠟⣿⣿⣿⣿⣿
⢀⣴⣿⣿⣿⣿⣿⠀⠈⠻⠿⠿⠟⠁⠀⣿⣿⣿⣿⣿⣦⡀
⣨⣭⣭⣩⣭⣭⣍⣤⡤⣤⣤⣠⣤⣠⣤⣭⢭⣍⣭⣭⣭⣥
⠈⢯⡻⣿⣿⣿⣿⣿⡿⣄⠀⠀⠀⠀⠀⠀⠀⠀⣰⣫⣿⣿⣿⣿⣿⢯⡟⠁
⠀⠀⢹⢹⣿⣿⣿⣿⣿⣮⣳⡀⠀⠀⠀⠀⣠⢞⣽⣿⣿⣿⣿⣿⣷⡏
⠀⠀⢸⢸⣿⣿⣿⣿⣿⣿⣿⣝⢦⡀⢀⡴⣳⣿⣿⣿⣿⣿⣿⣿⣿⡇
⠀⠀⢸⢸⣿⣿⣿⡯⣹⣿⣿⣿⣷⡷⣯⣾⣿⣿⡿⣋⣿⣿⣿⣿⣿⡇
⠀⠀⢸⢸⣿⣿⣿⡇⣿⢫⡻⣿⣿⣿⣿⣿⣿⢿⠞⣿⣿⣿⣿⣿⣿⡇
⠀⠀⣸⢸⣿⣿⣿⡇⣿⠀⠙⢮⣿⣿⣿⢟⡵⠋⠀⣿⣿⣿⣿⣿⡿⣇
⢠⣞⣵⣿⣿⣿⣿⣇⣿⠀⠀⠀⠙⠛⠛⠋⠀⠀⠀⣿⣿⣿⣿⣿⣿⣮⣳⡄
⣲⣶⣲⣖⣲⣶⣶⣶⣒⣒⡶⢶⣶⡶⣒⣒⣒⣲⣶⣶⣖⣶⣒⣶⣶⣶⣶⣖
⣴⣒⠒⣶⢲⣿⠟⡟⣿⡟⣷⡖⠶⣤
⠈⠉⠉⠉⠙⠛⠛⠛⠻⣇⡿⠉⠉⠁
⢠⡴⠒⣒⣲⣦⡤⠴⠶⣿⠿⠿⢿⣿⠾⠹⡦⣤⢤⣤⣤⡀
⠸⠯⠴⠦⠤⠿⠤⣽⣿⣧⣤⣧⣤⣿⡇⠀⣿⠿⠴⠤⠼⠗
⠀⠀⠀⠀⠀⠀⠀⠀⠉⠉⠉⠛⠉⠹⢧⣤⠿
⢀⣤⠤⠴⠶⠤⣤⣄⣀⣤⣶⣶⣿⣿⣿⣿⣿⣶⣶⠛⣷⣂⣀⣀⣀⣀⣀⡀
⢸⡷⠤⢬⡍⠉⢻⡏⠡⠰⠬⣿⠉⠄⠦⠈⢝⣧⡆⢠⢰⣼⡯⢁⡐⠂⢻⡇
⠈⠉⠛⠓⠚⠛⠉⠉⠛⠶⢿⣿⣿⣿⣶⣿⣿⣿⡇⢸⢸⡟⠛⠛⠚⠛⠉⠁
⠀⠀⠀⠀⠀⠀⠀⠀⠀⠀⠀⠀⠀⠉⠉⠉⠀⠸⠧⣼⡼⠟
⠀⣀⣀⠽⣿⢟⢹⡿⠿⡋⡿⡿⡟
⠀⢈⣽⣶⠃⣸⣶⡾⢉⣶⣶⠆⠉⠁
⠀⠀⠀⠀⠈⣹⣿⣿⡿⠛⢛⣿⣿⣿⡿⠛⣻⣿⣿⣿⠃
⠀⠐⠲⢶⢆⣛⡹⢏⡑⡆⡨⡏⡏⣽⢰⣐⣋⢏⢹⣷⣤⡀
⠀⠀⢠⣾⣿⣿⠏⠀⣴⣿⣿⡿⠃⢠⣾⣿⣿⠟
⠀⠀⠀⠀⠀⠈⠙⣿⣿⣿⣿⡿⠿⠿⣿⣿⣿⣿⡿⠿⠿⣿⣿⣿⣿⡿
⠀⠀⣤⣤⣤⡄⢾⡟⣿⡿⠻⣤⠀⠾⡟⣟⠛⡟⢡⠀⣼⢻⡿⠛⣿⡁
⠀⠀⠀⠉⢻⣧⣦⣶⣼⠑⠦⢹⣴⣜⣧⣿⠜⠃⢺⣴⣴⣦⣧⠈⠛⠛⠓⠂
⠀⠀⠀⣴⣿⣿⣿⡿⠃⠀⣰⣿⣿⣿⡿⠃⠀⣰⣿⣿⣿⣿⠃
⠀⡀⢀⡏⣿⣿⣿⢫⢯⣿⣿⢿⣹⠃
⣠⠃⣄⣉⠀⠴⢋⠉⡿⠉⠩⠋⠀⡔
⠁⠀⠯⣻⣿⣿⣾⣿⣿⣿⠝
⠀⠀⠀⠀⢀⡟⣩⣭⣭⣭⣭⡍⣹⠏⣭⣭⣭⣭⣭⠍⡟
⠀⣠⠀⠀⢾⣤⡩⠟⠛⢻⣿⣰⡏⣸⣿⣿⣿⣏⣭⠜⠁
⢀⡼⠀⢠⡀⢉⡄⠀⣸⡟⠁⠄⠀⣟⣁⡐⠀⣎⢀⠂⠠⡏
⠚⠀⠀⢫⠟⣿⣤⣤⣮⣄⣚⣢⣤⣧⣤⡤⢲⠄⠀⠀⠚
⠀⠀⠀⠘⠦⣛⣛⣛⣛⣛⣛⣛⣛⣛⡫⠵⠋
⠀⠀⠀⠀⠀⠀⣸⠋⣭⣭⣭⣭⣭⣭⡭⢩⣿⢋⣭⣭⣭⣭⣭⣭⡍⢹⠏
⠀⠀⣀⣀⣀⣰⣏⡘⢻⣿⣿⣿⣿⣿⢃⣾⠃⣼⣿⣿⣿⣿⡟⣛⣡⡟
⠀⢘⡇⠀⠀⠈⠻⠗⠉⠀⠀⣴⣿⠓⠚⠛⢺⡿⠛⢛⡛⠛⡖⠛⣒⡒⢒⡖
⢠⠞⠀⠀⡼⣆⣠⣴⠃⠀⢸⠟⠁⣀⡃⠀⢸⠓⠠⠤⠀⠨⠂⠠⠄⠀⣹⠃
⠉⠉⠉⠉⢱⠏⣼⣿⣿⣿⣿⣿⣭⣭⣭⣿⣿⣿⣿⡿⢋⡿⠉⠉⠉⠉⠁
⠀⠀⠀⠀⠈⠳⢬⣛⣛⣛⣛⣛⣛⣛⣛⣛⣛⣛⡭⠔⠋
⠀⠀⠤⠤⢤⣤⠶⠒⠶⠖⢒⣺⠟
⠀⠀⢀⣴⠿⠥⠾⠷⠾⠶⠛⠁
⠀⠀⠀⠀⠀⠀⠀⠀⢀⣀⣀⣀⣀⣄⣠⣤⡤⠴⢶⣶⠖
⠀⠀⠀⠐⠛⠛⠻⢿⣿⠍⠉⠉⠈⠟⠉⠀⢀⣴⡿⠁
⠀⠀⠀⠀⠀⢀⣴⡿⠃⢀⣴⣧⣤⣞⣁⣠⣾⠋
⠀⠀⠀⠀⠴⠿⠿⠖⠛⠛⠛⠛⠉⠉⠉⠉
⠀⠀⠀⠀⠀⠀⠀⠀⠀⠀⠀⣀⣀⣀⣀⣀⣠⣄⣠⣤⣤⠤⠶⢶⣶⡶⠂
⠀⠀⠀⠀⠒⠛⠛⠛⠻⢿⣿⡯⠍⠉⠉⠁⠹⠛⠉⠀⠀⢀⣴⡿⠋
⠀⠀⠀⠀⠀⠀⠀⣠⣶⡿⠋⠀⣠⣾⣧⣤⣴⣊⣁⣠⣾⡿⠋
⠀⠀⠀⠀⠀⠠⠾⠿⠿⠖⠚⠛⠛⠛⠛⠉⠉⠉⠉⠉⠁
⡆⠂⢆⣆⣼⣧⣧⣬⣧⣽⡀⠆⠆⢰
⠀⠀⠀⠈⠉⠛⢿⣿⣿⠛⠉
⡤⠠⠖⡖⢐⡆⢉⣸⣏⣽⣏⣉⣹⣙⣙⡏⡀⣶⠐⣶⠀⣤
⠋⠈⠉⠉⠲⠿⠿⣿⣿⣿⣿⣿⣿⣿⣿⣷⡦⠀⠁⠉⠈⠙
⠀⠀⠀⠀⠀⠀⠀⠀⠈⠙⠿⢿⣿⡯⠇
⣤⠀⠴⠂⡖⢠⣲⠀⣋⣸⣏⣩⣾⣉⣉⣹⣏⣱⣉⡇⢰⠐⡆⠐⢴⠄⢀⣤
⠛⠈⠉⠉⠉⠐⠶⠿⠿⣿⣿⣿⣿⣿⣿⣿⣿⣿⣿⣿⣶⠤⠀⠀⠈⠁⠁⠋
⠀⠀⠀⠀⠀⠀⠀⠀⠀⠀⠀⠉⠙⠿⢿⣿⣿⠥⠃
⣰⣾⠒⣐⣿⣍⣹⣹⣏⣹⣐⡖⣷⣆
⠉⠛⠿⣿⣿⣿⣟⣻⣿⣿⣿⠿⠛⠉
⠀⠀⠀⠘⠛⠻⣿⣿⠟⠛⠃
⢀⣴⣾⠤⠖⠲⢺⡏⡙⡋⣿⢹⢹⠍⠋⡆⠖⣒⠤⣷⣦⡀
⠻⢿⣿⣵⣾⣾⣿⣿⣿⣿⣿⣿⣿⣿⣿⣷⣷⣿⣼⣿⡿⠟
⠀⠀⠈⠙⠛⢻⣿⣿⣿⣿⣷⣾⣿⣿⣿⣿⡟⠛⠋
⠀⠀⠀⠀⠀⠈⠉⠉⠻⢿⣿⣿⡿⠟⠉⠉⠁
⠀⣠⣶⣎⠤⡤⠒⡶⣖⡎⡉⢟⡉⣿⢹⡏⣿⠹⠟⡖⢲⠲⡤⣤⣱⣶⣄
⢶⣿⣿⡇⣦⣰⣤⣷⣿⣷⣟⣺⣶⣟⣾⣷⣿⣾⣦⣧⣴⢜⣷⣰⣿⣿⣿⡶
⠀⠉⠛⠻⣿⣿⣿⣿⣿⣿⣿⣿⣿⣛⣛⣿⣿⣿⣿⣿⣿⣿⣿⣿⠟⠛⠉
⠀⠀⠀⠀⠀⠀⡭⣟⣿⣽⣿⣿⣿⣿⣿⣿⣿⣿⣯⣿⣻⢩
⠀⠀⠀⠀⠀⠀⠀⠀⠀⠀⠙⠿⢿⣿⣿⡿⠿⠋
⠀⠀⣀⢴⣿⣅⣀⠀⠀⠀⣀⡀
⠀⠈⠀⠂⠈⠙⠿⠋⠉⣽⣿⠿⣷⡄
⢴⠟⠒⠢⣤⣽⣾⠃⠀⠴⠛⠁⠈⠉
⠀⠀⠀⠈⢫⠈⠁⠈⠓
⠀⠀⠀⠀⠠⣤⣾⣿⠒
⠀⠀⡤⠒⠉⠉⠻⠿⣿⣿⣶⣶⣦⣤⣤⣴⣶⣶⣦⣄
⠀⠀⠀⠀⠈⡆⠀⠀⠈⠙⠋⠁⠀⠀⢰⣿⣿⡛⢻⣿⣷⡆
⣠⣶⡷⠶⠦⢃⣀⣀⣻⣶⣶⡟⠀⠀⢘⣾⠭⠛⠁⠈⠛⠋
⠈⠁⠀⠀⠀⢀⣽⠿⢻⣿⣏⠠⢄⣀
⠀⠀⠀⠀⠀⠀⠙⣦⠀⠀⠀⠀⠀⠉
⠀⠀⠀⠀⠀⠀⣄⣔⣾⣿⠷⠄
⠀⠀⠀⠀⣠⠴⠞⢿⣿⣿⣶⣦⠤⣄⣀⣀⡀⠀⠀⢀⣀⣤⣤⡄
⠀⠀⠐⠋⠀⠀⡄⠀⠈⠉⠻⣿⣷⣿⡿⠛⠛⠛⠛⣿⣿⣿⣿⣿⣯⣆
⠀⠀⠀⠀⠀⠀⢸⠀⠀⠀⢀⠀⠙⠁⢀⠀⠀⠀⢸⣿⣿⣯⡛⠹⣿⣿⣿⠂
⢀⣶⣶⣶⣶⣤⡜⠀⠀⠀⠘⣷⣤⣴⡟⠀⠀⠀⠸⣴⣋⣩⠟⠂⠀⠙⠛⠓
⠹⡿⠉⠀⠀⠀⠈⠙⢿⣿⣿⣿⣿⡿⠃⠀⠀⠀⠙⠉⠁
⠀⠀⠀⠀⠀⠀⠀⠲⣿⠋⠁⠟⠛⠒⠒⠒⠶⠤
⠀⠀⠀⠀⠀⠀⠀⠀⠈⣷
⢺⣯⣍⣀⣤⣶⣶⣶⣶⣶⣶⣤
⠈⣿⣿⣿⣿⣿⣿⣿⣿⡮⠉⠛⠓⡤
⢠⣿⣿⣿⠛⠟⣿⣿⣿⣦
⢾⣿⣉⡛⠓⠀⠀⣀⣤⣤⣶⣶⣶⣶⣶⣤⣤⣀⡀
⢰⣿⣿⣿⣶⣾⣿⣿⣿⣿⣿⣿⣟⣛⠿⢿⣿⣻⣧⡀
⠈⢹⣾⣿⣿⣿⣿⣿⣿⣿⣿⣿⣿⣿⣯⡀⠉⠙⠻⢝⣲⣦
⠀⢸⣿⣿⣿⡾⣿⣿⣿⣿⢷⣾⣿⣿⡏⠀⠀⠀⠀⠀⠈
⢸⣿⣿⣿⣿⣿⡏⠙⠟⢹⣿⣿⣿⣿⣟⡇
⢴⣾⣛⠛⠛⠒⠀⠀⠀⢀⣀⣠⡤⡤⣶⣶⠶⣦⣤⣤⣀⣀⣀
⠀⡝⣿⣿⣷⣤⢤⣶⣾⣿⣿⣷⣿⣽⣻⡟⡿⢫⣿⣷⣿⡿⣿⣷
⠀⠃⡟⣿⣿⣿⣷⣝⢿⣿⣾⣿⣿⣿⣿⣿⣾⣶⡇⠌⠻⠓⢾⣿⠳⣄⣀
⠀⠀⡇⣿⣿⣿⢛⢿⣿⣯⣫⣾⣿⢟⢻⣿⣿⣯⡿⠕⠀⠀⠀⠀⠑⠢⠿⠗
⠀⣀⡇⣿⣿⣿⢸⣓⣝⢿⣿⣟⣕⣻⢸⣿⣿⡇⣇⡀
⠀⣇⣿⣿⣿⣿⣿⣸⠇⠙⠚⠁⣿⣺⣿⣿⣿⣿⣇⡇
⠀⠀⠀⡶⣲⣀⣠⣆⣀⣖⢶
⠀⠀⠀⠳⢷⣟⣳⣞⣻⡾⠞
⠀⠀⠀⠀⠀⠈⠙⠋⠁
⠀⠀⠀⠀⢠⣴⡶⣄⠀⠀⣤⣤⠀⠀⣠⢶⣦⡄
⠀⠀⠀⠀⠀⣧⣸⡩⣭⢿⣣⣜⡿⣭⢍⣧⣼
⠀⠀⠀⠀⠀⠈⠓⠛⠿⣾⣾⣷⣷⠿⠛⠚⠁
⠀⠀⠀⠀⠀⠀⠀⠀⠀⠀⠉⠉--- ncaaf/MICH md: 5 rows x 28 cells ---
wrote packages/core/src/art/ncaaf/mich.xs.txt
wrote packages/core/src/art/ncaaf/mich.sm.txt
wrote packages/core/src/art/ncaaf/mich.md.txt
--- ncaaf/MTSU xs: 2 rows x 12 cells ---
--- ncaaf/MTSU sm: 3 rows x 19 cells ---
--- ncaaf/MTSU md: 4 rows x 25 cells ---
wrote packages/core/src/art/ncaaf/mtsu.xs.txt
wrote packages/core/src/art/ncaaf/mtsu.sm.txt
wrote packages/core/src/art/ncaaf/mtsu.md.txt
--- ncaaf/MIDB xs: 2 rows x 14 cells ---
--- ncaaf/MIDB sm: 3 rows x 22 cells ---
--- ncaaf/MIDB md: 3 rows x 28 cells ---
wrote packages/core/src/art/ncaaf/midb.xs.txt
wrote packages/core/src/art/ncaaf/midb.sm.txt
wrote packages/core/src/art/ncaaf/midb.md.txt
--- ncaaf/MILE xs: 4 rows x 14 cells ---
--- ncaaf/MILE sm: 6 rows x 22 cells ---
--- ncaaf/MILE md: 8 rows x 28 cells ---
wrote packages/core/src/art/ncaaf/mile.xs.txt
wrote packages/core/src/art/ncaaf/mile.sm.txt
wrote packages/core/src/art/ncaaf/mile.md.txt
--- ncaaf/MILL xs: 4 rows x 13 cells ---
--- ncaaf/MILL sm: 6 rows x 21 cells ---
--- ncaaf/MILL md: 7 rows x 26 cells ---
wrote packages/core/src/art/ncaaf/mill.xs.txt
wrote packages/core/src/art/ncaaf/mill.sm.txt
wrote packages/core/src/art/ncaaf/mill.md.txt
--- ncaaf/MILK xs: 2 rows x 14 cells ---
--- ncaaf/MILK sm: 3 rows x 22 cells ---
--- ncaaf/MILK md: 4 rows x 28 cells ---
wrote packages/core/src/art/ncaaf/milk.xs.txt
wrote packages/core/src/art/ncaaf/milk.sm.txt
wrote packages/core/src/art/ncaaf/milk.md.txt
--- ncaaf/MLSP xs: 3 rows x 14 cells ---
--- ncaaf/MLSP sm: 4 rows x 22 cells ---
--- ncaaf/MLSP md: 6 rows x 28 cells ---
wrote packages/core/src/art/ncaaf/mlsp.xs.txt
wrote packages/core/src/art/ncaaf/mlsp.sm.txt
wrote packages/core/src/art/ncaaf/mlsp.md.txt
--- ncaaf/UMD xs: 4 rows x 14 cells ---
--- ncaaf/UMD sm: 6 rows x 22 cells ---
--- ncaaf/UMD md: 8 rows x 28 cells ---
wrote packages/core/src/art/ncaaf/umd.xs.txt
wrote packages/core/src/art/ncaaf/umd.sm.txt
wrote packages/core/src/art/ncaaf/umd.md.txt
--- ncaaf/MINN xs: 2 rows x 14 cells ---
--- ncaaf/MINN sm: 4 rows x 22 cells ---
--- ncaaf/MINN md: 4 rows x 28 cells ---
wrote packages/core/src/art/ncaaf/minn.xs.txt
wrote packages/core/src/art/ncaaf/minn.sm.txt
wrote packages/core/src/art/ncaaf/minn.md.txt
--- ncaaf/MNMO xs: 4 rows x 14 cells ---
--- ncaaf/MNMO sm: 6 rows x 22 cells ---
--- ncaaf/MNMO md: 7 rows x 28 cells ---
wrote packages/core/src/art/ncaaf/mnmo.xs.txt
wrote packages/core/src/art/ncaaf/mnmo.sm.txt
wrote packages/core/src/art/ncaaf/mnmo.md.txt
--- ncaaf/MSUM xs: 3 rows x 14 cells ---
--- ncaaf/MSUM sm: 5 rows x 22 cells ---
--- ncaaf/MSUM md: 6 rows x 28 cells ---
wrote packages/core/src/art/ncaaf/msum.xs.txt
wrote packages/core/src/art/ncaaf/msum.sm.txt
wrote packages/core/src/art/ncaaf/msum.md.txt
--- ncaaf/MNST xs: 3 rows x 14 cells ---
--- ncaaf/MNST sm: 4 rows x 22 cells ---
--- ncaaf/MNST md: 5 rows x 28 cells ---
wrote packages/core/src/art/ncaaf/mnst.xs.txt
wrote packages/core/src/art/ncaaf/mnst.sm.txt
wrote packages/core/src/art/ncaaf/mnst.md.txt
--- ncaaf/MINS xs: 3 rows x 14 cells ---
--- ncaaf/MINS sm: 5 rows x 22 cells ---
--- ncaaf/MINS md: 6 rows x 28 cells ---
wrote packages/core/src/art/ncaaf/mins.xs.txt
wrote packages/core/src/art/ncaaf/mins.sm.txt
wrote packages/core/src/art/ncaaf/mins.md.txt
--- ncaaf/MISE xs: 3 rows x 14 cells ---
--- ncaaf/MISE sm: 5 rows x 21 cells ---
--- ncaaf/MISE md: 6 rows x 27 cells ---
wrote packages/core/src/art/ncaaf/mise.xs.txt
wrote packages/core/src/art/ncaaf/mise.sm.txt
wrote packages/core/src/art/ncaaf/mise.md.txt
--- ncaaf/MSST xs: 2 rows x 14 cells ---
--- ncaaf/MSST sm: 3 rows x 22 cells ---
--- ncaaf/MSST md: 4 rows x 28 cells ---
wrote packages/core/src/art/ncaaf/msst.xs.txt
wrote packages/core/src/art/ncaaf/msst.sm.txt
wrote packages/core/src/art/ncaaf/msst.md.txt
--- ncaaf/MVSU xs: 3 rows x 14 cells ---
--- ncaaf/MVSU sm: 5 rows x 22 cells ---
--- ncaaf/MVSU md: 7 rows x 28 cells ---
wrote packages/core/src/art/ncaaf/mvsu.xs.txt
wrote packages/core/src/art/ncaaf/mvsu.sm.txt
wrote packages/core/src/art/ncaaf/mvsu.md.txt
--- ncaaf/MOBU xs: 3 rows x 14 cells ---
--- ncaaf/MOBU sm: 5 rows x 22 cells ---
--- ncaaf/MOBU md: 7 rows x 28 cells ---
wrote packages/core/src/art/ncaaf/mobu.xs.txt
wrote packages/core/src/art/ncaaf/mobu.sm.txt
wrote packages/core/src/art/ncaaf/mobu.md.txt
--- ncaaf/MS&T xs: 3 rows x 14 cells ---
--- ncaaf/MS&T sm: 5 rows x 22 cells ---
--- ncaaf/MS&T md: 6 rows x 27 cells ---
wrote packages/core/src/art/ncaaf/ms&t.xs.txt
wrote packages/core/src/art/ncaaf/ms&t.sm.txt
wrote packages/core/src/art/ncaaf/ms&t.md.txt
--- ncaaf/MSSU xs: 4 rows x 14 cells ---
--- ncaaf/MSSU sm: 6 rows x 22 cells ---
--- ncaaf/MSSU md: 7 rows x 28 cells ---
wrote packages/core/src/art/ncaaf/mssu.xs.txt
wrote packages/core/src/art/ncaaf/mssu.sm.txt
wrote packages/core/src/art/ncaaf/mssu.md.txt
--- ncaaf/MOST xs: 3 rows x 14 cells ---
--- ncaaf/MOST sm: 5 rows x 22 cells ---
--- ncaaf/MOST md: 6 rows x 28 cells ---
wrote packages/core/src/art/ncaaf/most.xs.txt
wrote packages/core/src/art/ncaaf/most.sm.txt
wrote packages/core/src/art/ncaaf/most.md.txt
--- ncaaf/MIZ xs: 2 rows x 14 cells ---
--- ncaaf/MIZ sm: 3 rows x 22 cells ---
--- ncaaf/MIZ md: 4 rows x 28 cells ---
wrote packages/core/src/art/ncaaf/miz.xs.txt
wrote packages/core/src/art/ncaaf/miz.sm.txt
wrote packages/core/src/art/ncaaf/miz.md.txt
--- ncaaf/MOWE xs: 3 rows x 14 cells ---
--- ncaaf/MOWE sm: 5 rows x 22 cells ---
--- ncaaf/MOWE md: 7 rows x 28 cells ---
wrote packages/core/src/art/ncaaf/mowe.xs.txt
wrote packages/core/src/art/ncaaf/mowe.sm.txt
wrote packages/core/src/art/ncaaf/mowe.md.txt
--- ncaaf/MNIL xs: 2 rows x 14 cells ---
--- ncaaf/MNIL sm: 2 rows x 22 cells ---
--- ncaaf/MNIL md: 3 rows x 28 cells ---
wrote packages/core/src/art/ncaaf/mnil.xs.txt
wrote packages/core/src/art/ncaaf/mnil.sm.txt
wrote packages/core/src/art/ncaaf/mnil.md.txt
--- ncaaf/MONM xs: 3 rows x 14 cells ---
--- ncaaf/MONM sm: 5 rows x 22 cells ---
--- ncaaf/MONM md: 6 rows x 28 cells ---
wrote packages/core/src/art/ncaaf/monm.xs.txt
wrote packages/core/src/art/ncaaf/monm.sm.txt
wrote packages/core/src/art/ncaaf/monm.md.txt
--- ncaaf/MONT xs: 3 rows x 14 cells ---
--- ncaaf/MONT sm: 4 rows x 22 cells ---
--- ncaaf/MONT md: 5 rows x 28 cells ---
wrote packages/core/src/art/ncaaf/mont.xs.txt
wrote packages/core/src/art/ncaaf/mont.sm.txt
wrote packages/core/src/art/ncaaf/mont.md.txt
--- ncaaf/MTST xs: 3 rows x 14 cells ---
--- ncaaf/MTST sm: 4 rows x 22 cells ---
--- ncaaf/MTST md: 5 rows x 28 cells ---
wrote packages/core/src/art/ncaaf/mtst.xs.txt
wrote packages/core/src/art/ncaaf/mtst.sm.txt
wrote packages/core/src/art/ncaaf/mtst.md.txt
--- ncaaf/UMW xs: 2 rows x 14 cells ---
--- ncaaf/UMW sm: 3 rows x 22 cells ---
--- ncaaf/UMW md: 4 rows x 28 cells ---
wrote packages/core/src/art/ncaaf/umw.xs.txt
wrote packages/core/src/art/ncaaf/umw.sm.txt
wrote packages/core/src/art/ncaaf/umw.md.txt
--- ncaaf/MCST xs: 2 rows x 14 cells ---
--- ncaaf/MCST sm: 4 rows x 22 cells ---
--- ncaaf/MCST md: 5 rows x 28 cells ---
wrote packages/core/src/art/ncaaf/mcst.xs.txt
wrote packages/core/src/art/ncaaf/mcst.sm.txt
wrote packages/core/src/art/ncaaf/mcst.md.txt
--- ncaaf/MOR xs: 2 rows x 13 cells ---
--- ncaaf/MOR sm: 3 rows x 21 cells ---
--- ncaaf/MOR md: 4 rows x 28 cells ---
wrote packages/core/src/art/ncaaf/mor.xs.txt
wrote packages/core/src/art/ncaaf/mor.sm.txt
wrote packages/core/src/art/ncaaf/mor.md.txt
--- ncaaf/MORE xs: 4 rows x 14 cells ---
--- ncaaf/MORE sm: 6 rows x 22 cells ---
--- ncaaf/MORE md: 7 rows x 28 cells ---
wrote packages/core/src/art/ncaaf/more.xs.txt
wrote packages/core/src/art/ncaaf/more.sm.txt
wrote packages/core/src/art/ncaaf/more.md.txt
--- ncaaf/MRHO xs: 3 rows x 14 cells ---
--- ncaaf/MRHO sm: 4 rows x 22 cells ---
--- ncaaf/MRHO md: 5 rows x 28 cells ---
wrote packages/core/src/art/ncaaf/mrho.xs.txt
wrote packages/core/src/art/ncaaf/mrho.sm.txt
wrote packages/core/src/art/ncaaf/mrho.md.txt
--- ncaaf/MORG xs: 4 rows x 14 cells ---
--- ncaaf/MORG sm: 5 rows x 22 cells ---
--- ncaaf/MORG md: 7 rows x 27 cells ---
wrote packages/core/src/art/ncaaf/morg.xs.txt
wrote packages/core/src/art/ncaaf/morg.sm.txt
wrote packages/core/src/art/ncaaf/morg.md.txt
--- ncaaf/MSJ xs: 5 rows x 14 cells ---
--- ncaaf/MSJ sm: 7 rows x 22 cells ---
--- ncaaf/MSJ md: 9 rows x 28 cells ---
wrote packages/core/src/art/ncaaf/msj.xs.txt
wrote packages/core/src/art/ncaaf/msj.sm.txt
wrote packages/core/src/art/ncaaf/msj.md.txt
--- ncaaf/UMU xs: 2 rows x 14 cells ---
--- ncaaf/UMU sm: 3 rows x 22 cells ---
--- ncaaf/UMU md: 4 rows x 28 cells ---
wrote packages/core/src/art/ncaaf/umu.xs.txt
wrote packages/core/src/art/ncaaf/umu.sm.txt
wrote packages/core/src/art/ncaaf/umu.md.txt
--- ncaaf/MUHL xs: 3 rows x 14 cells ---
--- ncaaf/MUHL sm: 4 rows x 22 cells ---
--- ncaaf/MUHL md: 5 rows x 28 cells ---
wrote packages/core/src/art/ncaaf/muhl.xs.txt
wrote packages/core/src/art/ncaaf/muhl.sm.txt
wrote packages/core/src/art/ncaaf/muhl.md.txt
--- ncaaf/MUR xs: 4 rows x 14 cells ---
--- ncaaf/MUR sm: 6 rows x 21 cells ---
--- ncaaf/MUR md: 8 rows x 27 cells ---
wrote packages/core/src/art/ncaaf/mur.xs.txt
wrote packages/core/src/art/ncaaf/mur.sm.txt
wrote packages/core/src/art/ncaaf/mur.md.txt
--- ncaaf/MSK xs: 3 rows x 14 cells ---
--- ncaaf/MSK sm: 4 rows x 22 cells ---
--- ncaaf/MSK md: 5 rows x 28 cells ---
wrote packages/core/src/art/ncaaf/msk.xs.txt
wrote packages/core/src/art/ncaaf/msk.sm.txt
wrote packages/core/src/art/ncaaf/msk.md.txt
--- ncaaf/NCSU xs: 5 rows x 14 cells ---
--- ncaaf/NCSU sm: 8 rows x 22 cells ---
--- ncaaf/NCSU md: 10 rows x 28 cells ---
wrote packages/core/src/art/ncaaf/ncsu.xs.txt
wrote packages/core/src/art/ncaaf/ncsu.sm.txt
wrote packages/core/src/art/ncaaf/ncsu.md.txt
--- ncaaf/NAVY xs: 5 rows x 14 cells ---
--- ncaaf/NAVY sm: 7 rows x 22 cells ---
--- ncaaf/NAVY md: 9 rows x 28 cells ---
wrote packages/core/src/art/ncaaf/navy.xs.txt
wrote packages/core/src/art/ncaaf/navy.sm.txt
wrote packages/core/src/art/ncaaf/navy.md.txt
--- ncaaf/NEB xs: 4 rows x 14 cells ---
--- ncaaf/NEB sm: 6 rows x 21 cells ---
--- ncaaf/NEB md: 7 rows x 28 cells ---
wrote packages/core/src/art/ncaaf/neb.xs.txt
wrote packages/core/src/art/ncaaf/neb.sm.txt
wrote packages/core/src/art/ncaaf/neb.md.txt
--- ncaaf/NEBK xs: 2 rows x 14 cells ---
--- ncaaf/NEBK sm: 4 rows x 22 cells ---
--- ncaaf/NEBK md: 5 rows x 28 cells ---
wrote packages/core/src/art/ncaaf/nebk.xs.txt
wrote packages/core/src/art/ncaaf/nebk.sm.txt
wrote packages/core/src/art/ncaaf/nebk.md.txt
--- ncaaf/NWU xs: 2 rows x 13 cells ---
--- ncaaf/NWU sm: 3 rows x 21 cells ---
--- ncaaf/NWU md: 4 rows x 28 cells ---
wrote packages/core/src/art/ncaaf/nwu.xs.txt
wrote packages/core/src/art/ncaaf/nwu.sm.txt
wrote packages/core/src/art/ncaaf/nwu.md.txt
--- ncaaf/NEV xs: 2 rows x 14 cells ---
--- ncaaf/NEV sm: 4 rows x 22 cells ---
--- ncaaf/NEV md: 5 rows x 28 cells ---
wrote packages/core/src/art/ncaaf/nev.xs.txt
wrote packages/core/src/art/ncaaf/nev.sm.txt
wrote packages/core/src/art/ncaaf/nev.md.txt
--- ncaaf/UNE xs: 3 rows x 13 cells ---
--- ncaaf/UNE sm: 4 rows x 21 cells ---
--- ncaaf/UNE md: 5 rows x 27 cells ---
wrote packages/core/src/art/ncaaf/une.xs.txt
wrote packages/core/src/art/ncaaf/une.sm.txt
wrote packages/core/src/art/ncaaf/une.md.txt
--- ncaaf/UNH xs: 3 rows x 14 cells ---
--- ncaaf/UNH sm: 4 rows x 22 cells ---
--- ncaaf/UNH md: 5 rows x 28 cells ---
wrote packages/core/src/art/ncaaf/unh.xs.txt
wrote packages/core/src/art/ncaaf/unh.sm.txt
wrote packages/core/src/art/ncaaf/unh.md.txt
--- ncaaf/NHVN xs: 3 rows x 14 cells ---
--- ncaaf/NHVN sm: 5 rows x 22 cells ---
--- ncaaf/NHVN md: 6 rows x 28 cells ---
wrote packages/core/src/art/ncaaf/nhvn.xs.txt
wrote packages/core/src/art/ncaaf/nhvn.sm.txt
wrote packages/core/src/art/ncaaf/nhvn.md.txt
--- ncaaf/NMHU xs: 4 rows x 13 cells ---
--- ncaaf/NMHU sm: 7 rows x 21 cells ---
--- ncaaf/NMHU md: 9 rows x 27 cells ---
wrote packages/core/src/art/ncaaf/nmhu.xs.txt
wrote packages/core/src/art/ncaaf/nmhu.sm.txt
wrote packages/core/src/art/ncaaf/nmhu.md.txt
--- ncaaf/UNM xs: 5 rows x 14 cells ---
--- ncaaf/UNM sm: 7 rows x 22 cells ---
--- ncaaf/UNM md: 9 rows x 27 cells ---
wrote packages/core/src/art/ncaaf/unm.xs.txt
wrote packages/core/src/art/ncaaf/unm.sm.txt
wrote packages/core/src/art/ncaaf/unm.md.txt
--- ncaaf/NMSU xs: 3 rows x 14 cells ---
--- ncaaf/NMSU sm: 4 rows x 22 cells ---
--- ncaaf/NMSU md: 5 rows x 28 cells ---
wrote packages/core/src/art/ncaaf/nmsu.xs.txt
wrote packages/core/src/art/ncaaf/nmsu.sm.txt
wrote packages/core/src/art/ncaaf/nmsu.md.txt
--- ncaaf/NBRY xs: 3 rows x 14 cells ---
--- ncaaf/NBRY sm: 5 rows x 22 cells ---
--- ncaaf/NBRY md: 6 rows x 28 cells ---
wrote packages/core/src/art/ncaaf/nbry.xs.txt
wrote packages/core/src/art/ncaaf/nbry.sm.txt
wrote packages/core/src/art/ncaaf/nbry.md.txt
--- ncaaf/NICH xs: 2 rows x 13 cells ---
--- ncaaf/NICH sm: 3 rows x 21 cells ---
--- ncaaf/NICH md: 4 rows x 27 cells ---
wrote packages/core/src/art/ncaaf/nich.xs.txt
wrote packages/core/src/art/ncaaf/nich.sm.txt
wrote packages/core/src/art/ncaaf/nich.md.txt
--- ncaaf/NICC xs: 2 rows x 14 cells ---
--- ncaaf/NICC sm: 3 rows x 22 cells ---
--- ncaaf/NICC md: 4 rows x 28 cells ---
wrote packages/core/src/art/ncaaf/nicc.xs.txt
wrote packages/core/src/art/ncaaf/nicc.sm.txt
wrote packages/core/src/art/ncaaf/nicc.md.txt
--- ncaaf/NORF xs: 4 rows x 14 cells ---
--- ncaaf/NORF sm: 6 rows x 22 cells ---
--- ncaaf/NORF md: 8 rows x 28 cells ---
wrote packages/core/src/art/ncaaf/norf.xs.txt
wrote packages/core/src/art/ncaaf/norf.sm.txt
wrote packages/core/src/art/ncaaf/norf.md.txt
--- ncaaf/UNA xs: 3 rows x 14 cells ---
--- ncaaf/UNA sm: 4 rows x 22 cells ---
--- ncaaf/UNA md: 5 rows x 28 cells ---
wrote packages/core/src/art/ncaaf/una.xs.txt
wrote packages/core/src/art/ncaaf/una.sm.txt
wrote packages/core/src/art/ncaaf/una.md.txt
--- ncaaf/NAMU xs: 3 rows x 14 cells ---
--- ncaaf/NAMU sm: 5 rows x 22 cells ---
--- ncaaf/NAMU md: 6 rows x 28 cells ---
wrote packages/core/src/art/ncaaf/namu.xs.txt
wrote packages/core/src/art/ncaaf/namu.sm.txt
wrote packages/core/src/art/ncaaf/namu.md.txt
--- ncaaf/NCAT xs: 5 rows x 14 cells ---
--- ncaaf/NCAT sm: 7 rows x 22 cells ---
--- ncaaf/NCAT md: 9 rows x 28 cells ---
wrote packages/core/src/art/ncaaf/ncat.xs.txt
wrote packages/core/src/art/ncaaf/ncat.sm.txt
wrote packages/core/src/art/ncaaf/ncat.md.txt
--- ncaaf/NCCU xs: 2 rows x 14 cells ---
--- ncaaf/NCCU sm: 3 rows x 22 cells ---
--- ncaaf/NCCU md: 4 rows x 28 cells ---
wrote packages/core/src/art/ncaaf/nccu.xs.txt
wrote packages/core/src/art/ncaaf/nccu.sm.txt
wrote packages/core/src/art/ncaaf/nccu.md.txt
--- ncaaf/UNC xs: 3 rows x 14 cells ---
--- ncaaf/UNC sm: 5 rows x 22 cells ---
--- ncaaf/UNC md: 6 rows x 28 cells ---
wrote packages/core/src/art/ncaaf/unc.xs.txt
wrote packages/core/src/art/ncaaf/unc.sm.txt
wrote packages/core/src/art/ncaaf/unc.md.txt
--- ncaaf/NCW xs: 3 rows x 14 cells ---
--- ncaaf/NCW sm: 4 rows x 22 cells ---
--- ncaaf/NCW md: 5 rows x 28 cells ---
wrote packages/core/src/art/ncaaf/ncw.xs.txt
wrote packages/core/src/art/ncaaf/ncw.sm.txt
wrote packages/core/src/art/ncaaf/ncw.md.txt
--- ncaaf/NCC xs: 4 rows x 14 cells ---
--- ncaaf/NCC sm: 6 rows x 22 cells ---
--- ncaaf/NCC md: 7 rows x 28 cells ---
wrote packages/core/src/art/ncaaf/ncc.xs.txt
wrote packages/core/src/art/ncaaf/ncc.sm.txt
wrote packages/core/src/art/ncaaf/ncc.md.txt
--- ncaaf/UND xs: 2 rows x 14 cells ---
--- ncaaf/UND sm: 3 rows x 22 cells ---
--- ncaaf/UND md: 4 rows x 28 cells ---
wrote packages/core/src/art/ncaaf/und.xs.txt
wrote packages/core/src/art/ncaaf/und.sm.txt
wrote packages/core/src/art/ncaaf/und.md.txt
--- ncaaf/NDSU xs: 2 rows x 14 cells ---
--- ncaaf/NDSU sm: 3 rows x 22 cells ---
--- ncaaf/NDSU md: 4 rows x 28 cells ---
wrote packages/core/src/art/ncaaf/ndsu.xs.txt
wrote packages/core/src/art/ncaaf/ndsu.sm.txt
wrote packages/core/src/art/ncaaf/ndsu.md.txt
--- ncaaf/NGU xs: 3 rows x 14 cells ---
--- ncaaf/NGU sm: 4 rows x 22 cells ---
--- ncaaf/NGU md: 5 rows x 28 cells ---
wrote packages/core/src/art/ncaaf/ngu.xs.txt
wrote packages/core/src/art/ncaaf/ngu.sm.txt
wrote packages/core/src/art/ncaaf/ngu.md.txt
--- ncaaf/NPU xs: 5 rows x 13 cells ---
--- ncaaf/NPU sm: 7 rows x 21 cells ---
--- ncaaf/NPU md: 9 rows x 27 cells ---
wrote packages/core/src/art/ncaaf/npu.xs.txt
wrote packages/core/src/art/ncaaf/npu.sm.txt
wrote packages/core/src/art/ncaaf/npu.md.txt
--- ncaaf/UNT xs: 4 rows x 14 cells ---
--- ncaaf/UNT sm: 6 rows x 22 cells ---
--- ncaaf/UNT md: 8 rows x 28 cells ---
wrote packages/core/src/art/ncaaf/unt.xs.txt
wrote packages/core/src/art/ncaaf/unt.sm.txt
wrote packages/core/src/art/ncaaf/unt.md.txt
--- ncaaf/NESU xs: 3 rows x 14 cells ---
--- ncaaf/NESU sm: 4 rows x 22 cells ---
--- ncaaf/NESU md: 5 rows x 28 cells ---
wrote packages/core/src/art/ncaaf/nesu.xs.txt
wrote packages/core/src/art/ncaaf/nesu.sm.txt
wrote packages/core/src/art/ncaaf/nesu.md.txt
--- ncaaf/NAU xs: 2 rows x 13 cells ---
--- ncaaf/NAU sm: 2 rows x 19 cells ---
--- ncaaf/NAU md: 2 rows x 25 cells ---
wrote packages/core/src/art/ncaaf/nau.xs.txt
wrote packages/core/src/art/ncaaf/nau.sm.txt
wrote packages/core/src/art/ncaaf/nau.md.txt
--- ncaaf/UNCO xs: 4 rows x 14 cells ---
--- ncaaf/UNCO sm: 6 rows x 22 cells ---
--- ncaaf/UNCO md: 7 rows x 28 cells ---
wrote packages/core/src/art/ncaaf/unco.xs.txt
wrote packages/core/src/art/ncaaf/unco.sm.txt
wrote packages/core/src/art/ncaaf/unco.md.txt
--- ncaaf/NIU xs: 4 rows x 14 cells ---
--- ncaaf/NIU sm: 6 rows x 22 cells ---
--- ncaaf/NIU md: 7 rows x 28 cells ---
wrote packages/core/src/art/ncaaf/niu.xs.txt
wrote packages/core/src/art/ncaaf/niu.sm.txt
wrote packages/core/src/art/ncaaf/niu.md.txt
--- ncaaf/UNI xs: 3 rows x 14 cells ---
--- ncaaf/UNI sm: 4 rows x 22 cells ---
--- ncaaf/UNI md: 5 rows x 28 cells ---
wrote packages/core/src/art/ncaaf/uni.xs.txt
wrote packages/core/src/art/ncaaf/uni.sm.txt
wrote packages/core/src/art/ncaaf/uni.md.txt
--- ncaaf/NMI xs: 3 rows x 14 cells ---
--- ncaaf/NMI sm: 4 rows x 22 cells ---
--- ncaaf/NMI md: 5 rows x 28 cells ---
wrote packages/core/src/art/ncaaf/nmi.xs.txt
wrote packages/core/src/art/ncaaf/nmi.sm.txt
wrote packages/core/src/art/ncaaf/nmi.md.txt
--- ncaaf/MWMO xs: 4 rows x 14 cells ---
--- ncaaf/MWMO sm: 6 rows x 22 cells ---
--- ncaaf/MWMO md: 8 rows x 28 cells ---
wrote packages/core/src/art/ncaaf/mwmo.xs.txt
wrote packages/core/src/art/ncaaf/mwmo.sm.txt
wrote packages/core/src/art/ncaaf/mwmo.md.txt
--- ncaaf/UNW xs: 4 rows x 14 cells ---
--- ncaaf/UNW sm: 5 rows x 22 cells ---
--- ncaaf/UNW md: 7 rows x 28 cells ---
wrote packages/core/src/art/ncaaf/unw.xs.txt
wrote packages/core/src/art/ncaaf/unw.sm.txt
wrote packages/core/src/art/ncaaf/unw.md.txt
--- ncaaf/NWOK xs: 4 rows x 14 cells ---
--- ncaaf/NWOK sm: 6 rows x 22 cells ---
--- ncaaf/NWOK md: 8 rows x 28 cells ---
wrote packages/core/src/art/ncaaf/nwok.xs.txt
wrote packages/core/src/art/ncaaf/nwok.sm.txt
wrote packages/core/src/art/ncaaf/nwok.md.txt
--- ncaaf/NWST xs: 6 rows x 14 cells ---
--- ncaaf/NWST sm: 10 rows x 22 cells ---
--- ncaaf/NWST md: 13 rows x 28 cells ---
wrote packages/core/src/art/ncaaf/nwst.xs.txt
wrote packages/core/src/art/ncaaf/nwst.sm.txt
wrote packages/core/src/art/ncaaf/nwst.md.txt
--- ncaaf/NU xs: 6 rows x 13 cells ---
--- ncaaf/NU sm: 9 rows x 20 cells ---
--- ncaaf/NU md: 11 rows x 25 cells ---
wrote packages/core/src/art/ncaaf/nu.xs.txt
wrote packages/core/src/art/ncaaf/nu.sm.txt
wrote packages/core/src/art/ncaaf/nu.md.txt
--- ncaaf/NWD xs: 4 rows x 14 cells ---
--- ncaaf/NWD sm: 6 rows x 22 cells ---
--- ncaaf/NWD md: 7 rows x 28 cells ---
wrote packages/core/src/art/ncaaf/nwd.xs.txt
wrote packages/core/src/art/ncaaf/nwd.sm.txt
wrote packages/core/src/art/ncaaf/nwd.md.txt
--- ncaaf/NWCH xs: 3 rows x 14 cells ---
--- ncaaf/NWCH sm: 4 rows x 22 cells ---
--- ncaaf/NWCH md: 5 rows x 27 cells ---
wrote packages/core/src/art/ncaaf/nwch.xs.txt
wrote packages/core/src/art/ncaaf/nwch.sm.txt
wrote packages/core/src/art/ncaaf/nwch.md.txt
--- ncaaf/ND xs: 3 rows x 14 cells ---
--- ncaaf/ND sm: 5 rows x 22 cells ---
--- ncaaf/ND md: 7 rows x 28 cells ---
wrote packages/core/src/art/ncaaf/nd.xs.txt
wrote packages/core/src/art/ncaaf/nd.sm.txt
wrote packages/core/src/art/ncaaf/nd.md.txt
--- ncaaf/OBE xs: 4 rows x 14 cells ---
--- ncaaf/OBE sm: 6 rows x 22 cells ---
--- ncaaf/OBE md: 8 rows x 28 cells ---
wrote packages/core/src/art/ncaaf/obe.xs.txt
wrote packages/core/src/art/ncaaf/obe.sm.txt
wrote packages/core/src/art/ncaaf/obe.md.txt
--- ncaaf/OHIO xs: 2 rows x 14 cells ---
--- ncaaf/OHIO sm: 3 rows x 22 cells ---
--- ncaaf/OHIO md: 4 rows x 28 cells ---
wrote packages/core/src/art/ncaaf/ohio.xs.txt
wrote packages/core/src/art/ncaaf/ohio.sm.txt
wrote packages/core/src/art/ncaaf/ohio.md.txt
--- ncaaf/OHDU xs: 4 rows x 13 cells ---
--- ncaaf/OHDU sm: 6 rows x 22 cells ---
--- ncaaf/OHDU md: 7 rows x 27 cells ---
wrote packages/core/src/art/ncaaf/ohdu.xs.txt
wrote packages/core/src/art/ncaaf/ohdu.sm.txt
wrote packages/core/src/art/ncaaf/ohdu.md.txt
--- ncaaf/OHNU xs: 3 rows x 14 cells ---
--- ncaaf/OHNU sm: 4 rows x 22 cells ---
--- ncaaf/OHNU md: 5 rows x 28 cells ---
wrote packages/core/src/art/ncaaf/ohnu.xs.txt
wrote packages/core/src/art/ncaaf/ohnu.sm.txt
wrote packages/core/src/art/ncaaf/ohnu.md.txt
--- ncaaf/OSU xs: 4 rows x 14 cells ---
--- ncaaf/OSU sm: 6 rows x 22 cells ---
--- ncaaf/OSU md: 7 rows x 28 cells ---
wrote packages/core/src/art/ncaaf/osu.xs.txt
wrote packages/core/src/art/ncaaf/osu.sm.txt
wrote packages/core/src/art/ncaaf/osu.md.txt
--- ncaaf/OWU xs: 1 rows x 14 cells ---
--- ncaaf/OWU sm: 2 rows x 22 cells ---
--- ncaaf/OWU md: 2 rows x 28 cells ---
wrote packages/core/src/art/ncaaf/owu.xs.txt
wrote packages/core/src/art/ncaaf/owu.sm.txt
wrote packages/core/src/art/ncaaf/owu.md.txt
--- ncaaf/OKBU xs: 2 rows x 14 cells ---
--- ncaaf/OKBU sm: 4 rows x 22 cells ---
--- ncaaf/OKBU md: 5 rows x 28 cells ---
wrote packages/core/src/art/ncaaf/okbu.xs.txt
wrote packages/core/src/art/ncaaf/okbu.sm.txt
wrote packages/core/src/art/ncaaf/okbu.md.txt
--- ncaaf/OU xs: 5 rows x 14 cells ---
--- ncaaf/OU sm: 7 rows x 22 cells ---
--- ncaaf/OU md: 9 rows x 28 cells ---
wrote packages/core/src/art/ncaaf/ou.xs.txt
wrote packages/core/src/art/ncaaf/ou.sm.txt
wrote packages/core/src/art/ncaaf/ou.md.txt
--- ncaaf/OKST xs: 2 rows x 14 cells ---
--- ncaaf/OKST sm: 3 rows x 22 cells ---
--- ncaaf/OKST md: 4 rows x 28 cells ---
wrote packages/core/src/art/ncaaf/okst.xs.txt
wrote packages/core/src/art/ncaaf/okst.sm.txt
wrote packages/core/src/art/ncaaf/okst.md.txt
--- ncaaf/ODU xs: 3 rows x 14 cells ---
--- ncaaf/ODU sm: 5 rows x 22 cells ---
--- ncaaf/ODU md: 6 rows x 28 cells ---
wrote packages/core/src/art/ncaaf/odu.xs.txt
wrote packages/core/src/art/ncaaf/odu.sm.txt
wrote packages/core/src/art/ncaaf/odu.md.txt
--- ncaaf/MISS xs: 3 rows x 14 cells ---
--- ncaaf/MISS sm: 5 rows x 22 cells ---
--- ncaaf/MISS md: 7 rows x 28 cells ---
wrote packages/core/src/art/ncaaf/miss.xs.txt
wrote packages/core/src/art/ncaaf/miss.sm.txt
wrote packages/core/src/art/ncaaf/miss.md.txt
--- ncaaf/UOO xs: 3 rows x 14 cells ---
--- ncaaf/UOO sm: 5 rows x 22 cells ---
--- ncaaf/UOO md: 6 rows x 28 cells ---
wrote packages/core/src/art/ncaaf/uoo.xs.txt
wrote packages/core/src/art/ncaaf/uoo.sm.txt
wrote packages/core/src/art/ncaaf/uoo.md.txt
--- ncaaf/ORE xs: 3 rows x 14 cells ---
--- ncaaf/ORE sm: 5 rows x 22 cells ---
--- ncaaf/ORE md: 6 rows x 28 cells ---
wrote packages/core/src/art/ncaaf/ore.xs.txt
wrote packages/core/src/art/ncaaf/ore.sm.txt
wrote packages/core/src/art/ncaaf/ore.md.txt
--- ncaaf/ORST xs: 2 rows x 14 cells ---
--- ncaaf/ORST sm: 3 rows x 22 cells ---
--- ncaaf/ORST md: 4 rows x 28 cells ---
wrote packages/core/src/art/ncaaf/orst.xs.txt
wrote packages/core/src/art/ncaaf/orst.sm.txt
wrote packages/core/src/art/ncaaf/orst.md.txt
--- ncaaf/OTTB xs: 5 rows x 14 cells ---
--- ncaaf/OTTB sm: 8 rows x 22 cells ---
--- ncaaf/OTTB md: 11 rows x 28 cells ---
wrote packages/core/src/art/ncaaf/ottb.xs.txt
wrote packages/core/src/art/ncaaf/ottb.sm.txt
wrote packages/core/src/art/ncaaf/ottb.md.txt
--- ncaaf/OBU xs: 2 rows x 14 cells ---
--- ncaaf/OBU sm: 3 rows x 22 cells ---
--- ncaaf/OBU md: 4 rows x 28 cells ---
wrote packages/core/src/art/ncaaf/obu.xs.txt
wrote packages/core/src/art/ncaaf/obu.sm.txt
wrote packages/core/src/art/ncaaf/obu.md.txt
--- ncaaf/PACE xs: 3 rows x 14 cells ---
--- ncaaf/PACE sm: 4 rows x 22 cells ---
--- ncaaf/PACE md: 6 rows x 28 cells ---
wrote packages/core/src/art/ncaaf/pace.xs.txt
wrote packages/core/src/art/ncaaf/pace.sm.txt
wrote packages/core/src/art/ncaaf/pace.md.txt
--- ncaaf/PCOR xs: 4 rows x 13 cells ---
--- ncaaf/PCOR sm: 6 rows x 20 cells ---
--- ncaaf/PCOR md: 7 rows x 26 cells ---
wrote packages/core/src/art/ncaaf/pcor.xs.txt
wrote packages/core/src/art/ncaaf/pcor.sm.txt
wrote packages/core/src/art/ncaaf/pcor.md.txt
--- ncaaf/PCLT xs: 3 rows x 14 cells ---
--- ncaaf/PCLT sm: 5 rows x 22 cells ---
--- ncaaf/PCLT md: 6 rows x 28 cells ---
wrote packages/core/src/art/ncaaf/pclt.xs.txt
wrote packages/core/src/art/ncaaf/pclt.sm.txt
wrote packages/core/src/art/ncaaf/pclt.md.txt
--- ncaaf/PSU xs: 3 rows x 14 cells ---
--- ncaaf/PSU sm: 4 rows x 22 cells ---
--- ncaaf/PSU md: 5 rows x 28 cells ---
wrote packages/core/src/art/ncaaf/psu.xs.txt
wrote packages/core/src/art/ncaaf/psu.sm.txt
wrote packages/core/src/art/ncaaf/psu.md.txt
--- ncaaf/PENN xs: 5 rows x 14 cells ---
--- ncaaf/PENN sm: 7 rows x 22 cells ---
--- ncaaf/PENN md: 9 rows x 28 cells ---
wrote packages/core/src/art/ncaaf/penn.xs.txt
wrote packages/core/src/art/ncaaf/penn.sm.txt
wrote packages/core/src/art/ncaaf/penn.md.txt
--- ncaaf/PTSU xs: 4 rows x 12 cells ---
--- ncaaf/PTSU sm: 7 rows x 19 cells ---
--- ncaaf/PTSU md: 9 rows x 25 cells ---
wrote packages/core/src/art/ncaaf/ptsu.xs.txt
wrote packages/core/src/art/ncaaf/ptsu.sm.txt
wrote packages/core/src/art/ncaaf/ptsu.md.txt
--- ncaaf/PITT xs: 2 rows x 14 cells ---
--- ncaaf/PITT sm: 3 rows x 22 cells ---
--- ncaaf/PITT md: 4 rows x 28 cells ---
wrote packages/core/src/art/ncaaf/pitt.xs.txt
wrote packages/core/src/art/ncaaf/pitt.sm.txt
wrote packages/core/src/art/ncaaf/pitt.md.txt
--- ncaaf/PLYM xs: 2 rows x 14 cells ---
--- ncaaf/PLYM sm: 3 rows x 22 cells ---
--- ncaaf/PLYM md: 4 rows x 28 cells ---
wrote packages/core/src/art/ncaaf/plym.xs.txt
wrote packages/core/src/art/ncaaf/plym.sm.txt
wrote packages/core/src/art/ncaaf/plym.md.txt
--- ncaaf/POPI xs: 6 rows x 14 cells ---
--- ncaaf/POPI sm: 9 rows x 22 cells ---
--- ncaaf/POPI md: 12 rows x 28 cells ---
wrote packages/core/src/art/ncaaf/popi.xs.txt
wrote packages/core/src/art/ncaaf/popi.sm.txt
wrote packages/core/src/art/ncaaf/popi.md.txt
--- ncaaf/PRST xs: 5 rows x 14 cells ---
--- ncaaf/PRST sm: 7 rows x 22 cells ---
--- ncaaf/PRST md: 9 rows x 28 cells ---
wrote packages/core/src/art/ncaaf/prst.xs.txt
wrote packages/core/src/art/ncaaf/prst.sm.txt
wrote packages/core/src/art/ncaaf/prst.md.txt
--- ncaaf/POST xs: 3 rows x 14 cells ---
--- ncaaf/POST sm: 5 rows x 22 cells ---
--- ncaaf/POST md: 6 rows x 28 cells ---
wrote packages/core/src/art/ncaaf/post.xs.txt
wrote packages/core/src/art/ncaaf/post.sm.txt
wrote packages/core/src/art/ncaaf/post.md.txt
--- ncaaf/PV xs: 4 rows x 14 cells ---
--- ncaaf/PV sm: 6 rows x 22 cells ---
--- ncaaf/PV md: 7 rows x 28 cells ---
wrote packages/core/src/art/ncaaf/pv.xs.txt
wrote packages/core/src/art/ncaaf/pv.sm.txt
wrote packages/core/src/art/ncaaf/pv.md.txt
--- ncaaf/PRES xs: 4 rows x 14 cells ---
--- ncaaf/PRES sm: 6 rows x 22 cells ---
--- ncaaf/PRES md: 7 rows x 28 cells ---
wrote packages/core/src/art/ncaaf/pres.xs.txt
wrote packages/core/src/art/ncaaf/pres.sm.txt
wrote packages/core/src/art/ncaaf/pres.md.txt
--- ncaaf/PRIN xs: 5 rows x 14 cells ---
--- ncaaf/PRIN sm: 7 rows x 22 cells ---
--- ncaaf/PRIN md: 9 rows x 28 cells ---
wrote packages/core/src/art/ncaaf/prin.xs.txt
wrote packages/core/src/art/ncaaf/prin.sm.txt
wrote packages/core/src/art/ncaaf/prin.md.txt
--- ncaaf/PUG xs: 3 rows x 14 cells ---
--- ncaaf/PUG sm: 5 rows x 22 cells ---
--- ncaaf/PUG md: 6 rows x 28 cells ---
wrote packages/core/src/art/ncaaf/pug.xs.txt
wrote packages/core/src/art/ncaaf/pug.sm.txt
wrote packages/core/src/art/ncaaf/pug.md.txt
--- ncaaf/PUR xs: 2 rows x 14 cells ---
--- ncaaf/PUR sm: 3 rows x 22 cells ---
--- ncaaf/PUR md: 4 rows x 28 cells ---
wrote packages/core/src/art/ncaaf/pur.xs.txt
wrote packages/core/src/art/ncaaf/pur.sm.txt
wrote packages/core/src/art/ncaaf/pur.md.txt
--- ncaaf/QUI xs: 2 rows x 14 cells ---
--- ncaaf/QUI sm: 2 rows x 22 cells ---
--- ncaaf/QUI md: 3 rows x 28 cells ---
wrote packages/core/src/art/ncaaf/qui.xs.txt
wrote packages/core/src/art/ncaaf/qui.sm.txt
wrote packages/core/src/art/ncaaf/qui.md.txt
--- ncaaf/RMC xs: 4 rows x 14 cells ---
--- ncaaf/RMC sm: 6 rows x 22 cells ---
--- ncaaf/RMC md: 8 rows x 28 cells ---
wrote packages/core/src/art/ncaaf/rmc.xs.txt
wrote packages/core/src/art/ncaaf/rmc.sm.txt
wrote packages/core/src/art/ncaaf/rmc.md.txt
--- ncaaf/REDL xs: 4 rows x 14 cells ---
--- ncaaf/REDL sm: 6 rows x 22 cells ---
--- ncaaf/REDL md: 7 rows x 27 cells ---
wrote packages/core/src/art/ncaaf/redl.xs.txt
wrote packages/core/src/art/ncaaf/redl.sm.txt
wrote packages/core/src/art/ncaaf/redl.md.txt
--- ncaaf/RPI xs: 3 rows x 13 cells ---
--- ncaaf/RPI sm: 5 rows x 21 cells ---
--- ncaaf/RPI md: 6 rows x 27 cells ---
wrote packages/core/src/art/ncaaf/rpi.xs.txt
wrote packages/core/src/art/ncaaf/rpi.sm.txt
wrote packages/core/src/art/ncaaf/rpi.md.txt
--- ncaaf/URI xs: 4 rows x 13 cells ---
--- ncaaf/URI sm: 8 rows x 21 cells ---
--- ncaaf/URI md: 9 rows x 28 cells ---
wrote packages/core/src/art/ncaaf/uri.xs.txt
wrote packages/core/src/art/ncaaf/uri.sm.txt
wrote packages/core/src/art/ncaaf/uri.md.txt
--- ncaaf/RHDS xs: 4 rows x 14 cells ---
--- ncaaf/RHDS sm: 7 rows x 22 cells ---
--- ncaaf/RHDS md: 8 rows x 28 cells ---
wrote packages/core/src/art/ncaaf/rhds.xs.txt
wrote packages/core/src/art/ncaaf/rhds.sm.txt
wrote packages/core/src/art/ncaaf/rhds.md.txt
--- ncaaf/RICE xs: 4 rows x 14 cells ---
--- ncaaf/RICE sm: 7 rows x 22 cells ---
--- ncaaf/RICE md: 9 rows x 28 cells ---
wrote packages/core/src/art/ncaaf/rice.xs.txt
wrote packages/core/src/art/ncaaf/rice.sm.txt
wrote packages/core/src/art/ncaaf/rice.md.txt
--- ncaaf/RICH xs: 5 rows x 14 cells ---
--- ncaaf/RICH sm: 8 rows x 22 cells ---
--- ncaaf/RICH md: 10 rows x 28 cells ---
wrote packages/core/src/art/ncaaf/rich.xs.txt
wrote packages/core/src/art/ncaaf/rich.sm.txt
wrote packages/core/src/art/ncaaf/rich.md.txt
--- ncaaf/RIP xs: 2 rows x 13 cells ---
--- ncaaf/RIP sm: 3 rows x 21 cells ---
--- ncaaf/RIP md: 3 rows x 27 cells ---
wrote packages/core/src/art/ncaaf/rip.xs.txt
wrote packages/core/src/art/ncaaf/rip.sm.txt
wrote packages/core/src/art/ncaaf/rip.md.txt
--- ncaaf/RMU xs: 2 rows x 14 cells ---
--- ncaaf/RMU sm: 3 rows x 22 cells ---
--- ncaaf/RMU md: 4 rows x 28 cells ---
wrote packages/core/src/art/ncaaf/rmu.xs.txt
wrote packages/core/src/art/ncaaf/rmu.sm.txt
wrote packages/core/src/art/ncaaf/rmu.md.txt
--- ncaaf/URNY xs: 4 rows x 14 cells ---
--- ncaaf/URNY sm: 7 rows x 22 cells ---
--- ncaaf/URNY md: 8 rows x 28 cells ---
wrote packages/core/src/art/ncaaf/urny.xs.txt
wrote packages/core/src/art/ncaaf/urny.sm.txt
wrote packages/core/src/art/ncaaf/urny.md.txt
--- ncaaf/RFU xs: 4 rows x 14 cells ---
--- ncaaf/RFU sm: 7 rows x 21 cells ---
--- ncaaf/RFU md: 8 rows x 27 cells ---
wrote packages/core/src/art/ncaaf/rfu.xs.txt
wrote packages/core/src/art/ncaaf/rfu.sm.txt
wrote packages/core/src/art/ncaaf/rfu.md.txt
--- ncaaf/RHIT xs: 3 rows x 14 cells ---
--- ncaaf/RHIT sm: 5 rows x 22 cells ---
--- ncaaf/RHIT md: 6 rows x 28 cells ---
wrote packages/core/src/art/ncaaf/rhit.xs.txt
wrote packages/core/src/art/ncaaf/rhit.sm.txt
wrote packages/core/src/art/ncaaf/rhit.md.txt
--- ncaaf/ROW xs: 2 rows x 14 cells ---
--- ncaaf/ROW sm: 2 rows x 22 cells ---
--- ncaaf/ROW md: 3 rows x 28 cells ---
wrote packages/core/src/art/ncaaf/row.xs.txt
wrote packages/core/src/art/ncaaf/row.sm.txt
wrote packages/core/src/art/ncaaf/row.md.txt
--- ncaaf/RUTG xs: 3 rows x 14 cells ---
--- ncaaf/RUTG sm: 5 rows x 22 cells ---
--- ncaaf/RUTG md: 6 rows x 28 cells ---
wrote packages/core/src/art/ncaaf/rutg.xs.txt
wrote packages/core/src/art/ncaaf/rutg.sm.txt
wrote packages/core/src/art/ncaaf/rutg.md.txt
--- ncaaf/SELA xs: 4 rows x 14 cells ---
--- ncaaf/SELA sm: 7 rows x 22 cells ---
--- ncaaf/SELA md: 8 rows x 28 cells ---
wrote packages/core/src/art/ncaaf/sela.xs.txt
wrote packages/core/src/art/ncaaf/sela.sm.txt
wrote packages/core/src/art/ncaaf/sela.md.txt
--- ncaaf/SMU xs: 2 rows x 14 cells ---
--- ncaaf/SMU sm: 3 rows x 22 cells ---
--- ncaaf/SMU md: 4 rows x 28 cells ---
wrote packages/core/src/art/ncaaf/smu.xs.txt
wrote packages/core/src/art/ncaaf/smu.sm.txt
wrote packages/core/src/art/ncaaf/smu.md.txt
--- ncaaf/NYCL xs: 4 rows x 14 cells ---
--- ncaaf/NYCL sm: 6 rows x 22 cells ---
--- ncaaf/NYCL md: 8 rows x 28 cells ---
wrote packages/core/src/art/ncaaf/nycl.xs.txt
wrote packages/core/src/art/ncaaf/nycl.sm.txt
wrote packages/core/src/art/ncaaf/nycl.md.txt
--- ncaaf/NYMT xs: 3 rows x 14 cells ---
--- ncaaf/NYMT sm: 5 rows x 22 cells ---
--- ncaaf/NYMT md: 7 rows x 28 cells ---
wrote packages/core/src/art/ncaaf/nymt.xs.txt
wrote packages/core/src/art/ncaaf/nymt.sm.txt
wrote packages/core/src/art/ncaaf/nymt.md.txt
--- ncaaf/NYMS xs: 2 rows x 14 cells ---
--- ncaaf/NYMS sm: 3 rows x 22 cells ---
--- ncaaf/NYMS md: 4 rows x 28 cells ---
wrote packages/core/src/art/ncaaf/nyms.xs.txt
wrote packages/core/src/art/ncaaf/nyms.sm.txt
wrote packages/core/src/art/ncaaf/nyms.md.txt
--- ncaaf/SAC xs: 3 rows x 14 cells ---
--- ncaaf/SAC sm: 5 rows x 22 cells ---
--- ncaaf/SAC md: 6 rows x 28 cells ---
wrote packages/core/src/art/ncaaf/sac.xs.txt
wrote packages/core/src/art/ncaaf/sac.sm.txt
wrote packages/core/src/art/ncaaf/sac.md.txt
--- ncaaf/SHU xs: 2 rows x 13 cells ---
--- ncaaf/SHU sm: 3 rows x 22 cells ---
--- ncaaf/SHU md: 3 rows x 28 cells ---
wrote packages/core/src/art/ncaaf/shu.xs.txt
wrote packages/core/src/art/ncaaf/shu.sm.txt
wrote packages/core/src/art/ncaaf/shu.md.txt
--- ncaaf/SVSU xs: 3 rows x 14 cells ---
--- ncaaf/SVSU sm: 5 rows x 21 cells ---
--- ncaaf/SVSU md: 7 rows x 27 cells ---
wrote packages/core/src/art/ncaaf/svsu.xs.txt
wrote packages/core/src/art/ncaaf/svsu.sm.txt
wrote packages/core/src/art/ncaaf/svsu.md.txt
--- ncaaf/SANS xs: 3 rows x 14 cells ---
--- ncaaf/SANS sm: 5 rows x 22 cells ---
--- ncaaf/SANS md: 6 rows x 28 cells ---
wrote packages/core/src/art/ncaaf/sans.xs.txt
wrote packages/core/src/art/ncaaf/sans.sm.txt
wrote packages/core/src/art/ncaaf/sans.md.txt
--- ncaaf/SFPA xs: 2 rows x 14 cells ---
--- ncaaf/SFPA sm: 3 rows x 22 cells ---
--- ncaaf/SFPA md: 4 rows x 28 cells ---
wrote packages/core/src/art/ncaaf/sfpa.xs.txt
wrote packages/core/src/art/ncaaf/sfpa.sm.txt
wrote packages/core/src/art/ncaaf/sfpa.md.txt
--- ncaaf/STJM xs: 2 rows x 14 cells ---
--- ncaaf/STJM sm: 3 rows x 21 cells ---
--- ncaaf/STJM md: 4 rows x 27 cells ---
wrote packages/core/src/art/ncaaf/stjm.xs.txt
wrote packages/core/src/art/ncaaf/stjm.sm.txt
wrote packages/core/src/art/ncaaf/stjm.md.txt
--- ncaaf/SVC xs: 3 rows x 14 cells ---
--- ncaaf/SVC sm: 5 rows x 22 cells ---
--- ncaaf/SVC md: 6 rows x 28 cells ---
wrote packages/core/src/art/ncaaf/svc.xs.txt
wrote packages/core/src/art/ncaaf/svc.sm.txt
wrote packages/core/src/art/ncaaf/svc.md.txt
--- ncaaf/SAL xs: 4 rows x 14 cells ---
--- ncaaf/SAL sm: 6 rows x 22 cells ---
--- ncaaf/SAL md: 7 rows x 28 cells ---
wrote packages/core/src/art/ncaaf/sal.xs.txt
wrote packages/core/src/art/ncaaf/sal.sm.txt
wrote packages/core/src/art/ncaaf/sal.md.txt
--- ncaaf/SALV xs: 4 rows x 14 cells ---
--- ncaaf/SALV sm: 6 rows x 22 cells ---
--- ncaaf/SALV md: 7 rows x 28 cells ---
wrote packages/core/src/art/ncaaf/salv.xs.txt
wrote packages/core/src/art/ncaaf/salv.sm.txt
wrote packages/core/src/art/ncaaf/salv.md.txt
--- ncaaf/SHSU xs: 3 rows x 14 cells ---
--- ncaaf/SHSU sm: 5 rows x 22 cells ---
--- ncaaf/SHSU md: 6 rows x 28 cells ---
wrote packages/core/src/art/ncaaf/shsu.xs.txt
wrote packages/core/src/art/ncaaf/shsu.sm.txt
wrote packages/core/src/art/ncaaf/shsu.md.txt
--- ncaaf/SAM xs: 4 rows x 14 cells ---
--- ncaaf/SAM sm: 6 rows x 22 cells ---
--- ncaaf/SAM md: 8 rows x 28 cells ---

⠀⠀⠀⠀⠀⠀⣠⢤⣤⡠⠠⠀⠀⣀⣀⠀⠀⠄⢄⣤⡤⣄
⠀⠀⠀⠀⠀⠀⢹⠟⣩⡵⡤⢤⣼⡞⢳⣧⡤⢤⢮⣍⠻⡏
⠀⠀⠀⠀⠀⠀⢸⣆⣿⡄⣷⡶⣎⢤⡤⣱⢶⣾⢠⣿⣰⡇
⠀⠀⠀⠀⠀⠀⠀⠙⠮⣵⣿⣧⣳⠾⠷⣞⣼⣿⣮⠵⠋
⠀⠀⠀⠀⠀⠀⠀⠀⠂⠀⠀⠉⠪⣿⣿⠕⠉⠀⠀⠐
⠀⠀⠀⠀⠀⠀⠀⠀⠀⠀⠀⠀⠀⠀⠀⠀⠀⠀⠄
⠀⢀⣤⡶⠶⢛⠛⠛⡛⠶⢶⣤⡀
⣰⣿⠋⣚⠋⣩⣿⣿⣍⢙⣂⠙⣿⣦
⠻⣿⣄⠹⠦⠻⠞⠳⡅⠴⠏⣠⣿⠟
⠀⠈⠛⠷⠶⣴⣮⣴⣤⠶⠾⠛⠁
⠀⠀⠀⢀⣠⣤⢶⣶⣾⠿⠿⠿⠿⢷⣶⣶⣤⣄⡀
⠀⣠⣶⣿⠟⣋⣥⣴⣶⣦⣼⣤⣴⣶⣦⣌⣙⠻⣿⣶⣄
⢰⣿⣿⠁⢀⣠⡆⠀⣤⣾⣿⣿⣷⣤⠀⢢⢀⡀⠈⣿⣿⣆
⠸⣟⣿⡀⠀⣽⣤⡀⠧⡥⡟⡧⡇⠇⢠⣼⡥⠀⢀⣿⣻⡏
⠀⠙⠿⣟⣦⣌⡉⠉⠁⡊⡒⡂⣙⠉⠉⢁⣡⣴⣻⡿⠋
⠀⠀⠀⠈⠙⠛⠿⠯⢿⣷⣶⣶⣿⡿⠿⠿⠛⠋⠁
⠀⠀⠀⠀⠀⢀⣠⡤⢴⣶⣲⣾⣿⣿⣿⣿⣳⣶⣶⠦⢤⣄⡀
⠀⠀⣠⣴⣾⣿⠿⠛⣉⣭⣤⣤⣀⣐⡠⣀⣤⣤⣍⣉⠛⠾⢽⡟⣦⣄
⢀⣾⣿⣷⠋⠐⠚⢛⡉⠉⠉⣉⣿⣿⣿⣿⣉⠉⠉⢉⡛⠒⠀⠙⢿⣿⣷⡀
⢸⣿⣿⡇⠀⠀⠦⡿⠀⠀⢻⢻⠟⣿⣿⢻⢻⡇⠀⠐⡧⠖⠀⠀⢸⣿⣿⡇
⠈⢿⣵⣿⣄⠀⠑⡖⣾⣄⣘⠚⡃⠇⠟⣻⣈⣃⣴⡟⢷⠉⠀⣠⣾⣭⡿⠁
⠀⠀⠙⠻⣯⣿⣶⣤⣀⣀⠀⢨⢨⡍⠭⢠⠁⠀⣀⣀⣤⣴⣾⣽⠟⠋
⠀⠀⠀⠀⠀⠈⠙⠓⠺⠯⠽⣿⣿⣿⣿⣿⡿⠯⠽⠟⠛⠋⠉
⢰⠂⠀⠀⠐⢌⢻⡟⡡⠂⠀⠀⢰
⡄⢱⠀⠀⠀⠀⠑⠊⠀⠀⠀⠀⡎⣴
⠇⣸⠀⠀⢌⠐⢄⡠⠂⡁⠀⠀⡇⠻
⠸⠀⠀⠀⠀⠅⣷⣾⠸⠀⠀⠀⠠
⠀⡶⠒⠒⠒⠒⠒⠢⡘⢿⣿⣿⡿⢃⠔⠒⠒⠒⠒⠒⡆⢸
⠀⠧⣀⠀⠀⠀⠀⠀⠈⠢⡙⢋⠔⠁⠀⠀⠀⠀⠀⣀⠇⢸
⣿⠀⣿⠀⠀⠀⠀⡀⠀⠀⠙⠁⠀⠀⢀⠀⠀⠀⠀⣿⢰⣿
⣿⠀⣿⠀⠀⠀⢸⡏⠢⣄⠀⠀⣠⠔⢹⡆⠀⠀⠀⣿⢸⣿
⠀⡤⠛⠀⠀⠀⠘⠣⡄⢠⡑⢊⡄⢠⠜⠁⠀⠀⠀⠛⢤
⠀⠳⠤⠤⠤⠤⠤⠴⠃⢸⣿⣿⡇⠸⠤⠤⠤⠤⠤⠤⠟
⠀⢠⠀⠀⠀⠀⠀⠀⠀⢤⡈⠻⣿⣿⣿⣿⠟⢁⠤⠀⠀⠀⠀⠀⠀⢠⠀⢸
⠀⢸⠀⠀⠀⠀⠀⠀⠀⠀⠈⠢⡈⠻⠟⢁⠔⠁⠀⠀⠀⠀⠀⠀⠀⢸⠀⢸
⣤⡄⠈⡇⠀⠀⠀⠀⠀⠀⠀⠀⠈⠢⠔⠁⠀⠀⠀⠀⠀⠀⠀⠀⢸⠁⢠⣼
⣿⡇⠀⡇⠀⠀⠀⠀⢰⡦⡀⠀⠀⠀⠀⠀⠀⣀⢴⡆⠀⠀⠀⠀⢸⠀⢸⣿
⠿⠇⠀⡇⠀⠀⠀⠀⢸⡇⠈⠑⠤⡀⢀⠤⠊⠁⢸⡇⠀⠀⠀⠀⢸⠀⠸⠿
⠀⢰⠈⠁⠀⠀⠀⠀⠈⠁⡆⠀⣦⣈⣁⣴⠀⣶⠈⠁⠀⠀⠀⠀⠈⠁⡆
⠀⠘⠀⠀⠀⠀⠀⠀⠀⠀⠃⠀⣿⣿⣿⣿⠀⠛⠀⠀⠀⠀⠀⠀⠀⠀⠃
⠀⠀⢀⣤⣤⢤⣴⣶⣞⣟⣠⡤⡤
⠀⣠⣿⢿⣿⠞⣿⣿⣾⣻⣛⡉⠁
⣰⡿⠿⠚⠛⠋⠳⠿⠿⠛⠚⠁
⠀⠀⠀⠀⢀⣀⣀⣠⣤⣄⡤⣶⣶⡖⣻⠏⣀⣀⣀⣤⡄
⠀⠀⠀⡴⣫⣿⣿⣿⣘⡵⣿⣿⣟⣼⡿⣿⣿⡿⠵⠏
⠀⢀⡞⣱⡟⠸⣿⢟⣋⣼⡟⣻⣿⣟⣱⣿⠖⡶⠂
⣠⡿⠼⠿⠚⠛⠋⠉⠉⠘⠳⠿⠿⠛⠛⠛⠋⠁
⠀⠀⠀⠀⠀⠀⠀⠀⠀⣀⣀⣀⢀⡤⢤⣴⣶⡖⣺⡟⠁⠀⠀⣀⣀⣀
⠀⠀⠀⠀⣠⡞⣻⣭⣽⣿⠈⠟⣫⣾⣿⣿⠟⣰⣛⣲⣿⣯⡭⢏⣽⠋
⠀⠀⠀⣴⢏⣼⡟⣿⣿⣿⣷⠟⣱⣿⣿⣫⣾⣿⢏⣴⢚⣋⣉⡉⠁
⠀⢀⡾⢣⣾⠏⡄⢹⣿⣫⣤⡼⣭⠏⣴⣿⣿⣥⣬⡭⠟⣹⠟
⣠⡿⠥⠿⠒⠚⠉⠉⠉⠀⠀⠀⠉⠓⠚⠛⠚⠛⠋⠉⠉⠁
⠀⠀⠀⣀⣤⣶⢿⡓⣦
⠀⣀⣾⢟⡵⢻⣾⢻⣏⣀⢀⣤⣤⡤
⠺⡿⠿⢺⣷⢏⣵⣋⣄⠈⣽⠛
⠀⠀⠒⠿⠿⣿⠿⠿⠿⠟⠛⠓
⠀⠀⠀⠀⠀⠀⢀⣠⣶⣶⡾⠷⢶⡖
⠀⠀⠀⢀⡴⢚⡯⠭⣿⣄⢹⣗⣢⣿⠆
⠀⢀⣄⣸⣷⠁⡴⠋⢡⣟⣷⢲⡿⢥⣀⣀⢀⡴⣶⢶⣲⡆
⢰⣿⣿⣶⡿⢬⣷⣴⡿⠉⣠⠟⢀⡀⠀⠈⢻⡿⠝
⠀⠉⠉⢉⣀⣴⣿⣿⣶⣾⣿⣿⣟⣓⣦⣤⣿⣄
⠀⠀⠀⠈⠙⠛⠛⠿⠿⠿⠿⠿⠟⠛⠛⠉⠉⠉⠁
⠀⠀⠀⠀⠀⠀⠀⠀⠀⣀⣦⣶⣶⡾⠷⣶⣶⠆
⠀⠀⠀⠀⠀⢀⡴⠾⣛⣛⣿⡏⠈⠒⣦⠄⣸⣧⡄
⠀⠀⠀⠀⢸⣯⡔⠋⣡⠴⠚⢹⡷⣌⣛⣻⡟⠉⠀⠀⠀⠀⣀⣀⣤⣤⢤⡀
⠀⣠⣾⣶⣚⣿⡀⢸⡏⢀⣠⡿⠞⠋⣤⠏⠉⠙⠒⠲⢦⣼⡅⢿⡈⠛⠚⠁
⠘⢿⣿⣯⠿⠟⠛⠶⣿⡾⠟⢀⣠⣞⣋⣀⣤⡀⠀⠀⢨⣿⠛⠉
⠀⠀⠀⠀⣀⣤⣴⣿⣿⣿⣷⣿⣿⣿⣿⣯⣭⣭⣷⣶⣾⣿⣦
⠀⠀⠀⠀⠈⠉⠉⠛⠛⠻⠿⠿⠿⠿⠛⠛⠛⠛⠋⠉⠉⠁⠈⠉⠁
⣶⣄⠀⠀⠀⠙⢿⡿⠋⠀⠀⠀⣠⣶
⣿⣿⠀⠀⠀⠀⠀⠀⠀⠀⠀⠀⣿⣿
⠿⠋⠀⠀⠀⠑⢦⡰⠊⠀⠀⠀⠙⠿
⣷⣄⠀⠀⠀⠀⠀⠈⠙⢿⣿⣿⡿⠋⠁⠀⠀⠀⠀⠀⣠⣶
⣿⣿⣿⠀⠀⠀⠀⠀⠀⠀⠙⠋⠀⠀⠀⠀⠀⠀⠀⣿⣿⣿
⣿⣿⣿⠀⠀⠀⠀⠀⣄⠀⠀⠀⠀⣠⠀⠀⠀⠀⠀⣿⣿⣿
⡿⠋⠀⠀⠀⠀⠀⠀⠈⠑⢦⡴⠊⠁⠀⠀⠀⠀⠀⠀⠙⢿
⣦⣄⠀⠀⠀⠀⠀⠀⠀⠈⠻⣿⣿⣿⣿⣿⣿⠟⠁⠀⠀⠀⠀⠀⠀⠀⣠⣴
⣿⣿⣷⡄⠀⠀⠀⠀⠀⠀⠀⠈⠛⢿⡿⠛⠁⠀⠀⠀⠀⠀⠀⠀⢠⣾⣿⣿
⣿⣿⣿⡇⠀⠀⠀⠀⠀⠀⠀⠀⠀⠀⠀⠀⠀⠀⠀⠀⠀⠀⠀⠀⢸⣿⣿⣿
⣿⣿⣿⡇⠀⠀⠀⠀⠀⠀⡀⠀⠀⠀⠀⠀⠀⢀⠀⠀⠀⠀⠀⠀⢸⣿⣿⣿
⣿⣿⡿⠃⠀⠀⠀⠀⠀⠀⠛⢦⡀⠀⠀⢀⡴⠛⠀⠀⠀⠀⠀⠀⠘⢿⣿⣿
⠟⠋⠀⠀⠀⠀⠀⠀⠀⠀⠀⠀⠙⢦⡴⠋⠀⠀⠀⠀⠀⠀⠀⠀⠀⠀⠙⠻
⣿⣿⣿⡇⠀⠀⠀⠀⠀⠀⢸⣿⣿⣿
⠿⠿⢿⣇⣀⣀⡀⢀⣀⣀⣼⣿⡿⠿
⣿⣿⣿⣿⣿⡇⠀⠀⠀⠀⠀⠀⠀⠀⠀⠀⢸⣿⣿⣿⣿⣿
⣿⣿⣿⣿⣿⡇⠀⠀⠀⠀⠀⠀⠀⠀⠀⠀⢸⣿⣿⣿⣿⣿
⣿⣿⣿⣿⣿⡇⠀⠀⠀⠀⠀⠀⠀⠀⠀⠀⢸⣿⣿⣿⣿⣿
⠙⠛⠿⠿⠿⠷⣦⣤⣄⣀⡀⢠⣤⣤⣤⣶⣿⣿⠿⠿⠟⠛
⣿⣿⣿⣿⣿⣿⣿⠀⠀⠀⠀⠀⠀⠀⠀⠀⠀⠀⠀⠀⠀⣿⣿⣿⣿⣿⣿⣿
⣿⣿⣿⣿⣿⣿⣿⠀⠀⠀⠀⠀⠀⠀⠀⠀⠀⠀⠀⠀⠀⣿⣿⣿⣿⣿⣿⣿
⣿⣿⣿⣿⣿⣿⣿⠀⠀⠀⠀⠀⠀⠀⠀⠀⠀⠀⠀⠀⠀⣿⣿⣿⣿⣿⣿⣿
⠙⠛⠻⠿⠿⠿⠿⢷⣤⣤⣤⣀⣀⡀⢠⣤⣤⣤⣤⣴⣾⣿⣿⠿⠿⠿⠟⠋
⠀⢀⣠⣴⣶⡾⠿⠿⡿⠿⠿⢿⠖
⣴⣿⢛⣭⠖⣊⣪⣥⣥⣤⣀⡀
⠹⣷⠈⠀⢺⣿⣿⣿⣿⣿⣛⡛⢢⡀
⠠⠛⠀⠀⠐⠛⠛⠛⠛⠻⠿⣿
⠀⠀⠀⠀⢀⣀⣤⣴⣶⣶⣿⣿⣿⣿⣿⣿⣿⣷⣶⣶⠄
⠀⢀⣴⣾⣿⣿⡿⠿⢛⡛⢋⡉⣩⡭⠍⠉⠛⠛⠛⠁
⣰⣿⣿⡿⠋⣅⡲⢝⠢⠙⣈⣃⣉⣀⣀⣀
⣿⣿⡿⢀⡭⠖⠉⣤⣾⣿⣿⣿⣿⣿⣿⣿⣿⣷⣄
⠘⣿⣿⠀⠀⠀⠘⣿⣿⣿⣿⣿⣿⣿⣿⣯⣉⣉⡉⢳⣄
⠀⢸⣿⠃⠀⠀⠀⢸⣿⣿⣿⣿⣿⣿⣿⣿⣿⣿⡇⠈⠉⠁
⠀⠊⠁⠀⠀⠀⠀⠈⠉⠉⠀⠀⠀⠈⠉⠛⠻⠿⣷⡀
⠀⠀⠀⠀⠀⠀⢀⣀⣤⣤⣴⣶⣶⣿⣿⣿⣿⣿⣿⣿⣿⣿⣶⣶⣦⡤
⠀⠀⢀⣤⣶⣿⣿⣿⣿⣿⠿⠿⠟⠛⡛⢛⣛⣛⡛⠛⠛⠿⠿⠿⠋
⢀⣴⣿⣿⣿⠿⠛⢩⣄⠲⣦⡻⣧⠹⠇⠸⠋⠁
⣾⣿⣿⡿⠁⠤⠭⣓⠊⠉⣠⣤⣶⣶⣾⣿⣿⣿⣶⣶⣶⣤⣀
⢹⣿⣿⡇⠐⠟⠉⠁⢠⣾⣿⣿⣿⣿⣿⣿⣿⣿⣿⣿⡿⠿⠿⣿⣆
⠀⠹⣿⣿⠀⠀⠀⠀⠘⣿⣿⣿⣿⣿⣿⣿⣿⣿⣿⣷⣶⣤⣤⡄⠈⣷⣄⡀
⠀⠀⣿⡿⠀⠀⠀⠀⠀⢸⣿⣿⣿⣿⣿⠿⢿⣿⣿⣿⣿⣿⣿⣇
⠀⠚⠁⠀⠀⠀⠀⠀⠀⠈⠉⠀⠀⠀⠀⠀⠀⠀⠉⠙⠛⠻⠿⢿⡄
⢀⣠⣤⣤⣴⣶⡏⠐⠶⢤⡀⠤⢤⡀
⠙⠿⠯⣥⡈⠁⢦⣤⣄⣀⡤⠤⠶⠛
⠀⠀⠀⠀⣀⣀⣀⣤⣤⣴⠛⠢⣴⣤⢤⣀⣀⣀
⢀⣴⣺⣭⣷⣶⣾⣿⣿⡿⠋⠀⠉⣙⠓⢦⡀⠉⠉⠓⢦⡀
⢿⣿⣿⡿⠛⠉⠁⠙⠋⢠⡀⠀⠀⠀⠀⠀⠉⠁⢒⡤⣨⡿
⠀⠈⠙⠛⠿⠿⢦⡀⠀⠈⣩⣿⣋⣉⣩⡭⠥⠶⠓⠋⠁
⠀⠀⠀⠀⠀⠀⠀⢀⣀⣀⣀⣠⡴⠓⢦⣤⣦⣀⣀⣀
⠀⢀⣠⠴⢖⣛⣭⣭⣵⣶⣾⣿⣿⠒⠀⠛⠻⠿⢤⣉⠉⠉⠓⠲⠦⣄⡀
⣴⣿⣷⣿⣿⣿⡿⠿⠟⢿⡿⠟⠁⠀⠀⠀⠐⠒⠀⠈⠷⠤⣀⡀⠀⠈⢻⣦
⠙⢿⣿⣿⣋⣁⣀⡀⠀⠀⠀⠀⣾⣀⣀⣀⣀⣀⣀⣀⣀⠀⢀⡨⢟⣡⡾⠋
⠀⠀⠈⠉⠛⠛⠿⠿⢧⡀⠀⠀⢈⣵⣿⣏⣁⣠⣤⠤⠤⠶⠒⠛⠉⠁
⣏⡉⠉⠉⠑⢦⡀⢀⡤⠊⠉⠉⢉⣹
⠀⡇⠀⠀⡖⢄⠈⠁⡠⢲⠀⠀⢸
⣏⣁⣀⣀⣉⡆⠑⠊⢰⣉⣀⣀⣈⣹
⡏⠉⠉⠉⠉⠉⠉⠲⢄⡀⠀⠀⢀⡠⠖⠉⠉⠉⠉⠉⠉⢹
⠉⢹⡆⠀⠀⠀⣠⡀⠀⠉⠢⠔⠉⠀⢀⣄⠀⠀⠀⠐⡏⠉
⣀⣸⠇⠀⠀⠀⣿⣈⡓⢄⡀⢀⡠⢚⣁⣿⠀⠀⠀⠠⣇⣀
⣇⣀⣀⣀⣀⣀⣀⣀⡇⠀⠉⠉⠀⢸⣀⣀⣀⣀⣀⣀⣀⣸
⡏⠉⠉⠉⠉⠉⠉⠉⠙⠢⣄⠀⠀⠀⠀⠀⠀⣠⠔⠋⠉⠉⠉⠉⠉⠉⠉⢹
⠓⠒⡆⠀⠀⠀⠀⠀⠀⠀⠀⠙⠢⣄⣠⠔⠋⠀⠀⠀⠀⠀⠀⠀⠀⢰⠒⠚
⠀⠀⡇⠀⠀⠀⠀⠀⡟⠢⣀⠀⠀⠀⠀⠀⠀⣠⠔⢻⠀⠀⠀⠀⠀⢸
⡤⠤⠇⠀⠀⠀⠀⠀⠧⠤⣤⠑⠦⣀⣀⠔⠊⣤⠤⠼⠀⠀⠀⠀⠀⠸⠤⢤
⣇⣀⣀⣀⣀⣀⣀⣀⣀⣀⣿⠀⠀⠈⠁⠀⠀⣿⣀⣀⣀⣀⣀⣀⣀⣀⣀⣸
⠀⣽⣿⣿⣿⣶⣾⣯⣭⣴⣤⣦
⠚⠛⠛⠛⠛⠛⣾⣷⣿⡇⠉⠁
⠀⠉⡟⣿⣿⣿⡻⣶⣦⣤⡽⣖⠉⢉⣩⣥⣀⣒⡂
⢀⢴⣳⣿⡋⡽⡟⣩⣿⣟⣰⣟⣻⣿⢟⡻⠿⠽⠛
⠉⠉⠉⠉⠉⠈⠈⠉⠉⢁⣗⣷⣿⣿⡸
⠀⠉⢉⢟⣿⣿⣿⣟⢿⣧⣭⣭⣍⣻⡶⠚⠛⢉⣉⣩⡁⠰⠦⠄
⠀⠀⣹⢣⣿⡿⠿⣿⣷⠿⣿⣿⡿⣡⣿⣷⣶⣾⣿⣿⣷⣿⢶⠧⠤
⣰⢫⣷⣿⣿⣗⡵⣹⢢⣶⣿⣿⢆⡟⡿⣰⣿⡿⣣⠒⠛⠓⠋
⠉⠁⠀⠀⠀⠈⠀⠉⠁⠀⠀⠀⣹⣫⣶⣿⣿⣗⡼⠁
⣴⣀⣠⢤⣴⣤⣶⣶⣾⣴⣷⠶⠤
⠀⠀⣄⣌⣻⣳⣎⡛⡟⣿⢢⣕⡆⣤
⣠⡤⠀⠀⠀⣀⣠⣤⣀⣠⣶⣶⣶⣮⣡⣼⣶⣦⣦⣄⡀
⠉⠓⠚⠛⠉⠩⣗⣺⣟⡈⢿⣷⣶⣮⣽⣟⠛⢦⣈⡉
⠀⠀⠀⣰⣴⡀⡏⣟⡍⣟⡄⣏⢹⣍⢹⣭⢱⣰⢱⣤⠰⡔
⣀⡤⠄⠀⠀⠀⢀⣀⣠⣤⣀⣀⣤⣶⣶⣶⣶⣏⢡⣤⣷⣶⣄⣦⣠⣀
⠉⠓⠒⠚⠛⠉⠉⢽⣖⣺⣟⣃⠨⣷⣿⣶⣶⣮⣽⣿⡛⠻⢤⣀⣉⠁
⠀⠀⠀⠀⣴⣤⡆⢸⠉⡏⡭⢹⢹⠄⡏⡉⣯⡋⢹⣩⠉⣆⡶⢰⢤⡄⢦⡔
⣁⠀⠀⢀⣽⣿⡿⢿⣿⣯⡀⠀⠀⣸
⣿⠀⠀⠈⣹⣉⢡⢞⠁⣽⠿⠃⠀⣿
⣿⠀⠀⣴⠄⠫⠳⠀⢈⣴⠁⠀⠀⣿
⣁⣀⣠⠉⣴⣿⣷⣆⣹⣿⣆⣀⣀⣸
⡇⠀⠀⠀⠀⠀⠙⣿⣿⣿⣿⣿⣿⣿⣿⡋⠀⠀⠀⠀⠀⢸
⣷⡆⠀⠀⠀⢚⣉⣟⡿⡟⠁⢙⣷⢏⢿⣿⢶⣤⡀⠀⣶⣾
⣿⡇⠀⠀⠀⠀⣀⣯⣄⢀⢴⠋⡿⢨⣲⡿⠟⠋⠀⠀⣿⣿
⣿⡇⠀⠀⠀⣄⡧⠙⢮⠱⢮⡀⠀⠊⠥⣰⠁⠀⠀⠀⣿⣿
⡿⠇⠀⠀⢀⡿⠋⣠⣤⣤⡀⠀⢀⣺⣿⢻⠀⠀⠀⠀⠻⢿
⣇⣀⣀⣠⣋⡀⣶⣿⣿⣿⣿⣿⣤⣽⣿⣿⣀⣀⣀⣀⣀⣸
⡏⠉⠉⠉⠉⠉⠉⠉⠹⣿⣿⣿⣿⣿⣿⣿⣿⣿⣿⠟⠉⠉⠉⠉⠉⠉⠉⢹
⣇⣀⠀⠀⠀⠀⢠⣶⠶⣿⣿⣿⡟⠝⠻⣯⣻⡿⣿⣿⣦⣀⠀⠀⠀⢀⣀⣼
⣿⣿⠀⠀⠀⠀⠀⠖⠒⡶⠝⠹⠁⢁⣡⡿⡏⢧⠻⣿⣫⣯⣿⠄⠀⢸⣿⣿
⣿⣿⠀⠀⠀⠀⠀⢠⡤⣵⣦⡠⡴⣬⠃⣨⠇⣔⣹⡿⠟⠋⠀⠀⠀⢸⣿⣿
⣿⣿⠀⠀⠀⠀⢠⡸⡅⠹⣬⡛⣶⣌⠀⠁⠔⠋⣡⢤⠏⠀⠀⠀⠀⢸⣿⣿
⣿⣿⠀⠀⠀⠀⢾⣷⠇⠀⠀⣧⠠⠈⠃⠀⢠⣤⣶⣿⠇⠀⠀⠀⠀⢸⣿⣿
⡏⠉⠀⠀⠀⢀⠮⠅⢀⣴⣿⣷⣷⣄⣀⠀⠶⢿⣿⣱⡇⠀⠀⠀⠀⠀⠉⢹
⣇⣀⣀⣀⣰⣑⣀⣀⣿⣿⣿⣿⣿⣿⣿⣧⣤⣾⣿⣿⣇⣀⣀⣀⣀⣀⣀⣸
⣄⠙⢦⣀⠀⠀⠀⠀⠀⠀⣠⡤⠄
⠀⠉⠀⣹⢦⡀⠀⠀⣠⠞⣿⡇
⠀⠀⢀⣿⡀⠹⣦⡔⠁⠀⣿⣇
⠀⠀⠀⠀⠀⠀⠈⠛⢶⣌⡀
⣠⠐⠿⣦⣄⠀⠀⣀⠀⠀⠀⠀⠀⠀⠀⠀⢀⣀⣀⣀⡀
⠙⠶⠤⠬⠻⣿⣏⠀⠀⠀⠀⠀⠀⠀⢀⣴⣿⣿⠁
⠀⠀⠀⠀⠀⣮⠻⣷⣄⠀⠀⠀⠀⣴⠟⢸⣿⣿
⠀⠀⠀⠀⢀⣿⠀⠈⠻⣷⣄⢠⡞⠁⠀⠸⣿⣿⡀
⠀⠀⠀⠰⠾⠿⠶⠦⠀⠈⠻⣿⣦⡀⠠⠶⠿⠿⠷⠦⠄
⠀⠀⠀⠀⠀⠀⠀⠀⠀⠀⠀⠈⠛⠿⣶⣄⡀
⢀⠄⠺⢿⣦⣀⠀⠀⠀⠀⠀⠀⠀⠀⠀⠀⠀⠀⠀⠀⠀⣀⣀⣀⣀⣀
⠻⢤⣄⣀⣉⡿⣷⣶⡊⠁⠀⠀⠀⠀⠀⠀⠀⠀⠀⣠⣞⣿⣿⠋⠁
⠀⠀⠀⠀⠀⠀⢈⡻⣿⡦⡀⠀⠀⠀⠀⠀⠀⣠⡾⠛⣿⣿⣿
⠀⠀⠀⠀⠀⠀⢸⡇⠈⠻⣮⡢⣀⠀⠀⢀⡼⠋⠀⠀⡇⣿⣿
⠀⠀⠀⠀⠀⢀⣿⣇⠀⠀⠈⠻⣮⣳⣔⠛⠁⠀⠀⠀⣇⣿⣿⡄
⠀⠀⠀⠀⠚⠛⠛⠛⠛⠓⠀⠀⠈⠛⢷⣕⢦⡀⠐⠚⠛⠛⠛⠛⠛⠒
⠀⠀⠀⠀⠀⠀⠀⠀⠀⠀⠀⠀⠀⠀⠀⠉⠛⠾⣷⣤⣀
⣤⠀⠀⠀⠀⠈⠻⠟⠁⠀⠀⠀⠀⣤
⠛⠀⠀⠀⠓⣄⠀⠀⣠⠛⠀⠀⠀⠛
⣀⡀⠀⠀⠀⠀⠀⠀⠀⠻⣿⣿⠟⠀⠀⠀⠀⠀⠀⠀⢀⣀
⣿⡇⠀⠀⠀⠀⢰⡀⠀⠀⠈⠁⠀⠀⢠⡆⠀⠀⠀⠀⢸⣿
⠉⠀⠀⠀⠀⠀⠈⠉⣦⡀⠀⠀⢀⣴⠉⠁⠀⠀⠀⠀⠈⠉
⠀⠀⠀⠀⠀⠀⠀⠀⠀⠀⠀⠙⢿⣿⣿⡿⠋
⣿⣿⠀⠀⠀⠀⠀⠀⡀⠀⠀⠀⠀⠻⠟⠀⠀⠀⠀⣀⠀⠀⠀⠀⠀⠀⣿⣿
⠿⠿⠀⠀⠀⠀⠀⠀⠿⢦⡀⠀⠀⠀⠀⠀⠀⢀⡴⠿⠀⠀⠀⠀⠀⠀⠿⠿
⠀⠀⠀⠀⠀⠀⠀⠀⠀⠀⣿⣄⠀⠀⠀⠀⣠⣿
⠀⠀⣀⣀⣤⡀⠀⣴⣶⣾⢂⠤⠤⠜
⠀⠀⢹⣿⠻⣿⣾⠛⣽⡿⠄
⠀⠀⠛⠋⠁⠈⠁
⠀⠀⠀⠀⠀⠀⣀⡀⠀⠀⠀⢀⣤⣶⣶⡶⠀⢠⣄⣀⣀⠴
⠀⠀⠀⠚⣿⣿⣿⣿⣷⣄⣴⣿⡟⣿⣿⡇⠈⠁
⠀⠀⠀⢀⣿⣿⣧⡉⠿⡭⠷⠁⠸⠛⠛⠛
⠀⠀⠤⠙⠉⠁
⠀⠀⠀⠀⠀⠀⠀⠀⠀⠀⠀⠀⠀⠀⠀⣠⣤⣤⣴⣶⡆⠀⢀⠀⠀⣀⠤⣲
⠀⠀⠀⠀⣠⣤⣤⣶⣶⣶⣄⠀⠀⢀⣼⣿⣿⣿⣿⡇⢀⡠⠝⠙⠓⠒⠊⠁
⠀⠀⠀⠀⠉⣿⣿⣿⣿⣿⣿⣷⣤⣿⡿⢟⠉⣿⣿⣇⡀
⠀⠀⠀⠀⠀⣿⣿⣿⣀⠙⠿⣛⣫⣵⠊⠩⣾⠿⠿⠿⠃
⠀⠀⠀⠀⣶⣿⡿⠿⠙⠊⠉⠉⠉⠁
⠀⠀⠤⠒⠉⠁
⠀⠀⣰⡻⢭⠿⣩⣤⣦⣴⡤
⠀⣴⡏⣤⡄⢀⣿⣦⣶⣮⣿⣶⡀
⣰⣿⣧⡿⠞⢉⡡⠾⣻⠗⢿⢯⡛⠓
⠀⠀⠛⠤⠿⠯⢤⡾⠧⠖⠛⠚⠁
⠀⠀⠀⢀⡴⢚⣛⣛⣩⠝⢋⣀⠤⣄⠀⢤⣀⡀
⠀⠀⠀⣾⡝⠂⠈⠑⠈⢉⣭⡉⢉⡉⠉⢟⣣⣀⣀
⠀⢀⣾⡏⠀⣔⢦⠀⠀⣈⣿⣦⠴⠿⠷⠦⠴⢧⣮⡄⢀
⠠⢺⣿⣷⢄⣿⡤⠞⠉⠁⢀⡴⣫⠗⣫⠵⣇⣓⣁⣚⠸⠦
⠘⠛⠺⢿⠋⠁⣀⣄⣤⠚⠁⠀⣡⠎⠀⢀⣼⣀⢙⡆
⠀⠀⠀⠈⠓⠲⠤⠭⠤⠴⠶⡿⠛⠒⠞⠉⠈⠉⠁
⠀⠀⠀⠀⠀⣤⠖⡒⠛⠛⢛⣛⡭⠟⠁⣀⣀⠤⠤⣀
⠀⠀⠀⠀⣨⠷⡀⠈⠛⢿⠛⠒⠒⠺⠿⠶⠾⠶⠶⠶⣟⠛⠂
⠀⠀⠀⣠⣿⠓⠀⡀⠀⠀⠀⠀⢴⣿⠖⠀⢤⣄⡈⠑⠦⢵⡖⢢
⠀⠀⣸⢻⡇⠀⢳⡘⡆⠀⠀⢀⣘⣿⣷⠶⠿⠿⠿⠷⢒⠺⢶⣷⣆⠀⢄
⠠⠤⣿⡽⣷⡄⢸⠇⣠⠶⠛⠉⠁⠀⣠⠞⡫⠗⢛⣁⡿⠘⠶⠭⠶⠧⠼⣤
⠠⢶⣟⣿⣿⡦⠟⠋⠁⠀⠀⢀⡴⠚⠁⠘⢀⡔⠉⠀⠉⡟⠛⠲⡍⠉⠉
⠀⠀⠀⠈⢹⡅⠀⠀⠦⠵⠭⠁⠀⠀⣀⣴⡋⠀⢀⣠⠾⠷⣤⠤⠗
⠀⠀⠀⠀⠀⠈⠙⠒⠲⠶⠶⠖⠒⠻⡽⠛⠛⠫⠏⠁
⠀⠀⢘⣿⣿⣿⣇⣸⣿⣿⣿⡃
⣤⣴⣿⣿⠐⠿⠿⠿⠿⠂⣿⣿⣦⣤
⠀⠀⠀⠀⣿⣿⢿⣿⡿⣿⡇⢸⣿⢿⣿⣿⣿⣿
⠀⠀⠀⢀⣴⣿⣿⣿⣿⣿⣦⣴⣿⣿⣿⣿⣿⣦⡀
⠀⢀⣴⣿⣿⣿⠋⢸⣿⣿⣿⣿⣿⣿⡇⠙⣿⣿⣿⣦⡀
⣿⣿⣿⣿⣿⣿⡇⠘⠋⠉⠉⠉⠉⠙⠃⢸⣿⣿⣿⣿⣿⣿
⠀⠀⠀⠀⠀⢸⣹⡿⣿⣿⣿⢿⣏⡇⢸⣹⡿⣿⣿⣿⢿⣏⡇
⠀⠀⠀⠀⢀⣴⣯⣿⣿⣻⣿⣿⣷⢄⡠⣾⣿⣿⣟⣿⣿⣽⣦⡀
⠀⠀⣠⣶⣽⣿⣟⡿⠋⢰⢳⣽⣿⣿⣿⣿⣯⡞⡆⠙⢿⣻⣿⣯⣶⣄
⣏⣿⣿⣿⣿⣷⣿⣿⡇⠘⠋⠉⠉⠉⠉⠉⠉⠙⠃⢸⣿⣿⣾⣿⣿⣿⣿⣹
⢲⣶⣾⣿⣿⣿⣶⣶⣆
⣿⣿⣿⣿⣿⣿⣿⣿⣿⣿⣆⡀
⠿⣿⣿⣿⣿⣿⣿⠿⢿⣿⡇⠉⠹⠷
⠀⢤⣽⣿⣿⡿⡷⠈⠉⠉⠁
⢤⣤⣴⣶⣾⣿⣿⣿⣿⣷⣦⣤⣤⡤
⣼⣿⣿⣿⣿⣿⣿⣿⣿⣿⣿⣿⣿⣶⣶⣄
⣿⣿⣿⣿⣷⣿⣿⣿⣿⣿⣾⣿⣿⣿⣿⣿⣧⣄⣀
⢼⣿⣿⣿⣿⣿⣿⣿⣿⣿⣿⡿⣿⣿⣿⣿⡎⠉⠛⠛⣿⣦
⠀⠉⠛⠿⣿⣿⣿⣿⣿⣿⠟⢁⣬⣽⣿⣿⡇⠀⠀⠀⠉
⠀⠰⠿⣿⣿⣟⡿⠿⣟⠿⡿
⣤⣤⣤⣤⣶⣶⣿⣿⣿⣿⣿⣷⣶⣤⣤⣤⣤⡄
⢨⣿⣿⣿⣿⣿⣿⣿⣿⣿⣿⣿⣿⣿⣿⣿⣷⣤⣤⡀
⢻⣿⣿⣿⣿⣿⣻⣿⣿⣿⣿⣛⣿⣿⣿⣿⣿⣿⣿⣿⣦
⢻⣿⣿⣿⣿⣿⣿⣿⣿⣿⣿⣿⣿⣿⣿⣿⣿⣿⣿⣿⡿⠿⢷⣶⣤⣤⣄⡀
⠸⠿⣿⣿⣿⣿⣿⣿⣿⣿⣿⣿⣿⣿⡟⠻⣿⣿⣿⣿⣿⠁⠀⠀⠈⠽⠿⠿
⠀⠀⠀⠉⢛⣿⣿⣿⣿⣿⣿⣿⣿⡋⠠⢶⡶⣿⣿⣿⣧
⠀⠀⠿⠟⣿⢿⣿⣻⠿⠿⢿⠻⠿⡟
⠀⠀⠀⣠⣤⡤⠦⢤⣾⣷⣾⢆⣀⡠
⠀⣠⡿⠛⠋⠀⡨⠉⠁⣡⢸⣿⠇
⠤⠽⠷⠶⢶⣿⣷⣶⡿⠷⠟⠉
⠀⠀⠀⠀⠀⠀⣀⣀⣀⣠⣄⣀⡀⣴⣷⡶⢖⣤⡄⠀⠀⣄
⠀⠀⠀⢀⡠⣞⣽⡿⠛⠋⣩⣭⣾⡿⣿⠾⣛⣩⣶⡶⠖⠋
⠀⢀⣠⣼⠴⠿⠛⠀⠀⠀⡨⠈⠁⠚⠁⣄⢸⣿⣿⡧
⠀⠺⣿⣧⣀⣀⣀⣠⡴⣫⣤⣤⣤⣴⡾⣃⣾⣿⠟
⠑⠶⠾⠟⠛⠋⠻⠷⠾⢿⣿⡿⠿⠷⠿⠛⠋
⠀⠀⠀⠀⠀⠀⠀⠀⠀⠀⠀⢀⣀⡀⠀⠀⢠⣶⣦⣤⡴⢞⣄⣀⠀⠀⢀⡀
⠀⠀⠀⠀⠀⠀⣠⢜⣻⣯⡿⠿⠛⠛⢛⣥⣾⣿⣯⣥⡶⠿⢋⣅⢤⣤⡤⠟
⠀⠀⠀⠀⢺⠋⣴⣿⡿⠁⠀⠀⠀⠻⠛⠟⠋⡱⠂⠁⠐⣿⣿⣿⣿
⠀⢀⣴⣿⡿⠋⠉⠉⠀⠀⠀⢀⡤⠊⠁⠀⠀⠀⣠⣿⠀⣼⣿⣿⠋⠁
⡀⠈⠿⣿⣿⣦⣤⣤⣤⣴⢾⣫⣶⣶⣶⣶⣶⡿⢟⣡⣾⣿⠟⠋
⠉⠓⠲⠚⠛⠋⠉⠉⠻⠶⠾⠿⢿⣿⡿⠶⠶⠿⠟⠛⠉
⠑⢆⣀⣀⣠⣤⣤⣤⣤⣤⣀⣀⣠⠊
⠐⠛⠿⣿⢿⣿⣿⣿⣿⠟⠛⠋
⠀⠀⠀⠈⠻⣿⣿⣿⠿
⠐⢶⡀⠀⠀⠀⣀⣀⣀⣀⣀⣀⣀⣀⣀⣀⡀⠀⠀⠀⡲⠚
⢀⣤⣽⣿⣿⣿⣿⣿⣿⣿⣿⣿⣿⣿⣿⡿⣿⠿⠟⠉
⠀⠀⠀⠉⠙⠿⣛⣿⣿⣿⣿⣿⣿⣿⡟
⠀⠀⠀⠀⠀⠀⠈⠻⢿⣿⣿⠿⠿⠿⠁
⠐⢦⡢⢄⠀⠀⠀⠀⠀⠀⠀⠀⠀⣀⣀⡀⠀⠀⠀⠀⠀⠀⠀⠀⣀⠔⡶⠞
⠀⠀⣙⣷⣶⣶⣶⣿⣿⣿⣿⣿⣿⣿⣿⣟⣿⣿⣿⣿⣿⣷⣶⠶⠶⠛⠁
⠐⠛⠛⠛⠿⣿⣿⣿⣿⣿⣿⣿⣿⣿⣿⣿⣿⣿⣿⠏⠉⠉⠉⠁
⠀⠀⠀⠀⠀⠀⠉⠻⣴⣿⡿⣿⣭⣿⣿⣿⣿⣿⡅
⠀⠀⠀⠀⠀⠀⠀⠀⠈⠛⠿⣿⣿⣿⠿⠿⠿⠛
⠀⢠⣶⣿⠶⠉⠉⢉⠉⣙⠐⠒⢢⡄
⣴⢫⡂⠀⠀⠀⠀⠀⠉⠁⠀⠰⣾⢷
⠙⠪⢵⣀⣀⣀⣀⣀⣈⣕⣒⣾⠖⠊
⠀⠀⠀⡴⣶⣶⣶⣶⠛⠛⠉⠉⠉⢉⡙⣖⠦⠤⢤⣄⣀
⠀⢀⣠⠗⠾⠿⠉⠁⠀⠀⠀⠀⢞⡡⣿⠮⠀⠀⠀⠰⣾⠄
⣰⡿⢡⡎⠀⠀⠀⠀⠀⠀⠀⠀⠀⠁⠀⠀⠀⠀⢶⣟⣾⣧
⠸⣇⠘⢧⡀⠀⠀⠀⠀⠀⠀⠀⠒⠲⠤⣄⣀⣀⣬⣉⣁⡿
⠀⠌⠙⠲⠭⣤⣀⣀⣀⣤⣤⣤⣤⣤⣼⣁⣠⣞⠴⠋⠁
⠀⠀⠀⢀⣤⢶⣶⣶⠶⣶⠚⠛⠛⠉⠉⠛⠉⠉⠛⣒⠦⢤⣄⣀⣀⣀
⠀⠀⠀⢘⣷⣝⣿⡿⠛⠋⠀⠀⠀⠀⠀⢠⠖⢉⣷⣌⠂⠀⠀⠀⠀⣬⢷
⠀⣰⡾⢋⡄⠀⠀⠀⠀⠀⠀⠀⠀⠀⠀⠈⠓⠒⠋⠁⠀⠀⠀⣠⣤⣌⣯⡀
⢾⣿⠀⣾⡄⠀⠀⠀⠀⠀⠀⠀⠀⠀⠀⠀⠀⠀⠀⠀⠀⠀⠀⠩⢿⡾⠟⣿
⠘⢿⣄⡘⠷⣄⡀⠀⠀⠀⠀⠀⠀⠀⠀⠀⠉⠙⠒⡦⠤⠤⢴⡶⣤⣤⡴⠋
⠀⠠⠈⠙⠲⠦⠤⣤⣄⣀⣀⣠⣤⣤⡤⣤⣴⣦⣾⣁⣀⣴⣫⠖⠋
⠀⠀⢀⣠⣽⡿⢻⡋⣿⣶⠄
⠀⣼⣿⣶⣻⣟⣾⣷⣿⣻⣶⣤⣤
⠈⠉⠉⠉⠉⠉⠻⣯⣭⠝⠋⠉⠉⠁
⠀⠀⠀⠀⠀⠀⣘⣿⣿⡶⢒⠖⠛⢷⠶⣄⡀
⠀⠀⢀⣠⠔⠚⡧⣿⣏⠀⠸⣶⠤⣻⣷⣟⠁
⠀⢠⠽⢿⣿⡻⡟⣿⡟⣻⢻⣻⣟⣟⡟⣻⢳⡖⣶⢤⡀
⠀⠼⠾⠿⠿⠿⠿⠟⠛⢛⣿⡿⠿⠟⠿⢿⡿⡷⠷⠿⠧
⠀⠀⠀⠀⠀⠀⠀⠀⠀⠀⠘⢷⣷⡶⠚⠉
⠀⠀⠀⠀⠀⠀⠀⠀⢚⣻⣿⣶⡖⢖⡒⠚⠻⣶⣦⣄⡀
⠀⠀⠀⠀⢀⣀⣤⢴⣉⠿⣿⠁⠀⢸⣤⣀⡰⣶⣦⡽⠟
⠀⠀⠀⣾⣿⣴⣦⣴⣾⣿⣿⣶⣤⢦⣽⢦⣽⣿⣿⣟⣦⣀⣀⣀⡀
⠀⠈⡏⣭⣹⣇⣇⣏⣇⣟⣧⣤⣿⣼⣼⡽⣼⣼⣨⣼⣇⣃⣇⡿⣉⢧
⠀⠘⠛⠛⠛⠛⠛⠛⠉⠉⠉⠉⢹⢿⡭⠛⠛⠉⠉⣋⡿⠻⠛⠛⠛⠛⠃
⠀⠀⠀⠀⠀⠀⠀⠀⠀⠀⠀⠀⠀⠉⢿⣿⣾⠾⠋⠁
⠀⣀⣘⣿⡠⢴⢆⢤⡔⣶⣤⣶⣀⡀
⠀⠷⣿⣾⡵⠽⠿⠾⠛⠛⠛⠛⠛⠉
⠀⠀⠀⠀⢺⣽⠂⢀⣠⣤⠀⣀⣀⡠⢤⡦⣀⠤⣤
⠀⢠⡖⣩⠿⢏⣷⢀⣼⣇⣾⣁⠽⣤⠼⢥⢿⣯⣕⣒⣲⡦
⠀⠐⠯⠭⢿⣿⠶⠶⠖⠒⠒⠛⠛⠉⠉⠉⠉⠉⠁
⠀⠀⠀⠀⠀⢰⣏⡷⠀⠀⠀⣠⣀⠀⠀⠀⠀⣀⣠⣦⡄⢀⣀⣀
⠀⠀⢀⡤⠤⣤⣿⢷⡄⠈⢉⣿⢉⡴⠒⢲⡗⠀⣸⡇⢼⡯⠴⢚⣁⣀⣀⡀
⠀⠀⢻⣤⣾⣋⣩⠴⠟⠤⠞⠳⠞⢓⣒⣚⣛⣚⣉⣽⣭⣭⠭⠭⠴⠶⠚⠋
⠀⠀⠛⠲⠶⠶⢶⡾⠿⠛⠛⠛⠋⠉⠉⠉⠉
⠀⠀⠀⠀⢤⣴⣿⣿⣷⡶⠋
⠀⣀⣀⣠⢾⣽⣿⣿⣿⣿⣿⣿⠂
⠀⡠⠡⠔⠲⠏⠩⠿⠫⠍⡅⠩⠵⠇
⠀⠀⠀⠀⠀⠀⣀⣀⣠⣶⣿⣿⣷⣶⣴⣶⡞
⠀⠀⠀⠀⠀⠀⠠⣿⣿⣿⣿⣿⣿⣿⣿⣋⣀⣀⢀
⠀⢀⣀⣀⣀⣀⣶⣾⣤⣿⣿⣿⣿⣿⣿⣿⣿⣿⡿⠇
⠀⠈⠛⡹⠋⠉⢁⠉⣿⣿⡿⣿⣿⡿⢏⠷⢋⢾⡵⡣⣤⠄
⠀⠠⠤⠔⠒⠋⠉⠫⠴⠒⠺⠟⠛⠒⠵⢠⠇⠠⠴⠧⠗⠂
⠀⠀⠀⠀⠀⠀⠀⠀⠀⠀⠀⣤⣶⣿⣿⣷⣶⣤⣤⣴⣶⠇
⠀⠀⠀⠀⠀⠀⠀⠈⠛⣿⣾⣿⣿⣿⣿⣿⣿⣿⣿⡿⠋
⠀⠀⠀⠀⠀⠀⠀⠀⠲⢟⡿⣿⣿⣿⣿⣿⣿⣿⣿⣤⣤⣤⣤⣀⡀
⠀⠀⠀⠀⠀⠀⠀⠰⣿⣾⣤⣼⣿⣿⣿⣿⣿⣿⣿⣿⣿⣿⣿⣿⠿
⠀⠈⠻⣽⢿⡯⠟⠛⠩⠝⢻⣿⣻⣿⣿⣿⣿⣿⡟⣫⣽⢟⡭⣧⡴
⠀⠀⠀⢠⠎⠀⣀⣤⡴⣨⠽⠛⠛⣫⣯⢟⡽⢋⡵⠈⡡⠊⠚⠋⣺⢹⡋⠁
⠀⠠⠴⠖⠚⠉⠉⠀⠈⠓⠒⠛⠁⠹⠚⠋⠉⠑⠚⢢⠗⠀⠒⠾⠷⠒⠋⠁
⠀⢀⣠⣴⣶⣾⣿⣿⣿⣿⣿⡾⠶⠂
⠚⠛⠛⢿⣿⣿⣿⣿⠿⢿⡄
⠀⠀⠀⠉⠉⠙⠻⢿⡟⠀⠁
⠀⠀⠀⠀⣀⣠⣤⣶⣶⣷⣿⣿⣿⣾⣿⣷⣟⣴⣶⣢⣤⡄
⠀⣠⣴⣾⣿⣿⣿⣿⣿⣿⣿⣿⣿⣿⣿⣿⠿⠟⠋⠉
⠚⠛⠛⠛⠻⢿⣿⣿⣿⣿⣿⣿⣿⣿⣿⣷⡀
⠀⠀⠀⠀⠤⠿⠿⢿⣿⣿⣿⣿⣷⣦⡄⠹⠃
⠀⠀⠀⠀⠀⠀⠀⠀⠀⠈⠙⠻⢿⡟
⠀⠀⠀⠀⠀⠀⢀⣀⣠⣤⡴⣶⡖⣿⣇⣿⡏⣾⣿⣣⣶⢖⣴⣦⠤⣀⣀
⠀⠀⠀⣀⣐⢾⣿⣝⣿⣿⣿⡿⣿⣻⣿⣿⢿⣿⣿⣟⣵⣿⣫⣵⠿⠟⠋⠁
⠀⣠⣾⣿⣿⣿⡿⣿⣿⣿⣿⣿⣿⣿⣿⣿⣿⣿⣷⠯⠛⠋⠉
⠘⠙⠛⠛⠛⠹⠿⢿⣿⣿⣿⣿⣿⣿⣿⣿⣿⣿⣿⣷⡄
⠀⠀⠀⠀⠀⠀⣰⣿⣿⣿⣿⣿⣿⣿⣿⣿⣍⣉⠉⢻⡟
⠀⠀⠀⠀⠀⠉⠉⠉⠛⠛⠛⠻⢿⣿⣿⣿⣿⣿⠃⠈⠁
⠀⠀⠀⠀⠀⠀⠀⠀⠀⠀⠀⠀⠀⠉⠛⠿⣿⠁
⠀⠀⠀⠀⠀⠈⠙⠛⣻⣶⣶⣤⣀
⠀⠀⠛⣿⣛⠿⡿⠿⡟⡻⠿⠆⠉⠃
⠀⠒⠚⠻⣿⡿⠛⠛⠛⠃
⠀⠀⠀⠀⠀⠀⠀⠀⠘⠛⠛⠻⠿⢶⣶⠶⣶⣄⡀
⠀⠀⠀⢠⠤⢤⢤⠤⣤⢤⣤⡤⣤⢾⠿⢿⢭⡟⠿⣶⣄
⠀⠀⠀⠛⠓⣿⠛⠻⢭⣛⡻⣿⣾⡟⢓⣿⣿⠖⠀⠀⠉⠁
⠀⠀⣀⣀⣾⣭⣭⣭⣵⣮⣴⣬⣾⣴⣯⡀
⠀⠈⠉⠉⠉⠉⢿⣽⠟⠉⠉⠉⠉⠉⠉
⠀⠀⠀⠀⠀⠀⠀⠀⠀⠀⠘⠛⠛⠿⠿⠿⣶⣶⣶⠶⢶⣦⡀
⠀⠀⠀⠀⠀⣀⣀⣀⣀⣀⣀⣀⣀⣀⣀⣀⣀⣼⣻⣷⣛⢻⣭⣗⣦⣀
⠀⠀⠀⢠⣮⣴⣵⣫⣿⢭⠾⢭⣵⣹⣧⣏⣮⢾⣍⠼⡥⢯⣄⠈⠙⠻⠷
⠀⠀⠀⠀⠀⢀⡼⠯⣤⣤⡓⠒⡲⢊⠭⢝⡶⠂⣰⠖⠒⠛⠁
⠀⠀⣠⣤⣤⣿⣶⣶⣶⣶⣾⣿⣷⣾⣿⣾⣷⣾⣷⠄
⠀⠈⠉⠉⠉⠉⠉⠹⢯⣭⡿⠋⠉⠉⠉⠉⠉⠉⠁
⢠⣶⣶⡤⠄⣰⡖⠾⣟⣤⣄⡀
⣈⣽⣿⡦⢀⣃⣀⡽⡻⠯⡟⠿⣄
⠙⠋⣶⢫⣍⡤⠖⠛⡀⠞⢁⠈⣻⣅
⠀⠀⠈⠒⢻⡤⠶⠚⠻⠒⠋⠉⠛⠋
⠀⣤⣤⡤⠤⣀⣄⠀⠠⠶⠤⣴⣚⠶⣤⣀⡀
⢘⠻⣷⢋⣔⠋⠀⠀⡞⠛⠁⣀⣘⣳⣾⢯⣳⣶⣤
⢀⣤⣟⣿⠿⠧⠃⣠⣤⣤⣤⡶⢿⠙⠿⠴⣃⠘⠿⣖
⠙⠞⠏⢤⠖⢛⢉⠉⢀⣀⡴⠛⠋⠀⣴⠚⠃⠈⠛⠿⣗
⠀⠀⠀⠘⢆⠘⣹⡟⠉⠀⠀⠀⣰⣦⠁⣀⡴⣤⣈⣳⣾⠧
⠀⠀⠀⠀⠀⠉⠘⢧⠶⠖⠛⠋⠁⠛⠋⠉⠀⠀⠀⠀⠈⠁
⠀⣠⣤⣤⣤⣄⣀⣀⣀⣀⡀⠠⢶⣒⣒⡒⢷⢖⣀⣀⣀⡀
⠐⢮⣿⣭⠟⡢⡞⠁⠉⠀⢶⠟⠖⠂⠈⠉⠷⣦⣾⣟⠻⣦⣶⣀
⠀⡁⣨⣷⣾⣿⣦⡰⡄⠀⠋⠀⠀⠀⣉⣿⡛⢿⣷⣏⣿⠉⣿⣯⣅⡀
⣼⡞⣿⠾⠛⢉⣩⡥⠤⠾⠛⠛⠛⢛⣭⣡⠃⠈⢉⣉⣴⠂⢠⣭⣿⣦⣀
⠀⠉⠘⠈⢻⡏⠠⣇⣤⣀⣠⠴⠶⠛⠁⠁⠀⠀⡟⠁⠀⠀⠀⢀⣉⡻⣦⡀
⠀⠀⠀⠀⠈⠳⣄⣠⢼⠋⠀⠀⠀⠀⣀⣠⣿⣦⣀⣠⡴⠷⠦⠤⣼⣿⣿⠓
⠀⠀⠀⠀⠀⠀⠈⠁⠘⢷⠶⠚⠛⠛⠉⠁⠘⠛⠉⠁
⡋⠁⠀⠈⠀⠀⢀⡀⠀⠀⠁⠀⠈⢙
⡂⠀⠄⠀⠂⡀⠉⠉⢀⠐⠀⠠⠀⢐
⣿⣧⣤⣤⣀⣀⡀⢀⣀⣀⣤⣤⣼⣿
⡟⠋⠁⠀⡀⠈⠁⠀⠀⠀⠀⠂⠀⠀⠀⠈⠁⢀⠀⠈⠙⢻
⠇⡡⠀⢠⠄⠀⠀⠀⠤⢀⣤⣤⡀⠤⠀⠀⠀⠠⡄⠀⢌⠸
⡇⡀⠀⢆⠀⠀⠸⠀⠀⠊⠀⠀⠑⠀⠀⠇⠀⠀⡰⠀⢠⢸
⣷⣦⡀⠀⠁⠀⠀⠀⠙⡀⠁⠈⢀⠋⠀⠀⠀⠈⠀⢀⣴⣾
⣿⣿⣿⣦⣴⣶⣤⣤⣑⣀⡀⢀⣀⣊⣤⣤⣶⣦⣴⣿⣿⣿
⣿⢛⠉⠁⠀⡀⠀⠩⠁⠀⠀⠀⠀⠰⠆⠀⠀⠀⠀⠈⠍⠀⢀⠀⠈⠉⡛⣿
⣇⠨⣀⠈⠀⣉⠤⠀⡀⠒⣒⠀⠤⣀⣀⠤⠀⣒⠒⢀⠀⠤⣉⠀⠁⣀⠅⣸
⣥⢸⠀⠀⡜⠁⠀⠀⡤⠀⠉⢩⠚⠛⠛⠓⡍⠉⠀⢤⠀⠀⠈⢣⠀⠀⡇⢬
⣇⠘⢄⠀⠑⢄⠀⠀⠈⠀⢤⡀⢠⠤⠤⡄⢀⡤⠀⠁⠀⠀⡠⠊⠁⡠⠃⣸
⣿⣿⣷⣕⢄⡀⠁⠀⠀⠀⡄⠣⡀⠄⠠⠀⠜⢀⠀⠀⠀⠈⢀⡠⢪⣾⣿⣿
⣿⣿⣿⣿⣷⣶⣶⣶⣦⣤⣌⣂⣀⡈⢁⣀⣐⣡⣤⣴⣶⣶⣶⣾⣿⣿⣿⣿
⡀⢤⣶⣶⡎⠫⣭⣭⣝⠓⠲⠶⣤⣀
⠉⠛⠷⠦⠍⠁⣈⣈⠙⠓⠲⠾⠛⠉
⠀⣀⣠⣤⣴⣶⣖⠚⢟⣛⣛⣛⣛⢛⠳⠒⢶⣦⣤⣄⣀
⢎⣬⣝⣻⣝⠛⠿⢦⡀⠙⣿⠻⡿⣿⣯⣀⢀⡘⣩⣿⣿⡱
⠀⠉⠙⠛⠻⠿⠷⠀⢀⣀⣬⣤⣀⡉⠀⠙⠩⠟⠛⠋⠉
⠀⠀⢀⣀⣠⣤⣤⣶⡶⠶⣟⡛⠿⠛⠛⠿⠿⠷⠶⠶⢶⣤⣤⣄⣀⡀
⡴⡊⠾⢿⣿⠿⣿⣿⣯⡀⠈⠹⢻⣿⣿⣿⣷⣷⣖⠀⠀⠉⠭⠟⣿⣿⣕⢦
⠳⢝⣿⣶⣶⣥⣤⣉⠉⠛⠲⠀⠘⠿⠈⠻⢹⡿⠷⣲⣄⣴⣬⣾⣿⣿⡫⠞
⠀⠀⠈⠉⠙⠛⠛⠿⠟⢀⣀⣀⣤⣤⣶⣤⣀⡈⡀⠈⠡⠜⠛⠋⠉⠁
⠙⠻⣿⣿⣿⣿⣿⣿⣿⣄
⠀⠀⣼⣿⣟⣻⢿⣿⣿⣽⣯⣧⣀
⠀⠄⠼⠿⠛⠿⠿⠿⠻⠿⢿⣿⣿⠟
⠙⠯⣍⣉⣉⣩⣭⠭⢿⣿⣿⣿⣏⣳⡀
⠀⠀⠈⠛⣷⣶⢖⣛⣭⠷⣺⣿⣾⢿⣽⣆⣀⣀
⠀⠀⠀⢰⣶⣻⡟⣛⠲⣿⠷⠻⣿⣛⣀⣿⢦⣽⣤⡀
⠀⠀⠀⠛⣻⣿⣟⣱⣿⠁⣾⢥⢶⡟⣿⠯⢿⣚⡽⢟⡷⣦
⠀⠐⠒⠚⠓⠛⠂⠀⠛⠒⠛⠛⠋⠳⠿⠿⠟⣵⣞⣋⡴⠋
⠹⢯⣛⠛⠛⠛⠛⢛⣛⣛⣫⣭⠽⢿⣿⣏⠙⣦
⠀⠀⠉⢿⣛⠛⠛⢉⣉⣥⠴⠖⣛⣭⢷⣋⡷⣜⢦⡄
⠀⠀⠀⠀⠈⠻⢿⣍⣁⣤⠶⠛⢉⡼⣟⣯⣝⠻⠟⣳⠤⠤⣤
⠀⠀⠀⠀⣴⣻⣟⣿⠟⠒⠲⢾⡭⠖⠛⣿⣋⠁⠀⣼⣷⣄⡻⣄⡀
⠀⠀⠀⠀⢾⣿⣽⢿⡿⠋⣽⠋⠀⣴⢆⣈⣙⣻⢟⡿⣛⣫⡽⢗⣯⢷⣦⡀
⠀⠀⠀⠀⣠⠜⣫⡿⠶⠒⣻⠆⠸⣏⣹⣇⢿⡀⢿⣉⣩⡴⠖⠋⣡⠞⢉⡿
⠀⠀⠉⠁⠙⠛⠛⠛⠀⠀⠉⠉⠛⠋⠉⠉⠀⠛⠛⠛⠛⢲⣶⣋⣁⡴⠋
⠈⣩⣬⣬⣭⣬⣤⣥⣬⣬⣤⠈⣉⡉
⢠⣿⡿⢷⣿⡭⢽⣯⡿⣿⣏⣿⣿⠏
⠀⣉⣬⡥⣭⣬⣥⣭⣬⣤⣥⣭⣤⣭⣬⣥⣥⡅⢈⣈⣁⠉
⢠⣽⣿⣿⡿⢦⣿⣯⣭⠭⣾⣿⣽⡿⢷⣿⡏⣽⣿⣿⡿⠁
⠀⠚⢋⣘⣃⣛⣁⣛⣃⣛⣈⣋⣘⣁⣛⣃⣐⣋⣘⣃⣓⣘⡃⠘⠁⠛⠘⠋
⠀⠰⣿⣿⣯⣿⣟⢛⣿⣿⢿⣿⣿⣻⣿⡿⣿⣿⣟⣿⣿⠿⣠⣶⣶⣶⣶⡄
⠴⣿⣿⣯⣿⡿⠿⢾⣿⣯⣶⠶⠶⣿⣿⣵⣿⠿⢿⣿⣿⠰⣿⣯⣽⡿⠟
⠀⠀⣀⣤⣶⣾⡿⣿⣶⣶⣄
⠀⠘⠷⢒⣾⣿⣿⣿⣿⣿⣿⣷⡀
⠂⠀⠀⠂⠶⠴⢦⣦⡶⠼⠾⠘⠘⠈
⠀⠀⠀⠀⠀⣀⣴⣶⣶⣿⣿⣿⣷⣶⣦⣤
⠀⠀⢀⡴⠚⠙⠝⢿⣿⣟⣛⣿⣿⣿⣿⣿⣶⣄⡀
⠀⠀⠘⢧⠶⠒⢲⣶⣶⣿⣿⣿⣿⣿⣿⣿⣿⣿⣿⠂
⡰⠀⠒⢐⢢⢘⠋⡙⠙⠉⠛⢙⢫⢙⠋⠟⣹⠍⣽⢃⠒⡐
⠁⠁⠁⠈⠀⠉⠘⠛⠛⢛⣿⣿⡿⠿⠛⠻⠛⠉⠁⠈
⠀⠀⠀⠀⠀⠀⠀⢀⣤⣦⣶⣾⣿⣿⣿⣷⣶⣤⣤⣄⡀
⠀⠀⠀⠀⣠⡤⠾⢛⠿⣿⣿⣿⡿⠿⣿⣿⣿⣿⣿⣿⣧⣄
⠀⠀⠀⢸⡃⣀⣤⣤⣤⣬⣽⣛⣶⣾⣿⣿⣿⣿⣿⣿⣿⣿⣿⣶⡄
⠀⠀⠀⡈⠳⡋⢉⣭⣽⣿⣿⣿⣿⣿⣿⣿⣿⣿⣿⣿⣿⣿⣿⣿⣇
⣰⣡⣈⡅⣸⡁⣆⣸⢡⣌⣠⣁⣀⣁⣠⣁⣖⣨⣁⣚⣠⣷⣀⣶⢁⣬⣡⠏
⠀⠀⠀⠀⠀⠀⠀⠀⠚⠛⠛⠛⣛⣿⣿⣿⠿⠟⠋⠹⠟⠋
⠀⣠⡴⠞⠛⣷⠀⣤⣄⢀⡒⢂⣀
⣾⣏⣐⣿⠟⠩⠟⢾⢵⡯⣐⣾⡧⣤
⠠⠽⠿⠶⠿⣿⠿⠛⠛⠙⠛⠉⠉⠁
⠀⠀⢀⣠⣴⠶⠛⢻⣿⡆⠀⣀⣤⠀⠀⠀⠶⠶
⢠⣶⡟⠉⢤⣤⣶⡶⠖⣒⡴⣫⡽⣋⣴⠟⣁⣈⣽⡛⠁
⠻⠿⣤⠴⠶⠟⣋⣀⣘⣩⣤⣭⣭⣭⣭⣭⢴⣖⣿⣯⣽⠷
⠀⠒⠒⠛⠛⠛⠿⠿⣿⠿⠛⠛⠉⠉⠀⠉⠉⠁
⠀⠀⠀⠀⣀⣤⣶⠾⠿⢿⣿⣶⠀⠀⢀⣀⡀⠀⠀⠀⠤⠤⠤
⠀⣠⣴⡿⠟⠉⣀⣀⣠⣬⣭⣭⢄⣠⡿⢛⣷⠖⣠⣶⠖⠂⠴⢶⣶⠶
⣴⣿⡟⠀⠀⣙⣩⣿⡿⠟⢀⣴⡿⠫⢾⡯⠴⠾⡿⠥⠴⢒⣚⣿⣶⠤⣤⣄
⠈⠛⠛⠛⢛⣛⣋⣥⣤⣤⣴⣶⣶⣶⣶⣶⣾⣿⡟⣷⣟⣿⡷⠾⡵⠶⠾⠋
⠐⠒⠛⠛⠛⠛⠛⠛⠻⠿⣿⠿⠟⠛⠉⠉⠀⠀⠀⠈⠉
⠀⠀⠀⠀⠀⣀⣀⣤⣶⣾⣇⣀
⢀⣠⣴⣾⣿⣿⣿⣿⡿⠿⣛⣟⢛⡦
⠉⠉⠉⠉⠉⠙⣿⠛⠓⠢⠷⠊⠁
⠀⠀⠀⠀⠀⠀⠀⠀⠀⠀⠀⣀⣤⣤⣶⣿⠂
⠀⠀⠀⢀⣀⣤⣴⣶⣾⣿⣿⣿⣿⣿⣿⣿⣿⣿⣷⣦⣄
⣠⣴⣾⣿⣿⣿⣿⣿⣿⣿⣿⣿⣟⠛⠉⢩⡽⠟⢦⠤⠼⠛
⠀⠀⠀⠀⠀⠀⠀⠀⠈⠻⡟⠉⠉⠉⠓⠦⠽⠛
⠀⠀⠀⠀⠀⠀⠀⠀⠀⠀⠀⠀⠀⠀⠀⣀⣠⣤⣴⣾⡷
⠀⠀⠀⠀⠀⠀⠀⣀⣀⣤⣤⣴⣶⣶⣿⣿⣿⣿⣿⣿⣷⣶⣶⣤⣄⡀
⠀⠀⢀⣠⣴⣾⣿⣿⣿⣿⣿⣿⣿⣿⣿⣿⣿⣿⡿⠿⠿⠿⠿⠟⠛⠛⢶⣤
⠴⠾⠿⠛⠻⠿⠿⠿⠿⠿⠿⣿⣿⣿⣿⣯⣭⣁⡀⠀⣾⣉⣉⠻⠒⠛⠉
⠀⠀⠀⠀⠀⠀⠀⠀⠀⠀⠀⠙⠿⡟⠁⠀⠀⠀⠉⠒⠒⠚⠁
⡄⠀⠀⠀⠀⠀⠀⠀⠀⠀⠀⢀⣤⣾
⣷⠀⠀⠀⠀⠀⠀⠀⠀⠀⣰⣿⣿⣿
⡄⢠⠀⠀⠀⢀⠀⡠⠂⠀⠀⠀⠀⢀⠀⠀⠀⠀⢀⣀⣤⣾
⣿⡀⠂⠀⠀⠀⠂⠀⠀⡀⠀⠀⠐⠀⠀⢀⠊⣰⣿⣿⣿⣿
⣿⣧⠈⠀⠀⠀⠀⠀⠀⠈⠀⠀⠀⠀⠀⢁⣼⣿⣿⣿⣿⣿
⡄⠐⡀⠀⠀⠀⠀⡄⠐⢂⠔⠀⠀⠀⠀⡄⠒⢀⠆⠀⠀⠀⡀⠀⠒⢀⣤⣾
⣷⠀⢡⠀⠀⠀⠀⢡⡠⠁⠀⠀⠀⠀⠀⠱⡠⠃⠀⠀⢀⠌⢀⣾⣿⣿⣿⣿
⣿⣇⠀⠆⠀⠀⠀⠀⠀⠀⠀⡠⠄⠀⠀⠀⠀⠀⠀⡠⠃⣠⣿⣿⣿⣿⣿⣿
⣿⣿⡄⠘⠀⠀⠀⠀⠀⠀⠊⢀⠘⠂⠀⠀⠀⠀⠐⢁⣼⣿⣿⣿⣿⣿⣿⣿
⠀⣀⣠⣤⣶⣶⣶⣿⣿⣿⣷⡶⠦
⠀⠀⠀⠀⠉⠙⠛⠿⡟⠁⠙⠓⠌⠉
⠀⠀⠀⠀⠀⢀⣀⣤⣤⣶⣶⣿⣿⣿⣿⣶⣶⣦⣤⣀
⢀⣀⣤⣴⣾⣿⣿⣿⣿⣿⣿⣿⣿⣿⡿⣿⣽⠿⠟⠛⠣⣄
⠀⠀⠀⠀⠀⠀⠉⠛⠿⠿⢿⣿⣿⣿⠧⠬⢿⣿⣅⡚⠻⠞
⠀⠀⠀⠀⠀⠀⠀⠀⠀⠀⠀⠙⠻⠅⠀⠀⠀⠀⠉⠉
⠀⠀⠀⠀⠀⠀⠀⠀⢀⣀⣤⣤⣤⣴⣿⣿⣿⣿⣿⣶⣶⣦⣤⣀⡀
⠀⠀⠀⢀⣠⣤⣶⣿⣿⣿⣿⣿⣿⣿⣿⣿⣿⣿⣿⣿⡿⣿⣿⣿⠿⠷⣀
⠀⠚⠛⠛⠛⠛⠛⠻⢿⣿⣿⣿⣿⣿⣿⣿⣿⣿⡍⠻⣭⣉⣩⢅⣀⣤⡌⣳
⠀⠀⠀⠀⠀⠀⠀⠀⠀⠈⠙⠛⠛⠻⣿⣿⣿⠗⠚⠓⠒⠯⢝⣳⣤⡀⠛⠁
⠀⠀⠀⠀⠀⠀⠀⠀⠀⠀⠀⠀⠀⠀⠈⠛⠿⠄⠀⠀⠀⠀⠀⠀⠉
⠀⠐⢻⡿⠿⠆⢀⡀⠰⠾⢻⡟⠃
⠀⠰⣴⣶⣯⠉⠛⠟⠁⣽⣶⣧⡄
⠀⠀⠀⠶⣶⣶⣶⣶⣄⠀⠀⠀⠀⢀⣴⡶⢶⣶⡶⠆
⠀⢀⣀⡀⠰⢀⣀⠴⠤⢦⣶⣦⣤⠀⠦⣅⠐⠴⠀⢀⠂
⠀⠀⠀⠶⠿⠿⠷⠶⠀⠀⠉⠋⠁⠀⠰⠶⠿⠿⠷⠆
⠀⠀⠀⢰⣶⣶⣶⣶⣶⣦⣄⠀⠀⠀⠀⠀⠀⢀⣤⣶⣶⣶⣶⣶⣶
⠀⠀⠤⠤⠤⢝⡛⣛⠝⢉⠋⣁⣀⣀⣀⡀⠀⢩⡙⠯⢉⡙⣉⣁⣐⢀⡀
⠒⠒⠶⠶⠒⣨⣥⣶⡖⠋⠉⠙⠿⣿⣿⡿⠇⠘⠛⠲⣤⣍⣩⡀⠀⠄⠠⠤
⠀⠀⠀⠸⠿⠿⠿⠿⠿⠿⠀⠀⠀⠈⠉⠀⠀⠀⠸⠿⠿⠿⠿⠿⠿
⠀⠠⣤⠴⠖⠒⢚⡓⠒⠲⢦⣤⠄
⢰⣾⢉⣸⣶⡞⠉⠉⢲⣶⣇⡙⣷⡆
⠘⠛⠓⠛⠿⣷⡄⢠⣾⠿⠛⠚⠛⠃
⠀⠀⠀⠀⠀⠈⠳⠟⠁
⠀⠀⠀⣀⣀⣠⣤⠤⠤⠶⠖⠲⠶⠤⠤⣤⣄⣀⣀
⠀⠀⣈⣽⠯⢀⣀⡀⢀⡠⠴⠦⢄⡀⢀⣀⡈⠿⣯⣁⡀
⠈⣿⡿⠀⣠⣬⡿⠿⡃⠀⠁⠉⠀⢹⠿⢯⣤⡄⠐⣿⣿⠁
⠐⠟⠿⠷⠦⠭⣭⣛⢿⡄⠀⠀⢠⣿⣛⣭⠭⠴⠿⠟⠻
⠀⠀⠀⠀⠀⠀⠀⠈⠻⣿⡄⣰⣿⠋⠁
⠀⠀⠀⠀⠀⠀⠀⠀⠀⠈⠻⠟⠁
⠀⠀⠀⠀⣀⣀⣀⣀⣠⣤⣤⡤⠴⠖⠶⠦⢤⣤⣤⣄⣀⣀⣀⣀
⠀⠀⠀⠘⣿⣟⠋⠉⠀⠀⠀⠀⣀⣠⣄⣀⠀⠀⠀⠀⠉⢛⣿⣿⠋
⠠⢶⣾⣯⠉⠁⠀⣻⣿⣶⣶⠋⠑⠂⠒⠈⠙⣶⣾⣿⣛⠀⠉⢩⣿⣷⡶⠄
⠀⣾⣿⣧⣄⠘⠯⠭⣽⣿⣶⠀⠀⠀⠀⠀⢠⣾⣯⣭⠭⠿⠃⣤⣼⣿⣷
⠀⠉⠉⠉⠉⠉⠛⠛⠲⠶⣽⣷⡄⠀⠀⣠⣾⣭⠶⠖⠛⠋⠉⠉⠉⠉⠉
⠀⠀⠀⠀⠀⠀⠀⠀⠀⠀⠈⠻⣿⣄⣰⣿⠟⠁
⠀⠀⠀⠀⠀⠀⠀⠀⠀⠀⠀⠀⠈⠻⠟⠁
⢉⣭⣭⣭⣷⣶⣀⣀⠤⠬⠽⠿⠿⠏
⠈⣉⣉⣭⠭⣭⣭⣭⣭⠟⣿⣿⣶⡆
⣈⣙⣛⣿⡄⠀⠲⠟⠁⠀⢶⣶⣶⣄
⠉⣉⣉⣉⣛⣛⣓⣶⣦⣄⠀⠀⠠⠤⠭⠭⠭⣭⣽⣿⣿⠉
⠀⠿⠿⠿⠟⠛⠛⠛⠛⠓⠒⠒⠶⠶⠶⣶⣶⣦⣤⣤⣀
⠀⣤⣤⣶⣶⠾⠏⠙⠿⠿⠿⢿⣿⡿⠛⠰⠿⠿⠿⠿⠿
⣀⣬⣭⣍⣛⣻⣇⡀⠀⠈⠻⠟⠁⠀⠀⣘⣛⣛⣿⣿⣷⣀
⠙⠛⠛⠛⠛⠛⠛⠛⢳⣶⣦⣄⠀⠀⠀⠀⣀⣀⣉⣉⣉⣩⣭⣭⣿⣿⣿⠛
⠀⣾⣿⣿⣿⣿⣿⣿⣿⣿⣿⣯⣭⣤⣤⣤⣤⣤⣤⣤⣤⣀⣈⣉⠉⠉⠉
⠀⠉⠉⠉⢀⣀⣀⣤⡤⣤⣤⣤⣤⣤⣤⣤⣬⣭⣭⢛⣻⣿⣿⣿⣿⣿⣶
⠀⢶⣾⣿⣿⣿⣟⣛⡃⠈⠙⢛⣛⣛⣻⣿⠿⠛⠁⢘⣛⣉⣉⣉⣉⡉⠋
⣠⣴⣤⣤⣬⣭⣙⣻⣧⡄⠀⠀⠈⠻⠟⠉⠀⠀⢀⣘⣛⣛⣛⣛⣿⣿⣿⣤
⠠⣶⡿⠓⠚⠛⠓⠛⠛⠓⠚⣿⣶⠄
⢰⡏⠀⠀⢈⠁⣶⣶⠈⣶⣾⣿⣿⡆
⠈⢷⣀⠀⠈⢻⣿⣿⣿⣿⣿⣿⡿⠁
⠀⠀⠈⠓⠲⠬⣿⣷⠿⠟⠛⠉⠁
⠀⣠⣶⣒⣓⠒⠖⠒⠛⠛⠒⠒⠛⠛⠒⠲⠖⣺⣶⣶⣄
⠀⣼⡟⠉⠀⠀⠀⠰⠖⣠⣤⣤⣄⠲⣦⣠⣴⣾⣿⣿⣧
⠸⢿⡆⠀⠀⠀⠀⠻⣤⢶⣿⣿⠶⣤⣿⣿⣿⣿⣿⣿⡿⠇
⠀⠘⠿⢤⣄⡀⠀⠀⢨⡿⣿⣿⢿⣿⣿⣿⣿⣿⣿⡿⠃
⠀⠀⠀⠀⠈⠛⠛⠓⠶⠭⣶⡶⠿⠿⠛⠛⠋⠁
⠀⢀⣤⡶⠶⠶⠶⢶⠶⠶⠶⠶⠶⠶⠶⠶⠶⠶⠶⠶⡶⠶⠶⣶⣶⣄
⠀⠘⣿⣷⠟⠋⠁⠀⠀⠀⡀⣀⠀⠀⠀⠀⣀⣀⠀⠀⠀⢈⣽⣿⣿⣿⠃
⠀⣼⡿⠁⠀⠀⠀⠀⠀⢘⠋⠱⣶⣾⣷⡶⠈⠙⣷⣶⣾⣿⣿⣿⣿⣿⣧
⠐⢿⣷⡀⠀⠀⠀⠀⠀⠻⣦⡶⢶⢒⡒⡶⢶⣴⣿⣿⣿⣿⣿⣿⣿⣿⡿
⠀⠀⢿⣧⡀⠀⠀⠀⠀⠀⠈⣷⣾⣿⣿⣷⣿⣿⣿⣿⣿⣿⣿⣿⣿⡿
⠀⠀⠀⠛⠛⠻⣶⣄⣀⣀⠀⠿⣝⣛⣛⣩⣿⣿⣿⣿⣿⣿⠟⠛⠛
⠀⠀⠀⠀⠀⠀⠈⠈⠉⠙⠛⠷⠶⠿⠿⠿⠿⠛⠋⠉⠁
⠀⠀⠀⠀⡲⠒⣂⠐⢹⡆⠰⡄
⠀⠀⠀⣸⠛⢮⣽⣦⢞⣅⠀⠘⡀
⠀⠀⠐⠁⢠⣶⣯⣿⣻⣿⣷⣦⣇
⠀⡴⠶⣾⡷⠿⣿⠿⡿⢿⣿⡿⠿⡷
⣰⣃⡶⣬⣆⣸⣗⣶⣉⣟⣻⣃⡼
⠀⠀⠀⠀⠀⠀⠰⠤⠐⠶⠒⠠⠖⢉⡄⠀⠐⡄
⠀⠀⠀⠀⠀⢠⢞⣆⡠⢔⣊⣀⠀⣨⠗⠀⠀⠙⢦
⠀⠀⠀⠀⢀⠽⠀⠈⠒⢶⣶⡯⠞⣁⣴⣄⠀⠀⠈⡄
⠀⠀⠀⢠⠃⠀⠀⣠⣖⣋⣩⠭⡭⠿⣿⣿⣃⣒⡠⠣⡀
⠀⠀⣠⣘⣐⣄⣂⣉⣿⣿⣿⣿⣿⣿⣿⣶⣿⣿⣿⣿⣿⣄
⠀⢰⡇⠀⠈⠻⠟⠋⠀⣠⡏⠁⠴⠤⢤⣾⣿⣿⠅⠀⡴⠋
⣰⣋⣀⡼⢣⢴⣞⣀⣀⣟⣉⣙⣃⣀⢼⣉⣙⣋⣀⠼⠁
⠀⠀⠀⠀⠀⠀⠀⠀⢤⣤⠤⢴⠶⠖⠂⣤⠚⢹⡄⠀⠐⢤⡀
⠀⠀⠀⠀⠀⠀⠀⢀⡴⡁⠀⢁⣠⠴⠂⠀⠀⢸⡧⠀⠀⠈⠳⡄
⠀⠀⠀⠀⠀⠀⢠⡏⠲⠳⡞⡁⣒⣛⣶⢀⡴⠛⠁⠀⠀⠀⠀⠙⡄
⠀⠀⠀⠀⠀⢀⠴⠧⠀⠀⠈⠙⣻⣽⠿⢊⣀⣴⣾⣧⡀⠀⠀⠀⢇
⠀⠀⠀⠀⢠⠃⠀⠀⠀⢀⣴⣛⣉⣩⠭⣭⡝⣿⣿⣿⣏⣑⠒⡢⠺⢄
⠀⠀⠀⣀⠸⠂⢄⠠⡔⠛⣿⣿⣿⣿⣿⣿⣶⣶⣶⣶⣾⣿⣿⣿⣿⣿⣧⡀
⠀⠀⣰⠞⠒⠓⢾⣶⣿⡿⠛⠛⢛⡿⠛⠛⠛⠛⠛⢻⣿⣿⣿⠛⠛⠛⢻⡟
⠀⢀⡿⠁⠀⡀⠀⠛⣁⠀⠀⣰⣿⣁⣀⣘⠛⠛⢳⣿⣿⣿⡿⠁⠀⣼⠋
⣰⣏⣀⣀⡼⠻⡴⢺⣏⣀⣀⣼⣃⣈⣉⣉⣀⡠⠾⣀⣀⣉⣁⣠⠼⠃
⠀⠀⢀⣶⣾⠯⣽⣿⣤⣤⣴⣤⣤⣄
⠐⢶⣿⣥⡬⠭⠵⠶⠶⠾⠟⠛⠋⠁
⠀⠀⠀⠀⠤⣴⣶⣾⣛⣋⣽⣿⡶⣠⣄⣀⣤⣆⣀⣀
⠀⣀⣀⣴⣾⠟⠻⠿⠥⠴⠿⠛⢛⣛⣛⣯⣿⣿⣿⣿⡿⠟
⠀⠩⠽⣿⣿⣶⠶⠶⠾⠿⠿⠿⠿⠛⠛⠛⠛⠋⠉⠁
⠀⠀⠀⠀⠀⣀⣤⣤⣶⣶⡾⠛⣛⣻⣿⣶⡄⣀⡀⠀⣀⣤⡄
⠀⠀⠀⠀⢀⣴⣾⣿⣿⣿⡛⠛⢻⣿⣿⣿⣾⣿⣿⠿⢿⣿⣿⣿⣷⣶⣶⡦
⠤⠤⣤⣶⣿⣿⡋⠀⠉⢉⣛⣛⣋⣉⣥⣤⣤⣴⣶⣾⣿⣿⣿⣿⡿⠟⠋
⠀⠐⠲⠾⣿⣿⣿⠿⠿⠿⠟⠛⠛⠛⠛⠛⠛⠛⠛⠋⠉⠉⠁
⠀⠀⠀⠀⠀⠀⠀⠀⣀⣴⡿⠋⠀⣀
⠀⠀⠀⠀⠀⣀⡴⢊⣿⡯⢴⣾⠟⠁
⣴⣞⡩⠔⠊⢡⠴⠛⠁⢴⠿⠅
⠀⠀⠀⠀⠀⠀⠀⠀⠀⠀⠀⠀⠀⢀⣠⣴⣿⠿⠋
⠀⠀⠀⠀⠀⠀⠀⠀⠀⠀⢀⣠⠖⣻⣿⠟⣁⣠⣴⣶⠾⠛
⠀⠀⣀⣠⣤⠄⢀⣠⡴⠞⢉⣴⣾⡿⠗⢋⣽⡿⠛⠁
⢴⣿⣭⡥⠴⠚⠋⠁⠀⠴⠟⠋⠁⠀⠰⠿⠿⠔⠒⠁
⠀⠀⠀⠀⠀⠀⠀⠀⠀⠀⠀⠀⠀⠀⠀⠀⠀⠀⣀⣴⣶⣿⡿⠟
⠀⠀⠀⠀⠀⠀⠀⠀⠀⠀⠀⠀⠀⠀⠀⣠⡴⣾⣿⣿⠟⠉⠀⣀⣠⣤⣴⡦
⠀⠀⠀⠀⠀⠀⠀⠀⠀⠀⠀⢀⣠⡶⠛⣩⣴⣿⣛⣡⡴⣾⣿⣿⠿⠋⠁
⠀⢀⣠⣤⣶⠶⠂⢀⣠⡴⠞⠋⢁⣠⣾⣿⠿⠛⠉⣠⣾⣿⠟⠁⡀
⢶⣿⣯⣤⡤⠶⠛⠋⠁⠀⠀⠴⠿⠛⠉⠀⠀⠀⠺⠿⠿⠷⠒⠉
⠀⠀⠀⠀⠀⣤⡾⢷⣦⡀
⠀⣿⠀⠀⠉⡿⡷⣾⣿⠉⠀⠀⣿
⢀⡇⠀⠀⡷⣽⣾⣿⢫⢾⠀⠀⢸⡀
⠘⠃⠒⠒⠓⠘⣿⠛⠃⠚⠒⠒⠘⠃
⠀⠀⠀⠀⠀⠀⠀⠀⣀⣴⣎⣿⣦⣀
⠀⢲⣶⠶⠶⠶⠶⣼⣿⣽⡏⢹⣿⣿⣧⠶⠶⠶⠶⣶⡖
⠀⢠⣿⠀⠀⠀⠀⠨⣿⢿⠿⣿⣿⣿⠅⠀⠀⠀⠀⣿⡄
⠀⢸⡇⠀⠀⠀⣿⣦⠻⣌⡿⢻⣿⠏⣴⣿⠀⠀⠀⢸⡇
⠀⣿⠇⠀⠀⠀⣿⡉⢳⣿⣷⣾⣧⡞⢉⣿⠀⠀⠀⠸⣿
⠀⠛⠛⠛⠛⠛⠛⠓⠀⠹⡿⠉⠉⠀⠚⠛⠛⠛⠛⠛⠛
⠀⠀⠀⠀⠀⠀⠀⠀⠀⠀⠀⣀⣴⡊⣷⣦⣀
⠀⢀⣀⣀⣀⣀⣀⣀⣀⣠⣞⡽⣿⡻⢟⣿⣿⣷⣄⣀⣀⣀⣀⣀⣀⣀⡀
⠀⠈⢻⣏⠉⠉⠉⠉⠉⠻⣾⣯⣿⣆⣰⣿⣽⣷⠟⠉⠉⠉⠉⠉⣹⡟⠁
⠀⠀⣾⡇⠀⠀⠀⠀⡀⠰⣿⠙⠿⠟⣿⣿⣿⣿⠆⢀⠀⠀⠀⠀⢹⣷
⠀⠀⣿⠇⠀⠀⠀⠀⣿⣄⠙⣧⢸⣿⢿⣻⣿⠃⣠⣿⠀⠀⠀⠀⠸⣿
⠀⢸⣿⠀⠀⠀⠀⢰⣿⠛⣧⡙⣾⡇⣸⣿⢁⣼⠛⣿⡆⠀⠀⠀⠀⣿⡇
⠀⣸⣟⣀⣀⣀⣀⣘⣿⡄⠈⢻⣿⣧⣽⣵⡟⠁⢠⣿⣃⣀⣀⣀⣀⣻⣇
⠀⠉⠉⠉⠉⠉⠉⠉⠉⠉⠀⠀⠾⠷⠀⠀⠀⠀⠉⠉⠉⠉⠉⠉⠉⠉⠉
⣀⠀⢀⣀⣨⣿⡯⡿⠋⠁⠀⠀⠀⣀
⣿⠀⠀⡈⠀⣠⣥⡀⢀⣠⣀⠀⠀⣿
⠀⠀⠈⣀⠰⢟⣙⣄⣘⠋⠉⢉⣓⡃
⠀⠀⠀⠀⠀⠀⣀⣉⣿⣿⣯⣿⡿⠟⠉
⣿⣇⠠⠐⠛⠛⡽⠉⠉⠛⠃⠱⠀⠀⠀⠀⠀⠀⠀⠀⣺⣿
⠿⠏⢂⠐⣣⠄⠀⢀⣴⣿⣿⠎⠑⠤⢶⣿⣤⣤⣤⡤⢾⠿
⣀⣀⣀⣁⣀⣀⡀⠻⣿⣀⣛⣦⣤⣉⣓⣒⣒⣒⣒⣓⣉⣀
⠀⠀⠀⠀⠀⠀⠀⠀⠀⢙⣿⣿⣿⢋⣿⣿⡿⠟⠋
⣶⣶⠀⢀⠤⠴⠶⣞⢻⠛⠛⠿⣿⢎⢻⠉⠀⠀⠀⠀⠀⠀⠀⠀⠀⠀⣶⣶
⣿⣿⠰⠁⢀⡄⠀⠘⠁⠀⠀⣀⣤⣄⡠⠤⠠⠀⣀⣤⠀⠀⠀⠀⠀⠀⣿⣿
⠛⠛⠀⢢⠁⢵⠋⠀⠀⣠⣿⡿⢟⣿⠓⠀⣑⣚⡻⠿⠿⠿⠶⠶⠖⢊⣟⠛
⣀⣀⣀⣀⣈⣀⣀⣄⠀⠙⢛⣧⣀⣙⣳⣦⣤⣭⣍⣉⡉⣙⣋⣉⣉⣁⣘⣀
⣠⣄⡀⠀⣶⣶⣾⣿⣿⣷⣦⣤⡶⡄
⠹⣜⣿⢶⠿⣶⣾⣬⣭⣭⡽⢛⢧⡟
⠀⠘⣿⣔⣺⠗⠹⣻⣿⣟⡛⢿⣼⠏
⠀⠀⠀⠉⢹⣧⣤⣼⣿⣷⣦⠴⠃
⠀⠀⠀⠀⠸⢜⣛⣻⣻⠯⠽
⢀⣀⠀⠀⠀⠀⣤⣶⣶⣶⣶⣿⣿⣿⣷⣦⣄⣀⣀⣴⣆⡀
⣼⠝⢻⣶⣄⢀⣹⣿⠛⠛⣻⠿⠿⡿⡿⠿⢿⣿⣿⡇⢹⣧
⠈⢷⣈⣿⡟⢛⠿⢿⣿⣶⣿⣶⣶⣤⣶⣧⡿⢋⣝⢿⣴⡃
⠀⠀⢹⣿⡇⢎⢬⣷⣮⡽⠿⢿⣻⣿⣯⠵⢶⡷⡸⢢⣿⡗
⠀⠀⠀⠻⢿⣶⣭⣿⡅⠀⠉⢩⣯⣭⣭⡵⠆⠙⢳⡿⠟⠁
⠀⠀⠀⠀⠀⠉⢈⣿⣦⣀⣀⠤⣶⣒⣒⣶⠦⡤⠼⠃
⠀⠀⠀⠀⠀⠀⢀⣿⢛⣿⢻⠿⠿⢿⣻⡟⢻⡄
⠀⠀⠀⠀⠀⠀⠀⠻⠶⣭⢭⣩⠭⣭⠧⠴⠚⠃
⠀⡀⠀⠀⠀⠀⠀⢠⣤⣤⣤⣶⣶⣶⣿⣿⣿⣿⣷⣦⣄⣀⡀⠀⣠⣶⡀
⣸⡟⢷⣶⣤⡀⠀⠈⣿⣿⡿⣿⣿⣿⣿⣿⣿⣿⣿⣿⣿⣿⣿⣿⡿⠙⣿⡇
⠻⣧⠀⢻⣿⣿⣦⣶⣿⣿⣤⣄⣐⣾⠁⡍⡙⠉⡏⡍⢹⣿⡿⣿⣧⡀⢻⡟
⠀⠙⢧⣼⣿⡯⠉⡭⣙⡛⢿⣿⣿⣿⣿⣿⣿⣿⣿⣿⠿⢛⡴⢢⡙⣿⣿⡀
⠀⠀⠀⣿⣿⣧⠸⡁⢦⣿⣷⡬⠽⠿⣟⣛⣛⣿⣧⠶⠿⣿⣞⡰⢃⣿⣿⡟
⠀⠀⠀⠈⢿⣿⣷⣬⣕⣾⣉⠀⠈⠛⣉⣽⣛⣛⣛⣓⣦⠀⠛⢶⣿⡿⠛⠁
⠀⠀⠀⠀⠀⠈⠙⠋⠻⣿⣇⠀⠀⠀⢈⣉⣭⣭⣭⣥⣀⣂⠁⣸⡟
⠀⠀⠀⠀⠀⠀⠀⠀⢘⣿⣿⣿⣶⣾⣭⣿⣷⣷⣶⣾⣧⡼⠋⠉
⠀⠀⠀⠀⠀⠀⠀⠀⠨⣿⡁⢼⣯⣹⣛⣋⣋⣛⣼⡏⠉⣿⡀
⠀⠀⠀⠀⠀⠀⠀⠀⠀⠙⠳⢦⡤⢤⣤⡦⠤⡴⠒⠾⠛⠛⠃
⠀⠀⠀⠀⠀⠀⠀⠀⠀⠀⠐⣶⢷⡖
⠰⣶⣶⣶⣷⣄⠰⢷⣶⣶⠷
⠀⣾⣿⣿⢿⣿⣷⣼⣿⣿
⢰⣾⣿⣿⡦⠙⠿⣿⣿⣿
⣿⣶⣿⣰⣷⣞⣷⡾⠛⣷⡞
⠀⠀⠀⠀⠀⠀⠀⠀⠀⠀⠀⠀⠀⠀⠀⠀⠀⠤⣴⣷⡤⠄
⢀⣤⣤⣤⣤⣤⣤⣀⠀⠀⢠⣤⣤⣤⣤⣤⣄⠘⠉⠉⠙
⠈⠛⣿⣿⣿⣿⣿⣿⣷⣄⠘⢻⣿⣿⣿⡟⠛
⠀⠀⣿⣿⣿⣿⠻⣿⣿⣿⣷⣮⣿⣿⣿⡇
⢀⣀⣿⣿⣿⣿⣀⡈⠙⢿⣿⣿⣿⣿⣿⡇
⣘⣛⢛⣛⣛⠛⣛⣃⢀⣀⡙⣛⣛⣛⣛⣃⣀⡀
⣿⣿⣿⣿⣇⣼⣿⣿⣯⡻⣷⣿⠋⠈⢻⣿⡟⠁
⠀⠀⠀⠀⠀⠀⠀⠀⠀⠀⠀⠀⠀⠀⠀⠀⠀⠀⠀⠀⠀⢠⣤⣤⣿⣤⣤⡄
⠀⠀⠀⠀⠀⠀⠀⠀⠀⠀⠀⠀⠀⠀⠀⠀⠀⠀⠀⠀⠀⠀⠰⠟⠛⠻⠆
⠀⣿⣿⣿⣿⣿⣿⣿⣿⣶⣄⠀⠀⣾⣿⣿⣿⣿⣿⣿⣿⡇
⠀⠉⢹⣿⣿⣿⣿⣿⣿⣿⣿⣷⣄⡈⠉⣿⣿⣿⣿⣿⠉⠁
⠀⠀⢸⣿⣿⣿⣿⡟⠻⣿⣿⣿⣿⣿⣦⣿⣿⣿⣿⣿
⠀⠀⢸⣿⣿⣿⣿⡇⠀⠈⠻⣿⣿⣿⣿⣿⣿⣿⣿⣿
⠀⣿⣿⣿⣿⣿⣿⣿⣿⡆⠀⠀⠙⢿⣿⣿⣿⣿⣿⣿
⣤⣭⣭⣭⣭⣭⠉⣩⣭⣤⡤⣤⣤⡄⣭⣭⡭⢭⣭⣭⣤⣤⠄
⣼⣿⣿⢿⣿⣧⣴⣿⡿⣿⣿⣌⢿⣿⣿⠋⠀⠀⣹⣿⣿⠁
⢸⣿⣿⣿⣷⣤⡀⠀⢰⣿⣿⣿⣿⡇
⠀⢸⣿⣿⡿⣿⣿⣦⡀⢸⣿⣿⡇
⠀⢸⣿⣿⡇⠈⠻⣿⣿⣾⣿⣿⡇
⠸⣿⣿⣿⣿⠇⠀⠈⠛⢿⣿⣿⣿⡇
⠀⣶⣶⣶⣶⣶⣶⣦⣀⠀⠀⠀⠀⢰⣶⣶⣶⣶⣶⣶⣶
⠀⠛⢿⣿⣿⣿⣿⣿⣿⣷⣄⠀⠀⠘⠛⣿⣿⣿⣿⡿⠛
⠀⠀⢸⣿⣿⣿⣿⠿⣿⣿⣿⣷⣦⡀⠀⣿⣿⣿⣿⡇
⠀⠀⢸⣿⣿⣿⣿⠀⠈⠻⢿⣿⣿⣿⣦⣿⣿⣿⣿⡇
⠀⣤⣾⣿⣿⣿⣿⣤⡄⠀⠀⠙⢿⣿⣿⣿⣿⣿⣿⣷⣤
⠀⠿⠿⠿⠿⠿⠿⠿⠇⠀⠀⠀⠀⠉⠻⠿⠿⠿⠿⠿⠿
⡇⣶⣶⣶⣶⣶⣶⣶⣶⣦⣄⠀⠀⠀⠀⠀⠀⣴⣶⣶⣶⣶⣶⣶⣶⣶⣶⢸
⡇⠿⢿⣿⣿⣿⣿⣿⣿⣿⣿⣷⣤⡀⠀⠀⡀⠿⠿⣿⣿⣿⣿⣿⣿⡿⠿⢸
⠀⠀⠀⣿⣿⣿⣿⣿⣿⣿⣿⣿⣿⣿⣦⣄⠀⠀⡆⣿⣿⣿⣿⣿⣿
⠀⠀⠀⣿⣿⣿⣿⣿⣿⢈⠛⢿⣿⣿⣿⣿⣷⣤⡁⣿⣿⣿⣿⣿⣿
⠀⠀⠀⣿⣿⣿⣿⣿⣿⠸⠀⠀⠙⠻⣿⣿⣿⣿⣿⣿⣿⣿⣿⣿⣿
⡇⣶⣾⣿⣿⣿⣿⣿⣿⣶⣶⠈⠀⠀⠈⠛⢿⣿⣿⣿⣿⣿⣿⣿⣿⣷⣶⢸
⡇⠿⠿⠿⠿⠿⠿⠿⠿⠿⠟⠀⠀⠀⠀⠀⠀⠙⠻⠿⠿⠿⠿⠿⠿⠿⠿⢸
⣄⢀⣈⣙⣞⣳⣷⣦⣤⣤⣀⣀
⠈⠑⠻⠿⣿⠯⠝⠒⠒⠒⠚⠛⠋⠉
⠀⠀⠀⠈⠛⠫⣭⣿⢭⣽⣖⣄⣀⡀
⢶⡒⠲⣶⣶⣶⣾⣦⣽⣶⣿⣿⣿⣿⣿⣶⣶⣤⣄⣀⡀
⠀⠑⢴⡾⣽⣿⣿⣭⣉⡛⠶⣤⣬⣥⣤⣶⣶⣶⣿⡿⠝⠋
⠀⠀⠀⠈⠙⠻⠿⡿⠟⠋⠉⠉
⠀⠀⠀⠀⠐⠒⠶⣍⣒⣿⣏⣙⣶⡢⣄⡀
⣤⠤⠤⣤⣤⣤⣤⣬⠿⠍⠲⢬⣭⣿⣶⣿⣭⣷⣲⡤⢤⣀⡀
⠈⢦⡀⣙⠻⢿⣿⣿⡿⠿⣿⣿⣿⡛⠛⠛⠿⠛⠋⠙⠛⠓⠺⠿⣷⡶⢤⡄
⠀⠀⠉⠪⢝⡿⣿⣿⣿⣷⣶⡤⢌⣙⣓⡶⠶⠶⠿⠯⠭⠭⠿⠿⠓⠚⠁
⠀⠀⠀⠀⠀⠉⠓⠫⠽⡯⢖⠋⠉
⠀⠀⢀⣤⣤⣶⣶⣿⣿⣿⣗⣀
⠚⠻⠿⠒⠒⠒⠛⠛⠛⠻⠿⠟⠋
⠀⠀⠀⠀⠀⣀⣀⣤⣤⣴⣶⣾⣿⣟⣻⣿⠖⠒
⣀⣠⣤⣶⡾⠿⠿⢟⣛⣛⣿⣿⣿⣿⣿⣿⣿⣿⣶⠦⣄
⠉⠉⠛⠒⠛⠋⠉⠉⠉⠉⠉⠉⠉⠉⠙⠛⠿⢟⠪⠉
⠀⠀⠀⠀⠀⠀⠀⠀⢀⣀⣀⣠⣤⣴⣶⣿⣿⠿⢿⣿⡷⠦⠤
⠀⠀⠀⠀⣀⣠⣾⣿⣿⣿⣿⣿⣿⣿⣿⣿⣷⣿⣿⣿⣶⣦⣤⣄⡀
⠤⣶⣾⡿⠿⢛⣛⣉⣉⣭⣤⣤⣬⣿⣿⣿⣿⣿⣿⣿⣿⣿⡻⠯⣍⡓⠦⠁
⠀⠀⠈⠉⠋⠉⠉⠁⠀⠀⠀⠀⠀⠀⠀⠀⠀⠀⠉⠉⠛⠳⢍⠓⠀⠉
⡤⠴⠐⢚⣃⣛⣋⣚⣙⣘⠃⠆⠴⢄
⠀⠀⠚⠛⠛⠛⢿⡿⠿⠿⠿⠓⠂
⢀⡀⣤⠄⣶⡖⣞⠈⢿⣤⡟⣰⡯⣷⡄⣲⡖⢢⡄⢠⣀
⡿⠙⠛⠀⢉⣉⣉⣀⣠⣤⣤⣤⡴⢤⣄⣈⠉⠉⠁⠛⠸⢧
⠀⠀⢀⣈⣭⣭⢽⣿⣿⡿⠿⠿⢿⣾⣿⣿⣿⠷⠦⣄
⠀⠀⠀⠀⠀⠀⠈⠁⠀⠒⢿⠿⠛⠋⠉⠉⠉⠉⠁
⠀⠀⢀⣠⠀⢤⣖⣒⠒⠈⢿⣇⣸⡟⢠⣿⣻⣧⠀⢰⣶⠲⣤⡀⠀⣀
⢺⡟⢾⡿⠀⠞⠓⠚⠛⠀⠀⠉⠉⠀⠉⢉⣈⠉⠁⠘⠛⠒⠛⠃⢼⡯⢿⡄
⠋⠁⠀⠀⠤⠶⠶⠶⠿⣿⣿⣿⣿⣿⣿⣿⣍⣽⣿⣶⣶⣤⣄⠀⠀⠀⠈⠙
⠀⠀⠀⠤⠶⠶⠶⠛⣻⡿⠿⠿⢛⣛⡛⣛⣿⣿⣿⣿⣿⣟⣛⡛⠷⠄
⠀⠀⠀⠀⠀⠀⠀⠀⠀⠀⠀⠈⠛⢿⠟⠛⠉⠉⠁⠀⠀⠀⠀⠉
⠀⠀⢀⣤⣴⣶⣿⣿⣿⣷⣶⣄⡀
⠀⠚⢻⣩⣯⣼⣵⣬⣼⣧⣽⣿⡟
⠀⠀⠀⠀⠁⠴⠋⠉⠀⠀⠈
⠀⠀⠀⠀⢀⣀⣠⣤⣤⣴⣿⣿⣿⣿⣷⣶⣶⣄⡀
⠀⢀⣤⣶⣿⠟⣻⠟⢻⡟⢛⡛⠟⢻⡟⠛⣿⣿⣿⣷⣄
⠀⠀⠀⠐⠳⠶⠿⠾⠿⢿⡿⣿⡿⠿⠿⠿⠿⠿⠿⠂
⠀⠀⠀⠀⠀⠀⠀⠀⠔⠋⠉⠁
⠀⠀⠀⠀⠀⠀⠀⠀⣤⣤⣤⣤⣼⣿⣿⣿⣿⣷⣶⣶⣶⣄
⠀⠀⠀⣀⡭⣿⣿⣿⣿⡿⠿⣿⡿⠿⢿⣿⠿⣿⡿⠿⣿⣿⣿⣷⣦⣄
⠀⠀⠉⠉⢉⡿⣁⣠⣟⣀⣠⣿⣠⣴⣦⣤⣤⣽⣇⣀⣸⣿⣿⣿⡟⠉⠁
⠀⠀⠀⠀⠀⠉⠙⠛⠛⠛⠛⢛⣿⣛⡻⠿⠛⠛⠛⠛⠛⠛⠛⠉⠁
⠀⠀⠀⠀⠀⠀⠀⠀⠀⠀⠐⠋⠉
⠀⠀⠀⠀⢀⣀⡰⠦⢂⠀⢒⡦⠤⣀
⢠⣶⠒⢻⡿⠛⡿⢿⣥⠄⡽⢼⠮⡅
⠾⣇⣀⣚⣁⣴⣁⡾⡄⠼⠠⠾⠴⠃
⠀⠀⠀⠀⠀⠀⠀⠀⠀⣀⣰⣆⡤⠄⠀⠒⠂⢤⣤⣄⣀
⠀⢀⣀⣠⣤⣴⣶⣾⣿⣿⣶⣶⡴⡊⠁⠰⢲⡞⣲⢀⠿⠃
⢀⣿⡿⠁⠀⣸⣿⠃⠉⣹⠋⢉⠟⠲⠋⣹⠋⠉⠿⠉⢹⠂
⠸⠿⣥⣤⣀⣙⣡⡤⠴⠧⠤⠾⠷⠤⠤⠧⠤⠾⠧⠤⠟
⠀⠀⠀⠀⠀⠀⠀⠀⠀⠀⠀⠀⠀⢲⡤⠤⠤⠄⠀⠒⠒⢀⣠⢤⣀⣀
⠀⠀⠀⠀⠀⠀⣀⣀⣤⣤⣶⣾⣭⣁⣩⣍⣠⠔⠂⢀⡤⣤⡭⢍⣉⢹⣟⠆
⠀⢠⣶⣶⠛⠛⠛⢿⣿⡿⠿⠿⢿⠿⣿⢿⡴⣂⡠⠬⣥⠿⠴⣾⡴⠤⢄
⢀⣾⣿⠏⠀⠀⢠⣿⡟⠀⠀⢠⡟⠀⢀⡎⠉⠋⠀⣰⠃⠀⣀⡛⠁⢀⡞
⠘⠿⠿⣤⣤⣤⣬⣭⡤⠤⠴⠿⠤⠤⠾⠿⠦⠤⠴⠿⠤⠴⠿⠷⠶⠾⠃
⠀⠀⢀⣤⡶⢞⡻⢋⣷⣶⠠
⣶⠲⡟⣟⠚⣿⡖⢺⠟⡟⣟⢳⡒⣶
⠿⢳⡿⠿⠿⠿⠿⠿⠿⠿⠿⢿⡟⠾
⠀⠀⠀⠀⠀⢀⣠⣴⣶⠾⠿⠿⢕⣶⣶⠦⢄
⠀⠀⢀⣤⣶⣿⡟⣋⣥⠾⠋⠰⣶⣿⣿⣿⣤⣧⡀
⣶⠒⠖⡖⢒⣖⢛⠻⣳⣶⠻⠞⣿⠓⣟⢻⣻⢛⣳⠒⠖⣶
⣿⢰⣄⣇⣚⣿⣤⣤⢿⡿⣼⡧⣧⡶⣼⣤⣿⣔⣻⣰⡄⣿
⠛⠉⢹⡯⠿⠾⠚⠛⠚⠓⠛⠛⠓⠓⠛⠓⠾⠯⢽⡏⠉⠛
⠀⠀⠀⠀⠀⠀⠀⢀⣠⣤⣶⣶⣿⠿⠿⠕⣒⢦⡦⠤⣀
⠀⠀⠀⠀⢀⣠⡼⣟⡿⠟⢋⣠⣴⠖⠀⡴⣼⣾⣿⣶⣀⠸⡀
⣀⣀⣀⣈⣉⣉⣛⣓⣶⣾⣿⣋⣠⣴⣠⣾⣿⣻⣿⣿⣿⣿⣯⣆⣀⣀⣀⣀
⣿⡇⡈⢠⡇⢐⣺⡆⠃⠘⣸⣿⡇⢸⡃⢾⢃⡀⢧⠘⢰⡇⢐⣺⠂⡘⢰⣿
⣿⣇⣿⣬⣧⣬⡾⣷⢾⡷⠻⣿⢻⢻⡟⣿⢿⠷⣾⡷⡿⣷⣬⣽⣥⣷⣸⣿
⠉⠉⠁⢸⠭⠿⠷⠛⠚⠛⠛⠋⠉⠉⠉⠉⠉⠛⠛⠓⠓⠿⠶⠭⡇⠈⠉⠉
⠀⢹⣿⠁⠀⠀⠀⠈⣿⣿⠁
⠀⢸⣿⠁⢠⣤⡤⠀⣿⣿⠀⠠⡤
⠀⠚⠛⠃⠀⣿⡇⠀⠋⠛⠀⠀⡇
⠀⠀⠀⠀⠀⠿⣧⡀⠀⠀⠀⠀⠃
⠀⠉⢻⣿⣿⠋⠀⠀⠀⠀⠀⠈⠙⣿⣿⡟⠁
⠀⠀⢸⣿⣿⠀⠀⠀⠀⠀⠀⠀⠀⣿⣿⡇
⠀⠀⢸⣿⣿⠀⢀⣀⣀⣀⣀⡀⠀⣿⣿⡇⠀⠀⣀⣀⣀
⠀⠀⣸⣿⣿⡀⠀⢸⣿⣿⠁⠀⢀⣿⣿⣇⠀⠀⠈⡏
⠀⠉⠉⠉⠉⠉⠀⢸⣿⣿⠀⠀⠉⠉⠉⠉⠁⠀⠀⡇
⠀⠀⠀⠀⠀⠀⠀⢸⣿⣿⠀⠀⠀⠀⠀⠀⠀⠀⠀⡇
⠀⠀⠀⠀⠀⠀⠀⠈⠛⠿⢧⣄⣀⠀⠀⠀⠀⠀⠐⠁
⠀⠉⠙⣿⣿⣿⡟⠉⠁⠀⠀⠀⠀⠀⠈⠉⢻⣿⣿⡿⠋⠉
⠀⠀⠀⣿⣿⣿⡇⠀⠀⠀⠀⠀⠀⠀⠀⠀⢸⣿⣿⡇
⠀⠀⠀⣿⣿⣿⠧⠤⠤⠤⠤⠤⠤⠤⠤⠤⢼⣿⣿⡇
⠀⠀⠀⣿⣿⣿⡇⠠⠤⣤⣤⣤⣤⡤⠤⠀⢸⣿⣿⡇⠀⠀⠤⢤⣤⡤⠤
⠀⠀⢀⣿⣿⣿⡇⠀⠀⢸⣿⣿⣿⠀⠀⠀⣸⣿⣿⣧⠀⠀⠀⠀⣿
⠀⠈⠉⠉⠉⠉⠉⠉⠀⢸⣿⣿⣿⠀⠀⠉⠉⠉⠉⠉⠉⠀⠀⠀⣿
⠀⠀⠀⠀⠀⠀⠀⠀⠀⢸⣿⣿⣿⠀⠀⠀⠀⠀⠀⠀⠀⠀⠀⠀⣿
⠀⠀⠀⠀⠀⠀⠀⠀⠀⠸⣿⣿⣿⠀⠀⠀⠀⠀⠀⠀⠀⠀⠀⠀⡿
⠀⠀⠀⠀⠀⠀⠀⠀⠀⠀⠙⠻⠿⢷⣤⣀⣀⣀⣀⣀⡀⠠⠤⠚⠁
⠀⢀⣴⣶⣶⣾⣿⣿⣷⣶⣶⣦⡀
⠀⢛⣿⣿⣿⣟⠛⠛⣻⣿⣿⣿⡓
⠰⣹⣿⣥⣾⣿⣶⣴⣿⣷⣬⣿⣏⠆
⠀⠈⠙⠯⣿⣿⣿⣿⣿⣿⠽⠋⠁
⠀⠀⠀⠀⠈⠙⢿⡿⠋⠁
⠀⠀⠀⣠⣤⣴⣶⣶⣶⣶⣶⣶⣶⣶⣶⣶⣦⣤⡀
⠀⠠⣾⢿⣿⣿⣿⣿⣿⣿⣿⣿⣿⣿⣿⣿⣿⣿⡿⣆
⠀⠀⣩⣾⣿⡷⠾⣿⣶⠄⠀⠀⠠⣶⣿⠿⢾⣿⣷⣍
⠐⢎⠽⣿⣯⣀⡰⣾⣿⣓⠆⠰⣞⣻⣿⣆⣀⣽⣿⠯⡱⠂
⠀⠀⠙⠲⢭⣛⢿⣾⣿⡼⣷⣾⢧⣿⣷⡿⣛⡭⠖⠋
⠀⠀⠀⠀⠀⠈⠙⠮⣝⠿⣿⣿⠿⣫⠵⠊⠁
⠀⠀⠀⠀⠀⠀⠀⠀⠈⠙⠮⠵⠋⠁
⠀⠀⠀⠀⢀⣠⣤⣤⣤⣶⣶⣶⣶⣶⣶⣶⣶⣶⣶⣦⣤⣤⣄
⠀⠀⢀⣴⣿⣿⣿⣿⣿⣿⣿⣿⣿⣿⣿⣿⣿⣿⣿⣿⣿⣿⣿⣷⣄
⠀⠀⠳⡯⢙⣿⣿⠻⢿⣟⡻⠛⠛⠛⠛⠛⠛⢛⣻⠭⢿⣻⣿⡛⢽⠆
⠀⠀⣀⣴⣿⡿⠿⠛⠛⢿⠿⡳⠀⠀⠀⠀⢞⡿⡿⠛⠛⠿⢿⣿⣶⣄
⠀⠶⡨⢽⣿⣯⣁⣀⠴⣾⣿⣛⡻⡄⢀⢟⡛⣿⣿⡲⢀⣈⣭⣿⡿⠍⠶
⠀⠀⠙⠷⢮⣝⠻⣿⣿⣬⡻⣇⢻⣶⣶⡿⣸⢟⣧⣿⣿⠟⣋⡥⠶⠋
⠀⠀⠀⠀⠀⠈⠙⠶⣍⡻⢿⣼⣽⣿⣿⢧⣯⡿⢟⣩⠶⠛⠁
⠀⠀⠀⠀⠀⠀⠀⠀⠀⠙⠳⣬⡓⢿⡿⢟⣭⠖⠋
⠀⠀⠀⠀⠀⠀⠀⠀⠀⠀⠀⠀⠙⠳⠖⠋
⠀⠀⠀⠀⠀⠲⡞⢿⣷⠂
⠀⠀⢄⡠⣤⣿⣏⣵⣿⠁⣆
⣔⡐⣖⣑⢸⣯⢻⡟⡽⡂⡾⣺⢋⡟
⠀⠀⠀⠀⠀⠀⠀⠀⢤⣴⡾⣿⠿⣦⠴
⠀⠀⠀⡠⠄⠀⢂⠀⣶⣾⠦⠾⣭⣿⠖⠠⡀
⠀⠀⠀⠙⠢⡌⠻⣿⣿⣿⣶⣿⣿⣿⡂⠀⣧⠤⣤⣤⣄⣄
⣸⣡⣙⣸⣣⣝⣍⣽⡿⣝⣻⣿⣩⡾⣩⣉⣿⣡⣿⢃⣷⡏
⠀⠀⠀⠀⠀⠀⠀⠀⠀⠀⣤⣤⣴⣾⣿⣿⣷⣤⡤⠄
⠀⠀⠀⠀⠀⢀⣀⠀⠤⠄⢤⣬⣮⣀⠬⠖⢲⣧⣀⣀
⠀⠀⠀⠀⢎⡁⠐⢠⣲⣠⣿⣿⣇⣊⣨⣽⣿⣿⡠⠀⢹
⢀⣀⣀⣀⣀⣉⣳⣀⣘⣿⣿⣿⣿⣿⣿⣿⣿⢻⣀⣀⣩⣯⡋⣳⣶⣖⠲⣖
⣼⣃⣦⣃⣼⣃⣦⣭⣀⣾⣿⣶⣍⣻⣿⣃⣾⣟⣰⣂⣿⣏⣸⣿⣃⣸⣿⡍
⠉⢹⣿⣿⣿⣿⣦⣀⠀⠉⢹⣿⡏⠉
⠀⢸⣿⣿⣿⣿⣿⣿⣷⣤⣘⣿⡇
⣀⣸⣿⣿⣿⣿⣿⣿⣿⣿⣿⣿⡇
⠉⠛⢻⣿⣿⣿⣿⣿⣿⣦⣀⠀⠀⠀⠈⠛⠛⣿⣿⡟⠛⠋
⠀⠀⢸⣿⣿⣿⣿⣿⣿⣿⣿⣷⣄⡀⠀⠀⠀⣿⣿⡇
⠀⠀⢸⣿⣿⣿⣿⣿⣿⣿⣿⣿⣿⣿⣦⣄⠀⣿⣿⡇
⠀⠀⢸⣿⣿⣿⣿⣿⣿⣿⣿⣿⣿⣿⣿⣿⣿⣿⣿⡇
⣠⣤⣼⣿⣿⣿⣿⣿⣿⣿⣿⣿⣿⣿⣿⣿⣿⣿⣿⡇
⠘⠛⠛⢿⣿⣿⣿⣿⣿⣿⣿⣷⣄⡀⠀⠀⠀⠀⠙⠛⠻⢿⣿⣿⡿⠟⠛⠛
⠀⠀⠀⢸⣿⣿⣿⣿⣿⣿⣿⣿⣿⣿⣦⣄⠀⠀⠀⠀⠀⢸⣿⣿⣿
⠀⠀⠀⢸⣿⣿⣿⣿⣿⣿⣿⣿⣿⣿⣿⣿⣷⣦⣀⠀⠀⢸⣿⣿⣿
⠀⠀⠀⢸⣿⣿⣿⣿⣿⣿⣿⣿⣿⣿⣿⣿⣿⣿⣿⣷⣤⣸⣿⣿⣿
⠀⠀⠀⢸⣿⣿⣿⣿⣿⣿⣿⣿⣿⣿⣿⣿⣿⣿⣿⣿⣿⣿⣿⣿⣿
⣠⣤⣴⣾⣿⣿⣿⣿⣿⣿⣿⣿⣿⣿⣿⣿⣿⣿⣿⣿⣿⣿⣿⣿⡿⠀⢀
⣀⣀⣀⣻⣿⣿⣦⣼⣿⣿⣇⣀⣀
⠈⠉⠉⣽⣿⣿⠛⢿⣿⣿⡇
⠀⠀⠀⠀⠀⣿⣿⣿⣿⣷⣤⡰⣿⣿⣿⣿⡿
⠲⢶⣶⣾⠶⢾⣿⣿⣿⢿⣿⣿⣾⣿⣿⣿⠶⠶⠶⠒⠒
⠀⠀⠀⠀⠀⣿⣿⣿⣿⡷⠉⠻⣿⣿⣿⣿⣷
⠀⠀⠀⠀⠀⠀⣿⣿⣿⣿⣿⣿⣦⡀⠀⣿⣿⣿⣿⣿⣿⡇
⣀⣀⣀⣀⣤⣄⣉⣿⣿⣿⣟⣿⣿⣿⣷⣭⣿⣿⣿⣿⣏⣁⣀⣀⣀⣀⡀
⠈⠙⠿⠟⠛⠋⣉⣿⣿⣿⣿⣏⡻⣿⣿⣿⣯⣿⣿⣿⣏⡉⠉⠉⠁
⠀⠀⠀⠀⠀⠀⣿⣿⣿⣿⣿⣿⡇⠀⠙⠿⣿⣿⣿⣿⣿⡇
⠀⢀⣀⣤⢤⣶⣶⢿⣿⣻⣶⣦⣤⣄
⠀⠉⠩⠽⠿⠭⠻⠿⠟⣻⣿⡿⠿⠃
⠀⠀⠀⠀⠀⢀⣀⣤⣤⣶⣶⣶⣿⣿⡿⣶⡤⣤⣤⣀⣀
⣀⣀⣴⣶⣿⡿⢣⣿⠿⣿⣾⣼⡿⢫⣷⣿⣶⣾⢿⣿⣟⡞
⠀⠀⠀⠀⠲⠾⠿⠿⠖⠋⠿⠿⠷⠋⣏⣿⣿⣿⡻⠕⠋
⠀⠀⠀⠀⠀⠀⠀⠀⠀⣀⣀⣤⣤⣤⣶⣶⣶⣶⣶⣶⣆⣀⣀⣀
⠀⠀⠀⢀⣠⣤⣶⣾⡋⣾⣷⣶⣮⣙⠑⣶⣶⢖⣂⣾⣏⣈⣹⣿⣿⣶⡇⡤
⠠⠤⠾⠛⠛⠛⠟⣋⣼⣿⡏⣙⢿⣿⣿⡿⢃⡾⠿⣿⣿⣿⣿⣩⣿⢟⡱⠃
⠀⠀⠀⠀⠀⠘⠒⠒⠒⠒⠒⠋⠑⠒⠒⠒⠋⠀⣅⣸⣛⣛⡯⠭⠖⠉
⠀⡠⢔⠂⠉⠭⠍⣉⣉⣐⣶⠄
⠎⣴⣷⣿⠿⣿⣶⣞⣁⣒⡠⠐⠉⠁
⠀⠘⠛⠿⣿⢿⣿⣿⣛⣿⡷⠄
⠀⠀⠀⠀⠉⠢⠉⠉⠛⠛⠛
⠀⠀⢀⣠⠤⠖⠒⠚⠉⠉⠉⠉⠙⠓⠒⠲⢤⣄⡀
⢀⠔⢉⠤⣒⣉⣉⣉⣉⣉⡉⢉⡳⠖⠚⠛⠛⠒⢒⣢⠤⠄
⠧⢠⣿⣿⣿⣿⠿⠿⣿⣿⡿⣿⣌⣉⣉⣉⡹⠚⠁
⠀⠀⣹⠿⠿⣿⣶⣶⣿⣿⡇⣼⠿⠿⣿⣿⢷⡀
⠀⠀⠀⠀⠀⠀⠹⢟⡉⠙⣷⠿⢷⣶⣿⣿⡇⡇
⠀⠀⠀⠀⠀⠀⠀⠀⠙⡄⠀⠀⠀⠈⠉⠉⠈⠁
⠀⠀⠀⠀⢀⣠⡤⠴⠖⠒⠛⠛⠛⠛⠛⠛⠓⠲⠶⠦⣤⣄⡀
⠀⢀⡴⠚⢉⣀⡤⠴⠒⠒⠒⠒⠒⠶⠦⢤⣤⣀⣤⣴⣶⣟⣉⣉⣀⡀
⣰⠋⢀⣔⣫⣴⣶⣶⣶⣶⣶⣶⣦⣤⣠⣖⣋⣁⣀⣀⣀⡀⢀⡤⠞⠛⠉⠁
⠧⠄⣾⣿⣿⣿⣿⡿⠛⠛⢿⣿⣿⡿⢿⣧⣤⣤⣄⣀⣠⠞⠉
⠀⠀⠈⣻⣿⣿⣿⣿⣶⣶⣿⣿⣿⡇⣼⣿⣿⣿⣿⣿⣿⣆
⠀⠀⠈⠉⠀⠀⠉⠛⣛⣿⠿⠿⣿⣧⣿⣯⣄⣠⣿⣿⡦⢹⠆
⠀⠀⠀⠀⠀⠀⠀⠀⠉⠳⢤⡀⠬⠟⠛⠛⠿⢿⣿⣿⡇⣸⠂
⠀⠀⠀⠀⠀⠀⠀⠀⠀⠀⠈⠳⠀⠀⠀⠀⠀⠈
⢀⠀⣀⣠⣤⣤⡤⠀⠒⠀⢠⣄⠀⡀
⡇⢾⡿⣿⣿⠋⠠⣄⡀⢀⣤⣌⡷⢸
⠈⠀⠁⠈⠛⠧⡀⠸⠷⠶⠛⠋⠀⠁
⠀⠀⣀⠤⠐⣒⣀⣉⣉⣉⣉⣛⠻⠭⡍⠐⣒⣂⠤⣀
⡴⢋⣴⣿⣿⣿⣿⣿⡿⠛⢃⠀⠀⠀⠀⠒⠈⠙⠿⣶⡝⢦
⠳⣜⠿⣿⠛⣿⣿⣿⡀⠀⠙⢷⣶⡄⠀⠶⣿⣿⣶⠿⣣⠞
⠀⠀⠉⠒⠠⠤⠍⣛⣛⣆⣀⣀⣿⣿⣛⠛⠯⠍⠒⠉
⠀⠀⠀⢀⣠⠤⠔⠒⢒⣉⣉⣉⡉⠩⠭⠭⠭⣍⡉⠒⢒⡢⠤⢄⡀
⢀⡴⢊⣥⣶⣾⣿⣿⣿⣿⣿⣿⠿⠍⠉⠉⠂⠀⠀⢀⣘⠛⢿⣶⣬⡑⢦⡀
⣿⠀⣿⣿⣿⣿⣿⣿⣿⣿⠏⠀⠀⣶⣄⣀⡀⠀⠀⢀⣀⣤⣄⢈⣿⣿⠀⣿
⠈⠳⢌⡛⠿⠀⠻⢿⣿⣿⣆⠀⠀⠈⠛⣿⣷⣄⡈⢛⣻⣿⣿⠿⢛⡡⠞⠁
⠀⠀⠀⠈⠑⠒⠢⠤⠬⣉⣛⣓⣂⣀⣀⣚⣛⣛⣛⠭⠭⠕⠒⠊⠁
⠀⠀⠀⣀⣠⡤⢔⣒⣪⣦⣶⣄⡀
⠀⢠⣢⣭⣿⣿⣿⣿⣿⣯⣅⣉⡉
⣶⡎⠏⠽⠏⠏⠹⠉⠏⠭⠹⠯⠗⣶
⠀⠀⠀⠀⠀⠀⠠⣄⣀⣀⡤⠤⠴⠖⢢⣀⣖⢤⠄
⠀⠀⠀⠀⢰⡤⢴⣾⡦⣠⣴⣶⣷⣿⣿⣿⡿⢿⣷⣤⡀
⠀⠀⣰⠋⣄⣤⣶⣾⣿⣿⣿⣿⢻⣿⣷⣦⠀⠀⠉⠉⠁
⣀⢀⣙⣿⡿⢿⡿⠻⡿⠛⣿⠟⢿⠿⠻⠟⠻⣟⢻⡋⡀⣀
⢽⡲⠆⠸⠀⠞⠹⠄⠇⠄⠛⠠⠸⠀⠋⠃⠀⠏⠻⠄⢗⡦
⠀⠀⠀⠀⠀⠀⠀⠀⢀⣀⡀⠀⣀⣠⡤⢤⠴⠖⢦⠤⠴⠦⣀⡄
⠀⠀⠀⠀⠀⢠⣀⣀⣠⣽⣯⠉⢉⣡⣤⣶⣴⣾⣿⣿⣿⣿⣶⣦⣀
⠀⠀⠀⢀⠤⢒⠛⢉⣉⣭⣭⣵⣿⣿⣿⣿⣿⣿⣋⣉⠉⠉⠙⠻⠿⠟
⠀⠀⠠⣯⣬⡿⣾⣿⡿⣿⣿⣿⣿⣿⣿⣯⣿⢿⣿⣿⣧⣤⣤⣤⣤
⣠⠤⠤⠸⢿⠿⠋⡿⣟⠉⣿⠉⠙⣿⠉⠙⡏⠉⣉⡏⢉⢹⣏⢹⡇⣤⠤⠄
⢨⣭⠷⠀⠼⠄⠼⠃⠙⠂⠛⠒⠂⠛⠒⠂⠃⠐⠁⠑⠀⠸⠏⠻⠇⠬⣭⡷
⠀⠀⠀⠀⣿⠟⠉⠉⠙⣿⡀
⢀⣿⣉⣭⢭⠀⠉⢠⠤⢍⡹⣧
⠘⢛⣿⠃⣘⣂⣒⠚⠀⠀⠘⢿⡄
⣶⣟⣁⣸⣿⠀⠀⢸⣷⣀⣀⣈⣻⣶
⠀⠀⠀⣶⣿⣠⣤⣼⣿⣶
⠀⠀⠀⠀⠀⠀⢸⣿⣿⠛⠛⠛⠛⠛⣿⣿
⠀⢀⣤⡤⠤⠤⠾⠿⠁⠴⠆⠠⠤⠤⠽⠿⢦⣤⡀
⢀⣾⡿⣠⣶⣶⠖⣲⠀⠀⠀⠀⡖⠒⠒⠢⣌⣿⣷
⠈⠙⢛⣿⡿⠃⠀⢙⣒⡒⠒⠒⠳⠀⠀⠀⠈⢻⣿⡅
⣀⣤⣿⠟⠀⢰⣿⣿⠀⠉⠉⠙⣶⣤⠀⠀⠀⠀⠹⣿⣦⣄
⠛⠛⠒⠒⠒⠒⣿⣿⠀⠀⠀⠀⣿⣿⠒⠲⠶⠶⠶⠶⠿⠿
⠀⠀⠀⠀⢸⣿⣿⣯⣤⣤⣤⣤⣽⣿⣿⡇
⠀⠀⠀⠀⠀⠀⠀⠀⢸⣿⣿⠿⠿⠿⠿⠿⠿⢿⣿⣿⡇
⠀⠀⢀⣀⣀⣀⣀⣀⣼⣿⠟⠁⣠⠀⠀⠀⠀⠈⢻⣿⣧⣀⣀
⠀⢀⣿⣿⠋⠛⢛⣛⣛⣛⠒⠛⠛⠛⠚⢛⣛⣛⡛⠛⠉⢿⣿⣆
⠀⣾⣿⣏⣴⣿⣿⡟⠁⣽⠀⠀⠀⠀⠀⣿⠁⠉⠉⠙⠲⣜⣿⣿⡄
⠈⠉⠙⢛⣿⣿⠏⠀⠀⠋⠙⠛⠛⠒⠒⠿⠆⠀⠀⠀⠀⠈⢿⣿⣇
⠀⠀⣴⣿⡿⠃⠀⣴⣿⣿⠉⠉⠙⠛⠒⣦⣤⡀⠀⠀⠀⠀⠈⢻⣿⣦⡀
⣿⣿⣿⣋⣤⣤⣬⣿⣿⣿⠀⠀⠀⠀⠀⣿⣿⣿⣡⣤⣤⣤⣤⣤⣽⣿⣿⣿
⠉⠉⠉⠉⠉⢉⣉⣩⣿⣿⠀⠀⠀⠀⠀⢿⣿⣯⣉⡉⠉⠉⠉⠉⠉⠉⠉⠉
⠀⠀⠀⠀⠀⠀⣿⣿⣿⣷⣶⣶⣶⣶⣶⣶⣿⣿⣿⡇
⠀⠉⠻⢦⡬⠉⡉⠉⠰⠦⣢⣤⣄⡀
⠀⠀⠀⠀⠙⡦⠽⠶⠺⠿⠯⠍⠙⠛
⠀⠉⠛⢻⣯⣭⣉⠉⠉⠉⠛⠛⠁⢠⣖⡂⢤⣀⣀
⠀⠀⠀⠀⠀⠉⠻⣝⢂⢺⣦⠄⣀⣀⣭⣥⠾⠿⠿⢿⣷⣦
⠀⠀⠀⠀⠀⠀⠀⢸⠦⠖⠒⠛⠛⠛⠛⠛⠿⠦⠀⠀⠉⠁
⠀⠐⠛⠛⡻⠭⣍⡉⠉⠉⠉⠛⠛⠛⠛⠒⣒⣒⠢⠤⢄⡀
⠀⠀⠀⠀⠈⠙⠻⢿⣓⠦⡐⢄⠠⡀⠀⠀⠀⠙⠟⠓⣀⣽⣿⣷⣶⣦⣄⡀
⠀⠀⠀⠀⠀⠀⠀⠀⠈⢳⡀⠄⠡⠄⣃⣤⣴⣶⣿⣿⣟⡛⠉⠉⠛⢻⣿⠿
⠀⠀⠀⠀⠀⠀⠀⠀⠀⢨⠷⠒⠛⠉⠉⠉⠉⠉⠉⠛⠛⠚⠒⠂
⢀⣠⣾⣿⣿⣾⣿⡿⠿⣷⣾⣿⣷⣄
⣿⣿⣏⣿⣿⡟⠿⣿⣦⣾⣿⣿⣉⡁
⠈⠙⢿⣿⡿⢷⣶⣾⣿⡿⣿⣿⡿⠋
⠀⠀⠀⣶⣾⣿⣿⣶⣶⣶⣶⣶⣶⣶⣶⣶⣾⣿⣿⣶
⢠⣴⣿⣿⣿⣿⣿⣿⣿⣿⣿⣏⡉⠛⢛⣿⣿⣿⣿⣿⣿⠷
⣿⣿⣿⣿⣹⣿⣿⣿⣿⠻⣿⣿⣿⣷⣼⣿⣿⣿⡇⣉
⠘⠻⣿⣿⣿⣿⣿⣿⣧⣤⣄⣙⣿⣿⣿⣿⣿⣿⣿⣿⣿⡶
⠀⠀⠀⠿⢿⣿⣿⠿⠿⠿⠿⠿⠿⠿⠿⠿⣿⣿⣿⠿
⠀⠀⠀⠀⢴⣶⣿⣿⣿⣶⣶⣶⣶⣶⣶⣶⣶⣶⣶⣶⣶⣿⣿⣷⣶⡦
⠀⣠⣴⣾⣿⣿⣿⣿⣿⣿⣿⣿⣿⣿⡛⠿⠿⠿⠿⣿⣿⣿⣿⣿⣿⣿⣶⣤
⣾⣿⣿⣿⣿⠟⣿⣿⣿⣿⣿⣿⣿⣿⣿⣷⣦⣀⢰⣿⣿⣿⣿⡟⠻⠟⠋
⢿⣿⣿⣿⣿⣦⣿⣿⣿⣿⣿⠀⠙⠻⣿⣿⣿⣿⣿⣿⣿⣿⣿⣧⣴⣦⣀
⠀⠙⠻⢿⣿⣿⣿⣿⣿⣿⣿⣶⣶⣶⣶⣽⣿⣿⣿⣿⣿⣿⣿⣿⣿⣿⠿⠛
⠀⠀⠀⠀⠺⠿⣿⣿⡿⠿⠿⠿⠿⠿⠿⠿⠿⠿⠿⠿⢿⣿⣿⡿⠿⠗
⠀⠀⣀⠀⠴⠦⣴⣿⣶⣶⣀
⠀⠀⢿⠛⢻⡆⢠⣭⣿⣄⣀⣐⣶⠆
⠀⠀⠀⣴⡀⢠⣿⣿⠿⠿⠟⠋
⠀⠀⠀⠀⠀⠀⢀⣴⣤⣤⣴⣿⣷⣶⣶⡦
⠄⠀⠒⣻⣷⣤⣤⣬⣄⠈⢙⡛⠻⣯⡝⠉⠑⢂⣤⣄⣀⡀
⠀⢂⠀⠹⠏⠀⠀⠻⠏⢀⣾⣿⣷⣿⣷⣶⣶⣶⣬⠿⠋⠁
⠀⠈⢆⠀⢀⣾⣆⠀⢀⣾⣿⣿⠿⠿⠿⠛⠛⠋⠁
⠀⠀⠀⠀⠀⠀⠀⠀⢀⣠⣤⣀⣀⣴⣿⣷⣶⣦⣤⣤
⠀⢀⣀⡤⢶⣶⣂⣐⣉⣓⠊⠙⠛⠿⣿⣿⣿⣛⠿⠟⠶⠤⠄⢀⠀⠀⡀
⠑⠄⠀⠀⢾⣿⠟⠛⠛⣿⣿⠂⠀⣴⣦⣤⣹⣿⣅⣀⣀⣀⡐⠽⣿⣷⡾⠂
⠀⠘⡄⠀⠈⠋⠀⣀⠀⠘⠃⠀⣼⣿⣿⣿⣿⣿⣿⣿⣿⣿⣿⡿⠛⠉
⠀⠀⠘⡄⠀⠀⣼⣿⣆⠀⠀⣼⣿⣿⣿⠿⠿⠿⠛⠛⠛⠋⠉
⣿⡇⠀⠀⠀⠙⠿⠿⠀⠀⠀⠀⢸⣿
⠁⠀⠀⠀⠀⡀⠀⠀⣄⠀⠀⢀⣀⣈
⡀⠀⠀⠀⠀⠓⠀⠀⠀⠀⠀⠉⠉⢉
⣿⡆⠀⠀⠀⠀⣶⣶⣄⠀⠀⠀⣾⣿
⣿⣿⡇⠀⠀⠀⠀⠀⠙⢿⣿⣿⡇⠀⠀⠀⠀⠀⠀⢸⣿⣿
⠿⠛⠁⠀⠀⠀⠀⠀⠀⠀⠉⠉⠁⠀⠀⠀⠀⠀⠀⠈⠛⠿
⠀⠀⠀⢠⠀⠀⠀⢀⡀⠀⠀⠀⠲⣦⠀⠀⠀⢠⣀⣀⣀⣀
⠀⠀⠀⠘⠀⠀⠀⠸⠿⠦⠀⠀⠀⠈⠀⠀⠀⠸⠉⠉⠉⠉
⣶⣄⡀⠀⠀⠀⠀⠀⠀⢀⣀⡀⠀⠀⠀⠀⠀⠀⠀⣀⣤⣶
⣿⣿⡇⠀⠀⠀⠀⠀⠀⢸⣿⣿⣷⣄⠀⠀⠀⠀⠀⣿⣿⣿
⣿⣿⣿⠀⠀⠀⠀⠀⠀⠀⠙⢿⣿⣿⣿⡇⠀⠀⠀⠀⠀⠀⠀⠀⢸⣿⣿⣿
⣿⠿⠛⠀⠀⠀⠀⠀⠀⠀⠀⠀⠙⠛⠛⠃⠀⠀⠀⠀⠀⠀⠀⠀⠈⠻⢿⣿
⠁⠀⠀⠀⢀⠀⠀⠀⠀⠀⠀⠀⠀⠀⠀⢀⣀⡀⠀⠀⠀⠀⢀⠀⠀⠀⠀⠈
⠀⠀⠀⠀⢸⠀⠀⠀⠀⠀⣧⣄⠀⠀⠀⠀⠙⠇⠀⠀⠀⠀⢸⠿⠿⠿⠿⠿
⠀⠀⠀⠀⠈⠀⠀⠀⠀⠀⠛⠛⠃⠀⠀⠀⠀⠀⠀⠀⠀⠀⠈
⣿⣶⣤⠀⠀⠀⠀⠀⠀⠀⠀⠀⣀⣀⣀⡀⠀⠀⠀⠀⠀⠀⠀⠀⣠⣴⣶⣿
⣿⣿⣿⠀⠀⠀⠀⠀⠀⠀⠀⠀⣿⣿⣿⣿⣦⣄⠀⠀⠀⠀⠀⠀⣾⣿⣿⣿
⠈⢹⣿⣶⣤⡀⠀⠉⠈⠙⠻⠛⠿⡶
⠀⠛⠛⠀⠙⠿⡗⠀⠴⠖⠚⠛⠛⠁
⠈⠛⠻⣿⣿⣶⣤⡀⠀⠀⠉⠉⠃⠐⠛⠛⠻⠿⢿⣿⣶⣦
⠀⢀⣾⣿⡿⠛⢿⣿⣷⣤⣀⠀⠀⠀⠀⣀⣈⣡⣤⣬⣿⠃
⠀⠘⠛⠛⠁⠀⠀⠈⠛⢿⠏⠀⠐⠛⠛⠛⠛⠛⠋⠉
⠀⠒⠲⢶⣶⣾⣶⣤⡄⠀⠀⠀⠀⠐⠒⠒⠀⠒⠶⠶⠶⢶⣶⣶⣶⣶⣶⣤
⠀⠀⠀⣼⣿⣿⣿⣿⣿⣶⣦⠀⠀⠀⠀⠀⠀⠀⠀⠀⠐⠒⠂⠉⠙⠻⣿⠏
⠀⠀⣼⣿⣿⡟⠀⠈⠻⢿⣿⣿⣷⡶⠀⠀⢀⣀⣤⣤⣶⣶⣶⣾⣿⡶⠋
⠀⠈⠉⠉⠉⠀⠀⠀⠀⠀⠉⠻⡿⠁⠀⠈⠉⠉⠉⠉⠉⠉⠉⠁
⠀⣀⣠⣤⣶⣿⣿⣿⢷⣶⡶⣶⡄
⠘⠙⠓⠛⠋⠛⢷⡿⠿⠟⠓⠋⠒⠐
⠀⠀⠀⢀⣀⣀⣤⣶⣶⣿⣿⣿⣷⣶⣤⣴⠒⡶⢦⡀
⢀⣾⢷⣾⣫⣿⣻⣿⣻⣿⣟⣿⣏⣾⣿⣿⡍⣹⣿⢋⣀⡀
⠈⠁⠈⠁⠉⠉⠁⠀⠉⠙⣿⠿⠟⠻⠛⠁⠙⠉⠀⠙⠒⠈
⠀⠀⠀⠀⠀⠀⠀⢀⣤⣴⣶⣖⣒⣒⣺⣷⣶⣦⣄⣤⡴⢶⣶⣄
⠀⢠⣤⣄⣴⡿⢿⣿⢿⣿⢿⣿⠿⡿⢿⣿⢛⣿⣿⣿⠒⠞⠷⣝⣷
⠠⠾⠟⢿⠿⢥⠿⠧⠾⠿⢾⣽⣿⣦⣿⣧⣾⣿⣿⡿⣿⣰⡿⠿⢣⡶⠖⣆
⠀⠀⠀⠀⠀⠀⠀⠀⠀⠀⠀⠀⠙⠿⠿⠟⠋⠛⠋⠀⠈⠁⠀⠀⠀⠉⠈
⣀⣤⣿⣿⣿⣦⣤⣤⣤⣾⣿⣧⣤⣀
⣿⣿⢾⣿⡿⠿⢿⣷⣶⣾⣿⣿⣿⣿
⠉⠛⣿⣿⠟⠛⠛⠛⠿⣿⣿⡟⠛⠉
⠀⣀⣀⣼⣽⣿⣿⣷⣤⣤⣤⣤⣤⣤⣴⣻⣿⣹⣄⣀⣀
⡞⣿⣿⢫⣿⡏⡟⣻⡿⣷⣟⣏⣉⣉⣹⢿⣿⢹⣽⣿⣯⣷
⢧⣿⣿⣜⣿⣇⣏⣓⣛⣛⣿⡿⣿⣽⣿⢽⣿⣹⣿⣿⣿⡼
⠀⠉⠉⢿⣻⣏⡟⠛⠛⠛⠛⠛⠛⠿⣿⣿⣿⣹⠋⠉⠉
⠀⠀⠀⣀⣾⢹⣿⣿⣯⣗⢤⣀⣀⣀⣀⣀⣀⣀⣰⠏⣿⡏⢷⣀⣀
⣰⢪⣿⣿⢟⢻⣿⢋⡯⣛⢿⣿⣙⢿⡻⠿⠿⠿⢿⡝⣿⣿⢻⠻⣿⣿⡕⣆
⡇⣿⣿⣿⢸⢸⣿⢰⡇⣎⣷⣭⣿⢷⣯⣶⠶⣶⣾⠥⣿⣷⢼⢿⣿⣿⣿⢳
⠹⢜⣿⣿⣮⣼⣿⣌⣧⣤⣤⣤⣤⣷⣎⣻⣷⣮⣻⣃⣿⣧⣸⣵⣿⣿⡣⠞
⠀⠀⠀⠉⢿⣸⣿⣰⠏⠉⠉⠉⠉⠉⠉⠉⠙⠮⣻⣿⣿⣇⡾⠉⠉
⠀⠀⣤⠀⠀⠤⠀⠀⠤⠀⠀⢤
⠀⣶⠒⠲⣶⠒⢲⡖⠒⣒⠒⠒⣶
⠀⣿⠀⠀⠘⠀⢸⡇⠀⠿⠇⠀⣿
⠀⠻⢄⣸⣆⠀⢸⡇⠀⣾⣿⡿⠟
⠀⠀⠀⠉⠙⠲⠼⠧⠖⠋⠉
⠀⠀⠀⣀⡀⠀⠀⠀⣀⡀⠀⠀⢀⣀⡀⠀⠀⢀⣀
⠀⠀⢀⣉⣁⣀⣀⣀⣀⣀⣀⣀⣀⣀⣀⣀⣀⣈⣉⡀
⠀⢸⣿⠉⠁⠈⠻⣷⠀⠀⢸⡇⠀⠀⣠⣤⡀⠈⠉⣿⡇
⠀⢸⣿⠀⠀⠀⠀⠙⠀⠀⢸⡇⠀⠀⠿⠿⠇⠀⠀⣿⡇
⠀⠸⣿⡀⠀⢸⣆⠀⠀⠀⢸⡇⠀⠀⣤⣴⣶⣶⣿⣿⠇
⠀⠀⠈⠙⠳⢾⣿⣧⠀⠀⢸⡇⠀⠀⣻⣿⡿⠟⠋⠁
⠀⠀⠀⠀⠀⠀⠀⠉⠙⠓⠺⠗⠚⠋⠉
⠀⠀⠀⠀⠀⠀⠀⠀⠀⠀⢀⡀⠀⠀⠀⠀⠀⡀
⠀⠀⠀⠀⠛⠛⠀⠀⠀⠀⠙⠋⠀⠀⠀⠀⠉⠋⠀⠀⠀⠀⠘⠛⠃
⠀⢠⣤⡤⠴⠶⠶⢶⣶⣶⠒⠶⠖⢶⡶⠒⠒⠲⠶⠶⠶⠶⠶⠦⢤⣤
⠀⢸⣿⣿⠀⠀⠀⠀⠻⣿⠀⠀⠀⢸⡇⠀⠀⠀⣶⣶⣦⠀⠀⠀⣿⣿⡆
⠀⢸⣿⣿⠀⠀⠀⠀⠀⠙⠀⠀⠀⢸⡇⠀⠀⠀⣿⡿⠿⠀⠀⠀⣿⣿⡇
⠀⢸⣿⡿⠀⠀⠀⣷⡀⠀⠀⠀⠀⢸⡇⠀⠀⠀⣀⣠⣤⣤⣶⣶⣿⣿⡇
⠀⠀⠉⠻⢶⣤⡀⣿⣷⡄⠀⠀⠀⢸⡇⠀⠀⠀⣿⣿⣿⣿⣿⡿⠟⠋
⠀⠀⠀⠀⠀⠈⠙⠻⠿⣿⣄⣀⡀⢸⡇⢀⣀⣠⣽⡿⠟⠋⠁
⠀⠀⠀⠀⠀⠀⠀⠀⠀⠀⠈⠉⠛⠛⠛⠛⠉⠁
⣰⣶⣤⣀⠀⣶⣤⡀
⠽⢿⣿⣿⣿⣿⣿⣿⣷⣦⣀
⠀⠀⠀⢉⣙⣛⣻⣿⣿⣿⣿⣇
⠀⠀⠀⠀⠈⠙⠛⠉⠉⠛⠿⣟⠛⠲
⢠⣶⣤⣀⠀⠀⠀⠰⣦⣄⡀
⠶⣾⣭⣛⡿⣷⣦⣜⡳⢯⣟⡶⣤⣀
⠘⠳⠾⣭⣿⣻⣾⣿⣿⣷⣮⣽⣳⠿⣿⣦⣄
⠀⠀⠀⠀⠈⠉⠙⠛⠿⠿⣿⣿⣿⣿⣶⣭⣛⢷
⠀⠀⠀⠀⠀⠐⠒⠶⣶⣶⣶⣿⣿⣿⣿⣿⣿⣷⣴⣦⣄
⠀⠀⠀⠀⠀⠀⠀⠀⠀⠉⠁⠀⠀⠀⠈⠛⠻⣯⠭⠉⠉⠓
⢀⣴⣤⣀⠀⠀⠀⠀⠀⢠⣦⣄
⣨⣟⡻⠿⣿⣶⣤⣄⡀⢠⣯⣛⠿⣶⣄⡀
⢉⣟⠿⢷⣶⣭⣟⡻⢿⣷⣮⣝⡻⢶⣭⣛⢷⣦⣀
⠈⠛⠻⠷⣶⣭⣝⣻⠿⣾⣭⣟⡿⣷⣮⣝⡻⠾⣽⣿⣦⣄
⠀⠀⠀⠀⠀⠈⠉⠙⠛⠷⢾⣭⣟⣿⢿⣿⣿⣷⣦⣍⡛⢿⣧
⠀⠀⠀⠀⠀⠀⠀⢤⣤⣤⣤⣤⣭⣉⣿⣿⣿⣿⣿⣿⣿⣷⣌⢠⣀
⠀⠀⠀⠀⠀⠀⠀⠀⠀⠙⠻⢿⠿⠿⠿⠟⠛⠿⢿⣿⣿⣿⣿⠿⣿⣿⣶⡀
⠀⠀⠀⠀⠀⠀⠀⠀⠀⠀⠀⠀⠀⠀⠀⠀⠀⠀⠀⠈⠙⠻⡧⠤⠄⠀⠈⠉
⠀⣀⡶⢖⣻⣿⣿⣿⣿⣿⣶⣶⡄
⠻⣵⣾⣿⣿⣿⣿⣿⣿⠿⠿⣯⣭⡷
⠀⠈⠛⠿⠿⠿⡟⠁
⠀⠀⠀⠤⣶⣖⠒⢺⣿⣿⣿⣿⣿⣿⣿⣶⣶⣦⣤⡀
⢰⣶⢚⣩⣵⣶⣿⣿⣿⣿⣿⣿⣿⣿⡯⠿⢿⡟⠿⠷⢤⡀
⠀⠻⢿⣿⣿⣿⣿⣿⣿⣿⣿⣿⠿⠛⠋⠙⠛⠛⠻⠟⠶⠋
⠀⠀⠀⠉⠙⠻⠟⠻⠿⠿⠋
⠀⠀⠀⠠⢤⣤⣴⡖⠒⣒⣚⣛⣻⣿⣿⣿⣿⣿⣗⣒⣶⣦⣤⣄⡀
⢀⣤⣤⠶⠖⣛⣩⣥⣶⣾⣿⣿⣿⣿⣿⣿⣿⣿⣟⣿⣿⣿⣿⣿⣯⣀⡀
⠘⢿⣶⣾⣿⣿⣿⣿⣿⣿⣿⣿⣿⣿⣿⣿⣿⣿⣭⣭⣭⣿⣧⣭⣤⣍⣻⡆
⠀⠀⠙⠿⣿⣿⣿⣿⣿⣿⣿⣿⣿⣿⠿⠛⠉⠁⠀⠀⠀⠀⠉⠉⠓⠘⠉
⠀⠀⠀⠀⠀⠉⠛⠻⠛⠛⠻⠿⠿⠁
⠀⢀⣤⣀⣠⢀⣤⣄⡀⣄⠀⣠⡀
⠀⠈⠁⠈⠉⠉⠀⠈⠉⠉⠉⠉
⠀⠀⢰⣶⢦⣄⣰⣶⠀⣰⡶⢶⣆⠀⣶⡆⠀⢰⣶
⠀⠀⠘⠛⠀⠉⠛⠋⠚⠁⠀⠒⠛⠓⠙⠓⠒⠚⠛
⠀⠀⠀⢲⣶⣶⣤⣀⣶⣶⠀⣀⣶⠶⠲⣦⣀⢰⣶⡆⠀⠀⢰⣶⡆
⠀⠀⠀⠘⠛⠀⠈⠙⠛⠋⠚⠋⠀⠀⠒⠚⠛⠓⠙⠓⠒⠒⠚⠛⠃
⢰⣿⠍⠙⠛⠛⢿⡿⠛⠛⠋⠩⣿⡆
⣼⠇⣄⠀⠐⠂⠀⠀⠐⠂⠀⣠⠸⣧
⠻⣧⣜⣱⣾⣐⣿⣿⣂⣷⣎⣣⣼⠟
⠀⠀⠉⠛⠛⠷⣭⣭⠾⠛⠛⠉
⢠⣶⣛⣍⠙⠓⠒⠚⠛⣻⣷⣾⣟⠛⠓⠒⠚⠋⣩⣛⣶⡄
⠈⣿⡟⠁⠀⠀⠀⠀⠀⠈⠉⠉⠁⠀⠀⠀⠀⠀⠈⢻⣿⠁
⣼⣿⠀⢴⡀⠀⠀⠙⠓⠀⠀⠀⠀⠚⠋⠀⠀⢀⡦⠀⣿⣧
⢻⣿⣄⣈⠻⢡⣠⣾⠠⢶⣿⣿⡶⠄⣷⣄⡌⠟⣁⣠⣿⡟
⠀⠙⠻⢿⣷⣦⣿⣿⣟⠿⣿⡿⠿⣻⣿⣿⣴⣾⡿⠟⠋
⠀⠀⠀⠀⠀⠈⠉⠙⠻⠷⠶⡶⠾⠟⠉⠉⠁
⠀⣴⡾⣛⣛⠛⠛⠲⠖⠒⢒⣒⣲⣶⣶⣖⣒⡒⠒⠲⠖⠛⠛⣙⣛⢷⣦
⠀⢻⣿⡟⠋⠀⠀⠀⠀⠀⠀⠀⠙⠛⠛⠋⠀⠀⠀⠀⠀⠀⠀⠙⢻⣿⡟
⣠⣿⡿⠀⣠⠀⠀⠀⠀⠴⠦⠄⠀⠀⠀⠀⠠⠴⠦⠀⠀⠀⠀⣄⠀⢿⣿⣄
⣿⣿⡇⠀⠻⣷⡤⠀⠀⣠⠀⢀⣀⣤⣤⣀⡀⠀⣄⠀⠀⢤⣾⠟⠀⢸⣿⣿
⠘⢿⣿⣦⣶⣌⠀⢷⣾⣿⣀⣉⣻⣿⣿⣟⣉⣀⣿⣷⡾⠀⣁⣶⣴⣿⡿⠃
⠀⠀⠉⠛⠻⠿⣿⣷⣿⣿⣿⡙⠽⠿⠿⠧⣋⣿⣿⣿⣾⣿⠿⠟⠛⠉
⠀⠀⠀⠀⠀⠀⠀⠀⠉⠉⠛⠻⢿⠿⡿⠿⠿⠛⠉⠉
⠀⠀⠀⠀⣴⣳⣴⣷⢤⠤⡀
⠀⢀⣴⣾⣿⠉⠉⠀⢈⣁⣈⣉⣛⠦
⢠⣾⣽⣿⣷⣾⣵⣶⣾⣿⣧⢤⡄
⠸⢿⣿⣿⣿⣿⣿⣿⣿⣿⣿⣿⠇
⠀⠀⠀⠀⠀⠀⢀⡴⢿⣦⣴⣶⣄⣀⣀⡀
⠀⠀⠀⠀⢀⣠⣼⡷⠶⠿⠿⠛⠋⠭⠭⠙⠶⠤⠤⣄⣀
⠀⠀⢀⣴⣿⣿⣿⣛⠁⠀⠀⠀⠀⢀⣀⣀⣀⣀⣀⣡⡼⠃
⠀⣤⣿⣭⣿⣿⣿⣵⣶⣯⣥⣤⣤⣬⣿⣿⣯⣥⣤⣤
⠀⣿⢸⣿⣿⣿⣿⣿⣼⣿⣷⣿⡷⣿⣿⣿⣿⣇⣿⡇
⠐⠛⣾⣻⣻⣟⣟⣿⣚⣿⣗⣻⣿⣿⣟⣿⣿⣻⡟⠓
⠀⠀⠀⠀⠀⠀⠀⠀⢀⣴⢾⣦⣄⣴⣶⣦⡀⠀⢀
⠀⠀⠀⠀⠀⠀⠀⣀⣸⣧⣴⣾⣿⣿⠿⠿⢛⣉⣋⠙⢦⣄⣀⣀⡀
⠀⠀⠀⠀⣠⣴⣿⣿⣿⡯⠄⠀⠀⠀⠀⠀⠀⠈⠀⠁⠀⠀⠀⠈⠛⢛⣳⡆
⠀⠀⢠⣾⡿⢿⣿⣿⣿⠖⣀⣀⡤⠀⠀⠀⠀⢶⣶⣶⣶⠶⠖⠒⠚⠋⠉
⠀⢲⡞⣷⣶⣿⣿⣿⣿⣿⣿⣿⣶⢻⣿⣿⢳⣶⣾⣿⣿⣶⠲⣶⣶⠂
⠀⢸⡇⣿⣿⣿⣿⣿⣟⣿⢿⣿⣿⢸⣿⣿⡸⣿⣿⣿⣿⣿⣠⣿⣿
⠀⠛⢛⣿⣻⣻⣿⣻⣻⣿⣟⣻⣿⣻⣻⣿⣛⣿⣟⣻⣿⣟⣻⣟⠛⠃
⠀⢀⣾⠟⣰⡿⣣⡾⣿⣶⡟⣱⡿⠃
⠀⠙⠿⢞⣛⠑⠉⣁⡀⠘⠂⢱⡄
⠀⠀⠀⠀⠀⠀⠀⠀⢘⣿⠖⠉⠁
⠀⠀⠀⣰⣿⡿⢃⣴⣿⡟⣡⣾⣿⣿⣇⣼⣿⢏⣴⣿⡿⠁
⠀⠀⣾⣿⣿⣤⣾⡿⣫⣴⠟⠛⠘⠛⢛⣛⡡⠞⣛⠋
⠀⠀⠐⠛⠛⠳⠶⠦⠤⢐⡒⠶⠶⣖⣒⣀⢀⣐⣻⡦
⠀⠀⠀⠀⠀⠀⠀⠀⠀⠀⠈⠉⠢⢌⣻⡿⠟⠉
⠀⠀⠀⠀⣠⣿⣿⡿⠁⣰⣿⣿⡟⢁⣾⣿⣿⣿⡇⣰⣿⣿⠋⣰⣿⣿⡟⠁
⠀⠀⢀⣾⣿⣿⠋⣠⣾⣿⡿⠋⣴⣿⣿⣋⣿⣿⠿⢿⣟⣁⠾⠿⠿⠋
⠀⠀⠈⣛⣿⣿⣿⠟⠛⠛⠚⠛⢋⣀⣀⣀⣀⣀⣐⡒⠒⠈⣉⣲⣆
⠀⠀⠀⠀⠀⠀⠈⠉⠉⠓⠒⠒⠬⢅⣉⠙⠫⢭⣥⣤⣄⣤⣤⠽⠟
⠀⠀⠀⠀⠀⠀⠀⠀⠀⠀⠀⠀⠀⠀⠀⠙⠦⢬⣛⡿⠏⠃
⠀⠀⠀⠲⣶⣿⠷⣚⣛⣿⣶⣦⣄
⠀⢀⡴⣚⢹⣇⠀⠉⠰⣿⣿⠦⠼⠗
⠐⠛⠚⠓⠶⠾⠥⢴⠷⠽⠿⠇
⠀⠀⠀⠀⠀⢶⣶⣶⣶⣳⡖⠒⠚⠛⣓⣲⣶⡦⢄⡀
⠀⠀⠀⠀⣀⡤⠾⣻⡍⠀⠀⠐⠛⢛⣳⣻⣿⣟⣉⣛⡦⡄
⠀⢀⣴⠞⣡⠖⠀⠛⠷⣤⠀⠀⢀⠉⢿⣿⣿⣗⡉⠙⠉
⠀⠛⠛⠛⠛⠛⠛⠛⠓⠲⠤⠤⠽⠓⠒⠺⠭⠝
⠀⠀⠀⠀⠀⠀⢤⣤⣴⣶⣖⣒⣒⡒⠶⠖⠓⠒⢒⠶⠶⡦⢤⣀
⠀⠀⠀⠀⠀⠀⠀⣉⣭⡿⣛⠋⠉⠀⢀⡐⠶⠶⣧⣽⣿⣿⡶⠺⠭⣦⣀
⠀⠀⠀⢀⣠⡶⠛⡁⠁⣾⣇⠀⠀⠀⠀⠀⠠⢶⣾⣿⣿⣿⣖⠶⢶⣺⡽⠃
⠀⢀⣴⣟⣁⣴⣏⣀⡀⠀⠙⠛⠒⠀⠀⣀⣄⡈⠻⢿⣟⣿⣥⠄
⠀⠉⠉⠉⠉⠉⠉⠉⠉⠙⠛⠛⠒⠲⠤⠬⠟⠙⠓⠒⠒⠦⠚
⠀⢀⡀⣠⠶⠷⣄⣠⠾⢶⡄⢀
⣰⠓⠛⣿⣤⠴⠛⠓⠤⣼⡟⠛⢻⡄
⠈⡷⠒⠉⣹⣿⣦⣠⣷⠋⣱⣶⣿⠃
⠀⠙⠢⠴⣟⣁⣈⣛⣣⡬⠽⠟⠋
⠀⠀⠀⠀⠀⢀⣤⣒⣶⡀⠀⠀⢠⣖⣲⣄
⠀⣠⠔⣲⣠⣾⠉⠁⠀⣹⣷⣾⠉⠀⠈⣽⣷⣠⡖⢦⡀
⢰⡟⠉⠁⢉⣿⣷⡶⠖⠛⠉⠉⠓⠲⣶⣿⠋⠉⠈⣩⣿⡄
⠈⢛⣶⠴⠚⠋⠉⣶⣶⣶⣄⠀⣲⣶⡞⠉⢓⣦⣶⣟⠫⠄
⠀⠸⣧⡀⠀⢀⣼⣿⠟⠛⢿⣿⣿⠟⠀⠰⣿⡿⢟⣿⠇
⠀⠀⠈⠙⠓⠾⠭⠭⢤⣤⣤⣭⣭⡤⠤⠴⠖⠚⠋⠁
⠀⠀⠀⠀⠀⠀⠀⢀⣠⠴⢶⡀⠀⠀⠀⠀⣰⡶⢦⣄
⠀⠀⠀⣀⣤⠀⣠⣿⠗⠚⠛⠛⣶⣄⣤⡶⠛⠛⠓⢻⣧⡀⢀⣄⡀
⠀⣰⣿⡥⠽⢧⣿⣧⡀⠀⠀⢰⣿⣿⣿⡀⠀⠀⠀⣾⣿⣧⠾⠧⣭⣷⡄
⢰⣿⠁⠀⠀⠀⣼⣿⣿⡷⠚⠉⠉⠀⠈⠉⠙⠲⣿⣿⡏⠀⠀⠀⢀⣽⣷
⠀⠙⠷⣤⣤⠤⠟⠛⠉⣶⣶⣶⣦⡀⠀⢰⣶⣶⡖⠉⠛⠢⣤⣤⣾⠟⣋⡀
⠀⠀⣾⡏⠀⠀⠀⠀⣰⣿⣿⠿⣿⣿⣦⣾⣿⡟⠀⢀⡠⣞⡽⣿⣿⣷
⠀⠀⠻⢷⣄⡀⢀⡴⣿⣿⠏⠀⠈⠻⣿⣿⡟⠀⣀⣒⠭⠕⣚⣥⡿⠋
⠀⠀⠀⠀⠉⠙⠛⠓⠶⠶⠶⠤⠤⠤⠤⠤⠤⠶⠶⠶⠚⠛⠉⠁
⣿⣛⡒⠶⠤⣤⣀⡀
⢿⡍⠉⠉⠐⠂⠨⢍⣓⠲⢤⡀
⠈⠻⣞⣒⣒⣀⣀⠀⢈⣻⣶⣾⡳⣄
⠀⠀⠈⠉⠁⠀⠉⠉⠛⢿⡿⠰⠛⠋
⣾⡿⠓⠶⠶⠦⣤⣄⣀⡀
⢿⣿⠛⠛⠒⠒⠦⠤⠌⣉⠙⠓⠲⠤⣄⣀
⠈⢿⣦⣀⣀⣀⣀⡀⠀⠀⠀⠉⠑⢶⣦⣌⣙⠓⣦⣀
⠀⠀⠙⠻⣦⣤⣤⠤⠤⢤⣤⣀⣀⣰⢶⣶⣾⠿⢭⣍⢙⣦
⠀⠀⠀⠀⠀⠀⠀⠀⠀⠀⠀⠀⠈⠉⠛⢿⠿⠀⠚⠛⠋⠁
⣼⣿⡷⠶⣶⣤⣤⣄⣀⡀
⣿⣿⣦⣤⣤⣄⣀⠉⠉⠙⠛⠳⠶⣦⣤⣀⡀
⢻⣿⡇⠀⠀⠈⠉⠉⠉⠓⠒⠢⠤⢀⣀⠉⠙⠛⠶⣤⣄⡀
⠀⠻⣿⣄⣀⣀⣀⣀⠀⠀⠀⠀⠀⠀⠀⠉⠓⣶⢦⣄⡈⠙⠳⣦⣀
⠀⠀⠙⠿⣿⣍⠉⠉⠉⠉⠀⠀⠀⠀⠀⠀⠀⣤⣭⣭⣭⣿⣍⡻⠏⠻⢶⣄
⠀⠀⠀⠀⠈⠛⠿⠛⠛⠋⠉⠙⠛⠛⠓⠶⢦⣷⣻⣿⣿⡏⠉⢙⣿⣆⣼⠟
⠀⠀⠀⠀⠀⠀⠀⠀⠀⠀⠀⠀⠀⠀⠀⠀⠀⠈⠙⢻⡿⠃⠀⠉⠉⠁
⠀⠀⠀⠀⠐⠒⠒⣾⣿⣁
⢠⣄⣀⣀⣠⣤⣶⣿⣿⣿⣿⣿⣗⡋
⠀⠉⠉⠙⠻⣿⣿⣿⣿⣿⢿⣿⣿⠧
⠀⠀⠀⠀⠀⠈⠑⠣⡜⠁
⠀⠀⠀⠀⠀⠀⠀⠤⠤⢤⣤⣶⣿⣿⡒
⠀⠀⠀⠀⠀⠀⠀⠀⠀⠀⣀⣹⣿⣿⣿⣦⣤⣄⣀⣀⣀⡤
⠰⣶⣦⣀⣀⣀⣤⣶⣶⣾⣿⣿⣿⣿⣿⣿⣿⣿⣿⣯⣍
⠀⠈⠉⠉⠉⠙⠿⣿⣿⣿⣿⣿⣿⣿⣿⣿⣿⣿⣿⣿⣿⡆
⠀⠀⠀⠀⠀⠀⠀⠘⠻⠯⣝⡹⠋⢹⠿⠯⠘⠛⠛⠙⠋⠁
⠀⠀⠀⠀⠀⠀⠀⠀⠀⠀⠋⠙⢲⠏
⠀⠀⠀⠀⠀⠀⠀⠀⢀⣠⣀⣀⣀⣀⣴⣾⣿⡿⠒
⠀⠀⠀⠀⠀⠀⠀⠀⠀⠀⠀⠈⠉⠉⢻⣿⣿⣿⣦⣄
⠀⠀⠀⠀⠀⠀⠀⠀⠀⠀⠀⠀⣠⣴⣾⣿⣿⣿⣿⣿⣿⣿⣶⣶⣶⡶⡶⠏
⠈⢿⣿⣶⣀⣀⣀⣠⣶⣾⣿⣿⣿⣿⣿⣿⣿⣿⣿⣿⣿⣿⣿⣿⣿⣶⣄
⠀⠀⠙⠛⠛⠛⠙⢿⣿⣿⣿⣿⣿⣿⣿⣿⣿⣿⣿⣿⣿⣿⢿⣿⣿⣿⣿⡀
⠀⠀⠀⠀⠀⠀⠀⠀⠈⢙⣿⣿⠻⢿⠿⣿⠿⢯⣿⣿⠋⣷⣿⠿⠿⣿⠿⠇
⠀⠀⠀⠀⠀⠀⠀⠀⠀⠀⠈⠉⠛⣶⣾⡁⢀⡾⠋⠉⠁
⠀⠀⠀⠀⠀⠀⠀⠀⠀⠀⠀⠀⠘⠁⠈⠉⣾⠁
⢠⣄⣀⣤⣴⣶⣾⣷⣶⣦⣤⣀⣠⡄
⢨⣿⣿⣽⣻⠟⠿⠿⠻⣟⣯⣿⣿⡅
⠻⣿⠈⠙⠶⠦⠄⠀⠴⠶⠋⠁⣿⠟
⠀⠻⣅⠲⣄⠍⠒⠔⠩⣠⠔⣨⠟
⠀⠀⠈⠳⣌⠓⣔⣢⡚⣡⠞⠁
⠀⠀⠀⠀⠈⠓⠻⠟⠚⠁
⠀⡄⠀⠀⠀⠀⢀⣠⣤⣲⣶⣿⣤⣤⣄⡀⠀⠀⠀⠀⢠
⠀⣿⣦⢴⣾⣽⣿⣿⣿⣿⣿⣿⣿⣿⣿⣿⣿⣷⡦⣴⣿⠃
⠀⣼⣿⣷⣮⣭⣛⣻⡛⠻⢿⡿⠟⢛⣟⣛⣭⣵⣾⣿⣧
⣼⡿⣿⠃⠺⠭⣍⣉⠀⠀⠀⠀⠀⠀⣉⣩⠭⠗⠘⣿⡿⣧
⠘⠷⣽⣀⠀⠀⠚⠛⠛⠓⠀⠀⠚⠛⠛⠓⠀⠀⣀⣯⠾⠃
⠀⠰⣯⡑⠀⣄⣀⣀⡛⠲⠤⡤⠖⢛⣀⣀⣠⠄⢊⣽⠖
⠀⠀⠈⠻⣦⠈⠓⢦⠬⠭⢁⡈⠭⠭⡤⠞⠁⣠⠟⠁
⠀⠀⠀⠀⠈⠳⣄⡀⠙⣒⣒⢒⣒⠊⢀⣠⠞⠁
⠀⠀⠀⠀⠀⠀⠈⢿⣄⣹⣿⣿⣏⣠⡿⠁
⠀⠀⠀⠀⠀⠀⠀⠀⠀⠉⠹⠏⠉
⠀⢀⠀⠀⠀⠀⠀⠀⢀⣀⣠⡴⣴⣶⣾⣇⣦⣄⡀⡀⠀⠀⠀⠀⠀⠀⣀
⠀⣿⣦⡀⢀⣀⣶⣶⣾⣿⣿⣿⣿⣿⣿⣿⣿⣿⣿⣿⣶⣶⣄⡀⢀⣴⣿
⠀⠹⣿⣯⣟⠿⢿⣿⣿⣿⣿⣿⣿⣿⣿⣿⣿⣿⣿⣿⣿⡿⠿⣛⣽⣿⠏
⠀⣸⣿⣿⣿⣿⣶⣦⣭⣙⡏⠙⠛⠿⠿⠛⠋⢹⣏⣩⣴⣶⣿⣿⣿⣿⣇
⣸⡿⣿⣿⠃⠲⢬⣍⣉⡉⠀⠀⠀⠀⠀⠀⠀⠀⢈⣉⣩⡭⠖⠈⣿⣿⣿⣧
⠘⣷⡌⣿⠀⠀⠐⠢⠽⣿⣻⠶⡄⠀⠀⢠⡶⣟⣿⠿⠴⠂⠀⠀⣿⢃⣾⠏
⠀⠀⣹⡿⢖⡂⠀⠀⠀⢀⣤⣄⡀⠀⠀⠀⣀⣤⡀⠀⠀⠀⢐⡲⢿⣏⡁
⠀⠈⠻⣷⡍⠀⠲⣦⡤⢤⣄⣈⣙⠲⠖⣋⣁⣠⡤⢤⣴⠖⠀⢉⣼⠟⠁
⠀⠀⠀⠈⠻⣦⡀⠈⠻⣶⡦⠤⢭⣉⣉⣭⠤⢴⣶⠟⠁⢀⣴⠟⠁
⠀⠀⠀⠀⠀⠈⠻⣦⡀⠈⠹⠦⠴⠶⠶⠶⠴⠟⠁⠀⣴⠟⠁
⠀⠀⠀⠀⠀⠀⠀⠈⠻⣷⠀⠸⣿⣷⣼⣿⠗⠀⣼⠟⠁
⠀⠀⠀⠀⠀⠀⠀⠀⠀⠙⠷⠦⣽⣿⣿⣯⠴⠾⠛
⠀⠀⠀⠀⠀⠀⠀⠀⠀⠀⠀⠀⠀⠙⠏
⠀⠀⠀⠈⠙⢿⣿⣿⣿
⠀⠀⠀⠀⠀⠀⠙⢿⣿⣷⣦⡀
⠀⢸⣦⣀⠀⠀⠀⠀⠙⢿⣿⣿⡆
⠀⠸⣿⣿⣷⣄⠀⠀⠀⠀⠉⠻⡇
⠀⠀⠈⠻⢿⣿⣷⣄
⠀⠀⠀⠀⠀⣿⣿⣿⣷⣄⡀
⠀⠀⠀⠀⠀⠈⠙⢿⣿⣿⣿⣿⣿⣿
⠀⠀⠀⠀⠀⠀⠀⠀⠙⢿⣿⣿⣿⣿⣦⡀
⠀⠀⠀⠀⠀⠀⠀⠀⠀⠀⠈⠻⣿⣿⣿⣿⣷⣄
⠀⠀⢸⣦⣄⠀⠀⠀⠀⠀⠀⠀⠈⠻⢿⣿⣿⣿⣷⡄
⠀⠀⢸⣿⣿⣷⣄⠀⠀⠀⠀⠀⠀⠀⠀⠙⢿⣿⣿⡇
⠀⠀⠘⢿⣿⣿⣿⣷⣦⡀⠀⠀⠀⠀⠀⠀⠀⠙⠻⡇
⠀⠀⠀⠀⠙⠿⣿⣿⣿⣿⣦⡀
⠀⠀⠀⠀⠀⠀⠈⠻⣿⣿⣿⣿⣷⣄
⠀⠀⠀⠀⠀⠀⠀⠀⣿⣿⣿⣿⣿⣿⣷⣄⡀
⠀⠀⠀⠀⠀⠀⠀⠉⠻⣿⣿⣿⣿⣿⣿⣿⣿⣿
⠀⠀⠀⠀⠀⠀⠀⠀⠀⠈⠛⢿⣿⣿⣿⣿⣿⣿⣄
⠀⠀⠀⠀⠀⠀⠀⠀⠀⠀⠀⠀⠙⢿⣿⣿⣿⣿⣿⣷⣤⡀
⠀⠀⠀⢀⠀⠀⠀⠀⠀⠀⠀⠀⠀⠀⠈⠻⣿⣿⣿⣿⣿⣿⣦⣀
⠀⠀⠀⢸⣿⣦⡀⠀⠀⠀⠀⠀⠀⠀⠀⠀⠈⠙⢿⣿⣿⣿⣿⣿⡇
⠀⠀⠀⢸⣿⣿⣿⣦⣄⠀⠀⠀⠀⠀⠀⠀⠀⠀⠀⠙⠻⣿⣿⣿⡇
⠀⠀⠀⢸⣿⣿⣿⣿⣿⣷⣄⡀⠀⠀⠀⠀⠀⠀⠀⠀⠀⠈⠻⢿⡇
⠀⠀⠀⠀⠉⠻⣿⣿⣿⣿⣿⣿⣦⡀⠀⠀⠀⠀⠀⠀⠀⠀⠀⠀⠁
⠀⠀⠀⠀⠀⠀⠈⠛⢿⣿⣿⣿⣿⣿⣷⣄
⠀⠀⠀⠀⠀⠀⠀⠀⠀⠙⣿⣿⣿⣿⣿⣿⣷⣤⡀
⠀⠀⠀⠀⠀⠀⠀⠀⠀⠀⣿⣿⣿⣿⣿⣿⣿⣿⣿⣦⣀
⠀⠈⠿⣇⠀⠀⠈⠁⠁⠀⠀⢀⣶⠖
⠀⣴⡀⠀⠀⠶⠄⠀⠠⠴⠂⢩⡀
⠢⡹⢶⠂⠀⠀⠒⣂⡒⠀⣰⠼⠁
⠀⠈⠢⠁⠀⠘⢾⣿⡿⠁⠁
⠀⠀⠘⢿⣿⡒⠂⠀⠀⠐⠚⠓⠒⠓⠂⠀⠀⠀⠠⢴⣶⡶
⠀⠀⠀⠀⠉⠛⠂⢀⡀⠀⠀⠀⠀⠀⠀⢀⡀⠠⠞⠛⠉
⠀⢠⣞⡄⠀⠀⠀⠂⠻⠶⠄⠀⠀⠠⠾⠏⠂⠀⢰⡄
⢧⠩⢸⣧⣴⠀⠀⠀⢀⠐⢶⠄⠠⣲⢆⠀⢠⣌⡏⠃
⠀⠀⠧⣀⠻⡄⠀⠀⠱⣄⣴⣶⣶⣆⡰⠡⠞⠈⠁
⠀⠀⠀⠈⠳⠀⠀⠀⠀⠹⢿⣭⣭⡾⠁
⠀⠀⠀⠸⣿⣿⡒⠒⠀⠀⠀⠀⠒⠚⠒⠒⠲⠒⠂⠀⠀⠀⠀⠤⠤⣤⣤⡤
⠀⠀⠀⠀⠈⠙⠻⠦⠀⠀⠀⠀⠀⠀⠀⠀⠀⠀⠀⠀⠀⠀⣠⡴⠾⠛⠉
⠀⠀⣠⡔⠀⠀⠀⠀⠀⠍⢳⣤⣀⠀⠀⠀⠀⢀⣠⡶⠋⠀⠀⢀
⣀⠰⠟⢲⠃⠀⠀⠀⠀⠀⠀⠀⢀⣀⠀⠀⢀⣁⠈⠀⠀⠀⠠⡼⣧
⠘⠄⢀⠸⠞⣻⠃⠀⠀⠀⢠⠀⠈⠚⠑⠐⠩⠒⠠⡄⠀⡶⢶⠇
⠀⠀⠈⠳⢤⡘⠢⠀⠀⠀⠀⢷⡤⣺⣿⣿⣿⣦⡜⠡⠚⠁
⠀⠀⠀⠀⠀⠙⠀⠀⠀⠀⠀⠀⠳⢳⣶⣶⣞⠞
⠀⠀⠀⠀⠀⠀⣉⣀⣐⣦⣶⠄
⠀⣤⠤⡶⣾⣿⣿⣿⣿⣿⣤⡤⣀
⠺⣥⣦⡾⠶⠶⠷⠶⠷⠶⠾⠶⠾⠆
⠀⠀⠀⠀⠀⠀⠀⠀⠉⠉⠁⠒⠒⠲⢤⣤⣤⣄
⠀⠀⠀⠀⢀⣀⣤⣤⣶⣾⣿⣿⣿⢿⣿⣟⡋
⢀⣼⡿⢋⠙⢋⠽⡿⡻⢟⠿⠿⠻⡻⢻⠿⣟⡿⢋⢒⡦
⠙⠿⣶⣿⡶⠿⠿⠿⠿⠿⠿⠿⠿⠿⠿⠿⠿⠿⠿⠿⠟⠁
⠀⠀⠀⠀⠀⠀⠀⠀⠀⠈⠉⠉⠑⠒⠒⠒⠤⠤⢤⣀⣤⣤⡀
⠀⠀⠀⠀⠀⠀⠀⠀⢀⣀⣀⣠⣶⣶⣶⣶⣾⣶⣾⡿⠷⠟⠉
⠀⠀⢤⣤⣤⣴⣶⣿⢿⣿⣿⣷⢟⣿⣿⣿⣯⣽⣿⣷⣶⣤⣤⣤⣀⣀
⢀⣴⡿⠋⣠⠀⢁⣴⣋⣍⣩⣋⣭⣉⣋⣉⣩⣛⣭⣋⣽⣭⣛⣵⣈⣽⣂
⠙⠻⠶⣿⣿⡷⠿⠟⠛⠛⠛⠛⠛⠛⠛⠛⠛⠛⠛⠛⠛⠛⠛⠛⠛⠛⠋
⠿⠿⠧⠄⠀⠈⠻⠿⠤⠀⠀⠠⠿⢿
⣿⠀⠀⡇⠀⢰⣄⠀⠻⠀⠀⣿
⣶⣶⡖⠂⠀⠐⢲⣶⣄⠀⠀⣶⣶⣾
⣿⣿⣿⣿⣀⡀⠀⠀⠈⠻⣿⣿⣟⣀⡀⠀⠀⢀⣀⣿⣿⣿
⣁⡀⠀⠀⢀⡀⠀⠀⠀⠀⠀⠀⢀⣀⡀⠀⠀⢀⡀⠀⠉⠻
⣿⡇⠀⠀⢸⣏⠀⠀⠀⣦⡀⠀⠈⠻⡇⠀⠀⢸⡇
⡉⠁⠀⠀⠈⠁⠀⠀⠀⠉⠉⠀⠀⠀⠀⠀⠀⠈⠁⠀⣀⣴
⣿⣿⣿⣿⠉⠁⠀⠀⠀⠉⢹⣿⣿⣦⡀⠀⠀⢸⣿⣿⣿⣿
⣿⣿⣿⣿⣿⠁⠀⠀⠀⠀⠈⠻⣿⣿⣿⣿⡇⠀⠀⠀⠀⠀⠀⠀⢹⣿⣿⣿
⡟⠛⠛⠛⠛⠓⠒⠂⠀⠀⠀⠀⠈⠛⠛⠛⠓⠒⠂⠀⠀⠀⠒⠒⠛⠻⢿⣿
⣧⣤⠀⠀⠀⢠⣤⡄⠀⠀⠀⡀⠀⠀⠀⠠⣤⣤⡄⠀⠀⠀⣤⣄⠀⠀⠀⢹
⣿⣿⠀⠀⠀⢸⣿⡇⠀⠀⠀⣿⣦⠀⠀⠀⠈⢿⡇⠀⠀⠀⣿⣿⠀⠀⠀⢸
⡟⠛⠀⠀⠀⠘⠛⠃⠀⠀⠀⠛⠛⠓⠀⠀⠀⠀⠁⠀⠀⠀⠛⠋⠀⠀⠀⣸
⣧⣤⣤⣤⣤⡤⠤⠄⠀⠀⠀⠤⠤⣤⣤⣤⣄⠀⠀⠀⠀⠀⣤⣤⣤⣴⣾⣿
⣿⣿⣿⣿⣿⡀⠀⠀⠀⠀⠀⠀⠀⣿⣿⣿⣿⣷⣄⠀⠀⠀⣿⣿⣿⣿⣿⣿
⣴⣶⣶⣿⣿⣿⣿⢷⣶⣦⡄
⣿⣿⣿⣿⠀⠀⢠⣠⣤⣄⡄⠀⠀⣶
⠿⢿⣿⣿⢶⠶⢾⣿⣿⡿⣏⠉⠉⣉
⠀⠀⠀⠘⠤⠤⣬⣉⣀⣀⣠⣤⠤⠾
⡤⣤⣶⣶⣶⣿⣿⣿⣿⣿⣿⣶⣶⣶⣤⢤⡀
⡇⣿⣿⣿⣿⣟⣛⠛⠛⠛⠛⠋⠛⠛⠛⠘⠃⠀⠄⠀⢀
⡇⣿⣿⣿⣿⣿⠀⠀⠀⠀⣤⡄⣶⣶⣶⢠⣤⠀⠀⠀⠀⣿
⣇⣿⣿⣿⣿⣿⣤⣤⣤⣤⣿⣷⣿⣿⣿⣸⡟⠛⠛⠛⠛⠛
⠀⠉⠙⠛⠛⢻⠉⠉⠉⠉⠻⠿⠿⠛⠋⠉⠟⠀⠀⠀⠀⣿
⠀⠀⠀⠀⠀⠈⠓⠲⠦⠤⣤⣤⣤⣤⣤⣤⣤⣤⠴⠶⠞⠛
⣀⢤⣤⣶⣶⣶⣿⣿⣿⣿⣿⣿⣿⣿⣶⣶⣶⣤⣤⢄⡀
⡇⢸⣿⣿⣿⡟⣿⣿⣿⠿⠿⣿⣿⣿⡟⣿⠿⣿⣿⠸⣿⡀
⡇⢸⣿⣿⣿⡇⣿⡧⠒⠂⠉⠁⠀⠀⠀⠀⠀⠀⠀⠀⠀⠀⠈⠉⠐⠒⢠⣄
⡇⢸⣿⣿⣿⡇⣿⡇⠀⠀⠀⠀⠀⣶⡆⣶⣶⣶⣶⢰⣶⡄⠀⠀⠀⠀⢸⣿
⡇⢸⣿⣿⣿⣧⣿⣇⣀⣀⣀⣀⣀⣿⣧⣿⣿⣿⣿⢸⣿⠛⠛⠛⠛⠛⠛⠛
⠙⠓⠿⠿⣿⣿⣿⡟⠻⠿⠿⠿⠛⣿⣿⣿⣿⡿⠷⠿⢻⡖⠒⠒⠒⠒⢲⣦
⠀⠀⠀⠀⠀⠀⠀⣇⠀⠀⠀⠀⠀⠉⠉⠉⠁⠀⠀⠉⠉⠀⠀⠀⠀⠀⣸⣿
⠀⠀⠀⠀⠀⠀⠀⠈⠉⠛⠲⠶⠦⢤⣤⣤⣤⣤⣤⣤⣤⣴⠶⠶⠾⠛⠛⠉
⠋⢩⠁⢹⠀⠘⠃⢸⡇⠀⡏⠈⡍⠙
⠀⠘⢀⣸⣀⣸⣆⣸⣇⣀⣇⡀⠃
⠟⠋⢉⠉⠉⢹⡇⠀⠀⣿⠀⠀⣿⠀⠀⢸⡏⠉⠉⡉⠙⠻
⠀⠀⢹⡇⠀⢸⡇⠀⠀⣤⠀⠀⣿⠀⠀⢸⡇⠀⢸⡯
⠀⠀⢈⣁⣀⣼⣇⣠⣤⣿⣤⣤⣿⣤⣄⣸⣧⣀⣈⡉
⡿⠛⠛⠋⠉⠉⠙⣿⡇⠀⠀⣿⡇⠀⠀⢸⣿⠀⠀⢸⣿⠋⠉⠉⠙⠛⠛⢿
⠀⠀⠀⣾⠀⠀⠀⣿⡇⠀⠀⠉⠁⠀⠀⢸⣿⠀⠀⢸⣿⠀⠀⠀⣿
⠀⠀⠀⣿⠀⠀⠀⣿⡇⠀⠀⣾⡇⠀⠀⢸⣿⠀⠀⢸⣿⠀⠀⠀⣿
⡀⠀⠀⣀⣀⣀⣤⣿⣧⣤⣤⣿⣧⣤⣤⣼⣿⣤⣤⣼⣿⣤⣀⣀⣀⠀⠀⢀
⠀⠀⠀⠀⠀⣤⣶⡶⣠⣤⡄
⠀⢀⣠⠔⠒⠛⠿⣶⣯⡩⢿⣿⢃
⠘⠙⠻⣷⣦⣀⠀⠈⣻⡟⠺⠿⠋
⠀⠀⠀⠀⠙⣻⠗⠚⠁
⠀⠀⠀⠀⠀⠀⠀⠀⢀⣤⣤⣤⡖⢀⣀⣀⣀⠄
⠀⠀⠀⠀⠀⠀⢀⣀⣻⣿⣟⣋⢼⣿⣿⠿⣃⣤⣄⡤⠂
⠀⠀⣀⣤⡶⠛⠉⠉⠙⠛⠿⣿⣿⣶⣄⠺⠿⢿⣟⣁⡠⠄
⠐⠛⠛⢿⣿⣷⣤⣀⠀⠀⠀⠀⠙⣿⣿⡧⣾⣿⣿⠟
⠀⠀⠀⠀⠈⠛⠿⣿⣷⣦⣀⣀⣤⠟⠋
⠀⠀⠀⠀⠀⠀⠀⠈⣽⠿⠛⠉
⠀⠀⠀⠀⠀⠀⠀⠀⠀⠀⠀⣀⣤⣤⣤⣤⠒⠀⠀⠀⢀⣀⠄
⠀⠀⠀⠀⠀⠀⠀⠀⠀⠀⠺⣿⣿⠿⠟⢫⣶⣿⣿⣿⡿⠀⢀⡀⢀⡠⠄
⠀⠀⠀⠀⠀⣀⣤⠶⠶⠿⠿⠿⣿⣿⣷⣶⣭⣉⠉⣵⣾⣿⣿⣿⠟
⢀⣠⣴⣶⣿⣿⣤⡀⠀⠀⠀⠀⠀⠉⠛⢿⣿⣿⣷⡌⢉⣭⣿⣶⣶⡖⠉
⠈⠁⠀⠉⠛⠿⣿⣿⣷⣦⣄⠀⠀⠀⠀⠀⢙⣿⣿⠏⠛⠿⠿⠛⠋⠁
⠀⠀⠀⠀⠀⠀⠈⠙⠻⢿⣿⣿⣶⣤⣠⡴⠞⠋⠁
⠀⠀⠀⠀⠀⠀⠀⠀⠀⠀⢽⠿⠛⠋⠁
⠀⠀⠀⡀⠾⣗⡛⠁⠉⠿⠟⠲⢄⡀
⣶⣾⣿⣷⣽⣯⣭⣴⣦⣄⣠⣤⡼⠟
⠙⠛⠛⠻⠿⠟⠻⠿⣿⣿⣿⣿⠁
⠀⠀⠀⠀⠀⠀⣠⣞⠷⠼⠯⠭⠉⠉⠭⣽⠍⠳⢤⣀
⣀⣤⣤⣶⣾⣗⡲⢄⡽⠘⠦⠀⣀⠀⠀⠉⢀⡀⠁⠰⣿⡶
⣷⣿⣿⣿⢿⣿⣯⣿⣻⣷⡿⣽⣽⣿⡷⣶⡾⣶⣶⡞⠉
⠈⠉⠉⠉⠉⠹⠿⠿⠿⠙⠻⠿⠿⣿⣿⣿⣟⣿⡿
⠀⠀⠀⠀⠀⠀⠀⠀⢠⡞⣧⢄⣲⠭⠉⠉⠉⢉⣉⣙⣊⠱⠦⣄
⠀⠀⠀⣀⣠⣤⡐⢈⣁⣉⢲⡆⣤⣀⠀⠀⠀⠀⠀⠚⠀⠀⠀⠀⠉⣱⣦⣄
⣶⢫⡍⣭⣭⡍⣿⢳⠬⠥⠿⣄⣠⡤⠤⠴⢦⣤⣄⠀⣀⣐⣂⣀⢀⣽⠿⠋
⢿⣸⣇⣛⣛⣃⣟⣼⡇⣹⢩⣕⡩⢃⣹⢸⣭⢩⡍⣿⣿⠉⣭⢩⠿
⠀⠀⠀⠀⠀⠀⠀⠛⠒⠚⠚⠃⠉⠓⠛⠒⠾⣼⣇⣛⣛⣀⣯⡼
⠀⠀⠀⢀⣤⡶⠶⠶⢶⣤⡀
⣀⣀⣤⣽⣽⣦⣾⡳⢲⢻⣯⢤⢄⣀
⡇⡿⡿⢿⣻⠟⢦⣽⠘⣸⡻⢸⢸⡧
⠷⠃⠀⠈⠛⠷⠶⠶⠾⠛⠁⠀⠘⠳
⠀⠀⠀⠀⠀⠀⢀⣠⣴⣶⣶⣶⣶⣦⣄⡀
⠀⠀⠀⠀⠀⣾⣿⡿⠋⢁⣠⣤⡈⠙⢿⣿⣷
⣠⣤⡀⡆⢴⢰⡆⡏⣿⢸⣇⣘⠋⣿⠁⣞⣳⠐⣶⠆⣤⣄
⣿⢸⡇⡟⣻⢸⡇⣧⡿⢠⡌⢹⡇⢿⠀⡯⢹⠀⣿⠀⣿⣀
⣿⢸⡇⠃⠈⢶⣶⣷⣄⡈⠙⠛⢁⣠⣾⣷⡾⠀⠉⠀⣿⠈
⠛⠋⠀⠀⠀⠀⠈⠙⠻⠿⠿⠿⠿⠟⠋⠁⠀⠀⠀⠀⠉⠙
⠀⠀⠀⠀⠀⠀⠀⠀⠀⣀⣤⣤⣤⣤⣤⣤⣤⣤⣀
⠀⠀⠀⠀⠀⠀⢠⣶⣿⣿⠿⠛⠉⢉⡉⠉⠙⠻⣿⣿⣶⡄
⠀⠀⠀⢀⡀⢠⡌⣭⢉⡽⢶⡄⢸⡏⠹⡷⠲⣶⠎⣭⢭⡅⣤⣀⣀
⣾⠋⣿⢸⣧⣼⡇⣿⢸⡇⢸⡇⠘⠳⢶⣦⠀⣿⠀⣿⢶⣿⠀⣿⠀⢸⡏⠓
⣿⠀⣿⢸⡇⢸⠇⠿⣘⣓⠚⠃⢸⣇⣸⡿⠀⠛⣀⣻⡘⠿⠀⣿⠀⢸⡷⠤
⣿⠀⣿⠀⠀⠀⠘⠿⣿⣿⣶⣄⣀⣈⣁⣀⣠⣴⣿⣿⠿⠃⠀⠀⠀⢸⣇
⠉⠉⠁⠀⠀⠀⠀⠀⠀⠉⠛⠛⠛⠛⠛⠛⠛⠛⠉⠀⠀⠀⠀⠀⠀⠀⠈⠙
⡟⠁⠀⠀⠀⠀⠀⠀⡀⠀⠀⢀⣠⣾
⣿⡟⠉⠀⠀⠀⠀⠀⠀⠀⠀⠀⠀⠀⡀⠀⠀⠀⠀⠀⣠⣾
⣏⠀⠀⠀⢀⡀⠀⠀⣀⠀⠀⣀⣠⣎⠀⠀⠀⢀⣠⣾⣿⣿
⣿⡿⠋⠉⠀⡀⠀⠀⠀⠀⠀⠀⠀⠀⠀⠀⠀⠀⡀⠀⠀⠀⠀⠀⠀⢀⣤⣿
⣟⡁⠀⠀⠀⠀⣀⠀⠀⠀⣀⡀⠀⠀⣀⣠⣴⣊⠀⠀⠀⠀⣀⣠⣴⣿⣿⣿
⠀⠀⠀⠐⠲⣾⣿⣿⢷⣶⣤⣤⣄⢀
⠀⠀⠀⠀⠀⠈⠉⠉⠛⣿⣽⡿⠏⠁
⠀⠀⠀⠒⠲⠶⣶⣶⣶⣿⣷⣶⣶⣦⣤⣀⠀⣀
⠀⠀⠀⠀⠀⠀⠈⠛⢿⣿⣿⣿⣿⢻⣿⣿⣿⣿⣿⣷⡄⣠
⠀⠀⠀⠀⠀⠀⠀⠀⠉⠙⠛⠻⠷⣷⣶⣟⣻⣿⣿⡿⠋⠁
⠀⠀⠀⠀⠀⠀⠀⠀⠀⠀⠀⠀⠀⠀⢹⣯⣷⠿⠟⠃
⠀⠀⠀⠐⠒⠶⢤⣤⣤⣤⣤⣴⣷⣶⣶⣶⣶⣄⣤⡀
⠀⠀⠀⠀⠀⠀⠀⠀⠻⢿⡿⣿⣿⣿⣿⣿⢟⣿⣿⣿⣶⣾⣿⣶⣦⣄
⠀⠀⠀⠀⠀⠀⠀⠀⠀⠀⠬⢿⣿⣿⣿⣯⡳⣘⡛⣻⣿⣿⣿⣿⣿⣿⣤⠞
⠀⠀⠀⠀⠀⠀⠀⠀⠀⠀⠀⠀⠈⠉⠉⠙⠛⠿⣿⡯⣼⠿⣿⣿⣿⠃
⠀⠀⠀⠀⠀⠀⠀⠀⠀⠀⠀⠀⠀⠀⠀⠀⠀⠀⢸⣗⣿⡷⠿⠛⠋
⣠⣴⣾⠿⠿⠿⠿⢿⣶⣤
⣿⣿⡇⠀⣀⣀⡀⢸⣿⣿⠀⢀⣀⣀
⣿⣿⣇⣀⣿⣿⡇⣸⣿⣿⠀⢸⣿⣿
⠀⠉⠛⠻⣿⣿⡟⠛⠋⠁⠀⢸⣿⣿
⠀⠀⠀⠀⠛⠿⣷⣶⣶⣶⣶⡿⠟⠋
⢀⣠⣤⣶⣿⣿⣿⣿⣿⣿⣿⣿⣷⣦⣄⡀
⣿⣿⣿⣿⠋⠀⠀⠀⠀⠀⠀⠉⣿⣿⣿⣿
⣿⣿⣿⣿⠀⠀⣶⣶⣶⣶⠀⠀⣿⣿⣿⣿⠀⠀⣶⣶⣶⣶
⣿⣿⣿⣿⣀⠀⣿⣿⣿⣿⠀⣀⣿⣿⣿⣿⠀⠀⣿⣿⣿⣿
⠈⠙⠻⢿⣿⣿⣿⣿⣿⣿⣿⣿⡿⠟⠋⠉⠀⠀⣿⣿⣿⣿
⠀⠀⠀⠀⠀⠀⣿⣿⣿⣿⣀⠀⠀⠀⠀⠀⠀⣠⣿⣿⣿⣿
⠀⠀⠀⠀⠀⠀⠈⠙⠻⢿⣿⣿⣿⣿⣿⣿⣿⣿⠿⠟⠋⠁
⠀⢀⣀⣤⣶⣿⣿⣿⣿⣿⣿⣿⣿⣿⣿⣷⣦⣄⡀
⣾⣿⣿⣿⣿⡟⠛⠉⠉⠉⠉⠉⠉⠙⠻⣿⣿⣿⣿⣿⡆
⣿⣿⣿⣿⣿⡇⠀⠀⠀⠀⠀⠀⠀⠀⠀⣿⣿⣿⣿⣿⡇
⣿⣿⣿⣿⣿⡇⠀⢸⣿⣿⣿⣿⣿⠀⠀⣿⣿⣿⣿⣿⡇⠀⢸⣿⣿⣿⣿⣿
⣿⣿⣿⣿⣿⣇⠀⢸⣿⣿⣿⣿⣿⠀⢀⣿⣿⣿⣿⣿⡇⠀⢸⣿⣿⣿⣿⣿
⠙⠛⠿⣿⣿⣿⣿⣾⣿⣿⣿⣿⣿⣾⣿⣿⣿⡿⠟⠛⠁⠀⢸⣿⣿⣿⣿⣿
⠀⠀⠀⠀⠉⠛⠛⢻⣿⣿⣿⣿⣿⠛⠛⠋⠁⠀⠀⠀⠀⠀⢸⣿⣿⣿⣿⣿
⠀⠀⠀⠀⠀⠀⠀⠸⣿⣿⣿⣿⣿⣦⣄⣀⣀⣀⣀⣀⣀⣤⣼⣿⣿⣿⣿⡿
⠀⠀⠀⠀⠀⠀⠀⠀⠀⠈⠙⠻⢿⣿⣿⣿⣿⣿⣿⣿⣿⣿⣿⠿⠛⠉⠁
⠀⣠⣴⣶⣶⣶⣿⣿⣿⣷⣶⣶⣶⠆
⠰⠿⠿⠿⢿⣿⣿⣿⠟⠿⠿⠟⠋
⠀⠀⢀⣠⣤⣤⣤⣤⣤⣶⣿⣿⣿⣿⣿⣶⣤⣤⣤⣤⣤⡄
⠀⣠⣿⣿⣿⣿⣿⣿⣿⣿⣿⣿⣿⣿⣿⣿⣿⣿⣿⣿⠏
⠘⠛⠛⠛⠛⠛⠿⣿⣿⣿⣿⣿⠿⠛⠛⠛⠛⠛⠋⠁
⠀⠀⠀⠀⣀⣀⣀⣀⣀⣀⣀⣠⣶⣿⣿⣿⣿⣿⣷⣶⣄⣀⣀⣀⣀⣀⣀⡀
⠀⠀⣠⣿⣿⣿⣿⣿⣿⣿⣿⣿⣿⣿⣿⣿⣿⣿⣿⣿⣿⣿⣿⣿⣿⣿⠟
⠀⣴⣿⣿⣿⣿⣿⣿⣿⣿⣿⣿⣿⣿⣿⣿⣿⣿⣿⣿⣿⣿⣿⣿⣿⠋
⠈⠉⠉⠉⠉⠉⠉⠙⠿⢿⣿⣿⣿⣿⣿⠿⠛⠉⠉⠉⠉⠉⠉⠉
⠀⠀⣤⢲⡖⣲⣞⣿⣶⣶⣶⣦⡄
⢀⣠⣾⣿⢿⡿⣿⣿⣿⡿⣿⣿⢦⡄
⠻⢼⣿⣿⣧⣿⣿⣿⡽⢧⣿⣿⣼⡇
⠀⠀⠀⠀⣠⡤⢤⣤⠤⢤⡾⠿⣦⡤⢤⣤⠤⣤⣀
⠀⠀⠀⠸⣧⣶⣶⣤⣶⣦⣴⣶⣶⣶⣷⣶⣾⣶⡿⠂
⠀⢀⣠⡼⠿⠿⢿⣿⠿⠿⠿⢿⣿⣿⡿⠿⣿⣿⡿⠤⣤⠄
⢰⡏⣴⣿⣿⣿⣧⢻⣷⢸⣿⣿⡖⣬⡇⢸⣿⣿⣧⢸⣿
⠈⠓⠮⢯⣭⡭⠵⢾⣿⣼⣿⣯⠴⠟⠻⢬⣿⣯⣥⣼⣿⡄
⠀⠀⠀⠀⠀⢀⣀⣤⣄⣀⣠⣄⣰⣞⣻⣶⣄⣤⣄⣀⣠⣤⣀⡀
⠀⠀⠀⠀⢸⣏⢡⣶⣦⣁⣶⣶⣉⣴⣶⣮⣥⣶⣶⣯⣴⣶⣮⣿⠆
⠀⠀⠀⠀⢠⣽⣿⣿⣿⣿⣿⣿⣿⣿⣿⣿⣿⣿⣿⣿⣿⣿⣿⣥⡄
⠀⣠⡴⢚⣫⣭⣭⣝⣛⣿⣭⠩⣭⣭⣛⣛⡻⢿⡍⢩⣿⣿⣿⣏⢩⣿⣿
⠸⣏⠸⣿⣿⣿⣿⣿⡧⢹⣿⡆⣿⣿⣿⡿⢹⣾⣧⢸⣿⣿⣿⣿⢸⣿⣿
⠀⠉⠓⠾⠷⣶⡭⠷⠶⢿⣿⡥⠿⣭⡭⠶⠿⠛⠻⠮⢽⣭⣭⣷⣽⣿⣷⠄
⣠⠖⢋⣽⣶⣾⣣⡄
⠙⠒⣫⢬⣗⣉⣏⣠⡄
⠀⠀⣴⢾⡿⣫⣟⣵⣪⣶⣷⣤⣾⣆
⠀⣠⡴⠾⠛⣿⡇⣠⢶⡿⠃
⣼⡟⠁⢀⣼⢿⣿⠷⣻⣖⡿⡟
⠉⠙⠛⣉⣁⣈⣙⡋⣉⣉⡉⣁⣀⡀
⠀⠀⠀⠉⢁⣴⡿⣿⣿⢟⣿⠟⣋⡴⠂⣠⣤⠀⠀⣠⣤
⠀⠀⠀⢴⠟⢡⡾⠋⢴⣿⣡⣾⣩⠴⣿⣽⣿⠴⣿⣽⣟⠤
⠀⠀⣠⣴⣾⡿⢿⣿⡄⢀⣴⣾⣿
⢠⣾⡿⠁⠀⢀⣾⣿⣵⣟⣵⢟⣡⡤⣤⡄
⣿⣿⡁⢀⣴⣿⠟⣽⣿⠋⣱⣿⡷⢚⡍
⠈⠉⠉⠉⢉⣀⣀⣈⣉⡉⠁⣈⣉⡉⠀⣀⣀
⠀⠀⠀⠀⠛⠋⢉⣴⣿⣷⣿⣿⣿⣶⣿⡿⠋⣤⡀⠀⢀⡀⠀⠀⠀⢀⡀
⠀⠀⠀⠀⠀⣠⣿⠟⣩⣾⡿⢫⣾⠟⣩⣴⠞⢃⣠⡾⣿⡇⠀⣠⡾⣿⡇
⠀⠀⠀⠀⢾⠟⠁⢾⡿⠁⢰⣿⣯⠼⣿⣥⠶⠿⣿⣾⣿⡵⠾⣿⣴⣿⡥⠖
⠀⢁⢘⣶⢖⢒⡖⢂⣈⣀⣀⣀⡀⠠
⢀⢂⣾⠏⢎⣾⠏⣼⡟⡰⠈⠉⡁⠁
⠂⠈⠉⠉⠉⡏⠼⠿⠤⠴⠿⡡⠁
⠀⠈⠫⡙⢿⣿⣿⣿⣿⣿⣿⣿⠏⣟⣀⣀⣀⣀⣀⣀⣀⣀
⠀⠀⣰⢣⣿⣿⠏⡼⢡⣿⣦⠐⣶⣶⡶⠶⠶⣶⣶⡾⢠⠃
⠀⣰⢃⣾⣿⠏⣼⢣⣿⣿⠏⣼⣿⡿⢡⠯⠬⠑⣒⣂⠁
⣰⠃⠾⠿⠿⠶⠷⠾⠿⠏⣸⣿⡿⠡⠟⣨⣭⡵⢠⠏
⠉⠉⠉⠉⠉⠉⠉⢉⣟⣐⣛⣛⣛⣛⣛⣛⣛⣡⠏
⠀⠀⠙⢍⠩⣭⣭⣭⣭⣭⣭⣭⣭⣭⣭⡭⢩⡏
⠀⠀⠀⣰⠃⣼⣿⣿⠏⣰⠆⣸⣷⣄⠰⣴⣦⣤⣤⣤⣤⣤⣤⣤⣤⠆⣨⠏
⠀⠀⣰⠃⣼⣿⣿⠏⣰⠏⣰⣿⣿⡿⢀⣾⣿⣿⠃⣴⠀⠜⣛⣛⡫⠴⠋
⠀⣰⠃⣼⣿⣿⡏⠰⠏⣰⣿⣿⡿⢁⣾⣿⣿⠃⣼⣋⣉⠭⠤⠄⢲⠆
⣰⣃⣘⣛⣛⣛⣛⣛⣛⣛⣛⡛⢁⣾⣿⣿⡃⠘⢃⣴⣶⣾⡟⢠⠏
⠀⠀⠀⠀⠀⠀⠀⠀⠀⠀⣼⣁⣚⣛⣛⣛⣛⣛⣛⣛⣛⣛⣠⠏
⢠⣴⣶⡾⠛⠉⠉⠉⠉⠛⢷⣶⣦⣄
⣿⣿⣿⡇⠀⠀⠀⠀⠀⠀⢸⣿⣿⣿
⠘⠻⠿⢷⣤⣀⣀⣀⣀⣤⡾⠿⠟⠋
⠀⢀⣠⣤⣶⣶⡶⠟⠛⠛⠛⠛⠛⠛⠻⢶⣶⣶⣤⣄⡀
⣴⣿⣿⣿⣿⡏⠀⠀⠀⠀⠀⠀⠀⠀⠀⠀⢹⣿⣿⣿⣿⣦
⣿⣿⣿⣿⣿⡇⠀⠀⠀⠀⠀⠀⠀⠀⠀⠀⢸⣿⣿⣿⣿⣿
⠻⣿⣿⣿⣿⣇⠀⠀⠀⠀⠀⠀⠀⠀⠀⠀⣸⣿⣿⣿⣿⠟
⠀⠈⠙⠛⠿⠿⢷⣦⣤⣤⣀⣀⣤⣤⣴⡾⠿⠿⠛⠋⠁
⠀⠀⠀⣀⣤⣤⣶⣶⣶⠿⠟⠛⠛⠛⠛⠛⠛⠻⠿⣶⣶⣶⣤⣤⣀⡀
⢠⣶⣿⣿⣿⣿⣿⠋⠀⠀⠀⠀⠀⠀⠀⠀⠀⠀⠀⠀⠙⣿⣿⣿⣿⣿⣶⡄
⣿⣿⣿⣿⣿⣿⣿⠀⠀⠀⠀⠀⠀⠀⠀⠀⠀⠀⠀⠀⠀⣿⣿⣿⣿⣿⣿⣿
⣿⣿⣿⣿⣿⣿⣿⠀⠀⠀⠀⠀⠀⠀⠀⠀⠀⠀⠀⠀⠀⣿⣿⣿⣿⣿⣿⣿
⠘⠿⣿⣿⣿⣿⣿⣄⠀⠀⠀⠀⠀⠀⠀⠀⠀⠀⠀⠀⣠⣿⣿⣿⣿⣿⠿⠃
⠀⠀⠈⠉⠛⠛⠿⠿⠿⣶⣦⣤⣤⣤⣤⣤⣤⣴⣶⠿⠿⠿⠛⠛⠉⠁
⣯⣥⡀⠀⠀⠀⠀⠀⠀⠈⠉⠉⠛⠻
⣿⣿⣷⣦⣄⣀⠀⠀⠀⠀⠀⢖⣤⣾
⣯⣍⣉⠁⠀⠀⠀⠀⠀⠀⠀⠀⠀⠀⠉⠉⠉⠛⠛⠿⢿⣿
⣿⣿⣿⣯⣁⠀⠀⠀⠀⠀⠀⠀⠀⠀⠀⠀⠀⠀⠀⠀⢀⣴
⣿⣿⣿⣿⣿⣷⣦⣤⣄⣀⠀⠀⠀⠀⠀⠀⠠⢞⣩⣶⣿⣿
⣟⣛⡉⠉⠉⠁⠀⠀⠀⠀⠀⠀⠀⠀⠀⠀⠀⠉⠉⠉⠛⠛⠻⠿⢿⣿⣿⣿
⣿⣿⣿⣿⡶⠄⠀⠀⠀⠀⠀⠀⠀⠀⠀⠀⠀⠀⠀⠀⠀⠀⠀⠀⠀⠀⠉⢙
⣿⣿⣿⣿⣿⣶⣆⠀⠀⠀⠀⠀⠀⠀⠀⠀⠀⠀⠀⠀⠀⠀⣀⣀⠀⣠⣶⣿
⣿⣿⣿⣿⣿⣿⣿⣿⣷⣶⣤⣀⣀⡀⠀⠀⠀⠀⠀⠀⠀⠘⣋⣥⣾⣿⣿⣿
⠀⠀⠀⣀⡴⠶⣶⣶⣾⡷
⠀⣠⣴⢦⣿⣿⣿⣿⣿⣥⣤⡀
⢿⣿⣿⣿⣿⣿⣷⣿⣿⡿⠛⠻⣿⣲
⠀⠙⠛⠛⠻⢿⣿⣿⣿⡿⠿⠛⠛⠋
⠀⠀⠀⢀⣤⣬⡟⠻⠽⠗
⠀⠀⠀⠀⠀⠀⢀⣠⣤⣶⣶⣶⣶⣶⣿⡦
⠀⠀⠀⠀⠐⠚⢿⣭⣭⣽⣿⣿⣿⣿⡿
⠀⢀⣴⣶⣶⣖⣾⣿⣿⣿⣿⣿⣿⣯⣤⣤⡤⣄
⢴⣫⣿⣿⣿⣿⣿⣿⣻⣭⣷⣾⣿⣿⣿⣿⣟⣿⣳⣲⣦⣀
⠛⢾⣿⣿⣿⣿⣿⣿⣿⣯⣿⣿⣿⣿⢿⡋⠀⡈⣹⣯⣿⡿
⠀⠈⠙⠛⠋⠛⠿⣭⣿⣿⣿⣶⣿⣿⣿⣿⡿⠿⠛⠛⠛⠃
⠀⠀⠀⠀⠀⠀⠀⠀⠉⢿⣿⣿⣿⢿⣯⣀
⠀⠀⠀⠀⠀⠠⠶⢦⣤⣺⡋⠀⠖⠾⠚
⠀⠀⠀⠀⠀⠀⠀⠀⠀⢀⣠⣤⣤⣤⣤⣤⣤⣶⣾⣆
⠀⠀⠀⠀⠀⠀⣠⠤⢖⠛⠛⢛⢿⣟⣭⣿⣿⣿⣿⠋
⠀⠀⠀⠀⠀⠀⠁⠈⢹⣶⣶⣶⣿⣿⣿⣿⣿⣿⠟
⠀⠀⢠⠖⠛⠉⠉⢩⣿⣿⣿⣿⣿⣿⣿⡿⠿⠤⠴⠶⠦⢤⡀
⢠⠞⢹⡇⠀⠀⠀⢺⣿⡿⠿⠛⠉⠁⠀⠀⠀⠀⠀⢠⡤⠶⠛⠶⠦⣤⡀
⣼⢁⣛⣷⡀⣾⡿⢿⣷⡄⢴⣿⠻⠿⠆⠀⠀⠀⢰⡶⠖⠲⠶⢦⡶⠆⠉⣷
⠉⠹⣿⣿⣿⣮⣿⢮⣿⡿⠈⠿⠶⠿⠿⠀⠠⠶⢫⡄⣀⣀⣀⣀⣷⣿⣷⡛
⠀⠀⠉⠙⠛⠛⠙⠻⢤⣤⣤⣤⣤⣤⣶⣶⣿⣿⣯⣾⣿⣿⠎⠛⠿⠿⠟⠁
⠀⠀⠀⠀⠀⠀⠀⠀⠀⠀⠙⠿⣿⣿⣿⣿⣿⣿⡟⠋⠉
⠀⠀⠀⠀⠀⠀⠀⠀⠀⠀⠀⠘⡻⡻⠿⠟⢋⡳⢹⠔
⠀⠀⠀⠀⠀⠀⠀⠴⠿⠷⠶⢎⣺⡀⠀⠛⠛⠓⠋
⠀⠀⣠⣴⣶⣾⣿⣿⣿⠶⠤⠤
⢒⣿⠋⣿⠹⠿⠏⠷⠟⢱⠷⡆⣶⣶
⠀⠀⠀⠀⢀⣠⣤⣶⣶⢿⣟⣷⢿⣒⣶⢦⣀⢀⡀
⢀⣠⣤⣼⢿⣿⡹⣧⣟⣾⢯⣟⣛⣿⣅⢈⣭⡉⠁⢀⣀⡀
⠉⣹⣯⠉⠨⠿⠄⠿⠽⠿⠠⠿⠿⠭⠨⠿⠛⢿⠈⣿⣻⣯
⠀⠀⠀⠀⠀⠀⢀⣀⣤⣤⡶⣾⣟⡿⣣⣾⣓⢖⣶⣤
⠀⠀⠀⠀⢠⢾⣿⡻⢷⣏⢻⣇⣿⢝⢿⣷⣿⣻⠓⠒⠒⠷⠼⠃
⣤⣬⣿⡽⣿⠚⣷⣷⢘⣽⡼⣬⡧⠫⣧⡶⣴⡟⢯⣭⡽⣧⣤⠀⣤⡤⢤⣤
⠀⢠⣿⡇⠀⠠⠿⠿⠘⠿⠧⠿⠟⠰⠿⠯⠷⠖⠰⠿⠏⠹⠷⠄⣽⣏⣿⣷
⠀⠀⢙⣯⣭⣽⡿⣻⣿⣫⣍⠉⠉⣳
⠠⠾⡿⠿⠿⣭⡾⣟⢿⣬⣬⣟⡤⠃
⠀⣼⣀⣀⣀⡼⠙⠃
⠀⠀⠈⠉⢻⣍⣉⣩⣭⢭⣟⢻⣿⡛⠯⣍⠉⠉⠉⠉⠑⣦
⠀⢠⣴⣶⡿⠿⢿⠭⠞⢟⣱⣾⣿⣟⠛⠊⠙⠶⣤⠀⣰⠃
⠀⠉⢉⡟⠉⠙⠛⠛⠛⣿⣇⣿⠤⠭⠿⠶⠶⠯⠑⠚⠁
⠀⢀⣞⣀⣀⣀⣀⣀⣼⠃⠈⠁
⠀⠀⠀⠈⠛⠻⡍⠉⠉⠉⣉⣉⣩⡭⠿⠿⠯⠭⣍⡉⠉⠉⠉⠉⠉⠓⠲⣄
⠀⠀⠀⠀⠀⣠⣿⠶⣚⡽⢛⣭⡴⢒⣈⣿⣷⣦⣄⡹⢦⣀⠀⠀⠀⠀⢠⡏
⠀⠠⣴⣿⠿⠭⠶⠛⠧⠴⠛⡙⢁⣼⣿⢯⣻⡅⠀⠈⠀⠈⠻⣶⠀⢀⡞
⠀⠊⠉⢉⡟⠉⠙⠛⠛⠺⠿⣿⡟⠁⣿⣂⣈⣛⣒⣶⣶⣖⣋⡥⠔⠋
⠀⠀⠀⡼⠁⠀⠀⠀⠀⠀⠀⣼⠋⠳⡏⠁
⠀⠀⣸⣃⣀⣀⣀⣀⣀⣀⣰⠇
⠀⠀⠀⢮⡛⠓⣰⢶⣤⠄⢀⣀
⢀⡤⡏⠰⣄⣨⣭⣽⣿⡶⣦⣴⣃
⢧⡳⠭⠓⢚⠭⠭⢭⣤⡀⠘
⠀⠈⠉⠉⠁⠀⠀⠀⢹⠇
⠀⠀⠀⠀⢠⣌⠻⠛⠶⠄⣤⣤⡤⢤⡀
⠀⠀⠀⣰⡌⠉⠓⠀⢠⠶⠶⠶⠿⠷⣁⡀⠘⠓⠲⡤
⡀⢰⠀⣇⠀⠐⣧⣀⣐⡦⠤⠤⠭⠭⠿⠿⣿⡶⠿⠅
⣧⠘⢦⣈⡓⠲⠤⠭⣭⣉⣉⡩⠭⣉⠉⠀⠹⠃
⠈⠓⠶⠬⠭⠥⠤⠒⠀⠀⠀⠉⠓⢮⣷
⠀⠀⠀⠀⠀⠀⠀⠀⠀⠀⠀⠀⠀⢸⠏
⠀⠀⠀⠀⠀⢠⣌⡙⢿⠓⠶⣄⠀⣀⣠⣤⠄⣀
⠀⠀⠀⠀⣠⡄⠋⠙⠆⠀⠀⣠⣤⣤⣬⣽⣶⣎⠃⠀⠀⠶⠦⢤⣄
⠀⠀⡄⢰⡟⠁⠀⣰⡂⠀⠀⣅⣐⣒⣒⣒⡒⠾⠭⣷⣶⣤⡤⠴⠟
⡆⠸⣇⠈⠳⣄⣀⠈⠛⠷⠶⠮⠭⠭⠭⠭⠭⠭⠭⠉⢱⣾⠍⠉⠉⠁
⠻⣄⡙⠳⠦⠤⠍⠉⠉⠉⠉⠀⠤⠤⢭⣑⡒⢦⡀⠀⠀⠉
⠀⠈⠉⠛⠒⠒⠒⠒⠒⠉⠀⠀⠀⠀⠀⠈⠙⣦⣿
⠀⠀⠀⠀⠀⠀⠀⠀⠀⠀⠀⠀⠀⠀⠀⠀⠀⣸⠋
⠀⠀⠀⠀⢤⡿⠉⣰⡄⠀⠀⠐
⣀⡘⢉⣐⠺⣿⣯⣉⣀⣀⣀⣂⣀⣀
⠼⠥⠞⠯⠿⠉⠹⢏⠳⢿⠿⠽⠿⠿
⠀⠀⠀⠀⠀⠀⢀⡠⣯⠛⠛⢲⣄⠀⠀⠀⠀⠀⠠
⠀⠀⢀⠄⣂⠀⠈⣹⣎⣡⣄⣬⠿⠂⠀⠠⠀⡀
⠀⠀⠚⠉⠉⠉⠻⢻⣿⢛⣀⠀⠀⠀⠀⠀⠀⢸
⢹⣿⠁⠈⣿⡟⢷⣴⠎⠿⢿⡿⣿⠉⣿⣯⣝⡟⢺⣯⣽⡗
⡚⡛⠚⡛⣙⠓⠚⠋⢀⣀⢚⢓⢀⠙⢛⡓⠚⡃⡛⡓⠚⢋
⠀⠀⠀⠀⠀⠀⠀⠀⢀⢠⢞⡽⠛⠓⠢⣤⠀⠀⠀⠀⢀⠀⠀⢠⠄
⠀⠀⠀⠀⠀⡠⠀⠀⠙⢲⣞⠳⡀⢉⢀⣿⣧⠠⠒⠈⡀⠀⠐⠁
⠀⠀⠠⣾⠦⠲⠒⢶⣶⢿⣿⣷⡏⠛⠋⠉⠀⠀⠀⠉⠉⠉⢣
⣀⣀⣀⠀⢀⣴⣤⣄⢉⠨⠻⣥⣶⣦⣤⣄⣀⣀⣀⣀⣀⣀⣸⣀⣠⣄⣀⡀
⠸⣿⡇⢀⣀⣽⣿⠉⢻⣿⠋⠘⠛⣿⡟⠻⣍⣸⣿⡷⠶⣩⡋⣛⡿⠶⣿⣅
⡛⣛⡛⢛⡛⣈⡛⢛⢛⠉⠀⡀⡘⣛⢛⢃⡀⢛⢛⡛⢛⠛⡁⡛⣛⡛⡛⡁
⡿⢟⣫⠍⠀⣤⠴⠤⠤⠀⠉⠙⠻⢿
⢰⡟⠀⠀⠀⠀⠀⠀⠀⠁⠐⢦
⣿⣿⣦⣀⡐⠂⠀⠀⠀⠒⣚⣣⣴⣾
⣿⣿⠿⠛⣋⡉⠉⠀⡠⣊⣴⣤⣤⣀⣀⡉⠉⠙⠛⠿⣿⣿
⠋⣠⣶⠋⠁⠀⠀⠀⠉⠉⠀⠀⠀⠀⠒⠠⠥⣀⠀⢀⠀⠙
⣄⢿⣇⠀⠀⠀⠀⠀⠀⠀⠀⠀⠀⠀⠀⠀⣀⣨⡟⠂⠁⣠
⣿⣿⣿⣷⣤⣄⣈⡙⠒⠒⠂⠀⠀⠈⠉⣉⣉⣩⣤⣶⣿⣿
⣿⣿⣿⡿⠿⠛⢋⣉⠉⠁⢀⠔⢁⣢⣀⣀⣀⣀⠈⠉⠉⠙⠛⠿⢿⣿⣿⣿
⡿⠋⣡⣴⡶⠛⠉⠀⠀⠀⠾⠚⠛⠉⠉⠉⠉⢉⣭⣉⠒⠤⠀⡀⠀⠈⠙⢿
⠀⣼⣿⡏⠀⠀⠀⠀⠀⠀⠀⠀⠀⠀⠀⠀⠀⠀⠀⠀⠉⠙⢲⣦⡉⡲
⣷⣜⣿⣧⡀⠀⠀⠀⢀⣀⠀⠀⠀⠀⠀⠀⠀⢀⣀⣀⣠⣤⣾⠍⠁⢀⣠⣾
⣿⣿⣿⣿⣿⣶⣤⣄⣀⣉⠉⠉⠉⠉⠁⠀⠀⠀⢀⣈⣉⣩⣤⣶⣾⣿⣿⣿
⣿⡏⢉⣹⠍⡯⣿⠉⠋⢹⡏⡛⢹⣿
⡿⠛⠛⠛⢛⣛⣛⣛⣛⠛⠛⠛⠛⢻
⢷⡀⠀⠀⠀⢸⣿⣏⣥⡿⠇⠀⢀⡾
⠀⠑⢦⡀⠀⣼⣿⣧⡄⠀⢀⡴⠊
⠀⠀⠀⠈⠓⠦⣄⣠⠴⠚⠁
⣿⣿⡟⠛⠟⢻⣟⠛⠿⣻⣿⡛⠻⠟⢛⣿⡛⠛⢟⢛⣿⣿
⣿⣿⣥⣤⣿⣿⣧⣤⣭⣭⣿⣤⣵⣦⣼⣿⣥⣴⣦⣴⣿⣿
⣿⠀⠀⠀⠀⠀⠀⠠⣤⣤⣤⣤⣤⡤⢄⣠⡀⠀⠀⠀⠀⣿
⢻⡄⠀⠀⠀⠀⠀⠀⠀⣿⣿⢇⣀⣠⣿⡿⠇⠀⠀⠀⢠⡟
⠀⠙⢦⣀⠀⠀⠀⠀⢀⣿⣾⣏⠈⠀⠀⠀⠀⠀⣀⡴⠋
⠀⠀⠀⠉⠓⢦⣄⡘⠛⠛⠛⠛⠛⠀⢀⣠⡴⠚⠉
⠀⠀⠀⠀⠀⠀⠈⠉⠓⠦⣤⣤⠴⠚⠉⠁
⣿⣿⣟⠛⢛⡛⠛⢿⡛⠛⣛⣛⣻⣟⡛⠻⢿⡛⢛⣻⡛⠛⠿⣛⠛⣛⣿⣿
⣿⣿⡿⠀⠀⢶⣶⣿⠇⠀⠶⠞⢻⡿⠃⠰⣄⡁⢸⣿⠟⠀⢦⡈⠀⣿⣿⣿
⣿⡿⠿⠿⠿⠿⠿⠿⠿⠿⠿⠿⠿⠿⠿⠿⠿⠿⠿⠿⠿⠿⠿⠿⠿⠿⢿⣿
⣿⡇⠀⠀⠀⠀⠀⠀⠀⠰⠶⣶⣶⣶⣶⣶⣶⠖⣀⣴⣄⠀⠀⠀⠀⠀⢸⣿
⢻⣧⠀⠀⠀⠀⠀⠀⠀⠀⠀⢸⣿⣿⠟⣀⣀⣼⣿⣿⡿⠀⠀⠀⠀⠀⣼⡟
⠀⠙⢷⣄⠀⠀⠀⠀⠀⠀⠀⢸⣫⣵⣿⠉⠉⠉⠉⠀⠀⠀⠀⠀⣠⡾⠋
⠀⠀⠀⠙⠷⣦⣀⠀⠀⢠⣤⣾⣿⣿⣿⣦⣤⠀⠀⠀⠀⣀⣴⠾⠋
⠀⠀⠀⠀⠀⠀⠙⠳⢦⣄⡀⠀⠀⠀⠀⠀⠀⢀⣠⡴⠞⠋
⠀⠀⠀⠀⠀⠀⠀⠀⠀⠈⠉⠛⠶⢤⡤⠶⠛⠉⠁
⣿⣿⣿⣿⣿⣿⣿⠇
⣿⣿⣿⣿⣿⣿⣿⣥⢄⣤⣤⣄
⣿⣿⣧⣿⣇⠘⢮⠁⠐⠂
⣿⣿⣿⣿⣿⣿⣿⠟⠁
⣿⣿⣿⣿⣿⣿⣿⣿⣿⣿⣿⣇
⣿⣿⣿⣿⣿⣿⣿⣿⣿⣿⣿⡇
⣿⣿⣿⣿⣿⣿⣿⣿⣿⣟⡛⣃⣀⡀⢀⣀⣀⣀
⣿⣿⣿⣿⢟⣿⣿⠝⣛⡛⠿⡿⢏⣉⠋⠛⠋⠉⠛
⣿⣿⣿⣿⣼⣿⣿⣌⡀⠹⣇⠀⠉⠉⠛⠄⠀⣀
⣿⣿⣿⣿⣿⣿⣿⣿⣴⣶⣖⣒⣦⠤⠤⠄
⣿⣿⣿⣿⣿⣿⣿⣿⣿⣿⣿⠟⠁
⣿⣿⣿⣿⣿⣿⣿⣿⣿⣿⣿⣿⣿⣿⡟
⣿⣿⣿⣿⣿⣿⣿⣿⣿⣿⣿⣿⣿⣿⡟⠁
⣿⣿⣿⣿⣿⣿⣿⣿⣿⣿⣿⣿⣿⣿⡇
⣿⣿⣿⣿⣿⣿⣿⣿⣭⣭⣿⣟⣩⣌⣡⣠⣄⣀⣀⣤⣤⣤⣄⡀
⣿⣿⣿⣿⣿⠿⣻⣿⣿⡵⠛⠛⠻⢿⣿⠷⠂⠉⠉⠙⠛⠉⠉⠉⠃
⣿⣿⣿⣿⣿⣔⣿⣿⣯⡈⠉⠙⣿⡆⠀⠚⠉⠛⠷⣀
⣿⣿⣿⣿⣿⣿⣿⣿⣿⣿⠃⠀⣈⣛⣀⡀⠀⠀⠀⠁⠀⠐⠋
⣿⣿⣿⣿⣿⣿⣿⣿⣿⣿⣿⣿⣿⣷⣾⡯⠍⠉⠉⠉⠁
⣿⣿⣿⣿⣿⣿⣿⣿⣿⣿⣿⣿⣿⣿⠟
⠴⠖⣿⣿⠛⢻⣶⠀⣀⣤⣀⣤⣄
⠀⠀⢿⣿⠋⢩⣽⣿⣩⢿⣥⢿⣯⠥
⢀⣤⡶⢶⣾⣟⠛⠻⢷⣶⣤⡀⠀⠀⣀⣀⠀⢀⣀⡀
⠈⠉⠀⢸⣿⣿⣧⣤⣴⠿⢿⣥⡴⠶⣿⣿⠖⢺⣿⡷⠦
⠀⠀⠀⠸⢿⣿⠇⠀⠤⣤⡿⠿⣧⣴⠿⣿⣶⠾⠿⣧⠴⠆
⠀⣀⣤⣴⣶⣶⡾⠿⠿⠿⣶⣶⣦⣄
⠘⠛⠛⠁⢾⣿⣿⣿⠀⠀⢀⣿⣿⣿⠇⠀⣀⣰⣿⣿⣧⣤⣾⣿⣿⣄⡀
⠀⠀⠀⠀⢸⣿⣿⣿⡿⠿⠛⠛⠉⣿⣿⣷⠉⢙⣿⣿⡏⠉⣹⣿⡟⠙⠋
⠀⠀⠀⠀⠸⠿⣿⡿⠇⠀⠰⠶⠾⠿⠿⢿⣶⠾⠿⠿⣿⠾⠟⠿⠿⠶⠿⠃
⠀⠈⣝⣀⣠⣤⣤⣶⣿⣿⣦⡄
⠦⠴⡼⣩⣭⢭⣭⣯⣽⣭⣯⢩⠷⠰
⠀⠀⠚⣩⠿⠀⠀⠀⠀⢀⣠⣶⣶⣶⣶⣶⠄⡀
⠀⠀⢀⢙⣶⠾⢿⠿⡿⠿⡿⢿⠿⢿⡿⢿⠿⣯⢤⡤
⠇⠾⠘⢢⠃⢤⢲⡔⠒⠖⡗⢺⡖⣾⢳⠸⣦⠃⡼⠂⠇⠸
⠀⠀⠰⠞⢛⣿⠆⠀⠀⠀⠀⠀⠀⢀⣤⣴⣶⣶⣶⣶⣆
⠀⠀⠀⠸⢿⣥⣤⣤⣶⣶⣶⣶⣿⣿⣿⣿⣿⣿⣿⣿⣴⡶⡷
⡤⠤⡄⢤⠐⣺⠛⠛⠛⠋⢻⠙⢹⡏⢹⠋⠋⣿⡋⠻⡟⢻⡟⠻⡟⢡⠤⣤
⠧⠴⠃⠘⢲⢛⡒⣖⣻⣖⣛⣓⣻⣟⣻⣟⣓⣟⣳⣒⣻⣞⣒⡶⠃⠚⠤⠿
⠀⢀⡀⠀⠈⠛⠉⢀⣀⣠⣤⠄
⠀⠛⣿⣿⣿⣻⡟⣿⣿⣿⠇
⠀⢀⢮⣍⠛⠛⠋⠉⢉⣀⠄⣠⡄
⠀⣤⣝⣉⠉⢀⡈⠉⢡⠀⢨⣿⠇⢸
⠀⠀⠀⠙⠛⠙⠛⠉⠲⡁⠈⠀⣰⡏
⠀⠀⠀⠀⠀⠐⠒⠛⢂⠁⠴⠟⠛
⠀⠀⠀⠀⠀⠀⠀⠚⠛⠛⠛⠀⠀⠀⠀⢠⣤⣤
⠀⣤⣶⣶⣤⣤⣤⣤⣤⣤⣶⣶⣶⣶⣿⣿⡟⠁
⠀⠀⠉⢿⣿⣿⣿⣇⣿⣿⢉⣿⣽⣿⣿⣿⠇
⠀⠀⢄⢬⣉⠙⠛⠿⠿⠛⠛⠛⢛⠉⠁⠀⡀⠀⣰⡀
⠀⠀⠎⢤⣿⠷⠦⡤⠀⠀⢠⠄⠤⠖⠚⠉⠠⢾⣿⣇⠈⣦
⠀⣠⣒⡮⢡⣀⠀⠀⢀⣀⡀⠀⠀⠹⡄⠀⢸⣿⡿⠋⠀⣿
⠀⠄⠁⠈⠀⠫⠛⠛⠭⠭⠭⠝⠲⢤⠛⠀⠈⠉⠀⢀⣼⡇
⠀⠐⠤⠀⠀⠀⠀⠀⢀⣀⣀⣤⣄⠀⠳⠀⣀⣤⣴⣾⡟
⠀⠀⠀⠀⠐⠀⠀⠀⠈⠉⠉⠉⠉⢡⣀⠠⠾⠛⠛⠉⠁
⠀⠀⠀⠀⠀⠀⠀⠀⠠⠾⠿⠿⠿⠗⠂⠀⠀⠀⠀⢀⣀⣀⣀
⠀⠀⢀⣀⣤⠐⠀⠀⠀⠀⠀⠀⢀⣀⣀⣀⣠⣤⣴⣶⣿⡿⠋
⠀⠘⢾⣿⣿⣿⣿⣿⣿⡿⢿⣿⣿⣿⣿⣿⣿⣿⣿⣿⣿
⠀⠀⠀⠈⢿⣿⣿⣿⣿⣇⣸⣿⣿⢠⣿⣼⣿⣿⣿⣿⠿⠀⠀⢀
⠀⠀⢀⠄⣘⡛⠛⠻⠿⣿⣿⠿⠿⠿⠿⠿⠛⠛⠉⠀⠀⠀⡀⠴⡂⠀⠄⠁
⠀⠀⢀⡗⢘⣿⣶⣄⡀⢀⠀⠒⠂⠀⡀⠀⣉⣠⣤⠶⠚⢁⣴⣿⣷⠀⢣⡀
⠀⠀⠎⢂⢹⠿⠛⠉⠐⠋⠀⠀⠀⠘⠃⠉⠻⡄⠀⠀⠀⣘⣻⣿⣿⠀⠀⣇
⠀⣨⢖⣫⠵⡠⣤⣀⠀⠀⠀⣀⣀⠀⠀⠀⠀⠸⡄⠀⠘⣿⣿⡿⠏⠀⢠⡟
⡄⢄⠈⠀⠉⠀⠪⡛⠟⠛⣛⣉⣭⣍⡛⠲⣤⡀⠿⠀⠀⠈⠉⠀⠀⣀⣿⡇
⠃⠠⡄⠀⠀⠀⠀⠀⠀⠀⠀⠀⠀⠀⠀⠀⠀⠹⣆⠀⠀⠀⠀⢀⣤⣿⡿
⠀⠀⠈⠑⠤⠀⡀⠀⠀⠀⠠⠤⣤⣴⣿⣷⡦⠀⠙⠃⢰⣶⣿⣿⣿⣿
⠀⠀⠀⠀⠀⠀⠁⠀⠀⠀⠄⡀⠈⠁⢀⡀⠀⡤⣀⠴⠚⠛⠉⠉⠁
⣷⠲⠤⣄⣀⠀⠀⠀⠀⣀⣠⠤⠖⣾
⠉⡇⠀⢠⣈⠉⢲⡖⠉⣁⡄⠀⢸⠉
⠀⡇⠀⢈⣠⣤⣾⡗⠦⣄⡉⠓⢺
⠀⢧⡀⢸⣿⣿⣿⡇⠀⠿⠃⢀⡼
⠀⠀⠉⠛⠻⠿⣿⣧⠴⠖⠚⠉
⣿⡶⠦⣤⣀⡀⠀⠀⠀⠀⠀⠀⠀⠀⠀⠀⢀⣀⣤⠴⢶⣿
⠿⢧⡄⠀⠈⠉⠛⠲⠦⣤⣀⣀⣤⠴⠖⠛⠉⠁⠀⢠⡼⠿
⠀⢸⡇⠀⠀⢰⣶⠤⠀⠀⢹⡏⠀⠀⠤⣶⣆⡀⠀⢸⡇
⠀⢸⡇⠀⠀⢀⣀⣤⣤⣶⣿⡿⠶⢤⣤⣀⡈⠉⠛⢻⡇
⠀⢸⡇⠀⠀⢸⣿⣿⣿⣿⣿⡇⠀⠀⢸⣿⡇⠀⠀⢸⡇
⠀⠈⠻⢦⣄⣸⣿⣿⣿⣿⣿⡇⠀⠀⠈⠁⣀⣠⡴⠟⠁
⠀⠀⠀⠀⠀⠉⠙⠛⠿⠿⣿⣿⠶⠾⠛⠋⠉⡀⡀
⣿⣶⣦⣤⣀⡀⠀⠀⠀⠀⠀⠀⠀⠀⠀⠀⠀⠀⠀⠀⠀⠀⢀⣀⣤⣴⣶⣿
⣿⣗⠀⠈⠉⠛⠻⠶⣦⣤⣀⡀⠀⠀⠀⠀⢀⣀⣤⣴⠶⠟⠛⠉⠁⠀⣺⣿
⠈⢹⣿⡇⠀⠀⠀⣀⠀⠈⠉⠛⠻⣶⣶⠟⠛⠉⠁⠀⣀⠀⠀⠀⢸⣿⡏⠁
⠀⢸⣿⡇⠀⠀⠀⣿⠿⠗⠀⠀⠀⣿⣿⠀⠀⠀⠺⠿⣿⣤⣀⡀⢸⣿⡇
⠀⢸⣿⡇⠀⠀⠀⠀⣀⣠⣤⣶⣾⣿⣿⠳⢶⣤⣄⣀⠀⠈⠉⠛⢻⣿⡇
⠀⢸⣿⡇⠀⠀⠀⣿⣿⣿⣿⣿⣿⣿⣿⠀⠀⠀⢹⣿⣿⠀⠀⠀⢸⣿⡇
⠀⠈⢿⣧⡀⠀⠀⣿⣿⣿⣿⣿⣿⣿⣿⠀⠀⠀⠸⠿⠋⠀⠀⢀⣼⡿⠁
⠀⠀⠀⠉⠛⠷⣶⣿⣿⣿⣿⣿⣿⣿⣿⠀⠀⣀⣀⣀⣤⣴⠾⠛⠉
⠀⠀⠀⠀⠀⠀⠀⠈⠉⠙⠛⠿⠿⣿⣿⠿⠿⠛⠋⠉⡅⠠⡀⡄
⢀⣦⣾⣷⡦⣤⣤⣤⣄⣀
⢾⡿⠃⢀⣲⠖⠺⣯⣶⣯⡭⢷⣤⣄
⠀⠙⠲⠾⠟⠲⠿⠿⣿⣿⠹⠗⠒⠋
⠀⢠⣄⣰⣷⣦⣤⣀⣀⡀
⠀⣿⣿⣿⠛⠿⠿⠛⠛⠛⣛⣛⡛⠷⣶⣦⣤⣄⡀
⢿⣿⣿⡏⠃⠈⢓⠶⠟⠉⢩⣭⣭⣓⣲⣤⣡⠾⠷⢤⣤⡀
⠈⠻⢷⣍⡀⢸⣾⣷⡀⣲⣶⣾⣿⣿⣿⣭⢭⣭⡝⠿⣛⡿
⠀⠀⠀⠉⠙⠛⠛⠉⠙⠛⠛⠛⠿⢿⣿⡇⠐⠛⠉⠉⠁
⠀⠀⣀⣀⢰⣷⣶⣤⣄⣀
⠀⢸⣿⣿⣿⢿⣿⣿⣿⠿⠿⠿⠿⠷⠶⢶⣶⣦⣤⣄⣀
⣶⣼⣿⣿⡿⢄⠀⠤⣬⣤⡤⠤⠴⠶⠖⠲⠦⣬⣙⠙⠻⢛⣻⣆
⠹⣿⣿⡻⢧⠀⠀⣀⢠⣍⠑⠀⠀⡙⠿⣿⣷⣶⣾⣿⠷⠯⠭⣭⣽⣿⣷⣄
⠀⠈⠛⠿⣦⣄⣀⣿⣿⣯⣅⣨⣿⣿⣿⣿⣿⣿⣿⣷⠒⢶⣶⣆⣙⣩⡼⠟
⠀⠀⠀⠀⠀⠉⠙⠛⠉⠉⠁⠛⠛⠉⠉⠛⠿⣿⣿⡇⠀⠉⠉⠉⠁
⠻⣯⠉⢹⠿⢯⡍⢲⡄
⢀⡿⠀⠰⠿⢷⡚⣋⣀⢀⡀
⠈⢩⡽⠻⣆⠘⢧⠟⣴⠿⣤⠤⢤
⠠⠾⠴⠧⠬⢷⣤⠾⠵⠿⠤⠿⠬⠶
⠺⣯⣍⠉⠉⢩⣭⣭⣭⣉⠓⠲⣄
⠀⢸⣿⠀⠀⢘⣓⣒⣚⣋⣀⣠⡿
⢀⣼⠟⠀⠀⠸⠯⠭⠭⣭⠉⣥⡤⠤⠤⣤
⠘⠛⢛⣛⣛⣿⣆⠀⠘⢿⣀⣽⠟⣠⣾⣋⢀⣀⣀⣀⡀
⠀⠀⣸⠟⠠⠀⠙⣷⣄⠀⠙⢡⣾⢗⣤⡀⠛⣥⡄⠸⣇
⠀⠻⠷⠶⠿⠿⠶⠶⠿⣧⡴⠿⠷⠶⠿⠷⠶⠾⠷⠶⠾⠗
⢸⣿⣉⡉⠉⠉⠉⣉⣉⣉⣉⣉⠙⠒⠢⣄
⠀⠈⣿⡇⠀⠀⠀⠿⠭⠭⠭⠿⠃⠀⢀⣼⡇
⠀⠀⣿⡇⠀⠀⠀⣶⠶⠶⠶⠶⠖⠛⠛⠉
⢠⣾⣯⣥⣤⣤⣤⣉⠉⠉⠉⣽⡿⠀⢸⣿⡍⠉⣉⣽⠇
⠀⠀⠀⣴⣖⠒⠚⠻⣧⡀⠀⠈⠳⣤⡾⠋⣠⡞⠛⠲⢤⣴⠖⠒⠒⣦
⠀⠀⣠⡾⠋⣐⣂⡀⠙⢿⣦⡀⠀⠈⣠⣾⠟⢡⣶⣄⠈⠡⣶⣄⠈⠳⣄⡀
⠀⠘⠛⠒⠒⠛⠛⠒⠒⠒⠛⠿⣦⡾⠛⠓⠒⠚⠛⠓⠒⠒⠚⠓⠒⠒⠚⠃
⠿⣿⣿⡟⠛⠛⠛⠛⣿⣶⡀
⠀⣿⣿⣇⣔⣾⣟⣟⣿⡿⠛⢻⠿⢶
⣤⣿⣿⣯⡽⣿⣿⠉⠁
⠁⠉⠉⠉⠑⠿⣯⣦⣤⣤⣤⣮⡿⠟
⣏⡿⣿⣿⡿⣿⣿⣿⣿⣿⣿⣿⢿⣿⣶⢠
⠀⣿⣿⣿⡇⡇⠀⢀⡠⣴⣶⣾⣼⣿⣿⣬⣶⣶⣶⣶⣤⣀
⠀⣿⣿⣿⣧⣧⣤⣯⣿⣿⣧⣿⣼⣿⣿⠴⠉⠉⡇⠿⠿⢸
⣀⡿⣿⣿⡏⣏⡉⡏⣿⣿⣯⡏⠉⠉
⠇⠿⠿⠿⠿⠗⠿⡇⣿⣿⣿⡇⠀⠀⠀⠀⠀⠀⡄⣤⣤⢠
⠀⠀⠀⠀⠀⠀⠀⠓⠻⢿⣷⣿⣿⣿⣿⣿⣿⣿⣷⣿⠿⠚
⡏⢿⣿⣿⣿⣿⣿⣿⣿⣿⣿⣿⣿⣿⣿⣿⣿⣭⣖⠤⡄
⠉⢸⠀⣿⣿⡇⣾⠀⠀⠀⠀⣀⢤⣤⣬⣇⣿⣿⣿⣇⣧⣤⣤⣤⡤⢄⡀
⠀⢸⠀⣿⣿⡇⢿⣀⣀⡖⣭⣶⣿⠫⡿⡏⣿⣿⣿⠏⡟⠛⠻⡏⣿⣷⣮⢱
⠀⢸⠀⣿⣿⡿⢿⣿⣿⡿⣿⣿⣿⠿⣿⣿⣟⠯⠓⠉⠀⠀⠀⠁⠉⠉⠁⠈
⡄⣸⣠⣿⣿⣇⣹⡠⡄⡇⣿⣿⣿⢸⡇
⠃⠙⠛⠛⠛⠛⠛⠁⠃⡇⣿⣿⣿⠸⡇⠀⠀⠀⠀⠀⠀⠀⢀⡇⣶⣶⣦⢸
⠀⠀⠀⠀⠀⠀⠀⠀⠀⠑⠊⠽⣻⣿⣿⣿⣿⣿⣿⣿⣿⣿⣿⣿⣟⠯⠕⠊
⣿⣿⣿⣿⣿⣿⣿⣿⣿⣿⣷⣶⣤⡀
⠀⠀⣿⣿⣿⣿⠀⠀⠀⢉⣿⣿⣿⣷
⠀⠀⣿⣿⣿⣿⣿⣿⣿⣿⡿⠿⠟⠁
⠀⠀⣿⣿⣿⣿
⣿⣿⣿⣿⣿⣿⣿⣿
⣿⣿⣿⣿⣿⣿⣿⣿⣿⣿⣿⣿⣿⣿⣿⣷⣶⣶⣤⣄⡀
⠉⠉⠉⣿⣿⣿⣿⣿⣿⡏⠙⠛⠛⠛⠛⢿⣿⣿⣿⣿⣿⣆
⠀⠀⠀⣿⣿⣿⣿⣿⣿⡇⢀⣀⡀⢀⣀⣼⣿⣿⣿⣿⣿⡿
⠀⠀⠀⣿⣿⣿⣿⣿⣿⣿⣿⣿⣿⣿⣿⣿⣿⣿⠿⠟⠋
⠀⠀⠀⣿⣿⣿⣿⣿⣿⡏⠉⠉⠉⠉⠉⠁
⣤⣀⣀⣿⣿⣿⣿⣿⣿⣇⣀⣀⡀
⣿⣿⣿⣿⣿⣿⣿⣿⣿⣿⣿⣿⡇
⣿⣿⣿⣿⣿⣿⣿⣿⣿⣿⣿⣿⣿⣿⣿⣿⣿⣿⣿⣷⣶⣶⣦⣤⣀
⠿⠿⠿⠿⣿⣿⣿⣿⣿⣿⣿⣿⠿⠿⠿⠿⠿⣿⣿⣿⣿⣿⣿⣿⣿⣿⣦⡀
⠀⠀⠀⠈⣿⣿⣿⣿⣿⣿⣿⣿⡄⠀⠀⠀⠀⠀⠀⠙⣿⣿⣿⣿⣿⣿⣿⣷
⠀⠀⠀⢠⣿⣿⣿⣿⣿⣿⣿⣿⣃⣠⣀⣀⣀⣠⣤⣾⣿⣿⣿⣿⣿⣿⣿⠟
⠀⠀⠀⢸⣿⣿⣿⣿⣿⣿⣿⣿⣿⣿⣿⣿⣿⣿⣿⣿⣿⣿⣿⣿⠿⠛⠁
⠀⠀⠀⠐⣿⣿⣿⣿⣿⣿⣿⣿⠛⠛⠛⠛⠛⠋⠙⠋⠉⠉
⠀⠀⠀⢸⣿⣿⣿⣿⣿⣿⣿⣿
⣶⣶⣶⣾⣿⣿⣿⣿⣿⣿⣿⣿⣶⣶⣶⣶
⣿⣿⣿⣿⣿⣿⣿⣿⣿⣿⣿⣿⣿⣿⣿⣿
⠀⣠⣤⣤⠤⢤⣤⣄⡐⢺⣿⣦⣄⣀
⣰⣿⣿⠃⠐⣺⣿⣿⠿⠭⠤⢬⡍⠁
⠀⠠⠴⠚⠩⣬⣭⣉⣛⣻⣷⠶
⠀⠀⠀⠀⠀⠀⠀⠀⠀⠀⠀⠀⠀⢠⣴⣾⣿⣧⣄
⠀⢠⣿⣿⣿⡟⠛⠛⢛⣿⣿⣿⣷⣀⣤⡽⠟⢿⣿⣧⣶⠖
⢀⣿⣿⣿⡿⠁⠀⠾⠟⣿⣿⣿⣿⠿⠥⢤⣤⣤⣭⡁
⠚⠛⠛⠛⢃⣠⡴⠾⠛⠿⠿⢿⣷⣶⣶⣤⣭⣭⣉⠁
⠀⠀⠐⠞⠋⠁⠀⠲⢶⣶⣶⣦⣤⣤⣬⣿⡿⠿⠛
⠀⠀⠀⠀⠀⠀⠀⠀⠀⠀⠀⠀⠀⠀⠀⠀⠀⣠⣴⣶⣿⣿⣦⡀
⠀⠀⣰⣿⣿⣿⣿⡿⠿⠿⠿⢿⣿⣿⣷⣶⡄⠉⢉⣹⣿⢿⣿⣿⣗⣀⣤⡤
⠀⣰⣿⣿⣿⣿⡟⠀⢀⣤⣤⣾⣿⣿⣿⢿⣵⣾⣛⣉⣁⡀⠈⠿⠟⠛⠉
⢠⣿⣿⣿⣿⡿⠁⠀⠈⣉⣩⣽⣿⣿⣿⣿⡛⠉⠉⠛⠿⠿⠿⠿⠷
⠉⠉⠉⠉⢉⣡⣤⡶⠟⠛⠉⠙⠛⠛⠿⠿⠿⠿⣿⣿⣷⣶⣶⣦⡀
⠀⠀⠀⠛⠛⠉⠁⠀⠀⠻⠿⣿⣿⣿⣷⣤⣤⣤⣴⣿⡿⠿⠟⠋
⠀⠀⠴⣯⠍⠉⠉⢩⣭⣭⠍⠉⢉⡷
⣠⣖⣒⣃⣀⣀⣒⡶⠒⠒⠒⠋⠉
⠀⠀⠀⢀⣴⣋⡉⠉⠉⠉⠉⠉⣉⣉⣉⣉⡉⠉⠉⠉⠛⣦
⠀⠀⠀⠀⣠⡟⠁⠀⠀⠀⣀⣈⣉⣉⣉⣉⣁⣀⣀⡤⠞⠁
⣠⣞⣉⣉⣉⣀⣀⣀⣀⣀⣉⣽⠏⠁⠁
⠀⠀⠀⠀⠀⣠⠟⠉⠉⠉⠉⠉⠉⠉⠉⠉⠉⠉⠉⠉⠉⠉⠉⠉⠙⠛⠲⣦
⠀⠀⠀⠀⠘⠛⢒⡶⠂⠀⠀⠀⠀⠀⠰⠶⠶⠶⠶⠶⠒⠀⠀⠀⠀⢀⡼⠋
⠀⠀⣤⠤⠤⠴⠟⠁⠀⠀⠀⠀⠠⠤⠤⣤⡤⠤⠤⠤⠤⠤⠤⠶⠚⠋
⣠⣾⣁⣀⣀⣀⣀⣀⣀⣀⣀⣀⣀⣀⣴⠟
⢀⣶⠖⢲⣶⠶⣿⣿⢆⣲⡖⠀⢠⠆
⠾⠿⣦⠾⠿⡤⠁⢡⠾⠿⠤⠤⠟
⠀⣴⣶⠖⠒⢒⣶⣶⠶⢾⣿⣷⡷⣒⣐⣲⡖⠀⠀⢀⣶⠂
⠼⠿⠯⢶⣤⠿⠿⠷⡤⠌⠁⠡⣤⠻⠿⠯⠤⠤⠤⠟⠁
⠀⢀⣤⣶⡶⠶⠶⢶⣶⣶⣤⣶⣾⣻⣿⣿⣶⠢⠴⢶⣶⡖⠀⠀⠀⢰⣶⠆
⢀⣾⣿⡿⠁⠀⢠⣿⣿⣿⠁⠀⣽⡋⠿⠛⢲⣶⣿⣿⠟⠀⠀⠀⣰⣿⠃
⠻⠿⠿⠿⢿⣷⡿⠟⠿⠿⠶⠶⠔⠀⠤⠦⠎⠹⠿⠿⠶⠶⠶⠶⠟⠃
⠀⠀⢀⣀⣠⢷⡤⣀⠔⣋⠦⠔⠊⢳
⢀⠀⢸⠛⢰⣿⣫⢟⠛⠒⢦⢀⠤⠋
⠙⠣⣼⠿⣻⣯⣉⣨⠿⣤⣿
⠀⠀⠀⠨⠵⣿⣝⣿⣿⠼⠋
⠀⠀⠀⠀⠀⠀⠤⠔⣲⣄⣀⠀⠀⡠⠞⠓⢤⣠⠤⠒⠛⣦
⠀⠀⠀⠐⡼⢲⠞⢉⣥⣶⡌⢷⣉⣤⣒⠋⠁⡓⠀⠀⢀⡿
⠀⣀⢀⡘⣏⠈⢈⣻⣿⣏⣴⠋⡉⠉⠉⠉⢳⢀⡠⠔⠋
⠋⠾⣂⣸⣝⣾⠻⣍⣟⠋⠉⢈⣻⣿⣁⣠⣽⡂
⠀⠀⠀⠙⠣⠤⠵⢒⣭⢿⣿⣿⣯⣍⠙⢿⣿⠇
⠀⠀⠀⠀⠀⠠⠤⠿⣿⣶⣀⣿⣿⡿⠴⠛⠁
⠀⠀⠀⠀⠀⠀⠀⢀⣀⠤⠶⣄⠀⠀⠀⠀⠀⣠⠶⠓⢤⡀⢀⣠⠴⠒⠻⣆
⠀⠀⠀⠀⣀⠤⣤⣤⡤⠖⠚⣋⡉⠛⣆⡠⠚⢁⣀⡴⠒⠛⡅⠀⠀⡀⠀⣿
⠀⠀⠀⠀⢀⣾⠅⡏⣀⣠⣾⣽⣿⠇⣙⡶⠮⠥⠤⣤⣀⠠⠁⠀⠀⢀⡼⠃
⢀⢀⠀⣀⡈⣿⠀⠀⢀⣩⢿⡷⣂⣼⠁⡄⠀⠀⠀⠀⠙⣧⣀⠤⠖⠉
⠪⢪⡵⠂⢸⣝⣲⡾⢯⡉⣽⠛⠉⠑⠒⠻⣻⡯⠉⠀⣚⣷
⠀⠀⠈⠙⢿⣛⠉⠑⢀⣙⠿⢖⣤⣤⣶⡛⠛⠛⢿⣿⣷⣽⠄
⠀⠀⠀⠀⠀⠈⠉⠉⠉⣰⣞⣛⠛⠻⣿⣿⣿⣦⠀⢸⣿⠟
⠀⠀⠀⠀⠀⠀⠐⠒⠲⠿⢭⣿⣗⣠⣼⣿⡿⠿⠖⠋⠁
⠸⢿⣿⣿⠿⠿⠿⠿⠿⠿⢿⣷⣤⡀
⠀⢸⣿⣿⣤⣤⣤⣤⣤⣤⣤⣿⡿⠇
⠀⢸⣿⣿⠉⠉⠉⠉⠙⠻⣿⣍
⠠⣾⣿⣿⡆⠀⠀⠀⠀⠀⣾⣿⣷⡆
⢰⣶⣶⣶⣶⣶⣶⣶⣶⣶⣶⣶⣶⣶⣶⣶⣶⣶⣦⣄⡀
⠀⠀⢸⣿⣿⣿⡅⠀⠀⠀⠀⠀⠀⠀⠀⠀⠉⢻⣿⣿⣿
⠀⠀⢸⣿⣿⣿⣦⣶⣶⣶⣶⣶⣶⣶⣶⣶⣶⣿⣿⡿⠟
⠀⠀⢸⣿⣿⣿⡏⠉⠉⠉⠉⠉⠉⠙⢿⣿⣿⣍⠁
⠀⠀⢸⣿⣿⣿⡃⠀⠀⠀⠀⠀⠀⠀⠀⠙⢿⣿⣷⣄
⠀⠿⠿⠿⠿⠿⠿⠇⠀⠀⠀⠀⠀⠀⠀⠸⠿⠿⠿⠿⠿⠇
⠀⣶⣶⣶⣶⣶⣶⣶⣶⣶⣶⣶⣶⣶⣶⣶⣶⣶⣶⣶⣶⣶⣶⣤⣀⡀
⠀⠉⠉⣿⣿⣿⣿⣿⠉⠉⠉⠉⠉⠉⠉⠉⠉⠉⠉⠉⠙⠻⣿⣿⣿⣿⣷
⠀⠀⠀⣿⣿⣿⣿⣿⣀⣀⣀⣀⣀⣀⣀⣀⣀⣀⣀⣀⣀⣤⣿⣿⣿⣿⡿
⠀⠀⠀⣿⣿⣿⣿⣿⠿⠿⠿⠿⠿⠿⠿⠿⠿⣿⣿⣿⣿⣿⠿⠿⠋⠁
⠀⠀⠀⣿⣿⣿⣿⣿⠀⠀⠀⠀⠀⠀⠀⠀⠀⠈⠻⢿⣿⣿⣦⣀
⠀⢀⣀⣿⣿⣿⣿⣿⣀⡀⠀⠀⠀⠀⠀⠀⠀⠀⠀⢀⣙⣿⣿⣿⣷⣄⣀
⠀⠸⠿⠿⠿⠿⠿⠿⠿⠇⠀⠀⠀⠀⠀⠀⠀⠀⠀⠸⠿⠿⠿⠿⠿⠿⠿
⢸⣿⣉⣿⠷⢀⣀⣀⣀⡀
⠘⠛⠂⠛⠓⠀⣿⡧⠼⠛⠠⣤⡄
⠀⠀⠀⠀⠀⠈⠉⠁⠀⠀⢈⣿⣇
⠉⣿⣿⡟⠛⣿⣷⣆
⠐⣿⣿⡷⢶⣿⣟⠁⠐⣶⣶⡶⠶⢶⣶⣄
⠰⠿⠿⠗⠀⠿⠿⠶⠀⣿⣿⣷⠤⠾⠿⠋⠰⣶⣴⡶⠆
⠀⠀⠀⠀⠀⠀⠀⠀⠠⠿⠿⠧⠀⠀⠀⠀⠠⣿⣿⡧
⠀⠀⠀⠀⠀⠀⠀⠀⠀⠀⠀⠀⠀⠀⠀⠀⣀⣿⣿⣇⡀
⠈⣿⣿⣿⠟⠛⢻⣿⣶⣄
⠀⣿⣿⣿⣦⣤⣾⣿⠿⠋⠀⢤⣤⣤⣤⣤⣤⣤⣤⣀
⢀⣿⣿⣿⣅⠉⣿⣿⣷⣀⠀⢐⣿⣿⣿⣀⣀⣿⣿⣿⢂⣀⣀⣀⣀⣀
⠈⠉⠉⠉⠉⠀⠈⠉⠉⠉⠀⢨⣿⣿⣿⠛⠛⠋⠉⠀⠈⢹⣿⣿⡟⠉
⠀⠀⠀⠀⠀⠀⠀⠀⠀⠀⠀⠚⠛⠛⠛⠂⠀⠀⠀⠀⠀⠺⣿⣿⣿⠂
⠀⠀⠀⠀⠀⠀⠀⠀⠀⠀⠀⠀⠀⠀⠀⠀⠀⠀⠀⠀⢀⣸⣿⣿⣿⣀⡀
⠐⠒⣶⡖⠒⠒⠒⠒⠒⠒⠲⠦⠄
⠀⠀⣿⣇⣀⣛⣻⣿⠛
⠀⠀⣿⡏⠉⠉⠉
⠀⠀⠋⠁
⠀⣶⣶⣶⣶⣶⣶⣶⣶⣶⣶⣶⣶⣶⣶⣶⣶⣦⣄⡀
⠀⠀⠀⣿⣿⡇⠀⠀⣤⣤⣤⣤⣤⣤⡄⠀⠈⠙⠋⠁⡆
⠀⠀⠀⣿⣿⣇⣀⣀⣉⣉⣿⣿⡏⠉⠁⠀⠀⠐⠁⠀⠃
⠀⠀⠀⣿⣿⡿⠿⠿⠿⠻⡟⠉⡄⠀⠄⠀⢀
⠀⠀⠀⣿⣿⡇⠀⠀⠀⠀⡇⠀⡇⠀⠈⢂⠀⠢
⠀⡀⢀⠏⠁⠇⠀⡀⠀⠀⡇⠀⡇⠀⠀⠀⠡⡀⠑⠀⢀
⠀⠃⠀⠀⠀⠀⠀⠃⠀⠀⡇⠀⡇⠀⠀⠀⠀⠐⠀⠀⠘
⠀⠀⠀⠀⠀⠀⠀⠀⠇⠈⠀⠀⠀⠀⠆
⡇⣶⣶⣶⣶⣶⣶⣶⣶⣶⣶⣶⣶⣶⣶⣶⣶⣶⣶⣶⣶⣶⣤⣀
⠁⠀⢰⢸⣿⣿⣿⠀⠀⠄⣀⣀⣀⣀⣀⣀⣀⣀⡀⠄⠈⢙⢻⠛⠉⢰
⠀⠀⢸⢸⣿⣿⣿⠀⠀⠄⠛⠛⢻⣿⣿⣿⠛⠛⠃⠄⠀⠘⡸⠀⠀⢸
⠀⠀⢸⢸⣿⣿⣿⣶⣶⣶⣶⣶⣾⡿⠿⠛⠀⠀⠀⠀⠀⢁⠤⠒⠈
⠀⠀⢸⢸⣿⣿⣿⠀⠀⠀⠀⠀⢸⠀⠀⢸⢀⠊⠣⡀⠀⠣⡀⡀
⠀⠀⢸⢸⣿⡿⢿⠀⠀⠀⠀⠀⢸⠀⠀⢸⠀⠀⠑⠙⢄⠀⠑⢌⢀
⡆⡤⠈⠜⠁⠀⠘⠄⠀⡄⠀⠀⢸⠀⠀⢸⠀⠀⠀⠈⠂⠣⡀⠈⠢⠁⢠⢰
⠃⠁⠀⠀⠀⠀⠀⠀⠀⡁⠀⠀⢸⠀⠀⢸⠀⠀⠀⡀⠀⠑⠈⠀⠀⠀⠈⠘
⠀⠀⠀⠀⠀⠀⠀⠀⠀⡀⠇⠀⠁⠀⠀⠀⠁⠀⠇⡀
⣿⠈⠻⠿⡿⠿⠿⠿⠿⡿⠿⠟⢛⠙
⡿⠀⠃⠀⠀⠀⠀⠀⠀⠀⠀⠀⠋⢰
⡅⠠⠀⠀⢀⡀⢀⣠⡀⠀⠀⢠⠅⢠
⣷⣦⣘⣂⣄⣐⣐⣒⣂⣤⣐⠃⣠⣾
⣿⡯⠙⢿⣿⣿⣿⣿⣿⣿⣿⣿⣿⣿⣿⣿⣿⣿⣿⣿⠟⢹
⣿⡇⠀⡆⠈⠙⠛⠛⠛⠛⠛⠛⠛⠛⠛⠛⠋⠉⠀⣠⡆⠈
⣿⣇⠀⠹⠀⠀⠀⠀⠀⠀⠀⠀⠀⠀⠀⠀⠀⠀⡤⠟⠀⣸
⡟⠁⢀⠀⠀⠀⠀⠀⠀⠀⠀⠀⠀⠀⠀⠀⠀⠀⢠⣄⠀⢻
⣤⠀⠰⡆⠀⠀⢠⣀⡀⠀⢀⣠⣄⡀⠀⠀⠀⠀⣴⡆⠀⢰
⣿⣤⡀⠸⣧⡀⠀⠉⣉⠀⣉⣉⣉⡉⠀⠀⢀⣶⡌⠀⣠⣼
⣿⣿⣿⣦⣀⣤⣶⣦⣬⣭⣭⣭⣭⣤⣶⣶⣦⡈⢀⣴⣿⣿
⣿⣿⠉⠻⣿⣿⣿⣿⣿⣿⣿⣿⣿⣿⣿⣿⣿⣿⣿⣿⣿⣿⣿⣿⣿⣿⠏⢹
⣿⣿⠀⠀⡌⠉⠛⠿⠿⠿⠿⠿⠿⠿⠿⠿⠿⠿⠿⠿⠟⠛⠋⠉⠁⣠⠀⠸
⣿⣿⠀⠀⢳⠀⠀⠀⠀⠀⠀⠀⠀⠀⠀⠀⠀⠀⠀⠀⠀⠀⠀⢐⣾⠏⠀⢸
⣿⠟⠂⠀⠀⠀⠀⠀⠀⠀⠀⠀⠀⠀⠀⠀⠀⠀⠀⠀⠀⠀⠀⠉⠁⠀⠰⣿
⠏⠀⠀⢂⠀⠀⠀⠀⠀⠀⠀⠀⠀⠀⠀⠀⠀⠀⠀⠀⠀⠀⠀⢘⡓⠀⠀⠘
⣿⠀⠀⠸⢂⡀⠀⠀⠰⣤⣤⡀⢀⣤⣴⣿⣤⣀⠀⠀⠀⠀⠀⠾⡟⠀⠀⣸
⣿⣦⣦⡀⠘⢿⡦⠀⠀⠀⢠⣀⣀⣀⣠⣄⣤⠄⠀⠀⠀⠴⣿⠆⠀⢀⣶⣿
⣿⣿⣿⣿⣶⣄⣠⣶⣾⣦⣤⣤⣤⣤⣤⣤⣤⣴⣾⣿⣶⣤⡀⢀⣴⣿⣿⣿
⠔⠛⠻⠷⡶⢒⣦⣴⠒⠛⣿⣦
⢀⣀⣸⣿⡇⢸⣿⣿⠀⣠⠿⠋
⠙⠉⢻⣿⡇⢸⣿⠟⠙⣿⣿⣆
⠀⢀⠬⠵⠶⠿⠶⣶⡶⠚⠿⣿⡶⠄
⣠⣴⣶⣿⣶⣶⣶⣦⣤⠴⠂⣀⣠⠴⠶⣿⣿⣶⡄
⠁⠀⠀⠀⣈⣭⣭⠅⢠⣾⣿⣿⠁⠀⠀⠈⣿⣿⣿
⠀⠀⠀⢸⣿⣿⣿⠀⢸⣿⣿⣿⠀⠀⠀⣠⣿⠿⠃
⢼⣿⣿⣿⣿⣿⣿⠀⢸⣿⣿⣿⡤⣴⣾⣿⣄⡀
⠈⠁⠀⢸⣿⣿⣿⠀⢸⣿⣿⡿⠀⠈⢻⣿⣿⣷⡄
⠀⠀⠀⠸⠿⢛⣉⣠⣮⣭⣥⣄⣀⣀⣘⣿⣿⣿⣿⣄
⠀⠀⡠⠶⠚⠛⠛⠛⠛⠻⠿⢿⡿⠟⠉⠈⠻⠿⣿⡿⠋⠁
⢀⣤⣶⣶⣶⣶⣶⣶⣤⣤⣤⣤⡤⠂⠀⣀⣠⡤⣶⣾⣿⣶⣤⡀
⠚⠉⠉⠉⠉⠛⠛⠛⢛⡛⠋⣩⣴⣶⣿⡏⠁⠀⠀⠙⣿⣿⣿⣿
⠀⠀⠀⠀⢠⣶⣿⣿⣿⠁⠀⣿⣿⣿⣿⡇⠀⠀⠀⠀⢸⣿⣿⡿
⠀⢀⣀⣀⣸⣿⣿⣿⣿⠀⠀⣿⣿⣿⣿⡇⠀⠀⠀⣠⣿⠿⠋
⢼⣿⣿⣿⣿⣿⣿⣿⣿⠀⠀⣿⣿⣿⣿⡧⢤⣴⣾⣿⣤⣀
⠈⠋⠉⠉⢹⣿⣿⣿⣿⠀⠀⣿⣿⣿⣿⡇⠀⠙⣿⣿⣿⣿⣧⡀
⠀⠀⠀⠀⢸⣿⣿⣿⠟⠀⢠⠿⠿⠛⠋⠀⠀⠀⢸⣿⣿⣿⣿⣷⡀
⠀⠀⠀⠀⠘⢋⣩⣤⣶⣶⣶⣶⣶⣶⣶⣶⣦⣤⣤⠿⣿⣿⣿⣿⣷⣤⣀⠄
⠀⠀⢀⠴⠞⠛⠛⠋⠉⠉⠛⠛⠛⠿⠿⣿⠿⠋⠀⠀⠈⠻⠿⣿⣿⠟⠁
⠀⠀⠀⡆⠀⠑⠢⡀⠀⢠
⠲⣄⠀⠻⣄⢀⣠⣹⣀⡼⠁
⠀⠀⢉⣳⢾⣿⣿⣿⣿⠿⢭⡓⠢⢄
⠀⠀⠏⠀⣿⠁⠈⠉⠁⠀⠀⠙⡆
⠀⠀⠀⠀⠘⢦⠀⠀⠀⠀⠀⠀⠃
⠀⠀⠀⠀⢀⡄⠀⠀⠑⢦⡀⠀⠀⠀⠀⡄
⡀⠀⠀⠀⠘⣇⠀⠀⠀⠀⠈⢦⡀⠀⠀⣿
⠘⢦⡀⠀⠀⠻⣆⡀⢤⣀⣤⢸⡷⢀⣼⠏
⠀⠀⠈⠓⠶⠤⣬⣿⣶⣿⣿⣿⣿⣿⣖⡒⠶⠦⣄⡀
⠀⠀⠀⢀⣤⠶⢋⣽⡟⢿⣿⣿⣿⡿⠉⠛⠻⢦⣀⠈⠙⠢
⠀⠀⠀⡞⠁⠀⢸⣟⠀⠀⠀⠈⠁⠀⠀⠀⠀⠀⢹⡆
⠀⠀⠈⠀⠀⠀⠈⢿⡀⠀⠀⠀⠀⠀⠀⠀⠀⠀⠈⡇
⠀⠀⠀⠀⠀⠀⠀⠈⠳⣄⠀⠀⠀⠀⠀⠀⠀⠀⠀⠁
⠀⠀⠀⠀⠀⠀⡠⠀⠀⠈⠑⢦⣀⠀⠀⠀⠀⠀⠀⡀
⠀⠀⠀⠀⠀⠀⣷⡀⠀⠀⠀⠀⠈⠳⣄⠀⠀⠀⠀⢿⡀
⢢⡀⠀⠀⠀⠀⢹⣧⠀⠀⠀⠀⠀⠀⢹⣧⠀⠀⢀⣾⠇
⠀⠙⠷⣄⡀⠀⠀⠹⢦⣄⠘⣦⣤⣷⣸⣿⣁⣴⠿⠋
⠀⠀⠀⠈⠙⠻⠶⠶⢦⣽⣿⣿⣿⣿⣿⣿⣿⣿⣚⣛⠓⠲⠶⢤⣄
⠀⠀⠀⠀⠀⣀⣤⠾⠛⣽⣿⢿⣿⣿⣿⣿⣿⡏⠉⠛⠻⣷⣤⡀⠈⠉⠓⢤
⠀⠀⠀⠀⣼⠛⠁⠀⣼⣿⠃⠀⠈⠉⠙⠛⠉⠀⠀⠀⠀⠀⠉⢻⡄
⠀⠀⠀⠰⠃⠀⠀⠀⢿⣿⠀⠀⠀⠀⠀⠀⠀⠀⠀⠀⠀⠀⠀⠘⣷
⠀⠀⠀⠀⠀⠀⠀⠀⠈⠻⣆⠀⠀⠀⠀⠀⠀⠀⠀⠀⠀⠀⠀⠀⣿
⠀⠀⠀⠀⠀⠀⠀⠀⠀⠀⠘⠢⡀
⠐⠛⣿⡿⠛⣦⣿⣿⣶⣶⣶⣶⠶
⠀⠾⠟⠻⠯⢿⡿⠟⠷⠟⠷⠿⠃
⠰⣸⠿⠿⠿⢿⠿⣶⣤⣲⣶⣶⣶⣶⣦⣤⣤⣤⣤⣤⠤
⠀⠀⢀⣼⣿⣫⣤⠴⢟⡯⢫⡿⣿⢏⡽⢿⡏⣩⢭⡥
⠀⠐⠛⠋⠀⠙⠛⢒⠛⠴⠛⠚⠑⠛⠒⠋⠚⠑⠋
⠠⢊⠿⠿⠿⠿⠿⣿⠷⣶⣦⣐⣶⣶⣶⣶⣶⣶⣦⣤⣤⣤⣤⣤⣤⡤⠄
⠀⠀⠀⢀⣼⣿⣟⣥⣤⠤⠾⣻⡽⣩⡿⢿⡿⢋⡽⢿⡿⢉⡭⢭⣭⠄
⠠⠀⠚⠛⠛⠀⠊⠛⠛⠂⡚⡩⠞⠛⠚⠋⠚⠛⠒⠋⠐⠋⠐⠛⠁
⢺⠉⠷⠉⡯⢉⠳⢊⠉⡏⢹⣿⠉⡗
⠺⠐⢿⡿⠿⠿⠿⠿⣶⣿⣶⣷⠒⠁
⠰⡏⠉⢩⣭⠉⢻⡍⠉⠳⣄⡴⠋⠉⣭⠉⢩⣿⣏⠉⢹⠆
⢀⡇⠀⢰⣦⣀⣹⣇⣀⣦⣈⣤⣂⣀⣻⣀⡘⠿⠇⠀⣸
⠈⠓⠉⠹⡷⠾⠶⠾⠚⠓⠚⠶⠯⢯⣽⣽⣯⡽⠿⠉
⢠⣟⠉⠉⢉⣉⡛⠛⢿⡉⠉⠙⢦⡀⣰⠟⠉⠉⣉⠉⠉⣹⣿⣏⠉⠉⣻⡄
⠀⣾⠀⠀⢙⣉⠁⠐⢾⡇⠀⢤⡈⠛⠁⣠⠀⠀⣿⠀⠀⣿⣿⣿⠀⠀⡗
⢠⡾⢀⣀⣽⣿⠶⣶⠚⢳⠲⣾⠻⢶⠾⢷⢶⣦⣿⣶⣤⣬⣉⣅⣀⡴⠃
⠀⠉⠉⠀⠸⠿⠾⠟⠛⠛⠋⠉⠛⠛⠓⠺⠾⠶⢽⣬⣿⣤⠿⠿⠂
⣏⣉⠉⠉⠉⣉⣉⣉⣉⠉⠑⠢⡄
⠀⣿⠀⠀⠀⠧⠤⠤⠼⠀⠀⣀⠇
⠀⣿⠀⠀⢠⡖⠒⠲⡄⠀⠘⢦⡀
⣏⣉⣀⣀⣀⣱⡆⠀⣏⣀⣀⣀⣉⣹
⣿⠉⠉⠉⠉⠉⠉⠉⠉⠉⠉⠉⠉⠉⠉⠙⠲⢤⣀
⠛⠒⣦⠀⠀⠀⠀⠀⣶⠒⠒⠒⠒⣶⠀⠀⠀⠀⠈⣷
⠀⠀⣿⠀⠀⠀⠀⠀⣿⣀⣀⣀⣀⣿⠀⠀⠀⠀⠀⣿
⠀⠀⣿⠀⠀⠀⠀⠀⠀⠀⠀⠀⠀⠀⠀⠀⢠⡴⠚⠁
⠀⠀⣿⠀⠀⠀⠀⢸⡏⠉⠉⠙⢦⠀⠀⠀⠀⠳⣄
⣤⠴⠟⠀⠀⠀⠀⠸⠧⣤⠀⠀⢨⡷⠄⠀⠀⠀⠈⠳⠤⣤
⣿⣀⣀⣀⣀⣀⣀⣀⣀⣿⠀⠀⢸⣇⣀⣀⣀⣀⣀⣀⣀⣿
⣿⠉⠉⠉⠉⠉⠉⠉⠉⠉⠉⠉⠉⠉⠉⠉⠉⠉⠉⠉⠓⠦⣄⡀
⠿⠤⢤⡄⠀⠀⠀⠀⠀⠀⣤⡤⠤⠤⠤⠤⢤⣤⠀⠀⠀⠀⠀⠉⣷
⠀⠀⢸⡇⠀⠀⠀⠀⠀⠀⣿⠀⠀⠀⠀⠀⠀⣿⠀⠀⠀⠀⠀⠀⣿
⠀⠀⢸⡇⠀⠀⠀⠀⠀⠀⠉⠉⠉⠉⠉⠉⠉⠉⠀⠀⠀⠀⣀⣤⠿
⠀⠀⢸⡇⠀⠀⠀⠀⠀⢀⣤⠤⠤⠤⣤⡀⠀⠀⠀⠀⠀⢿⣅
⠀⠀⢸⡇⠀⠀⠀⠀⠀⠀⣿⠀⠀⠀⠀⠹⣦⡀⠀⠀⠀⠀⠙⢷⡀
⣶⠒⠚⠃⠀⠀⠀⠀⠀⠐⠛⢲⡆⠀⠀⠀⣾⠛⠂⠀⠀⠀⠀⠀⠙⠓⠒⣶
⣿⣀⣀⣀⣀⣀⣀⣀⣀⣀⣀⣸⡇⠀⠀⠀⣿⣀⣀⣀⣀⣀⣀⣀⣀⣀⣀⣿
⢠⣤⣒⣶⣒⣟⣛⣾⣹⣧⡤⣤
⢸⣿⠿⣿⢿⣿⣿⣩⣤⣾⣿⣛⣲⡄
⠘⢿⣥⣿⣽⡇⢿⣿⣇⣿⣿⣷⢿⡄
⠀⠀⠉⠛⠿⠿⡿⠿⠛⠋⠁
⠀⢀⣀⣠⣤⣤⠴⢶⣶⠶⠶⣶⠖⢲⡶
⢰⣿⣿⣦⣬⣵⣶⠶⢶⣶⣶⣶⣿⡿⠿⣿⣛⠛⣿
⢸⣿⣿⣿⣿⣿⣿⣿⣿⣿⣗⠀⣀⣤⣶⣾⣟⡛⠛⠲⣆
⢸⣿⣿⡇⢸⡿⢆⣽⡿⢻⣿⣿⣿⡟⣿⣿⣿⡿⠶⠾⠟
⠀⠻⣿⣇⣸⣿⣦⣝⡃⢸⣿⣿⣿⡇⣿⣿⣿⣿⣿⣛⣷
⠀⠀⠈⠻⢿⣿⣿⣿⣿⣶⣽⣿⣿⣾⣿⠿⠋⠀⠀⠀⠁
⠀⠀⠀⠀⠀⠈⠉⠛⠻⠿⠿⠛⠋⠉
⠀⠀⣀⣀⣀⣠⣤⣤⣤⣴⣶⡶⠶⢶⣶⡶⠶⢶⣶
⠀⣶⣿⣿⣍⣈⣩⣥⣤⣤⣭⣴⣶⣶⣶⣶⣶⣿⡷⣶⠒⠒⢲⣶
⠀⣿⣿⣿⣿⣿⣿⣿⣽⣶⣶⣿⣿⡏⠉⠉⠉⢀⣤⣭⣿⡷⠾⠿⣤⣤⠄
⠀⣿⣿⣿⡏⢩⣿⣭⠙⢻⣿⣿⣿⣷⣦⣶⣿⣿⣿⣿⣷⣶⣦⣀⣀⣽⡗
⠀⢿⣿⣿⡇⢨⣿⣍⠲⢿⣿⠈⢹⣿⣿⣿⣿⠈⣿⣿⣿⡿⣍⣉⣉⣭⡀
⠀⠈⠻⣿⣷⣾⣿⣿⣿⣶⣮⡀⠸⣿⣿⣿⡿⢠⣿⣿⣿⣿⠷⠷⠦⠼⠇
⠀⠀⠀⠀⠙⠻⢿⣿⣿⣿⣿⣿⣷⣾⣿⣿⣿⣿⡿⠟⠋
⠀⠀⠀⠀⠀⠀⠀⠀⠉⠙⠛⠻⠿⠟⠛⠋⠉
⠀⠀⠀⢀⡀⠀⢀⢰⣾⣏⣤⢠⡀
⠀⢶⣻⣿⢿⣖⣾⡯⢾⣿⡿⠿⠯⠂
⠰⣶⣿⣿⣿⣿⣿⣿⣿⣟⣷⣶⠶
⠀⠀⠀⠀⠀⠀⠀⠀⠀⠀⠀⠀⡤⣲⠞⠃
⠀⠀⠀⢀⣠⣤⣤⣄⠀⠀⢠⣀⣹⠒⠿⠶⠆⠀⣨⣆⠄
⠀⠴⣞⠛⠉⠉⠛⣿⡁⠀⠐⠦⠤⣮⣉⣐⣚⣉⠽⠡⠴⠂
⢀⣀⣈⣓⣶⣤⣤⣬⣽⣶⣄⣀⣤⣼⣿⣿⣇⣀⣀⣀⡀
⠸⢧⣼⣬⣾⣤⣧⣼⣿⣴⣾⣬⣮⣼⣧⣤⣧⣴⡧⠼⠅
⠀⠀⠀⠀⠀⠀⠀⠀⠀⠀⠀⠀⠀⠀⠀⢀⠔⣦⠶⠛
⠀⠀⠀⠀⠀⠀⣀⣀⣀⠀⢀⡀⠀⠀⠠⠸⣦⣭⣛⣉⣀⠀⠈⠑⡆⢀
⠀⢀⣠⣤⡶⠿⠟⠛⣿⣷⠆⠀⠀⠉⣛⠉⢓⠦⠤⢄⣀⡤⠤⢞⡿⠋⣀⡀
⠀⠈⠛⢶⡄⠀⠀⠀⠈⠻⢤⣀⠀⠀⠉⠙⠛⠷⢶⣶⣶⠒⠊⠉⠚⠉⠁
⠠⣤⢤⢤⢬⢿⡿⢿⡿⠶⣶⣯⢿⢦⢤⢴⡶⣿⡿⠿⢿⡤⠤⡤⠤⣤
⠐⠓⣶⣿⣾⣾⣷⣾⣶⣾⣿⣷⣶⣿⣾⣾⣶⣿⣶⣶⣾⣶⣾⡖⠒⠓
⠀⠀⠀⣠⣿⣆⣐⡆
⣰⣿⣿⣿⣿⣿⣿⣷⣶⣶⣶⣶⣶⡖
⠀⠀⠀⠀⠀⣠⢽⡿⣶⣀⣐⣶
⣠⣾⣿⣿⣿⣿⣿⣟⣿⣿⣿⣿⣶⣶⣶⣶⣶⣶⣶⣶⣶⡖
⠀⠀⠀⠀⠀⠀⠀⣈⣿⣿⣗⠆⠠⠤⣶
⠀⢀⣤⣤⣤⣤⣾⣷⣽⣦⣙⣓⣖⣾⣿⣀⣀⣀⣀⣀⣀⣀⣀⣀⣀⣀⣀⣀
⣠⣿⣿⣿⣿⣿⣿⣻⣿⣯⣿⣿⣿⣿⣼⣿⣵⣿⣿⣿⣿⣿⣿⣿⣏⣿⣿⠏
⣄⠀⠀⠀⠀⣠⣤⣤⡀⠀⠀⠉⠙⣿
⣿⠀⠀⠀⠀⣈⣉⠁⠀⠀⠀⢤⣶⣿
⠛⠀⠀⠀⠀⠙⣿⡗⠀⠀⠀⠀⠙⠛
⠀⠀⠀⠀⠀⠀⠀⠀⠀⠀⠀⠀⠀⠀⠀⠀⠈⠉⠙⠻⣿⣿
⣿⡇⠀⠀⠀⠀⠀⠀⣿⣿⣿⣿⠿⠆⠀⠀⠀⠀⠀⠀⣸⣿
⣿⡇⠀⠀⠀⠀⠀⠀⠀⠀⠀⠀⠀⠀⠀⠀⠀⣤⣴⣾⣿⣿
⣿⡇⠀⠀⠀⠀⠀⠀⣿⣿⣿⣦⣀⠀⠀⠀⠀⠀⠙⢿⣿⣿
⠀⠀⠀⠀⠀⠀⠀⠀⠀⢸⣿⡇
⠀⠀⠀⠀⠀⠀⠀⠀⠀⠀⠀⠀⠀⠀⠀⠀⠀⠀⠀⠀⠀⠉⠉⠛⠿⣿⣿⣿
⣶⣶⠀⠀⠀⠀⠀⠀⠀⠀⢰⣶⣶⣶⣶⣶⣦⠀⠀⠀⠀⠀⠀⠀⠀⠈⣿⣿
⣿⣿⠀⠀⠀⠀⠀⠀⠀⠀⠈⠉⠉⠉⠉⠉⠁⠀⠀⠀⠀⠀⠀⢀⣠⣼⣿⣿
⣿⣿⠀⠀⠀⠀⠀⠀⠀⠀⢠⣤⣤⣄⡀⠀⠀⠀⠀⠀⠀⠐⠿⣿⣿⣿⣿⣿
⠿⠿⠀⠀⠀⠀⠀⠀⠀⠀⠸⠿⣿⣿⣿⠦⠄⠀⠀⠀⠀⠀⠀⠈⠙⠿⠿⠿
⠀⠀⠀⠀⠀⠀⠀⠀⠀⠀⠀⠀⢸⣿⣿
⢠⡤⣤⠒⠿⠫⣽⣿⠿⣿⣶⠶⣦⡄
⣴⣿⠀⣄⠀⢲⠄⠡⡖⠂⣹⣿⣿⣦
⠘⣿⣧⣬⠻⣄⠘⠃⣠⣿⣿⣿⣿⠋
⠀⠀⠉⠉⠛⠶⢭⡿⠿⠛⠉⠉
⠀⢀⣀⠤⠤⣤⣶⡶⠞⠛⠳⢞⣳⣶⣶⣶⣤⣄⣀⣀⡀
⠀⢻⣅⠷⠗⠀⠬⠛⠚⠛⢿⡿⠛⠛⠛⢿⣿⣭⣉⣿⡟
⢠⣾⣿⡅⠀⡠⠀⠐⠲⣦⠀⠀⣠⠖⠂⠀⢼⣿⣿⣿⣷⡄
⠿⣿⣿⣠⠐⠳⣤⣠⠐⠧⣄⣠⠼⠆⣄⣤⣾⣿⣿⣿⣿⠿
⠀⢻⣿⣿⣦⣤⠈⢻⡦⠀⠐⠃⠀⢴⣿⣿⣿⣿⣿⣿⡿
⠀⠀⠙⠻⢿⠿⣷⣤⣉⡛⠲⣶⣿⣿⣿⣿⠿⡿⠟⠋
⠀⠀⠀⠀⠀⠀⠈⠙⠛⠿⢷⡿⠿⠛⠋⠁
⠀⠀⢀⣀⣀⣀⣠⣴⣶⠶⠶⠛⠻⠶⠶⢷⣶⣶⣶⣶⣤⣤⣀⣀⣀⡀
⠀⢺⣿⠱⣶⡶⠆⢈⡹⠽⠶⠞⠿⣷⣿⠿⠛⠿⠿⢿⣷⣿⣋⠋⣹⣿⡗
⠀⣠⣿⡷⡂⠀⠀⡀⠀⢠⢄⣀⡀⠈⠁⠀⣀⡠⡄⠀⢙⣿⣿⣿⣿⣿⣄
⣾⣿⣿⣿⠁⠀⣾⣁⠀⠀⠀⣸⠃⠀⠀⠘⣇⠀⠀⠀⣈⣿⣿⣿⣿⣿⣿⣷
⠉⣿⣿⣿⣾⡀⠀⠉⢻⣾⡀⠉⠈⢲⡖⠃⠉⠀⣷⣿⣿⣿⣿⣿⣿⣿⣿⠉
⠀⠘⢿⣿⣿⣿⣶⣧⡀⠈⣿⣀⡁⠀⠀⢈⣀⣿⣿⣿⣿⣿⣿⣿⣿⡿⠃
⠀⠀⠀⠈⠙⠻⠟⠿⣿⣶⣤⣌⣉⠛⣿⣿⣿⣿⣿⣿⠿⠻⠟⠋⠁
⠀⠀⠀⠀⠀⠀⠀⠀⠀⠉⠙⠛⠿⢿⡿⠿⠛⠋⠉
⠒⠶⠦⢤⣴⣶⣶⣶⣶⣿⠿⠷⠷⣄
⠀⠀⠀⠀⠈⠙⠧⢿⡛⠓
⠦⢤⣤⣤⣄⣀⣀⣤⣤⣤⣤⣤⣤⣴⣾⣶⣿⣶⣶⣾⣤⡀
⠀⠀⠀⠀⠀⠈⠻⠿⣿⣿⠻⠿⢿⣿⣿⡋⠁⠀⠀⠈⠙⠓
⠀⠀⠀⠀⠀⠀⠀⠀⠈⠩⠿⠻⢯⡁⠈⠁
⢤⣀⣀⣀⣀⡀⠀⠀⢀⣀⣀⣀⣀⣀⣀⣀⣠⣶⣿⣶⣶⣶⣶⣦⣼⣧⡀
⠀⠈⠉⠉⠉⠙⠛⢿⣿⣿⣿⣿⣿⣿⣿⣿⣿⣿⣿⡿⠛⠛⠉⠉⠛⠻⢿⣦
⠀⠀⠀⠀⠀⠀⠀⠀⠈⠙⠻⣿⣧⣈⣭⣉⣿⡟⢿⣇
⠀⠀⠀⠀⠀⠀⠀⠀⠀⠀⠀⠀⠔⠛⠛⠿⣤⡀⠀⠁
⠀⠀⣀⠤⠒⠒⠲⠶⠶⠶⠖⠛⠽⣷
⡀⣠⣿⣴⣤⣴⠋⠉⠉⠙⣦⣤⠤⠟
⠘⠉⣿⠀⣿⣿⣶⣶⣶⣿⡿⠿⠦⣤
⠀⠀⠙⠾⣍⣛⣛⣛⣻⣧⣀⣠⠴⠋
⠀⠀⠀⠀⠀⣀⡤⠤⠤⠴⣤⣤⠤⠤⠤⣤⡤⠶⢯⣉⣿⣦
⠀⠀⠀⢰⡏⠁⠀⠀⠀⣀⣤⣤⣤⣭⣭⣀⠀⠀⠀⠈⢹⡇
⡀⠀⣤⣾⣷⣾⣷⣦⣾⡏⠀⠀⠀⠀⠀⢈⣻⣶⣶⠖⠚⠃
⠀⠛⠛⢻⡇⠀⢻⣿⣿⣷⣤⣤⣤⣴⣶⣿⣿⣿⣷⣆⣀⡀
⠀⠀⠀⢸⡇⣤⠾⢿⣿⣿⣿⣿⣿⣿⣿⠛⠉⠀⠀⠀⢹⡟
⠀⠀⠀⠀⠛⠛⠦⠤⠬⠭⠭⠭⠭⢼⣿⣦⠤⠤⠴⠞⠋
⠀⠀⠀⠀⠀⠀⠀⢀⣠⣤⣤⣤⣤⣤⣤⣤⣤⣤⣤⣤⣤⣤⣶⣟⡙⢻⣶⡄
⠀⠀⠀⠀⢠⣴⠞⠋⠁⠀⠀⠀⠀⠉⠉⠒⠒⠒⠒⠚⠉⠀⠀⠈⠙⠻⣿⡇
⠀⠀⠀⠀⢸⣧⢀⣀⠀⠀⢀⣤⠶⠒⠒⠒⠒⠒⠒⢶⣄⡀⠀⠀⠀⠀⣿⡇
⡀⠂⢠⣾⣿⣿⣿⣿⣿⣶⣾⣿⠀⠀⠀⠀⠀⠀⠀⠀⣩⣿⣿⣿⠟⠉⠉⠁
⠀⢲⠛⠟⢿⡟⠀⠈⣿⣿⣿⣿⣦⣀⣀⣀⣤⣴⣶⣿⣿⣿⣿⣧⣤
⠀⠀⠀⠀⢸⡇⠀⢀⣻⣿⣿⣿⣿⣿⣿⣿⣿⣿⣿⣿⠿⠛⠛⠛⠛⠛⣿⡧
⠀⠀⠀⠀⠸⣧⣼⣟⠉⠙⠿⣿⣿⣿⣿⣿⡿⢿⣿⠀⠀⠀⠀⠀⠀⣀⣿⠇
⠀⠀⠀⠀⠀⠉⠉⠛⠶⠤⠤⠤⠤⠤⠤⠤⠶⢿⣿⣷⠦⠤⠤⠶⠛⠉
⠀⠀⠀⣀⣀⣀⡐⣾⡽⣓⣀⣀⡀
⣀⠀⢲⣾⣿⣿⠟⠛⣩⠉⠀⡞⢒⡀
⠙⠻⠿⢦⣬⣼⣶⣯⣭⠴⠶⠛⠋
⠀⠀⠀⠀⠀⠀⠀⠀⠀⠀⢠⣶⣛⣛⣷⠆
⠀⠀⠀⠀⠐⢶⣶⣶⣶⣶⣆⣽⣿⣯⣶⣶⠶⢖⡶⠖
⠀⠀⠈⠛⣿⣿⣿⣿⣿⠿⠟⠛⠋⣩⠄⠀⠀⣸⠛⠛⠁
⢻⣟⣶⣶⡟⠩⠭⠼⠙⣇⢀⡤⠊⠿⠤⠤⣀⣻⣴⣲⠟⠁
⠀⠈⠛⠻⠿⠷⣶⣶⣾⣿⣿⣷⣶⠶⠾⠟⠛⠋⠉
⠀⠀⠀⠀⠀⠀⠀⠀⠀⠀⠀⠀⠀⢠⢴⡾⠛⢿⣷⡆
⠀⠀⠀⠀⠀⢀⣀⣀⣀⣀⣀⣀⣀⠙⢺⣷⣶⠟⣋⣁⣀⣀⣀⣀⣀⣀
⠀⠀⠀⠀⠀⠀⢙⣿⣿⣿⣿⣿⣿⣷⣿⣿⣿⣾⡿⠿⠛⠋⢩⡟⠉
⠀⠀⠀⠈⠙⢿⣿⣿⣿⣿⣿⣿⠿⠟⠛⠋⠉⣠⠆⠀⠀⠀⣾⠿⠛⠉
⢼⡶⣤⣀⣠⡿⠿⠛⠛⢩⡟⣷⠀⠀⢀⡠⢾⡟⠀⠀⠀⠠⣏⣀⣤⢴⡾⠃
⠈⠳⣜⡻⢿⣭⣉⣉⣉⠉⢀⣾⣧⣴⡟⠀⢈⣉⣉⣩⣽⣿⣿⡿⠞⠋
⠀⠀⠀⠉⠛⠚⠿⠿⢿⣿⣿⣿⣿⣿⣿⠿⠿⠿⠟⠛⠋⠉
⢀⣀⣀⣤⣶⣶⡿⠿⠿⠳⠦⣤⣀⡀
⠀⠈⠉⠉⠉⠁⠰⢄⣀⠤⠀⠉⠁
⠀⠀⠀⠀⢀⣠⣤⣶⣶⣾⣿⣿⣿⣿⢷⣶⢤⣀⡀
⠐⠲⠿⠿⠿⠿⣿⣿⠟⠋⢉⡄⠀⡈⠁⠤⡁⢻⣿⠿⠟⠂
⠀⠀⠀⠀⠀⠀⠀⠀⠉⠑⠺⠧⣄⣨⠼⠓⠀⡠
⠀⠀⠀⠀⠀⠀⠀⣀⠤⢤⣤⣶⣪⣭⣭⣭⣿⣿⣶⡦⣄⡀
⠠⣤⠤⢤⣴⣶⣯⣶⣿⣿⣿⣿⠿⠛⠛⠉⠉⠹⠊⠋⠃⢹⣿⣶⣶⡦⣤⠄
⠀⠀⠉⠉⠛⠒⠛⠛⠛⠯⢭⣀⠀⢰⡆⠀⠐⢄⣀⡈⠑⠀⠹⠟⠋⠉
⠀⠀⠀⠀⠀⠀⠀⠀⠀⠀⠀⠀⠉⠛⠳⢦⣀⡤⠞⠋⠑⠀⠄
⢀⣀⠀⣴⣶⡛⣽⠿⠿⠛⠛⠁
⠿⠋⠔⠈⠙⠛⠾⠶⣤⣄⡀⠔⣨⣶
⠀⣠⣴⣿⣤⣤⣤⣶⣤⠿⠟⠀⠉⠁
⠀⠀⠀⠀⠀⣠⣤⣶⡶⠞⣛⣫⣭⣭⣭⣿⣶⠖⠂
⣠⣶⣿⡄⠘⢿⣿⣿⣤⣙⠿⠉⠁⠀⠀⠀⠀⠀⠀⠀⣀
⢿⣿⢁⠴⠒⠂⠈⠙⠛⠿⠿⣶⣶⣤⣄⡀⠠⠤⠖⢁⣿⣷
⠀⠈⠀⠀⣀⣴⠀⠀⠀⠀⠀⢀⣉⠛⣿⣿⣷⡄⠘⣿⠿⠋
⠀⢀⣴⣾⣿⣿⣿⣿⣿⣿⣿⣿⡷⠾⠿⠛⠋
⠀⠀⠀⠀⠀⠀⢀⣠⣤⣴⣶⡶⠾⢛⣛⣛⣭⣭⣭⣭⣽⣶⠶⠂
⠀⣠⣴⣦⠀⠀⣿⣿⣿⣿⣅⠐⢿⣿⠟⠛⠉⠉⠉⠉⠉
⣾⣿⡿⠋⣁⣠⣈⡙⠻⠿⣿⣿⣶⣬⣄⣀⡀⠀⠀⠀⠀⠀⢀⣀⡄⢸⣶⣄
⠘⠻⡇⠘⠉⠀⠀⠀⠀⠀⠀⠈⠉⠙⠛⠿⣿⣿⣶⣦⣌⡉⠉⢉⣤⣾⣿⡿
⠀⠀⠀⠀⢀⣠⣶⣏⣀⠀⠀⠀⣀⣀⣀⣤⠄⢙⣿⣿⣿⣿⠀⠀⠻⠟⠋
⠀⠀⣤⣾⣿⣿⣿⣿⣿⣿⣿⣿⣿⣿⣿⡷⠾⠿⠟⠛⠋⠁wrote packages/core/src/art/ncaaf/sam.xs.txt
wrote packages/core/src/art/ncaaf/sam.sm.txt
wrote packages/core/src/art/ncaaf/sam.md.txt
--- ncaaf/SDSU xs: 3 rows x 14 cells ---
--- ncaaf/SDSU sm: 4 rows x 22 cells ---
--- ncaaf/SDSU md: 5 rows x 28 cells ---
wrote packages/core/src/art/ncaaf/sdsu.xs.txt
wrote packages/core/src/art/ncaaf/sdsu.sm.txt
wrote packages/core/src/art/ncaaf/sdsu.md.txt
--- ncaaf/USD xs: 4 rows x 14 cells ---
--- ncaaf/USD sm: 6 rows x 22 cells ---
--- ncaaf/USD md: 7 rows x 28 cells ---
wrote packages/core/src/art/ncaaf/usd.xs.txt
wrote packages/core/src/art/ncaaf/usd.sm.txt
wrote packages/core/src/art/ncaaf/usd.md.txt
--- ncaaf/SJSU xs: 4 rows x 14 cells ---
--- ncaaf/SJSU sm: 6 rows x 22 cells ---
--- ncaaf/SJSU md: 8 rows x 28 cells ---
wrote packages/core/src/art/ncaaf/sjsu.xs.txt
wrote packages/core/src/art/ncaaf/sjsu.sm.txt
wrote packages/core/src/art/ncaaf/sjsu.md.txt
--- ncaaf/SAV xs: 2 rows x 14 cells ---
--- ncaaf/SAV sm: 3 rows x 22 cells ---
--- ncaaf/SAV md: 3 rows x 28 cells ---
wrote packages/core/src/art/ncaaf/sav.xs.txt
wrote packages/core/src/art/ncaaf/sav.sm.txt
wrote packages/core/src/art/ncaaf/sav.md.txt
--- ncaaf/SEHI xs: 3 rows x 14 cells ---
--- ncaaf/SEHI sm: 5 rows x 22 cells ---
--- ncaaf/SEHI md: 6 rows x 28 cells ---
wrote packages/core/src/art/ncaaf/sehi.xs.txt
wrote packages/core/src/art/ncaaf/sehi.sm.txt
wrote packages/core/src/art/ncaaf/sehi.md.txt
--- ncaaf/SEWA xs: 3 rows x 14 cells ---
--- ncaaf/SEWA sm: 5 rows x 22 cells ---
--- ncaaf/SEWA md: 7 rows x 28 cells ---
wrote packages/core/src/art/ncaaf/sewa.xs.txt
wrote packages/core/src/art/ncaaf/sewa.sm.txt
wrote packages/core/src/art/ncaaf/sewa.md.txt
--- ncaaf/SHAW xs: 3 rows x 14 cells ---
--- ncaaf/SHAW sm: 4 rows x 22 cells ---
--- ncaaf/SHAW md: 5 rows x 28 cells ---
wrote packages/core/src/art/ncaaf/shaw.xs.txt
wrote packages/core/src/art/ncaaf/shaw.sm.txt
wrote packages/core/src/art/ncaaf/shaw.md.txt
--- ncaaf/SHEN xs: 4 rows x 14 cells ---
--- ncaaf/SHEN sm: 6 rows x 22 cells ---
--- ncaaf/SHEN md: 7 rows x 28 cells ---
wrote packages/core/src/art/ncaaf/shen.xs.txt
wrote packages/core/src/art/ncaaf/shen.sm.txt
wrote packages/core/src/art/ncaaf/shen.md.txt
--- ncaaf/SHEP xs: 4 rows x 14 cells ---
--- ncaaf/SHEP sm: 6 rows x 22 cells ---
--- ncaaf/SHEP md: 7 rows x 28 cells ---
wrote packages/core/src/art/ncaaf/shep.xs.txt
wrote packages/core/src/art/ncaaf/shep.sm.txt
wrote packages/core/src/art/ncaaf/shep.md.txt
--- ncaaf/SHIP xs: 3 rows x 13 cells ---
--- ncaaf/SHIP sm: 5 rows x 20 cells ---
--- ncaaf/SHIP md: 6 rows x 25 cells ---
wrote packages/core/src/art/ncaaf/ship.xs.txt
wrote packages/core/src/art/ncaaf/ship.sm.txt
wrote packages/core/src/art/ncaaf/ship.md.txt
--- ncaaf/SHOU xs: 2 rows x 14 cells ---
--- ncaaf/SHOU sm: 4 rows x 22 cells ---
--- ncaaf/SHOU md: 4 rows x 28 cells ---
wrote packages/core/src/art/ncaaf/shou.xs.txt
wrote packages/core/src/art/ncaaf/shou.sm.txt
wrote packages/core/src/art/ncaaf/shou.md.txt
--- ncaaf/SCIA xs: 1 rows x 14 cells ---
--- ncaaf/SCIA sm: 2 rows x 22 cells ---
--- ncaaf/SCIA md: 2 rows x 28 cells ---
wrote packages/core/src/art/ncaaf/scia.xs.txt
wrote packages/core/src/art/ncaaf/scia.sm.txt
wrote packages/core/src/art/ncaaf/scia.md.txt
--- ncaaf/SFU xs: 3 rows x 14 cells ---
--- ncaaf/SFU sm: 4 rows x 22 cells ---
--- ncaaf/SFU md: 5 rows x 28 cells ---
wrote packages/core/src/art/ncaaf/sfu.xs.txt
wrote packages/core/src/art/ncaaf/sfu.sm.txt
wrote packages/core/src/art/ncaaf/sfu.md.txt
--- ncaaf/SRU xs: 4 rows x 14 cells ---
--- ncaaf/SRU sm: 6 rows x 22 cells ---
--- ncaaf/SRU md: 7 rows x 28 cells ---
wrote packages/core/src/art/ncaaf/sru.xs.txt
wrote packages/core/src/art/ncaaf/sru.sm.txt
wrote packages/core/src/art/ncaaf/sru.md.txt
--- ncaaf/USA xs: 3 rows x 14 cells ---
--- ncaaf/USA sm: 4 rows x 22 cells ---
--- ncaaf/USA md: 5 rows x 28 cells ---
wrote packages/core/src/art/ncaaf/usa.xs.txt
wrote packages/core/src/art/ncaaf/usa.sm.txt
wrote packages/core/src/art/ncaaf/usa.md.txt
--- ncaaf/SC xs: 4 rows x 14 cells ---
--- ncaaf/SC sm: 6 rows x 22 cells ---
--- ncaaf/SC md: 8 rows x 28 cells ---
wrote packages/core/src/art/ncaaf/sc.xs.txt
wrote packages/core/src/art/ncaaf/sc.sm.txt
wrote packages/core/src/art/ncaaf/sc.md.txt
--- ncaaf/SCST xs: 5 rows x 14 cells ---
--- ncaaf/SCST sm: 7 rows x 22 cells ---
--- ncaaf/SCST md: 9 rows x 28 cells ---
wrote packages/core/src/art/ncaaf/scst.xs.txt
wrote packages/core/src/art/ncaaf/scst.sm.txt
wrote packages/core/src/art/ncaaf/scst.md.txt
--- ncaaf/SDAK xs: 4 rows x 14 cells ---
--- ncaaf/SDAK sm: 7 rows x 22 cells ---
--- ncaaf/SDAK md: 9 rows x 28 cells ---
wrote packages/core/src/art/ncaaf/sdak.xs.txt
wrote packages/core/src/art/ncaaf/sdak.sm.txt
wrote packages/core/src/art/ncaaf/sdak.md.txt
--- ncaaf/SDMT xs: 3 rows x 14 cells ---
--- ncaaf/SDMT sm: 5 rows x 22 cells ---
--- ncaaf/SDMT md: 7 rows x 28 cells ---
wrote packages/core/src/art/ncaaf/sdmt.xs.txt
wrote packages/core/src/art/ncaaf/sdmt.sm.txt
wrote packages/core/src/art/ncaaf/sdmt.md.txt
--- ncaaf/SDST xs: 3 rows x 14 cells ---
--- ncaaf/SDST sm: 4 rows x 22 cells ---
--- ncaaf/SDST md: 5 rows x 28 cells ---
wrote packages/core/src/art/ncaaf/sdst.xs.txt
wrote packages/core/src/art/ncaaf/sdst.sm.txt
wrote packages/core/src/art/ncaaf/sdst.md.txt
--- ncaaf/USF xs: 3 rows x 14 cells ---
--- ncaaf/USF sm: 5 rows x 21 cells ---
--- ncaaf/USF md: 6 rows x 27 cells ---
wrote packages/core/src/art/ncaaf/usf.xs.txt
wrote packages/core/src/art/ncaaf/usf.sm.txt
wrote packages/core/src/art/ncaaf/usf.md.txt
--- ncaaf/SEMO xs: 3 rows x 14 cells ---
--- ncaaf/SEMO sm: 5 rows x 22 cells ---
--- ncaaf/SEMO md: 6 rows x 28 cells ---
wrote packages/core/src/art/ncaaf/semo.xs.txt
wrote packages/core/src/art/ncaaf/semo.sm.txt
wrote packages/core/src/art/ncaaf/semo.md.txt
--- ncaaf/SEOK xs: 4 rows x 14 cells ---
--- ncaaf/SEOK sm: 6 rows x 22 cells ---
--- ncaaf/SEOK md: 8 rows x 28 cells ---
wrote packages/core/src/art/ncaaf/seok.xs.txt
wrote packages/core/src/art/ncaaf/seok.sm.txt
wrote packages/core/src/art/ncaaf/seok.md.txt
--- ncaaf/SAR xs: 4 rows x 14 cells ---
--- ncaaf/SAR sm: 6 rows x 22 cells ---
--- ncaaf/SAR md: 8 rows x 28 cells ---
wrote packages/core/src/art/ncaaf/sar.xs.txt
wrote packages/core/src/art/ncaaf/sar.sm.txt
wrote packages/core/src/art/ncaaf/sar.md.txt
--- ncaaf/SCTS xs: 3 rows x 14 cells ---
--- ncaaf/SCTS sm: 5 rows x 22 cells ---
--- ncaaf/SCTS md: 6 rows x 27 cells ---
wrote packages/core/src/art/ncaaf/scts.xs.txt
wrote packages/core/src/art/ncaaf/scts.sm.txt
wrote packages/core/src/art/ncaaf/scts.md.txt
--- ncaaf/SIU xs: 2 rows x 14 cells ---
--- ncaaf/SIU sm: 3 rows x 22 cells ---
--- ncaaf/SIU md: 4 rows x 28 cells ---
wrote packages/core/src/art/ncaaf/siu.xs.txt
wrote packages/core/src/art/ncaaf/siu.sm.txt
wrote packages/core/src/art/ncaaf/siu.md.txt
--- ncaaf/SOU xs: 2 rows x 13 cells ---
--- ncaaf/SOU sm: 4 rows x 21 cells ---
--- ncaaf/SOU md: 5 rows x 27 cells ---
wrote packages/core/src/art/ncaaf/sou.xs.txt
wrote packages/core/src/art/ncaaf/sou.sm.txt
wrote packages/core/src/art/ncaaf/sou.md.txt
--- ncaaf/USM xs: 2 rows x 14 cells ---
--- ncaaf/USM sm: 3 rows x 22 cells ---
--- ncaaf/USM md: 4 rows x 28 cells ---
wrote packages/core/src/art/ncaaf/usm.xs.txt
wrote packages/core/src/art/ncaaf/usm.sm.txt
wrote packages/core/src/art/ncaaf/usm.md.txt
--- ncaaf/SNU xs: 3 rows x 14 cells ---
--- ncaaf/SNU sm: 5 rows x 22 cells ---
--- ncaaf/SNU md: 7 rows x 28 cells ---
wrote packages/core/src/art/ncaaf/snu.xs.txt
wrote packages/core/src/art/ncaaf/snu.sm.txt
wrote packages/core/src/art/ncaaf/snu.md.txt
--- ncaaf/SOR xs: 1 rows x 14 cells ---
--- ncaaf/SOR sm: 2 rows x 22 cells ---
--- ncaaf/SOR md: 3 rows x 28 cells ---
wrote packages/core/src/art/ncaaf/sor.xs.txt
wrote packages/core/src/art/ncaaf/sor.sm.txt
wrote packages/core/src/art/ncaaf/sor.md.txt
--- ncaaf/SUU xs: 2 rows x 13 cells ---
--- ncaaf/SUU sm: 4 rows x 21 cells ---
--- ncaaf/SUU md: 5 rows x 28 cells ---
wrote packages/core/src/art/ncaaf/suu.xs.txt
wrote packages/core/src/art/ncaaf/suu.sm.txt
wrote packages/core/src/art/ncaaf/suu.md.txt
--- ncaaf/SOVA xs: 4 rows x 14 cells ---
--- ncaaf/SOVA sm: 7 rows x 22 cells ---
--- ncaaf/SOVA md: 8 rows x 28 cells ---
wrote packages/core/src/art/ncaaf/sova.xs.txt
wrote packages/core/src/art/ncaaf/sova.sm.txt
wrote packages/core/src/art/ncaaf/sova.md.txt
--- ncaaf/SWBU xs: 2 rows x 13 cells ---
--- ncaaf/SWBU sm: 3 rows x 21 cells ---
--- ncaaf/SWBU md: 4 rows x 27 cells ---
wrote packages/core/src/art/ncaaf/swbu.xs.txt
wrote packages/core/src/art/ncaaf/swbu.sm.txt
wrote packages/core/src/art/ncaaf/swbu.md.txt
--- ncaaf/SWMS xs: 4 rows x 13 cells ---
--- ncaaf/SWMS sm: 6 rows x 21 cells ---
--- ncaaf/SWMS md: 7 rows x 27 cells ---
wrote packages/core/src/art/ncaaf/swms.xs.txt
wrote packages/core/src/art/ncaaf/swms.sm.txt
wrote packages/core/src/art/ncaaf/swms.md.txt
--- ncaaf/SOSU xs: 4 rows x 14 cells ---
--- ncaaf/SOSU sm: 6 rows x 22 cells ---
--- ncaaf/SOSU md: 7 rows x 28 cells ---
wrote packages/core/src/art/ncaaf/sosu.xs.txt
wrote packages/core/src/art/ncaaf/sosu.sm.txt
wrote packages/core/src/art/ncaaf/sosu.md.txt
--- ncaaf/SWU xs: 4 rows x 14 cells ---
--- ncaaf/SWU sm: 5 rows x 22 cells ---
--- ncaaf/SWU md: 7 rows x 28 cells ---
wrote packages/core/src/art/ncaaf/swu.xs.txt
wrote packages/core/src/art/ncaaf/swu.sm.txt
wrote packages/core/src/art/ncaaf/swu.md.txt
--- ncaaf/SPR xs: 5 rows x 14 cells ---
--- ncaaf/SPR sm: 7 rows x 22 cells ---
--- ncaaf/SPR md: 9 rows x 28 cells ---
wrote packages/core/src/art/ncaaf/spr.xs.txt
wrote packages/core/src/art/ncaaf/spr.sm.txt
wrote packages/core/src/art/ncaaf/spr.md.txt
--- ncaaf/STAM xs: 4 rows x 14 cells ---
--- ncaaf/STAM sm: 6 rows x 22 cells ---
--- ncaaf/STAM md: 8 rows x 28 cells ---
wrote packages/core/src/art/ncaaf/stam.xs.txt
wrote packages/core/src/art/ncaaf/stam.sm.txt
wrote packages/core/src/art/ncaaf/stam.md.txt
--- ncaaf/STJF xs: 4 rows x 14 cells ---
--- ncaaf/STJF sm: 7 rows x 22 cells ---
--- ncaaf/STJF md: 9 rows x 28 cells ---
wrote packages/core/src/art/ncaaf/stjf.xs.txt
wrote packages/core/src/art/ncaaf/stjf.sm.txt
wrote packages/core/src/art/ncaaf/stjf.md.txt
--- ncaaf/USL xs: 3 rows x 13 cells ---
--- ncaaf/USL sm: 4 rows x 21 cells ---
--- ncaaf/USL md: 5 rows x 27 cells ---
wrote packages/core/src/art/ncaaf/usl.xs.txt
wrote packages/core/src/art/ncaaf/usl.sm.txt
wrote packages/core/src/art/ncaaf/usl.md.txt
--- ncaaf/STNC xs: 3 rows x 13 cells ---
--- ncaaf/STNC sm: 4 rows x 22 cells ---
--- ncaaf/STNC md: 5 rows x 28 cells ---
wrote packages/core/src/art/ncaaf/stnc.xs.txt
wrote packages/core/src/art/ncaaf/stnc.sm.txt
wrote packages/core/src/art/ncaaf/stnc.md.txt
--- ncaaf/OLAF xs: 4 rows x 14 cells ---
--- ncaaf/OLAF sm: 7 rows x 22 cells ---
--- ncaaf/OLAF md: 8 rows x 28 cells ---
wrote packages/core/src/art/ncaaf/olaf.xs.txt
wrote packages/core/src/art/ncaaf/olaf.sm.txt
wrote packages/core/src/art/ncaaf/olaf.md.txt
--- ncaaf/CSS xs: 4 rows x 14 cells ---
--- ncaaf/CSS sm: 6 rows x 22 cells ---
--- ncaaf/CSS md: 8 rows x 28 cells ---
wrote packages/core/src/art/ncaaf/css.xs.txt
wrote packages/core/src/art/ncaaf/css.sm.txt
wrote packages/core/src/art/ncaaf/css.md.txt
--- ncaaf/STMN xs: 4 rows x 14 cells ---
--- ncaaf/STMN sm: 6 rows x 22 cells ---
--- ncaaf/STMN md: 8 rows x 28 cells ---
wrote packages/core/src/art/ncaaf/stmn.xs.txt
wrote packages/core/src/art/ncaaf/stmn.sm.txt
wrote packages/core/src/art/ncaaf/stmn.md.txt
--- ncaaf/STAN xs: 6 rows x 14 cells ---
--- ncaaf/STAN sm: 9 rows x 22 cells ---
--- ncaaf/STAN md: 11 rows x 28 cells ---
wrote packages/core/src/art/ncaaf/stan.xs.txt
wrote packages/core/src/art/ncaaf/stan.sm.txt
wrote packages/core/src/art/ncaaf/stan.md.txt
--- ncaaf/SFA xs: 4 rows x 14 cells ---
--- ncaaf/SFA sm: 5 rows x 22 cells ---
--- ncaaf/SFA md: 7 rows x 28 cells ---
wrote packages/core/src/art/ncaaf/sfa.xs.txt
wrote packages/core/src/art/ncaaf/sfa.sm.txt
wrote packages/core/src/art/ncaaf/sfa.md.txt
--- ncaaf/STET xs: 4 rows x 14 cells ---
--- ncaaf/STET sm: 6 rows x 22 cells ---
--- ncaaf/STET md: 8 rows x 27 cells ---
wrote packages/core/src/art/ncaaf/stet.xs.txt
wrote packages/core/src/art/ncaaf/stet.sm.txt
wrote packages/core/src/art/ncaaf/stet.md.txt
--- ncaaf/STVS xs: 1 rows x 12 cells ---
--- ncaaf/STVS sm: 2 rows x 19 cells ---
--- ncaaf/STVS md: 3 rows x 25 cells ---
wrote packages/core/src/art/ncaaf/stvs.xs.txt
wrote packages/core/src/art/ncaaf/stvs.sm.txt
wrote packages/core/src/art/ncaaf/stvs.md.txt
--- ncaaf/STO xs: 3 rows x 14 cells ---
--- ncaaf/STO sm: 4 rows x 22 cells ---
--- ncaaf/STO md: 5 rows x 28 cells ---
wrote packages/core/src/art/ncaaf/sto.xs.txt
wrote packages/core/src/art/ncaaf/sto.sm.txt
wrote packages/core/src/art/ncaaf/sto.md.txt
--- ncaaf/STBK xs: 3 rows x 14 cells ---
--- ncaaf/STBK sm: 4 rows x 22 cells ---
--- ncaaf/STBK md: 5 rows x 28 cells ---
wrote packages/core/src/art/ncaaf/stbk.xs.txt
wrote packages/core/src/art/ncaaf/stbk.sm.txt
wrote packages/core/src/art/ncaaf/stbk.md.txt
--- ncaaf/SRST xs: 3 rows x 14 cells ---
--- ncaaf/SRST sm: 5 rows x 22 cells ---
--- ncaaf/SRST md: 6 rows x 28 cells ---
wrote packages/core/src/art/ncaaf/srst.xs.txt
wrote packages/core/src/art/ncaaf/srst.sm.txt
wrote packages/core/src/art/ncaaf/srst.md.txt
--- ncaaf/SUSQ xs: 2 rows x 14 cells ---
--- ncaaf/SUSQ sm: 3 rows x 22 cells ---
--- ncaaf/SUSQ md: 4 rows x 28 cells ---
wrote packages/core/src/art/ncaaf/susq.xs.txt
wrote packages/core/src/art/ncaaf/susq.sm.txt
wrote packages/core/src/art/ncaaf/susq.md.txt
--- ncaaf/SYR xs: 5 rows x 14 cells ---
--- ncaaf/SYR sm: 8 rows x 22 cells ---
--- ncaaf/SYR md: 10 rows x 28 cells ---
wrote packages/core/src/art/ncaaf/syr.xs.txt
wrote packages/core/src/art/ncaaf/syr.sm.txt
wrote packages/core/src/art/ncaaf/syr.md.txt
--- ncaaf/TCU xs: 2 rows x 14 cells ---
--- ncaaf/TCU sm: 3 rows x 22 cells ---
--- ncaaf/TCU md: 4 rows x 28 cells ---
wrote packages/core/src/art/ncaaf/tcu.xs.txt
wrote packages/core/src/art/ncaaf/tcu.sm.txt
wrote packages/core/src/art/ncaaf/tcu.md.txt
--- ncaaf/TAR xs: 4 rows x 13 cells ---
--- ncaaf/TAR sm: 5 rows x 21 cells ---
--- ncaaf/TAR md: 7 rows x 27 cells ---
wrote packages/core/src/art/ncaaf/tar.xs.txt
wrote packages/core/src/art/ncaaf/tar.sm.txt
wrote packages/core/src/art/ncaaf/tar.md.txt
--- ncaaf/TEM xs: 5 rows x 14 cells ---
--- ncaaf/TEM sm: 7 rows x 22 cells ---
--- ncaaf/TEM md: 9 rows x 28 cells ---
wrote packages/core/src/art/ncaaf/tem.xs.txt
wrote packages/core/src/art/ncaaf/tem.sm.txt
wrote packages/core/src/art/ncaaf/tem.md.txt
--- ncaaf/TNST xs: 3 rows x 14 cells ---
--- ncaaf/TNST sm: 5 rows x 22 cells ---
--- ncaaf/TNST md: 7 rows x 28 cells ---
wrote packages/core/src/art/ncaaf/tnst.xs.txt
wrote packages/core/src/art/ncaaf/tnst.sm.txt
wrote packages/core/src/art/ncaaf/tnst.md.txt
--- ncaaf/TNTC xs: 3 rows x 14 cells ---
--- ncaaf/TNTC sm: 5 rows x 22 cells ---
--- ncaaf/TNTC md: 6 rows x 28 cells ---
wrote packages/core/src/art/ncaaf/tntc.xs.txt
wrote packages/core/src/art/ncaaf/tntc.sm.txt
wrote packages/core/src/art/ncaaf/tntc.md.txt
--- ncaaf/TENN xs: 4 rows x 14 cells ---
--- ncaaf/TENN sm: 6 rows x 22 cells ---
--- ncaaf/TENN md: 7 rows x 28 cells ---
wrote packages/core/src/art/ncaaf/tenn.xs.txt
wrote packages/core/src/art/ncaaf/tenn.sm.txt
wrote packages/core/src/art/ncaaf/tenn.md.txt
--- ncaaf/TA&M xs: 3 rows x 14 cells ---
--- ncaaf/TA&M sm: 5 rows x 22 cells ---
--- ncaaf/TA&M md: 6 rows x 28 cells ---
wrote packages/core/src/art/ncaaf/ta&m.xs.txt
wrote packages/core/src/art/ncaaf/ta&m.sm.txt
wrote packages/core/src/art/ncaaf/ta&m.md.txt
--- ncaaf/TAMK xs: 3 rows x 14 cells ---
--- ncaaf/TAMK sm: 4 rows x 22 cells ---
--- ncaaf/TAMK md: 5 rows x 28 cells ---
wrote packages/core/src/art/ncaaf/tamk.xs.txt
wrote packages/core/src/art/ncaaf/tamk.sm.txt
wrote packages/core/src/art/ncaaf/tamk.md.txt
--- ncaaf/TEX xs: 2 rows x 13 cells ---
--- ncaaf/TEX sm: 3 rows x 22 cells ---
--- ncaaf/TEX md: 4 rows x 28 cells ---
wrote packages/core/src/art/ncaaf/tex.xs.txt
wrote packages/core/src/art/ncaaf/tex.sm.txt
wrote packages/core/src/art/ncaaf/tex.md.txt
--- ncaaf/TXLU xs: 4 rows x 14 cells ---
--- ncaaf/TXLU sm: 6 rows x 22 cells ---
--- ncaaf/TXLU md: 8 rows x 28 cells ---
wrote packages/core/src/art/ncaaf/txlu.xs.txt
wrote packages/core/src/art/ncaaf/txlu.sm.txt
wrote packages/core/src/art/ncaaf/txlu.md.txt
--- ncaaf/TXSO xs: 4 rows x 14 cells ---
--- ncaaf/TXSO sm: 5 rows x 22 cells ---
--- ncaaf/TXSO md: 7 rows x 28 cells ---
wrote packages/core/src/art/ncaaf/txso.xs.txt
wrote packages/core/src/art/ncaaf/txso.sm.txt
wrote packages/core/src/art/ncaaf/txso.md.txt
--- ncaaf/TXST xs: 4 rows x 14 cells ---
--- ncaaf/TXST sm: 7 rows x 22 cells ---
--- ncaaf/TXST md: 8 rows x 28 cells ---
wrote packages/core/src/art/ncaaf/txst.xs.txt
wrote packages/core/src/art/ncaaf/txst.sm.txt
wrote packages/core/src/art/ncaaf/txst.md.txt
--- ncaaf/TTU xs: 4 rows x 14 cells ---
--- ncaaf/TTU sm: 6 rows x 22 cells ---
--- ncaaf/TTU md: 8 rows x 28 cells ---
wrote packages/core/src/art/ncaaf/ttu.xs.txt
wrote packages/core/src/art/ncaaf/ttu.sm.txt
wrote packages/core/src/art/ncaaf/ttu.md.txt
--- ncaaf/CIT xs: 3 rows x 14 cells ---
--- ncaaf/CIT sm: 5 rows x 22 cells ---
--- ncaaf/CIT md: 6 rows x 28 cells ---
wrote packages/core/src/art/ncaaf/cit.xs.txt
wrote packages/core/src/art/ncaaf/cit.sm.txt
wrote packages/core/src/art/ncaaf/cit.md.txt
--- ncaaf/TCNJ xs: 3 rows x 14 cells ---
--- ncaaf/TCNJ sm: 5 rows x 21 cells ---
--- ncaaf/TCNJ md: 6 rows x 28 cells ---
wrote packages/core/src/art/ncaaf/tcnj.xs.txt
wrote packages/core/src/art/ncaaf/tcnj.sm.txt
wrote packages/core/src/art/ncaaf/tcnj.md.txt
--- ncaaf/THI xs: 4 rows x 14 cells ---
--- ncaaf/THI sm: 6 rows x 22 cells ---
--- ncaaf/THI md: 7 rows x 28 cells ---
wrote packages/core/src/art/ncaaf/thi.xs.txt
wrote packages/core/src/art/ncaaf/thi.sm.txt
wrote packages/core/src/art/ncaaf/thi.md.txt
--- ncaaf/TIFF xs: 4 rows x 14 cells ---
--- ncaaf/TIFF sm: 6 rows x 22 cells ---
--- ncaaf/TIFF md: 7 rows x 28 cells ---
wrote packages/core/src/art/ncaaf/tiff.xs.txt
wrote packages/core/src/art/ncaaf/tiff.sm.txt
wrote packages/core/src/art/ncaaf/tiff.md.txt
--- ncaaf/TOL xs: 2 rows x 14 cells ---
--- ncaaf/TOL sm: 3 rows x 22 cells ---
--- ncaaf/TOL md: 4 rows x 28 cells ---
wrote packages/core/src/art/ncaaf/tol.xs.txt
wrote packages/core/src/art/ncaaf/tol.sm.txt
wrote packages/core/src/art/ncaaf/tol.md.txt
--- ncaaf/TOW xs: 2 rows x 14 cells ---
--- ncaaf/TOW sm: 3 rows x 22 cells ---
--- ncaaf/TOW md: 4 rows x 28 cells ---
wrote packages/core/src/art/ncaaf/tow.xs.txt
wrote packages/core/src/art/ncaaf/tow.sm.txt
wrote packages/core/src/art/ncaaf/tow.md.txt
--- ncaaf/TRNE xs: 4 rows x 14 cells ---
--- ncaaf/TRNE sm: 6 rows x 22 cells ---
--- ncaaf/TRNE md: 8 rows x 28 cells ---
wrote packages/core/src/art/ncaaf/trne.xs.txt
wrote packages/core/src/art/ncaaf/trne.sm.txt
wrote packages/core/src/art/ncaaf/trne.md.txt
--- ncaaf/TCCT xs: 4 rows x 14 cells ---
--- ncaaf/TCCT sm: 7 rows x 22 cells ---
--- ncaaf/TCCT md: 8 rows x 28 cells ---
wrote packages/core/src/art/ncaaf/tcct.xs.txt
wrote packages/core/src/art/ncaaf/tcct.sm.txt
wrote packages/core/src/art/ncaaf/tcct.md.txt
--- ncaaf/TUTX xs: 3 rows x 14 cells ---
--- ncaaf/TUTX sm: 5 rows x 22 cells ---
--- ncaaf/TUTX md: 7 rows x 28 cells ---
wrote packages/core/src/art/ncaaf/tutx.xs.txt
wrote packages/core/src/art/ncaaf/tutx.sm.txt
wrote packages/core/src/art/ncaaf/tutx.md.txt
--- ncaaf/TROY xs: 4 rows x 14 cells ---
--- ncaaf/TROY sm: 6 rows x 22 cells ---
--- ncaaf/TROY md: 8 rows x 28 cells ---
wrote packages/core/src/art/ncaaf/troy.xs.txt
wrote packages/core/src/art/ncaaf/troy.sm.txt
wrote packages/core/src/art/ncaaf/troy.md.txt
--- ncaaf/TRST xs: 3 rows x 14 cells ---
--- ncaaf/TRST sm: 5 rows x 22 cells ---
--- ncaaf/TRST md: 7 rows x 28 cells ---
wrote packages/core/src/art/ncaaf/trst.xs.txt
wrote packages/core/src/art/ncaaf/trst.sm.txt
wrote packages/core/src/art/ncaaf/trst.md.txt
--- ncaaf/TUFT xs: 4 rows x 14 cells ---
--- ncaaf/TUFT sm: 6 rows x 22 cells ---
--- ncaaf/TUFT md: 8 rows x 28 cells ---
wrote packages/core/src/art/ncaaf/tuft.xs.txt
wrote packages/core/src/art/ncaaf/tuft.sm.txt
wrote packages/core/src/art/ncaaf/tuft.md.txt
--- ncaaf/TULN xs: 3 rows x 14 cells ---
--- ncaaf/TULN sm: 4 rows x 22 cells ---
--- ncaaf/TULN md: 5 rows x 28 cells ---
wrote packages/core/src/art/ncaaf/tuln.xs.txt
wrote packages/core/src/art/ncaaf/tuln.sm.txt
wrote packages/core/src/art/ncaaf/tuln.md.txt
--- ncaaf/TLSA xs: 3 rows x 14 cells ---
--- ncaaf/TLSA sm: 5 rows x 22 cells ---
--- ncaaf/TLSA md: 6 rows x 28 cells ---
wrote packages/core/src/art/ncaaf/tlsa.xs.txt
wrote packages/core/src/art/ncaaf/tlsa.sm.txt
wrote packages/core/src/art/ncaaf/tlsa.md.txt
--- ncaaf/TUSC xs: 2 rows x 14 cells ---
--- ncaaf/TUSC sm: 3 rows x 22 cells ---
--- ncaaf/TUSC md: 4 rows x 28 cells ---
wrote packages/core/src/art/ncaaf/tusc.xs.txt
wrote packages/core/src/art/ncaaf/tusc.sm.txt
wrote packages/core/src/art/ncaaf/tusc.md.txt
--- ncaaf/TUSK xs: 4 rows x 14 cells ---
--- ncaaf/TUSK sm: 7 rows x 22 cells ---
--- ncaaf/TUSK md: 8 rows x 28 cells ---
wrote packages/core/src/art/ncaaf/tusk.xs.txt
wrote packages/core/src/art/ncaaf/tusk.sm.txt
wrote packages/core/src/art/ncaaf/tusk.md.txt
--- ncaaf/UAB xs: 3 rows x 14 cells ---
--- ncaaf/UAB sm: 5 rows x 22 cells ---
--- ncaaf/UAB md: 6 rows x 28 cells ---
wrote packages/core/src/art/ncaaf/uab.xs.txt
wrote packages/core/src/art/ncaaf/uab.sm.txt
wrote packages/core/src/art/ncaaf/uab.md.txt
--- ncaaf/UALB xs: 7 rows x 14 cells ---
--- ncaaf/UALB sm: 11 rows x 22 cells ---
--- ncaaf/UALB md: 14 rows x 28 cells ---
wrote packages/core/src/art/ncaaf/ualb.xs.txt
wrote packages/core/src/art/ncaaf/ualb.sm.txt
wrote packages/core/src/art/ncaaf/ualb.md.txt
--- ncaaf/UCD xs: 3 rows x 14 cells ---
--- ncaaf/UCD sm: 4 rows x 22 cells ---
--- ncaaf/UCD md: 5 rows x 28 cells ---
wrote packages/core/src/art/ncaaf/ucd.xs.txt
wrote packages/core/src/art/ncaaf/ucd.sm.txt
wrote packages/core/src/art/ncaaf/ucd.md.txt
--- ncaaf/UCF xs: 3 rows x 14 cells ---
--- ncaaf/UCF sm: 5 rows x 22 cells ---
--- ncaaf/UCF md: 6 rows x 28 cells ---
wrote packages/core/src/art/ncaaf/ucf.xs.txt
wrote packages/core/src/art/ncaaf/ucf.sm.txt
wrote packages/core/src/art/ncaaf/ucf.md.txt
--- ncaaf/UCLA xs: 2 rows x 14 cells ---
--- ncaaf/UCLA sm: 3 rows x 22 cells ---
--- ncaaf/UCLA md: 4 rows x 28 cells ---
wrote packages/core/src/art/ncaaf/ucla.xs.txt
wrote packages/core/src/art/ncaaf/ucla.sm.txt
wrote packages/core/src/art/ncaaf/ucla.md.txt
--- ncaaf/CONN xs: 5 rows x 14 cells ---
--- ncaaf/CONN sm: 7 rows x 22 cells ---
--- ncaaf/CONN md: 9 rows x 28 cells ---
wrote packages/core/src/art/ncaaf/conn.xs.txt
wrote packages/core/src/art/ncaaf/conn.sm.txt
wrote packages/core/src/art/ncaaf/conn.md.txt
--- ncaaf/ULM xs: 3 rows x 14 cells ---
--- ncaaf/ULM sm: 4 rows x 22 cells ---
--- ncaaf/ULM md: 5 rows x 28 cells ---
wrote packages/core/src/art/ncaaf/ulm.xs.txt
wrote packages/core/src/art/ncaaf/ulm.sm.txt
wrote packages/core/src/art/ncaaf/ulm.md.txt
--- ncaaf/MDAR xs: 4 rows x 14 cells ---
--- ncaaf/MDAR sm: 6 rows x 22 cells ---
--- ncaaf/MDAR md: 7 rows x 28 cells ---
wrote packages/core/src/art/ncaaf/mdar.xs.txt
wrote packages/core/src/art/ncaaf/mdar.sm.txt
wrote packages/core/src/art/ncaaf/mdar.md.txt
--- ncaaf/UNCP xs: 4 rows x 14 cells ---
--- ncaaf/UNCP sm: 6 rows x 22 cells ---
--- ncaaf/UNCP md: 8 rows x 28 cells ---
wrote packages/core/src/art/ncaaf/uncp.xs.txt
wrote packages/core/src/art/ncaaf/uncp.sm.txt
wrote packages/core/src/art/ncaaf/uncp.md.txt
--- ncaaf/UNLV xs: 2 rows x 14 cells ---
--- ncaaf/UNLV sm: 3 rows x 22 cells ---
--- ncaaf/UNLV md: 4 rows x 28 cells ---
wrote packages/core/src/art/ncaaf/unlv.xs.txt
wrote packages/core/src/art/ncaaf/unlv.sm.txt
wrote packages/core/src/art/ncaaf/unlv.md.txt
--- ncaaf/USC xs: 5 rows x 14 cells ---
--- ncaaf/USC sm: 8 rows x 22 cells ---
--- ncaaf/USC md: 11 rows x 28 cells ---
wrote packages/core/src/art/ncaaf/usc.xs.txt
wrote packages/core/src/art/ncaaf/usc.sm.txt
wrote packages/core/src/art/ncaaf/usc.md.txt
--- ncaaf/UTM xs: 3 rows x 14 cells ---
--- ncaaf/UTM sm: 5 rows x 22 cells ---
--- ncaaf/UTM md: 6 rows x 28 cells ---
wrote packages/core/src/art/ncaaf/utm.xs.txt
wrote packages/core/src/art/ncaaf/utm.sm.txt
wrote packages/core/src/art/ncaaf/utm.md.txt
--- ncaaf/UTPB xs: 4 rows x 14 cells ---
--- ncaaf/UTPB sm: 5 rows x 22 cells ---
--- ncaaf/UTPB md: 7 rows x 28 cells ---
wrote packages/core/src/art/ncaaf/utpb.xs.txt
wrote packages/core/src/art/ncaaf/utpb.sm.txt
wrote packages/core/src/art/ncaaf/utpb.md.txt
--- ncaaf/UTEP xs: 3 rows x 14 cells ---
--- ncaaf/UTEP sm: 4 rows x 22 cells ---
--- ncaaf/UTEP md: 5 rows x 28 cells ---
wrote packages/core/src/art/ncaaf/utep.xs.txt
wrote packages/core/src/art/ncaaf/utep.sm.txt
wrote packages/core/src/art/ncaaf/utep.md.txt
--- ncaaf/UTSA xs: 2 rows x 14 cells ---
--- ncaaf/UTSA sm: 3 rows x 22 cells ---
--- ncaaf/UTSA md: 4 rows x 28 cells ---
wrote packages/core/src/art/ncaaf/utsa.xs.txt
wrote packages/core/src/art/ncaaf/utsa.sm.txt
wrote packages/core/src/art/ncaaf/utsa.md.txt
--- ncaaf/UVAW xs: 3 rows x 14 cells ---
--- ncaaf/UVAW sm: 5 rows x 22 cells ---
--- ncaaf/UVAW md: 6 rows x 28 cells ---
wrote packages/core/src/art/ncaaf/uvaw.xs.txt
wrote packages/core/src/art/ncaaf/uvaw.sm.txt
wrote packages/core/src/art/ncaaf/uvaw.md.txt
--- ncaaf/UNNY xs: 4 rows x 14 cells ---
--- ncaaf/UNNY sm: 6 rows x 22 cells ---
--- ncaaf/UNNY md: 8 rows x 28 cells ---
wrote packages/core/src/art/ncaaf/unny.xs.txt
wrote packages/core/src/art/ncaaf/unny.sm.txt
wrote packages/core/src/art/ncaaf/unny.md.txt
--- ncaaf/MARY xs: 3 rows x 14 cells ---
--- ncaaf/MARY sm: 5 rows x 22 cells ---
--- ncaaf/MARY md: 6 rows x 28 cells ---
wrote packages/core/src/art/ncaaf/mary.xs.txt
wrote packages/core/src/art/ncaaf/mary.sm.txt
wrote packages/core/src/art/ncaaf/mary.md.txt
--- ncaaf/UIU xs: 4 rows x 14 cells ---
--- ncaaf/UIU sm: 6 rows x 22 cells ---
--- ncaaf/UIU md: 7 rows x 28 cells ---
wrote packages/core/src/art/ncaaf/uiu.xs.txt
wrote packages/core/src/art/ncaaf/uiu.sm.txt
wrote packages/core/src/art/ncaaf/uiu.md.txt
--- ncaaf/URSN xs: 4 rows x 14 cells ---
--- ncaaf/URSN sm: 6 rows x 22 cells ---
--- ncaaf/URSN md: 7 rows x 28 cells ---
wrote packages/core/src/art/ncaaf/ursn.xs.txt
wrote packages/core/src/art/ncaaf/ursn.sm.txt
wrote packages/core/src/art/ncaaf/ursn.md.txt
--- ncaaf/USU xs: 3 rows x 14 cells ---
--- ncaaf/USU sm: 4 rows x 22 cells ---
--- ncaaf/USU md: 6 rows x 28 cells ---
wrote packages/core/src/art/ncaaf/usu.xs.txt
wrote packages/core/src/art/ncaaf/usu.sm.txt
wrote packages/core/src/art/ncaaf/usu.md.txt
--- ncaaf/UTU xs: 2 rows x 14 cells ---
--- ncaaf/UTU sm: 3 rows x 22 cells ---
--- ncaaf/UTU md: 4 rows x 28 cells ---
wrote packages/core/src/art/ncaaf/utu.xs.txt
wrote packages/core/src/art/ncaaf/utu.sm.txt
wrote packages/core/src/art/ncaaf/utu.md.txt
--- ncaaf/UTAH xs: 3 rows x 14 cells ---
--- ncaaf/UTAH sm: 5 rows x 22 cells ---
--- ncaaf/UTAH md: 7 rows x 28 cells ---
wrote packages/core/src/art/ncaaf/utah.xs.txt
wrote packages/core/src/art/ncaaf/utah.sm.txt
wrote packages/core/src/art/ncaaf/utah.md.txt
--- ncaaf/UTIC xs: 4 rows x 14 cells ---
--- ncaaf/UTIC sm: 5 rows x 22 cells ---
--- ncaaf/UTIC md: 7 rows x 28 cells ---
wrote packages/core/src/art/ncaaf/utic.xs.txt
wrote packages/core/src/art/ncaaf/utic.sm.txt
wrote packages/core/src/art/ncaaf/utic.md.txt
--- ncaaf/VMI xs: 3 rows x 14 cells ---
--- ncaaf/VMI sm: 5 rows x 22 cells ---
--- ncaaf/VMI md: 7 rows x 28 cells ---
wrote packages/core/src/art/ncaaf/vmi.xs.txt
wrote packages/core/src/art/ncaaf/vmi.sm.txt
wrote packages/core/src/art/ncaaf/vmi.md.txt
--- ncaaf/VALD xs: 3 rows x 14 cells ---
--- ncaaf/VALD sm: 4 rows x 22 cells ---
--- ncaaf/VALD md: 6 rows x 28 cells ---
wrote packages/core/src/art/ncaaf/vald.xs.txt
wrote packages/core/src/art/ncaaf/vald.sm.txt
wrote packages/core/src/art/ncaaf/vald.md.txt
--- ncaaf/VAL xs: 4 rows x 14 cells ---
--- ncaaf/VAL sm: 6 rows x 22 cells ---
--- ncaaf/VAL md: 7 rows x 28 cells ---
wrote packages/core/src/art/ncaaf/val.xs.txt
wrote packages/core/src/art/ncaaf/val.sm.txt
wrote packages/core/src/art/ncaaf/val.md.txt
--- ncaaf/VAN xs: 3 rows x 14 cells ---
--- ncaaf/VAN sm: 4 rows x 22 cells ---
--- ncaaf/VAN md: 5 rows x 28 cells ---
wrote packages/core/src/art/ncaaf/van.xs.txt
wrote packages/core/src/art/ncaaf/van.sm.txt
wrote packages/core/src/art/ncaaf/van.md.txt
--- ncaaf/VTSC xs: 3 rows x 14 cells ---
--- ncaaf/VTSC sm: 5 rows x 22 cells ---
--- ncaaf/VTSC md: 6 rows x 28 cells ---
wrote packages/core/src/art/ncaaf/vtsc.xs.txt
wrote packages/core/src/art/ncaaf/vtsc.sm.txt
wrote packages/core/src/art/ncaaf/vtsc.md.txt
--- ncaaf/VILL xs: 3 rows x 14 cells ---
--- ncaaf/VILL sm: 5 rows x 22 cells ---
--- ncaaf/VILL md: 6 rows x 28 cells ---
wrote packages/core/src/art/ncaaf/vill.xs.txt
wrote packages/core/src/art/ncaaf/vill.sm.txt
wrote packages/core/src/art/ncaaf/vill.md.txt
--- ncaaf/UVA xs: 3 rows x 13 cells ---
--- ncaaf/UVA sm: 5 rows x 21 cells ---
--- ncaaf/UVA md: 6 rows x 27 cells ---
wrote packages/core/src/art/ncaaf/uva.xs.txt
wrote packages/core/src/art/ncaaf/uva.sm.txt
wrote packages/core/src/art/ncaaf/uva.md.txt
--- ncaaf/VSU xs: 4 rows x 14 cells ---
--- ncaaf/VSU sm: 6 rows x 22 cells ---
--- ncaaf/VSU md: 7 rows x 28 cells ---
wrote packages/core/src/art/ncaaf/vsu.xs.txt
wrote packages/core/src/art/ncaaf/vsu.sm.txt
wrote packages/core/src/art/ncaaf/vsu.md.txt
--- ncaaf/VT xs: 2 rows x 14 cells ---
--- ncaaf/VT sm: 3 rows x 21 cells ---
--- ncaaf/VT md: 4 rows x 27 cells ---
wrote packages/core/src/art/ncaaf/vt.xs.txt
wrote packages/core/src/art/ncaaf/vt.sm.txt
wrote packages/core/src/art/ncaaf/vt.md.txt
--- ncaaf/VUU xs: 2 rows x 14 cells ---
--- ncaaf/VUU sm: 4 rows x 22 cells ---
--- ncaaf/VUU md: 5 rows x 28 cells ---
wrote packages/core/src/art/ncaaf/vuu.xs.txt
wrote packages/core/src/art/ncaaf/vuu.sm.txt
wrote packages/core/src/art/ncaaf/vuu.md.txt
--- ncaaf/WPI xs: 3 rows x 14 cells ---
--- ncaaf/WPI sm: 4 rows x 22 cells ---
--- ncaaf/WPI md: 6 rows x 28 cells ---
wrote packages/core/src/art/ncaaf/wpi.xs.txt
wrote packages/core/src/art/ncaaf/wpi.sm.txt
wrote packages/core/src/art/ncaaf/wpi.md.txt
--- ncaaf/WVUT xs: 1 rows x 14 cells ---
--- ncaaf/WVUT sm: 2 rows x 22 cells ---
--- ncaaf/WVUT md: 2 rows x 28 cells ---
wrote packages/core/src/art/ncaaf/wvut.xs.txt
wrote packages/core/src/art/ncaaf/wvut.sm.txt
wrote packages/core/src/art/ncaaf/wvut.md.txt
--- ncaaf/WAB xs: 2 rows x 14 cells ---
--- ncaaf/WAB sm: 4 rows x 22 cells ---
--- ncaaf/WAB md: 4 rows x 28 cells ---
wrote packages/core/src/art/ncaaf/wab.xs.txt
wrote packages/core/src/art/ncaaf/wab.sm.txt
wrote packages/core/src/art/ncaaf/wab.md.txt
--- ncaaf/WAG xs: 2 rows x 14 cells ---
--- ncaaf/WAG sm: 3 rows x 22 cells ---
--- ncaaf/WAG md: 4 rows x 28 cells ---
wrote packages/core/src/art/ncaaf/wag.xs.txt
wrote packages/core/src/art/ncaaf/wag.sm.txt
wrote packages/core/src/art/ncaaf/wag.md.txt
--- ncaaf/WAKE xs: 3 rows x 14 cells ---
--- ncaaf/WAKE sm: 4 rows x 22 cells ---
--- ncaaf/WAKE md: 5 rows x 28 cells ---
wrote packages/core/src/art/ncaaf/wake.xs.txt
wrote packages/core/src/art/ncaaf/wake.sm.txt
wrote packages/core/src/art/ncaaf/wake.md.txt
--- ncaaf/WLSH xs: 3 rows x 14 cells ---
--- ncaaf/WLSH sm: 5 rows x 22 cells ---
--- ncaaf/WLSH md: 6 rows x 28 cells ---
wrote packages/core/src/art/ncaaf/wlsh.xs.txt
wrote packages/core/src/art/ncaaf/wlsh.sm.txt
wrote packages/core/src/art/ncaaf/wlsh.md.txt
--- ncaaf/WTBG xs: 3 rows x 13 cells ---
--- ncaaf/WTBG sm: 5 rows x 20 cells ---
--- ncaaf/WTBG md: 6 rows x 26 cells ---
wrote packages/core/src/art/ncaaf/wtbg.xs.txt
wrote packages/core/src/art/ncaaf/wtbg.sm.txt
wrote packages/core/src/art/ncaaf/wtbg.md.txt
--- ncaaf/WSBN xs: 3 rows x 14 cells ---
--- ncaaf/WSBN sm: 4 rows x 22 cells ---
--- ncaaf/WSBN md: 6 rows x 28 cells ---
wrote packages/core/src/art/ncaaf/wsbn.xs.txt
wrote packages/core/src/art/ncaaf/wsbn.sm.txt
wrote packages/core/src/art/ncaaf/wsbn.md.txt
--- ncaaf/W&J xs: 2 rows x 14 cells ---
--- ncaaf/W&J sm: 3 rows x 22 cells ---
--- ncaaf/W&J md: 3 rows x 28 cells ---
wrote packages/core/src/art/ncaaf/w&j.xs.txt
wrote packages/core/src/art/ncaaf/w&j.sm.txt
wrote packages/core/src/art/ncaaf/w&j.md.txt
--- ncaaf/WASH xs: 3 rows x 14 cells ---
--- ncaaf/WASH sm: 4 rows x 22 cells ---
--- ncaaf/WASH md: 5 rows x 28 cells ---
wrote packages/core/src/art/ncaaf/wash.xs.txt
wrote packages/core/src/art/ncaaf/wash.sm.txt
wrote packages/core/src/art/ncaaf/wash.md.txt
--- ncaaf/WUMO xs: 3 rows x 14 cells ---
--- ncaaf/WUMO sm: 5 rows x 22 cells ---
--- ncaaf/WUMO md: 6 rows x 28 cells ---
wrote packages/core/src/art/ncaaf/wumo.xs.txt
wrote packages/core/src/art/ncaaf/wumo.sm.txt
wrote packages/core/src/art/ncaaf/wumo.md.txt
--- ncaaf/WSU xs: 4 rows x 13 cells ---
--- ncaaf/WSU sm: 6 rows x 21 cells ---
--- ncaaf/WSU md: 7 rows x 26 cells ---
wrote packages/core/src/art/ncaaf/wsu.xs.txt
wrote packages/core/src/art/ncaaf/wsu.sm.txt
wrote packages/core/src/art/ncaaf/wsu.md.txt
--- ncaaf/W&L xs: 4 rows x 14 cells ---
--- ncaaf/W&L sm: 6 rows x 21 cells ---
--- ncaaf/W&L md: 7 rows x 27 cells ---
wrote packages/core/src/art/ncaaf/w&l.xs.txt
wrote packages/core/src/art/ncaaf/w&l.sm.txt
wrote packages/core/src/art/ncaaf/w&l.md.txt
--- ncaaf/WSMI xs: 3 rows x 13 cells ---
--- ncaaf/WSMI sm: 5 rows x 21 cells ---
--- ncaaf/WSMI md: 7 rows x 26 cells ---
wrote packages/core/src/art/ncaaf/wsmi.xs.txt
wrote packages/core/src/art/ncaaf/wsmi.sm.txt
wrote packages/core/src/art/ncaaf/wsmi.md.txt
--- ncaaf/WSNE xs: 4 rows x 14 cells ---
--- ncaaf/WSNE sm: 6 rows x 22 cells ---
--- ncaaf/WSNE md: 8 rows x 28 cells ---
wrote packages/core/src/art/ncaaf/wsne.xs.txt
wrote packages/core/src/art/ncaaf/wsne.sm.txt
wrote packages/core/src/art/ncaaf/wsne.md.txt
--- ncaaf/WAYN xs: 3 rows x 14 cells ---
--- ncaaf/WAYN sm: 4 rows x 22 cells ---
--- ncaaf/WAYN md: 5 rows x 28 cells ---
wrote packages/core/src/art/ncaaf/wayn.xs.txt
wrote packages/core/src/art/ncaaf/wayn.sm.txt
wrote packages/core/src/art/ncaaf/wayn.md.txt
--- ncaaf/WEB xs: 3 rows x 14 cells ---
--- ncaaf/WEB sm: 4 rows x 21 cells ---
--- ncaaf/WEB md: 5 rows x 27 cells ---
wrote packages/core/src/art/ncaaf/web.xs.txt
wrote packages/core/src/art/ncaaf/web.sm.txt
wrote packages/core/src/art/ncaaf/web.md.txt
--- ncaaf/WSCT xs: 4 rows x 14 cells ---
--- ncaaf/WSCT sm: 6 rows x 22 cells ---
--- ncaaf/WSCT md: 7 rows x 28 cells ---
wrote packages/core/src/art/ncaaf/wsct.xs.txt
wrote packages/core/src/art/ncaaf/wsct.sm.txt
wrote packages/core/src/art/ncaaf/wsct.md.txt
--- ncaaf/UWA xs: 3 rows x 14 cells ---
--- ncaaf/UWA sm: 5 rows x 22 cells ---
--- ncaaf/UWA md: 7 rows x 28 cells ---
wrote packages/core/src/art/ncaaf/uwa.xs.txt
wrote packages/core/src/art/ncaaf/uwa.sm.txt
wrote packages/core/src/art/ncaaf/uwa.md.txt
--- ncaaf/WCHT xs: 4 rows x 14 cells ---
--- ncaaf/WCHT sm: 6 rows x 22 cells ---
--- ncaaf/WCHT md: 7 rows x 28 cells ---
wrote packages/core/src/art/ncaaf/wcht.xs.txt
wrote packages/core/src/art/ncaaf/wcht.sm.txt
wrote packages/core/src/art/ncaaf/wcht.md.txt
--- ncaaf/UWF xs: 5 rows x 14 cells ---
--- ncaaf/UWF sm: 8 rows x 22 cells ---
--- ncaaf/UWF md: 10 rows x 28 cells ---
wrote packages/core/src/art/ncaaf/uwf.xs.txt
wrote packages/core/src/art/ncaaf/uwf.sm.txt
wrote packages/core/src/art/ncaaf/uwf.md.txt
--- ncaaf/WGA xs: 3 rows x 14 cells ---
--- ncaaf/WGA sm: 4 rows x 22 cells ---
--- ncaaf/WGA md: 5 rows x 27 cells ---
wrote packages/core/src/art/ncaaf/wga.xs.txt
wrote packages/core/src/art/ncaaf/wga.sm.txt
wrote packages/core/src/art/ncaaf/wga.md.txt
--- ncaaf/WLU xs: 2 rows x 10 cells ---
--- ncaaf/WLU sm: 4 rows x 16 cells ---
--- ncaaf/WLU md: 4 rows x 20 cells ---

⠀⢀⣴⠒⠶⢀⣶⢠⡶⢠⡶⢠⡶
⠀⠵⢬⠿⠃⠾⠩⠿⠡⠿⡵⠟⠁
⠀⠀⡀⣀⣤⠤⣤⣮⠐⣡⣤⠆⣠⣤⠆⣠⣤⠆⣠⣤⢆⠃
⠀⡰⠔⠿⠿⣦⣦⠅⣰⣿⠿⣴⣿⠏⣼⣿⠋⣰⣿⢏⠂
⠨⢐⠿⠿⠶⠟⡋⠴⠿⠋⠴⠿⠋⢘⠿⠷⠴⠟⠃
⠀⠀⢀⠄⣀⣤⡤⢤⣤⣦⡕⠁⣤⣤⠄⢀⣤⣤⠆⣠⣤⡤⠂⣠⣤⡴⡠⠃
⠀⡀⠧⠒⠿⠿⢷⣤⣦⠍⢀⣾⣿⠿⢦⣾⡿⠃⣴⣿⡟⠁⣴⣿⠟⡔⠁
⠐⠄⠺⠿⠿⠦⠾⢻⠋⠰⠿⠟⠁⠰⠿⠟⡡⠚⠿⠿⠦⠾⠛⠋⠊
⠀⠙⢻⣿⣷⣶⣶⣦⣤⣄⡀
⠀⠠⠾⠿⠿⣿⣿⣿⣿⣿⡿⣦⣄⡀
⠀⠀⠀⠀⠀⠀⠈⠙⢿⠟⠁
⠀⠉⠛⢿⣿⣶⣶⣶⣶⣤⣤⣄⣀⡀
⠀⠀⠀⠀⣻⣿⣿⣿⣿⣿⣿⣿⣿⣿⣿⣶⣤⡀
⠀⠀⢠⢴⣿⣿⣿⣿⣿⣿⣿⣿⣿⣿⣿⣿⡿⠿⢦⣀
⠀⠀⠀⠀⠀⠀⠀⠈⠉⠙⠻⢿⣿⣿⣿⣿⠓⠚⠓⠋⠛
⠀⠀⠀⠀⠀⠀⠀⠀⠀⠀⠀⠀⠙⢿⠟⠋
⠀⠉⠛⢿⣿⣶⣶⣶⣶⣦⣤⣤⣄⣀⡀
⠀⠀⠀⠀⠙⢿⣿⣿⣿⣿⣿⣿⣿⣿⣿⣿⣷⣶⣤⣀
⠀⠀⠀⠀⠀⣸⣿⣿⣿⣿⣿⣿⣿⣿⣿⣿⣿⣿⣿⣿⣿⣶⣄
⠀⠠⠀⣠⣾⣿⣿⣿⣿⣿⣿⣿⣿⣿⣿⣿⣿⣿⣯⣿⣿⣿⠿⣧⣀
⠀⠀⠀⠀⠀⠀⠀⠉⠉⠉⠛⠻⢿⣿⣿⣿⣿⣿⣿⣿⣧⡤⠤⠤⠽⠷⠦
⠀⠀⠀⠀⠀⠀⠀⠀⠀⠀⠀⠀⠀⠈⠙⢿⣿⣿⣿⣿⠃
⠀⠀⠀⠀⠀⠀⠀⠀⠀⠀⠀⠀⠀⠀⠀⠀⠹⠿⠛⠁
⢀⡠⢶⡿⢿⡽⢿⡿⣯⡿⣿⢶⣄⡀
⠺⠴⣾⢷⣾⡿⠚⣿⣿⣷⣿⣷⠦⠗
⠀⠀⠈⠙⠛⠧⢬⣭⠿⠛⠋⠁
⠀⠀⠀⢴⣖⣲⣾⣟⣻⣿⣿⣿⣿⣟⣻⣷⣶⣶⣦
⢰⣶⠛⠉⣿⠉⠁⣿⡧⡗⢺⡇⢸⢾⡇⢹⢿⡏⠙⠛⣶⡆
⠺⢧⣾⣶⣿⣾⣿⣿⡿⠛⠋⣭⣝⣛⣿⣿⣾⣿⣾⣷⡼⠗
⠀⠀⠀⠘⠿⣿⣿⡿⠗⠀⠰⠾⠿⣿⣶⣬⣿⠿⠋
⠀⠀⠀⠀⠀⠀⠈⠙⠓⠶⢤⡤⠶⠛⠋⠉
⠀⠀⠀⠀⣴⣶⠶⣶⣶⡾⡛⣿⣿⣟⣻⣿⣿⡛⢻⣶⣶⡶⣶⣦
⢠⣤⣴⠖⠛⣿⡟⠛⠋⣽⣏⣹⠭⣿⡏⠹⣭⣿⡏⢹⣿⣿⡛⢿⡶⢦⣤⡄
⢰⣿⢃⣬⣀⣿⣧⣴⣤⣿⣧⣬⣶⠿⠷⠾⢧⣿⣿⣬⣭⣽⣇⣰⣴⡈⣿⡆
⠈⠙⠛⠛⢿⣿⣿⣿⣿⣿⠯⠁⠀⠈⣻⣿⣶⡶⠿⠿⣿⣿⣿⣿⠛⠛⠋⠁
⠀⠀⠀⠀⠈⠛⠿⢿⣿⣟⡋⠀⠀⠉⠉⠛⢻⣿⣿⣷⡾⠿⠛⠁
⠀⠀⠀⠀⠀⠀⠀⠀⠀⠉⠙⠛⠶⢦⡴⠶⠛⠋⠉
⠀⣞⠉⢭⣉⡽⠉⠭⣽⠉⣽⠏⢹⠏
⣾⣉⣛⣂⣼⣁⡾⢹⣃⣸⣛⣠⠏
⠀⢀⣶⠋⢉⣉⡍⠉⣹⠏⠉⣉⣉⣩⠏⠉⣽⣿⠋⢉⣿⠏
⢀⣼⠷⢤⣈⠙⠻⣿⠏⠀⣈⣉⣹⠏⠀⣼⣿⠃⢀⣾⠏
⢾⣇⣀⣈⣉⣁⣴⣏⣀⣼⡏⠸⣏⣀⣈⣽⣉⣠⡾⠏
⠀⠀⢠⣾⠛⠛⣛⣛⡛⠛⢛⣿⠛⠛⣛⣛⣛⣛⡟⠛⢻⣿⣿⠟⠛⣻⣿⠏
⠀⠀⢿⣇⡀⠐⠻⢿⣥⣤⣾⠃⠀⠸⠿⠿⣿⡟⠀⢠⣿⣿⠏⠀⢠⣿⡏
⢠⣾⠟⠛⣻⣷⡦⠀⠉⣿⠃⠀⣰⣶⠖⣶⡟⠀⢀⣾⣿⡿⠀⢠⣿⡟
⠿⣯⣤⣤⣬⣭⣥⣤⣾⣧⣤⣴⣿⠇⠸⢿⣥⣤⣤⣼⣥⣤⣤⡿⠟
⢠⣶⣶⣶⠄⠀⢺⣶⠒⣶⠆⠀⣶⠆
⠰⠿⠼⠿⠓⠿⠾⠟⠀⠻⠶⠶⠿
⠀⣠⣴⣶⣶⣶⣄⠀⠀⠰⣶⣶⡶⢰⣶⣶⡄⠀⢠⣤⣤
⠀⠿⠿⠷⣾⣷⣦⢠⣤⡀⣿⣿⡇⠀⣿⣿⠀⠀⠀⣿⡏
⠀⠻⠿⠿⠿⠟⠁⠈⠛⠛⠛⠋⠁⠀⠙⠛⠿⠿⠿⠿⠃
⠀⠀⣠⣤⣤⣤⣤⣤⡀⠀⠀⠀⣶⣶⣶⣶⡆⣴⣶⣤⣤⠀⠀⢠⣤⣀⣀
⠀⣾⣿⣿⣏⣽⣿⣍⡃⠀⠀⠀⠈⣿⣿⣿⠁⢹⣿⣿⡏⠀⠀⠘⣿⣿⡟
⠀⣉⣉⣩⣉⣹⣿⣿⡇⢰⣶⣶⣤⣿⣿⡿⠀⠸⣿⣿⣧⣀⣀⣀⣿⣿⡇
⠀⠙⠻⠿⠛⠛⠛⠉⠀⠀⠉⠛⠛⠙⠉⠀⠀⠀⠈⠙⠛⠛⠛⠻⠿⠛⠁
⠀⠾⣿⣿⡻⠟⠻⠟⠻⢟⣿⣿⠷
⢶⣛⠛⢉⣿⣷⣾⣶⣶⣟⡉⠙⣛⡶
⠀⠉⠙⠒⠦⢵⣿⣿⠮⠔⠒⠋⠉
⠀⠀⣶⣿⢿⣿⣷⣶⣿⢿⣿⣿⡿⣿⣶⣾⣿⣿⣿⣶
⠀⠀⣉⣿⣿⣿⣭⣍⡛⠀⢉⡁⠐⠋⣉⣭⣿⣿⣿⣉
⢽⣯⡛⠛⠋⢀⣉⣿⣿⣻⣿⣿⣟⣿⣿⣉⡁⠈⠛⠛⣽⡯
⠈⠛⠿⢦⣤⣈⡉⠙⢻⣻⣽⣽⣟⠟⠋⢉⣁⣤⡶⠿⠛⠁
⠀⠀⠀⠀⠀⠈⠙⠛⠻⣯⣿⣿⡽⠗⠛⠉⠁
⠀⠀⣠⡶⣿⣿⣿⣟⣶⣶⣶⣿⣿⣿⣿⣿⣿⣶⣶⣶⣻⣿⢿⣿⣶⡄
⠀⠀⠘⠳⣿⣿⣿⣟⣛⠻⠿⡆⠉⠛⠋⠁⠼⠿⠛⣛⣻⣿⣿⣿⠟⠁
⢤⣶⢶⣿⣿⡿⠟⠻⠿⢽⣶⣦⡴⣶⣶⢦⣴⣶⣾⠽⠟⠙⠿⣿⣿⣶⣶⡤
⠙⣿⣷⣄⡀⠀⠤⢶⡶⣿⣿⣷⣿⣿⣿⣿⣾⣿⡷⣶⡶⠤⠀⢀⣠⣾⣿⠋
⠀⠈⠙⠛⠿⠶⢤⣤⣀⣈⠙⣧⣾⣺⣗⣧⣼⠉⣀⣀⣤⡴⠾⠿⠛⠋⠁
⠀⠀⠀⠀⠀⠀⠀⠀⠉⠙⠛⠿⣾⣯⣽⣷⠿⠛⠉⠉
⠀⠀⠀⠀⠀⣃⠀⠀⡔
⠀⣀⣴⣿⣿⣿⠉⠉⣿⡿⠿⣶⣤⡀
⠈⠙⠋⠀⠉⠉⢛⠟⠉⠀⠀⠈⠉⠉
⠀⠀⠀⠐⠅⠀⠀⢦⠀⠄⠐
⠀⠀⠀⠀⠀⠀⠀⠀⡆⠀⠤⠈⠀⣰⡀⢀
⠀⠀⠀⠀⣠⣤⣤⣴⣷⣦⣤⣤⣼⣶⣤⣤⣄⣀
⠀⢀⣤⣾⣿⣿⠿⣿⣿⡇⠐⡂⠰⣿⣿⠿⠻⢿⣿⣶⣦⡀
⢔⠛⠻⠟⠋⡁⠈⠉⠙⠛⠳⢾⡟⠋⠁⠀⠀⠀⠹⠉⠉⠑
⠀⠀⠀⠀⠀⡈⡠⠀⡀⠀⠱⡁
⠀⠀⠀⠀⠀⠈⠓⠀⠤⠈⠈⠓⡄⠠⠔⠀⠈⠁
⠀⠀⠀⠀⠀⠀⠀⠀⠀⠀⣎⠁⠠⠌⠉⠉⠁⠦⠀⢀
⠀⠀⠀⠀⠀⠀⣀⣀⣀⣠⣾⣤⣄⣀⣀⣈⣯⣍⣀⣀⣀
⠀⠀⠀⢀⣴⣿⣿⣿⣿⣿⣿⣿⠋⠩⠍⠉⣻⣿⣿⣿⣿⣿⣿⣶⣤⣀⡀
⠀⣰⣿⣿⣿⡿⠿⢋⠽⠿⢿⣿⣅⣘⣃⣠⣼⡿⠟⠉⠀⠈⠙⢿⣿⡿⠿⣆
⠣⠤⠈⠛⠁⠁⠠⢁⠀⠀⠀⠀⠩⡉⣹⠟⠁⠀⠀⠀⠀⠀⠀⠈⠐⠀⠀⠈
⠀⠀⠀⠀⠀⠀⢄⣠⠇⠐⠄⢀⡀⢘⣆⠀⠀⠀⠀⢄⡀⣀
⠀⠀⠀⠀⠀⠀⠀⠈⠑⢀⠠⠂⠀⠈⠛⣧⠀⠤⠒⠂⠈⠉⠁
⠀⠀⠀⣠⠤⠿⠿⢛⣛⠛⠶⣤⣀
⠀⠀⠀⠀⠀⠈⠉⠂⣀⢀⡄⣤⢻⣧
⢤⣄⡀⣤⡀⣀⡴⠞⣡⡟⣰⡟⣼⡟
⠀⠙⠻⠶⠟⣩⣴⡿⢫⡾⠏⠘⠉
⠀⠀⠀⠀⠀⠀⢀⣐⠶⠿⠟⠛⠛⠻⠷⢶⣦⣤⣀
⠀⠀⠀⠀⠰⠋⠉⠉⢉⣉⣉⣁⠚⠟⠀⠀⠀⠉⠻⣷⣦
⠀⠀⠀⠀⠀⠀⠀⠀⠀⠀⠀⠈⣠⣤⢀⣤⠄⣴⡆⢹⣿⣷
⣀⠀⠀⠀⠀⠀⠀⠀⠀⢀⣠⣾⠟⣡⣾⠟⢠⣿⡇⣸⣿⡿
⠈⠻⣿⣷⣭⢛⣻⣶⣾⠟⠋⣠⣾⡿⠋⣰⣿⠟⣠⡿⠛
⠀⠀⠀⠁⠚⠻⠛⠉⣠⣶⣿⡿⠋⣠⠾⠿⠋⠀⠁
⠀⠀⠀⠀⠀⠀⠀⠀⠀⠰⠶⠾⠿⠿⠿⠿⠿⠿⠷⣶⣦⣤⣀⡀
⠀⠀⠀⠀⠀⠀⡴⠛⠛⠛⠛⠛⠛⠛⠒⠲⢾⡷⠀⠀⠈⠉⠻⢿⣷⣤⡀
⠀⠀⠀⠀⠀⠀⠀⠀⠀⠈⠉⠉⠉⠙⠛⠃⠀⠀⠀⢀⣀⠀⣀⡄⢹⣿⣿⣆
⠀⠀⠀⠀⠀⠀⠀⠀⠀⠀⠀⠀⠀⠀⣀⣴⡿⠋⣰⣿⠏⢀⣿⣿⠀⣿⣿⣿
⢤⣤⣤⣤⡀⢠⣤⣤⣀⠀⠀⣠⣴⣾⠟⠋⣠⣾⣿⠋⢀⣾⣿⠃⣸⣿⣿⠋
⠀⠙⠻⣿⣿⠷⢎⣹⣽⣾⡿⠟⠋⣀⣴⣾⣿⠟⢁⣴⣿⡿⠃⣴⠿⠛⠁
⠀⠀⠀⠀⠀⠙⠛⠛⠋⠁⣠⣴⣾⣿⡿⠋⢀⡴⠿⠿⠋⠀⠈
⠀⣴⣿⣟⣛⡿⠟⢀
⣴⣾⣭⣭⢯⣿⣤⣿⢜⣇⣐⣿⣿⠛
⠀⠀⠀⠀⠀⢀⣤⣿⣯⠉⣽⣿⡇
⠀⠀⣴⣶⣿⡿⠿⠿⣿⣿⡟
⠀⠘⢿⣿⣿⣶⣶⡶⢶⡄⢀⣤⡤⠀⣀⠀⠀⣀⣀⣀⣀⣀
⢰⣶⣶⣦⣤⣤⡾⣀⣿⣧⣤⣿⣶⢉⣭⠀⠐⣻⣿⣿⠟⠋
⠉⠉⠉⠉⠉⠉⠁⠉⠉⠉⢛⣻⣭⡶⠾⠿⢿⣿⣿⡟
⠀⠀⠀⠀⠀⠀⠀⠀⠀⣤⣾⣿⣿⣧⠀⢀⣾⣿⣿⡧
⠀⠀⢀⣴⣶⣿⣿⡿⠿⢿⣿⣿⣿⡟
⠀⠀⣿⣿⣿⣿⣧⣤⣤⣤⣭⣉⠉⠀⢀⣀⡀
⠀⣀⣈⣉⠉⠛⠛⠛⣿⠋⣵⣶⠄⠘⣛⣛⡀⠶⠞⠁⠀⣰⣶⣶⣶⣶⣶⡖
⣼⣿⣿⣿⣿⣿⣿⣿⠋⣴⣾⣿⣿⣿⣿⣿⠇⣚⣛⣁⣀⣀⣿⣿⣿⡟
⠀⠀⠀⠀⠀⠀⠀⠀⠀⠀⠀⠀⠀⢩⣽⣶⣿⠟⠛⠛⠛⣿⣿⣿⡿
⠀⠀⠀⠀⠀⠀⠀⠀⠀⠀⠀⢠⣶⣿⣿⣿⣿⡶⠀⠀⣼⣿⣿⣿⣷⠆
⠀⠀⠀⠀⠀⠀⠀⢐⣾⠈⢰⠒⠲⢄
⠀⠀⢀⡀⠀⠤⠖⠉⠈⠁⠻⠶⢿⠉
⠀⢰⠉⣤⣄⣠⠀⢀⣴⣂⣠⡤⡞
⣔⣱⠊⣵⣻⣹⣀⣏⠉⠉⢽⣰⡁
⠀⠀⠀⠀⠀⠀⠀⠀⠀⠀⠀⠀⢶⣪⠀⠉⢥⡤⠲⠴⣄
⠀⠀⠀⠀⠀⠀⠀⠀⠀⠀⢀⠴⠏⠻⠄⢀⣰⣀⣀⣜⣡⠷
⠀⠀⠀⢀⣀⡀⠠⠤⠒⠞⠁⠀⠀⠀⠀⠀⠐⠻⠿⠻⡄
⠀⠀⢠⠎⢀⣀⡀⠀⢀⡄⠀⠀⢀⣠⡤⠀⢀⣀⣀⣴⠃
⠀⣠⡏⣀⡠⢏⣿⣿⣿⡇⠀⣰⣿⠿⠾⠿⢿⠟⢉⠏
⣼⣁⣸⡅⠀⣟⣉⣻⢨⣃⣀⣻⡀⠀⠀⠀⢾⣀⣛⣤
⠀⠀⠀⠀⠀⠀⠀⠀⠀⠀⠀⠀⠀⠀⠀⢤⡔⣫⠀⠘⢉⣁⡀⠤⣄⣤
⠀⠀⠀⠀⠀⠀⠀⠀⠀⠀⠀⠀⠀⠀⢀⣤⠻⣏⠀⠀⠀⡩⠀⠀⢀⡾⢓⢦
⠀⠀⠀⠀⠀⠀⠀⠀⠀⠀⠀⠀⣀⡴⠛⠃⠀⠈⠃⠐⠲⠷⣶⣶⣯⡶⠛⠋
⠀⠀⠀⠀⢀⣀⠤⠤⠔⠒⠋⠹⠏⠀⠀⠀⠀⠀⠀⠀⠈⠙⠻⠟⠉⢷
⠀⠀⠀⣠⠞⠁⡀⠀⠀⠀⠀⢀⠀⠀⠀⠀⠀⣀⣠⠀⠀⠀⠀⠀⣠⡿
⠀⠀⢠⠟⠀⠀⣿⢿⣶⣦⣴⣿⠀⠀⠀⣴⣿⣿⣥⣤⣶⣾⣷⠟⣻⠃
⠀⡤⠞⣠⠤⠖⢋⣼⣿⣿⠟⣿⠀⠀⣼⠛⠛⠛⠋⠉⢹⡟⠀⣰⠋
⣜⣁⣀⣻⡄⠀⣼⣉⣀⣹⡄⣎⣠⣀⣙⡆⠀⠀⠀⠀⠸⣇⣀⣍⣰⡄
⠀⠀⣤⣤⣿⣿⣭⣿⣇⣀
⠒⠒⣿⡷⠸⠿⠶⢶⣄⣿⡷⠶⠶⠂
⠀⠀⠛⠛⣾⣏⣛⣿⡏⠉
⠀⠀⢀⣀⣀⣀⣸⣿⣿⣛⣛⢻⣿⠇
⣀⣀⣀⣻⣿⣯⠉⣿⣿⣍⣉⣘⣛⠘⢿⣷⣦⣀⣀⣀⣀⡀
⠀⠀⠈⣽⣿⣟⡀⣭⣍⣉⣉⣹⣿⣤⣾⡿⠟⠉⠉⠉⠉
⠀⠀⠀⠉⠉⠉⢱⣿⣧⣭⣭⣽⣿⡇
⠀⠀⠀⠀⠀⠀⠀⠀⢹⣿⣿⡿⠛⠛⢻⣿⣿⠁
⠀⠀⠀⠘⣿⣿⣿⡟⢻⣿⣿⣟⠛⠛⠼⠿⠏⢶⣶⣦⣄⡀
⠲⠶⠲⠶⢿⣿⣿⡇⠀⠿⠿⠿⠶⠶⢶⣶⣆⠀⣹⣿⣿⣿⠶⠿⠿⠷⠶⠂
⠀⠀⠀⢠⣿⣿⣿⣥⢄⣶⣶⢢⣤⣤⣼⣿⣷⠾⠿⠟⠋⠁
⠀⠀⠀⠀⠀⠀⠀⠀⣸⣿⣿⣤⣤⣤⣼⣿⣿⡄
⠀⠀⠀⣨⠟⠉⠉⢩⣭⣉⣱
⠀⢀⡼⠉⢿⡦⠀⠀⢈⡯⠤⠤⠤⣄
⠚⠛⠒⠒⠒⢲⠖⠒⢋⡴⠃⠀⣠⠟
⠀⠀⠀⣠⣴⣋⣀⣀⣉⣀⣠⡴⠋
⠀⠀⠀⠀⠀⠈⣹⠏⠉⠉⠉⠉⣉⣉⠉⠉⢳⡄
⠀⠀⠀⠀⣠⠾⣧⣄⠀⠀⠀⠈⠛⢿⡶⠾⠛⠁
⠀⠀⢀⣼⠃⠀⠐⠿⠿⠆⠀⠀⠀⢀⣿⠒⠒⠒⠒⠒⠲⣄
⠶⠾⠭⠤⠤⠤⠤⠤⠤⣤⡤⠤⠶⠟⣡⡶⠂⠀⠀⠀⣴⡟
⠀⠀⠀⠀⠀⠀⠀⢀⡴⠋⠀⠀⢀⡴⠟⠀⠀⠀⢠⣾⠋
⠀⠀⠀⠀⠠⣤⣶⣯⣥⣤⣤⣤⣤⣤⣤⣤⣤⡴⠟⠁
⠀⠀⠀⠀⠀⠀⠀⠉⣻⠏⠉⠉⠉⠉⠉⠉⣉⠉⠉⠉⠛⣦
⠀⠀⠀⠀⠀⢀⣤⣾⣇⠀⠀⠀⠀⠀⠐⠿⢿⣿⣤⣴⡾⠟
⠀⠀⠀⠀⢰⡿⠁⠈⢹⣿⣶⣤⠀⠀⠀⠀⠀⢹⣷⣤⣤⣤⣤⣤⣤⣤⣀
⢀⣠⣤⠶⠛⠁⠀⠀⠀⠉⠉⠁⠀⠀⠀⢀⣠⣾⠟⣀⣀⠀⠀⠀⠀⠀⣸⣷
⠉⠙⠛⠛⠛⠛⠛⠛⠛⠛⠛⣻⡿⠛⠛⠛⠉⢁⣾⡿⠁⠀⠀⠀⢀⣴⡿⠋
⠀⠀⠀⠀⠀⠀⠀⠀⠀⢀⣼⠋⠀⠀⠀⠀⠴⠟⠋⠀⠀⠀⠀⣠⣿⠟
⠀⠀⠀⠀⠀⠀⠴⣶⣾⣯⣤⣤⣤⣤⣤⣤⣤⣤⣤⣤⣤⣴⠾⠟⠁
⢠⣔⠲⠌⠛⠁⠛⠁⠻⠂⡤⢄⡀
⠀⠀⢀⡴⠟⠛⠛⠻⢷⡢⡄⠉⠽⢦
⠀⠰⢫⠭⠟⠋⠀⠀⠀⣽⠘⡀⢬⡽
⠀⢠⡯⠤⠴⠒⠚⠀⠒⠚⠓⠊⠉
⠀⣀⠠⢴⣶⠀⠻⢿⠁⠙⠿⠋⠐⣷⠶⠂⣤⣀
⠈⠙⠓⠀⠈⢀⣀⣤⣤⣤⣤⣤⣄⣀⡀⠘⠉⢩⡾⠶⢄
⠀⠀⠀⠀⣠⠾⠛⠋⠉⠉⠉⠙⠓⠲⣍⠳⣄⠀⠐⠒⠛⣇
⠀⠀⢠⡞⣋⣉⣩⠽⠟⠀⠀⠀⠀⠀⢘⣷⢸⠀⢀⣉⣛⡛
⠀⠀⠉⣰⡟⠀⠀⠀⠀⢀⣠⠀⣀⣈⡙⢧⣄⠐⠦⣬⠝⠁
⠀⠀⣰⡿⠴⠶⠒⠚⠋⠉⠁⠀⠈⠉⠉⠉⠉⠙⠂
⠀⠀⠀⣀⣤⣴⡄⠒⢾⣿⠇⠈⢻⣿⠟⠁⢲⣶⣦⠄⢀⣀
⠰⠾⣷⡄⠉⠙⠃⠀⠀⠈⠀⠀⠀⠁⠀⠀⠘⠉⠀⠠⠿⠟⠛⣢⣄⡀
⠀⠀⠀⠈⠀⠀⠠⣴⣶⣾⣿⣿⣿⣿⣛⣓⠲⠦⣄⡀⠀⠀⠚⠛⠛⣛⣤
⠀⠀⠀⠀⠀⣠⡾⠛⠉⠁⠀⠀⠀⠀⠀⠉⠙⠳⣦⡙⢷⡀⠀⠐⠛⠛⢛⣃
⠀⠀⠀⢠⡾⠛⠒⢛⣛⣻⡶⠖⠀⠀⠀⠀⠀⠀⠘⣿⠀⣷⠀⠀⠘⠛⠛⠿
⠀⠀⠰⠛⢀⣿⠏⠉⠉⠀⠀⠀⠀⠀⠀⠀⠀⠲⢾⣟⠀⠁⣀⡈⠛⠻⡿⠃
⠀⠀⠀⢀⣾⠏⠀⠀⠀⢀⣀⣀⣤⡾⠀⠢⣤⣤⣤⣭⣿⣦⣈⠙⠻⠋
⠀⠀⢀⡾⠿⠶⠒⠛⠋⠉⠉⠁⠀⠀⠀⠀⠀⠀⠀⠀⠀⠀⠉⠁
⢀⡰⠾⣯⢭⣭⣭⣥⠤⡤⠄⠀⠀⡀
⠈⠉⠉⠙⠛⠒⢻⣿⣟⣁⣀⡴⠟⠁
⠀⠀⢠⣶⣿⣉⣉⣉⣉⣉⣉⣉⣀⣀⣀⣀⡀
⠠⠶⠶⠶⠶⠶⠶⠶⠿⠷⠶⠶⢶⣶⡶⠀⠀⠀⢀⣠⡶⠆
⠀⠀⠀⠀⠀⠈⠉⠉⠉⠉⢩⣿⣟⣁⣀⣀⣠⣴⠿⠋
⠀⠀⠀⣤⣶⣿⣋⣉⣉⣉⣉⣉⣉⣉⣉⣁⣀⣀⣀⣀⣀⡀
⠠⠶⠶⠶⠶⠶⠶⠶⠶⠶⠿⠿⠷⠶⠶⢶⣶⣶⠶⠀⠀⠀⠀⢀⣠⣴⠶⠂
⠀⠀⠀⠀⠀⠀⠈⠉⠉⠉⠉⠉⠉⢩⣿⣿⣋⣁⣀⣀⣀⣤⣶⠿⠋⠁
⠀⢆⠀⠀⠀⠈⢉⡕⠀⠙⢢⡄
⠀⢠⠊⡩⣟⣶⣶⣾⣷⣶⣾⡤⠄⣀
⠀⠐⠀⠁⠁⠻⢧⣿⣼⠿⠃⠁⠀⠐
⠀⢤⡤⠤⠤⠤⠒⠒⠉⠉⠙⢹⠒⠂⠛⠷⢆⣀
⠀⠀⠓⠤⣀⣂⣀⣑⠤⠄⠒⢃⢆⠀⡔⠁⣠⡼
⠀⠀⢴⠒⠉⣡⢻⣋⣶⣶⣶⣿⣿⣷⣶⣾⣴⣧⣤⣤
⠀⠀⢈⡇⠰⠆⠚⠛⢻⢻⡟⣛⡟⣛⡟⢻⢛⢻⠀⠀⠀⡏
⠀⠀⠈⠉⠉⠉⠉⠉⠙⠿⠿⣿⣿⡯⠿⠛⠉⠉⠉⠉⠉⠉
⠀⣀⣀⣀⣀⡀⠤⠤⠔⠒⠚⠉⠉⠙⢝⠦⠒⠒⠒⠶⣆⣀⡀
⠀⠀⠹⢄⣀⠀⠠⡀⠀⠢⢄⣀⡠⠴⠞⣅⠀⠀⡠⠔⠀⣈⣳
⠀⠀⠀⣀⣨⠽⠓⢚⣿⡶⢡⣠⣀⣰⣦⣶⣷⣈⣓⣲⡌⣹
⠀⠀⠈⢭⡤⠤⠴⠧⣼⣤⣼⣿⣿⣿⣿⣿⣿⣿⣿⣿⣿⣷⣽⠿⠿⠦⢤⡤
⠀⠀⠀⣸⣇⣀⣃⣀⣏⣉⣹⣏⣹⣉⣧⣏⣩⣮⣏⣹⣏⣍⣹⣀⣐⣀⣸⣇
⠀⠀⠀⠀⠀⠀⠀⠀⠀⠀⠈⠛⠿⠿⣿⣿⣿⠿⠟⠛⠁
⠀⠀⣠⣤⣖⣺⣯⠳⠖⢴⣄⠦⠄⣀
⢀⣾⣽⣧⡙⢮⣃⣘⣃⣀⡰⠃⢶⠋
⠚⠓⠿⠶⠷⠷⠿⣿⣯⣦⠁⠈⠁
⠀⠀⠀⠀⠀⣀⣤⠤⢴⣟⡙⠲⣶⠦⠀⡤⠤⢄⡀
⠀⠀⣠⡶⣿⠙⢇⡴⠖⣫⠏⠀⣈⡁⠈⠉⠋⠀⠈⠉⢱⡶
⠀⢰⣿⣄⢹⣷⡀⠻⢦⡙⠀⠀⠛⠤⢀⡀⠴⠏⠥⢽⡊
⣠⣟⠈⣛⠲⠈⣍⠀⣀⡩⣷⣺⣟⠿⣉⠉⠓⠒⠲⠜⠁
⠀⠉⠉⠙⠛⠛⠛⠓⠾⠿⠷⠶⠭⠷⣬⠇
⠀⠀⠀⠀⠀⠀⠀⠀⣀⣀⣤⣾⠛⠓⢦⣤⢤⡤⠤⣄⣀⣀⡀
⠀⠀⠀⠀⣀⣴⡞⣿⡏⠀⣀⣭⠷⠶⠀⠛⠿⠈⠒⠶⣦⠄⠙⠓⠦⠤⣄⣀
⠀⠀⢀⣾⠛⣿⡇⠈⢱⣿⠉⢠⡟⠁⢀⣠⣤⠆⠀⠀⠀⠀⣀⣀⣀⠠⣾⠏
⠀⠀⣾⣿⡀⢸⣿⡆⠀⠙⢦⡈⠹⠄⠀⠛⠧⠤⢀⠀⠰⣿⣁⢠⠬⣟⠁
⠀⣸⡟⠘⠿⣤⡉⠙⠒⠀⠀⠉⢳⣯⢴⣶⢶⡖⠒⠛⣦⡠⠤⢤⣀⠟
⠺⠯⢤⣤⣦⣀⣄⣘⣶⣄⠒⢦⣍⡛⠺⠿⣤⡙⢢⡄
⠀⠀⠀⠀⠈⠉⠁⠉⠉⠛⠛⠛⠛⠛⠒⠶⠶⠿⣶⡟
⣿⣿⣿⡿⠿⠗⠀⠀⠀⠀⠻⠿⣿⣿
⣿⣿⡄⠀⠀⠀⠀⠀⠀⠀⠀⠀⠀⣨
⡿⠛⠀⠀⠀⠀⠀⠀⠀⠀⠀⠀⠘⣿
⣿⣿⣿⣿⣿⣿⣿⣿⡿⠀⠀⠀⠀⠀⠀⠨⢿⣿⣿⣿⣿⣿
⣿⣿⣿⡛⠋⠉⠀⠀⠀⠀⠀⠀⠀⠀⠀⠀⠀⠀⠀⠉⠙⢛
⣿⣿⣿⠟⠀⠀⠀⠀⠀⠀⠀⠀⠀⠀⠀⠀⠀⠀⠀⠀⣰⣿
⣿⠯⠉⠁⠐⣀⣂⣀⣐⣀⣂⣐⣀⣂⣀⣀⠀⠂⠀⠈⢭⣿
⣿⣿⣿⣿⣿⣿⣿⣿⣿⣿⣿⡏⠀⠀⠀⠀⠀⠀⠀⠀⣽⣿⣿⣿⣿⣿⣿⣿
⣿⣿⣿⣿⡿⠿⠿⠛⠉⠉⠉⠀⠀⠀⠀⠀⠀⠀⠀⠀⠀⠉⠉⠙⠛⠿⠿⢿
⣿⣿⣿⣿⣦⠀⠀⠀⠀⠀⠀⠀⠀⠀⠀⠀⠀⠀⠀⠀⠀⠀⠀⠀⠀⠀⢀⣴
⣿⣿⣿⣿⡋⠀⠀⠀⠀⠀⠀⠀⠀⠀⠀⠀⠀⠀⠀⠀⠀⠀⠀⠀⢀⣴⣿⣿
⣿⠷⠄⠀⠀⠐⢂⣐⣂⣐⣀⣂⣐⣂⣐⣂⣐⣀⣀⣀⣂⠀⠂⠀⠀⠤⣶⣿
⠀⠀⠠⢉⣻⣶⣦⣤⣶⣶⣦⡤⠤
⣠⣷⢤⡤⣔⣻⣻⣟⣿⣽⢥⡤⣤⣤
⠿⠿⢻⣟⣿⣿⣿⡽⠽⣿⣿⡿⠷⠾
⠀⠀⠀⠀⠉⠛⠿⡿⠛⠉
⠀⠀⠀⠀⡉⠉⠭⣒⡲⠤⣄⣀⣐⣦⣤⣦⣄⣀⣀⣀
⠀⠀⡄⠀⠈⠙⠒⢚⣿⣿⣶⣿⣿⣿⠷⣿⠟⠛⠉
⢠⢶⣻⠲⢲⠒⣾⢉⣹⣋⣹⣏⣉⣏⡏⡟⡖⡶⠒⡖⣶⢦
⢸⣳⣹⣾⣿⠿⢿⢻⣻⡛⣞⡛⡟⣻⡟⣿⠻⣿⣷⣇⣶⣸
⠈⠁⠀⠀⠙⠙⠻⣭⣿⣿⣿⣿⣌⣭⡽⠟⠉⠙⠀⠀⠀⠈
⠀⠀⠀⠀⠀⠀⠀⠀⠉⠛⠻⠿⠉⠁
⠀⠀⠀⠀⢀⠉⠉⠉⣓⣒⠲⠤⣤⣀⡀⠐⢲⣤⣤⣤⣄⡀⣀⣀⣀⣀
⠀⠀⢠⠀⠀⠉⠓⠲⠶⠖⣻⣿⣶⣯⣿⣿⣿⣿⣯⣽⣿⠿⠝⠛⠉
⢀⣀⣨⣧⣀⣠⡤⢤⣤⠾⠟⣿⠛⢿⡟⠿⢻⠗⡤⣭⢥⢤⣤⣀⣤⢤⣀⣀
⢸⣇⡳⣾⣨⣤⣧⣼⢿⣼⣶⣷⣞⣺⣷⣳⣺⣶⣷⣿⣼⣴⣧⣆⣻⢘⡃⣿
⢸⠯⠧⠞⠛⢻⣏⣏⣿⣹⡼⠥⣤⣧⣤⠼⠤⠿⢏⣿⣏⣙⣿⠛⠛⠾⠧⠿
⠀⠀⠀⠀⠀⠈⠀⠈⠛⠶⣽⣻⡿⣿⣿⣷⣴⡶⠾⠛
⠀⠀⠀⠀⠀⠀⠀⠀⠀⠀⠀⠉⠙⠻⠿⠍⠁
⠀⣠⠴⢚⣟⣟⣛⡛⢶⣦⣠⣄⡀
⣾⠃⣼⣿⣿⠉⠛⠋⢭⣭⡉⠻⣟
⠙⠧⣝⣻⣶⣶⣾⢇⣀⣀⣠⠴⣿⡗
⠀⠀⠀⠀⠀⠈⠉⠙⠻⠟⠿⠿⠟⠁
⠀⠀⢀⣠⣴⠶⢞⠛⣛⠛⠛⠷⢶⣦⣤⣀
⢠⣾⠟⢉⣶⣼⣾⣧⣯⣮⣶⣷⡤⠽⠿⠿⢿⣿⣿⣶⡄
⣿⡏⠀⣴⣿⣿⣿⡧⠀⠀⠉⠁⠐⠾⠷⢦⡀⠈⠹⣿⡁
⠙⢿⣄⡙⠿⢿⣥⣤⣀⣤⢴⡿⠀⠀⠀⠀⣀⣀⣐⡺⣿⡶
⠀⠀⠉⠙⠓⠒⠒⠲⠶⠾⠯⣬⣖⣶⣶⣶⣶⣒⣒⣼⣻⠁
⠀⠀⠀⠀⠀⠀⠀⠀⠀⠀⠀⠀⠉⠻⡞⠙⠛⠛⠛⠛⠉
⠀⠀⠀⢀⣠⣤⣴⠶⠶⠛⠛⠛⠛⠿⠷⣶⣶⣤⣄⡀
⠀⡤⣾⠟⠋⣡⣄⢦⣸⣆⣾⣠⣎⣴⣢⢄⣉⣿⣿⣿⣷⣿⣿⣶⣶⣄
⡎⣾⠃⠀⢘⣿⣿⣿⣿⣏⠉⠉⠙⠛⠛⠉⣥⣤⣤⡀⠀⠉⠛⢿⣿⡿⠁
⢧⢿⡀⠀⢿⣿⣿⡿⠟⠋⠁⠀⠀⢀⣤⡀⠈⠉⠉⠉⠑⠀⠀⢈⣳⣷⣄⡀
⠀⠑⠽⣦⣄⣉⡛⠟⠷⠲⠶⢶⣚⡫⠞⡁⠀⠀⠀⠀⠀⠲⠶⠶⠭⣹⣿⠞
⠀⠀⠀⠀⠈⠉⠉⠉⠉⠛⠛⠛⠛⠳⠶⣮⣝⣿⢿⣿⣿⣯⣭⣙⣿⡥⡻
⠀⠀⠀⠀⠀⠀⠀⠀⠀⠀⠀⠀⠀⠀⠀⠈⠙⠫⡎⠘⠛⠛⠛⠛⠋⠈
⢀⠀⠀⣆⠀⠐⠶⢶⠶⠤⣄⡀
⠈⠃⠒⣈⣀⣒⣒⣀⣡⣴⣶⣿⠆
⢀⣦⣆⢤⣩⢭⠉⣭⠍⣭⡍⢤
⠀⠀⠀⠀⢠⡄⠀⠀⠲⢶⣶⣶⣤⣤⣄⣀
⠀⣞⡀⠀⠐⠫⡄⠀⠀⠈⠉⠛⢯⡁⠉⠙⠿⢶⣄
⠀⠘⠒⠒⣒⣚⣒⣒⣛⣋⣉⡉⢈⣩⣭⣿⣿⣿⣿⡇
⠀⠀⣀⡀⠈⠙⠛⠻⠿⠿⠿⠿⠿⠿⠿⠿⠟⠛⠉
⠀⣼⠧⣿⡡⠾⣧⣼⢣⣟⣩⢶⣾⢂⣼⢯⣗⡚⣯
⠀⠀⠀⠀⠀⠠⡤⠀⠀⠐⠲⣶⣶⣶⣤⣤⣤⣄⣀⡀
⠀⠰⠆⠀⠀⠠⢿⣃⠀⠀⠐⠀⠛⠛⠿⣝⡛⠍⠛⠛⣷⣶⣤⡀
⠀⠙⣟⣀⣀⣀⣀⣜⣁⣤⣤⡤⠤⠶⠦⠀⠿⠦⠄⣒⣢⣬⣭⣽⣦
⠀⠈⠁⠤⠤⠤⣴⣶⣶⣶⣶⣶⣶⣶⣤⣤⣴⣾⣿⣿⣿⣿⣿⡿⠋
⠀⠀⣀⡠⣀⣀⠀⡈⠉⠉⠛⠛⠛⠛⠛⠛⠛⠛⠛⢛⡋⠉⠁⣀⡀
⠀⣰⡿⢷⣯⣡⠞⢿⣧⣼⢃⣾⣃⡨⢿⣿⣓⣀⣾⢧⣿⣉⣛⣶⠄
⢀⣀⣴⣶⣟⣛⣛⡛⠿⠿⢶⠖⠤⡀
⠻⠿⣿⣿⣿⣏⣄⣾⣶⣖⠃⠀⠒⠈
⠀⠀⠀⢀⣠⣴⣶⣾⣿⣿⣿⣿⣿⣿⣷⣶⣶⣦⣤⡀
⢀⣠⣴⣿⣿⣯⣭⣶⣦⣤⣤⡤⠜⣛⣛⣛⣻⠋⠉⠙⢦⣀
⣿⣿⣿⣿⣿⣿⣿⣿⡟⠉⣠⢤⣯⣥⣤⡤⠶⠶⠶⣄⡠⠟
⠈⠙⠿⠿⣿⠿⣿⣿⣦⣸⣄⡿⢿⣿⡿⠤⠄
⠀⠀⠀⠀⢀⣠⣤⣶⣶⣶⣿⣿⣿⣿⣿⣿⣿⣿⣷⣶⣶⣶⣦⣤⡀
⠀⣠⣤⣶⣿⣿⣿⣭⣭⣶⣦⣤⣤⣤⣴⠬⠛⣛⣛⣙⣛⡿⠋⠉⠉⠶⢤⡀
⣾⣿⣿⣿⣿⣿⣿⣿⣿⣿⡿⠋⢁⡠⢤⣾⣭⣤⣤⣤⠶⠶⠶⠶⢦⣀⡤⠟
⠈⠋⠛⠿⠿⣿⡿⠿⣿⣿⣷⣄⣻⣄⡾⠿⣿⣿⡿⠤⠤
⣴⣾⡆⣲⠞⣵⣲⢥⡬⣷⢪⠶⠼⡷
⢀⣀⣈⣁⠀⣁⣀⣉⢉⣀⣈⠉⠀⠈⣁⣀⠀⣉⣀⢈⣉⣀
⠬⣍⡶⠗⠀⢼⠇⠀⠾⣧⠴⠀⡤⠒⠶⡏⢰⠟⠙⠋⣽⠃
⠀⣀⣀⣈⣁⠀⣈⣀⣀⣉⠉⣀⣀⣈⡉⠀⠀⢈⣁⣀⡀⢈⣁⣀⠀⣉⣋⣀
⠬⣯⣳⡶⠗⠀⢠⡿⠃⠀⠼⣿⣤⠔⠀⢠⠴⠒⢶⡟⠁⣾⠏⠙⠛⢩⡿⠃
⠀⢠⠀⣠⠴⠶⢶⠶⢶⣶⢾⡗⠂
⢠⣶⠀⢈⣷⠢⣶⡛⠒⠀⣿⡖⠛⠃
⠺⣧⣤⡼⠏⢤⣬⣽⠿⢸⡟⠉⠉
⠀⠀⣠⠤⠀⢀⣤⣶⣶⣶⣤⣤⣤⣤⣶⣶⣶⡾⠦⠤
⠀⣠⣭⡐⠈⠛⢢⣤⡄⢀⣙⣶⣦⣭⡍⠙⣶⣭⣥⣶⣶⡄
⢠⣿⡟⠀⠀⢀⣿⡿⠀⠻⢿⣦⣤⣀⠀⢰⣿⣯⣤⣤⡄
⠘⠿⣧⣤⣴⠾⠟⠁⢴⣤⣤⣤⠿⠟⢠⣿⡟
⠀⠀⠀⣀⣀⠀⠀⢀⣠⣴⣶⣶⣦⣤⣤⣤⣤⣤⣶⣶⣶⣶⣾⣤⡤⡀
⠀⠀⠈⠳⠤⠴⢾⣏⣉⠉⠉⠉⠩⠿⢭⣍⡙⠛⠻⠿⣍⣙⠳⠦⢤⣤⣀
⠀⣰⣿⡿⠀⠀⠀⢀⣾⣿⠏⢠⣶⣿⠟⠛⠛⠛⠃⠀⣼⣿⡟⠛⠛⠛⠛⠁
⢠⣿⣿⠃⠀⠀⠀⣼⣿⡟⠀⠈⠛⠻⠿⣷⣶⣄⠀⣰⣿⡿⠷⠶⠶⠶
⠘⠻⠿⣶⣶⣶⠾⠿⠋⠀⠴⢶⣶⣶⣶⠾⠿⠋⠠⡿⡿⠃
⠛⠉⠁⠀⠀⠀⠀⠀⠀⠀⠀⠀⠀⣾
⡀⠀⠀⠀⠀⠘⠛⠛⠓⠒⠒⠲⠶⢾
⡿⠶⠶⠤⠤⠤⣤⣤⡀
⡇⠀⠀⠀⠀⠀⠀⠀⠀⠀⠀⢀⣀⣴
⣿⡿⠛⠋⠉⠉⠉⠉⠉⠉⠉⠉⠉⠉⠉⠉⠉⠉⠉⠉⣷⣿
⢸⠀⠀⠀⠀⠀⠀⠀⢠⢦⣤⣤⡴⣄⣀⣀⣀⣀⣀⣀⡟⣿
⡸⡀⠀⠀⠀⠀⠀⠀⠈⠋⠛⠛⠛⠛⠛⠛⠛⠛⠛⠻⢿⢿
⣿⣾⣶⣤⣤⣤⣤⣤⣤⣤⣤⣤⡤⡄⠀⠀⠀⠀⠀⠀⠀⡇
⡇⡏⠉⠉⠉⠉⠉⠉⠙⠞⠛⠛⠳⠃⠀⠀⠀⠀⠀⠀⠀⡇
⡧⣇⣀⣀⣀⣀⣀⣀⣀⣀⣀⣀⣀⣀⣀⣀⣀⣀⣠⣤⣾⣾
⡿⣟⠿⠛⠛⠋⠉⠉⠉⠉⠉⠉⠉⠉⠉⠉⠉⠉⠉⠉⠉⠉⠉⠉⠉⢙⡆⣿
⢰⠁⠀⠀⠀⠀⠀⠀⠀⠀⠀⣤⢤⣤⣤⡤⣄⠀⠀⠀⠀⠀⠀⠀⠀⢐⡇⣿
⢸⠀⠀⠀⠀⠀⠀⠀⠀⠀⠀⠧⠻⠿⠿⠿⠾⠿⠿⠿⠿⠿⢿⣿⣿⣿⣶⣿
⣮⣳⢄⣀⠀⠀⠀⠀⠀⠀⠀⠀⠀⠀⠀⠀⠀⠀⠀⠀⠀⠀⠀⠀⠀⠉⠪⡙
⡿⣿⣿⣿⣿⣿⣿⣿⣿⣿⣿⡿⣿⣿⣿⣯⢹⠀⠀⠀⠀⠀⠀⠀⠀⠀⠀⡇
⡇⡇⠀⠀⠀⠀⠀⠀⠀⠀⠀⠛⠚⠛⠛⠓⠚⠀⠀⠀⠀⠀⠀⠀⠀⠀⢀⢇
⡇⢧⣀⣀⣀⣀⣀⣀⣀⣀⣀⣀⣀⣀⣀⣀⣀⣀⣀⣀⣀⣀⣠⣤⣤⣶⣵⣾
⢀⣤⡶⠒⠛⠿⠉⠉⠉⠭⠅⠒⠤⡀
⣿⢸⠌⣠⠀⠀⠀⢒⡶⠶⢶⡿⠴⠋
⠈⠳⠷⠿⣽⡗⠒⠭⠞⠓⠚⠟
⠀⢀⣠⢄⡤⠖⠒⠼⢿⠉⠉⠉⠉⠉⣩⣁⡐⠂⠤⢀
⣴⠏⣴⠋⢄⠀⠀⠀⠀⠀⠀⠀⠠⠤⠤⠤⠤⢤⠤⠀⣸⠖
⠻⣆⠻⣔⢀⣶⣄⣀⣀⠀⠀⢠⡶⢎⡉⠉⢉⡗⡙⠋
⠀⠈⠙⠪⠗⠿⠦⣾⡉⠉⠑⠒⠬⠭⠍⠉⠉⠠⠃
⠀⠀⠀⣀⠤⣀⡤⠔⠲⣐⣿⡭⠉⠉⠉⠉⠉⠉⣉⡁⠒⠂⠤⢄⡀
⢀⣴⠋⣡⠚⡁⠀⠀⠀⠀⠀⠁⠀⠀⠀⠀⠀⠀⠉⠉⠉⠀⠀⠀⠀⠁⣦⡤
⣿⡇⠰⡇⢒⠑⠂⣠⠀⠀⠀⠀⠀⠀⠈⠉⣉⡩⠭⠭⠭⢭⢉⣭⣡⠔⠋⠁
⠘⠳⣄⡙⢄⡀⢾⡿⠦⠤⣤⣄⣀⠀⠰⢟⣑⣦⣄⣀⣀⡼⡅⡄
⠀⠀⠀⠉⠒⠩⠛⠳⠦⢿⡇⠀⠈⠉⠙⠒⠲⠤⠤⠀⠀⠀⠐⠁
⠿⠛⠉⠀⣀⣀⣀⣀⣀⣀⡀⠈⠙⠻
⠀⠀⠀⠊⠈⣹⡋⠉⠉⠙⣛⢲⣶⣶
⠀⠀⠐⣀⣀⣉⣀⣀⣀⣀⣀⠙⠿⠿
⣶⣤⣀⠈⠉⠉⠉⠉⠉⠉⠁⢀⣠⣴
⣿⣿⠿⠛⠉⠀⠀⠀⠀⠀⠀⠀⠀⠀⠀⠀⠀⠈⠙⠻⢿⣿
⠉⠀⠀⠀⢀⣲⠒⠲⣶⡶⡶⠶⠶⠖⣶⣶⣶⣀⣀⣀⣀⣈
⠀⠀⡈⠀⠀⠁⠆⠡⣸⣏⠁⠀⠀⠀⠀⣈⣉⣉⣹⣿⣿⣿
⠀⠀⠀⠀⣤⠀⠀⠈⠉⠁⠀⠀⠀⠀⠀⠀⠐⠒⠶⢿⣿⣿
⣀⠀⠀⠀⠀⠿⠷⠷⠿⠿⠷⠶⠿⠿⠿⠿⠿⠉⠉⠉⠉⢉
⣿⣿⣶⣤⣀⠀⠀⠀⠀⠀⠀⠀⠀⠀⠀⠀⠀⢀⣠⣴⣾⣿
⣿⣿⣿⡿⠟⠋⠁⠀⠀⠀⠀⠀⠀⠀⠀⠀⠀⠀⠀⠀⠀⠀⠉⠛⠿⣿⣿⣿
⠟⠋⠁⠀⠀⠀⢀⣀⣄⣀⣀⣀⣀⣀⣀⣀⣀⣀⣀⣀⣀⡀⠀⠀⠀⠀⠉⠛
⠀⠀⠀⣀⠀⠠⢐⠂⠠⡍⡻⣿⣹⡟⠉⠉⠉⠉⠯⠿⣿⣷⣶⣶⣶⣶⣶⣶
⠀⢀⢀⡄⠀⢀⠊⢰⠀⠡⣣⣿⡄⠀⠀⠀⠀⠀⠀⢀⣤⣄⣀⡼⠿⣿⣿⣿
⠀⠀⠀⠆⢀⣀⠀⢀⠀⠀⠛⠋⠀⠀⠀⠀⠀⠀⠀⠀⠀⠤⠶⣶⣿⣿⣿⣿
⠀⠀⠀⠀⠀⠀⢰⣴⣲⣤⣤⣤⣤⣤⣀⣴⣶⣦⣤⣤⣤⡤⠤⠶⠶⠿⠿⠿
⣦⣄⡀⠀⠀⠀⠈⠉⠉⠉⠉⠉⠉⠉⠉⠉⠉⠉⠉⠉⠉⠁⠀⠀⠀⠀⣀⣤
⣿⣿⣿⣷⣦⣄⡀⠀⠀⠀⠀⠀⠀⠀⠀⠀⠀⠀⠀⠀⠀⠀⣀⣤⣶⣿⣿⣿
⣿⠟⠛⠉⠀⠀⠀⠀⠀⠀⠉⠛⠻⣿
⡇⠀⠀⠀⢰⣼⣪⡿⠿⣤⣤⣤⣤⣼
⣿⣶⣌⡉⠁⠄⠀⠀⠀⠀⢈⡛⠻⢿
⡟⠛⠻⠿⠿⣦⣤⣤⣤⡶⠤⣀⠀⢸
⣷⣦⣤⣀⠀⠀⠀⠀⠈⠀⣀⣨⣴⣾
⣿⣿⣿⠿⠟⠛⠉⠉⠉⠉⠉⠉⠉⠉⠉⠉⠛⠻⠿⣿⣿⣿
⣷⡇⠀⠀⠀⠀⠀⣤⠠⣤⡴⣦⣖⣶⠀⠀⠀⠀⠀⠀⠈⣾
⣿⡇⠀⠀⣀⣀⣨⠿⠿⠯⠝⠟⠛⠺⠷⠶⣶⣶⣶⣶⣾⣿
⣿⣿⣶⣦⣌⠉⠉⠰⡆⢔⡂⠀⠀⠀⠀⠀⠀⠙⠛⠿⢿⡿
⢿⠿⠿⢿⣿⡷⠾⢦⣀⣀⠀⠀⠀⣀⣤⣄⠈⠉⠁⠀⠀⡇
⢸⡀⠀⠈⠉⠛⠋⠙⠿⠿⠿⠿⠿⠿⠟⠋⠉⠽⠶⠀⠀⡇
⣿⣿⣿⣶⣤⣄⡀⠀⠀⠀⠀⠀⠀⠀⠀⢀⣠⣤⣶⣾⣿⣿
⣿⣿⣿⣿⣿⡿⠿⠛⠋⠉⠉⠉⠉⠉⠉⠉⠉⠉⠉⠉⠛⠿⢿⣿⣿⣿⣿⣿
⡏⡟⠋⠉⠀⠀⠀⠀⠀⢀⡀⠀⠀⣀⣀⡠⢄⣀⠀⠀⠀⠀⠀⠀⠉⠙⢻⢹
⡇⡇⠀⠀⠀⠀⠀⠀⢠⡿⢌⡻⡿⣥⣿⣷⣿⢹⣀⣀⣀⣀⣀⣀⣀⣀⣸⢸
⡇⣇⠀⠀⠀⢠⣤⣤⣴⠙⠛⠻⠖⠋⠛⠉⠉⠙⠛⠛⠿⢿⣿⣿⣿⣿⣿⣿
⣿⣿⣿⣷⣶⡌⠉⠉⠁⠰⢔⢰⠒⡂⠀⠀⠀⠀⠀⠀⠀⠀⠛⠻⠿⢿⣿⢿
⣿⣿⣿⣿⣿⣿⣷⣶⣶⣤⠉⠀⠉⠀⠀⠀⠀⠀⣀⣀⠀⠉⠛⠃⠀⠀⠈⡇
⢸⡋⠉⠉⠙⠿⣿⣭⣭⣽⣷⣶⣶⣦⣤⣶⣶⢾⣿⣿⠶⠶⣤⣀⡀⠀⠀⡇
⣜⣧⣄⣀⠀⠀⠀⠀⠀⠀⠛⠚⠛⠛⠛⠛⠛⠚⠁⠀⠀⠐⠛⠛⢃⣀⣤⣇
⣿⣿⣿⣿⣿⣶⣦⣤⣀⣀⣀⣀⣀⣀⣀⣀⣀⣀⣀⣀⣠⣴⣶⣿⣿⣿⣿⣿
⠀⠀⣀⡠⣖⣿⡳⡼⣳⣲⢄⡀
⡔⣹⣏⣞⠋⠭⠥⠘⠿⢿⣇⣹⣟⢆
⠳⣝⠿⣿⠻⠆⠨⢙⣿⠀⡿⢿⡯⠞
⠀⠣⣻⣿⣿⣷⣶⣶⣶⣾⣿⡼⠃
⠀⠀⠀⠀⠀⠀⣠⠔⣺⡝⣦⢠⠖⣒⠦⡄
⠀⠀⣀⡤⣤⢚⣥⣶⣶⣦⡙⠞⣠⣽⣶⣭⠳⣤⢤⣀
⣰⠋⠵⠇⠀⡿⠛⢉⣉⣉⣁⠘⠻⣿⣿⣿⡇⠀⠷⠎⢳⡀
⣿⠸⣿⣿⣿⣷⣤⣈⠁⠀⠤⣤⣤⣤⠉⢻⣶⣿⣿⣿⡆⣿
⠘⠧⣝⡻⢿⣟⠛⠻⠇⠀⠦⠀⢉⣿⠀⢸⠿⠿⢟⣫⠴⠃
⠀⢰⡏⢴⣿⣿⣿⣶⣆⣀⣒⣚⣛⣋⣀⣼⣷⡎⢻⡄
⠀⠀⠙⠮⣙⣛⣛⣛⣛⣛⣿⣟⣛⣛⣛⣛⣫⠵⠋
⠀⠀⠀⠀⠀⠀⠀⠀⢀⡤⢖⣛⠳⣄⢀⡴⢒⠶⢤⡀
⠀⠀⠀⠀⠀⠀⣠⠶⢋⣤⣭⣙⡀⢿⣼⠇⢘⣛⣄⡛⢦⣄
⠀⣀⡴⢞⡋⠻⢡⣾⣿⣿⣿⣿⣿⣆⣡⣾⣿⣿⣿⣿⣦⠙⠟⣛⠲⣤⡀
⣴⠏⣐⣛⣃⡀⣸⠛⠉⢠⣤⣤⣤⣤⣀⣙⣻⣿⣿⣿⡿⠀⣀⣛⣓⡈⢷⡄
⣿⠀⣿⣿⣿⣿⣿⣦⣤⣀⠁⠀⠀⢤⣤⣤⣤⡄⠈⢹⣶⣿⣿⣿⣿⣿⠀⣿
⠘⢧⡘⠿⣿⣿⣿⡿⠿⢿⡇⠀⢀⣄⠈⠙⢻⡇⠀⢸⣿⣿⣿⣿⠿⢋⡼⠋
⠀⠀⣩⡷⢂⣤⣿⣶⣄⣈⡉⠉⠉⣉⣀⣤⣾⡇⠀⢸⣯⣍⠡⣶⡚⠉
⠀⠀⢿⡀⢿⣿⣿⣿⣿⣿⣧⣤⣤⣤⣤⣤⣤⣤⣴⣾⣿⣿⠇⣸⠇
⠀⠀⠀⠙⠦⣭⣙⣛⣛⣛⣋⣭⣭⡭⣭⣭⣝⣛⣛⣛⣫⡥⠞⠋
⢴⣶⣦⣼⠯⠽⠷⢶⣶⣶⣿⣷⡀
⠀⠉⠻⠹⣑⣄⠀⠙⠒⠈⢛⠿⠿⠆
⠀⠀⠀⠀⠉⠛⠿⢶⣶⡾⠇
⣠⣤⣤⣀⣀⠠⣟⠋⣹⣿⣭⣭⡶⠶⣒⣪⣭⣵⡄
⠙⠿⣿⣿⣿⣿⣟⠋⠉⠉⢉⣛⡛⠻⠿⣿⣿⣿⣿⣄
⠀⠀⠀⠙⠧⠐⠆⢱⣆⠀⠀⠀⠙⢓⠀⠀⠹⣿⣿⣿⠷⠖
⠀⠀⠀⠀⠀⠀⠘⢿⣿⣷⣤⣃⡐⢀⣀⣤⡜
⠀⠀⠀⠀⠀⠀⠀⠀⠈⠉⠛⠿⢿⣿⣿⠟⠁
⠀⣀⣄⡀⠀⠀⢀⣸⡿⠍⢛⣿⣭⣍⣙⣒⣦⣤⠤⢒⣋⣝⣶⡀
⢾⣿⣿⣿⣿⣷⣶⣬⣽⣶⠿⠿⠿⢛⣛⣭⣥⣶⣾⣿⣿⣿⣿⣿⡀
⠈⠙⠿⢿⣿⣿⠿⠿⢤⡀⠀⠀⣀⠤⠤⣤⡉⠙⠛⠿⣿⣿⣿⣿⣷⣄
⠀⠀⠀⠀⠈⢿⡈⢹⠂⢹⣶⠀⠀⠀⠀⠘⠿⢛⠀⠀⠨⢿⣿⣿⣿⣿⡿⠖
⠀⠀⠀⠀⠀⠀⠀⠀⣶⣿⣿⣷⣄⠀⢆⠠⡀⠁⠀⠀⢀⡦⠉⠈
⠀⠀⠀⠀⠀⠀⠀⠀⠀⠙⠿⢿⣿⣿⣶⣶⣤⣴⣶⣿⣿⠄
⠀⠀⠀⠀⠀⠀⠀⠀⠀⠀⠀⠀⠈⠉⠛⠿⢿⣿⡿⠟⠁
⠀⠀⢀⣠⣤⣤⣽⣳⣶⣿⣷⣦⡀
⠠⠴⠺⠦⠶⢼⣾⣯⢞⡷⣿⣾⡿⢦
⠀⠀⠀⠀⠀⢀⣩⡿⠋⠁
⠀⠀⠀⠀⠀⣀⣀⣤⣤⣌⣛⠶⣶⣶⣾⣿⣶⣶⣄
⣀⢀⣀⣠⣮⣙⣉⣉⠩⡍⣻⡽⢒⣻⣭⣭⣿⢫⣿⣶⣤⡀
⠈⠉⠛⠐⠋⠙⠛⠓⠛⢳⣿⣵⢏⣶⡾⠜⠶⠓⠛⠛⠁⠛
⠀⠀⠀⠀⠀⠀⠀⠀⢀⣔⣠⠿⠛⠁
⠀⠀⠀⠀⠀⠀⠀⠀⣀⣀⣀⣀⣙⠳⣶⣶⣦⣤⣾⣿⣶⣶⡦⡀
⠀⠀⠀⠀⠀⡴⠚⠽⠛⠛⠛⢛⠻⢿⣲⡬⠭⢟⡛⠛⢻⣷⠝⣿⣆⣀
⠲⢶⣶⣒⢛⣻⢶⣶⣶⣒⣪⣽⡃⣿⣟⣠⣖⢋⣹⠫⣟⢥⣘⣻⣿⡾⢷⣄
⠀⠀⠀⠀⠀⠀⠀⠀⠀⠀⠀⠈⠳⡽⣿⢃⣶⡿⠗⠒⠘⠉⠉⠀⠉⠀⠉⠁
⠀⠀⠀⠀⠀⠀⠀⠀⠀⠀⠀⣤⣀⡲⠷⠛⠁
⠀⣀⣠⠤⠀⠀⠀⠀⠀⠀⠀⢠⣄⡀
⠘⠛⢻⣿⡶⠂⠀⣠⣶⠶⠞⠛⠛⠁
⠀⠰⣾⣯⣤⣴⠿⠋
⠀⠀⠀⠀⠀⣀⠀⠀⠀⠀⠀⠀⠀⠀⠀⠀⠀⠀⣀
⠀⣠⣴⣶⣛⡁⠀⠀⠀⠀⠀⠀⠀⠀⠀⠀⠀⣀⣻⣷⣦
⠀⠙⠛⠛⢻⣿⣿⠿⠋⠀⠀⢀⣴⣿⡿⠿⠿⠟⠛⠋⠁
⠀⠀⠀⣠⣿⡿⠇⠀⠀⣤⣶⣿⠟⠋
⠀⠀⠘⠿⠿⠷⠷⠿⠿⠿⠛⠁
⠀⠀⠀⠀⠀⠀⠀⣀⠀⠀⠀⠀⠀⠀⠀⠀⠀⠀⠀⠀⠀⠀⠀⢀
⠀⠀⣀⣤⣴⡶⠞⠉⠀⠀⠀⠀⠀⠀⠀⠀⠀⠀⠀⠀⠀⠀⠀⢿⣷⣤⣀
⠀⠾⣿⣿⣿⣷⣶⣶⣶⣶⡶⠂⠀⠀⠀⠀⣠⣦⣴⣶⣶⣶⣶⣿⣿⠿⠋
⠀⠀⠀⠀⠈⣽⣿⣿⡟⠋⠀⠀⠀⢀⣴⣿⣿⡿⠟⠉⠉⠉⠁
⠀⠀⠀⢀⣴⣿⣿⠟⠁⠀⢀⣴⣾⣿⡿⠋⠁
⠀⠀⠀⠙⠿⠿⠿⠿⠿⠿⠿⠿⠛⠋⠁
⠀⠀⢐⣦⣤⣤⣤⣤⣀⣀⣀
⠀⠰⠶⣿⣿⣿⣿⣿⣿⣿⣿⣟⣳⡦
⠀⠀⠚⠹⠟⠛⠉⠉⠁
⠀⠀⠀⠀⢤⣄⣀⣀⣀
⠀⠀⠀⠐⠒⢿⣿⣿⣿⣿⣿⣿⣿⣿⣶⣶⣶⣤⣄⡀
⠀⠠⠶⣿⣿⣿⣿⣿⣿⣿⣿⣿⣿⣿⣿⣿⣛⣛⡫⣽⣶⣦
⠀⠀⠀⣀⣬⣿⣿⣿⣿⣿⠿⠿⠿⠛⠉⠉⠉⠉⠉⠉⠉⠁
⠀⠀⠀⠁⠀⠰⠛⠉
⠀⠀⠀⠀⠀⢤⣀⣀⡀
⠀⠀⠀⠀⠤⢤⣽⣿⣿⣿⣿⣿⣷⣶⣶⣶⣶⣶⣤⣤⣤⣄⣀
⠀⠀⣀⣠⣤⣶⣶⣾⣿⣿⣿⣿⣿⣿⣿⣿⣿⣿⣿⣿⣿⣿⣿⠿⠶⢤⣄
⠀⠀⠉⠙⠛⠿⢿⣿⣿⣿⣿⣿⣿⣿⣿⣿⣿⣿⣿⣯⣭⠭⠭⢭⣽⠿⣷⠇
⠀⠀⠀⢀⣤⠶⠿⢟⣿⣿⣿⠿⠿⠟⠛⠛⠋⠁
⠀⠀⠀⠀⠀⠀⠀⠚⠉⠁
⠀⣤⠒⠋⠉⠉⠉⣹⠗⣦⣄⣀
⢉⠏⠘⠁⠀⠒⠀⠈⠀⠀⠉⠛⣿⣄
⠘⢶⡖⠆⠀⠀⣠⡴⠞⠀⠀⢨⣿⠟
⠀⠀⠘⠓⠾⠛⠀⠀⠀⢀⠤⠞⠁
⠀⠀⣀⡴⠶⠒⠒⠚⠛⠛⠙⠛⢷⡶⢲⣄
⢤⣬⣿⢀⢤⠀⠀⠀⢀⠀⠀⠺⠯⠀⠚⠛⢿⣷⣶⣤
⠀⡼⠃⠐⠃⠀⠀⠐⠉⠀⠀⠀⠀⠀⠀⠀⠀⠈⢙⣿⣿⣆
⠸⣧⣤⣴⢦⣄⠀⠀⠀⠀⠀⣠⣤⠶⠀⠀⠀⠀⢸⣿⣿⠛
⠀⠀⠈⢻⣄⣄⠀⣀⣠⠖⠛⠉⠀⠀⠀⠀⠀⢀⣼⡿⠃
⠀⠀⠀⠀⠉⠉⠓⠟⠉⠀⠀⠀⠀⠀⣀⡤⠴⠛⠉
⠀⠀⠀⠀⣠⣴⡶⠶⠒⠒⠛⠛⠛⠛⠻⢶⣶⣶⢢⡀
⠀⠠⢶⡿⠁⠀⢀⠀⠀⠀⠀⠀⠀⠀⣤⣶⠛⢁⣼⣿⣷⣦⣤⣀⡀
⠙⠻⣿⡇⠰⣁⠇⠀⠀⠀⣠⡄⠀⠀⠈⠉⠁⠀⠀⠀⠉⠻⠿⣿⣿⣯⡀
⠀⣠⠟⠁⠘⠁⠀⠀⠀⠈⠁⠀⠀⠀⠀⠀⠀⠀⠀⠀⠀⠀⠀⢈⣻⣿⣿⣆
⢰⣯⣀⣠⣤⠤⡄⠀⠀⠀⠀⠀⠀⠀⠀⣀⣤⡾⠀⠀⠀⠀⠀⢸⣿⣿⡿⠿
⠀⠘⠋⠿⣿⠉⠉⠁⠀⠀⠀⢀⣤⡶⠾⠋⠁⠀⠀⠀⠀⠀⠀⢸⣿⣿⠃
⠀⠀⠀⠀⠨⣷⠶⣄⡀⣶⢤⡟⠀⠀⠀⠀⠀⠀⠀⠀⠀⢀⣴⣿⠟⠁
⠀⠀⠀⠀⠀⠀⠀⠈⠙⠋⠀⠀⠀⠀⠀⠀⠀⢀⣀⠤⠖⠛⠉
⠀⠀⠀⠀⠠⢦⣶⣶⡒⠰⣆
⠀⠀⠀⠀⠀⢺⣶⣾⣧⣤⣤⠀⢄⡀
⠀⠤⣶⡟⢻⣿⡿⠧⢞⡿⠋⠂⠀⠉
⠀⠀⠈⢙⡺⠋⠀⠀⠉
⠀⠀⠀⠀⠀⠀⠀⣠⣄⣰⣄⣤⡖⠲⠄⣤⡀
⠀⠀⠀⠀⠀⠀⠀⠀⣠⠟⠙⣻⣿⡄⠈⠉⠛⠃
⠀⠀⠀⠀⠀⠀⠀⠐⢱⣾⣹⣿⡟⣶⣴⣶⣶⠆⠀⠢⣄⡀
⠀⢀⣀⣤⣶⣿⢿⣿⣯⣽⣿⣏⣤⡾⢿⣿⠋⠠⠀⠀⠈⠉
⠀⠀⠈⠙⢿⣷⡄⣹⣿⠟⠉⠁⢀⠾⠋⠀⠈
⠀⠀⠀⠀⠀⣠⢊⠜⠁
⠀⠀⠀⠀⠀⠀⠀⠀⠀⣀⣀⠀⣶⣄⣀⣤⠤⠤⠤⣠⡀
⠀⠀⠀⠀⠀⠀⠀⠀⠀⠉⠛⣹⡿⢿⣿⣷⣄⠀⠰⠮⣿⣦⠀⠀⠀⠀⠈
⠀⢀⠀⠀⠀⠀⠀⡀⠀⠀⣴⢟⣁⣤⣴⣿⡿⠃⠀⠀⠀⠀⡆⠀⢠
⠀⠈⠄⠀⠀⠀⠠⠀⠀⢘⣃⣿⣯⣽⣿⡿⢱⣣⣿⣿⣿⣿⠁⠀⠜⢲⣄⡀
⠀⠀⡀⠀⣠⣴⣶⣾⣿⣿⣟⣋⣛⣻⣋⢀⣵⣿⣿⣿⡿⠃⣠⠀⠀⠀⠙⠋
⠀⠒⠚⠛⢿⣿⣿⡉⠉⢿⣿⣿⣿⠿⠋⠛⢉⣤⡾⠋⠠⠂
⠀⠀⠀⠀⠀⠙⠛⠿⣢⠾⡿⠟⠁⠀⠀⠠⠚⠉
⠀⠀⠀⠀⠀⠀⣀⠔⣡⠞
⠀⠀⣀⣀⣀⣀⣤⣾⣦⣤⣤⣴⣶⡆
⠀⣴⣾⣿⣷⣿⣷⣿⣿⣿⣿⣟⡻⠇
⠚⠛⠛⠛⢻⣿⣿⣿⣿⡟⠛⠉
⠀⠀⠀⠀⠀⠀⠀⠀⠀⠀⣀⣤⣾⣄⡀⣤⣀⣀⣤⣴⣤⡀
⠀⠀⠀⡴⣲⣶⣶⢳⣶⣾⡻⣿⣿⣿⣿⣿⣿⣿⣿⣿⣷
⠀⢠⢯⣷⣿⣟⣿⣾⣿⣿⣿⣿⣿⣿⣿⣿⣿⣿⠟⢻⡿⠂
⢠⣿⣿⣿⣯⣽⣿⣿⣿⣿⣿⣿⣭⣿⣿⣿⣿⣿⠟⠊
⠉⠉⠉⠉⠉⠉⠁⣼⣿⣿⣿⣿⣿⣿⡷⠋⠁
⠀⠀⠀⠀⠀⠀⠀⠀⠀⠀⠀⠀⠀⢀⣀⣶⣦⡀⠀⢠⡀⠀⢀⣠⣤⣤⣤
⠀⠀⠀⠀⣠⣤⣦⣤⣴⣶⣤⣤⣾⣿⣿⣿⣿⣿⣿⣿⣿⣿⣿⣿⣿⣿⡍
⠀⠀⢠⢴⣇⣾⣿⡿⣿⣼⣿⡿⣽⣢⣿⣿⣿⣿⡻⣿⠿⣿⣿⣿⣿⣿⣧
⠀⢠⣯⣾⣿⣿⣷⣷⣿⣿⣟⡿⣻⣿⣿⣿⣿⣿⣿⣿⢫⣿⣭⣥⢈⠟⠋
⣠⣫⣿⣿⣿⣷⣾⣿⣿⣿⡞⣽⣿⣿⣟⣾⣾⣿⣿⣷⣿⡿⠟⠋⠁
⠀⠀⠀⠀⠀⠀⠀⠀⢀⣞⣼⣿⣿⣿⣾⣿⣿⣿⠵⠃
⠀⠀⣠⣤⣶⣿⣵⡛⠛⣁⡒⠀⠀⡀
⠀⠉⠻⠿⢿⡟⠴⠊⠁⠉⠙⠓⠀⠉
⠀⠀⠀⠀⣀⣀⣤⣶⣶⣟⣩⡽⠿⠟⠓⠀⠦⠄
⠀⣠⣬⢿⣿⣿⡟⣽⣿⠿⠛⣓⡤⠤⠶⢶⣶⣀⠀⠤⠴⠦
⠀⠀⠀⠈⠻⠛⠿⣿⠿⠐⠾⠁⠀⠀⠀⠀⠀⠈⠉
⠀⠀⠀⠀⠀⠀⠀⢀⣠⣤⣶⣖⡛⣉⣽⣿⡿⠿⠖⠒⣢⣄⡀
⠀⠀⠀⠒⣦⣿⣿⣿⣾⢛⣿⣯⣾⣿⣅⠀⠀⠀⣄⣤⣄⣀⡀⠀⠀⠀⢀⡀
⠀⠒⠚⠛⢹⣿⣿⣿⣇⣿⣿⡟⠁⣀⡴⠒⠛⠁⠈⠛⠿⠳⢦⢭⠉⠑⠉⠉
⠀⠀⠀⠀⠀⠙⠋⠙⠻⢿⡿⠇⠙⠿
⠀⣴⣂⣀⡶⠶⠶⠶⢦⣼⠇⢀⡤
⠚⠒⠚⢟⣁⣚⣿⣶⣚⣃⡴⠏
⠀⠀⣠⠴⠒⢊⣉⣉⣉⣉⣉⣉⣉⣉⢑⣶⡖
⠀⢠⣿⣤⣤⣉⣉⣉⣉⣉⣉⠉⠛⢻⣿⡟⠒⢒⣶⡶⠒
⣰⣯⣄⣉⣉⣹⠃⢀⣼⣿⣉⣠⣤⣿⡟⠀⢀⣾⠏
⠀⠀⠀⠀⠘⠷⠤⣄⣈⣉⣉⣉⣉⣭⡤⠴⠟⠋
⠀⠀⠀⣀⡤⠴⠒⠒⠋⣉⣉⣉⣉⡉⠉⠉⠉⠙⠒⣶⣶⠆
⠀⠀⠰⣏⡀⠀⠘⠛⠛⠛⠛⠛⠛⠻⠿⠿⢿⣿⣾⡿⠧⠤⠤⣤⣤⣤⠤
⠀⣰⠟⠛⠿⠿⢿⣷⡖⠒⢒⣶⣶⠶⠆⠀⢀⣿⣿⠏⠀⠀⣴⣿⠋
⠼⠿⠶⠶⠤⢤⣤⠏⠀⠠⣾⣿⣧⣶⣶⣾⣿⣿⠋⠀⢀⣾⡿⠃
⠀⠀⠀⠀⠀⠀⠛⠶⠤⢤⣤⣄⣀⣀⣠⣤⣤⣤⠴⠶⠟⠋⠁
⠀⣀⣴⣶⣾⣭⣽⣿⣭⣭⣓⡶⣄
⠈⠙⠛⠛⠛⠻⠿⣿⠿⠷⠒⠶⢤⡿
⠀⠀⠀⢀⣤⣴⠶⣒⣛⣉⣭⣭⣭⣉⣛⠓⠲⢦⣤⡄
⢀⣴⣾⣿⣷⣿⣿⣿⣷⣶⣶⣶⣿⣾⣿⠛⠛⠉⠉⠑⠲⣄
⠀⠀⠀⠉⠉⠉⠉⠙⠛⠛⠿⣿⠿⠿⠛⠛⠛⠛⠓⠶⡼⠟
⠀⠀⠀⠀⠀⣀⣠⣤⣴⠖⠒⠛⠛⣉⣉⣙⡛⠛⠛⠒⠶⠦⣤⣄⣀
⠀⠀⣀⣤⣶⣛⣭⣵⣶⣖⣛⣛⣩⣭⣍⣛⣯⣿⣷⣶⣤⡤⠿⠛⠯⣄⡀
⠐⠚⠛⢛⣿⣿⣿⣿⣿⣿⣿⣿⣿⣿⣿⣿⣿⣿⠯⢥⣤⣄⣀⡀⠀⠀⣹⣦
⠀⠀⠀⠀⠀⠀⠀⠀⠀⠉⠉⠉⠛⠻⢿⡿⠗⠚⠋⠉⠉⠉⠉⠙⠛⢶⠿⠋
⠀⠀⠀⠀⠀⣀⠀⠀⣀⡀
⢀⣻⣿⣯⣽⡿⠿⣶⣿⢿⣿⣠⣿⠃
⠀⠀⠀⠀⠉⠁⠀⠈⠁
⠀⠀⠀⠀⠀⠀⠀⠀⠐
⠀⢀⣀⣤⣤⣤⣤⣠⣷⣤⣀⠀⢺⣥⣤⣤⣤⡄⠀⣠⣤⡄
⠀⠘⠿⣿⣿⣶⣤⣿⣿⡿⣿⣷⣿⣿⣿⣿⣿⠁⣸⣿⡿⠁
⠘⠛⠛⠛⠋⠉⠛⠛⡻⠄⠈⠙⢿⡟⠈⠙⠛⠛⠛⠉
⠀⠀⠀⠀⠀⠀⠀⠀⠀⠀⠀⠐
⠀⠀⠀⠀⠀⠀⠀⠀⠀⠀⠐⠤⠀⣀
⠀⠀⠀⠀⠀⠀⠀⠀⠀⠀⣶⣀⠀⠀⠉⣁⡲⠤
⠀⠀⣤⣶⣶⣶⣶⣶⡶⣲⣿⣿⣷⣦⡀⢈⣿⣿⣿⣷⣶⣶⠆⠀⣴⣶⣶⠆
⠀⠈⠻⠿⢿⣿⣶⣶⣤⣿⣿⣿⢿⣿⣿⣿⣿⣿⣿⣿⣿⡟⠀⣸⣿⣿⡟
⠠⠾⠿⠿⠿⠿⠿⠛⣿⣿⣿⡇⠈⠙⢿⣿⣿⡟⠙⠻⠿⠿⠿⠿⠿⠋
⠀⠀⠀⠀⠀⠀⠀⠀⠀⠒⠲⠍⣁⠀⠀⠈⠿⠁
⠀⠀⠀⠀⠀⠀⠀⠀⠀⠀⠀⠀⠀⠈⠁⠓
⠐⠲⠜⡻⠿⠿⠿⠯⠽⠷⠶⠶⠤⢀
⢠⣤⣴⠲⣶⣾⣿⣿⣿⣿⣟⣻⠿⢿⣲⣦⣠⣄⣀⡀
⠀⠀⠙⠛⠢⠭⠝⠛⠛⠛⠛⠛⠛⠛⠛⠛⠿⠿⠭⠽⠓⢤
⠀⠀⠤⠤⣤⣤⣶⣾⣿⣿⣿⡿⠿⠿⣿⣛⣓⠶⢶⣤⡀
⠈⠛⢛⣳⣄⡑⠲⣶⣶⣶⣯⣭⣝⣓⠶⢦⣍⣹⣿⣿⣵⣿⡿⢷⣦⣄⡀
⠀⠀⠀⠈⠉⠙⠶⠶⠌⠉⠉⠉⠀⠚⠛⠉⠉⠉⠛⠛⠛⠛⠛⠒⠒⠋⠉⣢
⠀⠀⢀⣠⠴⠒⠿⢍⡍⠉⠙⠲⡄
⠀⠴⢿⣿⡶⢂⣼⠏⠭⠛⠛⠛⠃
⠀⠀⠀⠀⠀⠀⢀⣠⡤⠖⣚⣛⠋⠉⠛⠛⠒⣦⡀
⠀⠀⠀⠀⣠⣶⠟⠁⠀⢍⠍⢩⣈⣉⡉⠀⠀⠀⢙⡷
⠀⠀⣤⣾⣿⣯⣵⡤⠤⠤⠿⠿⠿⠛⠿⢿⣿⣾⡿⠶⠤
⠠⠶⠛⠛⣻⠿⠿⠶⠒⠶⠾⠗⠒⠛⠉⠉⠁
⠀⠀⠀⠀⠀⠀⠀⠀⠀⢀⣠⣤⠶⠖⠛⠛⠛⠛⠛⠛⠒⠶⣤⡀
⠀⠀⠀⠀⠀⠀⣀⣴⡾⠛⠁⢐⠟⠛⠿⠁⠶⠶⠒⠀⠈⠉⠉⠻⣦⡀
⠀⠀⠀⠀⣀⣾⣿⡯⠀⠀⠀⠈⠊⣥⣬⣽⣿⣶⣦⣤⣤⣄⣠⡴⠛⠁
⠀⠀⢴⣾⣿⣿⣿⠾⢿⡚⠛⠒⠉⢛⡛⠉⠉⢙⣛⣻⣿⠿⠿⠛⠛⠋⠉⠁
⠠⠒⠛⠛⠛⣫⠿⠿⠿⠒⠚⡻⠿⠟⠓⠛⠉⠉⠁
⠀⣀⣴⣶⡾⠿⣿⣿⣿⣷⡶
⠀⣿⡏⢠⣾⣿⣿⣿⣿⣿⠷⠦
⠀⡸⠇⢈⣿⣿⣿⣿⣿⣿⣿⣿⠟⠁
⠀⠀⠀⠀⠀⠉⠉⠙⠛⠿⢆
⠀⠀⠀⢀⣠⣴⣶⣶⣿⣿⣿⣿⣿⣿⣶⣶⣦⣄
⠀⢀⣾⣿⣿⠿⠟⠛⣛⣻⣿⣿⣿⣿⣿⣿⠟⠁
⠀⢸⣿⣿⠁⣠⣾⣿⣿⣿⣿⣿⣿⣿⣿⣿⣿⣶⣄
⠀⠈⢿⣿⠀⢻⣿⣿⣿⣿⣿⣿⣿⣿⣿⣶⣤⣤⣤⣤⣤⠄
⠀⠀⣸⡿⠁⠀⣻⣿⣿⣿⣿⣿⣿⣿⣿⣿⣿⣿⣿⠟⠁
⠀⠉⠀⠀⠀⠉⠙⠛⠛⠻⠿⢿⣿⣿⣿⣿⠛⠛⠁
⠀⠀⠀⠀⠀⠀⠀⠀⠀⠀⠀⠀⠀⠉⠙⠛⠧
⠀⠀⠀⠀⠀⣀⣤⣴⣶⣶⣿⣿⣿⣿⣿⣿⣿⣷⣶⣶⣦⣤⣀
⠀⠀⣠⣶⣿⣿⣿⣿⠿⠿⠿⠛⣿⣿⣿⣿⣿⣿⣿⣿⣿⠟⠁
⠀⢠⣿⣿⣿⠟⠁⣀⣴⣶⣿⣿⣿⣿⣿⣿⣿⣿⣿⣿⣷⣦⣄
⠀⠀⢿⣿⣿⠀⢰⣿⣿⣿⣿⣿⣿⣿⣿⣿⣿⣿⣿⣛⣛⠛⠛⠛
⠀⠀⠈⣿⣿⡆⠀⢻⣿⣿⣿⣿⣿⣿⣿⣿⣿⣿⣿⣿⣿⣿⣿⣿⣿⡿⠋⠁
⠀⢀⡴⠿⠛⠀⢀⣠⣿⣿⣿⣿⣿⣿⣿⣿⣿⣿⣿⣿⣿⣿⣿⡿⠋
⠀⠀⠀⠀⠀⠀⠀⠀⠉⠉⠉⠙⠛⠻⠿⠿⣿⣿⣿⣿⣍⠉⠉
⠀⠀⠀⠀⠀⠀⠀⠀⠀⠀⠀⠀⠀⠀⠀⠀⠀⠈⠉⠛⠻⢦
⠀⠀⠀⠀⢀⣠⣤⣶⣶⣭⣭⢀⣴
⠠⣀⣰⣃⡠⠎⠎⠜⠙⠻⠿⠏⠁
⠀⠀⠀⠀⠀⠀⠀⠀⠀⢀⣀⣴⣖⣶⣏⢉⣉⡃⠀⣐⠆
⠀⢀⠀⡀⢀⡄⢀⠚⣻⠛⣻⠛⣻⣿⣿⣿⣿⣏⣴⠎⠓
⠠⣓⣒⣥⣯⡤⠦⠼⠥⠬⠥⠞⠁⠀⠙⠛⠛⠛⠃
⠀⠀⠀⠀⠀⠀⠀⠀⠀⠀⠀⠀⠀⢀⣠⣶⢶⣶⡚⠉⠉⠒⠒⠒⠀⢤
⠀⠀⠀⠀⠀⠀⠀⠀⠠⣤⣤⣶⣿⣿⣿⣿⣿⣿⣿⣮⣿⣿⠂⢠⣛⢷⡀
⠀⢀⠔⠢⠄⣁⡾⠉⠡⠀⡹⠃⣠⠾⢀⡴⠛⠿⣿⣿⣿⣿⣶⡚⠛⠁
⠰⢯⣭⣥⠴⠯⠤⠬⠵⠞⠳⠤⠵⠖⠛⠁⠀⠀⠈⠉⠛⠛⠛⠁
⠀⠀⠀⣠⣶⡷⡶⣷⣦⣄
⠀⢀⣴⡟⢊⣑⣡⣼⣿⣿⣧⢀⣀
⢀⣬⠿⣿⣿⣿⣿⢺⣿⣽⣿⣼⣿
⣬⣿⠧⠿⠎⠛⠛⠉⠉⠁⠈⠁
⠀⠀⠀⠀⠀⠀⣠⣶⣦⣤⣶⣷⣤⣤⣀
⠀⠀⠀⠀⢰⣿⢛⣫⠅⠈⠉⠻⣿⣯⣿⣷⡄
⠀⠀⢀⡴⣟⣁⠉⣀⣀⣠⡴⣢⠵⣿⡿⣿⣿⠀⢀⣀
⠀⠀⢈⡳⢾⣿⣾⠿⣫⣷⡖⠰⣿⣯⡃⢸⣿⠠⢸⣿
⠰⣿⣯⣅⢸⣿⡹⣟⠅⣿⣇⣰⣶⣿⠷⠺⠿⠿⠿⠿⠒
⣰⣶⡿⠷⠞⠛⠛⠀⠉⠉⠁
⠀⠀⠀⠀⠀⠀⠀⠀⣠⣴⣶⣤⣤⣔⣶⣤⣄⣀
⠀⠀⠀⠀⠀⠀⣴⠿⠿⢟⡫⠉⠉⠉⢻⢿⣿⣽⣿⣦⣄
⠀⠀⠀⠀⢀⣴⠟⠫⠞⠋⠁⠀⠀⣀⠄⢘⣹⣿⣿⣿⣿⡄
⠀⠀⠀⢺⡉⡸⢦⠆⣠⣾⣶⠶⣛⣁⠚⣫⣽⢿⡍⢹⣿⡇⠀⢰⣶⡆
⠀⢀⣠⣤⡍⠛⣿⣿⣯⣝⣵⢾⣿⡇⠈⠛⢿⣶⡆⡸⣿⣧⣀⣼⣿⡇
⠐⠿⢿⣶⡦⠀⣿⣿⠘⠯⢖⣸⣿⣧⡼⠿⠿⠿⠚⠉⠛⠛⠛⠛⠛⠋⠁
⣰⣶⣿⠯⠶⠒⠛⠛⠉⠀⠉
⠀⠀⢀⣰⣖⣤⣶⣮⣷⣤⡄⡤
⠀⢩⣿⣿⣿⣿⣿⣿⣿⣿⣿⣿⣦⠤
⠉⢙⣟⣿⣿⣿⣿⣿⣿⣿⣿⣿⡟⠆
⠀⠈⠀⠉⠯⠟⠿⠿⢟⠟⠋⠛⠃
⠀⠀⠀⠀⠀⠀⣖⠤⢄⣤⣤⣴⣙⣦⣀⣀⠀⣀⡀
⠀⠐⢦⣶⣖⣯⣿⣿⣿⣿⣿⣿⣿⣿⣿⣿⣭⣴⣅⡀
⠀⣀⡰⠿⣿⣶⣿⣿⣿⣿⣿⣿⣿⣿⣿⣿⣿⣿⣿⣿⡴⠒
⠉⠉⠳⣶⣻⣿⣿⣿⣿⣿⣿⣿⣿⣿⣿⣟⣿⣿⣿⣛⣧⡄
⠀⠀⠴⠿⠾⢿⣿⣿⣿⣿⣿⣿⣿⣿⣿⣿⣿⣿⣿⡃
⠀⠀⠀⠀⠀⠀⠾⠴⠚⠛⠛⠛⠻⢍⡞⠉⠀⠀⠀⠁
⠀⠀⠀⠀⠀⠀⠀⢰⡦⠤⣀⣀⣀⣀⣴⠋⠳⣄⣀⡀⠀⠀⠀⡀
⠀⠀⢤⡠⣤⢤⣶⣺⣿⣶⣶⣿⣿⣿⣿⣿⣿⣿⣿⣿⣟⣉⣹⡋
⠀⠀⠀⢩⣿⣿⣟⣿⣿⣿⣿⣿⣿⣿⣿⣿⣿⣿⣿⣿⣿⣿⣿⣽⢷⡤⣤⣤
⠤⠶⣶⣉⣉⡿⣿⣿⣿⣿⣿⣿⣿⣿⣿⣿⣿⣿⣿⣿⣿⣿⣿⣿⣿⡿⠁
⠀⠀⠀⢘⣿⢾⣿⣿⣿⣿⣿⣿⣷⣿⣿⣿⣭⣿⣟⣷⣾⣿⣿⣿⡦⠽⠓⠂
⠀⠀⠀⠛⠚⠛⠛⠿⣿⠿⢿⣿⣿⣿⣿⣿⣿⣿⣿⣿⣿⠿⢿⣿⣇
⠀⠀⠀⠀⠀⠀⠀⠀⠯⠖⠚⠉⠉⠉⠛⠛⠢⣄⠎
⠀⠀⠀⠺⡹⣿⣿⢷⣶⡢⡀
⣀⣀⣼⣿⣵⣿⣿⠿⡻⠿⣾⣶⣤⣀
⠙⠛⠛⢿⣿⡿⢻⡄⠚⣃⡼⠿⠟⠛
⠀⠀⠀⠪⣘⠇⠀⠀⠨⠚
⠀⠀⠀⠀⠀⠲⡉⢭⣽⣿⣿⣿⣷⣶⡢⢄
⠀⠀⠀⢀⣼⣦⠗⣼⣿⣿⣧⣼⣿⡿⢿⣶⣕⣦⣀⡀
⢴⣶⣾⣿⣿⣿⣿⣿⣿⣿⣯⠉⢐⣨⣭⠉⢻⣿⣿⣿⣿⣷
⠀⠀⠀⠈⠉⢹⠟⣯⣍⠉⠱⠲⠈⢉⡤⡴⠛⠛⠋⠉⠉⠁
⠀⠀⠀⠀⠀⠃⣆⡹⠯⠅⠈⠉⠉⠥⠚⠁
⠀⠀⠀⠀⠀⠀⠲⣖⠛⣭⣭⣭⣭⣭⣭⣗⣒⡢⢤⡀
⠀⠀⠀⠀⠀⢀⣄⢸⡆⢹⣿⣿⣿⠟⠛⣿⣿⣿⣷⣍⠳⣄
⠀⠀⠀⢀⣤⣾⣿⣿⣡⣾⣿⣿⣿⣿⣿⡿⠿⢛⣛⡻⣷⣮⣗⣦⣤⣀⡀
⣴⣷⣾⣿⣿⣿⣿⣿⣿⣿⣿⣿⣿⣭⠒⠈⢋⣩⣤⠉⠙⣿⣿⣿⣿⣿⣿⣷
⠈⠉⠉⠉⠙⠛⠻⢿⣿⣛⡛⠛⠛⣩⣤⡌⠛⠙⢉⣀⣼⣿⠿⠿⠟⠛⠛⠁
⠀⠀⠀⠀⠀⠀⢠⠟⠀⣿⡿⠤⠄⠅⣠⡥⠤⠴⢋⡿
⠀⠀⠀⠀⠀⠀⠉⠺⣆⡼⠛⠢⠤⠤⠤⠤⠤⠚⠉
⣀⣤⣶⣿⣿⣿⣿⣿⣿⣿⠟⠂⠀⢀
⣿⣿⣿⣿⣿⣏⠉⠉⠙⠃⠀⠀⠀⠘
⠙⠻⢿⣿⣿⣿⠟⠁⠀⠀⠀⠀⠀⢀
⣤⣤⣤⣤⠤⠀⠀⠀⠁⠀⠀⠀⠀⢸
⠉⠛⠟⠁⠀⠀⠀⠀⠀⠀⠀⠀⠀⠈
⠀⣀⣠⣤⣶⣿⣿⣿⣿⣿⣿⣿⣿⣿⣿⣿⣿⠖⠠⢄⣀
⣿⣿⣿⣿⣿⣿⣿⣿⣿⠿⠿⠿⠿⢿⡿⠋⠀⠀⠀⠀⠀⣽
⣿⣿⣿⣿⣿⣿⣿⣿⣿⣀⣀⣀⡀⠈⠉⠉⢉⡉⠉⠉⠉⠉
⠙⠛⠿⣿⣿⣿⣿⣿⣿⣿⠟⠁⠀⠀⠀⠀⠀⠈⠉⠒⠠⣄
⣀⣀⣀⣀⣈⣉⣉⣉⠉⠁⠀⠀⠀⡆⠀⠀⠀⠀⠀⠀⠀⣾
⣿⣿⣿⣿⣿⠿⠋⠘⠒⠒⠒⠒⠒⠃⠀⠀⠀⠀⠀⠀⠀⣻
⠀⠉⠙⠛⠥⣀⣀⣀⣀⣀⣀⣀⣀⣀⣀⣀⣀⠤⠐⠊⠉
⠀⠀⠀⣀⣤⣴⣶⣿⣿⣿⣿⣿⣿⣿⣿⣿⣿⣿⣿⣿⣿⣶⠦⠤⣀
⣶⣾⣿⣿⣿⣿⣿⣿⣿⣿⣿⣿⣿⣿⣿⣿⣿⣿⣿⡿⠋⠁⠀⠀⠀⠉⠑⣶
⣿⣿⣿⣿⣿⣿⣿⣿⣿⣿⣿⡏⠉⠉⠉⠉⠉⠹⠏⠀⠀⠀⠀⠀⠀⠀⠀⠿
⣿⣿⣿⣿⣿⣿⣿⣿⣿⣿⣿⣧⣤⣤⣤⠤⠤⠤⠤⠤⠤⠤⣀⡀
⠙⠛⠿⢿⣿⣿⣿⣿⣿⣿⣿⣿⡿⠟⠁⠀⠀⠀⠀⠀⠀⠀⠀⠉⠑⠒⠤⣄
⠀⠀⠀⠀⠈⠉⠛⠛⠛⠛⠛⠛⠐⠀⠀⠀⢠⡄⠀⠀⠀⠀⠀⠀⠀⠀⠀⣿
⣶⣶⣶⣶⣶⣶⣶⣶⠖⢲⣆⣀⣀⣀⣀⣀⣸⠇⠀⠀⠀⠀⠀⠀⠀⠀⠀⣿
⠿⢿⣿⣿⣿⣿⠟⠁⠀⠀⠀⠀⠀⠀⠀⠀⠀⠀⠀⠀⠀⠀⠀⠀⠀⣀⡠⠿
⠀⠀⠀⠉⠛⠣⢤⣀⣀⣀⣀⣀⣀⣀⣀⣀⣀⣀⣀⣀⣀⡤⠔⠒⠉⠁
⣤⣤⣤⣴⣾⣶⣦⣨⣽⡿⣦⡀
⠈⠉⠿⡿⠛⠛⣿⡿⢇⡘⠼⠿⢄⡀
⠀⢰⣲⣵⣶⣾⣭⠳⣿⡿⣷⡧⠀⠉
⠀⠈⠁⠹⣿⠿⡿⠐
⣀⣀⣀⣀⣀⣴⢲⣶⣦⡢⡀⠀⠋⣳⡶⣴⣦
⠣⢻⣿⣿⣿⣿⣯⠫⡻⡣⣿⣿⣿⡟⠉⡨⢓⣷⣦
⠀⠀⠀⠙⠜⡯⠋⠉⠉⣫⣿⡿⢟⣃⣀⠑⠿⠟⠛⠧⢀⡀
⠀⠀⢠⠖⣭⣓⠦⠤⠬⠮⡓⢳⣾⣭⡭⣭⣥⡶⣍⠁⠀⠉
⠀⠀⠸⢃⡓⠮⠭⣽⣿⣗⣧⠀⢍⠛⠋⠉⠉⠉⠁
⠀⠀⠀⠀⠀⠘⢝⣓⢚⣳⠄⠒⠁
⠀⢀⣀⣀⡀⠀⢀⡔⣢⣤⣤⡢⣄⠀⠀⠛⠩⢷⡶⣔⡦⡀
⣎⢵⣿⣿⣷⣾⣭⣓⠭⡻⣿⣿⢎⠧⣴⣶⣾⣿⠷⠚⢣⣹⢄⡀
⠈⠓⠫⠿⣛⢻⣿⡿⢷⣈⠮⣵⢳⣿⣿⣿⣿⠁⠀⣴⢁⣼⣷⡽⡄
⠀⠀⠀⠀⠙⠚⢩⠞⠁⠀⠀⣘⣎⡻⣿⠛⣛⣀⣀⡈⠚⠛⠛⠁⠣⠤⣀⡀
⠀⠀⠀⢠⠔⣊⠩⢦⣄⣀⣀⡳⣘⠬⠷⣦⣭⣍⢛⣛⣓⣠⢖⡉⠉⠁⠈⠉
⠀⠀⠀⣸⡄⢭⣛⠓⠶⠦⡤⠤⢌⡇⠘⠻⠿⠿⠷⠓⠿⠿⠧⠏
⠀⠀⠀⠙⠒⠤⠬⢭⣭⡽⢻⣿⠦⠻⠁⣉⠆
⠀⠀⠀⠀⠀⠀⠀⠙⠬⣒⣛⣉⡳⠂⠉
⠀⠀⠀⠀⢸⣦⡀
⠀⠀⠀⢺⣿⣿⣿⣷⣶⣶⣶⣤⡀
⠠⠴⠒⠛⠻⠿⢿⣿⣿⣿⠿⠛⠓⠂
⠀⠀⠀⠀⠀⠀⠀⠈⢻⠃
⠀⠀⠀⠀⠀⠀⠀⣾⡄
⠀⠀⠀⠀⠀⢠⣀⣿⣿⣦⣄⡀
⠀⠀⠀⠀⠘⠶⣿⣿⣿⣿⣿⣿⣿⣿⣶⣶⣶⣤⡀
⠀⠀⠀⢀⣀⣼⣿⣿⣿⣿⣿⣿⣿⣿⣿⣿⣿⣿⠿⠢⣀
⢀⡴⠾⠛⠛⠛⠛⢻⣿⣿⣿⣿⣿⣿⣿⣿⡿⠓⠋⠉⠉⠁
⠀⠀⠀⠀⠀⠀⠀⠀⠀⠀⠀⠙⢿⣿⣿⠋
⠀⠀⠀⠀⠀⠀⠀⠀⠀⠀⠀⠀⠀⠻⠁
⠀⠀⠀⠀⠀⠀⠀⠀⠀⣼⣆
⠀⠀⠀⠀⠀⠀⠀⠀⢸⣿⣿⣦⡀
⠀⠀⠀⠀⠀⠀⣀⠻⣶⣿⣿⣿⣿⣶⣦⣄⣀⣀⣀⣀⡀
⠀⠀⠀⠀⠀⠀⠙⢿⣿⣿⣿⣿⣿⣿⣿⣿⣿⣿⣿⣿⣿⣿⣶⣄
⠀⠀⠀⠀⠀⣀⣠⣿⣿⣿⣿⣿⣿⣿⣿⣿⣿⣿⣿⣮⣿⣽⡿⠿⠳⢄⡀
⠀⢀⣤⣾⡿⠿⠿⠿⠿⢿⣿⣿⣿⣿⣿⣿⣿⣿⣿⣿⣿⣿⠭⠽⠛⠓⠛⠂
⠐⠋⠁⠀⠀⠀⠀⠀⠀⠘⠋⠉⠙⠛⢿⣿⣿⣿⣿⡿⠋
⠀⠀⠀⠀⠀⠀⠀⠀⠀⠀⠀⠀⠀⠀⠀⠙⢿⣿⡟⠁
⠀⠀⠀⠀⠀⠀⠀⠀⠀⠀⠀⠀⠀⠀⠀⠀⠈⠟
⠀⣴⣶⣾⣿⣿⣿⣿⣿⣿⣷⣶⣦
⠀⠀⠀⢻⣿⣿⣿⣷⣶⣶⡟
⠀⠀⠀⠀⠙⠲⢾⡿⠟⠋
⠀⢠⣴⣶⣶⣒⣶⣿⣿⣿⣿⣿⣿⣿⣿⣶⣒⣶⣶⣦⡄
⠀⠀⠛⠉⠉⣿⣿⣿⣿⣿⣿⣟⣉⣉⣉⣙⣿⠛⠉⠛
⠀⠀⠀⠀⠀⠙⢿⡿⠛⠛⢿⣿⣿⣿⣿⡿⠋
⠀⠀⠀⠀⠀⠀⠀⠉⠛⠿⢿⡿⠿⠛⠉
⠀⢀⣀⣤⣶⣶⣶⣶⣶⣖⣲⣿⣟⣿⣟⣟⣿⣷⣲⣶⣶⢶⣶⣶⣤⣀⡀
⠀⠀⠹⠿⠿⠟⣿⣿⣿⣿⣿⣿⣿⣿⣿⠟⠛⠻⠛⠻⣿⣿⠿⠿⠿⠏
⠀⠀⠀⠀⠀⠀⢹⣿⣿⣿⣿⣿⣿⣿⣿⣶⣶⣶⣶⣶⣿⡏
⠀⠀⠀⠀⠀⠀⠀⠙⠿⣟⣍⣍⣉⣿⣿⣿⣿⣿⣿⠿⠋
⠀⠀⠀⠀⠀⠀⠀⠀⠀⠈⠙⠛⠿⢿⡿⠿⠛⠋⠁
⠀⣀⣀⡀⢶⣶⣄⠀⣶⡶⢀⣀⣀
⠀⠳⠶⣥⢸⣿⢻⣧⣿⡇⣿⠀⢈
⠀⠉⠉⠉⠾⠿⠀⠙⠿⠷⠉⠉⠉
⠀⠀⠀⠀⠀⠀⣤⣤⣤⣄⠐⠀⢤⣤⣤⣤
⡇⢸⣟⣉⣙⡛⠀⣿⣿⣿⣷⣄⠀⣿⣿⠀⣿⡏⠉⠙⠃⠸
⡇⢠⣍⣉⣹⣿⠀⣿⣿⠀⠙⢿⣿⣿⣿⠀⣿⣇⣀⣠⡄⢰
⠀⠀⠀⠀⠀⠀⠛⠛⠛⠓⠀⠌⠛⠛⠛⠛
⠀⠀⠀⠀⠀⠀⠄⠀⣤⣤⣤⣤⡀⠢⠆⢠⣤⣤⣤⣤⠀⠠
⡎⢠⣶⡖⠒⠲⣶⡦⢹⣿⣿⣿⣿⣦⡀⠈⢹⣿⣿⡏⢰⣶⠖⠒⠲⣶⠄⢱
⢇⠘⠿⠷⠶⠶⣶⡄⢸⣿⣿⡟⠻⣿⣿⣦⣼⣿⣿⡇⢸⣿⠀⠰⠀⠀⠀⢁
⢇⠐⢷⣦⣤⣤⣿⠇⣸⣿⣿⣇⡀⠈⠻⣿⣿⣿⣿⣇⠸⣿⣤⣤⣼⡿⠇⡸
⠀⠀⠀⠀⠀⠀⠂⠀⠛⠛⠛⠛⠃⠠⠢⠈⠛⠛⠛⠛⠀⠐⠀⠀⠀⠀⠈
⡏⠉⠉⠉⠀⠀⠀⠀⠀⠠⠉⠉⠉⢹
⡇⠀⠀⠀⠀⡀⠀⣤⠀⠀⠀⠀⠀⢸
⣿⣦⡀⠀⠀⠀⠤⢽⠀⠀⠀⢀⣴⣿
⣿⣿⣿⣷⣦⣄⣀⣈⣠⣴⣾⣿⣿⣿
⣿⠛⠛⠛⠋⠉⠉⠉⠉⢉⢉⠉⡉⠉⠉⠉⠉⠉⠛⠛⠛⣿
⣿⠀⠀⠃⡅⠀⠇⠀⠀⠨⠀⠇⠇⠀⠰⠉⡄⢸⠀⠀⠀⣿
⣿⠀⠀⠀⠀⠀⠤⠀⠀⠀⠠⣤⣄⠀⠄⠀⠀⠀⠀⠀⠀⣿
⣿⣧⠀⠀⠀⠀⠀⠸⠷⠖⠶⣿⡟⠀⠈⠀⠀⠀⠀⠀⣼⣿
⣿⣿⣷⣄⠀⠀⠀⠠⡀⢠⠶⣶⡿⠀⠀⠀⠀⠀⣠⣾⣿⣿
⣿⣿⣿⣿⣿⣦⣄⠀⠀⠀⠀⠭⠓⠀⠀⣀⣴⣾⣿⣿⣿⣿
⣿⣿⣿⣿⣿⣿⣿⣿⣶⣤⣄⣠⣤⣶⣿⣿⣿⣿⣿⣿⣿⣿
⣿⠿⠛⠛⠛⠛⠛⠉⠉⠉⠉⠉⠉⠉⠉⠉⠉⠉⠉⠉⠉⠛⠛⠛⠛⠛⠿⣿
⣿⠀⠀⠰⠆⢀⠀⠉⡇⠀⠀⠀⡇⢈⡇⢸⠀⠀⢠⠏⣇⠀⣶⠀⠀⠀⠀⣿
⣿⡀⠀⠀⠀⠈⠀⢀⠁⠈⠀⠀⠀⢀⣀⣀⠀⠀⡀⠀⠈⠀⠁⠀⠀⠀⢀⣿
⣿⣧⠀⠀⠀⠀⠀⠈⠁⢤⢤⣄⣀⣤⣿⣿⡇⠀⡠⠀⠀⠀⠀⠀⠀⠀⣼⣿
⣿⣿⣷⡀⠀⠀⠀⠀⠀⠈⠉⠉⠉⠛⠛⣿⡄⠀⢁⠀⠀⠀⠀⠀⢀⣼⣿⣿
⣿⣿⣿⣿⣶⣄⠀⠀⠀⠐⠢⠠⠟⠹⢿⡿⠋⠀⠀⠀⠀⠀⣠⣶⣿⣿⣿⣿
⣿⣿⣿⣿⣿⣿⣿⣶⣤⣀⠀⠀⠀⠠⠤⠋⠁⠀⣀⣠⣶⣿⣿⣿⣿⣿⣿⣿
⣿⣿⣿⣿⣿⣿⣿⣿⣿⣿⣿⣶⣤⣄⣠⣤⣶⣿⣿⣿⣿⣿⣿⣿⣿⣿⣿⣿
⡏⢉⡉⢩⣭⣭⢹⡏⣩⣭⡍⢉⡉⢻
⢇⢶⣶⡿⣿⡟⣩⣍⢻⣿⢿⣶⡶⡸
⠈⢮⡻⣬⣽⣯⡻⢟⣽⣯⣥⢟⡵⠁
⠀⠀⠈⠙⠻⠿⣿⣿⠿⠟⠋⠁
⣾⠉⠉⠉⠉⢉⣉⣉⣉⠉⢩⡍⠉⣉⣉⣉⣉⠉⠉⠉⠉⣷
⣿⢀⣐⣛⣀⣽⣿⣿⣿⣴⠶⠶⣦⣿⣿⣿⣿⣀⣛⣂⡀⣿
⢻⡈⣿⣿⣿⠿⣛⣛⡻⢠⣶⣶⡄⢟⣛⣛⠿⣿⣿⣿⢁⡟
⠀⠳⡘⢿⣧⣈⠋⣭⣭⡛⢿⡿⢛⣭⣭⠙⣁⣼⡿⢃⡞⠁
⠀⠀⠉⠲⢝⡻⢿⣿⣿⣿⣆⣰⣿⣿⣿⡿⢟⡫⠖⠉
⠀⠀⠀⠀⠀⠈⠙⠒⠫⠽⣛⣛⠯⠝⠒⠋⠁
⣸⡏⠉⠉⠉⠉⠉⠉⠉⠉⠉⠉⠉⣉⣉⠉⠉⠉⠉⠉⠉⠉⠉⠉⠉⠉⢹⣇
⣿⠀⠀⢠⣤⠀⢸⣿⣿⣿⣿⡇⣀⣈⣁⣀⢸⣿⣿⣿⣿⡇⠀⣤⡄⠀⠀⣿
⣿⠀⣤⣤⣤⣤⣾⣿⣿⣿⣿⡿⠛⠋⠙⠛⢿⣿⣿⣿⣿⣷⣤⣤⣤⣤⠀⣿
⢸⡇⢸⣿⣿⣿⠿⢛⣛⣛⣛⠃⢰⣿⣿⡆⠘⣛⣛⣛⡛⠿⣿⣿⣿⡇⢸⡇
⠀⠻⣄⠻⣿⣇⠀⠙⢋⣉⣉⡛⢾⣿⣿⡷⢛⣉⣉⡙⠋⠀⣸⣿⠟⣠⠟
⠀⠀⠙⢦⣈⠻⣿⣶⣶⣿⣿⣿⣦⡙⢋⣴⣿⣿⣿⣶⣶⣿⠟⣋⡴⠋
⠀⠀⠀⠀⠈⠓⠦⣍⣛⠿⢿⣿⣿⣷⣾⣿⣿⡿⠿⢛⣩⠴⠚⠁
⠀⠀⠀⠀⠀⠀⠀⠀⠈⠉⠒⠲⠭⣝⣫⠭⠖⠒⠉⠁
⡶⣠⣤⣤⣤⣶⣮⣵⣶⣤⣤⣤⣄⢶
⢧⢻⣧⣴⠖⢒⡆⢰⣒⠲⣦⣼⡟⡼
⠈⢮⡻⣿⠦⠭⡅⢨⠭⠉⣿⢟⡵⠁
⠀⠀⠉⠚⠽⢿⣷⣼⡿⠯⠓⠉
⣤⠤⣄⣀⣀⣀⣠⠤⠤⢖⣚⣓⡲⠤⠤⣄⣀⣀⣀⣠⠤⣤
⣿⠀⣷⡖⠒⠒⠛⠛⠛⠛⠛⠛⠛⠛⠛⠛⠒⠒⢲⣾⠀⣿
⢻⡄⢿⣷⣶⣾⠛⠉⣉⣻⠀⠀⣏⣉⠉⠛⣷⣶⣿⡿⢠⡟
⠀⠻⣌⢻⣿⣿⣤⣀⣉⣉⡀⢈⣉⣉⠉⠛⣿⣿⡟⣡⠟
⠀⠀⠉⠳⣍⡻⢦⣤⣭⡽⠀⠀⢯⣭⣤⡴⢟⣩⠞⠉
⠀⠀⠀⠀⠀⠉⠓⠪⠭⢝⣛⣛⡫⠭⠕⠚⠉
⣠⣀⣀⡀⠀⠀⠀⠀⣀⣀⣀⡤⠴⢚⡓⠦⢤⣀⣀⣀⠀⠀⠀⠀⢀⣀⣀⣄
⣿⡇⢩⣭⣭⣭⣭⣭⣭⣥⣶⣶⣿⣿⣿⣿⣶⣶⣬⣭⣭⣭⣭⣭⣭⡍⢸⣿
⣿⡇⢸⣿⣇⠀⢀⣤⣤⣤⣤⣤⣤⠀⠀⣤⣤⣤⣤⣤⣤⠀⠀⣿⣿⡇⢸⣿
⢹⣧⠘⣿⣿⣿⣿⡟⠉⠉⣉⣉⣿⠀⠀⣿⣉⣉⠉⠙⣿⣿⣿⣿⣿⠃⣼⡏
⠀⠻⣧⠘⣿⣿⣿⣯⣀⠀⠛⠛⠛⠒⠒⠛⠛⠛⠛⠛⣿⣿⣿⣿⠃⣼⠟
⠀⠀⠙⢷⣌⠻⣿⣿⡉⠉⠛⠛⣿⠉⠉⡿⠛⠛⠀⢀⣿⣿⠟⣡⡾⠋
⠀⠀⠀⠀⠉⠳⢦⣍⡻⠿⣿⣿⣋⣀⣀⣛⣿⣿⠿⢟⣩⡴⠞⠉
⠀⠀⠀⠀⠀⠀⠀⠈⠉⠓⠲⠬⢭⣙⣋⡭⠥⠖⠚⠉⠁
⡀⣠⣴⣾⣿⣿⡟⢻⣿⣿⣷⣦⣄⢀
⡇⣿⣿⣿⡿⠟⠀⠀⠻⢿⣿⣿⣿⢸
⡇⣿⣿⣿⣋⡁⠀⠀⢀⣀⣤⣄⡀
⠀⠈⠛⠿⠛⠀⠀⠀⠈⢹⣿⣿⣿⢸
⡇⣶⣶⣆⣠⣤⡄⢀⣀⣈⣻⣿⣿⢸
⠁⠙⠻⢿⠿⠛⠁⠈⠛⠿⡿⠟⠋⠈
⠀⢀⠠⣐⣭⣿⣿⣿⣿⣿⡿⢿⣿⣿⣿⣿⣿⣭⣂⠄⡀
⡎⣵⣿⣿⣿⣿⣿⣿⣿⡟⠁⠈⢻⣿⣿⣿⣿⣿⣿⣿⣮⢱
⡇⣿⣿⣿⣿⣿⣿⠿⠓⠂⠀⠀⠈⠽⠿⠿⠿⠿⠿⠿⠿⢸
⡇⣿⣿⣿⣿⣿⡿⠛⣉⠀⠀⠀⠈⠓⠀⢉⣠⣠⢄⡀
⠧⣛⠿⣿⣿⣿⣿⠿⠗⠂⠀⠀⠠⢭⣿⣾⣿⣿⣷⣮⣕⢢
⠀⠀⠉⠚⠝⠻⢟⣋⡁⠀⠀⠀⠀⢐⠲⢽⣿⣿⣿⣿⣿⢸
⡏⣵⣿⣿⣿⡷⠋⣀⣀⣠⠀⠀⠀⠀⠉⠻⢿⣿⣿⣿⣿⢸
⢇⡻⣿⣿⣿⣿⣿⣿⣿⣿⠀⠀⣿⣿⣿⣷⣾⣿⣿⣿⢟⡸
⠀⠈⠐⠩⣛⣿⣿⢟⣋⣀⣀⣀⣈⣙⠻⣿⣿⣛⠭⠂⠁
⠀⠀⢀⡠⢔⣪⣭⣭⣭⣭⣭⣭⣭⡭⣭⣭⣭⣭⣭⣭⣭⣭⣕⡢⢄⡀
⡴⢪⣵⣾⣿⣿⣿⣿⣿⣿⣿⣿⠟⠁⠈⢿⣿⣿⣿⣿⣿⣿⣿⣿⣷⣮⡕⢦
⡇⢸⣿⣿⣿⣿⣿⣿⣿⣿⣿⣛⡀⠀⠀⠀⠿⢿⣿⣿⣿⣿⣿⣿⣿⣿⡇⢸
⡇⢸⣿⣿⣿⣿⣿⣿⣟⣉⣡⠤⠀⠀⠀⠀⣉⡉⠛⢻⠿⠿⠿⠿⠿⠿⠧⠼
⡇⢸⣿⣿⣿⣿⣿⣿⠏⣉⣀⡀⠀⠀⠀⠀⣀⠁⠐⢲⣶⣶⣒⠢⣄⡀
⠧⣜⠻⢿⣿⣿⣿⣿⣿⡿⠶⠒⠀⠀⠀⠀⠬⣭⣽⣿⣿⣿⣿⣿⣶⣭⡓⢤
⠀⠀⠉⠒⠭⣛⣛⣛⡛⠒⠒⠀⠀⠀⠀⠀⠀⠤⢬⣹⣿⣿⣿⣿⣿⣿⡇⢸
⡤⢀⣀⣀⣀⣀⣀⣀⠛⠉⠉⠀⠀⠀⠀⠀⠀⠓⠒⣺⣿⣿⣿⣿⣿⣿⡇⢸
⡇⢸⣿⣿⣿⣿⣿⣡⣤⣶⣶⣶⣿⠀⠀⣤⣤⣤⣤⣀⡙⣿⣿⣿⣿⣿⡇⢸
⠳⢌⡻⢿⣿⣿⣿⣿⣿⣿⣿⡿⠟⠀⠀⢿⣿⣿⣿⣿⣿⣿⣿⣿⡿⢟⡣⠞
⠀⠀⠈⠑⠪⢝⣛⣛⣛⣛⣉⣀⣀⣀⣀⣀⣈⣙⣛⣛⣛⣛⡫⠕⠊⠁
⠀⠀⢠⣶⣶⣶⣾⣄⣀⣀
⠀⠀⠤⣿⣯⣿⣿⣯⣽⣿⣤⠀⠠
⠀⠀⠀⠀⠀⠿⢿⣷⣿⣿⣿⣆⡠⠐
⠀⠀⠀⠀⠀⠀⠈⠙⠉⠙⡋⠉⠁
⠀⠀⠀⢠⣤⣴⢷⡶⢶⣶⣾⣄
⠀⠀⠀⢈⣛⣿⢿⠛⣯⣿⣿⢻⢻⡿⠿⡿⢀⠀⠀⠀⢲
⠉⠀⠀⡈⠙⠛⠛⠛⣿⣿⣿⣻⣻⣯⣿⣿⣽⣅⠀⠉⠀⢱
⠀⠀⠀⠁⠀⠀⠂⠈⠋⠙⢭⣿⣿⣿⢳⡞⣿⣿⡦⡎⠁⠁
⠀⠀⠀⠀⠀⠀⠀⠀⠀⠀⠈⠉⠫⠉⠁⢹⡉⠉⠉⠁
⠀⠀⠀⠀⠀⣀⣤⣼⣤⣤⣤⣤⣤⣸⣄
⠀⠀⠀⠀⠸⣸⣿⣿⣸⣤⡤⣷⣿⣿⣾⣦⣤⣤⣤⡤⡄⠀⠀⠀⠀⢀⡀
⠀⠀⠀⠀⢠⢢⣵⣟⢻⣉⣹⡎⣿⣿⣱⣏⣱⢌⣉⣑⣃⢄⠀⠀⢀⡀⢇
⠉⠒⠄⢀⠀⠉⠛⠛⠛⠛⣻⠇⣿⣿⢩⣋⡻⣸⣿⣿⣯⢺⡀⠀⠈⠁⠀⢱
⠀⠀⠀⠀⠣⠄⠀⢀⠄⠐⠧⠿⣿⠟⣻⢎⣾⣿⣯⣬⣿⣷⡕⢄⣠⠖⠐⠃
⠀⠀⠀⠀⠀⠀⠀⠀⠀⠀⠀⠀⠀⢯⠰⡿⠿⠗⡼⢱⡸⠿⠿⠖⡽
⠀⠀⠀⠀⠀⠀⠀⠀⠀⠀⠀⠀⠀⠀⠀⠑⠄⠀⠀⠘⣄
⠀⠀⠀⣠⣴⠶⠒⠶⢶⣶⣶⣶⣾⠃
⠀⠠⠴⠭⢥⣤⣄⣀⠀⢀⠈⠛⠃
⠀⣰⣶⣤⡤⠀⠉⢉⣿⣷⣶⠦⠄
⣰⡿⠿⠿⠷⠶⠶⠿⠿⠟⠋
⠀⠀⠀⠀⠀⢀⣠⣤⣶⣶⣶⣶⣶⣶⣶⣶⣶⣶⣶⣶⡾⠁
⠀⠀⠀⠀⠰⠿⢿⠟⠁⠀⠀⠀⠉⠙⠋⠙⠻⣿⣿⡿⠁
⠀⠐⠛⠛⠛⠿⠶⣶⣶⣤⣤⣐⡒⠤⠤⣀⡀⠉⠙⠁
⠀⠀⣠⣤⣤⣄⣀⡀⠀⠉⠉⠛⢻⣿⣷⣶⣤⣤⣄⣀⣀
⠀⣰⣿⣿⣿⣿⣿⣃⣀⣀⣀⣠⣿⣿⣿⣿⣿⠃
⣰⡿⠿⠿⠿⠿⠿⠿⠿⠿⠿⠿⠿⠿⠛⠋⠁
⠀⠀⠀⠀⠀⠀⠀⠀⣀⣠⣤⣤⣶⣶⣶⣶⣶⣶⣶⣶⣶⣶⣶⣶⣶⣶⡾
⠀⠀⠀⠀⠀⠀⣴⣿⣿⣿⠟⠋⠉⠉⠙⠛⠿⣿⡿⠿⣿⣿⣿⣿⣿⡿⠁
⠀⠀⢀⣀⣀⣘⣛⣛⡛⠁⠀⠀⠀⠀⠀⠀⠀⠀⠀⠀⠀⢹⣿⣿⡿⠁
⠀⠈⠉⠉⠉⠛⠛⠻⠿⢿⣿⣷⣶⣦⣭⣙⡒⠶⠤⣄⣀⠀⠀⠉⠁
⠀⠀⠀⣠⣤⣀⣀⡀⠀⠀⠀⠈⠉⠛⠛⠿⣿⣿⣶⣦⣬⣄⣀⣀
⠀⠀⣰⣿⣿⣿⣿⣿⣿⡗⠀⠀⠀⠀⠀⣰⣿⣿⣿⣿⣿⣿⠏⠉⠉⠉⠉
⠀⣰⣿⣿⣿⣿⣿⣿⣿⣶⣶⣶⣶⣶⣾⣿⣿⣿⣿⣿⡿⠏
⣰⠿⠿⠿⠿⠿⠿⠿⠿⠿⠿⠿⠿⠿⠿⠿⠟⠛⠋⠉
⠀⠀⠄⣶⣶⣶⣿⣿⠯⠭⠭⠴
⠀⠀⠀⢀⢀⡀⣀⢀⡤⣶⣶⣶⢛⣛⢛⣉⣉⣉⣀
⠀⠀⠀⠉⣀⣁⣉⣨⣥⣬⠶⠿⠷⠛⠈⠉⠉⠉⠈
⠀⠀⠀⠀⠀⠀⠀⠀⠀⠀⣀⣠⣤⣴⣶⠶⠶⠟⠛⠛⠛⠛⠓
⠀⠀⠀⠀⣴⣙⣻⣩⣟⣹⣿⣙⣽⣩⣿⣹⣻⣏⣛⣆⣏⣝⣝⣻⠂
⠀⠀⠀⠀⠀⢤⣤⣤⣤⣤⣴⠶⠶⠿⠟⠛⠋⠉
⢿⣙⡿⣿⣿⣿⣿⣿⣿⡿⣿⡿⣳⠆
⠀⠈⠙⠳⢽⡻⢿⣿⡿⣷⣯⢹⡏
⠀⠀⠀⠀⠾⣴⣾⣿⣷⣿⠽⠚⠁
⢿⣟⠻⣿⣿⣿⣿⣿⣿⣿⣿⣿⣿⣿⣿⣿⣿⣿⣛⢒⣶⠆
⠀⠉⠙⠷⢬⣟⡻⢿⣿⣿⣿⣿⣿⣿⣯⣔⣒⠶⣥⡿⠃
⠀⠀⠀⠀⠀⠈⢉⣿⠂⡙⠿⣭⡭⠟⣿⣿⣿⠗⣸⡟
⠀⠀⠀⠀⠀⠀⠸⠿⢬⣿⣛⣛⣛⣿⣯⠭⠶⠛⠁
⣿⣟⠛⣛⣛⣛⣛⣛⣛⣛⣛⣛⣛⣛⣛⣛⣛⣛⣛⣛⣛⣛⣛⣓⠲⢶⣤⠄
⠈⠛⠳⢶⣬⣙⠿⠿⠿⠿⠿⠿⠿⠿⣿⣿⣿⣿⡟⠩⢭⣭⣝⣋⣴⡿⠃
⠀⠀⠀⠀⠈⠉⠛⠷⣬⣭⡉⠭⣭⣭⣿⣿⣿⣿⣿⣿⣶⣶⡍⢻⣿
⠀⠀⠀⠀⠀⠀⠀⠀⢰⣿⠃⣤⣐⣒⣒⣒⣒⣠⣿⣿⡿⠟⣡⣾⠟
⠀⠀⠀⠀⠀⠀⠀⠀⠺⠿⠦⢭⣭⣭⣭⣭⣭⣭⡭⠴⠶⠛⠉
⠀⠀⠀⠀⢀⣀⣀⡾⢦⣤⣤⣶⡄
⢀⣴⣶⣿⣛⣋⣩⡷⠿⣿⣿⢿⣷
⠘⠉⠉⠉⠀⠹⠿⠛⠚⠻⢽⣷⡿⠋
⠀⠀⠀⠀⠀⠀⠀⠀⠀⠀⠀⣸⣶⣄⣀⣀⣀⣰⣦⡄
⠀⠀⢀⣀⣤⣤⣶⣿⠿⠿⠿⢿⣤⣿⣿⡿⣿⢿⣿⣯
⠠⣼⣿⣿⣿⠭⠥⠤⢤⣤⣾⣿⠉⠩⠽⣿⣿⣏⡻⢿⣦⣀
⠈⠉⠀⠀⠀⠀⠀⠀⠩⠟⠛⠛⠛⠛⠛⠲⢬⣿⣽⡿⠋⠁
⠀⠀⠀⠀⠀⠀⠀⠀⠀⠀⠀⠀⠀⠀⣸⣶⣤⡀⠀⠀⠀⠀⣶⣦⡀
⠀⠀⠀⠀⠀⠀⣀⣀⣠⣶⣶⣶⣿⣿⣿⡋⡘⣿⣿⣿⣿⣿⣿⣿⣿
⠀⠠⣴⣶⣿⣿⣿⠿⠿⠛⠋⠉⠉⣩⣭⣿⠿⢿⣿⣿⣽⣯⣽⣿⣿⡷
⢐⣾⣿⠿⠿⠟⠛⠛⠛⠛⢻⣿⣿⣿⣿⣖⣀⣐⣛⠿⢿⣿⣦⣍⣻⣿⣷⡦
⠈⠀⠀⠀⠀⠀⠀⠀⠀⠀⠀⠞⠛⠛⠉⠉⠉⠉⠉⠛⠷⣭⣽⣾⡿⠟⠁
⠀⠀⠀⢸⣿⣿⣿⣧⣄⣠⣀⣤⣀
⠐⠲⣶⣾⣿⣿⣿⣿⣿⣿⣿⣿⣿⡶
⠀⠀⠀⠉⠁⠀⠉⠻⣿⣿⣟⠉⠁
⠀⠀⠀⠀⠀⢸⣿⣿⣿⣿⣿⣿
⠀⠀⠀⠀⠀⢸⣿⣿⣿⣿⣿⣿⣿⣿⣿⣿⣷⣿⣿⣶⣶
⠈⠻⢿⣿⣿⣿⣿⣿⣿⣿⣿⣿⣿⣿⣿⣿⣿⣿⣿⣿⣿⣷
⠀⠀⠀⠈⠛⠻⠿⠛⠙⠿⢿⣿⣿⣿⣿⣿⣿⡿⠿⠟⠉⠁
⠀⠀⠀⠀⠀⠀⠀⠀⠀⠀⠀⠙⠿⠿⢿⣿⣯
⠀⠀⠀⠀⠀⠀⠀⣿⣿⣿⣿⣿⣿⣿⣏⡇
⠀⠀⠀⠀⠀⠀⠀⣿⣿⣿⣿⣿⣿⣿⣷⣷⣶⣶⣶⣶⣶⣶⣶⣶⣦⣤⡄
⠠⣤⣤⣤⣤⣤⣤⣯⣿⣿⣿⣿⣿⣿⣿⣿⣿⣿⣿⣿⣿⣿⣿⣿⣿⣿⣵⣄
⠀⠈⠉⠛⢿⣿⣿⣿⣻⣿⣿⣿⣿⣿⣿⣿⣿⣾⣿⣿⣿⣿⣿⣿⣿⣿⣿⠝
⠀⠀⠀⠀⠀⠉⠉⠙⠛⠉⠀⠙⠛⠿⣿⣿⣿⣿⣿⣿⣿⣿⠟⠛⠋⠁
⠀⠀⠀⠀⠀⠀⠀⠀⠀⠀⠀⠀⠀⠀⠈⠻⠿⠿⠿⠿⣯⣇
⠀⢀⣀⣀⣀⣭⣭⣭⣿⣯⣭⣷⣶⣄
⠀⠀⠀⠉⠋⠹⠟⠻⠿⠭⠍⠉⠉⠁
⠀⠀⠀⠀⠀⠀⠒⢒⣊⣉⣉⣉⣭⣭⣭⣍⣛⣓⣲⣶⡀
⠀⠀⠒⠚⢛⣓⠶⠶⢾⣭⣿⣿⣿⡿⠿⠿⠿⠿⠿⢿⣿⠟
⠀⠀⠀⠀⠀⠀⠉⠉⠒⠒⠭⠭⠙⣛⠒⠒⠂
⠀⠀⠀⠀⠀⠀⠠⠤⠔⠒⠒⠚⠛⠋⠉⣉⣉⣙⣛⣛⣛⠒⠲⢶⣤⡄
⠀⠀⠀⠤⣤⣤⣤⣤⣄⣈⣛⡛⠿⣿⣷⣶⣶⣾⣿⣿⣿⣿⣿⣿⣿⣿⣶⣦
⠀⠀⠀⠀⠐⠒⠢⠬⢭⣙⣛⠻⠿⢿⣿⣿⣟⣛⡛⠉⠉⠉⠉⠉⠹⠿⠛⠁
⠀⠀⠀⠀⠀⠀⠀⠀⠀⠀⠉⠙⠓⠲⠦⠬⠭⠍⠉⠉⠉
⣤⣶⣿⣿⣿⣿⣿⣿⣿⣿⣿⣿⣶⣤
⣿⣿⣿⣿⣿⡏⠉⠉⠹⢿⣿⡿⠿⠿
⠻⢿⣿⣿⣿⣿⣿⣿⣿⣿⣿⣿⣷⣦
⣶⣶⣾⣿⣿⣆⣀⣀⣸⣿⣿⣿⣿⣿
⠛⠿⣿⣿⣿⣿⣿⣿⣿⣿⣿⣿⠿⠛
⠀⣠⣴⣾⣿⣿⣿⣿⣿⣿⣿⣿⣿⣿⣿⣿⣿⣿⣷⣤⣀
⣿⣿⣿⣿⣿⣿⣿⣿⣿⣿⣿⣿⣿⣿⣿⣿⣿⣿⣿⣿⣿⣿
⣿⣿⣿⣿⣿⣿⣿⣿⡇⠀⠀⠀⠀⠸⠿⠿⠿⠿⠿⠿⠿⠿
⣿⣿⣿⣿⣿⣿⣿⣿⣿⣿⣿⣿⣿⣿⣿⣿⣿⣿⣷⣤⣀
⠀⠉⠛⢿⣿⣿⣿⣿⣿⣿⣿⣿⣿⣿⣿⣿⣿⣿⣿⣿⣿⣿
⣶⣶⣶⣶⣶⣶⣶⣶⡆⠀⠀⠀⠀⢸⣿⣿⣿⣿⣿⣿⣿⣿
⣿⣿⣿⣿⣿⣿⣿⣿⣿⣿⣿⣿⣿⣿⣿⣿⣿⣿⣿⣿⣿⣿
⠀⠙⠻⢿⣿⣿⣿⣿⣿⣿⣿⣿⣿⣿⣿⣿⣿⣿⡿⠛⠉
⠀⠀⣀⣤⣶⣿⣿⣿⣿⣿⣿⣿⣿⣿⣿⣿⣿⣿⣿⣿⣿⣿⣿⣶⣤⣀
⣶⣿⣿⣿⣿⣿⣿⣿⣿⣿⣿⣿⣿⣿⣿⣿⣿⣿⣿⣿⣿⣿⣿⣿⣿⣿⣿⣶
⣿⣿⣿⣿⣿⣿⣿⣿⣿⣿⡟⠛⠛⠛⠛⠛⠛⢻⣿⣿⣿⣿⣿⣿⣿⣿⣿⣿
⣿⣿⣿⣿⣿⣿⣿⣿⣿⣿⣇⣀⣀⣀⣀⣀⣀⣘⣛⣛⣛⣛⣛⠛⠛⠛⠛⠛
⢿⣿⣿⣿⣿⣿⣿⣿⣿⣿⣿⣿⣿⣿⣿⣿⣿⣿⣿⣿⣿⣿⣿⣿⣶⣤⣀
⠀⠉⠛⠿⣿⣿⣿⣿⣿⣿⣿⣿⣿⣿⣿⣿⣿⣿⣿⣿⣿⣿⣿⣿⣿⣿⣿⣷
⣤⣤⣤⣤⣤⣭⣭⣭⣭⣭⡍⠉⠉⠉⠉⠉⠉⢹⣿⣿⣿⣿⣿⣿⣿⣿⣿⣿
⣿⣿⣿⣿⣿⣿⣿⣿⣿⣿⣧⣤⣤⣤⣤⣤⣤⣼⣿⣿⣿⣿⣿⣿⣿⣿⣿⣿
⠿⣿⣿⣿⣿⣿⣿⣿⣿⣿⣿⣿⣿⣿⣿⣿⣿⣿⣿⣿⣿⣿⣿⣿⣿⣿⣿⠿
⠀⠀⠉⠛⠿⣿⣿⣿⣿⣿⣿⣿⣿⣿⣿⣿⣿⣿⣿⣿⣿⣿⣿⠿⠛⠉
⣶⣶⣾⠿⠇⣾⠛⠻⠶⢻⣿⠂⣶⣦
⠀⣼⠿⠆⠀⠛⠓⠚⠋⠘⠿⢦⡿⠃
⣤⣤⣶⣶⣶⣾⣿⢠⣶⡿⠟⠿⣷⣦⠸⣿⣶⡶⢰⣦⣤⣄
⠛⠛⢹⣿⡇⠀⠀⢸⣿⣧⣀⣠⣦⣤⠀⣿⣿⡀⠀⣿⣿⠉
⠀⢰⡾⠿⠟⠃⠀⠀⠈⠉⠉⠙⠉⠀⠀⠈⠻⠿⠶⠿⠛
⣀⣠⣤⣤⣶⣶⣶⣾⣿⢀⣴⣾⣿⠿⢿⣿⣦⣄⢸⣷⣶⣶⣦⢠⣤⣤⣀⣀
⣿⣿⡿⣻⣿⣿⠘⠛⠉⢸⣿⣿⡇⠀⠀⣙⣛⡋⠀⣿⣿⣿⠉⠈⣿⣿⣿⠿
⠁⠀⠀⣿⣿⣿⣤⠀⠀⠘⢿⣿⣷⣶⣶⣿⡿⠟⠀⢿⣿⣿⣄⣀⣿⣿⣿
⠀⠀⣿⠿⠿⠛⠛⠀⠀⠀⠀⠈⠉⠉⠉⠉⠀⠀⠀⠀⠙⠛⠻⠿⠿⠛⠉
⠀⠀⠀⣄⣃⣀⣀⣀⣀⣀⣀⣀
⢤⡀⠀⠛⠛⠋⢻⣿⡏⠙⠛⠛
⠀⠉⠢⢄⡠⢤⣸⣿⣇⠀⠀⣀⡤
⠀⠀⠀⠀⠀⠘⠛⠻⢟⣀⡎
⠀⠀⠀⠀⢀⣀⣗⣀⣀⣀⣀⣀⣀⣀⣀⣀⣀⣀⣀
⠀⠀⠀⠀⢸⣿⣿⣿⡿⠿⣿⣿⣿⠛⠟⢿⣿⣿⣿
⠈⠓⢦⣄⠀⠀⠀⠀⠀⠀⣿⣿⣿
⠀⠀⠀⠉⠓⠲⠴⠚⢙⣆⣿⣿⣿⣤⡄⠀⣀⡤⠴⠒⠃
⠀⠀⠀⠀⠀⠀⠀⠀⠈⠛⠛⠛⠿⣟⣃⣘⣯
⠀⠀⠀⠀⠀⠀⠀⢸⡧⠀⠀⠀⠀⠀⠀⠈
⠀⠀⠀⠀⠀⢸⣷⣶⣶⣶⣶⣶⣶⣶⣶⣶⣶⣶⣶⣶⣶⣶⣶⣶
⢀⣀⠀⠀⠀⠸⠿⠿⠿⠿⠿⠉⢹⣿⣿⣿⣿⠈⠉⠹⠿⠿⠿⠿⠄
⠀⠙⠷⣤⡀⠀⠀⠀⠀⠀⠀⠀⢸⣿⣿⣿⣿
⠀⠀⠀⠈⠻⠦⣄⣀⣀⡴⠶⣤⠸⣿⣿⣿⣿⠀⠀⠀⠀⠀⠀⣀⣠⠤⠄
⠀⠀⠀⠀⠀⠀⠀⠈⠉⠀⠀⣿⣾⣿⣿⣿⣿⣿⡇⠀⣤⠖⠋⠉
⠀⠀⠀⠀⠀⠀⠀⠀⠀⠀⠀⠈⠉⠉⠉⠛⠯⢭⣭⣀⣿⡄
⣿⡟⢛⣛⣛⣛⡛⢛⣛⣛⣛⡛⢻⣿
⠿⠇⠸⠿⠉⣿⡇⢸⣿⠉⠿⠇⠸⠿
⠀⠀⠀⠀⠀⣿⡇⢸⣿
⠀⠀⠀⣀⣀⣿⡇⢸⣿⣀⡀
⠀⠀⠀⣩⣩⣍⣥⣬⣭⣭⣍
⣿⣿⠛⠛⠛⠛⠛⠛⠛⠛⠛⠛⠛⠛⠛⠛⠛⠛⠛⠛⣿⣿
⣿⣿⠀⠀⣿⣿⠛⠛⣿⣿⠀⠀⣿⣿⠛⠛⣿⣿⠀⠀⣿⣿
⠛⠛⠀⠀⠛⠋⠀⠀⣿⣿⠀⠀⣿⣿⠀⠀⠙⠋⠀⠀⠛⠛
⠀⠀⠀⠀⠀⠀⠀⠀⣿⣿⠀⠀⣿⣿
⠀⠀⠀⠀⠀⠀⠀⠀⣿⣿⠀⠀⣿⣿
⠀⠀⠀⠀⢠⣤⣤⣤⣿⣿⠀⠀⣿⣿⣤⣤⣤
⠀⠀⠀⠀⢠⣤⣤⣤⣤⣤⣤⣤⣤⣤⣤⣤⣤
⣿⣿⡿⠿⠿⠿⠿⠿⠿⠿⠿⠿⠿⠿⠿⠿⠿⠿⠿⠿⠿⠿⠿⠿⠿⢿⣿⣿
⣿⣿⡇⠀⠀⣶⣶⣶⣶⣶⣶⣶⡆⠀⠀⢴⣶⣶⣶⣶⣶⣶⣦⠀⠀⢸⣿⣿
⣿⣿⡇⠀⠀⣿⣿⡇⠀⠀⣿⣿⡇⠀⠀⢸⣿⣿⠀⠀⢸⣿⣿⠀⠀⢸⣿⣿
⠀⠀⠀⠀⠀⠀⠀⠀⠀⠀⣿⣿⡇⠀⠀⢸⣿⣿
⠀⠀⠀⠀⠀⠀⠀⠀⠀⠀⣿⣿⡇⠀⠀⢸⣿⣿
⠀⠀⠀⠀⠀⠀⠀⠀⠀⠀⣿⣿⡇⠀⠀⢸⣿⣿
⠀⠀⠀⠀⠀⠀⠀⠀⠀⠀⣿⣿⡇⠀⠀⢸⣿⣿
⠀⠀⠀⠀⠀⠀⠿⠿⠿⠿⠿⠿⠇⠀⠀⠺⠿⠿⠿⠿⠿⠟
⠀⠀⠀⠀⠀⠀⣶⣶⣶⣶⣶⣶⣶⣶⣶⣶⣶⣶⣶⣶⣶⣦
⠀⠀⠀⢀⠆⠁⡄⢈⠩⣄⡈⠻⢄
⠀⠀⣀⡸⢜⣚⣚⢂⡚⠵⠤⢤⡲⠃
⠉⠉⢿⣧⣸⣿⣿⣿⠍⢷⣦⣁⣼⡿
⠀⠀⠀⠀⠀⠀⢶⣒⠒⠐⡩⠽⠟⡟⡩⡉⢙⣻⣿⣀
⠀⠀⠀⠀⠀⣴⠏⣴⢰⡘⣇⡸⡦⢽⣿⠷⠂⠁⠘⠛⢢⡀
⠀⠀⠀⣀⣀⣹⣧⠙⠮⢽⣚⠻⠄⠻⣍⢷⣰⡶⣮⢻⡾
⠶⠶⠶⣿⣿⣿⢨⣿⣿⣿⣿⣿⡿⠷⣬⣍⣀⠬⠋⢹⣶⣶
⠀⠀⠀⠻⣿⣿⣤⣽⣿⣿⣿⣿⡿⠂⠺⣿⣿⣤⣤⣾⣿⠟
⠀⠀⠀⠀⠀⠀⠀⠰⣖⠲⠶⣖⠒⢋⡭⢟⠿⡭⢉⠉⠙⠛⠯⣿⡀
⠀⠀⠀⠀⠀⠀⠀⣠⠼⢋⡅⡄⢸⡏⢠⡅⠘⢤⣧⣜⣈⡒⠃⢻⣿⣆
⠀⠀⠀⠀⠀⠀⢸⣿⠀⣾⠀⣷⠘⢧⣬⡭⢛⣽⣿⠛⠁⠀⠀⠀⣌⡩⣳
⠀⠀⠀⠀⣀⣀⣈⣿⣄⠙⠷⠭⠽⠛⠻⠤⠉⢻⣍⣻⣆⣶⣶⣦⠽⣿⡏
⣤⣤⣤⣤⣿⣿⣿⡇⠙⣷⣶⣿⣿⣭⣽⣷⣶⣄⡙⠒⠛⠙⢚⡿⢺⣥⣤⣤
⠋⠉⠉⠙⣿⣿⣿⡇⠸⢿⣿⣿⣿⣿⣿⣿⣛⠛⣿⣿⣶⡎⠉⠀⢸⣿⣿⣿
⠀⠀⠀⠀⠻⢿⣿⣿⣶⣾⣿⣿⣿⣿⣿⡿⠟⠀⠻⢿⣿⣷⣶⣶⣿⣿⡿⠟
⠀⠀⠀⣠⡶⠞⠛⣿⣟⣓⣂⢤
⣠⣤⣤⣿⣧⣤⣼⣿⢿⣯⣭⣭⣤⣀
⢿⣧⡴⠿⠤⠾⠿⠦⠿⠿⠦⠼⣤⠿
⠀⠀⠀⠀⠀⠀⢤⣴⣶⠖⠛⣿⣟⣛⣶⣶⣄⣀
⠀⠀⠀⠀⠠⣾⣿⠏⠀⠀⢠⣽⣯⣤⣤⡴⢦⣬⡿
⠀⣤⡤⣤⠼⣿⠿⣤⡤⣤⡬⣽⣿⣿⡿⣤⡤⣥⠤⣴⡆
⣾⣭⡍⠉⣭⣽⠋⠉⠭⠭⣿⠉⠩⢭⡭⣽⠉⠉⣛⠉⠉⣷
⠻⢿⣷⠾⠿⠿⠽⠿⠿⠿⠿⠽⠿⠿⠿⠿⠿⠿⠿⢶⡶⠟
⠀⠀⠀⠀⠀⠀⠀⠀⣠⣤⣴⡶⠶⠛⣛⣛⣛⣓⣲⣶⣄⣀
⠀⠀⠀⠀⠀⠀⣠⣶⣿⡛⠉⠀⠀⠀⣛⣿⣋⣉⣉⣡⣍⣉⡙⣷⡄
⠀⠀⡀⠀⠀⢀⣿⣿⣯⠀⠀⠀⠀⠨⢿⡿⣿⣿⣿⡉⠉⠙⠛⠋⢀⣀
⢀⣸⣿⣍⣿⣏⣿⣿⣽⣻⣏⣟⣻⣛⣿⣿⡿⢻⠯⣟⣏⣹⣿⣉⣿⣿⣀⡀
⢸⣷⣶⠀⠀⢰⣶⣿⣀⣀⣐⣒⣒⣯⣀⣀⣒⣛⣛⣺⣇⣀⢀⣭⡁⠀⢸⡇
⠘⠿⣭⠿⠯⠿⠯⠿⠟⠛⠚⠓⠛⠓⠒⠛⠒⠛⠚⠛⠿⠯⠿⠭⠿⣽⠟⠃
⣿⣿⣿⣿⣿⣿⣿⣿⣿⣿⣿⣿⣿⣿
⠉⠉⠀⠀⠀⢸⣿⣿⡇⠀⠀⠀⠉⠉
⠀⠀⠀⠀⠀⢸⣿⣿⡇
⠀⠀⠀⢠⣴⣿⣿⣿⣿⣦⡄
⣿⣿⣿⣿⣿⣿⣿⣿⣿⣿⣿⣿⣿⣿⣿⣿⣿⣿⣿⣿⣿⣿
⣿⣿⣿⠟⠛⠉⠉⠛⢿⣿⣿⣿⣿⡿⠛⠉⠉⠛⠻⣿⣿⣿
⠀⠀⠀⠀⠀⠀⠀⠀⢸⣿⣿⣿⣿⡇
⠀⠀⠀⠀⠀⠀⠀⠀⢸⣿⣿⣿⣿⡇
⠀⠀⠀⠀⠀⠀⠀⠀⣸⣿⣿⣿⣿⣇
⠀⠀⠀⠀⠀⣶⣶⣿⣿⣿⣿⣿⣿⣿⣿⣶⣶
⣿⣿⣿⣿⣿⣿⣿⣿⣿⣿⣿⣿⣿⣿⣿⣿⣿⣿⣿⣿⣿⣿⣿⣿⣿⣿⣿⣿
⣿⣿⣿⣿⡿⠿⠛⠛⠛⠿⢿⣿⣿⣿⣿⣿⣿⡿⠿⠛⠛⠛⠿⢿⣿⣿⣿⣿
⠉⠉⠉⠁⠀⠀⠀⠀⠀⠀⠀⣿⣿⣿⣿⣿⣿⠀⠀⠀⠀⠀⠀⠀⠈⠉⠉⠉
⠀⠀⠀⠀⠀⠀⠀⠀⠀⠀⠀⣿⣿⣿⣿⣿⣿
⠀⠀⠀⠀⠀⠀⠀⠀⠀⠀⠀⣿⣿⣿⣿⣿⣿
⠀⠀⠀⠀⠀⠀⠀⠀⠀⣀⣴⣿⣿⣿⣿⣿⣿⣦⣀
⠀⠀⠀⠀⠀⠀⢰⣿⣿⣿⣿⣿⣿⣿⣿⣿⣿⣿⣿⣿⣿⡆
⠀⠸⠿⠟⠛⠛⣿⢹⠛⠛⠻⠯⠇
⠀⣼⣿⣧⡀⠀⣿⢸⠀⣿⠳⣴⢿⡏
⠉⠉⠀⠈⢩⣤⣿⣼⣤⡍⠁⠀⠈⠉
⠀⠀⢸⣿⣭⣭⠭⠭⠭⣭⣭⠍⡭⠭⠭⠭⣭⣽⠛⡇
⠀⠀⢈⣉⣉⣁⠀⠀⠀⢸⣿⠀⡇⢀⣀⣀⡉⠉⠉⣁⣀⣀
⠀⢀⣼⣟⣻⣷⡀⠀⠀⢸⣿⠀⡇⠀⢸⣿⢿⣦⣾⠟⣿⡇
⠴⠾⠿⠉⠉⠽⠿⠶⠄⢸⣿⠀⡇⠠⠾⠿⠄⠙⠁⠴⠿⠧
⠀⠀⠀⠀⠀⠀⠀⢸⣿⣿⣿⣶⣿⣛⡇
⠀⠀⠀⣿⣯⣭⣭⣭⣭⣭⣭⣭⣭⣭⡭⣭⣭⣭⣭⣭⣭⣭⣽⠛⣿
⠀⠀⠀⠛⠛⠛⠻⠃⠀⠀⠀⠀⣿⣿⡇⣿⠀⠀⠀⠀⠘⠟⠛⠶⠟
⠀⠀⠀⣻⣿⣿⣿⡃⠀⠀⠀⠀⣿⣿⡇⣿⠀⠘⣿⣿⣿⣦⡀⣠⣾⣿⣿⠛
⠀⢀⣾⡿⠿⠾⠿⣿⣆⠀⠀⠀⣿⣿⡇⣿⠀⠀⣿⣿⠉⠻⣿⡿⠋⣿⣿
⠛⠛⠛⠓⠀⠀⠐⠛⠛⠛⠃⢀⣿⣿⡇⣿⡀⠘⠛⠛⠛⠀⠈⠀⠘⠛⠛⠛
⠀⠀⠀⠀⠀⠀⠀⠀⠀⢸⣿⣿⣿⣿⣷⣿⣿⣹⡇
⠀⠀⠀⠀⠒⠲⣤⣄⣀
⠀⠀⠀⠀⠀⠀⠉⢀⣩⣝⣓⣶⣶⠄
⠀⠠⠴⠶⠶⠶⠦⠽⣷⣶⣶⣗
⠀⠀⠀⠀⠀⠀⠒⠲⠤⣤⣀⣀
⠀⠀⠀⠀⠀⠀⠀⠀⠀⠒⠂⠉⠙⠓⠶⠤⣤⣀⣀⣀⡀
⠀⠀⠀⠀⠀⠀⠀⠀⠀⠀⠀⢠⣶⠖⠒⠒⠒⠦⠽⠞⠋⠁
⠀⠀⠐⠒⠒⠛⠛⠛⠓⠒⠒⠦⠭⠭⣓⣒⣲⣿⣁
⠀⠀⠀⠀⠀⠀⠀⠒⠲⠦⣤⣀⣀
⠀⠀⠀⠀⠀⠀⠀⠀⠀⠀⠀⠤⢭⣙⠛⠲⠶⣤⣤⣀⣀
⠀⠀⠀⠀⠀⠀⠀⠀⠀⠀⠀⠀⠀⠀⠀⠀⣀⣀⣈⣉⣙⡛⠲⠶⢖⣶⡦⠄
⠀⠀⠀⠀⠀⠀⠀⣀⣀⣀⠀⠀⠀⠀⠰⣿⣯⣉⠁⠈⠉⠉⣛⣉⠉⠁
⠀⠀⠒⠒⠛⠙⠛⠉⠋⠉⠛⠛⠛⠓⠒⠲⠦⠭⣭⣛⣛⣿⣿⣅
⠀⠉⠑⠲⣤⣤⣤⣤⣤⣤⠖⠊⠉
⠀⠀⠀⠀⠀⠈⣿⣿⠁
⠉⠉⠉⠓⠲⢤⣄⣀⣀⣀⣀⣀⣀⣀⣀⣠⡤⠖⠚⠉⠉⠉
⠀⠀⠀⠀⠀⠀⠙⠛⠙⣿⣿⣿⣿⠋⠛⠋
⠀⠀⠀⠀⠀⠀⠀⠀⠀⠸⣿⣿⠇
⠉⠉⠉⠛⠲⠦⣤⣀⡀⠀⠀⢀⣀⣀⣀⣀⡀⠀⠀⢀⣀⣤⠴⠖⠛⠉⠉⠉
⠀⠀⠀⠀⠀⠀⠀⠩⢽⡿⠿⣿⣿⣿⣿⣿⣿⠿⢿⡯⠍
⠀⠀⠀⠀⠀⠀⠀⠀⠀⠀⠀⠙⢿⣿⣿⣿⠋
⠀⠀⠀⠀⠀⠀⠀⠀⠀⠀⠀⠀⢾⣿⣿⡷
⠀⠀⠀⠀⠀⢀⠄⠀⠀⠀⠢⠄⠀⠂
⠀⣤⣴⡾⠃⠀⠀⠀⠀⡙⠰⠷⠆
⠀⣟⠁⠀⠀⠀⠀⢰⡿⠟⠿⠿⡠⡠
⠀⠀⠑⠐⠶⠶⠿⠶⠶⠖⠓⠉
⠀⠀⠀⠀⠀⢀⠐⠂⠒⢈⠉⠓⠤⠀⠀⠠⢄⡨⠀⠀⠠⠄
⠀⠀⠀⠀⢀⣱⣀⣀⠀⠋⠀⠀⠐⠀⢬⡄⢀⢭⡡⢰
⠀⢐⣖⣦⣿⠟⠁⠁⠀⠀⠀⠀⠀⠀⣀⠀⠐⠻⠟⣛⣠
⠀⢚⡿⠉⠀⠀⠀⠀⠀⠀⢀⢀⣴⣿⣿⢶⣿⣿⣟⠠⡑⢄
⠀⠈⠻⠦⡀⢀⣀⣀⣀⣠⣔⡈⠋⠉⢉⣀⣁⣁⠽⠨⠝
⠀⠀⠀⠈⠉⠈⠛⠛⠻⢛⠟⠿⠟⠛⠛⠋⠈⠁
⠀⠀⠀⠀⠀⠀⠀⠀⡠⠂⠒⠂⢉⠉⠳⣄⡀⠀⠤⠤⢄⠂⡩⢀⠐⠂⢀⡄
⠀⠀⠀⠀⠀⠀⠰⡉⠀⠀⠀⢠⠇⠀⠁⠀⠤⠐⠂⠄⠀⠓⠓⠤⠀⢄
⠀⠀⠀⠀⠀⣠⣴⣷⢖⡖⠀⠀⠀⠀⠀⠀⠀⠈⠻⡖⠀⢚⣳⣼⣱⡃
⠀⠈⣩⣭⣶⣿⠿⠋⠀⠀⠀⠀⠀⠀⠀⠀⠀⢀⣁⠀⡀⠉⠛⡛⡫⡅⡔
⣀⠐⣛⡟⠉⠀⠀⠀⠀⠀⠀⠀⠀⠀⠀⢠⣶⣿⣿⣶⣿⣿⣿⡟⠥⡈⠦⡀
⠀⠈⢻⣇⠀⠀⠀⠀⠀⠀⠀⠀⠀⢎⡀⢿⠿⠟⠻⡀⠻⠻⠛⢛⡠⠛⣄⠜
⠀⠀⠀⠈⢛⣲⠀⣤⣤⣤⣶⣶⣾⣶⣤⣤⣀⣨⣤⡴⠦⢤⠖⠊⠀⠉
⠀⠀⠀⠀⠀⠀⠀⠈⠉⠙⠛⠋⣹⠟⠛⠛⠛⠛⠉⠉
⠀⠀⠀⣠⠿⠿⠿⠇⣀⣀⣄⣀
⢤⣤⣤⣱⣶⣿⡇⠀⣹⣿⣷⣿⣾⣇
⠀⠘⣯⣿⡿⣿⠇⠀⢿⡏⢸⣿⢸⠛
⠀⠀⠉⠉⠉⠉⠈⠻⢿⣿⡋⠉⠁
⠀⠀⠀⠀⠀⣀⣿⣿⣿⣿⣿⣇⣀⡀⣀⣀⣀⡀
⠀⠀⠀⠀⠀⢧⣤⣤⣤⣴⡄⠀⠨⣻⣯⣚⢖⣽⣭⣴⣶
⠉⠛⠿⡿⢟⣿⣟⣿⣿⣿⡇⠀⢰⣾⣿⠿⢿⣾⡿⢿⣿⣷
⠀⠀⠀⣵⠾⣿⡯⣙⢯⡟⠃⠀⠘⢛⣿⣇⢿⣿⢇⣸⠉⠁
⠀⠀⠀⠀⠀⠀⠀⠀⠀⠀⠀⠙⠿⠿⣿⣿⡁
⠀⠀⠀⠀⠀⠀⠀⢸⣿⣿⣿⣿⣿⣿⡇
⠀⠀⠀⠀⠀⠀⢰⠚⠛⠛⠛⠛⠛⠛⠛⠒⢒⣔⡶⣙⣛⡓⢶⠦⠄⣀⡀
⣀⣀⣀⣀⣀⣀⣘⣲⣶⣶⣿⣿⣿⠀⠀⠀⣉⡼⢞⣍⡛⡤⣿⣿⣷⣿⣷
⠉⠛⠿⢿⡿⠿⣿⣿⡿⠿⣿⣿⣿⠀⠀⠀⣶⣿⣿⠿⠿⣿⣾⠿⠿⢿⣿⣷
⠀⠀⠀⠈⢧⣄⣛⣛⡛⠻⡟⣻⣿⠀⠀⠀⣿⣿⣿⡇⢸⣿⣿⡇⠀⡿⠛⠋
⠀⠀⠀⠀⠓⠬⠭⠭⠥⠔⠃⠧⠤⠤⢤⣤⣤⣼⣿⣷⡬⠭⠭⠥⠖⠃
⠀⠀⠀⠀⠀⠀⠀⠀⠀⠀⠀⠀⠀⠀⠀⠙⠿⠿⣿⣿⡆
⠀⠀⠀⢦⣄⡀
⠀⠀⣀⣤⣽⣿⣿⣿⣶⣶⣤⣄⡀
⠠⢞⣿⣿⣿⣿⣿⣿⣿⠿⠿⢿⣿⣦
⠚⠉⠉⠉⠉⠀⠉⢹⣿⡶⠂⠈⠉⠁
⠀⠀⠀⠀⠰⣄⡀
⠀⠀⠀⠀⠘⠻⣿⣶⣤⣄⣀⡀
⠀⠀⠀⠀⠀⣀⣨⣿⣿⣿⣿⣿⣿⣷⣶⣦⣤⣄⡀
⠀⠀⣠⣶⣿⣿⣿⣿⣿⣿⣿⣿⣿⣿⣿⣿⣿⣿⣿⣷⡀
⢀⠾⢛⣻⣿⣿⣿⣿⣿⣿⣿⣿⣿⣿⣿⠿⠿⢿⣿⣿⣿⣦
⢠⡾⠿⠟⠛⠛⠛⠛⠉⠒⠿⠿⣿⣿⣄⣀⣀⠀⠼⠟⠛⠁
⠀⠀⠀⠀⠀⠀⠀⠀⠀⠀⠀⠶⣿⣿⣿⠟⠁
⠀⠀⠀⠀⠀⠐⣦⡀
⠀⠀⠀⠀⠀⠐⠿⣿⣷⣦⣄⣀⡀
⠀⠀⠀⠀⠀⠀⠀⠈⠛⣿⣿⣿⣿⣿⣷⣶⣶⣤⣤⣀⣀
⠀⠀⠀⢀⣠⣴⣶⣿⣿⣿⣿⣿⣿⣿⣿⣿⣿⣿⣿⣿⣿⣿⣿⣶⣤⡀
⠀⢀⣴⣿⣿⣿⣿⣿⣿⣿⣿⣿⣿⣿⣿⣿⣿⣿⣿⣿⣿⣿⣿⣿⣿⣷⣄⡀
⠠⠟⣋⣥⣶⣿⣿⣿⣿⣿⣿⡿⢿⣿⣿⣿⣿⡿⠟⠛⠛⠛⠻⢿⣿⣿⣿⡷
⣠⠾⠟⠛⠛⠋⠉⠉⠉⠉⠁⠚⠛⠛⠻⣿⣿⣷⣦⣤⣤⡤⠀⠚⠛⠛⠉
⠀⠀⠀⠀⠀⠀⠀⠀⠀⠀⠀⠀⠀⠒⠒⣻⣿⣿⡿⠿⠃
⣿⣿⣿⣿⢿⣿⣿⣿⣿⡿⣿⣿⣿⣿
⠉⠉⣿⣶⣶⣿⣿⣿⣿⣶⣶⣿⠉⠉
⠀⠀⠀⠀⢀⣿⣿⣿⣿⡀
⠀⠀⠀⢸⣿⣿⣿⣿⣿⣿⡇
⣿⣿⣿⣿⣿⣿⣿⣿⣿⣿⣿⣿⣿⣿⣿⣿⣿⣿⣿⣿⣿⣿
⠿⠿⠿⠿⠿⠏⠉⢹⣿⣿⣿⣿⣿⣿⡏⠉⠙⠿⠿⠿⠿⠿
⠀⠀⠀⣿⣿⣿⡿⢿⣿⣿⣿⣿⣿⣿⡿⢿⣿⣿⣿
⠀⠀⠀⠀⠀⠀⠀⢸⣿⣿⣿⣿⣿⣿⡇
⠀⠀⠀⠀⠀⠀⣶⣾⣿⣿⣿⣿⣿⣿⣷⣶
⠀⠀⠀⠀⠀⠀⣿⣿⣿⣿⣿⣿⣿⣿⣿⣿
⣿⣿⣿⣿⣿⣿⣿⣿⣿⣿⣿⣿⣿⣿⣿⣿⣿⣿⣿⣿⣿⣿⣿⣿⣿⣿⣿⣿
⣿⣿⣿⣿⣿⣿⣿⠿⠿⢿⣿⣿⣿⣿⣿⣿⣿⣿⡿⠿⠿⣿⣿⣿⣿⣿⣿⣿
⠉⠉⠉⠉⣉⣉⣉⣀⣀⣸⣿⣿⣿⣿⣿⣿⣿⣿⣇⣀⣀⣉⣉⣉⠉⠉⠉⠉
⠀⠀⠀⠀⣿⣿⣿⣿⡿⢿⣿⣿⣿⣿⣿⣿⣿⣿⡿⢿⣿⣿⣿⣿
⠀⠀⠀⠀⠀⠀⠀⠀⠀⢸⣿⣿⣿⣿⣿⣿⣿⣿⡇
⠀⠀⠀⠀⠀⠀⠀⢀⣀⣸⣿⣿⣿⣿⣿⣿⣿⣿⣇⣀⡀
⠀⠀⠀⠀⠀⠀⠀⢸⣿⣿⣿⣿⣿⣿⣿⣿⣿⣿⣿⣿⡇
⠀⠀⠀⠀⠀⠀⠀⢸⣿⣿⣿⣿⣿⣿⣿⣿⣿⣿⣿⣿⡇
⣴⠚⠉⡭⠭⠭⠭⠭⠭⠭⢭⠉⠓⣦
⣿⠀⠀⡇⠀⢲⡶⠷⡖⠀⢈⣉⣉⣉
⠻⢤⣀⣓⣒⣒⣒⣒⣒⣒⣚⣀⡤⠟
⣀⡤⠖⠋⠉⠉⠉⠉⠉⠉⠉⠉⠉⠉⠉⠉⠉⠉⠙⠲⢤⣀
⣿⠀⠀⠀⢸⡟⠉⠉⠉⠉⢉⡍⠉⠉⠉⠉⢻⣇⣀⣀⣀⣿
⣿⠀⠀⠀⢸⡇⠀⠐⠒⣶⣾⣿⣶⠒⠂
⣿⠀⠀⠀⢸⣧⣀⣀⣈⣉⣀⣀⣈⣁⣀⣀⣼⠏⠉⠉⠉⣿
⠉⠓⠦⣄⣀⣀⣀⣀⣀⣀⣀⣀⣀⣀⣀⣀⣀⣀⣠⠴⠚⠉
⢀⣀⡤⠖⠋⠉⠉⠉⠉⠉⠉⠉⠉⠉⠉⠉⠉⠉⠉⠉⠉⠉⠉⠙⠲⢤⣀⡀
⣿⡇⠀⠀⠀⠀⣶⠖⠒⠒⠒⠒⠒⠒⠒⠒⠒⠒⠒⠒⢲⣶⠀⠀⠀⠀⢸⣿
⣿⡇⠀⠀⠀⠀⣿⡇⠀⠀⣀⣀⣀⣼⣿⣄⣀⣀⡀⠀⠈⠋⠛⠛⠛⠛⠋⠉
⣿⡇⠀⠀⠀⠀⣿⡇⠀⠀⠀⣨⠿⠟⠛⠿⢯⡀⠀⠀⢀⣤⣤⣤⣤⣤⢤⣤
⣿⡇⠀⠀⠀⠀⠿⠦⠤⠤⠤⠤⠤⠤⠤⠤⠤⠤⠤⠤⠼⠿⠀⠀⠀⠀⢸⣿
⠈⠉⠓⠦⣄⣀⣀⣀⣀⣀⣀⣀⣀⣀⣀⣀⣀⣀⣀⣀⣀⣀⣀⣠⠴⠚⠉⠁
⠀⣀⣤⣶⣾⣿⣿⡷⠒⠒⢖⡀⢀⡀
⠀⣼⣿⡋⣿⣿⣿⣧⣀⡠⠋⡟⠁
⠀⠀⠙⡿⠿⠿⢿⣿⡿⠿⠋
⠀⠀⠀⢀⣠⣤⠶⣒⣿⣿⣿⣷⣶⡶⠶⠶⣶⣤⠀⣀
⠀⠒⢺⣿⣿⣿⡿⢿⣿⣿⣷⣶⠀⠀⠀⢐⣩⣤⣄⡬⠟
⠀⠀⣿⣿⣿⠋⢚⣽⣿⣿⣿⣿⣀⣀⡀⢸⠙⣽⠋
⠀⠚⠋⠹⣿⣦⡸⣿⣿⣿⣿⣿⣿⣿⣿⣬⣭⠘⠁
⠀⠀⠀⠀⢨⡿⠿⠿⠿⠿⠿⢿⣿⠿⠿⠛⠁
⠀⠀⠀⠀⠀⢀⣠⣤⡶⢖⣚⣿⣿⣿⣶⣶⣶⣶⠶⠶⣶⣤⣀⣀
⠀⠤⠤⢶⣾⣿⣿⣶⣾⣿⣿⣿⣿⣭⣭⡉⠁⠀⠀⠐⠶⢇⣀⡀⢈⣣⢔⠄
⠀⠀⢠⣿⣿⣿⡿⢛⡭⢖⣿⣿⣿⣿⣿⠅⠀⠀⠀⢀⡿⡟⣿⡿⠋⠈
⠀⢀⣼⡿⢿⣿⡇⠈⣼⣿⣿⣿⣿⣿⣿⣦⣤⣤⣄⠸⣄⡔⣯⡀
⠀⠈⠁⠀⠘⢿⣿⣶⡝⣿⣿⣿⣿⣿⣿⣿⣿⣿⣿⣷⣶⠆⠈
⠀⠀⠀⠀⠀⢀⡿⠿⠻⠟⠛⠻⠿⠿⠿⠿⠿⠿⠟⠛⠁
⠀⠀⠀⠀⠀⢀⣀⣠⣤⣴⡾
⠀⣠⣴⣶⣿⣿⣿⣿⣿⣿⣷⣤⣄
⣴⣿⣿⣿⣿⣿⣿⣿⣿⣿⣿⣿⣿⡃
⠈⠉⠛⠛⠻⣿⣿⣿⠋⠙⠉⠙⠛⠛
⠀⠀⠀⠀⠀⠀⠀⠀⠀⠀⠀⠀⢀⣀⣠⣴⣾
⠀⠀⠀⠀⠀⣀⣀⣤⣤⣶⣶⣿⣿⣿⣿⣿⠏
⠀⠀⣤⣶⣿⢿⣿⣿⣿⣿⣿⣿⣿⣿⣿⣿⣿⣿⣶⣤⡀
⢠⣾⣿⣿⣿⣿⣿⣿⣿⣿⣿⣿⣿⣿⣿⣿⣿⣿⣿⣟⡛⠂
⠻⢿⣿⣿⣟⣻⣿⣿⣿⣿⣿⣿⣿⠿⢿⣿⣿⣿⣿⣿⣿⣦
⠀⠀⠀⠀⠀⠈⠉⠻⣯⣽⣿⣿⡿⠀⠀⠀⠀⠀⠀⠀⠉⠉
⠀⠀⠀⠀⠀⠀⠀⠀⠀⠀⠀⠀⠀⠀⠀⠀⠀⢀⣀⣤⣴⡞
⠀⠀⠀⠀⠀⠀⠀⠀⠀⣀⣀⣤⣤⣴⣶⣾⣿⣿⣿⣿⣿⠇
⠀⠀⠀⢀⣠⣴⣶⣿⣿⣿⣿⣿⣿⣿⣿⣿⣿⣿⣿⣿⣷⣶⣤⣄⡀
⠀⢀⣼⣿⣿⣿⣭⣿⣿⣿⣿⣿⣿⣿⣿⣿⣿⣿⣿⣿⣿⣿⣿⣿⣿⣷⣄
⣰⣿⣿⣿⣿⣿⣿⣿⣿⣿⣿⣿⣿⣿⣿⣿⣿⣿⣿⣿⣿⣿⣿⣿⣿⣮⣍
⠙⠛⠿⠿⢿⣯⣭⣻⣿⣿⣿⣿⣿⣿⣿⣿⡿⠛⠿⠿⠿⠿⠿⢿⣿⣿⣿⣧
⠀⠀⠀⠀⠀⠀⠀⠀⠀⠙⣷⣴⣿⣿⣿⡿⠇
⠀⠀⠀⠀⢀⣀⣤⡄⣠⣄⣁⡀
⠀⣠⣤⣼⣿⠿⢿⣿⣿⣿⣿⣿⣷
⢠⠩⠉⢁⠀⠚⠋⣁⣐⣵⣿⣿⣯⡙
⠀⠀⠀⠀⠀⢤⣊⣴⠿⠟⠋⠉⠀⠁
⠀⠀⠀⠀⠀⠀⠀⠀⢀⣀⣀⣀⡤⠀⣀⠔⠃
⠀⠀⠀⠀⠀⠠⣴⣾⣿⣿⣻⣳⣶⣿⣿⣷⣶⣶⣶⡦⠄
⠀⣠⣴⣶⣾⣿⣿⠿⠿⢛⣿⣻⣿⣿⣿⠿⣿⣿⣿⣿⣛⠂
⠀⣉⢉⡙⠉⠑⠂⠢⣾⠿⠋⠁⢀⠤⣊⣴⣿⣿⣿⣿⠛⠳
⠰⠉⠀⢀⡀⠵⠃⠀⠀⢀⣤⡊⣡⣾⡟⣽⣿⣽⡿⠛⠻⠆
⠀⠀⠀⠀⠀⠀⠀⠀⠶⣅⣀⣼⠿⠟⠛⠉
⠀⠀⠀⠀⠀⠀⠀⠀⠀⠀⠀⠀⠀⠀⣀⣀⡀⠀⠀⠀⠞
⠀⠀⠀⠀⠀⠀⠀⣀⣠⣴⣿⣿⡿⣿⢿⣤⣴⣾⣿⣦⣤⣤⣤⣤⣄⣀
⠀⠀⢀⣀⣀⣤⣴⣾⣿⣟⣻⣿⡷⣟⢻⣿⣿⣿⣿⣿⣿⣿⣿⣿⣷⡶⠤⡀
⠀⠲⠽⠿⣿⡿⠿⠛⠛⠉⢉⣤⣶⡷⠾⠛⠛⠛⡿⠉⣹⣿⣿⣿⣿⣿⣦⣄
⠀⣤⠄⠠⠖⠀⡤⣉⠀⠈⠛⠛⠋⠀⢀⡠⠔⣋⣴⡾⣫⣾⢏⣾⣿⣧⡀⠉
⠸⠄⠀⠀⠀⠤⠐⠓⠀⠀⠀⢀⡠⠞⢁⣠⣾⣿⠏⣾⣿⠿⠼⠿⠉⠉⠛
⠀⠀⠀⠀⠀⠀⠀⠀⠀⠀⠲⢭⣄⣀⣼⠿⠿⠛⠋⠁
⠀⢀⣀⣠⡶⣲⣾⣿⠿⢟⣛⡉⣀⣀
⠈⢹⡿⠿⠿⠿⠤⠿⠵⠿⠿⠿⠿⠋
⠀⠀⠀⠀⠀⠀⢤⣤⠖⣶⣶⣲⣾⣯⡭⠿⠟⠛⠉
⠀⠶⣶⣶⣺⣿⢯⣥⣿⡟⠉⣽⣷⡘⣰⡶⣲⣶⣴⡖⣶⡶
⠀⠀⣿⣿⠿⠿⠼⠟⠛⠓⠒⠛⠓⠒⠛⠓⠛⠛⠛⠚⠛
⠀⠀⠀⠀⠀⠀⠀⢀⣀⣤⡤⢴⣶⠶⠶⣒⣚⣛⣫⣭⡿⠿⠛⠉
⠀⣀⣀⣀⣠⣤⡤⢶⣖⣛⣠⠾⣿⠿⢻⣿⡯⠭⢩⣤⡤⣤⣄⢀⣀⣤⣀⣀
⠀⠉⢹⣿⣿⣸⣿⡏⣿⣿⣿⣿⡇⠀⣿⣿⠓⢂⣿⡿⣰⣿⣿⣿⠞⣴⣿⠏
⠀⠀⠘⣿⣿⠻⠿⠷⠟⠛⠛⠛⠛⠛⠉⠉⠉⠋⠉⠉⠉⠉⠛⠛⠚⠛⠁
⠀⠤⣴⣶⣿⣿⠟⣿⣿⣿⣶⣶⣤⡄
⠀⠀⠀⠈⠉⠉⠙⠓⠧⣿⡶⠈⠉
⠀⠀⣀⣀⠤⢤⣶⢶⣿⣿⠟⢿⣟⠿⢷⣶⣶⡦⢤⣄⡀
⠀⠀⠈⠙⠛⠻⠿⠭⢶⣆⣴⡞⣩⠞⣫⡿⠛⠒⠿⠿⠟⠁
⠀⠀⠀⠀⠀⠀⠀⠀⠀⠀⠀⠉⠙⠲⣭⠭⠟
⠀⠀⠀⠀⠤⢄⣀⣒⣶⣶⣒⣒⣻⠝⣿⡿⢛⣒⣶⣶⡶⠤⣤⣀⡀
⠀⠀⠈⠭⢗⣒⣶⡿⠷⠖⢚⣋⠁⢀⣨⠝⠂⡤⠬⠿⣿⣟⣁⣦⠭⢿⡶⠄
⠀⠀⠀⠀⠀⠀⠈⠉⠉⠙⠛⠓⠲⠿⢯⣤⡞⠀⣞⣿⣁⣀⠀⠛⠉⠉
⠀⠀⠀⠀⠀⠀⠀⠀⠀⠀⠀⠀⠀⠀⠀⠀⠉⠳⡦⠤⠼⠋
⣾⣿⡿⠿⠻⣿⣿⣿⣿⠟⠿⣿⣿⣷
⠛⠛⠁⠀⠀⣿⣿⣿⣿⠀⠀⠈⠛⠛
⠀⠀⠀⠀⠀⣿⣿⣿⣿
⠀⠀⠀⣤⣴⣿⣿⣿⣿⣦⣤
⢸⣿⣿⣿⣿⣿⣿⣿⣿⣿⣿⣿⣿⣿⣿⣿⣿⣿⣿⣿⣿⡇
⣿⣿⣿⡿⠉⠀⠀⢸⣿⣿⣿⣿⣿⣿⡇⠀⠀⠉⢿⣿⣿⣿
⠉⠉⠉⠁⠀⠀⠀⢸⣿⣿⣿⣿⣿⣿⡇⠀⠀⠀⠈⠉⠉⠉
⠀⠀⠀⠀⠀⠀⠀⢸⣿⣿⣿⣿⣿⣿⡇
⠀⠀⠀⠀⠀⠀⠀⢸⣿⣿⣿⣿⣿⣿⡇
⠀⠀⠀⠀⢸⣿⣿⣿⣿⣿⣿⣿⣿⣿⣿⣿⣿⡆
⢸⣿⣿⣿⣿⣿⣿⣿⣿⣿⣿⣿⣿⣿⣿⣿⣿⣿⣿⣿⣿⣿⣿⣿⣿⣿⣿⡇
⣸⣿⣿⣿⣿⠟⠋⠉⠉⠉⣿⣿⣿⣿⣿⣿⣿⣿⠉⠉⠉⠛⠿⣿⣿⣿⣿⣇
⣿⣿⣿⣿⡏⠀⠀⠀⠀⠀⣿⣿⣿⣿⣿⣿⣿⣿⠀⠀⠀⠀⠀⢹⣿⣿⣿⣿
⠀⠀⠀⠀⠀⠀⠀⠀⠀⠀⣿⣿⣿⣿⣿⣿⣿⣿
⠀⠀⠀⠀⠀⠀⠀⠀⠀⠀⣿⣿⣿⣿⣿⣿⣿⣿
⠀⠀⠀⠀⠀⠀⠀⠀⠀⠀⣿⣿⣿⣿⣿⣿⣿⣿
⠀⠀⠀⠀⠀⠀⣀⣀⣀⣠⣿⣿⣿⣿⣿⣿⣿⣿⣀⣀⣀⣀
⠀⠀⠀⠀⠀⠀⣿⣿⣿⣿⣿⣿⣿⣿⣿⣿⣿⣿⣿⣿⣿⣿
⠀⠀⣀⣀⣀⡀⠀⡴⣖⣿⠷
⠾⣿⣿⣿⣿⡿⢆⡿⣿⣿⣷⣤⣄
⠀⠋⠛⠛⠻⣿⣦⣽⣿⣿⣿⠛⠛⠓
⠀⠀⠀⠀⢄⡹⢿⠀⠠⢽⣯⢥
⠀⠀⠀⠀⠀⠀⠀⠀⠀⠀⠀⠀⣤⢶⣾⣿⣶⡄
⠀⢀⣤⣴⣶⣶⣶⣶⣤⡀⢀⣟⡜⣤⡿⣿⠛⠃
⣾⣿⣿⣿⣿⣟⣿⣿⡟⣽⣀⣽⣿⣿⣿⣿⣿⣤⣀⡀
⠉⢡⣿⣿⣿⣿⣿⣷⣯⣄⠲⢶⣾⣿⣿⣿⢿⣿⣿⡿⣦⡀
⠀⠈⠁⠛⠉⠋⠛⢹⣿⣿⣤⣼⣿⣿⣿⣿⣿⠛⠉⠙⠛⠉
⠀⠀⠀⠀⠀⠀⠀⠐⢷⣴⣭⠏⠉⡉⠻⣵⡾⠗
⠀⠀⠀⠀⠀⠠⠶⢦⠾⠿⢷⠍⠀⠼⠷⢿⡷⠶⠶
⠀⠀⠀⠀⠀⠀⠀⠀⠀⠀⠀⠀⠀⠀⠀⢠⣤⢶⣮⣭⣷⣆⡀
⠀⠀⢀⣀⣤⣤⣤⣤⣤⣤⣄⡀⠀⠀⡶⡩⢎⣩⣽⣿⠿⠵
⣠⣺⣿⣿⣿⣿⣿⡿⢿⣿⣿⡛⡆⠈⠻⣷⣶⣷⣷⣾⣷⣆⡀
⠻⠗⣹⣷⡿⣿⣿⢞⣿⣟⣯⠚⠓⣚⣉⣛⣻⣿⣿⣿⣛⣿⣿⣷⣶⣦
⠀⠀⠿⠟⣟⡿⣿⣾⣿⡿⣽⣷⡆⠈⠙⣿⣿⣿⣿⣿⣇⣿⣿⡿⢿⣛⣷⡤
⠀⠀⠀⠀⠁⠀⠀⠈⠉⠘⣻⠿⠷⣾⣿⣿⣿⣿⣿⡿⠿⣏⡁
⠀⠀⠀⠀⠀⠀⠀⠀⠀⠈⠛⣷⣷⠶⢇⠀⢀⣀⠛⢲⣿⠛⠃
⠀⠀⠀⠀⠀⠀⠀⠶⠶⢶⡶⠽⠿⢭⠅⠀⠰⠾⠿⠿⣭⠷⠶⠶⠄
⠀⢀⣀⣴⣦⢀⡀⢋⠀⠀⠀⢀⡀
⢠⣿⣿⣿⣿⠭⢒⡤⢶⣤⣄⡀⡉⠐
⠀⠙⠻⢿⡇⠐⠛⠀⠀⠉⠈⠐
⠀⠀⠀⠀⠀⢠⣤⡤⠄⠀⠐⠿⠂⠀⠤⠄⣀
⢀⣠⣤⣶⣾⡿⢟⣛⣤⡤⠄⠓⢚⡑⠂⠤⠄⠈⣒⣦⡤⡀
⠀⣴⣿⣿⣿⣿⣿⣫⣵⠖⢚⣩⡭⣖⣨⣥⣤⢀⣀⡘⡤⠋
⠀⠙⣿⣿⣿⣿⣿⠋⠀⣴⣿⡏⠀⠙⠛⠟⠹⠧⢸⠃
⠀⠀⠀⠈⠛⠿⠿⠖⠉⠀⠀⠀⠉⠑⠒⠒⠒⠒⠁
⠀⠀⠀⠀⠀⠀⠀⣀⣄⣀⣀⣀⣀⣰⣿⠖⠂⢤⣄⣀
⠀⠀⠀⠀⣀⣠⣤⣾⣿⣦⡤⠀⠀⢀⣤⣀⡤⣄⠀⠀⠉⠓⢢⣀⡀
⠀⠴⠶⣿⣿⣿⡿⣋⣭⣴⣶⠶⠗⠂⣀⣀⣥⡈⠉⠙⠓⠒⠠⠬⢭⡽⠶⡄
⠀⢠⣾⣿⣿⣿⣿⣿⣿⣫⣤⡶⠟⠋⣉⣤⠶⢒⣩⣥⣤⣀⢀⣀⡰⢢⡤⠃
⠀⠹⣿⣿⣿⣿⣿⣿⣿⡿⠋⢀⣴⣿⡿⠁⠘⠿⣿⣿⠿⣷⣏⠰⡗⠁
⠀⠀⠘⠟⢿⣿⣿⣿⣿⠀⣀⠼⠟⠛⠣⢤⣀⠀⠀⠀⠀⠀⢀⠼
⠀⠀⠀⠀⠀⠈⠛⠿⠿⠋⠀⠀⠀⠀⠀⠀⠀⠉⠛⠓⠉⠉⠁
⠛⢯⣩⠽⠿⣿⠉⣿⡿⠿⠯⣍⡽⠛
⠀⠀⠀⠀⠀⣿⠀⣿⣿
⠀⠀⠀⠀⠀⣿⠀⣿⣿
⠀⠀⠀⠀⠀⠹⢄⡿⠏
⠻⣯⣉⠉⣉⣭⣭⣭⣭⠉⠉⣭⣭⣭⣭⣭⣭⣉⠉⣉⣽⠟
⠀⠀⠉⠓⠻⠀⠀⠀⢸⠀⠀⣿⣿⡇⠀⠀⠀⠟⠚⠉
⠀⠀⠀⠀⠀⠀⠀⠀⢸⠀⠀⣿⣿⡇
⠀⠀⠀⠀⠀⠀⠀⠀⢸⠀⠀⣿⣿⡇
⠀⠀⠀⠀⠀⠀⠀⠀⢸⠀⠀⣿⣿⡇
⠀⠀⠀⠀⠀⠀⠀⠀⠈⠳⢄⡿⠞⠁
⠻⣯⣉⡉⢉⡉⣉⣉⣉⣉⣉⡉⠉⠉⣉⣉⣉⣉⣉⣉⣉⣉⢉⡉⢉⣉⣽⠟
⠀⠈⠛⠷⣤⣿⠋⠉⠉⠉⢹⡇⠀⠀⣿⣿⣿⡏⠉⠉⠉⠙⣿⣤⠾⠛⠁
⠀⠀⠀⠀⠀⠈⠀⠀⠀⠀⢸⡇⠀⠀⣿⣿⣿⡇⠀⠀⠀⠀⠁
⠀⠀⠀⠀⠀⠀⠀⠀⠀⠀⢸⡇⠀⠀⣿⣿⣿⡇
⠀⠀⠀⠀⠀⠀⠀⠀⠀⠀⢸⡇⠀⠀⣿⣿⣿⡇
⠀⠀⠀⠀⠀⠀⠀⠀⠀⠀⢸⡇⠀⠀⣿⣿⣿⡇
⠀⠀⠀⠀⠀⠀⠀⠀⠀⠀⠸⣇⠀⠀⣿⣿⣿⠇
⠀⠀⠀⠀⠀⠀⠀⠀⠀⠀⠀⠈⠳⢤⡽⠟⠁
⠰⠿⠿⢻⠟⡉⢉⠉⠉⣤⠴⠶⠶⠖
⠀⠀⠀⣎⠳⠤⠮⢦⢐⠻⢦⡀
⠀⢀⣼⡿⠷⠾⠓⠂⠉
⠀⣼⣿⣿⣿⣿⡿⠟⠛⠛⠛⠛⠛⠉⣩⣀⣤⣤⣤⣤⣤⡖
⠈⠉⠉⠁⠐⢚⡏⡀⠦⠄⣤⠄⠴⢀⢹⡛⠛⠛⠛⠛⠋
⠀⠀⠀⠀⢠⠃⠙⠦⣤⠦⣭⣴⡤⢒⠟⡾⢦⡀
⠀⠀⠀⠀⣼⣿⣷⣄⣤⣵⣤⡌⢙⡟⠒⠒⠋⠋
⠀⠀⢀⣾⡿⠿⠿⠿⠛⠃⠘⠊
⠀⢠⣿⣿⣿⣿⣿⣿⣿⡿⢿⠿⠿⡿⠿⢛⡛⣉⣉⠁⠀⣀⣀⣀⣀⣤⣤⡤
⢠⠿⠿⠟⠛⣛⣋⣽⡷⠀⡀⠀⠐⠐⠂⠀⢀⠀⣾⣿⣿⣿⣿⣿⣿⣿⡟
⠀⠀⠀⠀⠀⠀⢀⢼⣅⠄⠉⠉⠘⣿⠂⠉⠁⢤⣸⢦⡀
⠀⠀⠀⠀⠀⠀⡟⠈⠙⠷⣤⣶⣭⣭⣽⡦⡶⢺⠟⣶⠷⡄
⠀⠀⠀⠀⠀⢠⣷⣶⣤⡀⠀⢑⣆⠉⠛⠓⠦⣷⣤⣥⣔⣻⠇
⠀⠀⠀⠀⢠⣿⣿⣿⣿⣿⣾⣿⠽⡩⢣⡤⠞⠁
⠀⠀⠀⣰⡿⠿⠿⠿⠛⠛⠛⠋⠀⠉⠉
⠀⠀⠀⠀⠀⠀⠀⠀⢰⣾⣗
⢤⣴⣶⣿⣿⣷⣿⣿⣿⣿⣿⣿⡆
⠀⠙⠿⣿⣿⣿⣿⣿⣭⣻⡿⠯⠶⠦
⠀⠀⠀⠀⠉⠙⢿⡿⠟⠋
⠀⠀⠀⠀⠀⠀⠀⠀⠀⠀⠀⠀⠀⢠⣴⣿⡷⠤
⠀⠀⠀⢀⣀⣀⣤⣄⣀⣀⣠⣤⣤⣌⣻⣿⣷⣶⣄
⠴⣶⣿⣿⣿⣿⣿⣿⣿⣿⣿⣿⣿⣿⣿⣿⣿⣿⣿⡇
⠀⠀⠻⣿⣿⣿⣿⣿⣿⣿⣿⣿⣟⡛⠿⣿⣿⣿⣛⠦⠶⣄
⠀⠀⠀⠀⠙⠛⠿⠿⣿⣿⣿⣿⣿⣿⣿⡿⠉⠀⠈⠉⠉⠁
⠀⠀⠀⠀⠀⠀⠀⠀⠀⠙⢿⡿⠾⠛⠁
⠀⠀⠀⠀⠀⠀⠀⠀⠀⠀⠀⠀⠀⠀⠀⠀⠀⣀⣤⣾⣿⣦⡀
⠀⠀⠀⠀⠀⠀⠀⠀⠀⠀⠀⠀⠀⠀⠀⠀⠀⢿⣽⣿⣯⣍⡀
⠀⠀⣀⣠⣤⣴⣶⣶⣶⣶⣶⣶⣶⣾⣿⣿⣷⣶⣾⢿⣿⣿⣿⣷⣄
⠲⢿⣿⣿⣿⣿⣿⣿⣿⣿⣿⣿⣿⣿⣿⣿⣿⣿⣿⣿⣿⣿⣿⣿⡿
⠀⠀⠙⢿⣿⣿⣿⣿⣿⣿⣿⣿⣿⣿⣿⣿⠟⠛⣿⣿⣿⣿⡿⠿⢤⣠⣤⡀
⠀⠀⠀⠀⠙⠻⣿⣿⣿⣿⣿⣿⣿⣿⣿⣿⣷⣶⣶⣭⡿⠛⠙⠓⠒⠶⠖⠋
⠀⠀⠀⠀⠀⠀⠀⠈⠉⠉⠛⢿⣿⣿⣿⣿⣿⣿⡿⠋
⠀⠀⠀⠀⠀⠀⠀⠀⠀⠀⠀⠀⠙⢿⡿⠟⠛⠁
⠀⠀⠀⠀⠀⣠⣴⣶⣿⣿⣿⣿⣶⣄
⣠⢔⡆⢠⣾⣿⣿⣿⣿⣿⣿⡯⡉⠉
⠉⢶⣾⠵⠻⢛⡿⠛⠻⠿⠿⠍⠄
⠀⠀⠀⠀⠀⠀⠀⠀⠀⣠⣴⣶⣾⣿⣿⣿⣿⣿⣷⣶⣤⡀
⠀⠀⣀⣀⠀⠀⢀⣴⣿⣿⣿⣿⣿⣽⣿⣿⣿⣿⠟⠻⠿⠟
⢴⣏⠡⢲⢭⡒⡻⣿⣿⣿⣿⣿⣿⣿⣿⣿⣿⣾⣍⠶
⠀⠸⢼⣿⡶⠾⠛⠳⢉⣿⡯⠙⠛⠛⠛⠿⠿⠧⠬⠂
⠀⠀⠀⠀⠀⠀⠀⠀⠀⠀⠀⠀⣀⣤⣶⣶⣾⣿⣿⣿⣿⣿⣿⣶⣶⣤⣀
⠀⠀⠀⠀⠀⠀⠀⠀⠀⢀⣴⣿⣿⣿⣿⣿⡿⣿⣿⣿⣿⣿⣿⣿⢿⣿⣿⡷
⢀⣤⡶⢖⣒⠦⣄⣠⣾⣿⣿⣿⣿⣿⣿⣻⣿⣿⣿⣿⣿⡟⣫⣥⣈⠉⠉
⠻⠯⣤⣋⡹⠓⠶⣩⣟⡿⣿⣿⣿⣿⣿⣿⣿⣿⣿⣿⣿⣿⣷⣶⡜⠁
⠀⠘⠷⣾⣿⡿⠿⠒⠚⠻⠥⣽⣿⡯⠉⠉⠉⠛⠛⠛⠿⠿⠦⠤⠋
⠀⠀⠀⠀⢧⠲⣶⣶⣶⣆
⠀⣈⠽⣫⢍⡭⣹⣾⣟⢽⣇⡤⣠⡄
⠈⠁⠀⠉⠀⢹⡄⠹⠿⠿⠟⠁⠈
⠀⠀⠀⠀⠀⠀⢹⡐⢤⣤⣤⣶⣦⣤⣄
⠀⠀⣠⣤⣤⣀⣀⣇⣀⣙⡟⡻⢟⣻⡛⣦
⠀⠀⢀⣴⠟⣡⡤⢈⣤⠄⣩⣾⡭⢚⡡⣽⠃⣀⡤⢔⣤⠄
⠀⠒⠛⠁⠘⠛⠒⠛⢳⡚⠛⠒⣮⣽⣶⣿⣻⡟⠒⠛⠓
⠀⠀⠀⠀⠀⠀⠀⠀⠘⣷⡀⠠⠛⠛⠛⠛⠁
⠀⠀⠀⠀⠀⠀⠀⠈⢻⠐⢤⣤⣤⣤⣤⣤⣄⣀⣀
⠀⠀⠀⠀⠀⠀⠀⠀⠘⣧⠀⠙⢿⡿⣿⣿⡿⠿⢿⣄
⠀⠀⠈⠉⢉⣽⡿⠛⠛⠻⠟⠛⠛⠵⣪⡴⢛⡿⠃⢿⣇⠀⠀⠀⢀⡀
⠀⠀⣀⣴⠟⠋⣴⡿⣋⣴⡾⢋⣠⣾⠿⣚⣩⣴⠚⣻⣇⣠⣶⠛⣩⣽⡟⠁
⠈⠉⠉⠁⠀⠀⠉⠉⠁⠈⠩⣿⡀⠉⠉⣵⣶⣾⣭⣭⣽⠶⠍⠉⠀⠉⠁
⠀⠀⠀⠀⠀⠀⠀⠀⠀⠀⠀⢻⣧⠀⠠⠛⠛⠛⠛⠛⠁
⢀⣤⣤⣤⣤⣀⣴⣶⣿⣿⣿⣿⣿⣶
⠉⠉⠉⠉⠉⠛⠛⠛⠯⣄⣈⣿⡟⠉
⠀⠀⣀⣀⣀⣀⣀⠀⠀⢀⣤⣴⣶⣿⣿⣿⣿⣿⣿⣷⣶⣦
⣴⡿⠿⠿⠿⢿⣿⣿⣷⣾⣿⣿⡿⢿⠟⠛⠿⣿⣿⣿⣿⡿
⠀⠀⠀⠀⠀⠀⠀⠀⠉⠉⠉⠉⠙⠶⠤⣤⣤⣾⣿⡟
⠀⠀⠀⠀⠀⠀⠀⠀⠀⠀⠀⠀⠀⣀⣤⣴⣾⣿⣿⣿⣿⣿⣿⣿⣶⣶⣦⣄
⢀⣰⡶⣿⣿⣿⣿⣿⣷⣶⣤⣤⣾⣿⣿⣿⣿⣿⣿⣿⣿⣿⣿⣿⣿⣿⣿⣿
⠿⠛⠛⠉⠉⠙⠛⠛⠛⠻⢿⣿⣿⣿⣿⣟⣛⠋⠉⠀⠈⠛⣿⣿⢻⡿⠟⠋
⠀⠀⠀⠀⠀⠀⠀⠀⠀⠀⠀⠀⠀⠀⠀⠈⠙⠳⠶⢦⣤⣤⣿⣿⣿⠁
⢿⣿⣿⡿⠿⢿⣿⣿⡿⠿⢿⣿⣿⡿
⢈⣽⣿⣿⣟⣺⣿⣿⣾⣿⣿⣿
⠸⣿⣿⣻⣿⣿⣿⣿⣿⣿⣿⣿
⠀⠀⠉⠙⢻⣿⣮⣽⣯⠟⠪⠿
⢸⣿⣿⣿⣿⣿⣿⣿⣿⣿⣿⣿⣿⣿⣿⣿⣿⣿⣿⣿⣿⡇
⠘⣿⣿⣿⣿⡏⣉⣉⠉⣿⣿⣿⣿⠉⡉⢉⣹⣿⣿⡿⠿⠃
⠈⠉⣻⣿⣿⣿⣿⠟⢛⣿⣿⣿⣿⣾⡇⣿⣿⣿⣿
⠀⣾⣿⣹⣿⣧⣿⣿⣿⣿⣿⣿⣿⣿⣿⣿⣿⣿⣿
⠀⢿⣿⣷⣟⣭⣿⣿⡿⣿⣿⣿⣿⣿⣿⣿⣿⣿⣿
⠀⠀⠉⠛⠿⢿⣿⣿⣿⣭⡟⠿⢿⠛⠿⣮⠙⢿⡿
⠀⠀⠀⠀⠀⠀⠀⢻⣷⣿⣷⣿⣿⣿⡗⠀⠑⠒⠛
⢰⣿⣿⣿⣿⣿⣿⣿⣿⣿⣿⣿⣿⣿⣿⣿⣿⣿⣿⣿⣿⣿⣿⣿⣿⣿⣿⡆
⠸⣿⣿⣿⣿⣸⣿⠛⠛⠛⠛⢸⣿⣿⣿⣿⡇⠛⠛⠛⠛⣿⣇⣿⣿⣿⣿⠇
⠐⠲⠿⣟⣻⢿⣿⣶⣿⣿⠦⢾⣿⣿⣿⣿⡇⣶⡇⣶⣶⣿⣿⣿⠉
⠀⢀⣶⣿⢳⣿⣿⠛⣿⣤⣴⣾⣿⣽⣿⣿⣿⣿⣧⣿⣿⣿⣿⣿
⠀⣿⣿⣿⣜⢿⠿⢿⣿⣿⣿⣿⣽⣿⣿⣿⣽⣿⣿⣿⣿⣿⣿⣿
⠀⠘⠿⣿⣿⣯⣼⣾⣿⣿⣿⡽⣿⣿⣿⣿⣿⣿⣿⢿⣿⣿⣿⣿
⠀⠀⠀⠈⠙⠛⠿⠿⠿⣿⣿⢧⣾⠈⢛⢻⣇⠉⠿⠷⡀⠙⠿⡟
⠀⠀⠀⠀⠀⠀⠀⠀⠀⢹⣿⣾⣿⣿⣿⣿⣿⣿⡏⠀⠈⠚⠚⠛⠁
⣠⣤⣾⣿⣿⣿⣶⣶⣦⣤
⠙⢿⣿⣿⣯⣛⡿⢿⠿⠻⠲⠦⠴⠂
⠀⠀⠀⠉⠉⠛⠛⠷⡄
⠀⣀⣀⣤⣿⣿⣿⣷⣶⣦⣤⣄⣤⣄⣀⡀
⢼⣿⣿⣿⣿⣿⣿⣿⣯⣿⣿⣶⡦⠿⣿⡃
⠘⠿⣿⣿⣿⣿⣯⣍⡛⠳⢿⣛⣿⣶⠶⠬⠽⠶⠦⠴⠶⠤
⠀⠀⠈⠉⠛⠿⠿⣿⣿⣿⣶⣤⡁
⠀⠀⠀⠀⠀⠀⠀⠀⠀⠉⠉⠛⠻⠆
⠀⠀⣀⣀⣠⣿⣿⣷⣿⣷⣶⣶⣤⣤⣀⣀⣀⡀⢀⡀
⣰⣿⣿⣿⣿⣿⣿⣿⣿⣛⣟⣻⣻⣹⣍⣍⣹⣿⣿⡧
⠸⣿⣿⣿⣿⣿⣿⣿⠿⠿⢿⣽⣻⢿⡿⣿⣥⣩⣝⡓⠦⣤⣀⣀⣀⣀⣄
⠀⠈⠛⠿⣿⣿⣿⣿⣿⣶⣦⣤⣙⡛⠶⠾⠿⠋⠉⠛⠉⠛⠋⠉⠉⠉⠉⠉
⠀⠀⠀⠀⠀⠉⠉⠛⠛⠿⠿⣿⣿⣿⣷⣦⡀
⠀⠀⠀⠀⠀⠀⠀⠀⠀⠀⠀⠀⠀⠉⠉⠛⠻⡄
⠀⠀⠀⣴⢿⡆⠀⠀⢰⡿⣦
⠀⢠⣾⢟⢸⡇⠀⠀⢸⡇⡻⣷⡄
⣴⣿⢇⣙⣜⠷⢶⡶⠾⣣⣋⡸⣿⣦
⢹⣶⣋⣬⣥⣄⠀⠀⣠⣬⣥⣙⣶⡏
⠀⣿⣽⣟⣋⡁⠀⠀⢈⣙⣻⣯⣿
⢰⡿⣿⣿⠋⢶⣿⣿⡷⠙⣿⣿⢿⡆
⠀⠉⠛⢿⣤⣤⡿⢿⣤⣤⡿⠛⠉
⠀⠀⠀⠀⠀⣠⡟⢻⡆⠀⠀⠀⠀⢰⡟⢻⣄
⠀⠀⠀⠀⣴⣿⡇⢸⡇⠀⠀⠀⠀⢸⡇⢸⣿⣦
⠀⠀⢠⣾⣿⠏⠀⢸⡇⠀⠀⠀⠀⢸⡇⠀⠹⣿⣷⡄
⢀⡴⣿⣿⠁⠾⠇⢼⣇⣀⣀⣀⣀⣸⡧⠸⠷⠈⣿⣿⢦⡀
⣾⡙⠟⢇⡤⢶⡾⠖⠂⠀⠸⠇⠀⠐⠲⢷⡶⢤⡸⠻⢋⣷
⢈⣷⣾⡋⢠⣤⣠⣤⣀⡀⠀⠀⢀⣀⣤⣄⣤⡄⢙⣷⣾⡁
⠀⢹⣿⡰⣿⣷⡿⢿⠟⠁⠀⠀⠈⠻⡿⢿⣾⣿⢆⣿⡏
⠀⢘⣿⣿⣎⣩⣴⣤⠄⠀⠀⠀⠀⠠⣤⣦⣍⣱⣿⣿⡃
⠀⣿⢻⣏⣿⣿⠿⠁⣴⣿⣿⣿⣽⣶⠈⠿⣿⣿⣹⡟⣿
⠀⠛⢧⣙⣿⣿⠑⠀⠈⢻⣿⣿⡟⠁⠀⠊⣿⣿⣋⡼⠛
⠀⠀⠀⠈⠙⢿⣷⣶⡤⠾⠿⠿⠷⢤⣶⣾⡿⠋⠁
⠀⠀⠀⠀⠀⠀⠀⣴⡟⢻⡆⠀⠀⠀⠀⠀⠀⢰⡟⢻⣦
⠀⠀⠀⠀⠀⢀⣼⣿⡇⢸⡇⠀⠀⠀⠀⠀⠀⢸⡇⢸⣿⣧⡀
⠀⠀⠀⠀⣠⣿⣿⡟⠀⢸⡇⠀⠀⠀⠀⠀⠀⢸⡇⠀⢻⣿⣿⣄
⠀⠀⢀⣼⣿⣿⠏⢀⠀⢸⡇⠀⠀⠀⠀⠀⠀⢸⡇⠀⡀⠹⣿⣿⣧⡀
⠀⣴⢿⣿⣿⠁⠸⠿⠀⢸⣇⣀⣀⣀⣀⣀⣀⣸⡇⠀⠿⠇⠈⣿⣿⡿⣦
⣼⡏⢾⢿⡏⢀⣠⣴⣶⣤⠤⠀⠀⢸⡇⠀⠀⠤⣤⣶⣦⣄⡀⢹⡿⡷⢹⣧
⠙⣷⣀⣴⡾⠋⠀⠋⠁⠀⠀⠀⠀⠈⠁⠀⠀⠀⠀⠈⠙⠀⠙⢷⣦⣀⣾⠋
⠀⢿⣿⣧⢆⣤⣿⢶⣯⣿⣶⣤⠀⠀⠀⠀⣤⣶⣿⣽⡶⣿⣤⡰⣼⣿⡿
⠀⠀⣿⣿⡘⢿⣿⣿⠟⠻⠟⠁⠀⠀⠀⠀⠈⠻⠟⠻⣿⣿⡿⢃⣿⣿
⠀⠀⢻⣿⣿⣮⣋⣥⣴⣤⡤⠀⠀⠀⠀⠀⠀⢤⣤⣦⣬⣙⣵⣿⣿⡟
⠀⣴⡿⣿⡛⢿⣿⣿⣿⠁⣠⣴⣶⣶⣶⠒⢦⣄⠈⣿⣿⣿⡿⢛⣿⢿⣦
⠀⢿⣧⠙⢿⣾⣿⣿⡈⠀⠙⢿⣿⣿⣿⣿⡿⠋⠀⢁⣿⣿⣷⡿⠋⣼⡿
⠀⠀⠙⠳⢦⣿⣿⣗⠀⠀⠀⠀⣽⣿⣿⣯⠀⠀⠀⠀⣺⣿⣿⡴⠞⠋
⠀⠀⠀⠀⠀⠈⠻⢿⣷⣾⡥⠾⠿⠿⠿⠿⠷⢬⣷⣾⡿⠟⠁
⠀⠀⣀⣤⡶⠞⠛⢛⡛⠛⠳⠶⣦⡀
⠰⢾⣿⣇⠀⠀⣰⠯⢿⣄
⠀⠀⠉⠛⠷⢶⣤⣤⣤⣤⡶⠾⠛⠁
⠀⠀⠀⠀⢀⣠⣤⣶⡶⠿⠿⠟⠛⠛⠿⠿⠷⣶⣦⣤⣀
⢀⣠⣴⣾⣿⡟⠉⠀⠀⠀⢠⣾⠿⣷⡀⠀⠀⠀⠈⠉⠉⠁
⠀⠉⠻⢿⣿⣧⣄⡀⠀⠰⠿⠛⠛⠛⠿⠆⠀⠀⣀⣀⣀⡀
⠀⠀⠀⠀⠈⠙⠛⠿⠿⣶⣶⣶⣶⣶⣶⣶⡾⠿⠟⠛⠉
⠀⠀⠀⠀⠀⠀⢀⣀⣤⣴⣶⣶⡿⠿⠿⠿⠿⠿⠿⢿⣷⣶⣶⣤⣄⣀
⠀⠀⢀⣠⣴⣾⣿⡿⠛⠉⠁⠀⠀⠀⣴⣶⣶⣄⠀⠀⠀⠀⠉⠛⠿⠿⠷⠆
⠐⠾⣿⣿⣿⣿⣿⠀⠀⠀⠀⠀⢠⣾⣿⣥⣽⣿⣦⡀
⠀⠀⠀⠙⠻⢿⣿⣷⣦⣄⣀⠀⠉⠉⠀⠀⠀⠈⠉⠉⠀⣀⣠⣤⣶⣶⡶⠆
⠀⠀⠀⠀⠀⠀⠈⠉⠛⠻⠿⠿⣿⣿⣷⣶⣶⣾⣿⣿⠿⠿⠟⠛⠋⠁
⠈⡽⠩⣽⡟⡩⣽⣥⡤⣄⡀
⠘⠳⠿⠿⣵⠡⣼⡿⠓⢛⣷⣶⣶⠶
⠀⠀⠀⠀⠈⠉⠉⣽⣃⣱⠛⠛⠁
⠈⠙⣿⠋⠉⢹⣿⡟⠉⠉⣿⠃
⠀⣰⠏⠀⢠⣿⡿⠀⠀⠘⢫⣭⣭⠉⠙⢲⡆
⠀⠛⠦⢤⠬⢭⢥⡴⠀⠀⣼⣿⠟⠛⠛⢛⣛⣛⣛⣛⣻⡗
⠀⠀⠀⠀⠀⠀⠘⠳⠦⠤⠭⢭⣴⠀⠀⢀⣩⣭⣹⡟
⠀⠀⠀⠀⠀⠀⠀⠀⠀⠀⠀⣼⣇⣀⣠⡟
⠈⠙⠛⣿⠋⠉⠉⣹⣿⡿⠉⠉⢉⣿⠃
⠀⠀⣼⠇⠀⠀⣰⣿⡿⠁⠀⠀⠾⠛⠒⠒⠒⠒⠲⢦⣄
⠀⣼⣏⡀⠀⠰⠿⠿⠃⢀⠀⠀⠀⢩⣿⣿⣧⣤⣤⣼⣯⣤⣤⣤⣤⣤⣤⡤
⠀⠀⠈⠙⠛⠛⠛⠛⣻⡟⠀⠀⠠⠿⠿⠏⠉⠀⠀⠐⢶⣶⣶⣶⣶⡶⠿⠁
⠀⠀⠀⠀⠀⠀⠀⠀⠈⠉⠛⠒⠒⠒⠒⣶⠏⠀⠀⢠⡶⠶⠶⠶⠟
⠀⠀⠀⠀⠀⠀⠀⠀⠀⠀⠀⠀⠀⠀⣼⣯⣠⣤⣤⡿⠁
⠊⣽⠆⣰⡟⠀⠀⠀⣠⣞⠝
⢸⣏⡠⣿⡠⣾⣉⢡⣟⡡⣾⣡⣿⡡
⠶⠛⣿⣶⠀⢠⣾⡟⠀⠀⠀⠀⠀⢀⣶⠟⣹⠂
⠀⣼⣿⠃⢠⣿⡟⠀⣠⡤⣶⡤⢠⣿⡿⠚⣡⡴⠶⣤⣶
⠰⣿⣧⡤⠿⣿⣤⠼⣿⣧⣤⠴⢿⣯⣤⠾⣿⣥⠼⣿⣥⠴
⣴⠞⢻⣿⣦⠀⠀⣰⣿⡿⠀⠀⠀⠀⠀⠀⠀⢀⣴⣿⠟⣿
⠈⠀⣼⣿⠏⠀⢰⣿⡿⠁⠀⠀⣀⣀⡀⠀⢠⣿⣿⣡⠞⠁⣀⣀⠀⢀⣀
⠀⣼⣿⡏⠀⢠⣿⣿⠁⢀⣶⣿⠋⠿⠟⢠⣿⡿⠋⢁⣴⣿⠟⢉⣿⣿⠏
⠀⢿⣿⣦⡴⠻⣿⣷⡤⠞⢿⣿⣤⡤⠶⠻⣿⣧⡴⠞⠿⣿⣤⠾⣿⣧⠴⠖
⠀⠀⢠⢖⡕⢄⣀⣀⡠⢪⡲⡄
⠀⣠⣿⣿⣶⠿⡿⢿⠿⣶⣿⣿⣄
⢺⡟⠉⠙⠑⠶⠃⠘⠶⠊⠋⠉⢻⡗
⠀⠙⠶⣤⣄⢄⣲⣖⡠⣠⣤⠶⠋
⠀⠀⠀⠈⠙⠧⣭⣭⠼⠋⠁
⠀⠀⠀⠀⢀⠴⣚⠲⣄⠀⠀⠀⠀⣠⠶⣓⠦⡀
⠀⠀⠀⣰⣫⣾⣏⣀⣽⣿⣿⣿⣿⣯⣀⣹⣷⣜⣦
⠀⢀⣴⣿⣿⣿⣿⠿⠛⢻⡏⢹⡟⠛⠿⣿⣿⣿⣿⣦⡀
⠰⣿⡛⠁⠈⠙⠀⠛⢷⠜⠃⠘⠣⡾⠛⠀⠋⠁⠈⢛⣿⠇
⠀⠙⢿⣤⣄⢀⡀⢀⠀⢠⣤⣤⡄⠀⡀⢀⡀⣀⣤⡿⠋
⠀⠀⠀⠉⠙⠷⣿⣦⡹⡶⣾⣷⢶⢎⣴⣿⠾⠋⠉
⠀⠀⠀⠀⠀⠀⠀⠉⠻⠦⣬⣭⠴⠟⠉
⠀⠀⠀⠀⠀⠀⣠⡴⠺⢦⡀⠀⠀⠀⠀⠀⠀⢀⡴⠗⢦⣄
⠀⠀⠀⠀⢠⡾⣡⣾⠟⠀⢹⣦⣴⣶⣶⣶⣴⡏⠀⠻⣷⣌⢳⡄
⠀⠀⠀⢀⣿⣾⣿⣿⣴⣶⣿⣿⣿⡿⢿⣿⣿⣿⣷⣦⣿⣿⣷⣿⡄
⠀⢀⣼⣿⣿⣿⣿⣿⠿⠟⠉⠉⢻⡇⠸⡟⠉⠉⠻⠿⣿⣿⣿⣿⣿⣧⡀
⠸⣿⣿⠛⠀⠀⠈⠣⠈⠙⢻⡦⠟⠀⠀⠻⢴⡟⠋⠁⠜⠁⠀⠀⠛⣻⣿⠇
⠀⠘⢿⣧⣀⡀⠀⠀⠀⠀⠀⠀⢀⣀⣀⡀⠀⠀⠀⠀⠀⠀⠀⣀⣼⡿⠃
⠀⠀⠀⠹⠟⢿⣦⣽⣦⡈⢢⣀⣙⣻⣟⣋⣀⡴⢁⣴⣯⣴⡿⠻⠏
⠀⠀⠀⠀⠀⠀⠉⠛⠿⣿⣦⠫⢙⣻⣟⡋⠝⣰⣿⠿⠛⠉
⠀⠀⠀⠀⠀⠀⠀⠀⠀⠀⠙⠻⠶⣶⣶⠶⠟⠋
⠀⠀⠀⠀⢸⣶⡄
⢸⡇⠀⣻⢸⣿⣧⣄⡀⣽⢧⣠⢾⡇
⠀⠉⠈⢁⣰⣿⣏⣉⣁⣽⠊⠁⠈⠁
⠀⠀⠀⠀⠀⠀⠀⣿⡦⣄
⠠⣤⡄⠀⠀⣤⠀⣿⡇⣿⠀⠀⠀⠀⢠⣤⣄⠀⠀⣠⣤
⠀⢿⣇⣀⣀⡿⠀⠻⣇⣿⣻⣷⣲⠀⣸⡇⠻⣦⠞⢹⣿⡀
⠀⠀⠀⠀⠀⢀⣀⣾⣿⣿⣅⣀⣀⣀⣤⡾
⠀⠀⠀⠀⠀⠀⠀⠀⠀⣿⣦⣄⡀
⢀⣀⣀⡀⠀⢀⣀⣀⡀⣿⡯⢸⡇⠀⠀⠀⠀⠀⣀⣀⡀⠀⠀⠀⠀⣀⣀⡀
⠀⣿⣿⠀⠀⠀⢸⡇⠀⣿⣟⢸⣷⡤⢤⣀⠀⠀⢸⡟⢿⣦⡀⣠⠞⣿⣿
⠀⠙⠿⠦⠤⠤⠞⠁⠀⢙⣷⣼⣿⣿⠿⠮⠗⠠⠼⢧⡀⠹⠿⠃⠠⠿⠿⠄
⠀⠀⠀⠀⠀⠀⠀⣀⣠⣿⣿⣾⣯⣤⣤⣤⣤⣤⣴⣿⠃
⠀⠀⠀⣀⣼⣵⣦⣴⣮⣧⣀
⣤⣴⣾⣿⡿⣟⠻⢟⠻⢿⣿⣷⣦⣤
⠈⠛⠿⢿⣷⣾⡷⢾⣷⣾⡿⠿⠛⠁
⠀⠀⠀⠀⠈⠻⢿⡿⠟⠋
⠀⠀⠀⠀⠀⠀⢀⡿⣓⢦⡄⢀⡴⣚⢿⡀
⠀⠀⠀⢀⡤⣖⣭⣾⣿⣇⣿⣿⣸⣿⣷⣭⣳⢤⡀
⢲⣶⣾⣵⣾⣿⣿⢟⣯⣉⡍⢩⠉⢙⡿⣿⣿⣷⣮⣷⣶⡖
⠀⠛⢿⣿⣿⣿⣷⣦⣴⣶⣶⣶⣶⣦⣴⣾⣿⣿⣿⡿⠛
⠀⠀⠀⠀⠉⠉⠻⣿⣿⣿⣦⣽⣿⣿⣿⠏⠉⠉
⠀⠀⠀⠀⠀⠀⠀⠀⠙⠛⢿⡿⠛⠋⠁
⠀⠀⠀⠀⠀⠀⠀⠀⢀⡿⢛⠲⣄⡀⢀⣠⠖⡚⢿⡀
⠀⠀⠀⠀⠀⢀⣠⠖⣫⣴⣿⣿⠸⣟⣻⠇⣿⣿⣦⣝⠲⣄⡀
⣀⣀⣤⠴⣚⣭⣶⣿⣿⣿⠿⠿⠿⠶⠶⠾⠿⠿⣿⣿⣿⣶⣭⣓⠦⣤⣀⣀
⠘⢿⣿⣿⣿⣿⣿⣿⣏⡐⢛⣛⣐⣃⣘⣃⣀⡘⢋⣹⣿⣿⣿⣿⣿⣿⡿⠃
⠀⠀⠉⠛⠿⢿⣭⣷⣿⣯⣟⣿⣿⠯⠽⣿⣿⣻⣽⣿⣶⣭⡿⠿⠛⠉
⠀⠀⠀⠀⠀⠀⠀⠈⠙⠿⣿⣿⣿⣦⣴⣿⣿⣿⡿⠛
⠀⠀⠀⠀⠀⠀⠀⠀⠀⠀⠈⠛⠛⢿⡿⠟⠋⠉
⠀⠀⣀⡤⠶⠚⠚⣃⣳⣤⣤⣤⡀
⠰⠟⠁⠀⣀⣞⢉⣉⢿⣿⣿⣯⣁
⢻⣇⣠⣾⣿⡘⢼⣷⣾⣿⣿⣿⣿⡗
⠀⠸⠛⣿⠟⠛⠃⠙⠛⠛⠛⠛⠉
⠀⠀⠀⠀⢀⣀⢰⣦⠲⠷⠹⠻⠘⣯⣀⣀⣀⣀
⠀⢠⣐⣾⠓⠉⠁⠀⢀⡤⠤⢶⣿⣿⣿⣿⣿⣿⡿⡦
⡐⢓⠈⠁⠀⠀⢀⣴⣯⡀⢠⣤⡬⢿⣿⣿⣿⣿⣤⣄⡀
⢽⢿⠅⢀⣠⣶⣿⣧⠠⢃⣸⣷⣴⣾⣿⣿⣿⣿⣿⣷⣿⡶
⠈⠛⣹⣿⣿⣿⣿⣿⣷⣤⠙⢿⣿⣿⣿⣿⣿⣿⣿⡿⠟⠁
⠀⠀⠛⠋⠙⣿⠟⠋⠉⠀⠁⠀⠈⠋⠉⠀⠀⠀⠁
⠀⠀⠀⠀⠀⠀⢀⡠⣤⣤⡰⣒⡆⡿⠯⠄⠿⣏⣀⣀⣀
⠀⠀⠀⣀⣴⣬⡻⠟⠊⠉⠁⠀⠀⠀⣀⣤⣶⣿⣿⣿⣿⣿⣿⣶⣄
⠀⣐⡳⢦⠟⠃⠀⠀⠀⠀⢠⡶⠋⠋⠙⠿⣿⣿⣿⣿⣿⣿⡿⠛⠛⠃⢄
⣈⠉⡓⡎⠀⠀⠀⠀⣀⣴⣧⣤⡀⢤⣴⣶⠮⢻⣿⣿⣿⣿⣿⣶⣦⣄⠀⢡
⢭⣿⣏⡀⠀⢀⣤⣾⣿⣏⠀⡼⠁⣸⣿⣤⣴⣾⣿⣿⣿⣿⣿⣿⣿⣿⣿⣾
⠨⣴⡿⢦⣶⣿⣿⣿⣿⣿⣦⡀⠻⣿⣿⣿⣿⣿⣿⣿⣿⣿⣿⣿⣿⣿⡿⠃
⠀⠀⠀⣿⣿⣿⣿⣿⣿⣿⣿⠿⠿⡀⠙⠿⣿⣿⡿⠿⠿⠿⠿⡿⠟⠋
⠀⠀⠀⠋⠉⠀⢻⡿⠋⠁⠀⠀⠀⠀⠀⠀⠈⠁
⡉⠉⡅⢠⠀⠀⠀⢠⠀⣠⠌⠉⠉⢛
⡇⠀⢁⣌⣤⣤⣤⣤⣤⣍⣀⠀⢀⣿
⠛⠛⠉⡉⠉⢀⡀⠀⠀⠀⠀⢀⡄⠀⢠⣄⡉⠉⠉⠙⠛⠻
⡆⠀⠀⡇⠀⢸⠇⠀⠤⠀⠀⠸⠇⠀⠸⡏⠁⠀⠈⠀⢀⣶
⣇⠀⠀⢁⣠⣦⣤⣶⣶⣷⣶⣶⣶⣶⣤⣤⣄⡀⠀⢀⣾⣿
⠿⠟⠛⠛⠉⠉⠉⢀⠀⠀⠀⠁⠀⠀⠀⣀⠀⠀⢀⣈⠉⠉⠉⠙⠛⠻⠿⢿
⣤⠀⠀⢰⡷⠀⠀⣸⠀⠀⠀⠀⠀⠀⠀⡇⠀⠀⢸⣿⠷⠀⠀⠐⠆⠀⠀⣀
⡿⠀⠀⢸⠇⠀⠀⠛⠀⠀⠈⢠⠀⠀⠀⠁⠀⠀⠘⠋⠀⠀⠀⠀⠀⠀⣼⣿
⣧⡀⠀⠀⣀⣤⣾⣶⣶⣾⣿⣿⣿⣿⣿⣿⣿⣷⣶⣶⣤⣤⠀⠀⠀⣼⣿⣿
⣤⣶⣿⠿⠿⠿⠿⢿⣷⣦
⠻⠿⣿⣶⣶⣶⣶⣶⣤⣄
⢶⣶⣶⣀⣶⣿⣿⣿⣿⣿⠿⣿⣷⣦
⠀⠈⠉⠉⣿⣿⡏⠉⠉
⠀⠀⠀⠀⠻⢿⣷⣶⣶⣶⣶⣿⠿⠛
⢀⣤⣴⣾⣿⣿⣿⣿⣿⣿⣿⣿⣿⣶⣤⣀
⢸⣿⣿⣿⡏⠀⠀⠀⠀⠀⠀⠸⠿⠿⠿⠿
⠘⠿⣿⣿⣿⣶⣶⣶⣶⣶⣶⣶⣶⣶⣤⣀
⢠⣤⣤⣬⡍⠉⢉⣩⣽⣿⣿⣿⣿⣿⣿⣿⢰⣶⣶⣤⣄⡀
⠘⠿⣿⣿⣷⡆⣿⣿⣿⣿⣯⣾⣿⣿⡿⠟⠈⢹⣿⣿⣿⡇
⠀⠀⠀⠉⠉⠁⣿⣿⣿⣿⡏⠉⠉⠁
⠀⠀⠀⠀⠀⠀⣿⣿⣿⣿⡇⠀⠀⠀⠀⠀⠀⣰⣶⣶⣶⡆
⠀⠀⠀⠀⠀⠀⠉⠛⠿⣿⣿⣿⣿⣿⣿⣿⣿⣿⣿⠟⠛⠁
⠀⢀⣠⣴⣾⣿⣿⣿⣿⣿⣿⣿⣿⣿⣿⣿⣷⣦⣄⡀
⢸⣿⣿⣿⣿⣿⠛⠛⠛⠛⠛⠛⠛⠛⠛⣿⣿⣿⣿⣿⡆
⢸⣿⣿⣿⣿⣿⠀⠀⠀⠀⠀⠀⠀⠀⠀⠛⠛⠛⠛⠛⠃
⠘⠻⢿⣿⣿⣿⣿⣿⣿⣿⣿⣿⣿⣿⣿⣿⣿⣶⣤⣀
⠀⡀⠀⠈⠉⡉⠉⠉⠉⠉⣉⣽⣿⣿⡏⣿⣿⣿⣿⣿⡇⣤⣤⣤⣄⡀
⢸⣿⣿⣿⣿⣿⣀⢠⣶⣿⣿⣿⣿⢿⣇⣿⣿⣿⣿⣿⡇⠿⣿⣿⣿⣿⣷⡄
⠈⠛⠿⣿⣿⣿⣿⡷⣿⣿⣿⣿⣿⢸⣿⣿⣿⡿⠟⠋⠁⠀⠿⠿⠿⠿⠿⠇
⠀⠀⠀⠀⠉⠉⠉⢸⣿⣿⣿⣿⣿⠈⠉⠉⠉
⠀⠀⠀⠀⠀⠀⠀⢸⣿⣿⣿⣿⣿⠀⠀⠀⠀⠀⠀⠀⠀⠀⣤⣤⣤⣤⣤⡄
⠀⠀⠀⠀⠀⠀⠀⠸⣿⣿⣿⣿⣿⣤⣤⣤⣤⣤⣤⣤⣤⣤⣿⣿⣿⣿⣿⡇
⠀⠀⠀⠀⠀⠀⠀⠀⠈⠙⠻⢿⣿⣿⣿⣿⣿⣿⣿⣿⣿⣿⣿⡿⠟⠋⠁
⢀⣀⣠⣤⣒⣛⣻⣟⣛⣒⣤⣀⣀⡀
⠀⠉⠻⣿⣿⣯⠟⠻⣽⣿⣿⠟⠉
⠀⠀⠀⠀⠉⠑⢼⡧⠊⠉
⠀⠀⠀⠀⠀⡀⣴⠶⠾⢿⢿⡿⡿⠷⠶⣤⢀
⠐⠶⣶⣶⣿⣷⣶⡶⢶⣶⣿⣿⣶⡶⢶⣶⣾⣿⣶⣶⠶⠂
⠀⠀⠈⠻⢿⣿⣿⣷⣷⣬⠿⠿⣥⣾⣾⣿⣿⡿⠛⠁
⠀⠀⠀⠀⠀⠙⠛⠿⢟⡁⢸⡇⢈⡻⠟⠛⠋
⠀⠀⠀⠀⠀⠀⠀⠀⠀⠙⢿⡿⠋
⠀⠀⠀⠀⠀⠀⠀⣠⣤⣶⣶⣿⡿⢿⡿⢿⣿⣶⣶⣤⣀
⠠⣤⣤⣤⣤⣴⣿⣬⣅⣀⣀⣤⣤⡾⣷⣤⣤⣀⣀⣬⣥⣿⣦⣤⣤⣤⣤⠄
⠀⠀⠙⠻⣿⣿⣿⣿⣷⣎⣭⣙⢷⣿⣿⡿⣋⣭⣱⣾⣿⣿⣿⣿⠟⠋
⠀⠀⠀⠀⠈⠙⠿⣿⣿⣿⣿⡿⠛⢩⡍⠛⢿⣿⣿⣿⣿⠿⠋⠁
⠀⠀⠀⠀⠀⠀⠀⠈⠉⠙⠫⢅⡀⣼⣇⢀⡨⠟⠋⠉⠁
⠀⠀⠀⠀⠀⠀⠀⠀⠀⠀⠀⠀⠙⢿⡿⠋
⣤⡶⠤⠬⠙⠓⠦⢭⣙⡒⠶⣦⣤
⠩⠭⢍⣀⠀⠐⢋⡷⣦⣍⠛⣲⣍
⠀⢙⡫⠴⠒⣛⡻⠭⠟⠻⠭⣉⢙⡶
⠀⠁⠀⠀⠚⠿⣿⠿⠒⠁⠀⠉⠁
⣤⣤⣤⣤⣤⣈⡛⠛⠶⠦⣬⣍⣛⡓⠶⠶⣶⣦⣤⣄⡀
⠺⣒⣒⣒⣒⡂⠀⠀⠀⠤⠶⣤⣭⣙⠛⠲⠶⣬⣍⡛
⠀⠉⣭⣵⠶⠒⢂⣀⣠⣤⣼⡿⣼⣿⣿⠶⠤⠴⡾⣿⣀⡀
⠀⢀⡬⠴⠚⡋⠭⢭⣴⣤⣍⣓⡚⠃⣉⡉⠓⣶⣤⣠⠼⠟
⠀⠀⠀⠀⠀⠀⠉⠛⠻⠿⡿⠿⠛⠋⠅
⢀⣀⣤⣤⣀⣀⠐⠚⠻⠿⣶⣦⣬⣉⡛⠛⠷⢶⣶⣶⣶⣤⣤⣄⣀⡀
⣻⣯⣭⣭⣉⣉⣉⣉⠁⠀⠀⠀⠉⡙⠛⠻⠷⣶⣤⣍⣙⠛⠿⢿⣿⡿
⠈⣩⣭⣭⣤⠤⠤⠄⠀⠀⠀⠚⠛⢙⣻⣿⣶⣤⣈⠉⠛⠛⠷⣶⣄⡁
⠀⠈⢩⣤⣶⡶⠞⠛⠁⢀⣀⣀⣤⣼⣿⣤⣿⣿⣿⣷⣦⣤⣾⣾⣿⣇⡀
⠀⠀⠀⢙⣉⣤⠶⠾⠛⣛⣉⣉⡙⠻⠦⣬⣿⡍⠛⠓⠶⣤⣄⡁⠀⢉⣿⡷
⠀⠤⠚⠋⠁⠤⠒⠋⣭⣵⣾⣿⣿⣿⣶⣶⣦⣤⠴⠚⠀⠴⠟⠛⠚⠋⠉
⠀⠀⠀⠀⠀⠀⠀⠀⠀⠉⠛⠻⢿⡿⠿⠛⠉⠤⠤
⠀⠠⠤⠶⠶⠶⣾⠷⠒⣒⠒⢒⣀⣀
⢈⣿⠏⣸⡟⢰⡏⢨⣿⢏⠁⣽⠟⠋
⠸⠿⠶⠟⢠⡿⠀⠛⠉⠉⠀⠁
⠀⠀⢀⣤⡤⠤⠤⠤⣶⣶⣶⣷⡶⠶⠶⠶⠤⠤⠤⠤
⠠⠶⣶⣶⠆⢀⣶⡶⠀⣼⡟⠀⢶⣶⣖⡒⠂⢐⣿⣟⣻⠇
⠀⣼⣿⠏⢀⣾⡿⠁⣰⡿⠁⣠⣿⣿⣭⣤⠀⠼⠟⠉
⠈⠻⠿⠿⠿⠛⠁⠰⠿⠃⠈⠉⠉
⠀⠀⠀⢀⣀⣀⣠⣤⣤⣤⣤⣴⣶⣶⣾⣶⣶⣤⣤⣤⣤⣤⣤⣤⣀⣀
⠀⢀⣤⣥⣤⡤⠀⢀⣤⣤⠍⠉⣽⣿⠉⣩⣤⣤⣤⣤⡤⠀⣤⣴⣶⣶⣶⡆
⠈⠉⣽⣿⡿⠁⢀⣾⣿⠏⠀⣸⣿⠃⠀⢨⣿⣿⣶⠆⠀⠀⣰⣿⠷⠞⠋
⠀⣼⣿⣿⣁⣠⣼⣿⠏⠀⣰⣿⠏⢀⣴⣾⣿⠷⠶⠾⠇⠐⠛⠋
⠀⠙⠿⠿⠿⠛⠛⠁⠀⠤⠿⠟
⠀⣀⣴⣶⣿⣿⣿⣶⣤⣀
⠀⠀⠛⠛⠻⠿⣿⡿⠯⠽⠒⠒⠒⠂
⠀⠀⢀⣐⣲⣶⣿⣿⣿⣿⣶⣶⣤⣀
⠀⠐⣒⣺⣿⣿⣿⣿⣿⣿⣿⣏⣿⡿⠷⠶⠦⠤⠤⢄⣀
⠀⠀⠀⠀⠉⠉⠙⠛⠿⢿⣿⡿⠿⠟⠛⠛⠛⠉⠉⠉⠉⠁
⠀⠀⠀⠀⠠⠤⢤⣬⣭⣿⣿⣿⣶⣶⣦⣤⣀
⠀⠤⢬⣭⣽⣿⣿⣿⣿⣿⣿⣿⣿⣿⡿⣿⣿⣷⣤⣄⣀⡀
⠀⠀⠠⠤⠿⢿⣿⣿⣿⣿⣿⣿⣿⣿⣷⣾⣟⣋⣉⣉⣉⣉⣉⣉⣓⣲⣤⡀
⠀⠀⠀⠀⠀⠀⠀⠀⠉⠙⠛⠿⢿⣿⠿⠿⠓⠒⠋⠉⠉⠉
⠈⣿⣿⣿⣿⠁⠀⢀⣹⣿⣿⡿⠛⠁
⠀⣿⣿⣿⣿⣤⣾⣿⡿⠛⠁
⠀⣿⣿⣿⣿⠿⠛⠁
⠈⠻⣿⣿⣿⣿⣿⡿⠋⠀⠀⠀⠈⢻⣿⣿⣿⣿⣿⡿⠟⠁
⠀⠀⣿⣿⣿⣿⣿⡇⠀⠀⢀⣤⣶⣿⣿⣿⡿⠟⠉
⠀⠀⣿⣿⣿⣿⣿⣇⣠⣾⣿⣿⣿⣿⠟⠉
⠀⠀⣿⣿⣿⣿⣿⣿⣿⣿⣿⠟⠋
⠀⠀⣿⣿⣿⣿⣿⣿⠟⠋
⠈⠻⣿⣿⣿⣿⣿⣿⣿⣿⠟⠁⠀⠀⠀⠈⠻⢿⣿⣿⣿⣿⣿⣿⣿⡿⠛⠁
⠀⠀⢸⣿⣿⣿⣿⣿⣿⣷⠀⠀⠀⠀⢀⣠⣶⣿⣿⣿⣿⣿⡿⠛⠁
⠀⠀⢸⣿⣿⣿⣿⣿⣿⣿⠀⢀⣤⣾⣿⣿⣿⣿⣿⡿⠛⠁
⠀⠀⢸⣿⣿⣿⣿⣿⣿⣿⣾⣿⣿⣿⣿⣿⡿⠛⠁
⠀⠀⢸⣿⣿⣿⣿⣿⣿⣿⣿⣿⣿⠿⠋⠁
⠀⠀⢸⣿⣿⣿⣿⣿⣿⣿⠿⠋⠁
⢰⠀⠀⠀⠀⠀⢸⡇⠐⠀⠀⠀⠀⡆
⡆⢱⠀⠀⢸⢰⣾⣷⡆⡇⠀⠀⡎⢰
⡇⢸⠀⠀⠸⠘⠿⠿⠃⠇⠀⠀⡇⢸
⣿⣦⣄⡀⠀⠀⠀⠀⠀⠀⢀⣠⣴⣿
⠀⡖⠒⠒⠒⠒⠒⠒⢲⠀⣿⣿⠀⡖⠒⠒⠒⠒⠒⠒⢲
⠀⠧⣄⠀⠀⠀⠀⣠⠼⠀⣿⣿⠀⠧⣄⠀⠀⠀⠀⣠⠼
⣿⠀⣿⠀⠀⠀⠀⣿⠀⣿⣿⣿⣿⠀⣿⠀⠀⠀⠀⣿⠀⣿
⣿⠀⣿⠀⠀⠀⠀⣿⠀⣿⣿⣿⣿⠀⣿⠀⠀⠀⠀⣿⠀⣿
⣿⣀⠻⣀⠀⠀⠀⠈⠑⠂⠀⠀⠐⠊⠁⠀⠀⠀⣀⠝⣀⣿
⣿⣿⣿⣶⣭⣐⠤⠤⠤⠤⠤⠤⠤⠤⠤⠤⣒⣭⣶⣿⣿⣿
⠀⣴⠒⠒⠒⠒⠒⠒⠒⠒⢲⡆⢸⣿⣿⡇⢰⡖⠒⠒⠒⠒⠒⠒⠒⠒⣦
⠀⣿⠀⠀⠀⠀⠀⠀⠀⠀⢸⡇⢸⣿⣿⡇⢸⡇⠀⠀⠀⠀⠀⠀⠀⠀⣿
⣤⡍⢹⡇⠀⠀⠀⠀⠀⣾⠉⣡⣼⣿⣿⣧⣌⠉⣷⠀⠀⠀⠀⠀⢸⡏⢩⣤
⣿⡇⢸⡇⠀⠀⠀⠀⠀⣿⠀⣿⣿⣿⣿⣿⣿⠀⣿⠀⠀⠀⠀⠀⢸⡇⢸⣿
⣿⡇⢸⡇⠀⠀⠀⠀⠀⣿⠀⣿⣿⣿⣿⣿⣿⠀⣿⠀⠀⠀⠀⠀⢸⡇⢸⣿
⣿⡇⢸⡇⠀⠀⠀⠀⠀⠙⠤⣉⣛⣛⣛⣛⣉⠤⠋⠀⠀⠀⠀⠀⢸⡇⢸⣿
⣿⣷⣤⣙⠲⢄⡀⠀⠀⠀⠀⠀⠀⠀⠀⠀⠀⠀⠀⠀⠀⢀⡠⠖⣋⣤⣾⣿
⣿⣿⣿⣿⣿⣦⣌⡑⠢⠤⠤⠤⠤⠤⠤⠤⠤⠤⠤⠔⢊⣡⣴⣾⣿⣿⣿⣿
⠀⠀⠀⢠⣤⣶⡾⣿⢿⡄
⢀⢠⡠⣴⢾⡿⢷⢶⢿⡶⣤⡀⡀⣀
⠸⡸⢀⣧⣤⣤⣼⣼⣼⣤⣄⣦⢱⠃
⠀⠀⠀⠀⠀⠀⣀⣠⣤⣴⣾⣿⣿⣷⡆
⠀⠀⠀⠀⠀⠈⠿⣿⣿⣿⡋⠛⠯⣽⠟
⣀⣀⣀⣀⣠⣤⣾⣿⣿⣿⣿⣾⣿⣿⣿⣷⣤⣀⣀⣀⣀⡀
⢸⡇⢸⡇⢸⣿⠀⠙⢁⠀⡇⠠⠆⢘⡇⠐⠀⣏⠸⠇⣸⠇
⠘⠧⠬⠥⢼⣿⣤⣷⣿⡶⡷⠾⡷⣾⣷⣾⣦⣿⡧⠼⠧
⠀⠀⠀⠀⠀⠀⠀⠀⢀⣀⣀⣤⣴⣾⣿⣿⣾⣶⡄
⠀⠀⠀⠀⠀⠀⠀⠺⣿⣿⣿⣿⢿⠋⠿⢿⣛⣿⡷
⠀⠀⠀⠀⠀⠀⠀⢀⣬⣽⣿⣿⣾⣦⣥⣭⣽⡿⣤⣄
⠲⣶⠒⣶⡖⠚⣿⡟⠛⢿⡿⠛⢻⡿⠿⠿⠿⢿⠿⠿⠿⠿⡦⠤⣤⠤⢤⠄
⠀⣿⠀⣿⡇⠀⣿⡇⢀⡀⢁⡄⢸⡇⠀⣋⠀⢸⠇⢈⡁⠰⣧⡀⠛⣀⠿
⠀⠻⠤⠭⠥⠴⣿⣷⣶⣿⣿⡷⠾⠷⠶⠿⠶⠾⢷⣾⣷⣶⣿⠧⠤⠿⠄
⣠⡞⣳⣿⣿⣿⣻⣿⢟⣛⠛⠛⣷⡶
⠉⠸⣷⣄⣶⣾⣧⠽⠿⠮⠉⣶⡟⠁
⠀⠀⠈⠻⣿⣸⣷⣄⡀⣠⣾⠟
⠀⠀⠀⠀⠈⠛⢿⣿⠿⠋
⠀⣠⡾⢛⣐⣿⣿⣿⡿⠿⣿⣿⡿⠿⠿⠿⠿⠷⠶⣶⣶⡶
⠼⠿⣥⣾⡛⠛⠛⣋⣉⣿⠟⣾⣯⣍⡓⠦⢤⣀⡠⣿⣿⠁
⠀⠀⠘⢿⣷⣄⣺⣿⠟⣿⡷⠶⠤⠾⠟⠓⠒⣲⣿⡆⠁
⠀⠀⠀⠈⠻⣿⣿⣏⢠⣿⣧⡀⠀⠀⠀⢀⣼⣿⠟
⠀⠀⠀⠀⠀⠈⠻⢿⣷⣿⣿⣿⣷⣤⣾⡿⠛⠁
⠀⠀⠀⠀⠀⠀⠀⠀⠉⠛⠿⣿⠿⠛⠉
⠀⢀⣴⣾⠛⠠⢶⣒⣺⡿⠿⠿⠿⠿⠿⠿⠿⠿⠿⠿⠿⠶⣶⣶⣶⣶⣶⡦
⣰⣿⡟⣀⣶⠿⠿⠟⠿⠟⠛⠻⢭⠭⣭⣍⣛⡒⠶⣄⣀⡀⠀⠀⣼⣿⡿⠁
⠈⠀⠈⢻⣿⣷⡀⠀⢴⣶⣿⣿⣷⣄⣙⣛⣛⣻⣶⣦⡬⠭⢭⣶⣍⠻⠁
⠀⠀⠀⠀⠹⣿⣿⣦⣿⣿⠃⢺⣿⡋⠉⠉⠉⠉⠀⠀⠀⣠⣿⣿⠗
⠀⠀⠀⠀⠀⠈⠻⢿⣿⣧⡀⢲⣿⣿⣦⣀⠀⠀⢀⣤⣾⣿⠟⠁
⠀⠀⠀⠀⠀⠀⠀⠀⠙⠻⣿⣿⣿⣿⣿⣿⣿⣶⣿⠿⠋⠁
⠀⠀⠀⠀⠀⠀⠀⠀⠀⠀⠀⠉⠛⠿⣿⠿⠟⠋
⠋⠀⠀⠉⠁⠀⠈⠁⠀⠈⠁⠀⠀⠙
⡇⠀⠀⠀⠀⠀⠀⠀⠀⠀⠀⠀⠀⢸
⣧⡀⠀⠀⠀⠈⢁⡈⠁⠀⠀⠀⢀⣼
⣿⣿⣶⣤⣀⡀⠀⠀⣀⣀⣤⣶⣿⣿
⠟⠁⠀⠀⠈⠉⠉⠉⠀⠀⠉⠉⠀⠀⠉⠉⠉⠀⠀⠀⠈⠻
⣄⠀⠀⠀⠀⠀⠀⠀⠀⠀⠀⠀⠀⠀⠀⠀⠀⠀⠀⠀⠀⣠
⡟⠀⠀⠀⠀⠀⠀⠀⠀⠀⠀⠀⠀⠀⠀⠀⠀⠀⠀⠀⠀⢻
⣷⡀⠀⠀⠀⠀⠀⠀⠀⠋⠉⠉⠙⠀⠀⠀⠀⠀⠀⠀⢀⣿
⣿⣿⣦⣀⠀⠀⠀⠀⠀⠈⠑⠊⠁⠀⠀⠀⠀⠀⣀⣴⣿⣿
⣿⣿⣿⣿⣿⣶⣤⣤⣀⡀⠀⠀⣀⣀⣤⣤⣶⣿⣿⣿⣿⣿
⠟⠉⠀⠀⠀⠀⠉⠛⠉⠉⠁⠀⠉⠉⠉⠉⠀⠈⠉⠉⠋⠉⠀⠀⠀⠀⠙⢻
⡀⠀⠀⠀⠀⠀⠀⠀⠀⠀⠀⠀⠀⠀⠀⠀⠀⠀⠀⠀⠀⠀⠀⠀⠀⠀⠀⢠
⣿⠂⠀⠀⠀⠀⠀⠀⠀⠀⠀⠀⠀⠀⠀⠀⠀⠀⠀⠀⠀⠀⠀⠀⠀⠀⠰⣿
⣿⠀⠀⠀⠀⠀⠀⠀⠀⠀⠀⣤⠤⠤⠤⠤⡄⠀⠀⠀⠀⠀⠀⠀⠀⠀⠀⣿
⣿⣧⡀⠀⠀⠀⠀⠀⠀⠀⠀⠀⢠⡀⣀⡄⠀⠀⠀⠀⠀⠀⠀⠀⠀⢀⣼⣿
⣿⣿⣿⣶⣄⡀⠀⠀⠀⠀⠀⠀⠀⠈⠁⠀⠀⠀⠀⠀⠀⠀⢀⣠⣾⣿⣿⣿
⣿⣿⣿⣿⣿⣿⣿⣦⣴⣤⣄⣀⡀⠀⠀⣀⣀⣠⣤⣤⣶⣿⣿⣿⣿⣿⣿⣿
⠀⢹⣿⣿⣿⠇⠀⠀⠀⣿⣿⣿⡿
⣿⠾⠷⠀⣿⠡⠟⠙⠧⣹⡇⢹⣏⣋
⠀⠸⠿⣿⣿⣧⣤⣤⣴⣿⣿⠿⠟
⠀⠀⣿⣿⣿⣿⣿⣿⣿⠀⠀⠀⠀⢸⣿⣿⣿⣿⣿⣿⡇
⣶⣖⣒⣿⡍⠛⢻⣿⠒⣲⣶⢲⣦⡒⢺⣿⠟⠛⣿⣗⣒⡒
⠛⠓⣚⣿⣥⣤⣬⣭⣌⠉⠀⠀⠈⢩⣬⣭⣤⣤⣿⣗⡒⠒
⠀⠀⠛⠿⠿⣿⣿⣿⣿⣶⣶⣶⣶⣾⣿⣿⣿⡿⠿⠟⠃
⠀⠀⢸⣽⣿⣿⣿⣿⣿⣿⢹⠀⠀⠀⠀⠀⠀⢸⢹⣿⣿⣿⣿⣿⣿⣽⠂
⠀⠀⠸⠻⠿⠿⠿⠿⠿⠿⠸⠀⠀⠀⠀⠀⠀⠸⠸⠿⠿⠿⠿⠿⠿⠻⠂
⣿⣿⣉⣹⣿⣃⠉⠉⣿⣿⠉⢉⣵⣟⣙⣿⣏⠉⢹⣿⡏⠉⠙⣿⣯⣉⣉⡉
⠶⠿⠤⠾⠛⢋⣀⣀⣛⣛⢀⠛⠋⠉⠉⠉⠛⢓⢈⣛⣃⣀⣀⠛⠷⠦⠤⠤
⠀⠀⢸⢿⣿⣿⣿⣿⣿⣿⣼⣄⠀⠀⠀⠀⢀⡼⣼⣿⣿⣿⣿⣿⣿⢿⠆
⠀⠀⠀⠑⠻⠿⠿⣿⣿⣿⣿⣿⣿⣿⣿⣿⣿⣿⣿⣿⣿⡿⠿⠿⠓⠁
⢺⣿⣿⠀⠚⢻⣿⣿⠛⣿⣿⡟⠛⠋
⠸⣿⣿⣤⣤⣼⣿⣿⠀⣿⣿⡇
⢴⣿⣿⣿⡇⠀⠸⠿⢿⣿⣿⣿⡿⠿⢿⣿⣿⣿⡿⠿⠿⠋
⢰⣿⣿⣿⡇⠀⠀⠀⢸⣿⣿⣿⠀⠀⢸⣿⣿⣿
⠘⢿⣿⣿⣷⣶⣶⣶⣾⣿⣿⣿⠀⠀⢸⣿⣿⣿
⣠⣟⣿⣿⣿⡇⠀⠀⢸⣟⣿⣿⣿⣿⣿⣿⣿⣿⣿⣿⣿⣿⣿⣿⣿⣿⣿⠏
⠀⣿⣿⣿⣿⡇⠀⠀⠀⠀⠈⣿⣿⣿⣿⡇⠀⠀⢸⣿⣿⣿⣿
⠀⣿⣿⣿⣿⡇⠀⠀⠀⠀⢀⣿⣿⣿⣿⡇⠀⠀⢸⣿⣿⣿⣿
⠀⠻⣿⣿⣿⣿⣿⣿⣿⣿⣿⣿⣿⣿⣿⡇⠀⠀⢸⣿⣿⣿⣿
⡄⠀⠀⡼⠿⠿⠿⡄⠀⠀⡼⠿⠿⠿
⣇⠀⠀⠷⠀⠀⠰⠇⠀⠀⣷⠀⠀⢰
⣿⣷⣶⣶⣄⠀⠐⠒⠒⠛⠛⠀⢀⣼
⠀⠀⠀⠀⠀⢀⣿⣿⣿⣿⣟⠀⠀⠀⠀⠀⢸⣿⣿⣿⣿⣿
⣿⠀⠀⠀⢸⡏⠉⠉⠉⠉⠉⣽⠀⠀⠀⢸⠉⠉⠉⠉⠉⠉
⣿⠀⠀⠀⠸⣿⡇⠀⠀⠀⣿⣿⠀⠀⠀⢸⣿⡆⠀⠀⠀⣿
⣿⣦⣄⣀⣀⣀⡀⠀⠀⠀⣀⣀⣀⣀⣤⣾⣿⡇⠀⠀⠀⣿
⣿⣿⣿⣿⣿⣿⣧⣄⡀⠀⠈⠉⠉⠁⠀⠀⠀⠀⠀⣀⣤⣿
⠀⠀⠀⠀⠀⠀⠀⢸⣿⣿⣿⣿⣿⡇⠀⠀⠀⠀⠀⠀⠀⣿⣿⣿⣿⣿⣿⣿
⣶⡆⠀⠀⠀⠀⣶⠚⠛⠛⠛⠛⠛⠓⢶⠀⠀⠀⠀⢰⡶⠛⠛⠛⠛⠛⠛⠛
⣿⡇⠀⠀⠀⠀⣿⢀⠀⠀⠀⠀⠀⣀⣸⠀⠀⠀⠀⢸⣇⡀⠀⠀⠀⠀⠀⣀
⣿⡇⠀⠀⠀⠀⣿⣿⡇⠀⠀⠀⠀⣿⣿⠀⠀⠀⠀⢸⣿⣿⠀⠀⠀⠀⢸⣿
⣿⣇⡀⠀⠀⠀⠈⠉⠀⠀⠀⠀⠀⠉⠉⠀⠀⠀⢀⣸⣿⣿⠀⠀⠀⠀⢸⣿
⣿⣿⣿⣷⣦⣤⣤⣤⡄⠀⠀⠀⠀⠤⠤⠤⠴⠾⠿⠿⠿⠿⠀⠀⠀⠀⢸⣿
⣿⣿⣿⣿⣿⣿⣿⣿⣷⣤⣀⠀⠀⠀⠀⠀⠀⠀⠀⠀⠀⠀⠀⠀⣀⣤⣾⣿
⠀⠀⠀⢀⣶⣿⣧⡀⠀⠀⢀⣀
⠠⢤⣴⣶⣿⣿⣿⣥⣤⣤⣼⣿⣿⡶
⠀⠀⠈⠻⣿⣿⣿⣿⣿⣿⡅
⠀⠀⠀⠀⠸⢿⠿⠋⠛⠋⠁
⠀⠀⠀⠀⠀⠀⣤⣼⣾⣷⡄⠀⠀⠀⠀⠀⠀⡀
⠀⣀⣀⣀⣀⣀⣻⣿⣿⣿⣿⣋⣁⢀⠀⠀⣸⣿⣿⣶⣦⣄
⠀⠉⠙⠻⢿⣿⣿⣿⣿⣿⣿⣿⣿⣿⣿⣿⠿⠟⠛⠛⠛⠁
⠀⠀⠀⠀⠀⠈⠻⣿⣿⣿⣿⣿⣿⣿⣿⣿⡆
⠀⠀⠀⠀⠀⠀⠀⠹⢻⡿⠟⠁⠉⠉⠉⠉
⠀⠀⠀⠀⠀⠀⠀⠀⣤⣴⣶⣿⣶
⠀⠀⠀⠀⠀⠀⠀⢸⣿⣿⣿⣿⣿⣧⣤⠄⠀⠀⠀⠀⠀⣴⣦⣴⣀⢀
⢀⣤⣤⣤⣤⣤⣤⣤⣽⣿⣿⣿⣿⣿⣦⣤⣄⣀⣀⣀⣴⣿⣿⣿⣿⣿⣿⣶
⠀⠀⠉⠙⠻⢿⣿⣿⣿⣿⣿⣿⣿⣿⣿⣿⣿⣿⣿⣿⡿⠿⠿⠿⠛⠛⠋⠁
⠀⠀⠀⠀⠀⠀⠙⠻⣿⣿⣿⣿⣿⣿⣿⣿⣿⣿⣿⣿⣦
⠀⠀⠀⠀⠀⠀⠀⠀⠘⣿⣿⣿⣿⣿⡿⠿⣿⣿⣿⡿⠿
⠀⠀⠀⠀⠀⠀⠀⠀⠀⠘⠋⣿⠿⠋
⠀⠀⢀⡀⠻⢿⣦⣴⡿⠟⢀⡀
⠀⣠⣾⠟⠀⠀⠉⠉⠀⠀⠻⣷⣄
⠛⠛⠛⠃⠀⠀⠀⠀⠀⠀⠘⠛⠛⠛
⠀⠀⠀⠀⠀⢀⣤⣤⣤⣄⠀⠀⣠⣤⣤⣤⡀
⠀⠀⠀⠀⣀⡀⠙⠻⠻⣿⣷⣾⣿⠟⠟⠋⢀⣀
⠀⠀⢀⣴⣿⣿⠂⠀⠀⠈⠙⠋⠁⠀⠀⠐⣿⣿⣦⡀
⣀⣠⣿⣿⣿⣁⠀⠀⠀⠀⠀⠀⠀⠀⠀⠀⣈⣿⣿⣿⣄⣀
⠉⠉⠉⠉⠉⠉⠀⠀⠀⠀⠀⠀⠀⠀⠀⠀⠉⠉⠉⠉⠉⠉
⠀⠀⠀⠀⠀⠀⠀⠀⢀⣀⣀⠀⠀⠀⠀⠀⠀⣀⣀⡀
⠀⠀⠀⠀⠀⠀⠀⠰⣿⣿⣿⣷⣦⡀⢀⣴⣾⣿⣿⣿⠆
⠀⠀⠀⠀⠀⣠⣄⠀⠈⠛⠙⢿⣿⣿⣿⣿⡿⠋⠛⠁⠀⣠⣄
⠀⠀⠀⢀⣴⣿⣿⣷⠀⠀⠀⠀⠙⠻⠟⠋⠀⠀⠀⠀⣾⣿⣿⣦⡀
⠀⠀⣠⣾⣿⣿⡟⠁⠀⠀⠀⠀⠀⠀⠀⠀⠀⠀⠀⠀⠈⢻⣿⣿⣷⣄
⣶⣶⣿⣿⣿⣿⣶⡆⠀⠀⠀⠀⠀⠀⠀⠀⠀⠀⠀⠀⢰⣶⣿⣿⣿⣿⣶⣶
⠉⠉⠉⠉⠉⠉⠉⠀⠀⠀⠀⠀⠀⠀⠀⠀⠀⠀⠀⠀⠀⠉⠉⠉⠉⠉⠉⠉
⠘⠛⣿⣿⣿⠟⠃⠘⠻⣿⣿⣿⠛⠃
⠂⡘⡁⠲⣎⣣⣜⣓⣜⣱⠂⢈⢃⠐
⠀⠁⠀⠀⠙⢿⣿⣿⡿⠋⠀⠀⠈
⠸⠿⠿⣿⣿⣿⣿⣿⡿⠿⠀⠀⠿⢿⣿⣿⣿⣿⣿⠿⠿⠇
⣀⠠⣤⠞⢛⣭⣍⠝⣖⢀⡴⢦⡀⣲⠪⣩⠭⡛⠳⣤⠄⣀
⠀⠱⡌⠢⡀⠌⢽⣶⣶⣶⣶⣶⣶⣶⣶⡭⠡⢀⠔⢡⠎
⠀⠀⠀⠀⠀⠀⠀⠙⢿⣿⣿⣿⣿⡿⠋
⢸⣿⣿⣿⣿⣿⣿⣿⣿⣿⣿⣿⣿⠀⠀⣿⣿⣿⣿⣿⣿⣿⣿⣿⣿⣿⣿⡇
⠀⠀⠀⠙⢿⣿⣿⣿⡿⠿⠧⠤⠤⠄⠠⠤⠤⠼⠿⢿⣿⣿⣿⡿⠋
⣠⠤⠒⡞⠛⠉⣵⣲⣄⠋⣿⡉⣠⡾⢷⣄⢉⣿⠙⣲⣶⠬⠍⠛⢳⠒⠤⣄
⠀⠉⣦⠙⢆⠀⢈⣉⣭⣤⣶⣶⣶⣶⣶⣶⣶⣶⣬⣭⣙⡁⠀⡰⠋⣴⠉
⠀⠀⠙⠊⠉⠉⠁⠀⠹⣿⣿⣿⣿⣷⣾⣿⣿⣿⣿⠏⠀⠈⠉⠉⠑⠋
⠀⠀⠀⠀⠀⠀⠀⠀⠀⠈⢿⣿⣿⣿⣿⣿⣿⡿⢁
⠰⣆⡾⣼⣷⡀⣿⠀⢸⣯⠷⣶⠒⣦
⠀⠉⠉⢉⣈⣁⠁⠈⢉⣁⡀⠈⠉⠉
⠀⠀⠀⢸⡉⠋⠀⣠⡾⢉⡇
⠀⠀⠀⠀⠉⠲⠼⠿⠔⠋
⠰⣶⠂⣲⡖⣰⡶⣦⠀⢸⣿⠀⠀⠘⣶⠒⣲⣦⣶⠲⢶⡄
⠀⠹⣷⡿⢰⠿⠛⠿⡆⠸⠟⠠⠤⢠⠿⠍⠉⠹⢿⣄⣼⡇
⠀⠀⠀⠀⠀⠂⣤⣤⣤⡀⠀⠀⠀⢠⣤⣤⡄
⠀⠀⠀⠀⠀⠀⡇⠹⠟⠁⠀⠀⣠⣾⠟⢸⡇
⠀⠀⠀⠀⠀⠢⠳⢄⡀⠀⣠⣾⡿⢃⣠⠞⠁
⠀⠀⠀⠀⠀⠀⠀⠀⠉⠓⠻⠿⠒⠉
⠠⣤⡶⠀⣶⡶⢂⣶⣶⣦⠀⠀⢲⣾⠂⠀⠀⢲⣶⠒⢲⣶⣤⣶⠶⠶⣤⡀
⠀⠸⣿⣤⣿⢃⣾⡿⠾⣿⣆⠀⣸⣿⢀⣀⡀⣸⣿⡛⠛⠛⢹⣿⡀⢀⣿⡇
⠀⠀⠉⠉⠁⠈⡩⠁⠀⠉⠉⠈⠁⠀⠀⠈⠁⠉⠉⠁⠀⢠⠀⠉⠉⠉⠉⠁
⠀⠀⠀⠀⠀⠀⡇⢸⡟⢿⣿⡿⠂⠀⠀⠀⢀⣿⣿⠟⣿⢸
⠀⠀⠀⠀⠀⠀⡇⢸⡇⠈⠋⠀⠀⠀⢀⣴⣿⡟⠁⠀⣿⢸
⠀⠀⠀⠀⠀⠀⠈⠢⢝⠦⣄⡀⢠⣾⣿⡿⢋⣠⠴⡊⠕⠁
⠀⠀⠀⠀⠀⠀⠀⠀⠀⠈⠀⠉⠓⠛⠟⠛⠉
⠈⠻⡉⠉⠹⡅⠀⠀⢨⠏⠉⢉⠟⠁
⠀⠀⠙⢦⠀⠙⢦⡴⠋⠀⡰⠋
⠀⠀⠀⠈⠳⣄⣈⣁⣠⠞⠁
⠈⠙⢯⡉⠉⠉⠉⣿⡁⠀⠀⠀⠀⠈⣿⠉⠉⠉⢉⡽⠋⠁
⠀⠀⠀⠻⣆⠀⠀⠈⠳⣄⠀⠀⣠⠞⠁⠀⠀⣰⠟
⠀⠀⠀⠀⠈⠳⣄⠀⠀⠈⠳⠞⠁⠀⠀⣠⠞⠁
⠀⠀⠀⠀⠀⠀⠈⠳⣄⣀⣀⣀⣀⣠⠞⠁
⠈⠙⢿⣍⠉⠉⠉⠉⠉⣿⠉⠀⠀⠀⠀⠀⠀⠉⣿⠉⠉⠉⠉⠉⣩⡿⠋⠁
⠀⠀⠀⠙⢷⡀⠀⠀⠀⠈⢷⣄⠀⠀⠀⠀⣠⡾⠃⠀⠀⠀⢀⡾⠋
⠀⠀⠀⠀⠀⠙⢦⡀⠀⠀⠀⠙⢷⣄⣠⡾⠋⠀⠀⠀⢀⡴⠋
⠀⠀⠀⠀⠀⠀⠈⠻⣦⡀⠀⠀⠀⠙⠋⠀⠀⠀⢀⣴⠟⠁
⠀⠀⠀⠀⠀⠀⠀⠀⠈⠻⣦⣀⣀⣀⣀⣀⣀⣴⠟⠁
⠀⠀⠀⠀⣀⣀⣀⣰⣾⣿⡿⣿⣷⠖
⠈⠉⣿⠛⢻⡻⣩⢞⣿⣿⣿⡿⠃
⠀⠀⠈⠉⠻⢽⣻⣾⣿⡿⠟⠁
⠀⠀⠀⠀⠀⠀⠀⠀⠀⠀⠀⢀⣤⣶⣿⣿⣿⣿⣿⣶⣦⣄
⣀⣀⣠⣤⣤⣤⣤⣴⣶⣶⣶⠾⣿⠿⣿⣿⣏⡹⢿⣿⠃
⠀⠀⢐⣶⠾⠛⠉⣝⡛⡆⣩⡶⢚⣿⣿⢻⣿⣿⣿⠃
⠀⠀⠀⠙⠓⠶⢼⡭⠵⣼⣿⣇⢿⣿⡿⣿⣿⡿⠁
⠀⠀⠀⠀⠀⠀⠀⠙⠺⢭⣿⣛⣿⣿⡿⠟⠋
⠀⠀⠀⠀⠀⠀⠀⠀⠀⠀⠀⠀⠀⠀⠀⣀⣤⣶⣾⣿⣿⣿⣿⣿⣶⣦⣤⣀
⠀⠀⠀⠀⠀⠀⣀⣀⣀⣀⣤⣤⣤⣤⣴⣿⣿⣿⣿⣿⣟⠛⣛⣿⣿⡿⠋⠉
⠉⠉⠉⢉⣩⣭⣿⡿⠿⢿⣿⣟⢉⠷⢀⣚⣧⣼⣯⣽⣿⣿⣶⣾⡟⠁
⠀⠀⠀⠰⣿⣉⠁⠀⢠⠯⠤⡰⣡⣾⡟⢡⣾⣿⣿⣤⣿⣿⣿⠟
⠀⠀⠀⠀⠀⠉⠉⠛⢿⣖⠒⣐⣿⣿⣧⣙⣿⣿⣛⣿⣿⣿⠟
⠀⠀⠀⠀⠀⠀⠀⠀⠀⠉⠛⠯⢤⣿⣙⣿⣿⣿⠿⠟⠋⠁
⠁⡙⣷⣿⣿⡘⡀⢀⢃⣿⣿⣾⢋⠈
⠀⠈⠊⢻⣿⣿⣎⣱⣿⣿⡟⠑⠁
⠀⠀⠀⢑⠙⡿⡿⢿⢿⠋⡊
⠣⡐⢶⣶⣤⢶⣶⣶⢠⠃⠀⠀⠘⡄⣶⣶⡶⣤⣶⡶⢂⠜
⠀⠈⢦⠹⣿⣿⡻⣿⣦⡑⡄⢠⢊⣴⣿⢟⣿⣿⠏⡴⠁
⠀⠀⠀⠱⡘⢿⣿⣟⢿⣷⣌⣡⣾⡿⣻⣿⡿⢃⠎
⠀⠀⠀⠀⠈⢆⠻⣿⣷⡻⣿⣿⢟⣾⣿⠟⡰⠁
⠀⠀⠀⠀⠀⠀⡇⠸⠿⠿⠞⠳⠿⠿⠇⢸
⠯⣁⠠⣤⣤⣄⢤⣤⣤⣤⠈⡽⠂⠀⠀⠐⢯⠁⣤⣤⣤⡤⣠⣤⣤⠄⣈⠽
⠀⠈⢢⡘⢿⣿⣷⡙⣿⣿⣦⡙⢄⠀⠀⡠⢋⣴⣿⣿⢋⣾⣿⡿⢃⡔⠁
⠀⠀⠀⠙⢄⠹⣿⣿⣮⠻⣿⣷⣌⠣⠜⣡⣾⣿⠟⣵⣿⣿⠏⡠⠋
⠀⠀⠀⠀⠈⠣⡈⢿⣿⣷⣝⢿⣿⣦⣴⣿⡿⣫⣾⣿⡿⢁⠜⠁
⠀⠀⠀⠀⠀⠀⠙⢆⠙⣿⣿⣧⡻⣿⣿⢟⣼⣿⣿⠋⡰⠋
⠀⠀⠀⠀⠀⠀⠀⢰⣃⠘⠛⠛⠛⠚⠓⠛⠛⠛⠃⣘⡆
⠀⠀⠀⠙⢿⣷⣄⣠⣾⡿⠋
⠀⢀⠀⠀⠀⠙⢿⡿⠋⠀⠀⠀⡀
⠀⢤⣬⡭⠷⠶⠶⠶⠶⠾⢭⣥⡤
⠀⠀⠀⠀⠈⠻⣿⣿⣿⣄⠀⠀⣠⣿⣿⣿⠟⠁
⠀⠀⠀⠀⠀⠀⠈⠻⣿⣿⣧⣼⣿⣿⠟⠁
⠀⣀⠀⠀⠀⠀⠀⠀⠙⢿⣿⣿⡿⠋⠀⠀⠀⠀⠀⠀⣀
⠀⠀⠉⠓⠲⠤⢤⣀⣀⡀⠙⠋⢀⣀⣀⡤⠤⠖⠚⠉
⠀⠰⢶⣶⣶⡶⠒⠒⠛⠛⠉⠉⠛⠛⠒⠒⢶⣶⣶⡶⠆
⠀⠀⠀⠀⠀⠀⠙⢿⣿⣿⣿⣇⠀⠀⠀⠀⣸⣿⣿⣿⡿⠋
⠀⠀⠀⠀⠀⠀⠀⠀⠙⢿⣿⣿⣷⣄⣠⣾⣿⣿⡿⠋
⠀⠀⠀⠀⠀⠀⠀⠀⠀⠈⠻⣿⣿⣿⣿⣿⣿⠟⠁
⠀⠂⠤⣄⣀⠀⠀⠀⠀⠀⠀⠈⠻⣿⣿⠟⠁⠀⠀⠀⠀⠀⠀⣀⣠⠤⠐
⠀⠀⠀⠀⠈⠉⠛⠒⠶⠤⢤⣄⣀⣈⣁⣀⣠⡤⠤⠶⠒⠛⠉⠁
⠀⠐⠒⢶⣖⣲⡾⠗⠛⠛⠛⠉⠉⠉⠉⠉⠉⠛⠛⠛⠻⢷⣖⣲⡶⠒⠂
⠀⠀⡀⠐⠘⣀⣁⣁⣃⡐⠀⢄⡀
⠰⠍⠀⣴⣿⣿⣿⣿⣯⡅⠀⠀⠡⣂
⠚⠂⠀⠙⠿⣿⣿⣿⠿⠃⠀⠀⠐⠓
⠀⠀⢀⢀⢀⢀⡀⡁⢀⢀⡀⢀
⠀⠀⠀⠀⠀⠠⠄⠲⠀⠛⠆⠋⠸⠁⠀⡔⠀⢀
⠀⢀⣤⠝⠉⠀⣠⣴⣶⣿⣿⣿⣿⡿⠶⠀⠀⠘⠒⡷⢀
⠘⠥⠂⠀⠀⣾⣿⣿⣿⣿⣿⣿⣿⣷⡦⠄⠀⠀⠀⠘⡭⠤
⠾⢿⡄⠀⠀⠻⣿⣿⢿⣿⣿⣿⣿⣿⡟⠀⠀⠀⠀⢀⡒⡵
⠈⠠⠂⠀⠀⠀⡈⠁⠛⠛⠻⢿⠋⢀⠀⠀⠀⠀⠀⠒⠒⠁
⠀⠀⠀⢀⢤⠀⡄⢠⢠⠀⡄⢠⠀⢤⢡⡤⡄⠀⢄
⠀⠀⠀⠀⠀⠀⠠⣤⣄⢲⡀⠜⠳⠄⠿⠀⠟⠀⠀⣠⠆⠀⢀
⠀⠀⠤⣀⡳⠒⠂⠀⢀⣠⣤⣶⣶⣶⣶⣶⣶⣶⣤⡄⠀⠁⠸⡤⢔⡤
⢀⣒⣊⠁⠀⠀⢠⣾⣿⣿⣿⣿⣿⣿⣿⣿⣿⣥⣀⠀⠀⠀⠀⠀⠩⡒⠖⡀
⢢⣬⡅⠀⠀⠀⢸⣿⣿⣿⣿⣿⣿⣿⣿⣿⣿⣿⣯⠁⠀⠀⠀⠀⠀⠙⣩⢏
⠩⡭⠝⡀⠀⠀⠀⠙⢿⡿⢻⣿⣿⣿⣿⣿⡿⠿⠃⠀⠀⠀⠀⠀⡀⠯⢭⠏
⠀⠀⠊⠁⠀⠀⠀⡠⠄⠀⠉⠉⠉⠛⠿⠏⠀⢄⠀⠀⠀⠀⠀⠀⠉⠉⠁
⠀⠀⠀⠀⢀⠴⡄⢰⠀⢰⠀⡆⢰⠀⢰⠀⠀⡆⠁⡆⣄⠀⠀⢤
⠈⠻⣷⣤⣾⡿⠛⠛⣿⣿⠟⠛⠛⠁
⠀⠀⠙⠿⠋⠀⣠⣾⠟⠁
⠀⠻⣿⣷⣄⠀⣠⣾⣿⣿⣿⣿⣿⣿⣿⣿⣿⣿⣿⡿⠟
⠀⠀⠈⠻⣿⣿⣿⡿⠁⠀⠀⢀⣴⣿⡿⠋
⠀⠀⠀⠀⠈⠿⠋⠀⠀⠀⣴⣿⡿⠋
⠀⠘⣿⣿⣷⡄⠀⠀⢀⣴⣿⣿⣿⣿⣿⣿⣿⣿⣿⣿⣿⣿⣿⣿⣿⣿⠃
⠀⠀⠈⠻⣿⣿⣦⣴⣿⣿⠟⠉⠉⠉⠉⠉⣵⣿⣿⡟⠉⠉⠉⠉⠉⠁
⠀⠀⠀⠀⠈⠻⣿⣿⡿⠃⠀⠀⠀⠀⣠⣾⣿⡿⠋
⠀⠀⠀⠀⠀⠀⠙⠋⠀⠀⠀⢀⠠⠾⠿⠿⠋
⠀⢀⣤⣶⣿⣿⣿⣿⣷⢲⣦⣄⡀
⠙⠛⠻⠿⢿⣿⣿⣿⣿⠿⠿⠟⠛⠋
⠀⠀⠀⠀⣠⣤⣴⣾⡯⢟⣛⣿⡿⣔⢢⣄⣀
⠀⠀⣠⣾⣿⣿⣿⣿⣇⣿⣿⣿⣶⣋⣉⣻⣿⣷⣦⡄
⠸⣿⣿⣿⣿⣿⣿⣿⣿⣿⣿⣿⣿⣿⣿⣿⣿⣿⣿⣿⣿⡇
⠀⠀⠀⠉⠙⠛⠿⠧⠿⠿⢿⠷⠷⠿⠿⠟⠛⠉⠁
⠀⠀⠀⠀⠀⢀⣀⣤⣴⣶⣾⡿⠾⠿⣿⣿⣒⡲⢤⣀⡀
⠀⠀⠀⣀⣬⣿⣿⣿⣿⣿⡏⢰⣿⣿⣿⣯⣶⠿⠛⢿⣿⣷⣤⣄
⢠⣤⣼⣿⣿⣿⣿⣿⣿⣿⣿⣶⣿⣿⣿⣿⣷⣶⣶⣾⣿⣿⣿⣿⣷⣤⣤⡄
⠘⠿⠿⠿⣿⣿⣿⣿⣿⡿⣿⣿⢿⢿⡿⣿⢿⣿⣿⡿⣿⣿⣿⡿⠿⠿⠿⠇
⠀⠀⠀⠀⠀⠉⠙⠛⠺⠷⠾⠿⠾⠾⠷⠿⠾⠿⠿⠓⠛⠉⠁
⠙⠛⠛⢛⠿⡏⠢⠔⢹⢿⡛⠛⠛⠋
⠀⠀⠘⠛⠻⣗⢂⡐⣻⠟⠛⠃
⠀⠀⠀⠀⠀⠘⢿⣿⠃
⠙⠒⠶⠶⠶⠿⢿⣿⣭⠲⢤⠤⠖⣭⣿⡿⠿⠶⠶⠶⠒⠋
⠀⠀⠀⠀⠤⢾⠥⣶⠧⣄⠀⠀⣠⠼⣶⠬⡷⠤
⠀⠀⠀⠀⠀⠀⠀⠈⢳⣆⣤⣤⣰⡞⠁
⠀⠀⠀⠀⠀⠀⠀⠀⠈⠻⠿⣿⠟⠁
⠑⠶⢶⣶⣶⣶⣾⣯⣯⣭⣛⠲⢤⡀⢀⡤⠖⣛⣭⣽⣽⣷⣶⣶⣶⡶⠶⠊
⠀⠀⠀⠀⠀⠀⠀⣠⠖⢋⣩⠁⠀⠉⠉⠀⠈⣍⡙⠲⣄
⠀⠀⠀⠀⠀⠶⠾⠵⠶⣿⠗⢦⡄⠀⠀⢤⡴⠺⣿⠶⠮⠷⠶
⠀⠀⠀⠀⠀⠀⠀⠀⠀⠈⢷⣤⢂⣀⣀⡐⣤⡾⠁
⠀⠀⠀⠀⠀⠀⠀⠀⠀⠀⠀⣿⣿⣿⣿⣿⣿
⠀⠀⠀⠀⠀⠀⠀⠀⠀⠀⠀⠀⠛⠶⠷⡟
⠀⠀⠀⠀⠀⠟⠉⠟⠋⠾⠍⠞⠳⠋
⠀⠀⠀⠀⠀⠀⠀⠀⣹⠟⠉⣼⠯⠍⣵⠚⠉⢁⡾⠥⣴⠃
⠀⠀⠀⠀⠀⠀⠀⠀⠉⠀⠈⠉⠉⠀⠉⠉⠁⠈⠀⠈⠁
⠀⠀⠀⠀⠀⠀⠀⠀⠀⠀⢉⡿⠋⢉⣴⠿⠭⢍⣴⠚⠉⡉⢣⡾⠧⢤⡾⠃
⠀⠀⠀⠀⠀⠀⠀⠀⠀⠀⠉⠁⠀⠈⠉⠉⡍⠀⠉⠉⠉⠁⠉⠁⠀⠉
⣤⠀⠀⠀⣿⠀⠀⠀⠠⣷⠀⠀⣠⣿
⣿⣧⠀⠀⠀⠀⣤⡀⠀⠀⠀⣼⠛⠛
⡀⠀⠀⠀⠀⠀⣸⣇⠀⠀⠀⠀⠀⢀⣸⡀⠀⠀⠀⠀⣸⣿
⣿⣆⠀⠀⠀⠀⢻⡿⠁⠀⠀⠀⠀⠈⣿⡏⠀⠀⢀⣾⣿⣿
⣿⣿⡆⠀⠀⠀⠈⠁⠀⠀⡀⠀⠀⠀⠘⠀⠀⠀⣼⣿⣿⣿
⣿⣿⣿⡄⠀⠀⠀⠀⠀⣰⣿⡄⠀⠀⠀⠀⠀⣼⡏⠉⠉⠉
⣀⠀⠀⠀⠀⠀⠀⢀⣸⣇⡀⠀⠀⠀⠀⠀⠀⢀⣿⣇⠀⠀⠀⠀⠀⣀⣿⣿
⣿⣷⡀⠀⠀⠀⠀⠈⢿⡿⠃⠀⠀⠀⠀⠀⠀⠙⣿⡿⠁⠀⠀⠀⣼⣿⣿⣿
⣿⣿⣷⡀⠀⠀⠀⠀⠘⠁⠀⠀⢀⡀⠀⠀⠀⠀⠘⠁⠀⠀⢀⣼⣿⣿⣿⣿
⣿⣿⣿⣿⡄⠀⠀⠀⠀⠀⠀⢀⣾⣿⣄⠀⠀⠀⠀⠀⠀⢀⣾⡏⠉⠉⠉⠉
⠀⠀⢀⣽⣿⣛⠋⠉⠉⠩⢭⣖⡤⡀
⠀⠀⠀⠀⠀⠀⠈⠉⠻⠿⠶⠛⡯⠟
⠀⠀⠀⠀⠈⢭⣿⣿⡿⠯⠍⠉⠉⠉⢉⣙⣒⠲⠤⣄
⠀⠀⠀⠀⠚⠛⠓⠒⠒⠒⠦⢤⣤⣤⣤⣤⡉⢻⣽⣦⢽⣆
⠀⠀⠀⠀⠀⠀⠀⠀⠀⠀⠀⠀⠈⠙⠻⠟⠛⠛⠛⡷⠞⠁
⠀⠀⠀⠀⠀⠉⢉⣛⣿⣿⣿⣯⣍⠉⠉⠉⠉⠛⠛⠓⠒⠶⠤⣄⡀
⠀⠀⠀⠀⠀⡤⠶⠿⢯⣭⣍⣉⣉⡀⠀⣀⠀⠀⡈⠉⠛⠷⣶⠦⣍⠳⣄
⠀⠀⠀⠀⠀⠀⠀⠀⠀⠀⠀⠀⠈⠉⠛⠲⢭⣳⣿⣿⣶⣄⣾⣿⣟⡛⣻⡇
⠀⠀⠀⠀⠀⠀⠀⠀⠀⠀⠀⠀⠀⠀⠀⠀⠀⠉⠻⠛⠋⠉⠉⠉⠿⠟⠋
⠙⣿⡇⢈⣿⣯⠀⣹⣏⣀⣀⣀⣀⣀
⠀⠘⣿⡾⠉⢿⣷⠃⢸⣿⣇⣠⡄⠙
⠀⠀⠈⠁⠀⠈⠁⢀⣸⣿⣇⡈⠁
⠉⢿⣿⣏⠀⠈⢻⣿⣿⠁⠈⢉⣿⠋⠁
⠀⠈⢻⣿⣆⣰⡟⠻⣿⣧⣠⡿⠋⢹⣿⣿⡏⠉⠉⠉⠙⢿
⠀⠀⠀⢻⣿⠟⠀⠀⠹⣿⡿⠁⠀⢸⣿⣿⡗⠒⢿⠇
⠀⠀⠀⠀⠀⠀⠀⠀⠀⠀⠀⢀⣀⣸⣿⣿⣇⣀
⠉⢻⣿⣿⣏⠁⠈⠙⣿⣿⣿⡋⠀⠈⠙⣿⡿⠋⠁
⠀⠀⢻⣿⣿⣆⠀⣰⣿⢿⣿⣿⡄⢀⣼⡿⠛⣿⣿⣿⣿⠞⠛⠛⠛⠓⢿⣿
⠀⠀⠀⠹⣿⣿⣾⡿⠁⠈⢻⣿⣿⣾⡟⠀⠀⣿⣿⣿⣿⣀⣀⣴⡆⠀⠈⠉
⠀⠀⠀⠀⠹⣿⠟⠀⠀⠀⠀⠻⣿⠏⠀⠀⠀⣿⣿⣿⣿⠉⠉⠻⠇
⠀⠀⠀⠀⠀⠀⠀⠀⠀⠀⠀⠀⠀⠀⠀⣀⣀⣿⣿⣿⣿⣀⣀
⠠⣀⡀⢻⣿⡀⣼⣧⢠⣿⡟⢀⣠⠄
⢀⣀⣉⣩⡍⠳⠛⠛⠚⢩⣍⣉⣀⡀
⢀⣈⣉⣈⣈⢛⣁⣈⣛⣁⣁⣉⡁⡀
⣀⡀⠀⠀⠀⣶⣶⣦⠀⠀⣶⣶⠀⠀⣴⣶⣶⠀⠀⠀⢀⡀
⠀⠙⠷⣲⠤⣼⣿⣿⡆⢸⣿⣿⡆⢰⣿⣿⣧⠤⣖⠾⠋
⠀⠀⠀⠀⢉⣐⡨⣍⡳⠯⠿⠟⠓⠛⡩⢅⣂⡉
⠀⠛⠻⠭⠝⠡⠓⣦⣶⣶⠆⠸⣶⣶⡴⠚⠌⠫⠭⠟⠛
⠠⣤⣤⣄⡄⢤⣤⣤⠠⣤⣤⣤⢤⡤⡄⣤⣤⣄⡄⡄⢤
⣀⠀⠀⠀⠀⠀⢲⣶⣶⣦⠀⠀⢀⣶⣶⠀⠀⠀⣴⣶⣶⡖⠀⠀⠀⠀⠀⡀
⠈⠻⢖⡦⢤⣀⡈⣿⣿⣿⣆⠀⣸⣿⣿⣇⠀⣸⣿⣿⣿⢁⣀⡤⢴⡲⠟⠁
⠀⠀⠀⠈⠑⠪⠍⣛⠻⠿⢿⣠⠿⡿⠿⢿⣀⡻⠿⠟⣛⠩⠕⠊⠁
⠀⣀⣀⣤⡤⠤⡖⢲⣛⠓⠒⠋⣉⡉⢉⡁⠀⠒⠚⣛⡖⢶⠤⢤⣄⣀⣀
⠀⠀⠈⠛⠒⠮⠐⠊⠈⠿⠿⠿⠿⠁⠈⠿⠿⠿⠟⠁⠑⠂⠕⠒⠛⠁
⠀⣦⣴⣴⣆⣆⢰⣶⣴⣴⠀⢴⡦⣶⡆⡖⣤⢶⡆⣶⡆⣶⡆⡆⣶⠒⡖
⠀⠀⠠⣴⣾⡛⠻⣿⡟⣳⣦⣤
⠀⢾⡆⡈⠻⢿⠦⠈⠺⠿⠟⢵⡷
⠀⠈⠙⠿⢦⣨⣾⣶⣄⡤⠾⠛⠁
⠀⠀⠀⠀⢀⣠⣶⠶⠿⠿⢿⣿⣿⠿⠶⣶⣤⣀
⠀⠀⣠⠀⠈⢻⣿⣿⣦⡀⠈⠻⡟⣡⣾⣿⣿⡿⢃⣄
⠀⠀⣿⣷⠀⠀⠙⠿⢿⠷⡄⠀⠀⠻⣿⠿⠟⠡⣾⣿
⠀⠀⠙⢿⣼⣦⡀⠀⠸⢇⣤⣃⡀⠀⠘⢀⣤⣥⡼⠋
⠀⠀⠀⠀⠉⠛⠻⠦⣤⣾⣿⣿⣿⣦⠴⠟⠛⠉
⠀⠀⠀⠀⠀⠀⢀⣤⡴⠶⠶⠿⠿⠿⢿⣿⠿⠶⠶⠦⠤⣀
⠀⠀⠀⠀⠀⠘⢿⣿⣿⣷⣄⠀⠀⠘⢿⣿⡟⢀⣴⣿⣿⣿⣿⠆⢀
⠀⠀⢰⣿⣆⠀⠀⠙⢿⣿⣿⣷⣄⠀⠀⠉⢴⣿⣿⣿⣿⡿⠃⣴⣿⡆
⠀⠀⠸⣿⣿⠀⣀⠀⠀⠙⠙⣿⠹⠃⣀⠀⠀⠙⢻⠋⠋⠀⡜⢿⣿⠇
⠀⠀⠀⠙⠿⣾⣿⣷⣄⠀⠀⠛⣠⣶⣼⣤⡀⠀⠈⢁⣴⣶⣶⠿⠋
⠀⠀⠀⠀⠀⠀⠉⠛⠻⠷⠴⣾⣿⣿⣿⣿⣿⠦⠴⠟⠛⠉
⠀⣠⣤⣤⣤⢠⣤⣶⡆⢴⣶⣶⡿⠃
⠀⠘⠛⠻⠇⠔⠛⠛⠂⠚⠛⠛
⠀⠀⠈⢻⣿⠿⠏⠘⠿⠿⠛
⠀⠀⣀⣀⣀⣀⣀⡄⠀⣤⣤⣤⣤⡄⢄⣶⣶⣶⣶⣶⡟
⠀⠀⢻⣿⣿⣿⣿⡃⢀⣻⣿⣿⣯⣈⣠⣿⣿⣿⡟⠉
⠁⠠⠈⠔⢥⣈⣇⣈⣏⣬⡠⢃⣀⣼⣐⣡⣏⠄⠰⠡⠌⠈
⠀⠀⠀⠀⠀⠹⣿⠿⠿⠿⠁⠀⠻⠟⠛⠛⠃
⠀⠀⠀⠀⠀⠀⠀⠀⠀⠀⡀⡀⣀⣀⣀⣀⣤⢀⡄⣤⣤⣴⣶⣶⣶⣶⡞⠔
⠀⠐⠱⣶⣾⣿⣿⣿⣿⡟⢸⢸⣿⣿⣿⣿⡿⡸⡰⢿⣿⣿⣿⣿⡿⠏⠈
⠀⠀⠃⢿⢿⣿⣿⣿⣿⣑⢁⣊⣿⣿⣿⣿⣎⠤⣱⣿⣿⣿⣿⣟⠌
⠃⠘⡁⠘⡰⢃⠀⢸⠧⠐⡺⠁⡌⢠⠇⠠⠀⡟⠠⠇⣸⠁⡐⢠⠇⣀⠁⡜
⠀⠀⠀⠀⠀⢫⢻⣿⣿⣿⣿⣿⣿⢋⢎⢿⣿⣿⣿⣿⣿⢏⠋
⠀⠀⠀⠀⠀⠀⠡⡻⠿⠿⠿⠿⠣⠁⠀⠊⠛⠛⠋⠉⠉⠁⠈
⠀⢠⡿⠁⡀⢸⡇⠀⡾⢤⡤⣤⠀⢰
⡄⠈⠁⣼⡇⠈⠀⡼⠓⠓⠒⠋⢀⣸
⠀⠀⠀⣾⡟⠀⠀⠀⢸⣿⠄⠀⠀⣾⣀⣀⣀⣀⡀⠀⠀⢰
⡀⠀⠀⡟⠀⢀⣆⠀⠘⡟⠀⠀⣼⠃⠤⠐⠒⣹⡇⠀⠀⢸
⡇⠀⠀⠀⢠⣿⣿⠀⠀⠀⠀⣸⠋⠉⠉⠉⠉⠉⠀⢀⣠⣾
⠀⠀⠀⢠⣾⡿⠃⠀⠀⠀⠘⣿⣿⠀⠀⠀⢠⣟⣀⣀⣀⣀⣀⡀⠀⠀⠀⣰
⡆⠀⠀⢸⡟⠁⠀⣰⡆⠀⠀⣿⠃⠀⠀⣠⡟⠂⠤⠐⠒⠊⣿⡇⠀⠀⠀⣿
⡇⠀⠀⠀⠀⢀⣼⣿⣷⠀⠀⠀⠀⠀⣰⠏⠉⠉⠉⠉⠉⠉⠉⠀⠀⣀⣠⣿
⠸⢿⣿⣿⠿⠀⣰⣿⣧⠀⠻⣿⡿⠇
⠀⠀⢿⣿⣇⣰⡿⢿⣿⣇⣸⡿
⠀⠀⠈⣿⣿⣿⠃⠘⣿⣿⡿⠁
⠰⠿⣿⣿⣿⣿⡿⠿⠀⠀⣴⣿⣿⣆⠀⠀⠿⢿⣿⣿⠿⠆
⠀⠀⠘⣿⣿⣿⣧⠀⠀⣼⣿⣿⣿⣿⣆⠀⢀⣾⣿⠃
⠀⠀⠀⠘⣿⣿⣿⣧⣼⣿⠏⠹⣿⣿⣿⣦⣾⣿⠃
⠀⠀⠀⠀⠘⢿⣿⣿⣿⠏⠀⠀⠹⣿⣿⣿⡿⠃
⢰⣶⣶⣶⣶⣶⣶⣶⣶⣶⠀⠀⠀⣴⣶⣶⣶⡄⠀⠀⣶⣶⣶⣶⣶⣶⣶⡆
⠀⠀⠀⢻⣿⣿⣿⣿⡄⠀⠀⠀⣼⣿⣿⣿⣿⣷⡀⠀⠀⢀⣾⣿⡟
⠀⠀⠀⠀⢻⣿⣿⣿⣿⡄⢀⣾⣿⡿⢿⣿⣿⣿⣷⡀⢀⣾⣿⡟
⠀⠀⠀⠀⠀⢻⣿⣿⣿⣿⣾⣿⡿⠁⠈⢿⣿⣿⣿⣷⣾⣿⡟
⠀⠀⠀⠀⠀⠀⠻⠿⠿⠿⠿⠿⠁⠀⠀⠈⠿⠿⠿⠿⠿⠟
⣀⡀⡿⣿⣷⡶⠆⠰⢶⣾⣿⣿⢀⣀
⢹⣷⣿⣾⢡⡾⢿⡄⢿⣿⠇⣿⢺⣏
⠀⠀⠐⠿⣿⣿⣶⣶⣾⣿⠿⠂
⠀⠀⢸⢱⣶⣶⣶⣶⣶⣦⠂⠐⣴⣶⣶⣶⣶⣶⡎⡇
⡆⣤⡄⣴⣼⢻⣿⠛⣻⣁⣁⠈⢊⣻⣿⣿⡛⣧⣦⢠⣤⢰
⢐⢹⣷⡟⢿⣾⡇⣠⣿⠿⣿⣄⢘⣿⡒⣿⡅⣸⡷⢺⣿⢈
⠐⠚⠛⢣⢹⣽⣷⣿⣯⣠⣭⣭⣄⣽⣿⣿⣦⡏⡏⠘⠛⠘
⠀⠀⠀⠈⠊⠛⠿⣿⣿⣿⣿⣿⣿⣿⣿⠿⠛⠑⠁
⠀⠀⠀⢸⢰⡶⣶⣶⣶⣶⣶⢶⡆⡆⢰⢰⡶⣶⣶⣶⣶⣶⢶⡆⡇
⡄⣀⣀⠘⣨⠙⠇⡿⠿⠿⢽⠋⠅⠃⠘⠨⠙⡯⣿⣿⠿⠸⠋⣅⠃⣀⣀⢠
⠣⡹⣿⣈⣿⣿⣀⣿⠟⠀⣸⣿⢿⣿⡀⠀⣾⣿⣉⣻⡗⠈⣿⣿⣈⣿⡏⡜
⠀⡇⣿⣿⡇⢸⣿⣿⠀⣾⢿⠏⠉⠿⠷⠄⠲⡿⣤⣿⠿⢠⣿⣯⢩⣿⣧⢱
⠀⠁⠁⠀⢸⢰⡗⣿⣿⣿⣾⣦⣷⣶⣶⣾⣴⣷⣿⣿⣿⢸⡆⡇⠀⠀⠉⠈
⠀⠀⠀⠀⠈⠐⠉⠛⠿⠿⠿⠿⠿⠿⠿⠿⠿⠿⠿⠿⠛⠉⠂⠁
⠀⠀⠀⠀⠀⢀⡀⣀⣤⣤⣤⣤⡄
⠀⠀⢀⣤⢻⣿⢸⣿⡞⠉⠉⠙
⠀⣠⣮⣹⡿⣿⣇⢿⣧⢠⣀⣀⣤
⠈⠠⠟⠯⢦⣽⣵⣿⡿⣂⠉⠉⠁
⠀⠀⠀⠀⠀⠀⠀⠀⠀⠀⠀⠀⢀⣎⣜⣀⣀⣀⠀⣀
⠀⠀⠀⠀⠀⠀⣀⣤⣶⡖⣰⣾⢟⣛⣻⡿⠿⢿⡿⠛⠂
⠀⠀⠀⢀⣴⣶⡉⢹⣿⡇⢿⣿⣿⡏⠀⠀⠀⠀⠈
⠀⠀⣠⣶⡍⢹⣿⣿⣿⣿⡌⣿⣿⣧⢠⡀⠀⠀⠀⣠
⠠⠶⠛⣿⣿⣿⠟⡉⣿⣿⠇⣸⣿⣿⡆⠙⢿⣶⣿⠿
⠀⠀⠴⠛⠩⠴⠿⠷⢶⣶⣾⣿⣿⠿⣣⡄
⠀⠀⠀⠀⠀⠀⠀⠀⠀⠀⠀⠀⠀⠀⠀⠀⢠⢇⡜
⠀⠀⠀⠀⠀⠀⠀⠀⠀⣀⣠⣤⠖⣠⣶⣾⠿⠿⠿⣿⣿⣿⣿⣿⠿⠧
⠀⠀⠀⠀⠀⢀⣤⡘⠿⢿⣿⣿⠰⣿⣿⣴⣾⡟⠋⠉⠁⠉⠉⠛
⠀⠀⠀⠀⣐⠿⢿⣿⣦⣼⣿⣿⣆⢹⣿⣿⣿⡀
⠀⠀⣠⣾⣿⣧⣀⣿⣿⣿⣿⣿⣿⡆⢻⣿⣿⣧⠘⣦⣀⣀⣀⣀⣼⡇
⠐⠚⠛⢉⣿⣿⣿⠿⣋⡄⢿⣿⠿⢃⣼⣿⣿⣿⡆⠈⠛⠿⠿⠿⠟⠁
⠀⠀⠠⠞⠛⠩⠴⠾⠿⠷⠶⢶⣾⣿⣿⣿⠿⠟⣡⣆
⠀⠀⣠⣤⠄⠀⣶⣷⠀⢠⣤⣄
⠠⣶⣿⣋⣀⣠⣿⣿⣤⣀⢻⣿⣶⠄
⠀⠈⠻⠿⣋⣽⣿⢟⣩⣟⠿⠟⠁
⠀⠀⠀⠀⠉⠙⠿⠿⠋⠉
⠀⠀⠀⠀⣀⣀⡀⠀⠀⢠⣶⣶⣤⠀⠀⣀⣀⣀
⠀⠀⢀⣼⣿⣿⠃⠀⠀⢸⣿⣿⡇⠀⠀⠹⣿⣿⣧⡀
⠀⠶⣿⣿⣿⣁⣀⣤⣤⣾⣿⣿⣷⣤⣤⣀⣙⣿⣿⣿⠷
⠀⠀⠈⠻⣿⣿⠿⠛⣫⣿⣿⡿⠋⠛⡿⢿⣿⡿⠟⠁
⠀⠀⠀⠀⠈⠁⠴⢿⣿⣿⣯⣤⣶⣿⡿⠦⠈⠁
⠀⠀⠀⠀⠀⠀⠀⠀⠈⠙⠻⠟⠋⠁
⠀⠀⠀⠀⠀⠀⢀⣀⡠⠀⠀⠀⣤⣴⣶⣤⣀⠀⠀⢀⣀⡀
⠀⠀⠀⠀⣰⣿⣿⣿⠁⠀⠀⠀⣾⣿⣿⣿⠀⠀⠀⠸⣿⣿⣿⣄
⠀⣀⣴⣾⣿⣿⠟⠁⠀⠀⢀⣀⣻⣿⣿⣿⣀⡀⠀⠀⠙⢿⣿⣿⣷⣦⣄
⠀⠈⠙⠿⣿⣿⣷⣶⣾⣿⣿⢿⣿⣿⣿⣿⣿⣿⣿⣷⣶⣾⣿⣿⠿⠋⠁
⠀⠀⠀⠀⠈⠛⠿⠟⠋⣡⣼⣿⣿⣿⠟⠁⣀⣨⣍⠛⠿⠿⠛⠁
⠀⠀⠀⠀⠀⠀⠀⠐⠛⠿⢿⣿⣿⣷⣶⣿⣿⡿⠿⠛
⠀⠀⠀⠀⠀⠀⠀⠀⠀⠀⠀⠈⠙⠻⠟⠋⠁
⠀⢤⡴⠶⢶⣶⣶⣶⣶⣶⠶⢶⣦
⠀⠈⠻⣦⣈⠙⢀⡀⢋⣁⣴⠟⠁
⠀⠀⠀⠀⠉⠛⠻⠿⠛⠉⠁
⠀⢀⣀⣀⣠⣤⣤⣤⣤⣤⣤⣶⣶⣦⣤⣤⣤⣤⣤⣀⡀
⠀⠀⢿⣯⡀⠀⠠⣿⣿⡟⠛⠿⢿⣿⣿⠍⠉⢉⣿⡿⠁
⠀⠀⠀⠻⢿⣦⣀⠀⠉⠁⢀⡀⠈⠉⠁⣠⣴⣿⠟⠁
⠀⠀⠀⠀⠀⠉⠻⢿⣶⣤⣿⣿⣶⣶⡿⠟⠋
⠀⠀⠀⠀⠀⠀⠀⠀⠀⠉⠙⠛⠉⠁
⠀⠀⠀⠀⠀⢀⣀⣀⣀⣀⣠⣤⣤⣤⣤⣤⣤⣤⣤⣄⣀⣀⣀⡀
⠀⠀⢺⣿⣿⠛⠛⠛⠛⣻⣿⣿⣿⣿⣿⣿⣿⣿⣿⠛⠛⠛⠛⣿⣿⡿
⠀⠀⠈⢿⣿⣄⠀⠀⠙⢿⣿⣯⡉⠉⠉⢉⣿⣿⡿⠛⠀⠀⣰⣿⣿⠃
⠀⠀⠀⠀⠻⣿⣷⣤⡀⠀⠈⠉⠀⢀⡀⠀⠉⠁⠀⢀⣤⣾⣿⠟⠁
⠀⠀⠀⠀⠀⠈⠙⠿⣿⣷⣦⣄⣠⣾⣿⣄⣠⣴⣾⣿⡿⠛⠁
⠀⠀⠀⠀⠀⠀⠀⠀⠈⠙⠻⠿⣿⣿⣿⣿⡿⠟⠋⠁
⠀⠀⠀⠀⠀⠀⠀⠀⠀⠀⠀⠀⠀⠉⠉⠁
⣿⣿⣿⠏⠀⠈⠛⠿⠛⠉⠉⢻⣿⣿
⠋⠀⠀⠳⣀⣀⠀⣇⠀⣀⣠⠈⠛⠛
⣦⠄⠨⠟⠻⠋⠽⠗⠻⠤⠄⠀⣀⣴
⣿⣷⣤⣄⣀⠀⠀⠀⠀⣀⣠⣼⣿⣿wrote packages/core/src/art/ncaaf/wlu.xs.txt
wrote packages/core/src/art/ncaaf/wlu.sm.txt
wrote packages/core/src/art/ncaaf/wlu.md.txt
--- ncaaf/WTAM xs: 2 rows x 14 cells ---
--- ncaaf/WTAM sm: 3 rows x 22 cells ---
--- ncaaf/WTAM md: 4 rows x 28 cells ---
wrote packages/core/src/art/ncaaf/wtam.xs.txt
wrote packages/core/src/art/ncaaf/wtam.sm.txt
wrote packages/core/src/art/ncaaf/wtam.md.txt
--- ncaaf/WVU xs: 4 rows x 14 cells ---
--- ncaaf/WVU sm: 5 rows x 22 cells ---
--- ncaaf/WVU md: 7 rows x 28 cells ---
wrote packages/core/src/art/ncaaf/wvu.xs.txt
wrote packages/core/src/art/ncaaf/wvu.sm.txt
wrote packages/core/src/art/ncaaf/wvu.md.txt
--- ncaaf/WVSU xs: 5 rows x 14 cells ---
--- ncaaf/WVSU sm: 7 rows x 22 cells ---
--- ncaaf/WVSU md: 9 rows x 28 cells ---
wrote packages/core/src/art/ncaaf/wvsu.xs.txt
wrote packages/core/src/art/ncaaf/wvsu.sm.txt
wrote packages/core/src/art/ncaaf/wvsu.md.txt
--- ncaaf/WVWC xs: 2 rows x 13 cells ---
--- ncaaf/WVWC sm: 4 rows x 22 cells ---
--- ncaaf/WVWC md: 5 rows x 28 cells ---
wrote packages/core/src/art/ncaaf/wvwc.xs.txt
wrote packages/core/src/art/ncaaf/wvwc.sm.txt
wrote packages/core/src/art/ncaaf/wvwc.md.txt
--- ncaaf/WCU xs: 3 rows x 14 cells ---
--- ncaaf/WCU sm: 4 rows x 22 cells ---
--- ncaaf/WCU md: 5 rows x 28 cells ---
wrote packages/core/src/art/ncaaf/wcu.xs.txt
wrote packages/core/src/art/ncaaf/wcu.sm.txt
wrote packages/core/src/art/ncaaf/wcu.md.txt
--- ncaaf/WCOL xs: 2 rows x 14 cells ---
--- ncaaf/WCOL sm: 4 rows x 22 cells ---
--- ncaaf/WCOL md: 5 rows x 28 cells ---
wrote packages/core/src/art/ncaaf/wcol.xs.txt
wrote packages/core/src/art/ncaaf/wcol.sm.txt
wrote packages/core/src/art/ncaaf/wcol.md.txt
--- ncaaf/WCSU xs: 3 rows x 14 cells ---
--- ncaaf/WCSU sm: 4 rows x 22 cells ---
--- ncaaf/WCSU md: 5 rows x 28 cells ---
wrote packages/core/src/art/ncaaf/wcsu.xs.txt
wrote packages/core/src/art/ncaaf/wcsu.sm.txt
wrote packages/core/src/art/ncaaf/wcsu.md.txt
--- ncaaf/WIU xs: 4 rows x 14 cells ---
--- ncaaf/WIU sm: 7 rows x 22 cells ---
--- ncaaf/WIU md: 8 rows x 28 cells ---
wrote packages/core/src/art/ncaaf/wiu.xs.txt
wrote packages/core/src/art/ncaaf/wiu.sm.txt
wrote packages/core/src/art/ncaaf/wiu.md.txt
--- ncaaf/WKU xs: 3 rows x 14 cells ---
--- ncaaf/WKU sm: 4 rows x 22 cells ---
--- ncaaf/WKU md: 5 rows x 28 cells ---
wrote packages/core/src/art/ncaaf/wku.xs.txt
wrote packages/core/src/art/ncaaf/wku.sm.txt
wrote packages/core/src/art/ncaaf/wku.md.txt
--- ncaaf/WMU xs: 2 rows x 14 cells ---
--- ncaaf/WMU sm: 3 rows x 22 cells ---
--- ncaaf/WMU md: 3 rows x 28 cells ---
wrote packages/core/src/art/ncaaf/wmu.xs.txt
wrote packages/core/src/art/ncaaf/wmu.sm.txt
wrote packages/core/src/art/ncaaf/wmu.md.txt
--- ncaaf/WNE xs: 4 rows x 14 cells ---
--- ncaaf/WNE sm: 6 rows x 22 cells ---
--- ncaaf/WNE md: 7 rows x 28 cells ---
wrote packages/core/src/art/ncaaf/wne.xs.txt
wrote packages/core/src/art/ncaaf/wne.sm.txt
wrote packages/core/src/art/ncaaf/wne.md.txt
--- ncaaf/WNMU xs: 3 rows x 14 cells ---
--- ncaaf/WNMU sm: 4 rows x 22 cells ---
--- ncaaf/WNMU md: 5 rows x 28 cells ---
wrote packages/core/src/art/ncaaf/wnmu.xs.txt
wrote packages/core/src/art/ncaaf/wnmu.sm.txt
wrote packages/core/src/art/ncaaf/wnmu.md.txt
--- ncaaf/WORU xs: 3 rows x 14 cells ---
--- ncaaf/WORU sm: 4 rows x 22 cells ---
--- ncaaf/WORU md: 5 rows x 28 cells ---
wrote packages/core/src/art/ncaaf/woru.xs.txt
wrote packages/core/src/art/ncaaf/woru.sm.txt
wrote packages/core/src/art/ncaaf/woru.md.txt
--- ncaaf/WFST xs: 3 rows x 14 cells ---
--- ncaaf/WFST sm: 5 rows x 22 cells ---
--- ncaaf/WFST md: 6 rows x 28 cells ---
wrote packages/core/src/art/ncaaf/wfst.xs.txt
wrote packages/core/src/art/ncaaf/wfst.sm.txt
wrote packages/core/src/art/ncaaf/wfst.md.txt
--- ncaaf/WCMO xs: 3 rows x 10 cells ---
--- ncaaf/WCMO sm: 5 rows x 15 cells ---
--- ncaaf/WCMO md: 6 rows x 26 cells ---
wrote packages/core/src/art/ncaaf/wcmo.xs.txt
wrote packages/core/src/art/ncaaf/wcmo.sm.txt
wrote packages/core/src/art/ncaaf/wcmo.md.txt
--- ncaaf/WCPA xs: 3 rows x 14 cells ---
--- ncaaf/WCPA sm: 3 rows x 22 cells ---
--- ncaaf/WCPA md: 4 rows x 28 cells ---
wrote packages/core/src/art/ncaaf/wcpa.xs.txt
wrote packages/core/src/art/ncaaf/wcpa.sm.txt
wrote packages/core/src/art/ncaaf/wcpa.md.txt
--- ncaaf/WCIL xs: 3 rows x 14 cells ---
--- ncaaf/WCIL sm: 4 rows x 21 cells ---
--- ncaaf/WCIL md: 6 rows x 27 cells ---
wrote packages/core/src/art/ncaaf/wcil.xs.txt
wrote packages/core/src/art/ncaaf/wcil.sm.txt
wrote packages/core/src/art/ncaaf/wcil.md.txt
--- ncaaf/WHLG xs: 3 rows x 14 cells ---
--- ncaaf/WHLG sm: 4 rows x 22 cells ---
--- ncaaf/WHLG md: 5 rows x 28 cells ---
wrote packages/core/src/art/ncaaf/whlg.xs.txt
wrote packages/core/src/art/ncaaf/whlg.sm.txt
wrote packages/core/src/art/ncaaf/whlg.md.txt
--- ncaaf/WHTR xs: 3 rows x 14 cells ---
--- ncaaf/WHTR sm: 5 rows x 22 cells ---
--- ncaaf/WHTR md: 6 rows x 28 cells ---
wrote packages/core/src/art/ncaaf/whtr.xs.txt
wrote packages/core/src/art/ncaaf/whtr.sm.txt
wrote packages/core/src/art/ncaaf/whtr.md.txt
--- ncaaf/WHIW xs: 3 rows x 14 cells ---
--- ncaaf/WHIW sm: 5 rows x 22 cells ---
--- ncaaf/WHIW md: 6 rows x 28 cells ---
wrote packages/core/src/art/ncaaf/whiw.xs.txt
wrote packages/core/src/art/ncaaf/whiw.sm.txt
wrote packages/core/src/art/ncaaf/whiw.md.txt
--- ncaaf/WIDE xs: 3 rows x 14 cells ---
--- ncaaf/WIDE sm: 5 rows x 22 cells ---
--- ncaaf/WIDE md: 6 rows x 28 cells ---
wrote packages/core/src/art/ncaaf/wide.xs.txt
wrote packages/core/src/art/ncaaf/wide.sm.txt
wrote packages/core/src/art/ncaaf/wide.md.txt
--- ncaaf/WILK xs: 2 rows x 14 cells ---
--- ncaaf/WILK sm: 4 rows x 22 cells ---
--- ncaaf/WILK md: 5 rows x 28 cells ---
wrote packages/core/src/art/ncaaf/wilk.xs.txt
wrote packages/core/src/art/ncaaf/wilk.sm.txt
wrote packages/core/src/art/ncaaf/wilk.md.txt
--- ncaaf/WLMT xs: 3 rows x 14 cells ---
--- ncaaf/WLMT sm: 4 rows x 22 cells ---
--- ncaaf/WLMT md: 5 rows x 28 cells ---
wrote packages/core/src/art/ncaaf/wlmt.xs.txt
wrote packages/core/src/art/ncaaf/wlmt.sm.txt
wrote packages/core/src/art/ncaaf/wlmt.md.txt
--- ncaaf/W&M xs: 3 rows x 13 cells ---
--- ncaaf/W&M sm: 5 rows x 21 cells ---
--- ncaaf/W&M md: 6 rows x 27 cells ---
wrote packages/core/src/art/ncaaf/w&m.xs.txt
wrote packages/core/src/art/ncaaf/w&m.sm.txt
wrote packages/core/src/art/ncaaf/w&m.md.txt
--- ncaaf/WJC xs: 4 rows x 14 cells ---
--- ncaaf/WJC sm: 7 rows x 22 cells ---
--- ncaaf/WJC md: 9 rows x 28 cells ---
wrote packages/core/src/art/ncaaf/wjc.xs.txt
wrote packages/core/src/art/ncaaf/wjc.sm.txt
wrote packages/core/src/art/ncaaf/wjc.md.txt
--- ncaaf/WPU xs: 3 rows x 14 cells ---
--- ncaaf/WPU sm: 4 rows x 22 cells ---
--- ncaaf/WPU md: 5 rows x 28 cells ---
wrote packages/core/src/art/ncaaf/wpu.xs.txt
wrote packages/core/src/art/ncaaf/wpu.sm.txt
wrote packages/core/src/art/ncaaf/wpu.md.txt
--- ncaaf/WLM xs: 3 rows x 14 cells ---
--- ncaaf/WLM sm: 4 rows x 21 cells ---
--- ncaaf/WLM md: 5 rows x 27 cells ---
wrote packages/core/src/art/ncaaf/wlm.xs.txt
wrote packages/core/src/art/ncaaf/wlm.sm.txt
wrote packages/core/src/art/ncaaf/wlm.md.txt
--- ncaaf/WCOH xs: 6 rows x 14 cells ---
--- ncaaf/WCOH sm: 10 rows x 22 cells ---
--- ncaaf/WCOH md: 12 rows x 28 cells ---
wrote packages/core/src/art/ncaaf/wcoh.xs.txt
wrote packages/core/src/art/ncaaf/wcoh.sm.txt
wrote packages/core/src/art/ncaaf/wcoh.md.txt
--- ncaaf/WINU xs: 4 rows x 14 cells ---
--- ncaaf/WINU sm: 5 rows x 22 cells ---
--- ncaaf/WINU md: 7 rows x 28 cells ---
wrote packages/core/src/art/ncaaf/winu.xs.txt
wrote packages/core/src/art/ncaaf/winu.sm.txt
wrote packages/core/src/art/ncaaf/winu.md.txt
--- ncaaf/WNST xs: 4 rows x 14 cells ---
--- ncaaf/WNST sm: 6 rows x 22 cells ---
--- ncaaf/WNST md: 8 rows x 28 cells ---
wrote packages/core/src/art/ncaaf/wnst.xs.txt
wrote packages/core/src/art/ncaaf/wnst.sm.txt
wrote packages/core/src/art/ncaaf/wnst.md.txt
--- ncaaf/WSSU xs: 3 rows x 14 cells ---
--- ncaaf/WSSU sm: 5 rows x 22 cells ---
--- ncaaf/WSSU md: 7 rows x 28 cells ---
wrote packages/core/src/art/ncaaf/wssu.xs.txt
wrote packages/core/src/art/ncaaf/wssu.sm.txt
wrote packages/core/src/art/ncaaf/wssu.md.txt
--- ncaaf/WIS xs: 4 rows x 14 cells ---
--- ncaaf/WIS sm: 5 rows x 22 cells ---
--- ncaaf/WIS md: 7 rows x 28 cells ---
wrote packages/core/src/art/ncaaf/wis.xs.txt
wrote packages/core/src/art/ncaaf/wis.sm.txt
wrote packages/core/src/art/ncaaf/wis.md.txt
--- ncaaf/UWEC xs: 3 rows x 14 cells ---
--- ncaaf/UWEC sm: 4 rows x 22 cells ---
--- ncaaf/UWEC md: 5 rows x 28 cells ---
wrote packages/core/src/art/ncaaf/uwec.xs.txt
wrote packages/core/src/art/ncaaf/uwec.sm.txt
wrote packages/core/src/art/ncaaf/uwec.md.txt
--- ncaaf/UWL xs: 3 rows x 14 cells ---
--- ncaaf/UWL sm: 4 rows x 22 cells ---
--- ncaaf/UWL md: 6 rows x 28 cells ---
wrote packages/core/src/art/ncaaf/uwl.xs.txt
wrote packages/core/src/art/ncaaf/uwl.sm.txt
wrote packages/core/src/art/ncaaf/uwl.md.txt
--- ncaaf/WLC xs: 2 rows x 14 cells ---
--- ncaaf/WLC sm: 3 rows x 22 cells ---
--- ncaaf/WLC md: 4 rows x 28 cells ---
wrote packages/core/src/art/ncaaf/wlc.xs.txt
wrote packages/core/src/art/ncaaf/wlc.sm.txt
wrote packages/core/src/art/ncaaf/wlc.md.txt
--- ncaaf/UWO xs: 2 rows x 14 cells ---
--- ncaaf/UWO sm: 3 rows x 22 cells ---
--- ncaaf/UWO md: 4 rows x 28 cells ---
wrote packages/core/src/art/ncaaf/uwo.xs.txt
wrote packages/core/src/art/ncaaf/uwo.sm.txt
wrote packages/core/src/art/ncaaf/uwo.md.txt
--- ncaaf/UWP xs: 1 rows x 14 cells ---
--- ncaaf/UWP sm: 2 rows x 22 cells ---
--- ncaaf/UWP md: 2 rows x 28 cells ---
wrote packages/core/src/art/ncaaf/uwp.xs.txt
wrote packages/core/src/art/ncaaf/uwp.sm.txt
wrote packages/core/src/art/ncaaf/uwp.md.txt
--- ncaaf/UWRF xs: 4 rows x 14 cells ---
--- ncaaf/UWRF sm: 5 rows x 22 cells ---
--- ncaaf/UWRF md: 7 rows x 28 cells ---
wrote packages/core/src/art/ncaaf/uwrf.xs.txt
wrote packages/core/src/art/ncaaf/uwrf.sm.txt
wrote packages/core/src/art/ncaaf/uwrf.md.txt
--- ncaaf/UWSP xs: 2 rows x 14 cells ---
--- ncaaf/UWSP sm: 3 rows x 22 cells ---
--- ncaaf/UWSP md: 4 rows x 28 cells ---
wrote packages/core/src/art/ncaaf/uwsp.xs.txt
wrote packages/core/src/art/ncaaf/uwsp.sm.txt
wrote packages/core/src/art/ncaaf/uwsp.md.txt
--- ncaaf/UWST xs: 2 rows x 14 cells ---
--- ncaaf/UWST sm: 4 rows x 22 cells ---
--- ncaaf/UWST md: 5 rows x 28 cells ---
wrote packages/core/src/art/ncaaf/uwst.xs.txt
wrote packages/core/src/art/ncaaf/uwst.sm.txt
wrote packages/core/src/art/ncaaf/uwst.md.txt
--- ncaaf/UWW xs: 2 rows x 14 cells ---
--- ncaaf/UWW sm: 2 rows x 22 cells ---
--- ncaaf/UWW md: 3 rows x 28 cells ---
wrote packages/core/src/art/ncaaf/uww.xs.txt
wrote packages/core/src/art/ncaaf/uww.sm.txt
wrote packages/core/src/art/ncaaf/uww.md.txt
--- ncaaf/WITT xs: 3 rows x 14 cells ---
--- ncaaf/WITT sm: 5 rows x 22 cells ---
--- ncaaf/WITT md: 6 rows x 28 cells ---
wrote packages/core/src/art/ncaaf/witt.xs.txt
wrote packages/core/src/art/ncaaf/witt.sm.txt
wrote packages/core/src/art/ncaaf/witt.md.txt
--- ncaaf/WOF xs: 4 rows x 13 cells ---
--- ncaaf/WOF sm: 6 rows x 22 cells ---
--- ncaaf/WOF md: 8 rows x 28 cells ---
wrote packages/core/src/art/ncaaf/wof.xs.txt
wrote packages/core/src/art/ncaaf/wof.sm.txt
wrote packages/core/src/art/ncaaf/wof.md.txt
--- ncaaf/WOO xs: 4 rows x 12 cells ---
--- ncaaf/WOO sm: 6 rows x 19 cells ---
--- ncaaf/WOO md: 7 rows x 24 cells ---
wrote packages/core/src/art/ncaaf/woo.xs.txt
wrote packages/core/src/art/ncaaf/woo.sm.txt
wrote packages/core/src/art/ncaaf/woo.md.txt
--- ncaaf/WORC xs: 2 rows x 14 cells ---
--- ncaaf/WORC sm: 4 rows x 21 cells ---
--- ncaaf/WORC md: 4 rows x 27 cells ---
wrote packages/core/src/art/ncaaf/worc.xs.txt
wrote packages/core/src/art/ncaaf/worc.sm.txt
wrote packages/core/src/art/ncaaf/worc.md.txt
--- ncaaf/WYO xs: 6 rows x 14 cells ---
--- ncaaf/WYO sm: 10 rows x 22 cells ---
--- ncaaf/WYO md: 12 rows x 28 cells ---
wrote packages/core/src/art/ncaaf/wyo.xs.txt
wrote packages/core/src/art/ncaaf/wyo.sm.txt
wrote packages/core/src/art/ncaaf/wyo.md.txt
--- ncaaf/YALE xs: 3 rows x 14 cells ---
--- ncaaf/YALE sm: 5 rows x 22 cells ---
--- ncaaf/YALE md: 7 rows x 28 cells ---
wrote packages/core/src/art/ncaaf/yale.xs.txt
wrote packages/core/src/art/ncaaf/yale.sm.txt
wrote packages/core/src/art/ncaaf/yale.md.txt
--- ncaaf/YSU xs: 2 rows x 14 cells ---
--- ncaaf/YSU sm: 4 rows x 22 cells ---
--- ncaaf/YSU md: 5 rows x 28 cells ---
wrote packages/core/src/art/ncaaf/ysu.xs.txt
wrote packages/core/src/art/ncaaf/ysu.sm.txt
wrote packages/core/src/art/ncaaf/ysu.md.txt
ncaam: 362 teams
--- ncaam/ACU xs: 3 rows x 13 cells ---
--- ncaam/ACU sm: 4 rows x 21 cells ---
--- ncaam/ACU md: 5 rows x 27 cells ---
wrote packages/core/src/art/ncaam/acu.xs.txt
wrote packages/core/src/art/ncaam/acu.sm.txt
wrote packages/core/src/art/ncaam/acu.md.txt
--- ncaam/AF xs: 4 rows x 14 cells ---
--- ncaam/AF sm: 6 rows x 22 cells ---
--- ncaam/AF md: 7 rows x 28 cells ---
wrote packages/core/src/art/ncaam/af.xs.txt
wrote packages/core/src/art/ncaam/af.sm.txt
wrote packages/core/src/art/ncaam/af.md.txt
--- ncaam/AKR xs: 2 rows x 13 cells ---
--- ncaam/AKR sm: 3 rows x 21 cells ---
--- ncaam/AKR md: 4 rows x 27 cells ---
wrote packages/core/src/art/ncaam/akr.xs.txt
wrote packages/core/src/art/ncaam/akr.sm.txt
wrote packages/core/src/art/ncaam/akr.md.txt
--- ncaam/AAMU xs: 4 rows x 14 cells ---
--- ncaam/AAMU sm: 6 rows x 21 cells ---
--- ncaam/AAMU md: 8 rows x 28 cells ---
wrote packages/core/src/art/ncaam/aamu.xs.txt
wrote packages/core/src/art/ncaam/aamu.sm.txt
wrote packages/core/src/art/ncaam/aamu.md.txt
--- ncaam/ALA xs: 4 rows x 14 cells ---
--- ncaam/ALA sm: 6 rows x 22 cells ---
--- ncaam/ALA md: 7 rows x 28 cells ---
wrote packages/core/src/art/ncaam/ala.xs.txt
wrote packages/core/src/art/ncaam/ala.sm.txt
wrote packages/core/src/art/ncaam/ala.md.txt
--- ncaam/ALST xs: 2 rows x 13 cells ---
--- ncaam/ALST sm: 3 rows x 20 cells ---
--- ncaam/ALST md: 3 rows x 26 cells ---
wrote packages/core/src/art/ncaam/alst.xs.txt
wrote packages/core/src/art/ncaam/alst.sm.txt
wrote packages/core/src/art/ncaam/alst.md.txt
--- ncaam/ALCN xs: 3 rows x 14 cells ---
--- ncaam/ALCN sm: 5 rows x 22 cells ---
--- ncaam/ALCN md: 7 rows x 28 cells ---
wrote packages/core/src/art/ncaam/alcn.xs.txt
wrote packages/core/src/art/ncaam/alcn.sm.txt
wrote packages/core/src/art/ncaam/alcn.md.txt
--- ncaam/AMER xs: 3 rows x 14 cells ---
--- ncaam/AMER sm: 5 rows x 22 cells ---
--- ncaam/AMER md: 6 rows x 28 cells ---
wrote packages/core/src/art/ncaam/amer.xs.txt
wrote packages/core/src/art/ncaam/amer.sm.txt
wrote packages/core/src/art/ncaam/amer.md.txt
--- ncaam/APP xs: 4 rows x 14 cells ---
--- ncaam/APP sm: 7 rows x 21 cells ---
--- ncaam/APP md: 8 rows x 27 cells ---
wrote packages/core/src/art/ncaam/app.xs.txt
wrote packages/core/src/art/ncaam/app.sm.txt
wrote packages/core/src/art/ncaam/app.md.txt
--- ncaam/ASU xs: 7 rows x 14 cells ---
--- ncaam/ASU sm: 11 rows x 21 cells ---
--- ncaam/ASU md: 14 rows x 27 cells ---
wrote packages/core/src/art/ncaam/asu.xs.txt
wrote packages/core/src/art/ncaam/asu.sm.txt
wrote packages/core/src/art/ncaam/asu.md.txt
--- ncaam/ARIZ xs: 3 rows x 14 cells ---
--- ncaam/ARIZ sm: 5 rows x 22 cells ---
--- ncaam/ARIZ md: 7 rows x 28 cells ---
wrote packages/core/src/art/ncaam/ariz.xs.txt
wrote packages/core/src/art/ncaam/ariz.sm.txt
wrote packages/core/src/art/ncaam/ariz.md.txt
--- ncaam/ARK xs: 2 rows x 14 cells ---
--- ncaam/ARK sm: 3 rows x 22 cells ---
--- ncaam/ARK md: 3 rows x 28 cells ---
wrote packages/core/src/art/ncaam/ark.xs.txt
wrote packages/core/src/art/ncaam/ark.sm.txt
wrote packages/core/src/art/ncaam/ark.md.txt
--- ncaam/ARST xs: 4 rows x 14 cells ---
--- ncaam/ARST sm: 6 rows x 22 cells ---
--- ncaam/ARST md: 8 rows x 28 cells ---
wrote packages/core/src/art/ncaam/arst.xs.txt
wrote packages/core/src/art/ncaam/arst.sm.txt
wrote packages/core/src/art/ncaam/arst.md.txt
--- ncaam/UAPB xs: 3 rows x 14 cells ---
--- ncaam/UAPB sm: 5 rows x 22 cells ---
--- ncaam/UAPB md: 6 rows x 28 cells ---
wrote packages/core/src/art/ncaam/uapb.xs.txt
wrote packages/core/src/art/ncaam/uapb.sm.txt
wrote packages/core/src/art/ncaam/uapb.md.txt
--- ncaam/ARMY xs: 4 rows x 14 cells ---
--- ncaam/ARMY sm: 7 rows x 22 cells ---
--- ncaam/ARMY md: 8 rows x 28 cells ---
wrote packages/core/src/art/ncaam/army.xs.txt
wrote packages/core/src/art/ncaam/army.sm.txt
wrote packages/core/src/art/ncaam/army.md.txt
--- ncaam/AUB xs: 3 rows x 14 cells ---
--- ncaam/AUB sm: 5 rows x 22 cells ---
--- ncaam/AUB md: 6 rows x 28 cells ---
wrote packages/core/src/art/ncaam/aub.xs.txt
wrote packages/core/src/art/ncaam/aub.sm.txt
wrote packages/core/src/art/ncaam/aub.md.txt
--- ncaam/APSU xs: 4 rows x 14 cells ---
--- ncaam/APSU sm: 6 rows x 21 cells ---
--- ncaam/APSU md: 8 rows x 27 cells ---
wrote packages/core/src/art/ncaam/apsu.xs.txt
wrote packages/core/src/art/ncaam/apsu.sm.txt
wrote packages/core/src/art/ncaam/apsu.md.txt
--- ncaam/BYU xs: 2 rows x 14 cells ---
--- ncaam/BYU sm: 4 rows x 22 cells ---
--- ncaam/BYU md: 5 rows x 28 cells ---
wrote packages/core/src/art/ncaam/byu.xs.txt
wrote packages/core/src/art/ncaam/byu.sm.txt
wrote packages/core/src/art/ncaam/byu.md.txt
--- ncaam/BALL xs: 5 rows x 14 cells ---
--- ncaam/BALL sm: 8 rows x 22 cells ---
--- ncaam/BALL md: 10 rows x 28 cells ---
wrote packages/core/src/art/ncaam/ball.xs.txt
wrote packages/core/src/art/ncaam/ball.sm.txt
wrote packages/core/src/art/ncaam/ball.md.txt
--- ncaam/BAY xs: 4 rows x 14 cells ---
--- ncaam/BAY sm: 7 rows x 22 cells ---
--- ncaam/BAY md: 9 rows x 28 cells ---
wrote packages/core/src/art/ncaam/bay.xs.txt
wrote packages/core/src/art/ncaam/bay.sm.txt
wrote packages/core/src/art/ncaam/bay.md.txt
--- ncaam/BELL xs: 5 rows x 14 cells ---
--- ncaam/BELL sm: 8 rows x 22 cells ---
--- ncaam/BELL md: 10 rows x 28 cells ---
wrote packages/core/src/art/ncaam/bell.xs.txt
wrote packages/core/src/art/ncaam/bell.sm.txt
wrote packages/core/src/art/ncaam/bell.md.txt
--- ncaam/BEL xs: 4 rows x 14 cells ---
--- ncaam/BEL sm: 5 rows x 22 cells ---
--- ncaam/BEL md: 7 rows x 28 cells ---
wrote packages/core/src/art/ncaam/bel.xs.txt
wrote packages/core/src/art/ncaam/bel.sm.txt
wrote packages/core/src/art/ncaam/bel.md.txt
--- ncaam/BCU xs: 4 rows x 13 cells ---
--- ncaam/BCU sm: 6 rows x 21 cells ---
--- ncaam/BCU md: 8 rows x 27 cells ---
wrote packages/core/src/art/ncaam/bcu.xs.txt
wrote packages/core/src/art/ncaam/bcu.sm.txt
wrote packages/core/src/art/ncaam/bcu.md.txt
--- ncaam/BING xs: 3 rows x 14 cells ---
--- ncaam/BING sm: 5 rows x 22 cells ---
--- ncaam/BING md: 6 rows x 28 cells ---
wrote packages/core/src/art/ncaam/bing.xs.txt
wrote packages/core/src/art/ncaam/bing.sm.txt
wrote packages/core/src/art/ncaam/bing.md.txt
--- ncaam/BOIS xs: 3 rows x 14 cells ---
--- ncaam/BOIS sm: 5 rows x 22 cells ---
--- ncaam/BOIS md: 6 rows x 28 cells ---
wrote packages/core/src/art/ncaam/bois.xs.txt
wrote packages/core/src/art/ncaam/bois.sm.txt
wrote packages/core/src/art/ncaam/bois.md.txt
--- ncaam/BC xs: 3 rows x 14 cells ---
--- ncaam/BC sm: 5 rows x 22 cells ---
--- ncaam/BC md: 7 rows x 28 cells ---
wrote packages/core/src/art/ncaam/bc.xs.txt
wrote packages/core/src/art/ncaam/bc.sm.txt
wrote packages/core/src/art/ncaam/bc.md.txt
--- ncaam/BU xs: 3 rows x 14 cells ---
--- ncaam/BU sm: 5 rows x 22 cells ---
--- ncaam/BU md: 6 rows x 28 cells ---
wrote packages/core/src/art/ncaam/bu.xs.txt
wrote packages/core/src/art/ncaam/bu.sm.txt
wrote packages/core/src/art/ncaam/bu.md.txt
--- ncaam/BGSU xs: 4 rows x 14 cells ---
--- ncaam/BGSU sm: 5 rows x 22 cells ---
--- ncaam/BGSU md: 7 rows x 28 cells ---
wrote packages/core/src/art/ncaam/bgsu.xs.txt
wrote packages/core/src/art/ncaam/bgsu.sm.txt
wrote packages/core/src/art/ncaam/bgsu.md.txt
--- ncaam/BRAD xs: 4 rows x 14 cells ---
--- ncaam/BRAD sm: 7 rows x 22 cells ---
--- ncaam/BRAD md: 9 rows x 28 cells ---
wrote packages/core/src/art/ncaam/brad.xs.txt
wrote packages/core/src/art/ncaam/brad.sm.txt
wrote packages/core/src/art/ncaam/brad.md.txt
--- ncaam/BRWN xs: 5 rows x 14 cells ---
--- ncaam/BRWN sm: 7 rows x 22 cells ---
--- ncaam/BRWN md: 9 rows x 28 cells ---
wrote packages/core/src/art/ncaam/brwn.xs.txt
wrote packages/core/src/art/ncaam/brwn.sm.txt
wrote packages/core/src/art/ncaam/brwn.md.txt
--- ncaam/BRY xs: 3 rows x 14 cells ---
--- ncaam/BRY sm: 5 rows x 22 cells ---
--- ncaam/BRY md: 6 rows x 28 cells ---
wrote packages/core/src/art/ncaam/bry.xs.txt
wrote packages/core/src/art/ncaam/bry.sm.txt
wrote packages/core/src/art/ncaam/bry.md.txt
--- ncaam/BUCK xs: 3 rows x 14 cells ---
--- ncaam/BUCK sm: 4 rows x 22 cells ---
--- ncaam/BUCK md: 5 rows x 28 cells ---
wrote packages/core/src/art/ncaam/buck.xs.txt
wrote packages/core/src/art/ncaam/buck.sm.txt
wrote packages/core/src/art/ncaam/buck.md.txt
--- ncaam/BUF xs: 4 rows x 14 cells ---
--- ncaam/BUF sm: 6 rows x 22 cells ---
--- ncaam/BUF md: 7 rows x 28 cells ---
wrote packages/core/src/art/ncaam/buf.xs.txt
wrote packages/core/src/art/ncaam/buf.sm.txt
wrote packages/core/src/art/ncaam/buf.md.txt
--- ncaam/BTLR xs: 4 rows x 14 cells ---
--- ncaam/BTLR sm: 6 rows x 22 cells ---
--- ncaam/BTLR md: 7 rows x 28 cells ---
wrote packages/core/src/art/ncaam/btlr.xs.txt
wrote packages/core/src/art/ncaam/btlr.sm.txt
wrote packages/core/src/art/ncaam/btlr.md.txt
--- ncaam/CP xs: 4 rows x 14 cells ---
--- ncaam/CP sm: 6 rows x 22 cells ---
--- ncaam/CP md: 7 rows x 28 cells ---
wrote packages/core/src/art/ncaam/cp.xs.txt
wrote packages/core/src/art/ncaam/cp.sm.txt
wrote packages/core/src/art/ncaam/cp.md.txt
--- ncaam/CSUB xs: 3 rows x 13 cells ---
--- ncaam/CSUB sm: 4 rows x 21 cells ---
--- ncaam/CSUB md: 5 rows x 27 cells ---
wrote packages/core/src/art/ncaam/csub.xs.txt
wrote packages/core/src/art/ncaam/csub.sm.txt
wrote packages/core/src/art/ncaam/csub.md.txt
--- ncaam/CSUF xs: 6 rows x 14 cells ---
--- ncaam/CSUF sm: 9 rows x 22 cells ---
--- ncaam/CSUF md: 11 rows x 28 cells ---
wrote packages/core/src/art/ncaam/csuf.xs.txt
wrote packages/core/src/art/ncaam/csuf.sm.txt
wrote packages/core/src/art/ncaam/csuf.md.txt
--- ncaam/CSUN xs: 6 rows x 14 cells ---
--- ncaam/CSUN sm: 9 rows x 22 cells ---
--- ncaam/CSUN md: 11 rows x 28 cells ---
wrote packages/core/src/art/ncaam/csun.xs.txt
wrote packages/core/src/art/ncaam/csun.sm.txt
wrote packages/core/src/art/ncaam/csun.md.txt
--- ncaam/CBU xs: 2 rows x 14 cells ---
--- ncaam/CBU sm: 2 rows x 22 cells ---
--- ncaam/CBU md: 3 rows x 28 cells ---
wrote packages/core/src/art/ncaam/cbu.xs.txt
wrote packages/core/src/art/ncaam/cbu.sm.txt
wrote packages/core/src/art/ncaam/cbu.md.txt
--- ncaam/CAL xs: 3 rows x 14 cells ---
--- ncaam/CAL sm: 5 rows x 22 cells ---
--- ncaam/CAL md: 6 rows x 28 cells ---
wrote packages/core/src/art/ncaam/cal.xs.txt
wrote packages/core/src/art/ncaam/cal.sm.txt
wrote packages/core/src/art/ncaam/cal.md.txt
--- ncaam/CAM xs: 2 rows x 14 cells ---
--- ncaam/CAM sm: 3 rows x 22 cells ---
--- ncaam/CAM md: 4 rows x 28 cells ---
wrote packages/core/src/art/ncaam/cam.xs.txt
wrote packages/core/src/art/ncaam/cam.sm.txt
wrote packages/core/src/art/ncaam/cam.md.txt
--- ncaam/CAN xs: 4 rows x 14 cells ---
--- ncaam/CAN sm: 6 rows x 22 cells ---
--- ncaam/CAN md: 7 rows x 28 cells ---
wrote packages/core/src/art/ncaam/can.xs.txt
wrote packages/core/src/art/ncaam/can.sm.txt
wrote packages/core/src/art/ncaam/can.md.txt
--- ncaam/CARK xs: 2 rows x 11 cells ---
--- ncaam/CARK sm: 5 rows x 17 cells ---
--- ncaam/CARK md: 6 rows x 27 cells ---
wrote packages/core/src/art/ncaam/cark.xs.txt
wrote packages/core/src/art/ncaam/cark.sm.txt
wrote packages/core/src/art/ncaam/cark.md.txt
--- ncaam/CCSU xs: 4 rows x 14 cells ---
--- ncaam/CCSU sm: 6 rows x 21 cells ---
--- ncaam/CCSU md: 8 rows x 27 cells ---
wrote packages/core/src/art/ncaam/ccsu.xs.txt
wrote packages/core/src/art/ncaam/ccsu.sm.txt
wrote packages/core/src/art/ncaam/ccsu.md.txt
--- ncaam/CMU xs: 3 rows x 14 cells ---
--- ncaam/CMU sm: 4 rows x 21 cells ---
--- ncaam/CMU md: 5 rows x 27 cells ---
wrote packages/core/src/art/ncaam/cmu.xs.txt
wrote packages/core/src/art/ncaam/cmu.sm.txt
wrote packages/core/src/art/ncaam/cmu.md.txt
--- ncaam/COFC xs: 5 rows x 14 cells ---
--- ncaam/COFC sm: 7 rows x 22 cells ---
--- ncaam/COFC md: 9 rows x 28 cells ---
wrote packages/core/src/art/ncaam/cofc.xs.txt
wrote packages/core/src/art/ncaam/cofc.sm.txt
wrote packages/core/src/art/ncaam/cofc.md.txt
--- ncaam/CHSO xs: 3 rows x 14 cells ---
--- ncaam/CHSO sm: 4 rows x 22 cells ---
--- ncaam/CHSO md: 5 rows x 28 cells ---
wrote packages/core/src/art/ncaam/chso.xs.txt
wrote packages/core/src/art/ncaam/chso.sm.txt
wrote packages/core/src/art/ncaam/chso.md.txt
--- ncaam/CLT xs: 5 rows x 14 cells ---
--- ncaam/CLT sm: 7 rows x 22 cells ---
--- ncaam/CLT md: 9 rows x 28 cells ---
wrote packages/core/src/art/ncaam/clt.xs.txt
wrote packages/core/src/art/ncaam/clt.sm.txt
wrote packages/core/src/art/ncaam/clt.md.txt
--- ncaam/UTC xs: 3 rows x 14 cells ---
--- ncaam/UTC sm: 5 rows x 22 cells ---
--- ncaam/UTC md: 6 rows x 28 cells ---
wrote packages/core/src/art/ncaam/utc.xs.txt
wrote packages/core/src/art/ncaam/utc.sm.txt
wrote packages/core/src/art/ncaam/utc.md.txt
--- ncaam/CHST xs: 4 rows x 14 cells ---
--- ncaam/CHST sm: 6 rows x 22 cells ---
--- ncaam/CHST md: 7 rows x 28 cells ---
wrote packages/core/src/art/ncaam/chst.xs.txt
wrote packages/core/src/art/ncaam/chst.sm.txt
wrote packages/core/src/art/ncaam/chst.md.txt
--- ncaam/CIN xs: 6 rows x 14 cells ---
--- ncaam/CIN sm: 9 rows x 21 cells ---
--- ncaam/CIN md: 11 rows x 27 cells ---
wrote packages/core/src/art/ncaam/cin.xs.txt
wrote packages/core/src/art/ncaam/cin.sm.txt
wrote packages/core/src/art/ncaam/cin.md.txt
--- ncaam/CLEM xs: 4 rows x 14 cells ---
--- ncaam/CLEM sm: 6 rows x 22 cells ---
--- ncaam/CLEM md: 7 rows x 28 cells ---
wrote packages/core/src/art/ncaam/clem.xs.txt
wrote packages/core/src/art/ncaam/clem.sm.txt
wrote packages/core/src/art/ncaam/clem.md.txt
--- ncaam/CLE xs: 4 rows x 14 cells ---
--- ncaam/CLE sm: 6 rows x 22 cells ---
--- ncaam/CLE md: 8 rows x 28 cells ---
wrote packages/core/src/art/ncaam/cle.xs.txt
wrote packages/core/src/art/ncaam/cle.sm.txt
wrote packages/core/src/art/ncaam/cle.md.txt
--- ncaam/CCU xs: 4 rows x 14 cells ---
--- ncaam/CCU sm: 6 rows x 22 cells ---
--- ncaam/CCU md: 8 rows x 28 cells ---
wrote packages/core/src/art/ncaam/ccu.xs.txt
wrote packages/core/src/art/ncaam/ccu.sm.txt
wrote packages/core/src/art/ncaam/ccu.md.txt
--- ncaam/COLG xs: 4 rows x 13 cells ---
--- ncaam/COLG sm: 5 rows x 22 cells ---
--- ncaam/COLG md: 7 rows x 28 cells ---
wrote packages/core/src/art/ncaam/colg.xs.txt
wrote packages/core/src/art/ncaam/colg.sm.txt
wrote packages/core/src/art/ncaam/colg.md.txt
--- ncaam/COLO xs: 3 rows x 14 cells ---
--- ncaam/COLO sm: 4 rows x 22 cells ---
--- ncaam/COLO md: 5 rows x 28 cells ---
wrote packages/core/src/art/ncaam/colo.xs.txt
wrote packages/core/src/art/ncaam/colo.sm.txt
wrote packages/core/src/art/ncaam/colo.md.txt
--- ncaam/CSU xs: 4 rows x 14 cells ---
--- ncaam/CSU sm: 6 rows x 22 cells ---
--- ncaam/CSU md: 7 rows x 28 cells ---
wrote packages/core/src/art/ncaam/csu.xs.txt
wrote packages/core/src/art/ncaam/csu.sm.txt
wrote packages/core/src/art/ncaam/csu.md.txt
--- ncaam/COLU xs: 4 rows x 14 cells ---
--- ncaam/COLU sm: 7 rows x 22 cells ---
--- ncaam/COLU md: 8 rows x 28 cells ---
wrote packages/core/src/art/ncaam/colu.xs.txt
wrote packages/core/src/art/ncaam/colu.sm.txt
wrote packages/core/src/art/ncaam/colu.md.txt
--- ncaam/COPP xs: 2 rows x 14 cells ---
--- ncaam/COPP sm: 4 rows x 22 cells ---
--- ncaam/COPP md: 5 rows x 28 cells ---
wrote packages/core/src/art/ncaam/copp.xs.txt
wrote packages/core/src/art/ncaam/copp.sm.txt
wrote packages/core/src/art/ncaam/copp.md.txt
--- ncaam/COR xs: 5 rows x 14 cells ---
--- ncaam/COR sm: 7 rows x 22 cells ---
--- ncaam/COR md: 9 rows x 28 cells ---
wrote packages/core/src/art/ncaam/cor.xs.txt
wrote packages/core/src/art/ncaam/cor.sm.txt
wrote packages/core/src/art/ncaam/cor.md.txt
--- ncaam/CREI xs: 4 rows x 14 cells ---
--- ncaam/CREI sm: 6 rows x 22 cells ---
--- ncaam/CREI md: 7 rows x 28 cells ---
wrote packages/core/src/art/ncaam/crei.xs.txt
wrote packages/core/src/art/ncaam/crei.sm.txt
wrote packages/core/src/art/ncaam/crei.md.txt
--- ncaam/DART xs: 5 rows x 14 cells ---
--- ncaam/DART sm: 7 rows x 22 cells ---
--- ncaam/DART md: 9 rows x 28 cells ---
wrote packages/core/src/art/ncaam/dart.xs.txt
wrote packages/core/src/art/ncaam/dart.sm.txt
wrote packages/core/src/art/ncaam/dart.md.txt
--- ncaam/DAV xs: 4 rows x 14 cells ---
--- ncaam/DAV sm: 6 rows x 22 cells ---
--- ncaam/DAV md: 8 rows x 28 cells ---
wrote packages/core/src/art/ncaam/dav.xs.txt
wrote packages/core/src/art/ncaam/dav.sm.txt
wrote packages/core/src/art/ncaam/dav.md.txt
--- ncaam/DAY xs: 2 rows x 14 cells ---
--- ncaam/DAY sm: 4 rows x 22 cells ---
--- ncaam/DAY md: 5 rows x 28 cells ---
wrote packages/core/src/art/ncaam/day.xs.txt
wrote packages/core/src/art/ncaam/day.sm.txt
wrote packages/core/src/art/ncaam/day.md.txt
--- ncaam/DEP xs: 4 rows x 14 cells ---
--- ncaam/DEP sm: 6 rows x 22 cells ---
--- ncaam/DEP md: 8 rows x 28 cells ---
wrote packages/core/src/art/ncaam/dep.xs.txt
wrote packages/core/src/art/ncaam/dep.sm.txt
wrote packages/core/src/art/ncaam/dep.md.txt
--- ncaam/DEL xs: 3 rows x 14 cells ---
--- ncaam/DEL sm: 4 rows x 22 cells ---
--- ncaam/DEL md: 5 rows x 28 cells ---
wrote packages/core/src/art/ncaam/del.xs.txt
wrote packages/core/src/art/ncaam/del.sm.txt
wrote packages/core/src/art/ncaam/del.md.txt
--- ncaam/DSU xs: 3 rows x 14 cells ---
--- ncaam/DSU sm: 5 rows x 22 cells ---
--- ncaam/DSU md: 6 rows x 28 cells ---
wrote packages/core/src/art/ncaam/dsu.xs.txt
wrote packages/core/src/art/ncaam/dsu.sm.txt
wrote packages/core/src/art/ncaam/dsu.md.txt
--- ncaam/DEN xs: 1 rows x 14 cells ---
--- ncaam/DEN sm: 2 rows x 22 cells ---
--- ncaam/DEN md: 2 rows x 28 cells ---
wrote packages/core/src/art/ncaam/den.xs.txt
wrote packages/core/src/art/ncaam/den.sm.txt
wrote packages/core/src/art/ncaam/den.md.txt
--- ncaam/DETM xs: 3 rows x 14 cells ---
--- ncaam/DETM sm: 4 rows x 22 cells ---
--- ncaam/DETM md: 5 rows x 28 cells ---
wrote packages/core/src/art/ncaam/detm.xs.txt
wrote packages/core/src/art/ncaam/detm.sm.txt
wrote packages/core/src/art/ncaam/detm.md.txt
--- ncaam/DRKE xs: 4 rows x 14 cells ---
--- ncaam/DRKE sm: 6 rows x 22 cells ---
--- ncaam/DRKE md: 8 rows x 28 cells ---
wrote packages/core/src/art/ncaam/drke.xs.txt
wrote packages/core/src/art/ncaam/drke.sm.txt
wrote packages/core/src/art/ncaam/drke.md.txt
--- ncaam/DREX xs: 3 rows x 14 cells ---
--- ncaam/DREX sm: 4 rows x 21 cells ---
--- ncaam/DREX md: 5 rows x 28 cells ---
wrote packages/core/src/art/ncaam/drex.xs.txt
wrote packages/core/src/art/ncaam/drex.sm.txt
wrote packages/core/src/art/ncaam/drex.md.txt
--- ncaam/DUKE xs: 3 rows x 14 cells ---
--- ncaam/DUKE sm: 5 rows x 22 cells ---
--- ncaam/DUKE md: 6 rows x 28 cells ---
wrote packages/core/src/art/ncaam/duke.xs.txt
wrote packages/core/src/art/ncaam/duke.sm.txt
wrote packages/core/src/art/ncaam/duke.md.txt
--- ncaam/DUQ xs: 8 rows x 14 cells ---
--- ncaam/DUQ sm: 12 rows x 22 cells ---
--- ncaam/DUQ md: 15 rows x 28 cells ---
wrote packages/core/src/art/ncaam/duq.xs.txt
wrote packages/core/src/art/ncaam/duq.sm.txt
wrote packages/core/src/art/ncaam/duq.md.txt
--- ncaam/ECU xs: 4 rows x 14 cells ---
--- ncaam/ECU sm: 6 rows x 22 cells ---
--- ncaam/ECU md: 8 rows x 28 cells ---
wrote packages/core/src/art/ncaam/ecu.xs.txt
wrote packages/core/src/art/ncaam/ecu.sm.txt
wrote packages/core/src/art/ncaam/ecu.md.txt
--- ncaam/ETSU xs: 4 rows x 13 cells ---
--- ncaam/ETSU sm: 6 rows x 21 cells ---
--- ncaam/ETSU md: 7 rows x 27 cells ---
wrote packages/core/src/art/ncaam/etsu.xs.txt
wrote packages/core/src/art/ncaam/etsu.sm.txt
wrote packages/core/src/art/ncaam/etsu.md.txt
--- ncaam/ETAM xs: 4 rows x 14 cells ---
--- ncaam/ETAM sm: 6 rows x 22 cells ---
--- ncaam/ETAM md: 7 rows x 28 cells ---
wrote packages/core/src/art/ncaam/etam.xs.txt
wrote packages/core/src/art/ncaam/etam.sm.txt
wrote packages/core/src/art/ncaam/etam.md.txt
--- ncaam/EIU xs: 3 rows x 14 cells ---
--- ncaam/EIU sm: 5 rows x 22 cells ---
--- ncaam/EIU md: 6 rows x 28 cells ---
wrote packages/core/src/art/ncaam/eiu.xs.txt
wrote packages/core/src/art/ncaam/eiu.sm.txt
wrote packages/core/src/art/ncaam/eiu.md.txt
--- ncaam/EKU xs: 1 rows x 14 cells ---
--- ncaam/EKU sm: 2 rows x 22 cells ---
--- ncaam/EKU md: 2 rows x 28 cells ---
wrote packages/core/src/art/ncaam/eku.xs.txt
wrote packages/core/src/art/ncaam/eku.sm.txt
wrote packages/core/src/art/ncaam/eku.md.txt
--- ncaam/EMU xs: 4 rows x 14 cells ---
--- ncaam/EMU sm: 7 rows x 22 cells ---
--- ncaam/EMU md: 8 rows x 28 cells ---
wrote packages/core/src/art/ncaam/emu.xs.txt
wrote packages/core/src/art/ncaam/emu.sm.txt
wrote packages/core/src/art/ncaam/emu.md.txt
--- ncaam/EWU xs: 4 rows x 14 cells ---
--- ncaam/EWU sm: 5 rows x 22 cells ---
--- ncaam/EWU md: 7 rows x 28 cells ---
wrote packages/core/src/art/ncaam/ewu.xs.txt
wrote packages/core/src/art/ncaam/ewu.sm.txt
wrote packages/core/src/art/ncaam/ewu.md.txt
--- ncaam/ELON xs: 4 rows x 14 cells ---
--- ncaam/ELON sm: 6 rows x 22 cells ---
--- ncaam/ELON md: 8 rows x 28 cells ---
wrote packages/core/src/art/ncaam/elon.xs.txt
wrote packages/core/src/art/ncaam/elon.sm.txt
wrote packages/core/src/art/ncaam/elon.md.txt
--- ncaam/EVAN xs: 3 rows x 14 cells ---
--- ncaam/EVAN sm: 5 rows x 21 cells ---
--- ncaam/EVAN md: 6 rows x 27 cells ---
wrote packages/core/src/art/ncaam/evan.xs.txt
wrote packages/core/src/art/ncaam/evan.sm.txt
wrote packages/core/src/art/ncaam/evan.md.txt
--- ncaam/FAIR xs: 3 rows x 14 cells ---
--- ncaam/FAIR sm: 5 rows x 22 cells ---
--- ncaam/FAIR md: 6 rows x 28 cells ---
wrote packages/core/src/art/ncaam/fair.xs.txt
wrote packages/core/src/art/ncaam/fair.sm.txt
wrote packages/core/src/art/ncaam/fair.md.txt
--- ncaam/FDU xs: 3 rows x 14 cells ---
--- ncaam/FDU sm: 5 rows x 22 cells ---
--- ncaam/FDU md: 7 rows x 28 cells ---
wrote packages/core/src/art/ncaam/fdu.xs.txt
wrote packages/core/src/art/ncaam/fdu.sm.txt
wrote packages/core/src/art/ncaam/fdu.md.txt
--- ncaam/FAMU xs: 3 rows x 14 cells ---
--- ncaam/FAMU sm: 4 rows x 22 cells ---
--- ncaam/FAMU md: 5 rows x 28 cells ---
wrote packages/core/src/art/ncaam/famu.xs.txt
wrote packages/core/src/art/ncaam/famu.sm.txt
wrote packages/core/src/art/ncaam/famu.md.txt
--- ncaam/FAU xs: 2 rows x 14 cells ---
--- ncaam/FAU sm: 3 rows x 22 cells ---
--- ncaam/FAU md: 4 rows x 27 cells ---
wrote packages/core/src/art/ncaam/fau.xs.txt
wrote packages/core/src/art/ncaam/fau.sm.txt
wrote packages/core/src/art/ncaam/fau.md.txt
--- ncaam/FLA xs: 2 rows x 14 cells ---
--- ncaam/FLA sm: 4 rows x 22 cells ---

⣿⣿⣿⣿⣿⠟⠕⠀⠈⠙⡻⣿⠿⠟⠋⠉⠉⡻⣿⣿⣿⣿
⣿⢟⠝⠛⢃⡆⠀⠀⠀⠀⠈⡤⠁⠀⠀⠀⠀⢱⢸⣿⣿⣿
⢣⠃⠀⠀⣀⠙⢦⣀⣀⡀⣐⣳⣀⠀⣀⣀⣰⠣⠈⠀⠐⡝
⣌⣂⠀⠀⣹⣷⠿⣷⠟⣉⣛⣶⠴⢿⣅⣀⠀⠀⠀⠀⠀⣡
⣿⣿⡐⠊⠀⠀⠀⠀⠀⠀⠀⠀⠀⠀⠀⠈⠉⠠⢰⣶⣾⣿
⣿⣿⣿⣶⣤⣤⣀⣀⠀⠀⠀⠀⠀⢀⣀⣀⣤⣶⣿⣿⣿⣿
⣿⣿⣿⣿⣿⣿⣿⠏⡕⠒⠊⢝⡻⣿⣿⣿⣿⠿⡋⠍⠩⡛⢿⣿⣿⣿⣿⣿
⣿⣿⡿⠿⠿⡿⢫⠊⠀⠀⠀⠀⠈⠢⡉⡕⠀⠁⠀⠀⠀⠈⢆⢻⣿⣿⣿⣿
⡿⢋⠞⠉⠑⠂⢵⣄⠀⠀⠀⠀⠀⠀⣿⠀⠀⠀⠀⠀⠀⠀⡞⠸⠿⠿⠿⣿
⢁⡇⠀⠀⠀⣀⣀⠙⣷⣤⢤⣤⣀⣊⣻⣄⡀⢀⣀⣀⣠⡎⠔⠊⠀⠀⠱⡌
⣌⠧⡀⠀⠀⢹⣿⣾⢿⣿⣿⢏⠛⠿⣦⣤⣾⣿⡉⢀⠀⠀⠀⠀⠀⠀⡜⣡
⣿⣿⡂⢤⠴⠭⠭⠥⠬⠭⠥⠭⠭⠭⠭⠥⠬⠭⠭⠭⠷⢆⠀⣀⣀⣪⣾⣿
⣿⣿⣿⣜⠢⢀⠀⠀⠀⠀⠀⠀⠀⠀⠀⠀⠀⠀⠀⠀⠀⡀⢕⣽⣿⣿⣿⣿
⣿⣿⣿⣿⣿⣶⣮⣤⣄⣠⣀⠀⠀⠀⠀⠀⠀⣀⣀⣠⣵⣾⣿⣿⣿⣿⣿⣿
⠾⣿⣿⣿⡿⣿⣿⣿⣿⠿⣿⣿⡿⠛
⠀⠘⣿⣿⣿⣻⣿⣿⣿⣿⣿⡿⠁
⠀⠀⠘⣿⣿⡿⠋⢻⣿⣿⠟
⣶⣿⣽⣿⢿⣿⡟⣿⣽⣽⣟⣿⣿⡟⣿⣽⣽⡿⣿⣿⡟⠽
⠀⠀⢻⣿⣯⢿⣿⡕⣾⢿⣾⢟⣿⣿⣖⢾⣟⣿⢿⠎
⠀⠀⠀⠹⣿⣷⣻⣿⣶⡿⡱⣿⣷⡻⣿⣦⣿⡫⠃
⠀⠀⠀⠀⠹⣿⣷⣿⡿⠎⠀⠘⣿⣿⣽⣿⠕⠁
⣶⣾⣯⣿⣿⣿⣿⣿⢿⣿⣽⣯⣿⡿⣿⣿⣿⢿⣿⣽⣯⣿⡿⣿⣿⢿⠿⠽
⠀⠉⠹⣿⣿⣎⢿⣿⣧⡻⣽⣿⢟⣼⡿⢿⣿⣧⡣⣹⣿⡟⣽⡿⣣⠋
⠀⠀⠀⠙⣿⣿⣯⢻⣿⣷⡹⣫⣾⢟⣵⣮⢻⣿⣷⡝⢏⣾⡟⡵⠁
⠀⠀⠀⠀⠘⣿⣿⣧⡻⣿⣿⣿⢫⠚⢿⣿⣷⡹⣿⣿⣿⢏⠞
⠀⠀⠀⠀⠀⠈⢿⣿⣷⣽⡿⠵⠁⠀⠈⢻⣿⣿⣼⣿⠧⠋
⠀⠀⠐⢦⣤⣴⣶⣤⣶⣤⣤⠆
⠀⠀⠀⠸⣿⠏⢣⣿⠍⣻⡷
⠀⠹⣿⣿⣿⣿⣯⣿⣿⣿⣿⣟⡿⠁
⠀⠀⠀⠀⢰⣦⣤⣀⣠⣤⢤⣤⣤⢤⣤⣤⣤⡴⠂
⠀⠀⠀⠀⠀⢺⣿⣯⣯⢿⡛⣳⡟⡻⣷⣿⣟
⠀⣀⣀⣀⣀⣈⣻⣿⣥⣠⣽⣿⣟⣥⣬⣿⣏⣀⣀⣀⣀
⠀⠀⠹⣯⣭⣿⣽⡭⠿⠽⠭⠿⠧⠿⠼⢭⣿⣽⣭⣿⠁
⠀⠀⠀⠀⠀⠰⣦⣄⣀⣀⣀⣠⣤⣤⣀⣠⣤⣄⣀⣀⣀⣀⣤⠆
⠀⠀⠀⠀⠀⠀⢩⣷⡾⢛⣹⢶⡶⠾⣆⣘⠷⣾⣯⣿⣿⠟⠁
⠀⠀⠀⠀⠀⠀⠠⢾⡗⣿⡿⠉⠳⣤⢾⢷⡴⠉⠟⣿⣿⠦
⠀⠠⢤⣤⣤⣤⡤⡤⣿⣿⣾⡶⣶⢾⣿⣿⢵⣦⢷⣾⣯⡤⣤⢤⣤⣤⠤
⠀⠀⠀⠹⣧⣴⣴⡧⠽⠦⠼⠤⠿⠴⠾⠿⠬⠷⠼⠵⠬⠧⣿⣤⣿⠇
⣀⣀⣳⣶⣦⣤⣤⣤⣤⣀
⠰⣿⣿⣿⣿⣿⣯⣹⣿⡿⠿⠦⢀
⠀⠘⣿⣿⣿⣿⣿⣷⣤⣤⡤⠤⠤⠗
⠀⠀⠈⠉⠉⠙⠛⠻⠿⡇
⠀⠀⠈⠳⣶⣦⣤⣤⣀⣀⣠⣀⣀
⠙⠶⣶⣿⣿⣿⣿⣿⣿⣿⣿⣿⣿⣿⣿⣶⣤⣀
⠈⢿⣿⣿⣿⣿⣿⣿⣿⣿⣧⣬⣿⡿⠿⠿⠿⠿⠗⢤⡀
⠀⠀⠹⣿⣿⣿⣿⣿⣿⣿⣿⣷⣤⣀⣀⠀⢀⣀⣀⣤⣽⣦
⠀⠀⠀⠙⢿⣿⣿⣿⣿⣿⣿⣿⣿⣿⣿⠛⠉⠉
⠀⠀⠀⠀⠀⠀⠀⠀⠀⠉⠉⠛⠛⠿⢧
⠀⠀⠀⠈⠳⣶⣦⣤⣄⣀⣀⣀⠀⢀⣀⡀
⠲⢦⣤⣭⣷⣶⣿⣿⣿⣿⣿⣿⣿⣿⣿⣿⣿⣷⣶⣦⣄⣀
⠐⣦⣭⣿⣿⣿⣿⣿⣿⣿⣿⣿⣿⣋⠛⠿⠿⣿⣿⣿⣿⣿⣷⣄⡀
⠀⠈⠻⣿⣿⣿⣿⣿⣿⣿⣿⣿⣿⣿⣟⡛⠋⠉⠉⠉⠉⠉⠉⠑⠈⠳⢄
⠀⠀⠀⠸⣿⣿⣿⣿⣿⣿⣿⣿⣿⣿⣿⣿⣶⣦⣤⣤⣤⣤⠤⠤⠶⠒⠚⠓
⠀⠀⠀⠀⠈⠻⠿⠿⠿⠿⣿⣿⣿⣿⣿⣿⣿⣿⡿⠋⠁
⠀⠀⠀⠀⠀⠀⠀⠀⠀⠀⠀⠀⠀⠉⠉⠛⠛⠿⢧
⠀⠀⢀⣄⣀⢀⡤⠀⣠⣤⢴⣿⣿⡟
⠲⡂⣤⣼⢿⣉⠒⢛⣩⠴⠟⣽⡿⠁
⠀⠁⠀⠓⠋⠑⠢⠤⣴⠶⠛⠋
⠀⠀⠀⠀⠀⢀⡀⠤⠄⠒⣒⡒⠒⢂⣈⣉⣩⣿⣿⣶⣾⡟
⠀⣀⠤⠄⠚⢷⣖⣖⣹⡟⠋⣠⣴⣿⡿⠋⣽⣿⢻⣿⣿⠁
⠻⡗⢊⣡⣤⣾⣟⣛⠉⠙⠛⠛⢉⣁⣤⡾⠟⢡⣿⣿⠇
⠀⠹⢍⡉⠛⣋⣭⠭⢍⣉⠀⠈⠉⢁⣀⣤⣶⣿⡿⠃
⠀⠀⠀⠀⠉⠉⠀⠀⠀⠈⠙⠲⢿⣿⠿⠛⠉
⠀⠀⠀⠀⠀⠀⠀⠀⠀⣀⡠⠤⠤⠤⠴⠒⠒⠒⠒⠒⠋⣩⣿⣿⣶⣶⣶⡶
⠀⠀⠀⠀⠀⣠⣖⣊⣉⣀⣤⢤⣶⠶⠊⠀⣠⣾⣿⣿⢿⣿⣿⣿⣿⣿⣿⠃
⢀⡠⠔⢚⡉⠑⠊⠽⢦⣷⣶⣟⣁⣀⣴⣾⣿⣿⠟⠁⣼⣿⠟⣹⣿⣿⡏
⠙⡿⠙⢉⣠⡦⠬⣭⣛⣓⠂⠈⠙⠟⠋⠉⠁⣀⣤⣾⡿⠋⢠⣿⣿⡿
⠀⠸⡖⠒⠚⢯⣯⠝⠛⣛⠻⠓⠂⠀⠰⠞⠛⠋⠉⠀⣀⣴⣿⣿⡿⠁
⠀⠀⠈⠒⠦⢤⣴⡾⠛⠋⠙⠲⢦⣄⡀⣀⣠⣤⣶⣿⣿⡿⠟⠋
⠀⠀⠀⠀⠀⠀⠀⠀⠀⠀⠀⠀⠀⠈⠙⠻⢿⡿⠟⠋⠁
⢠⣴⢾⡻⢽⣷⣦⣴⣾⡯⢟⣿⣦⡄
⢿⡹⡟⣽⣦⣈⡉⢉⣁⣴⣯⢻⢏⡿
⠀⠙⠛⠛⢧⣈⡅⢨⣁⡼⠛⠛⠋⠁
⠀⠀⠀⠀⠈⠯⣷⣾⠽⠁
⢀⣀⣤⣶⡟⢿⢛⡿⢷⣦⡀⢠⣴⡾⢿⡛⡿⢻⣶⣤⣀⡀
⣼⡷⣮⣍⡗⣦⣄⠈⠩⠽⢿⣿⠯⠍⠁⢀⣴⠺⣩⣵⢾⣧
⢻⣇⠸⣿⢁⣾⣿⡦⣄⣀⠀⠀⣀⣠⢴⣿⣷⡈⣿⠇⣸⡟
⠀⠙⠳⠾⠶⠿⢿⣁⠈⢉⠁⠀⡉⠁⢀⣿⠿⠶⠷⠚⠋
⠀⠀⠀⠀⠀⠀⠀⢻⡶⣿⠃⠀⣿⢶⡟
⠀⠀⠀⠀⠀⠀⠀⠈⠓⠬⣿⣿⠥⠞⠁
⠀⠀⣀⣤⣶⡾⠻⡿⢛⣿⠷⢶⣤⡀⢀⣤⡶⠾⣿⡛⢿⠟⢷⣶⣤⣀⠀⡀
⣨⣿⣭⣛⡑⣿⢤⣁⠩⠒⢚⣋⣹⣷⣿⣏⣙⡓⠒⠍⣈⡤⣿⢛⣛⣭⣿⣅
⢿⣇⠀⣿⡿⡗⢘⣿⣷⡀⠀⠀⠀⠉⠉⠀⠀⠀⢀⣾⣿⡃⢺⢿⣿⠁⣸⣿
⠈⠻⣦⣈⣛⣀⠻⣽⣿⠇⠙⠶⠦⠀⠀⠴⠶⠏⠘⢿⣯⠟⢀⣋⣁⣴⠿⠁
⠀⠀⠀⠉⠉⠉⠉⠙⠳⣦⡀⢀⣤⠀⠀⣤⡀⢀⣴⠞⠛⠉⠉⠉⠉
⠀⠀⠀⠀⠀⠀⠀⠀⠀⢹⡿⢛⣛⡀⢀⣛⡛⢿⡏
⠀⠀⠀⠀⠀⠀⠀⠀⠀⠀⠙⠲⢾⣿⣿⡷⠖⠋
⣿⣿⣿⠟⠛⠉⠉⠁⠀⠀⠉⣉⣿⣿
⣿⡟⠀⠀⠀⠀⠀⠀⠀⠀⠈⠙⠻⣿
⣿⣧⠀⠀⠀⠀⠀⠀⠀⠀⠀⠀⠀⢹
⣿⡿⠀⠀⠀⠀⠀⠀⠀⠀⠀⠀⠀⣻
⣿⣶⣶⣶⣶⣶⣤⣄⣀⣀⣄⣠⣴⣿
⣿⣿⣿⣿⣿⣿⡿⠿⠛⠛⠉⠉⠉⠉⠉⠉⠉⠙⢛⣿⣿⣿
⣿⣿⣿⡿⠋⠁⠀⠀⠀⠀⠀⠀⠀⠀⠀⠀⢀⣴⣿⣿⣿⣿
⣿⣿⡏⠀⠀⠀⠀⠀⠀⠀⠀⠀⠀⠀⠀⠀⠀⠈⠙⠿⣿⣿
⣿⣿⡇⠀⠀⠀⠀⠀⠀⠀⠀⠀⠀⠀⠀⠀⠀⠀⠀⠀⠘⣿
⣿⣿⣿⡆⠀⠀⠀⠀⠀⠀⠀⠀⠀⠀⠀⠀⠀⠀⠀⠀⠀⣿
⣿⣿⣿⠃⠀⠀⠀⠀⠀⠀⠀⠀⠀⠀⠀⠀⠀⠀⠀⠀⠘⣿
⣿⣿⠃⣀⣀⣀⡀⠀⣀⠀⠀⠀⠀⠀⠀⠀⠀⠀⠀⢀⣼⣿
⣿⣿⣿⣿⣿⣿⣿⣿⣿⣿⣷⣶⣤⣤⣄⣠⣦⣠⣴⣿⣿⣿
⣿⣿⣿⣿⣿⣿⣿⣿⣿⡿⠿⠟⠛⠋⠉⠉⠉⠉⠉⠉⠉⠛⠛⠛⣿⣿⣿⣿
⣿⣿⣿⣿⣿⡿⠟⠉⠁⠀⠀⠀⠀⠀⠀⠀⠀⠀⠀⠀⠀⢀⣤⣾⣿⣿⣿⣿
⣿⣿⣿⡿⠋⠀⠀⠀⠀⠀⠀⠀⠀⠀⠀⠀⠀⠀⠀⠀⠀⠛⠿⣿⣿⣿⣿⣿
⣿⣿⣿⠁⠀⠀⠀⠀⠀⠀⠀⠀⠀⠀⠀⠀⠀⠀⠀⠀⠀⠀⠀⠀⠙⢿⣿⣿
⣿⣿⣿⡀⠀⠀⠀⠀⠀⠀⠀⠀⠀⠀⠀⠀⠀⠀⠀⠀⠀⠀⠀⠀⠀⠀⢹⣿
⣿⣿⣿⣿⡄⠀⠀⠀⠀⠀⠀⠀⠀⠀⠀⠈⠁⠀⠀⠀⠀⠀⠈⠀⠀⠀⢸⣿
⣿⣿⣿⣿⠇⠀⠀⠀⠀⠀⠀⠀⠀⠀⠀⠀⠀⠀⠀⠀⠀⠀⠀⠀⠀⠀⣾⣿
⣿⣿⣿⠏⠀⠀⠀⠀⠀⠀⠀⠀⠀⠀⠀⠀⠀⠀⠀⠀⠀⠀⠀⠀⠀⠀⣼⣿
⣿⣿⣇⣤⣤⣤⣤⣴⣆⣒⣦⣤⣀⡀⠀⠀⠀⠀⠀⠀⠀⠀⠀⠀⣠⣾⣿⣿
⣿⣿⣿⣿⣿⣿⣿⣿⣿⣿⣿⣿⣿⣿⣿⣶⣶⣤⣤⣤⣾⣤⣴⣾⣿⣿⣿⣿
⠀⢲⡖⣶⢻⡍⡏⢹⠏⡟⣓⢲⡖
⠀⢸⡇⠿⢸⣇⣀⣆⣰⣇⠿⢹⡇
⠐⢾⠿⠛⠛⠛⠛⠛⠛⠛⠛⠿⡷⠂
⠀⠀⢤⡤⠤⣤⠽⢿⠉⢻⡏⠉⣿⠉⣹⠿⠤⠤⢤⡤
⠀⠀⢸⡇⠀⣿⠀⢸⣇⠘⠀⡄⠉⠀⡇⠀⣿⠷⢼⡇
⠀⠀⣸⣧⣀⣉⣤⣾⣿⣤⣴⣷⣤⣼⣷⣤⣍⣁⣸⣇
⠈⠛⠿⡿⠛⠛⠛⠉⠉⠉⠉⠉⠉⠉⠉⠛⠛⠻⠿⠿⠛⠁
⠀⠀⢤⣤⣤⣤⣤⣬⣿⢿⡙⠙⣿⠟⠛⢿⡟⠙⣹⣿⣧⣤⣤⣤⣤⡄
⠀⠀⠀⢹⡇⠀⢸⣿⠀⢸⣧⠀⠻⠀⠀⠸⠇⢀⡏⠀⣶⣶⣄⣸⡏
⠀⠀⠀⢸⡇⠀⢸⡿⠀⢸⣿⡄⠀⢀⣧⠀⠀⣸⡇⠀⠿⣷⠀⢹⡇
⠀⣀⣠⣼⣷⢶⣶⣶⣶⣿⣿⣿⣿⣿⣿⣿⣿⣿⣿⣷⣶⣶⣦⢼⣧⣄⣀
⠀⠉⠛⠿⠟⠛⠉⠉⠉⠉⠉⠉⠀⠀⠀⠀⠈⠉⠉⠉⠉⠉⠛⠻⠿⠛⠉
⠀⠀⣿⣿⣤⣿⣿⣴⣿⠇
⠀⠠⠿⠿⠟⠹⠿⠟⠁
⠀⠀⠀⢻⣿⣿⡇⢠⣿⣿⣿⢀⣼⣿⣿⠆
⠀⠀⠀⢸⣿⣿⣷⣿⣿⣿⣿⣾⣿⣿⠋
⠀⠀⠀⣿⣿⣿⣿⡟⢹⣿⣿⣿⣿⠃
⠀⠀⠐⠛⠛⠛⠋⠀⠈⠉⠉⠉⠁
⠀⠀⠀⠈⢿⣿⣿⣿⡆⢠⣾⣿⣿⣿⠀⣴⣿⣿⣿⡆
⠀⠀⠀⠀⣼⣿⣿⣿⣷⣿⣿⣿⣿⣿⣾⣿⣿⡿⠋
⠀⠀⠀⢀⣿⣿⣿⣿⣿⡿⠉⣿⣿⣿⣿⣿⡟⠁
⠀⠀⠀⠘⠛⠛⠛⠛⠋⠀⠀⠉⠉⠉⠉⠉
⣿⣿⣠⣿⣿⣠⣾⠟⠉⣽⣿⠛⠉⠁
⣿⣿⠏⢹⣿⡟⠁⣠⣾⠟⠁
⣿⣿⣿⠀⣰⣿⣿⣿⠀⣠⣿⣿⠟⠛⢛⣿⣿⣿⠛⠛⠛⠃
⣿⣿⣿⣾⡿⢿⣿⣿⣾⣿⠟⠁⠀⣴⣿⣿⠟⠁
⣿⣿⣿⠟⠁⢸⣿⣿⡟⠁⠀⣠⣾⣿⡟⠁
⣿⣿⣿⣿⠀⢀⣾⣿⣿⣿⡇⠀⣴⣿⣿⡿⠿⠿⠿⣿⣿⣿⣿⠿⠿⠿⠿⠋
⣿⣿⣿⣟⣴⣿⣿⣿⣿⣿⣁⣾⣿⣿⠟⠀⠀⢠⣾⣿⣿⡿⠃
⣿⣿⣿⣿⣿⡿⠉⣿⣿⣿⣿⣿⠟⠁⠀⢀⣴⣿⣿⣿⠋
⣿⣿⣿⡿⠋⠀⠀⣿⣿⣿⡿⠃⠀⠀⣠⣾⣿⣿⠟⠁
⠿⠿⢿⣷⣄⣀⣴⣦⣄⣠⣾⡿⠿⠿
⠀⠀⠀⠙⢿⣿⠟⡻⣿⡿⢋⣀⣀⣀
⠀⠀⠀⠀⠀⠑⢾⣿⣮⣴⣿⠟⠛⠛
⠀⠀⠀⠀⠀⠀⠀⠙⢿⡟⠁
⠿⠿⠿⣿⣿⣦⣄⠀⠀⣠⣶⣶⣄⠀⠀⣠⣴⣿⣿⠿⠿⠿
⠀⠀⠀⠈⠙⢿⣿⣿⣿⣿⡿⢿⣿⣿⣿⣿⡿⠋⠁
⠀⠀⠀⠀⠀⠀⠈⠻⠟⣉⣴⣦⣉⠻⠟⣉⣴⣶⣶⣶⣶⣶
⠀⠀⠀⠀⠀⠀⠀⠀⠀⠙⠿⣿⣿⣷⣾⣿⣿⠟⠁
⠀⠀⠀⠀⠀⠀⠀⠀⠀⠀⠀⠈⠛⢿⡿⠋
⣿⣿⣿⣿⣿⣿⣶⣄⠀⠀⠀⠀⣠⣶⣶⣄⠀⠀⠀⠀⣠⣶⣿⣿⣿⣿⣿⣿
⠉⠉⠉⠉⠻⢿⣿⣿⣿⣦⣤⣾⣿⣿⣿⣿⣷⣦⣴⣿⣿⣿⡿⠟⠉⠉⠉⠉
⠀⠀⠀⠀⠀⠀⠙⢿⣿⣿⣿⣿⣿⠟⠻⣿⣿⣿⣿⣿⡿⠋
⠀⠀⠀⠀⠀⠀⠀⠀⠈⠻⠿⠋⣠⣴⣶⣄⠙⠿⠟⢁⣤⣶⣿⣿⣿⣿⣿⣿
⠀⠀⠀⠀⠀⠀⠀⠀⠀⠀⠀⠘⢿⣿⣿⣿⣷⣦⣴⣿⣿⣿⡿⠋⠉⠉⠉⠉
⠀⠀⠀⠀⠀⠀⠀⠀⠀⠀⠀⠀⠀⠙⠻⣿⣿⣿⣿⣿⡿⠋
⠀⠀⠀⠀⠀⠀⠀⠀⠀⠀⠀⠀⠀⠀⠀⠈⠻⢿⡿⠋
⠀⠀⠀⢠⠠⣄⠀⠀⣠⢒⣉⠍⠒⠒
⢏⡉⠁⠚⠢⢠⣖⣿⣿⣯⣽⡿⣦⡀
⠀⢈⠾⢫⡯⣍⣽⣿⣿⣿⣶⢶⣚⠁
⠀⠀⢁⡭⣿⣿⣿⣿⣿⡤⣌⠲⠼
⠴⣀⣛⠉⠟⠻⠿⠿⣿⣻⣛⡃⠄⠄
⠀⠀⠀⠀⠀⢀⡤⢀⡀⠀⠀⠀⠀⢀⡤⠖⢚⣋⠭⠤⠶⠒
⡤⠤⠤⠤⢄⣸⡄⠀⠉⢢⣀⣴⣶⣿⣒⠶⣿⣶⣦⡄
⠙⢤⡀⠀⢀⣀⣉⣑⣲⣏⣴⢽⢿⣾⣿⣷⠶⠶⠙⠿⣦
⠀⠀⢀⡽⠸⠧⡶⢤⣍⣈⣽⣿⣿⣽⣿⠶⣶⣶⣖⡚⠁
⠀⠀⠈⠓⠤⢖⣩⣖⢿⣿⣿⣿⣽⣛⣉⡉⠙⣅⣆⢌⡧
⠀⠀⠀⢠⣴⣍⣤⣽⣛⣛⣛⣛⣫⣽⣧⣝⣳⢄⡍⠉
⠸⠭⣁⣉⠭⠤⠝⠈⠙⠻⠿⠿⠿⢯⣌⡿⡉⢍⣐⣂⠰
⠀⠀⠀⠀⠀⠀⠀⢀⣀⡀⠀⠀⠀⠀⠀⠀⠀⠀⣀⠤⠖⠚⢛⣋⣥⠤⠤⠶
⠀⠀⠀⠀⠀⠀⠀⣏⠀⠈⠑⢄⠀⠀⢀⣀⠴⠮⣅⣠⣴⣊⣉⣀
⢯⠉⠉⠉⠉⠉⠒⠺⠦⣀⠀⢀⡵⠖⢻⣾⣛⣻⣶⣄⠉⠓⠻⣾⡧⣄
⠀⠑⠦⣀⠀⢠⣤⠤⠤⠤⣍⣻⣄⣿⣲⡛⣿⣿⡿⠿⠟⠛⠋⠀⠙⢊⡇
⠀⠀⠀⠀⣽⡙⠯⢥⣦⣤⣄⠀⣀⣿⣿⢿⣯⣽⣿⡿⠶⣶⢶⣖⡚⠉
⠀⠀⠀⠘⠦⣀⣠⠬⢃⠤⣿⣿⣿⣻⣷⣟⡿⠾⠛⠓⠚⢿⠩⡌⢉⠳⡄
⠀⠀⠀⠀⠀⢀⡤⠖⠙⢷⣮⣭⣿⣿⣿⣿⠿⣻⡟⠒⣦⡈⠛⠷⠵⠚
⠀⣀⣀⠀⣰⣭⡗⢒⣛⢿⣯⣭⣭⣭⣴⣶⣾⡿⢿⠧⣤⣟⣭⠂
⠘⠦⢤⣁⣠⠤⠤⠴⠛⠀⠈⠙⠛⠛⠛⠻⠿⢦⣄⡹⠥⠤⢄⣉⣉⠭⠝
⠀⠀⠈⠻⡝⢧⣿⣝⢧⢿⡟⠁
⢀⣀⣤⣤⣝⣒⣣⣘⣳⣯⣤⣤⣀
⠀⠀⠀⠀⠻⣿⡉⢿⡇⢸⡿⡙⣿⠃⣿⠏⣽⠟
⠀⠀⠀⠀⠀⠘⣿⡌⢿⢟⣼⣷⡈⢷⢏⣾⠋
⠀⠀⠀⠀⠀⠀⠘⢿⣤⡾⠃⠘⢿⣤⡾⠃
⢀⣠⣤⣶⣾⣷⣶⣶⣴⣶⣶⣶⣴⣶⣶⣾⣿⣷⣶⣤⣀⡀
⠀⠀⠀⠀⠀⠿⢿⣏⠉⢿⡿⠀⣿⡿⠛⣿⡿⠐⣿⡿⢩⣿⠿
⠀⠀⠀⠀⠀⠀⠈⢿⣧⠈⣿⣴⡟⣱⣧⡈⢿⣴⡿⣱⣿⠃
⠀⠀⠀⠀⠀⠀⠀⠈⢿⣧⠘⢏⣼⡟⠻⣷⡌⠛⣰⡿⠁
⠀⠀⠀⠀⠀⠀⠀⠀⠈⠻⠷⠿⠏⠀⠀⠙⠿⠾⠟⠁⣀⣀
⢀⣠⣤⣶⣾⣿⣿⣿⣿⣶⣶⣾⣿⣿⣷⣶⣶⣿⣿⣿⣿⣿⣿⣷⣶⣤⣀⡀
⣄⢰⡆⠰⢁⢾⢡⠀⡊⢻⢀⠆⡆⢠
⠈⠦⠘⠂⣪⣾⣶⣿⣶⣯⣂⠁⠡⠂
⠀⠀⠀⠘⢿⠿⠟⠻⠿⠿⠉
⣠⠤⢰⣴⠒⢲⡎⢉⣽⠋⢩⠍⠩⠍⠺⣏⠀⡶⠠⡆⠤⣄
⠉⢣⠈⠃⣴⣀⣁⠾⣼⣤⣘⣲⣶⣋⣵⠧⣀⠣⠤⠇⢀⡏
⠀⠀⠉⠉⠀⢀⣴⣿⣿⣿⣿⣿⣿⣿⣿⣿⣦⠄⠉⠉⠉
⠀⠀⠀⠀⠀⠈⠛⡿⠟⠛⠛⠛⠻⠿⠿⠛
⣀⣀⠤⢤⣤⠖⠲⣴⡎⠉⣩⡗⠋⣩⠭⠭⣍⣙⣲⣏⠒⢒⡆⠀⡤⠤⢄⣀
⠛⢦⡀⠹⠏⢠⡀⠙⠁⣸⠃⣇⠀⠻⢤⣤⠴⠒⢢⣿⠀⢸⣇⠀⣿⠀⢰⡟
⠀⠈⢳⠤⠤⠏⠓⠒⢚⣡⣿⣿⣿⣿⣾⣿⣿⣾⣷⣬⡑⠒⠤⠭⠭⠤⠜⠃
⠀⠀⠀⠀⠀⠀⠀⣾⣿⣿⣿⣿⣿⣿⣿⣿⣿⣿⣿⣿⡿⠟
⠀⠀⠀⠀⠀⠀⠀⠐⠋⠿⠟⠛⠛⠉⠉⠛⠻⠷⠟⠛⠁
⠠⢤⣤⣬⣭⣭⣴⣶⣾⣤⣤⣶⣦⣤
⠀⠀⠀⠀⠀⠉⠛⠻⢿⣿⣦⡬⠋⠁
⠀⠀⠀⠀⠉⠉⠛⠛⠲⠤⢤⣭⣈⣙⡀⠀⠀⣢⣤⣄⡀
⠈⠓⠶⣶⣿⣿⣿⣿⣿⣿⣿⣿⣿⣿⣿⣿⣿⣿⣿⣿⣿⣷
⠀⠀⠀⠀⠀⠀⠀⠉⠛⠿⣿⣿⣿⣿⣿⣧⣀⣀⡛⡿⠛⠁
⠀⠀⠀⠀⠀⠀⠀⠀⠀⠀⠀⠉⠛⠻⣿⣿⣿⠿⠉
⠀⠀⠀⠀⠈⠉⠉⠛⠛⠻⠯⠭⣭⣍⣉⣉⠉⠫⠁⢐⣒⡂⢤⣀⣀
⠠⢤⣤⣤⣤⣤⣤⣴⣶⣶⣶⣶⣶⣾⣿⣿⣿⣿⣷⣶⣶⣶⣿⣿⣿⣿⣷⣆
⠀⠀⠈⠙⠛⠛⠛⠛⠛⢿⣿⣿⣿⣿⣿⣿⣿⣿⣿⣿⠛⠛⢻⣿⣿⣿⣿⠟
⠀⠀⠀⠀⠀⠀⠀⠀⠀⠀⠈⠉⠻⢿⣿⣿⣿⣿⣿⣿⣶⣤⣤⣄⡸⠁
⠀⠀⠀⠀⠀⠀⠀⠀⠀⠀⠀⠀⠀⠀⠀⠉⠛⠻⣿⣿⣿⡿⠿⠁
⠀⠀⠀⠀⡜⢠⣄⣤⡤⢠⠃
⠀⠀⠀⠀⠣⣉⠉⠉⠄⠃
⣶⣴⡴⢠⣶⢆⣆⢠⣦⢆⣶⢆⣶⡶
⠀⠀⠀⠀⠀⠀⢈⡏⠉⣉⢉⣉⠉⣉⠉⣹⠃
⠀⠀⠀⠀⠀⠀⣞⠀⠺⠿⠛⠿⠛⢁⡰⠃
⠀⠀⠀⠀⠀⠀⠈⠑⠢⠤⠄⠒⠊⠁
⣾⣶⣾⣶⠞⣰⣞⣿⢇⣾⣇⡀⣾⣦⠞⣰⣷⡚⢁⣾⣾⡗
⠀⠀⠀⠀⠀⠀⠀⠀⢈⡟⠉⢉⣉⠉⣉⡉⢉⣉⠉⢉⡟
⠀⠀⠀⠀⠀⠀⠀⠀⡼⠀⢠⣾⣯⣾⣿⣵⠟⠋⢀⡞
⠀⠀⠀⠀⠀⠀⠀⠈⠳⣄⡀⠀⠀⠀⠀⣀⡠⠔⠋
⠀⠀⠀⠀⠀⠀⠀⠀⠀⠀⠉⠉⠂⠉⠁
⣿⣯⠞⣿⣴⠟⢡⣾⣋⣿⠏⣰⣿⣁⡀⢸⣿⣼⠋⣠⣿⣛⡋⢡⣿⣻⣿⠍
⢤⣶⣿⡶⠟⠉⡽⣯⣝⡛⣶⣀
⠰⣏⣥⠖⣿⢻⡟⣙⣻⣿⣿⣿⣷⣄
⠐⠛⣿⣶⣤⣤⣿⣥⣬⣭⠖⠖⠛⠁
⡄⣤⣤⣠⢨⣭⡍⣭⣤⣤⣠⣄⡄⣤
⠀⣀⡤⢒⣶⢤⣖⠒⠚⠛⢚⣛⠙⠛⠿⢶⣦
⠸⢴⣾⣏⠛⠀⠙⠀⠀⣀⣋⠸⣿⠢⣄⣠⣙⣷⣦
⠀⢾⡁⢀⣠⠴⢚⡵⠋⣱⡏⠙⠒⢤⡼⣏⣩⣻⣏⣱⣦
⠀⣺⣿⣿⣅⠀⠈⠁⠀⢿⡦⠖⠋⢩⠴⠖⠒⠒⠒⣶⢶⠃
⠀⠉⠙⣿⣿⣷⣦⣤⣤⣼⣷⣦⣤⣤⣤⡴⠛⠒⠒⠋⠁
⠀⠀⠀⠉⠀⠈⠙⠿⠟⠛⠛⠿⠏⠉⠉⠁
⣶⠀⣖⢰⢶⠐⡆⣶⣖⣶⡀⣶⡆⣶⡆⣶⢰⣖⢰⣶⢰⣶
⠀⢀⣀⡤⠖⣲⣤⣤⡶⠒⠒⠚⠓⠒⠒⠙⠛⠻⠿⣶⣶⡄
⠰⣭⠭⣶⡟⠿⠇⠈⠛⠀⠀⠀⠐⠋⢹⣟⡦⣄⡀⢀⡙⠓⡲⢤
⠀⢰⡞⠉⠉⠁⣀⣤⠴⣖⡴⠖⣫⠿⠢⢭⣑⡊⣹⡿⠟⠿⢿⡿⠶⣀⡀
⠀⢨⡳⣤⣴⡞⠉⠀⠸⠏⠀⢰⣿⣁⣀⣤⠤⠞⢓⣛⣉⣉⣉⣉⣉⣁⣓⡆
⠀⠬⠿⣳⣝⡷⣄⡀⠀⠀⠀⠀⢿⡏⠁⠀⠀⠘⠉⠉⣠⣤⠀⢀⣹⡭⠇
⠀⠀⠀⠨⣯⠿⢻⣿⣿⣷⣶⣾⣿⣿⣿⣶⣶⣶⣶⡟⠉⠈⠉⠉
⠀⠀⠀⠀⠀⠀⠀⠀⠈⠚⠛⠈⠉⠑⠻⠛⠀⠀⠀⠁
⣾⡀⢸⣇⢸⢿⡆⢹⠁⣿⢼⢐⣯⠀⡿⣗⢸⢶⡇⣿⡁⢾⣙⢰⡷⡃⣾⣿
⠀⣀⣤⣶⠲⠺⢻⠻⣛⢻⢻⣿⣷⠖
⣰⣿⣿⠿⠿⠿⠿⢿⣾⣶⣾⣿⠏
⠙⠻⢿⣿⣶⡶⠋⠀⠀⠈⠉⠁
⠀⠀⠀⣀⣤⣤⡶⢶⠾⡿⣿⢿⠿⡿⢿⡿⢿⣿⣿⣶⣶⠆
⢀⣴⣿⣿⣿⣿⣷⣤⣦⣤⣯⣴⣬⣿⣘⣃⣾⣿⣿⣿⠃
⣼⢿⣿⣟⣫⣉⣉⠉⠉⣉⡙⠛⠛⠻⠿⣿⣿⡿⠟⠁
⠈⠙⠛⠿⢿⣿⣿⣿⣿⠟⠁
⠀⠀⠀⠀⢀⣀⣤⣤⣴⣶⣶⣾⣿⣿⣿⣿⣿⣿⣿⣿⣿⣿⣿⣿⣶⣶⣶⠆
⠀⢀⣴⣾⣿⣿⣿⣿⣆⣘⣀⣘⣰⡗⢀⡁⠾⡇⠀⡇⢠⣿⣿⣿⣿⡿⠁
⠀⣿⣿⣿⣿⣿⠿⠿⠿⠿⠿⣿⣿⣿⣿⣿⣿⣿⣶⣶⣾⣿⣿⣿⡿⠁
⠺⣙⢿⣿⣦⣭⣶⣤⣤⣄⣀⣠⣤⡆⠀⠈⠉⠉⠛⠻⠿⡿⠟⠉
⠀⠈⠉⠙⠻⠿⣿⣿⣿⣿⣿⠟⠋
⠀⠀⠀⡀⠰⢀⣀⣬⢴⣦⣆⣄⡀
⢀⡐⣂⠤⠾⠏⠁⠴⠊⠉⠀⠉⠝⠐
⠀⠀⠀⠀⠀⠀⢀⣤⠤⠰⠖⢒⣒⣲⣶⣲⡖⢤⡀
⠀⠀⣀⣠⠽⠋⠐⣢⣴⡿⠟⠛⣋⠹⣿⣿⠛⠿⠿⣧⣄⡀
⠀⣠⣔⣩⡤⠶⠿⠟⠃⠀⠤⠾⠯⠤⠂⠀⠉⠁⠒⠶⠥⠏
⠀⠀⠀⠀⠀⠀⠀⠀⣀⣤⡤⠄⠶⠖⢲⣒⣒⣾⣦⣒⣶⠂⢤
⠀⠀⢀⣀⣠⠭⠟⠁⠐⣲⣤⣾⠿⠟⠛⢛⣉⠹⣿⣿⠟⠻⠿⠿⢷⣤⣄⡀
⠀⣠⣤⣒⣩⡤⠴⠾⠿⠟⠋⠀⠠⠴⠾⠯⠥⠴⠂⠀⠈⠉⠀⠓⠲⠬⠴⠋
⠀⢀⣤⢰⣰⣦⣃⣫⣵⣆⡖⢤⡀
⣰⢧⡟⣿⠳⣾⢿⡿⣷⠞⣿⢳⡿⣆
⠹⣾⣧⡻⢶⣽⣿⣿⣯⡶⢟⣼⣷⠏
⠀⠈⠓⠯⢷⣿⣻⣟⣿⡾⠿⠚⠁
⠀⠀⠀⠀⣀⣤⠔⢶⣆⣐⣏⣾⣐⣲⡶⢂⡤⣀
⠀⣠⢖⣭⣣⣶⣿⢟⣛⣷⣶⣶⣾⣛⡻⣿⢶⣌⠽⣢⣄
⢰⡓⢆⡟⠀⣟⠁⠚⢿⠛⢿⡿⠛⡿⠓⠈⣻⠀⢻⡕⢺⡆
⠸⣶⣾⣧⠰⣟⡶⣤⣹⣿⣿⣿⣿⣏⣤⢖⣻⠆⣼⣷⣴⠇
⠀⠙⠿⣿⣛⡦⣍⣓⠯⣭⣛⣛⣭⠵⣚⡩⢴⣛⣿⠿⠋
⠀⠀⠀⠈⠙⠓⠯⠾⣭⣏⣽⣏⣽⡭⠷⠽⠚⠋⠁
⠀⠀⠀⠀⠀⢀⣀⡠⠤⢶⣖⢒⢲⡀⢰⣀⡒⣲⣶⠄⢤⣀⡀
⠀⠀⣀⠴⣚⠷⣠⢽⣶⡾⠿⢗⣦⣤⣤⣴⡺⠿⢵⣶⡯⣤⠙⣓⠦⡀
⠀⡼⣁⢐⡾⠋⢹⡟⠋⢴⣺⣿⢿⣿⣿⡿⣿⣗⡤⠙⢫⡋⠙⢦⠚⣛⣦
⢸⡇⠂⣸⡇⠀⣸⣆⡀⠀⢰⣧⣌⣽⣯⣡⣼⡆⠀⢀⣰⣇⠀⢸⡇⠴⢺⡇
⠈⢿⣿⣿⣷⣌⠓⠮⣝⡲⠦⣿⣿⣛⣛⣯⡿⠴⢞⣫⠴⠊⣠⣿⣿⣿⡟
⠀⠀⠙⠻⣟⣉⡽⠲⣦⢍⣙⣲⣦⣍⣩⣴⣖⣋⡩⡴⠒⣯⣍⡿⠟⠋
⠀⠀⠀⠀⠀⠈⠙⠚⠳⠾⠬⢾⣥⣿⣇⣭⡷⠤⠵⠞⠛⠋⠁
⠀⠀⠀⠀⢀⣤⣤⣶⢶⠖⢷⣄⡀
⠀⢀⣠⣽⣟⣩⣾⣡⣿⣗⣶⣦⠼⠖
⠀⠀⠉⢷⡵⠼⠷⠾⠾⠾⠿⠿⠟
⠀⠀⠀⠀⠀⠀⠀⠀⣀⣀⣤⡤⣤⣤⠴⠲⣧⠄⡀
⠀⠀⠀⠀⠠⢤⣶⣾⠿⣫⣽⠟⢉⣾⣧⣀⣈⣛⠊⠓⣤⣄
⠀⠀⠠⠶⣾⡿⢿⢶⢲⣿⠷⢲⣶⠲⠷⢮⡭⣬⣷⣋⡉
⠀⠀⠀⠀⠈⠻⠦⠼⠶⠛⠚⠚⠛⠛⠛⠛⠒⠓⠿⠟⠁
⠀⠀⠀⠀⠀⠀⠀⠀⠀⠀⠀⠀⣀⣠⣤⣤⣤⣤⣠⠖⣶⣤
⠀⠀⠀⠀⠀⢀⣀⣀⣠⣬⣿⡿⠛⣻⡷⠞⢋⣴⣂⠀⠈⠓⠶⠝⠦⣀
⠀⠀⠀⠀⢀⣠⣬⣽⣿⢛⣉⣠⣿⣏⣀⣀⣚⠹⡟⠳⠶⠖⠳⣄⡤⢴⠿⠃
⠀⠀⠀⠉⠛⢿⣯⡉⠯⢙⠏⣿⡍⢙⠉⣿⠉⡙⣋⢹⡟⢳⡖⣾⣥⣤
⠀⠀⠀⠀⠀⠀⠙⠿⠶⠾⠒⠛⠛⠛⠛⠛⠛⠛⠛⠛⠛⠚⠓⠛⠛⠁
⠀⠀⢀⣀⣀⢀⣀⣠⣼⣷⣾⡀
⠶⢿⣿⣿⣿⣿⣿⣿⣿⣿⣿⣴⣤⠤
⠀⠾⢿⣿⠿⠿⠟⠛⠛⠛⠛⠛⠋
⠀⠀⠀⠀⠀⠀⠀⠀⠀⠀⠀⢀⣠⣾⣷⣶⣾⡇
⣠⣤⣶⣶⣿⣿⣷⣿⣾⣿⣿⣿⣿⣿⣿⣿⣿⣃⣀⠀⣀
⠉⠉⣽⣿⣿⣿⣿⣿⣿⣿⣿⣿⣿⣿⣿⣿⣿⣿⣿⣿⡟⠋
⠀⠘⠻⠿⣿⣿⠿⠿⠟⠛⠛⠛⠛⠋⠉⠉⠉⠉⠉⠉
⠀⠀⠀⠀⠀⠀⠀⠀⠀⠀⠀⠀⠀⠀⠀⢀⣠⣾⣷⣤⣴⣾⠂
⠀⢀⣀⣤⣤⣴⣶⣶⣦⣶⣠⣾⣶⣤⣾⣿⣿⣿⣿⣿⣿⡿⠇
⠾⠿⠿⢿⣿⣿⣿⣿⣿⣿⣿⣿⣿⣿⣿⣿⣿⣿⣿⣿⣿⣷⣶⣶⣦⣶⣶⣦
⠀⠀⣰⣿⣿⣿⣿⣿⣿⣿⣿⣿⣯⣾⣿⣿⣿⣿⣿⣿⣿⣿⣿⣿⣿⣿⠉
⠀⠀⠛⠛⠿⢿⣿⡿⠿⠿⠛⠛⠛⠋⠉⠉⠉⠉⠉⠉⠉⠉⠉⠉⠁
⠙⣿⣿⡅⠀⢴⣴⣦⡀⠀⢨⣿⣿⠋
⠀⠘⣿⣷⣾⣿⠉⠿⣿⢿⣿⣿⠃
⠀⠀⠘⣼⣿⡿⠉⠉⢿⣿⣿⠃
⠙⡝⣿⣿⢹⠀⠀⠀⣠⣀⡤⢤⠀⠀⠀⠀⠀⡏⣿⣿⢫⠋
⠀⠘⡜⣿⣯⢧⠀⣀⣼⣿⣿⣷⣷⣤⣄⡀⡜⣽⣿⢣⠃
⠀⠀⠘⡜⣿⢣⣿⣿⣿⡭⠐⠿⠿⠿⣿⣿⢿⣿⢣⠃
⠀⠀⠀⠘⡔⢹⣿⠿⡿⣷⠲⠶⣖⢿⣆⣽⣿⢣⠃
⠀⠀⠀⠀⠘⣼⣿⣟⡕⠁⠀⠀⠈⢮⣻⣿⣣⠃
⠙⢍⢿⣿⣿⢹⡃⠀⠀⠀⢀⣄⠀⡤⢤⠀⠀⠀⠀⠀⠀⢸⡏⣿⣿⡿⡹⠋
⠀⠈⢦⢻⣿⣧⢳⡀⠀⠀⢘⣿⣿⣶⣧⣵⣀⣀⠀⠀⢀⡞⣼⣿⡿⡱⠁
⠀⠀⠈⢧⢻⣿⣧⢣⣴⣾⣿⠿⠯⢉⣿⣿⣿⣿⣿⣷⣮⣼⣿⡟⡵⠁
⠀⠀⠀⠈⢧⢻⠣⣿⣿⣿⣿⣷⡋⠈⠉⢉⣉⣽⠛⠿⣣⣿⡟⡼⠁
⠀⠀⠀⠀⠈⢧⠃⣿⡿⣛⣿⢋⠏⠙⠋⠹⡉⣻⣧⣾⣿⡟⡼⠁
⠀⠀⠀⠀⠀⠈⢧⣲⣿⣟⡱⠃⠀⠀⠀⠀⠙⢎⣿⣿⣟⡜⠁
⢠⣶⡀⠀⠀⠀⠀⣀⡀
⠈⢻⣿⡖⠀⠚⠛⠉⠁
⠀⠀⠀⠉⠳⠤⠤⠤⠶⠄
⠀⣰⣄
⠀⣿⣿⣷⣄⠀⠀⠀⠀⣀⣠⣴⣶⡄
⠀⠈⣻⣿⣿⠶⠖⠀⠚⠻⠛⠂⠈⠁
⠀⠀⠉⠉⠛⠿⣦⡀⠀⠀⠀⠈⠀⣀
⠀⠀⠀⠀⠀⠀⠈⠛⠛⠓⠚⠛⠓⠛⠳
⠀⠠⣤⡀
⠀⢼⣿⣿⣦⡀⠀⠀⠀⠀⠀⠀⠀⠀⢠⣤⣀
⠀⠘⠿⣿⣿⣿⣄⣀⣀⠀⣠⣾⣿⣿⡏⠙⠿⠁
⠀⠀⠠⢿⣿⣿⣯⣉⠀⠀⠀⠈⠉⠀⠠⠄⠀⠀⠀⠀⠀⠀⠀⠀⠀⠄
⠀⠀⠀⠀⠀⠈⠙⠻⣷⣄⣀⠀⠀⠀⠀⠀⠤⣤⡀
⠀⠀⠀⠀⠀⠀⠀⠀⠈⠙⠛⠛⠛⠛⠛⠛⠛⠛⠓
⢀⣀⣀⣀⡀⠀⣀⡀⠀⠀⣀⣀⣀⡀
⠉⠙⢿⣯⣁⣼⠏⠠⣷⡈⣽⡿⠋⠉
⠀⠀⠀⠙⠛⠓⠀⠀⠘⠛⠛
⠰⠶⠶⣶⣶⡶⠶⠀⢠⣶⡖⠒⣠⣄⠀⠶⢶⣶⣶⡶⠶⠆
⠀⠀⠀⠈⠻⣿⣦⣴⣿⠛⡁⠀⠙⣿⣦⣴⣿⡿⠋
⠀⠀⠀⠀⠀⠈⠛⠛⠋⠀⠀⠀⠀⠘⠛⠛⠋
⢠⣤⣤⣤⣤⣤⣤⣤⣤⠀⠀⢀⣤⡤⠠⠀⡀⠀⠀⢠⣤⣤⣤⣤⣤⣤⣤⡄
⠈⠉⠉⠉⠻⣿⣿⣌⠉⢀⣴⣿⣿⠅⠀⢼⣿⣦⡀⠈⣩⣿⣿⡿⠋⠉⠉
⠀⠀⠀⠀⠀⠈⢻⣿⣷⣾⣿⡍⠠⠂⠀⠀⠘⣿⣿⣶⣿⡿⠋
⠀⠀⠀⠀⠀⠀⠀⠉⠉⠉⠉⠀⠉⠀⠀⠀⠀⢉⡉⠉⠉
⠀⠀⢀⣶⣶⣶⣶⣶⣶⣶⣶⣶⣶⠂
⢀⣤⣼⣿⣿⣿⣿⣿⣿⣿⣿⣿⡥
⠩⠍⣽⣿⣟⢋⣭⣤⡤⠄⠈⠍⠁
⠀⠀⠀⠀⢀⣤⣤⣤⣤⣤⣤⣤⣤⣤⣤⣤⣤⣤⣤⣤⡤
⠀⠀⣀⣀⣻⣿⣿⣿⣿⣻⣿⣿⡿⣿⣟⣿⣿⣿⣿⣛⠁
⢀⣾⣿⣿⣿⣿⣿⣿⣿⡿⠿⠛⠿⠟⠛⠿⢿⣿⣿⡞⠁
⠒⠒⠒⢲⣿⣶⣮⣭⠉⣤⣤⣤⣤⠶⠀⠀⠀⠐⠂
⠀⠀⠀⠀⠀⠀⣀⣀⣁⣀⣀⣀⣀⣀⣀⣀⣀⣀⣁⣀⣈⣀⣀⣀⣁⣀⣈
⠀⠀⠀⠀⠀⣰⣿⣿⣿⣿⣿⣿⣿⣿⣿⣿⣿⣿⣿⣿⣿⣿⣿⣿⣿⡿⠃
⠀⠀⢀⣀⣈⣹⣿⣿⣿⣿⣿⣯⣽⣿⣿⣿⢿⣿⣯⣿⣿⣿⣿⣿⣉⣁
⠀⣸⣷⣿⢿⢿⣿⣿⢿⡿⡿⣿⣟⣮⣿⣽⣿⣿⣿⣿⣿⣿⣿⡿⣧⠞⠁
⠘⠛⠛⠛⢉⠿⠿⠿⢟⣿⡿⡋⠉⠁⠀⠐⢀⡀⠀⠀⠈⠛⡉⠛⠛
⠉⠉⠉⠉⢹⣿⣿⣿⣧⡶⠒⢲⣶⣶⣶⣶⡶⠚⠓⠒⠒⠒⠊⠁
⠀⠀⠀⠀⠳⣤⣤⣄⣀⣀⣀
⢀⣠⣾⣿⣿⣿⣿⣿⣿⣿⣿⣿⣆
⠠⠾⠿⠿⣿⣿⣿⠿⢿⠟⠶⠶⠬⢵
⠀⠀⠀⠀⠀⠀⠻⣦⣤⣀⣀⣀⣀
⠀⠀⠀⣀⣴⣶⣶⣾⣿⣿⣿⣿⣿⣿⣿⣿⣾⣶⣤⡀
⠠⠴⢿⣿⣿⣿⣿⣿⣿⣿⣿⣿⣿⣿⣿⡷⠿⠿⠿⠿⢄⡀
⠀⠖⠛⠛⠿⠿⠿⣿⣿⣿⣿⠿⠿⢿⠛⠛⠛⠿⠷⠶⠶⡽
⠀⠀⠀⠀⠀⠀⠀⠐⣷⣤⣄⣀⡀
⠀⠀⠀⠀⠀⢀⣠⣤⣄⣉⣿⣿⣿⣿⣿⣿⣿⣶⣶⣶⣤⣤⣄⣀
⠀⠀⣀⣤⣾⣿⣿⣿⣿⣿⣿⣿⣿⣿⣿⣿⣿⣿⣿⣿⣻⣿⣿⣿⣷⡄
⠐⠛⢛⣻⣿⣿⣿⣿⣿⣿⣿⣿⣿⣿⣿⣿⣿⣿⣿⣛⣉⣉⣉⡛⠛⠓⠦⣄
⠀⠒⠛⠛⠛⠛⠿⠿⠿⣿⣿⣿⣿⡿⠿⠿⠿⠿⠋⠉⠛⠓⠒⠛⠛⠛⠶⡿
⠀⠀⣤⣴⣶⣶⣿⣿⣿⣿⣿⣦⣤⣄
⠺⠛⠿⠿⠿⢿⣿⣿⣿⣿⣿⣿⠏
⠀⠀⠀⠀⠀⠀⠻⣿⣿⣿⠿⠁
⠀⠀⠀⢀⣀⣠⣤⣤⣴⣶⣿⣿⣿⣿⣿⣿⣿⣶⣀
⠀⣀⣤⣽⣿⣿⣿⣿⣿⣿⣿⣿⣿⣿⣿⣿⣿⣿⣿⣿⡿⠗
⠺⡟⠻⠿⢿⣿⣿⣿⣿⣿⡿⣿⣿⣿⣿⣿⣿⣿⣿⡇
⠀⠀⠀⠀⠀⠀⠀⠀⠈⢻⣿⣿⣿⣿⣿⣿⣯⡟⠉
⠀⠀⠀⠀⠀⠀⠀⠀⠀⠈⠛⢿⣿⣿⣿⣯⠟⠁
⠀⠀⠀⠀⠀⢀⣀⣀⣠⣤⣤⣶⣶⣿⣿⣿⣿⣿⣿⣿⣿⣶⣦⡀
⠀⠀⠀⢀⣺⣿⣿⣿⣿⣿⣿⣿⣿⣿⣿⣿⣿⣿⣿⣿⣿⣿⣿⣿⣿⣶⣶⡦
⣤⣾⣿⣿⣿⣿⣿⣿⣿⣿⣿⣿⣿⣿⣿⣿⣿⣿⣿⣿⣿⣿⣿⣿⣿⠋⠁
⠈⠛⠀⠉⠉⠛⠛⠛⠛⠛⠻⣿⣿⣝⢿⣿⣿⣿⣿⣿⣿⣿⣹⡿⠇
⠀⠀⠀⠀⠀⠀⠀⠀⠀⠀⠀⠀⣿⣿⣿⣿⣷⣿⣿⣿⣿⣿⡏
⠀⠀⠀⠀⠀⠀⠀⠀⠀⠀⠀⠀⠈⠛⠿⣿⣿⣿⣿⣿⠷⠋
⠤⣴⣾⣿⣿⣿⣿⣿⣶⣶⣶⣶⡆
⠀⠐⢜⣿⡿⠿⠿⠿⠿⣿⣿⠶⠤⠄
⠀⠀⠀⠙⠄
⣀⣀⣤⣶⢶⣿⡿⣿⣿⣿⢿⡶⣶⡶⣤⣤⣤⣤⣤⡄
⠈⠻⡝⢿⣿⣿⣿⣿⣻⣏⣳⣟⣿⣾⣿⣿⣿⠿⠿⠧
⠀⠀⠈⢦⡹⣿⣿⣿⡿⠿⠿⠾⢯⣿⣿⣿⣿⣷⣶⣀⣀⣀
⠀⠀⠀⠀⠑⢿⠋⠀⠀⠀⠀⠀⠀⠀⠈⠉⠉⠁
⠀⠀⠀⠀⠀⠈⠣⡀
⢀⡀⢀⣤⣴⣶⣾⣿⡿⣿⡿⣿⣿⣿⡶⣶⣶⣤⣤⣤⣤⣤⣤⣤⣄
⠉⠻⡟⢿⣿⣷⣿⣽⡷⣝⠇⣿⡟⣮⡻⢸⡏⣶⣿⣿⣿⣿⣿⣿⣧⡀
⠀⠀⠈⢢⡙⢿⣿⣿⣿⣮⣿⣿⣏⣯⣻⣾⢷⣿⣿⣿⣿⣧⣤⣤⡉⠁
⠀⠀⠀⠀⠙⢆⢻⣿⡿⠟⠛⠛⠉⠉⠉⠛⠛⠻⠿⠿⠿⠿⠿⠿⠶⠶⠶⠦
⠀⠀⠀⠀⠀⠀⠹⣿
⠀⠀⠀⠀⠀⠀⠀⠈⠣⡀
⠚⣿⣿⡟⠋⢠⣿⣿⡇⠐⣻⣿⡟⠋
⠀⢿⣿⣷⣰⣿⢿⣿⣧⣰⣿⡟
⠀⢠⣤⣤⣤⠀⠘⣿⣿⣿⠏
⠼⣿⣿⣿⣿⣿⠿⠇⠀⣴⣿⣿⣿⡇⠀⠼⣿⣿⣿⣿⡿⠏
⠀⢸⣿⣿⣿⣷⠀⠀⣼⣿⣿⣿⣿⡇⠀⢀⣾⣿⣿⠏
⠀⠀⣿⣿⣿⣿⠀⣼⣿⡿⣿⣿⣿⣷⢀⣾⣿⣿⠋
⠀⠀⠛⠛⠛⠛⠚⠛⠛⠁⢸⣿⣿⣿⣾⣿⣿⠃
⠀⠀⢸⣿⣿⣿⣿⡟⠀⠀⠘⣿⣿⣿⣿⣿⠃
⢸⣿⣿⣿⣿⣿⣿⣿⣿⡇⠀⢀⣾⣿⣿⣿⣿⠀⠀⢸⣿⣿⣿⣿⣿⣿⣿⡇
⠀⠈⣿⣿⣿⣿⣿⡇⠀⠀⢠⣾⣿⣿⣿⣿⣿⡄⠀⠀⣨⣿⣿⣿⡿⠁
⠀⠀⢻⣿⣿⣿⣿⡇⠀⢠⣿⣿⣿⣿⣿⣿⣿⡇⠀⣰⣿⣿⣿⡿⠁
⠀⠀⢸⣿⣿⣿⣿⣷⣰⣿⣿⣿⠋⣿⣿⣿⣿⣇⣰⣿⣿⣿⡟
⠀⠀⠈⣉⣉⣉⣉⣉⣉⣉⡉⠁⠀⢹⣿⣿⣿⣿⣿⣿⣿⡟
⠀⠀⠀⣿⣿⣿⣿⣿⣿⡿⠁⠀⠀⠘⣿⣿⣿⣿⣿⣿⠏
⠙⠻⣯⠻⣄⣠⢞⡳⣄⣠⠟⣽⠟⠋
⠀⠀⢼⣷⣙⣫⡞⢳⣝⣋⣾⡧
⠹⣿⣛⣛⠛⣿⡄⠀⠀⣴⡶⢶⣦⠀⠀⢠⣿⠛⣛⣛⣿⠏
⠀⠈⠉⢿⣦⠘⣿⣄⣼⡟⢠⡄⢻⣧⣠⣿⠃⣴⡿⠉⠁
⠀⠀⠀⣈⣿⣧⠘⣿⡟⢠⣿⣿⡄⢻⣿⠃⣼⣿⣁
⠀⠀⠀⠙⣿⣭⣥⣬⣤⣿⠃⠘⣿⣤⣥⣬⣭⣿⠋
⠹⣿⣟⠛⠛⠛⣿⣧⠀⠀⠀⢀⣶⣶⣶⣶⡀⠀⠀⠀⣼⣿⠛⠛⠛⣻⣿⠏
⠀⠙⠛⠻⣿⣆⠘⣿⣧⠀⢀⣾⡟⠁⠈⢻⣷⡀⠀⣼⣿⠃⣰⣿⠟⠛⠋
⠀⠀⠀⠀⠹⣿⣆⠈⢿⣷⣾⡟⠀⣼⣧⠀⢻⣷⣾⡿⠁⣰⣿⠏
⠀⠀⠀⠀⣤⣽⣿⣆⠈⢿⡟⠀⣼⡿⢿⣧⠀⢻⡿⠁⣰⣿⣯⣤
⠀⠀⠀⠀⠘⣿⣧⣤⣤⣤⣤⣾⡿⠁⠈⢿⣷⣤⣤⣤⣤⣼⣿⠃
⢷⣶⡤⣤⣤⣤⣤⣤⣤⣤⣤⢤⣶⡾
⠀⣿⠋⠲⠦⡤⠉⠉⢤⠴⠖⠙⣿
⠀⠈⠃⠀⠀⠠⢤⡤⠄⠀⠀⠘⠁
⣞⣦⣤⣤⣤⣄⣀⣀⣀⣀⣀⣀⣀⣀⣀⣀⣠⣤⣤⣤⣴⣳
⠈⢽⣿⡷⢬⣭⣙⡛⠛⠛⠿⠿⠛⠛⢛⣉⣭⡥⢾⣿⡯⠁
⠀⠈⢿⣀⠈⠉⠛⠙⠟⠀⠀⠀⠀⠻⠋⠛⠉⠁⣀⡿⠁
⠀⠀⠀⠉⠀⠀⠀⠀⠀⠶⣤⣤⠶⠀⠀⠀⠀⠀⠉
⡾⣦⣤⣤⣄⣀⣀⣀⡀⢀⠀⠀⠀⠀⠀⠀⠀⠀⠀⢀⣀⣀⣀⣠⣤⣤⣴⢧
⠙⢻⣿⣿⣯⣙⠛⠿⠿⠿⠿⢿⣿⣿⣿⣿⡿⠿⠿⠿⠿⠛⣋⣽⣿⣿⡟⠁
⠀⠘⣿⡿⠋⠉⠿⢿⣷⣶⣤⡄⠀⠀⠀⠀⢠⣤⣶⣿⡿⠿⠉⠙⢿⣿⠁
⠀⠀⠈⢻⣦⠀⠀⠀⠀⠀⠙⠁⠀⠀⠀⠀⠈⠋⠀⠀⠀⠀⠀⣴⡟⠁
⠀⠀⠀⠀⠈⠀⠀⠀⠀⠀⠀⠚⠶⣶⣶⠶⠓⠀⠀⠀⠀⠀⠈⠁
⠀⢻⣦⡶⣦⣼⣟⣀
⠀⠀⠉⠀⢈⣿⣿⣿⣶⡂⠀⢀⡀
⠀⠀⠀⠀⠀⠉⠉⢩⣿⠻⡾⠻⣷
⠀⠰⣶⣦⣀⣴⣦⣀⣰⣶⡖
⠀⠀⠙⣿⣿⠟⠛⢿⣿⣿⢿⣶⣦⢀
⠀⠀⠀⠈⠁⠀⠀⢠⣿⢿⣿⡿⣿⣿⠃⠀⠀⠀⢀
⠀⠀⠀⠀⠀⠀⠀⠘⠻⠿⣿⡿⢿⣿⣿⣦⣠⣾⣿⣧
⠀⠀⠀⠀⠀⠀⠀⠀⠀⠀⠀⠠⠿⠿⠋⠻⠿⠋⠻⠿⠧
⠀⠐⢶⣶⣦⠀⣠⣴⣦⡀⢠⣶⣶⡖
⠀⠀⠈⢿⣿⣿⣿⠟⢿⣿⣿⣿⣿⣶⣦⣤⡀
⠀⠀⠀⠈⠻⠟⠁⠀⠀⠙⢻⣿⣧⣲⣿⣿⣥⣶⡦
⠀⠀⠀⠀⠀⠀⠀⠀⠀⢸⣿⣯⣾⣿⣭⣹⣿⣷⣄⠀⠀⠀⣀⣴⣆
⠀⠀⠀⠀⠀⠀⠀⠀⠀⠀⠙⠛⠿⠿⠿⢛⣿⣿⣿⣿⣦⣾⣿⣿⣿⡆
⠀⠀⠀⠀⠀⠀⠀⠀⠀⠀⠀⠀⠀⠀⠀⠾⠿⠿⠀⠙⠿⠛⠁⠹⠿⠿⠄
⠀⠀⠀⠀⠀⠲⣶⣶⣶⣶⣀⣴⣧⠄
⠀⠀⠀⢀⣰⣶⣿⣿⣿⣿⣿⣿⣿⡏
⣤⣤⣤⣭⡍⠻⣿⣿⣿⠿⠛⠋⠉
⠀⠻⠿⣿⣶⣶⣿⠿⠟
⠀⠀⠀⠀⠀⠀⠀⠀⣴⣤⣤⣤⣤⣤⣤⣦⠀⢀⣴⡆⢀
⠀⠀⠀⠀⠀⠀⠀⠀⠉⢹⣿⣿⣿⣿⣏⣥⣶⣿⣿⣷⠟⣀
⠀⠀⠀⠀⠀⠀⠀⣴⣶⣿⣿⣿⣿⣿⣿⣿⣿⣿⣿⣿⣟⡅
⠀⠀⠀⠀⠠⢶⣮⣭⣿⣿⣿⣿⣿⣿⣿⣿⣿⣿⣿⡿⠗⠂
⣶⣶⣶⣶⣶⣶⣶⡎⠙⢿⣿⣿⣿⣿⡿⠛⠛⠉⠁
⠉⣿⣿⣿⣿⣿⣯⣥⣤⣼⣿⣿⣿⣿⡇
⠀⠈⠛⠛⠿⢿⣿⣿⣿⣿⡿⠿⠛⠋⠁
⠀⠀⠀⠀⠀⠀⠀⠀⠀⠀⢠⣤⣤⣤⣤⣤⣤⣤⣤⣤⠀⠀⠀⣠⣇
⠀⠀⠀⠀⠀⠀⠀⠀⠀⠀⠸⠿⣿⣿⣿⣿⣿⣿⡿⠿⣀⣤⣾⣿⣇⣴⡆
⠀⠀⠀⠀⠀⠀⠀⠀⠀⠀⠀⣀⣿⣿⣿⣿⣿⣿⣿⣿⣿⣿⣿⣿⣿⣯⣤⠖
⠀⠀⠀⠀⠀⠀⠀⠀⠰⣾⣿⣿⣿⢿⣿⣿⣿⣿⣿⣿⣿⣿⣿⣿⣿⣯⡵⠂
⠀⠀⠀⠀⠀⢠⣴⣾⣭⣭⣽⣿⣿⣿⣿⣿⣿⣿⣿⣿⣿⣿⣿⣿⣿⡷⠖
⣤⣤⣤⣤⣤⣤⣤⣤⣬⡍⠛⢿⣿⣿⣿⣿⣿⣿⣿⣿⠿⠟⠛⠉⠁
⠿⢿⣿⣿⣿⣿⣿⣿⠿⠇⠀⠀⣿⣿⣿⣿⣿⣿⡇
⠀⢸⣿⣿⣿⣿⣿⣿⣶⣶⣶⣶⣿⣿⣿⣿⣿⣿⡇
⠀⠀⠈⠉⠛⠻⠿⣿⣿⣿⣿⣿⣿⠿⠟⠛⠉⠁
⠈⣿⡇⠀⡰⣷⡀⠀⣿⣥⠤⠤⣤⣄
⠀⠸⣿⡜⠁⠘⢿⡼⢹⣿⠀⠤⠿⠋
⠀⠀⠉⠀⠀⠀⠈⠁⣸⣿⣀
⠈⢻⣿⣏⠁⠀⢀⣴⣷⡄⠀⠀⢉⣿⣉⣀⣀⣀⣀⣀⣀
⠀⠀⢻⣿⡆⣠⠞⠁⠻⣿⣦⢀⡾⢹⣿⣿⠀⠀⠀⣿⣿⡗
⠀⠀⠈⢿⡿⠃⠀⠀⠀⠘⢿⡿⠁⢸⣿⣿⠀⠒⠛⠉⠁
⠀⠀⠀⠀⠀⠀⠀⠀⠀⠀⠀⠀⣀⣸⣿⣿⣀⡀
⠈⠻⣿⣿⣏⠉⠀⠀⠀⣰⣿⣆⠀⠀⠀⢉⣹⣿⣋⣀⣀⣀⣀⣀⣀
⠀⠀⢹⣿⣿⡄⠀⢠⡾⠋⢻⣿⣷⡀⠀⢠⡟⢹⣿⣿⡍⠉⠉⠉⢻⣿⣿⡆
⠀⠀⠀⢻⣿⣿⣴⠏⠀⠀⠀⠙⣿⣿⣦⡟⠀⢸⣿⣿⡇⣀⣀⣠⣾⠿⠟⠁
⠀⠀⠀⠀⠻⠿⠁⠀⠀⠀⠀⠀⠈⠿⠿⠀⠀⢸⣿⣿⡇
⠀⠀⠀⠀⠀⠀⠀⠀⠀⠀⠀⠀⠀⠀⠀⢀⣀⣼⣿⣿⣧⣀⡀
⠈⢿⣿⣶⣤⣴⡿⢿⣦⣤⣶⣿⡿⠁
⠀⠈⣿⣿⣹⣟⣇⣸⣻⣏⣿⣿⠁
⠀⠀⠘⣿⣿⡿⠤⠬⢿⣿⣿⠃
⠈⢻⣿⣿⣧⡰⣄⢀⣠⣿⣿⣿⣿⣄⡀⣠⢢⣼⣿⣿⠟
⠀⠀⠻⣟⣻⣿⡿⢿⣷⣖⠂⠐⣶⣾⡿⢿⣿⣟⣻⠟
⠀⠀⠀⠹⣿⣿⣦⣾⣦⡽⠴⠦⢯⣼⣷⣴⣿⣿⠏
⠀⠀⠀⠀⢹⣿⣿⣿⡷⠯⠶⠶⠽⢾⣿⣿⣿⡏
⠀⠹⣿⣿⣿⣿⡤⢤⡀⠀⢀⣸⣿⣿⣿⣿⣇⡀⠀⢀⡤⢤⣿⣿⣿⣿⠏
⠀⠀⠹⣿⠿⢿⣿⣶⣷⣽⣧⣭⣭⡍⢩⣭⣭⣼⣯⣾⣾⣿⡿⠿⣿⠃
⠀⠀⠀⠘⣿⣿⣿⣿⠉⣽⡟⠿⣧⠀⠀⣼⠟⣻⣯⠉⣿⣿⣿⣿⠃
⠀⠀⠀⠀⠘⣿⣿⣿⣿⣿⣿⢷⡛⠛⠛⢛⡾⣿⣿⣿⣿⣿⣿⠃
⠀⠀⠀⠀⠀⢘⣿⣿⣿⣿⣿⠲⠶⠿⠷⠶⠖⣿⣿⣿⣿⣿⠃
⠀⠀⠀⣀⣤⣶⣿⡷
⠀⣠⣾⣿⣿⣿⣯⣶⣾⡆
⣼⣿⣿⣿⣿⣿⣿⣿⣿⣶⣷⠄
⣿⣿⣿⣿⣿⣿⣿⣿⣿⣿⣷⣦⣤⡀
⠙⢿⣿⣿⣿⣿⣿⡉⠉⠉⢙⣛⡋⠉
⠀⠀⠉⠛⠿⢿⣿⣿⣿⣿⣿⡿⠿⠋
⠀⠀⠀⠀⠀⠀⠀⣀⣤⣶⣾⣷⡄
⠀⠀⠀⠀⣠⣴⣿⣿⣿⣿⣿⡿⠁⢀⡀
⠀⠀⣠⣾⣿⣿⣿⣿⣿⣫⣵⣶⣿⣿⣿
⠀⣼⣿⣿⣿⣿⣿⣿⣿⣿⣿⣿⣿⣿⣋⣠⣤⡀
⣼⣿⣿⣿⣿⣿⣿⣿⣿⣿⣿⣿⣿⣿⣿⣿⣿⠇
⣿⣿⣿⣿⣿⣿⣿⣿⣿⣿⣿⣿⣿⣿⣿⣿⣥⣤⣀⡀
⢿⣿⣿⣿⣿⣿⣿⣿⣿⣿⣿⣿⣿⣿⣿⣿⣿⣿⣿⣿⣷⡤
⠈⠻⣿⣿⣿⣿⣿⣿⣿⣿⣿⠁⠀⠀⠀⠀⠉⣛⠋⠉
⠀⠀⠈⠻⢿⣿⣿⣿⣿⣿⣿⣷⣦⣤⣤⣴⣾⣿⣿⣷⣶⡤
⠀⠀⠀⠀⠀⠈⠙⠛⠿⠿⣿⣿⣿⣿⣿⣿⣿⠿⠿⠛⠉
⠀⠀⠀⠀⠀⠀⠀⠀⠀⢀⣀⣤⣶⣾⣷⡄
⠀⠀⠀⠀⠀⠀⣀⣤⣾⣿⣿⣿⣿⣿⣿⠏
⠀⠀⠀⠀⣠⣾⣿⣿⣿⣿⣿⣿⡿⢛⣁⣤⣴⣶⣦
⠀⠀⣠⣾⣿⣿⣿⣿⣿⣿⣿⣵⣾⣿⣿⣿⣿⣿⣿⠃
⠀⣼⣿⣿⣿⣿⣿⣿⣿⣿⣿⣿⣿⣿⣿⣿⣿⣯⣥⣴⣶⣦⡀
⣸⣿⣿⣿⣿⣿⣿⣿⣿⣿⣿⣿⣿⣿⣿⣿⣿⣿⣿⣿⣿⡿⠃
⣿⣿⣿⣿⣿⣿⣿⣿⣿⣿⣿⣿⣿⣿⣿⣿⣿⣿⣿⣿⣭⣤⣀⣀
⣿⣿⣿⣿⣿⣿⣿⣿⣿⣿⣿⣿⣿⣿⣿⣿⣿⣿⣿⣿⣿⣿⣿⣿⣿⣶⣤⡀
⠘⢿⣿⣿⣿⣿⣿⣿⣿⣿⣿⣿⣿⣿⠟⠛⠉⠉⠉⠙⠛⢿⣿⡿⠿⠛⠋⠉
⠀⠈⠻⣿⣿⣿⣿⣿⣿⣿⣿⣿⣿⣿⣀⠀⠀⠀⠀⠀⢀⣠⣤⣄⣀⡀
⠀⠀⠀⠀⠙⠻⢿⣿⣿⣿⣿⣿⣿⣿⣿⣿⣷⣶⣶⣿⣿⣿⣿⣿⣿⣿⣿⠖
⠀⠀⠀⠀⠀⠀⠀⠈⠉⠛⠛⠿⠿⢿⣿⣿⣿⣿⣿⣿⣿⡿⠿⠟⠛⠉
⠀⣴⠒⢛⡷⠋⠉⠉⠙⠻⠒⢶⣦
⠐⣿⣾⠁⠀⠀⢤⡻⠗⠒⠰⢶⠿⡄
⠈⠙⣿⣷⣦⣀⠉⠀⣠⠴⠋⢁⣽⡿
⠀⠀⠀⠉⠻⠛⠛⢻⠟⠛⠻⠉⠉
⠀⢠⣤⠶⠒⠛⣷⣖⠛⠋⠉⠉⠛⢓⣒⣖⠒⠦⣤⢤⡀
⠀⢼⣿⣤⡶⠚⠉⠀⠀⢀⡠⢶⣲⣤⠤⠄⢀⣤⣌⣿⡇
⢀⣼⣟⣿⣷⣄⠀⠀⠀⢨⠿⠋⠁⠀⠀⣠⡮⠭⠿⢴⡹⣦
⠀⠀⢈⣿⠿⣿⣿⣷⣦⣄⣀⣀⣠⣴⣟⣁⣀⣠⣤⣾⡿⠟
⠀⠀⠀⠀⠀⠀⠈⠗⠛⠛⠛⠻⣽⠟⠛⠋⠛⠋
⠀⠀⣀⣠⣤⠶⠶⠲⡶⠶⠖⠛⠛⠛⠛⠛⠒⠶⠶⣶⠶⢦⣤⣤⣄⡀
⠀⠘⣿⣇⠀⢀⣀⡼⠟⠋⠀⠀⠀⠀⠀⡀⠈⠉⠉⠓⠂⠀⠈⠻⢾⣿
⠀⠒⣿⣿⣿⡟⠁⠀⠀⠀⠀⠀⣤⡈⠛⣭⡿⠿⠒⠒⠒⣲⣿⣶⣾⢿⣄
⢀⣠⣟⣛⣿⣿⣄⠀⠀⠀⠀⠀⣨⠿⠋⠁⠀⠀⠀⢀⣴⡤⠤⠿⢴⣆⢻⣆
⠀⠀⠈⠻⣿⠿⣿⣿⣾⣦⣀⠀⠁⠀⠀⠀⢀⣠⡶⠟⠁⠀⠀⠀⣠⣟⣼⡿
⠀⠀⠀⠘⠛⠋⠛⠻⢿⡟⣻⣿⣷⣶⣶⡾⣿⣿⣶⣶⣶⣶⠾⠿⠟⠛⠉
⠀⠀⠀⠀⠀⠀⠀⠀⠈⠛⠉⠁⠉⠉⠙⢦⠟⠉⠉⠁⠉⠙
⠀⠀⠀⣠⣴⣞⣌⣭⣭⠝⠓
⠀⠀⠀⠻⣿⣿⡉⠁⠉⣻⡆
⡄⣀⢀⣤⣼⣷⣷⣭⣷⣦⣥⡀⣀⣠
⢏⣍⠿⠼⠧⠽⠨⠺⠸⠛⠾⠅⡾⢽
⠀⠀⠀⠀⠀⠀⣀⠤⡐⢦⡘⡍⡏⠜⣩⠜⠢
⠀⠀⠀⠀⠀⡞⠀⠑⢺⣵⠾⠟⠛⢿⣤⣀
⠀⠀⠀⠀⠀⠳⣤⣐⡼⢇⠀⠀⡠⠀⢨⡿⡃
⡀⠀⠀⠀⠀⠀⢀⣿⣇⣴⠒⠚⠓⣶⡆⠘⠁⠀⠀⠀⠀⡀
⢇⠸⢸⢠⡎⢹⣟⠻⠛⡟⢻⠛⡟⣻⢻⡏⣯⠡⠌⡃⠶⢜
⢸⣠⡆⠼⠴⠆⠛⠐⠊⠃⠐⠈⠃⠙⠈⠁⠟⠐⠈⠏⠛⣸
⠀⠀⠀⠀⠀⠀⠀⠀⠀⣀⠤⢴⡂⠲⡍⢹⢉⠝⣋⠵⠂⣄
⠀⠀⠀⠀⠀⠀⢀⠖⣛⡢⠍⡒⣌⣢⣵⣼⡾⡶⠊⠉
⠀⠀⠀⠀⠀⠀⢺⠁⣀⠀⠀⣾⠟⠋⠉⠀⠉⠻⠷⣦⣄
⠀⠀⠀⠀⠀⠀⠈⠣⣔⣪⣵⠻⢄⠀⠀⢀⠆⠀⢀⣿⢫⠄
⠀⠀⠀⠀⠀⠀⠀⠀⢀⣗⣇⣀⡮⠴⠞⠳⢲⣤⠤⠤⠇
⣏⢐⡆⡄⠀⡤⠶⣶⣾⣿⣿⣾⣷⣶⣶⣶⣾⣿⡶⠶⢶⠶⠄⠀⠔⢂⡀⢰
⢸⠘⠃⠛⢸⡇⠀⢻⡇⢐⠂⣼⠂⢐⠠⣷⠀⡇⢰⣷⢸⡇⢘⢁⣤⣈⡉⢣
⠘⡄⠼⠄⠿⠀⠓⠒⠓⠂⠁⠈⠀⠈⠀⠉⠀⠉⠀⠐⠚⠂⠈⠤⠥⠈⣃⡸
⢀⣤⣶⣶⣿⣿⣿⣿⣿⣶⣶⣦⣤⡀
⢿⣿⣿⣿⠛⢿⠚⡈⠉⠭⠉⠉⠙⠟
⠀⠉⠛⠛⠛⡟⠋⠑⢢⠄⡠⠀⠚⠁
⠀⠀⢀⣠⣤⣶⣶⣿⣿⣿⣿⣿⣿⣷⣶⣦⣤⣤⣀⣀
⣠⣾⣿⣿⣿⣿⣿⣿⣛⡛⠿⢿⣿⣿⣿⣿⣿⣿⡿⣿⣿⣦
⣿⣿⣿⣿⣿⣿⠟⠛⣹⡟⠋⠁⠁⠀⢶⣄⡈⠉⠁⠘⢿⠟
⠈⠻⢿⣿⣿⣿⣷⣦⣼⣷⡶⢿⣀⡀⠀⠀⠀⠀⠀⣸⡥⠂
⠀⠀⠀⠈⠙⠉⠉⠩⠍⠀⢀⠄⠋⢼⡛⢢⡉⠢⠂⠁
⠀⠀⠀⠀⢀⣠⣤⣶⣶⣾⣿⣿⣿⣿⣿⣿⣷⣶⣶⣤⣄⣀⣀
⠀⢀⣴⣾⣿⣿⣿⣿⣿⣿⣿⣿⣿⣿⣿⣿⣿⣿⣿⣿⣿⣿⣿⣿⣷⣶⣄
⣰⣿⣿⣿⣿⣿⣿⣿⣿⣿⣧⣭⣭⣉⡛⣿⠿⠿⠿⠿⣿⣿⣿⡟⢿⣿⣿⣷
⣿⣿⣿⣿⣿⣿⣿⣿⠟⠋⢩⣿⠋⠉⠁⠀⠀⠀⣶⣄⡀⠀⠈⠁⠀⠻⣿⠏
⠘⢿⣿⣿⣿⣿⣿⣿⣤⣀⣈⣻⣤⣤⣶⠃⠀⠀⠀⠀⠉⠀⠀⠀⢀⡖⣁⡄
⠀⠀⠉⠛⠻⣿⢿⣿⣿⣿⠿⠿⠛⠋⠙⢳⠔⣀⢤⠀⢠⡀⠀⠀⡾⠟⠋
⠀⠀⠀⠀⠀⠈⠑⠢⠤⠴⠮⢄⣀⣀⠔⠉⠒⢥⣍⣓⣤⠬⠕⠋
⣿⡿⠟⠛⢻⠋⠉⠁⠀⠁⠀⠀⠀⢀
⠃⠀⠀⠀⡤⠀⠀⠀⠸⠀⠀⠀⢠⣾
⣶⡀⠀⠀⠀⠀⢀⠀⠀⠀⠀⢠⣿⣿
⣿⣷⡄⣀⣤⣴⣾⣶⣶⣶⣶⣿⣿⣿
⣿⣿⣿⡿⠿⠟⠛⣻⠛⠉⠉⠉⠁⠀⡏⠀⠀⠀⠀⠀⠀⢠
⡟⠉⠀⠀⠀⠀⢀⡇⠀⠀⠀⠀⠀⣼⡄⠀⠀⠀⠀⠀⣠⣾
⢁⠀⠀⠀⠀⠀⠘⠃⠀⠀⠀⠀⠀⠈⠀⠀⠀⠀⢀⣼⣿⣿
⣿⣷⡄⠀⠀⠀⠀⠀⠀⠀⣤⠀⠀⠀⠀⠀⠀⢠⣾⣿⣿⣿
⣿⣿⣿⣦⠀⣠⣤⣶⣶⣿⣿⣿⣿⣿⣿⣿⣿⣿⣿⣿⣿⣿
⣿⣿⣿⣿⣿⣿⣿⠿⠿⢿⠿⠛⠋⠉⠉⠉⠉⢁⡏⠁⠀⠀⠀⠀⠀⠀⠀⢀
⣿⡿⠟⠋⠉⠀⠀⠀⠀⡟⠀⠀⠀⠀⠀⠀⠀⢸⠀⠀⠀⠀⠀⠀⠀⠀⠀⣸
⡏⠀⠀⠀⠀⠀⠀⠀⣠⣇⠀⠀⠀⠀⠀⠀⠐⣿⠃⠀⠀⠀⠀⠀⠀⣠⣿⣿
⠃⠀⠀⠀⠀⠀⠀⠀⠹⠃⠀⠀⠀⠀⠀⠀⠀⠁⠀⠀⠀⠀⠀⠀⣰⣿⣿⣿
⣿⣿⡄⠀⠀⠀⠀⠀⠀⠀⠀⠀⠀⡀⠀⠀⠀⠀⠀⠀⠀⠀⠀⣼⣿⣿⣿⣿
⣿⣿⣿⣆⠀⠀⠀⠀⠀⠀⠀⣀⣤⣿⣄⣀⣀⣀⣀⣀⣀⣠⣾⣿⣿⣿⣿⣿
⣿⣿⣿⣿⣧⡀⣠⣴⣶⣿⣿⣿⣿⣿⣿⣿⣿⣿⣿⣿⣿⣿⣿⣿⣿⣿⣿⣿
⠀⠀⢀⣠⣤⣴⣶⣶⣶⣦⣤⡄⠀⠄
⠆⠰⣿⣿⣿⡷⠶⠆⠰⠶
⠀⠀⠈⠙⠛⠻⠿⠿⠿⠟⠛⠃⠀⠂
⠀⠀⠀⠀⠀⣀⣀⣠⣤⣤⣤⣤⣤⣤⣤⣤⣄⣀⡀⠀⠀⡀
⡔⠈⢠⣶⣿⣿⣿⣿⣛⣉⣉⣉⠉⢩⣍⣙⠛⢋⠅⠂⠁
⠣⢀⠘⠿⣿⣿⣿⣿⣭⣉⣉⣉⣀⣘⣉⣩⣤⣌⡀
⠀⠀⠀⠀⠀⠈⠉⠙⠛⠛⠛⠛⠛⠛⠛⠛⠋⠉⠁⠀⠀⠁
⠀⠀⠀⠀⣀⠠⠤⠐⣒⣂⣀⣭⣭⣭⣭⣭⣭⣭⣭⣍⣀⣒⡒⠠⠤⢄⣀
⢀⠴⠊⢁⣤⣶⣿⣿⣿⣿⡿⠿⠿⠛⠛⠛⠛⠛⠻⠿⢿⡿⠟⢋⡠⠔⠊⠁
⣏⠀⠀⣿⣿⣿⣿⣿⣿⣿⣿⣿⣿⣿⣿⠆⠀⣿⣿⡷⠶⠀⢎⣁
⠈⠲⢄⡈⠛⠿⢿⣿⣿⣿⣷⣶⣦⣤⣤⣤⣤⣤⣴⣶⣾⣷⣦⣌⠙⠲⢄⡀
⠀⠀⠀⠈⠉⠐⠒⠠⠭⠍⠉⣛⣛⣛⣛⣛⣛⣛⣛⣋⠉⠭⠤⠐⠒⠊⠉
⠀⠀⠀⠀⢀⣼⣿⠟⣋⣉⠄
⠀⠀⠀⣠⣾⡿⠓⠀⠁⢀⣀⣀⣀⡤
⠀⣀⣾⣿⣿⣧⣤⣾⣿⣿⣿⣿⠋
⠀⠀⠀⠀⠀⠀⠀⠀⣩⣿⣿⡿⠟⠛⠉⢁⡀
⠀⠀⠀⠀⠀⠀⣠⣾⣿⣿⡇⠀⠰⠏⠉⠋
⠀⠀⠀⠀⣠⣾⣿⣿⡟⠁⠀⠀⣀⣠⣤⣤⣤⣶⣶⣶⡶⠃
⢀⣀⣠⣾⣿⣿⣿⣿⣷⣶⣤⣾⣿⣿⣿⣿⣿⣿⡿⠋
⠀⠀⠀⠀⠀⠀⠀⠀⠀⠈⠉⣽⣿⣿⣿⣿⡿⠟⠛⠉⠁
⠀⠀⠀⠀⠀⠀⠀⠀⠀⣠⣾⣿⣿⡿⠋⠁⣠⣤⣴⣶⠖
⠀⠀⠀⠀⠀⠀⠀⢀⣼⣿⣿⣿⣿⡧⠀⠀⠛⠃⠀⠉
⠀⠀⠀⠀⠀⠀⣴⣿⣿⣿⡿⠋⠁⠀⠀⠀⠀⠀⣀⣀⣠⣤⣤⣤⣶⣶⡶⠂
⠀⠀⠀⠀⣠⣾⣿⣿⣿⣿⣧⡀⠀⠀⢠⣶⣿⣿⣿⣿⣿⣿⣿⣿⣿⠟⠁
⣀⣀⣠⣼⣿⣿⣿⣿⣿⣿⣿⣿⣿⣶⣾⣿⣿⣿⣿⣿⣿⣿⣿⡿⠁
⢀⣀⢀⣠⣾⣿⣿⣿⣿⣥
⠉⠉⠸⠋⠉⠉⠉⠛⠛⣿⣿⣿⡿⠁
⠀⠀⠀⠀⠀⢀⣤⣿⣿⣯⣿⣯⣿⣿⣛⣁
⠶⠶⠶⠶⣶⣿⠿⠿⠿⠿⠿⣿⣷⣿⣿⢷⣶⣶⣶⣶⣶⠄
⠀⠀⠀⠘⠛⠁⠀⠀⠀⠀⠀⠉⠉⠉⣽⣿⣿⣿⣿⡿⠁
⠀⠀⠀⠀⠀⠀⠀⢀⣠⣿⣿⣿⣽⣿⣿⣽⣿⣿⠟⠁
⣀⣀⣀⣀⣀⣀⣰⣿⣿⣽⣿⣿⣯⣿⣿⣿⣵⣿⣿⣿⣁⣀⣀⣀⣀⣀⣀
⠉⠉⠉⠉⠉⣽⣿⠟⠉⠙⠋⠉⠉⠉⣽⣿⣿⣿⣿⢻⣿⣿⢿⣿⣿⣿⠋⠁
⠀⠀⠀⠀⠈⠉⠁⠀⠀⠀⠀⠀⠀⠀⠀⠀⠀⠠⣿⣿⣿⣧⣿⣿⡿⠃
⠀⠤⠴⠶⢶⣿⣿⣿⣿⣿⣶⣶⣤⡀
⠀⠀⠀⠀⠀⠉⠽⠿⠿⠿⣿⡿⠋⠁
⠀⢀⣀⣤⣤⣴⣶⣶⣶⣾⣿⣿⣯⣿⣿⣷⣶⣶⣤⣄
⠀⠀⠀⠀⠀⠉⠉⠙⠿⢿⣿⣿⣿⣿⣿⣿⣿⣿⣿⣿⠿⠆
⠀⠀⠀⠀⠀⠀⠀⠀⠀⠐⠛⠛⠛⠿⠿⠿⣿⡿⠟⠁
⠀⠀⠀⠀⣀⣀⣤⣤⣤⣶⣶⣶⣶⣾⣿⣿⣹⣿⣿⣛⣶⣶⣤⣄⡀
⠀⠀⠙⠛⠛⠛⠛⠛⠛⠿⣿⣿⣿⣿⣿⣿⣿⣿⣿⣿⣿⣿⣿⣿⣿⣷⣤
⠀⠀⠀⠀⠀⠀⠀⠀⠀⠀⠉⠙⠻⣿⣿⣿⣿⣿⣿⣿⣿⣿⣿⣿⣿⠛⠉⠁
⠀⠀⠀⠀⠀⠀⠀⠀⠀⠀⠀⠀⠘⠛⠛⠛⠛⠛⠻⠿⠿⣿⠿⠋⠁
⠶⠶⠶⠶⢿⡿⠶⠶⢿⡿⠶⠶⠶⠶
⣤⢤⡤⣤⣤⢴⣶⢿⠿⣯⢥⢬⣭⡿⣿⣶⢦⣤⢤⢤⣤⣤
⠿⠿⠿⠷⠿⠼⠿⣾⡼⠾⠼⠼⠿⠧⣿⠿⠾⠷⠿⠿⠿⠛
⣤⢤⣤⡤⣤⢤⠤⣶⣾⢿⠿⣿⣭⢥⢤⣭⣽⡿⣿⣷⡶⣤⣤⢤⠤⣤⣤⣤
⠿⠼⠿⠿⠿⠼⠾⠿⠿⣾⡼⠷⠧⠾⠼⠿⠿⢧⣿⠿⠧⠿⠶⠻⠿⠿⠧⠛
⠀⠀⠀⠀⠀⠀⠀⣶⣄
⠀⠀⠀⠀⠀⢀⣴⣟⣷⣹⣦⣄
⠀⢀⣤⣤⣶⣿⣿⡿⣿⣿⣿⣽⣷⡆
⠀⠀⠀⠀⠀⠀⠉⠉⠛⠿⡉⠉⢻⡷
⠀⠀⠀⠀⠀⠀⠀⠀⠀⠀⠈⣶⣄⡀
⠀⠀⠀⠀⠀⠀⠀⠀⠀⠀⣠⡿⣷⣍⣳⣦⣀
⠀⠀⠀⠀⠀⠀⠀⣀⣤⣾⣛⣿⣶⣛⣷⣿⡾⢿⣶⣤⡀
⠀⠀⠐⠶⠶⠾⠿⠯⠭⢽⣿⣗⣚⢿⣿⣿⣿⣷⣾⣷⣽
⠀⠀⠀⠀⠀⠀⠀⠀⠀⠀⠀⠀⠉⠙⠛⢧⠀⠀⠈⢙⣿⠟
⠀⠀⠀⠀⠀⠀⠀⠀⠀⠀⠀⠀⠀⠐⣦⣄
⠀⠀⠀⠀⠀⠀⠀⠀⠀⠀⠀⠀⠀⠀⣿⣯⡛⢦⣄⡀
⠀⠀⠀⠀⠀⠀⠀⠀⠀⠀⠀⠀⢀⣼⣟⠻⡿⢦⡪⣝⠶⣄⡀
⠀⠀⠀⠀⠀⠀⠀⠀⠀⢀⣠⣶⣟⡛⢿⣷⣮⣻⣿⣾⣛⠮⣝⡲⢤⡀
⠀⠀⣀⣀⣀⣤⣤⣶⣚⣛⣛⣻⣿⢿⣷⠭⣿⣿⣿⣿⣻⣷⣦⣹⣑⢝⡷
⠀⠀⠀⠀⠀⠀⠀⠉⠉⠉⠉⠉⠛⠛⠳⠶⣤⣛⣯⡿⠛⠓⠲⠷⣿⣿⣧⣄
⠀⠀⠀⠀⠀⠀⠀⠀⠀⠀⠀⠀⠀⠀⠀⠀⠀⠈⠙⠳⠄⠀⠀⠀⠀⣻⠿⠋
⠲⡲⣖⠒⠲⣞⡋⠙⡐⠲⠲⠤⢤⡄
⠀⠈⠛⠿⢶⡾⠟⠛⠛⠉⠙⠛⠋
⢰⡶⢲⡶⠶⠶⠒⢒⡶⠖⠒⠛⢒⠒⢲⡶⠤⣄⣀⣀
⠀⠙⠦⣝⢶⣄⣀⠈⠛⢶⣤⣄⣼⣦⣤⣤⣤⣀⣠⣬⠿⠃
⠀⠀⠀⠈⠙⠛⠿⠿⡿⠟⠋⠉⠉⠁⠀⠀⠀⠉⠉
⢠⣤⠤⣶⣦⣤⠤⠴⠶⠶⣶⡶⠶⠖⠚⠶⠶⠶⢦⣤⣤⣤⡀
⠀⠻⣦⡘⢷⣄⠀⠀⠀⠘⢿⣤⣀⠀⠀⢐⣦⠀⠈⠁⠉⠉⠉⠉⠛⣶⣶⠆
⠀⠀⠈⠛⠦⣝⣿⣶⣤⣀⣀⣬⣿⣿⣶⣾⣿⠿⠿⠿⠿⠿⣶⣶⠿⠛⠁
⠀⠀⠀⠀⠀⠀⠉⠛⠻⠿⢿⠿⠛⠁
⠀⠤⠤⣤⣜⠛⠋⣡⣤⣶⢶⣶⣦
⠀⠀⠀⠀⠐⠛⠒⠺⠿⠿⠧⣭⣰⡗
⠀⣀⣀⣀⣀⣀⣙⣒⣶⡖⠒⠒⠒⠲⣦⣤⣤⡴⣄⣄
⠀⠀⠛⠻⠿⠯⣍⣁⠀⠀⢀⣒⣶⣶⣾⡟⢛⣷⣿⡿⣄
⠀⠀⠀⠀⠀⠀⠀⣬⣿⣂⣀⣨⣽⣿⣿⣶⠄⠉⣉⣡⣽⠦
⠀⠀⠀⠀⠀⠀⠀⠀⠀⠀⠀⠉⠉⠉⠓⠒⠶⠬⢥⣉⣿
⠀⠀⠀⠀⠀⠀⠀⠈⠓⠲⢶⣶⠶⠶⠶⠤⠤⠤⠤⣤⣄⣀⡤⡀⣀
⠀⠉⠙⣻⣿⣿⣿⠛⠛⠋⠉⠉⠀⠤⠤⢤⣤⣤⣽⠿⣿⣿⣣⣾⣧⡇
⠀⠀⠀⠀⠀⠈⠉⠉⠓⠲⢦⣄⠀⠘⠛⢿⣿⣿⣟⣛⠀⠒⠶⡾⠍⠹⣆
⠀⠀⠀⠀⠀⠀⠀⠀⠐⠒⠻⠷⠤⠤⣶⣾⣿⣿⡿⠿⠛⠀⢀⡴⠤⣒⡞⠓
⠀⠀⠀⠀⠀⠀⠀⠀⠀⠀⠀⠀⠀⠀⠀⠀⠈⠉⠉⠛⠒⠲⠦⠤⣤⣨⡇
⠀⢀⣀⣠⣴⣶⣿⣿⣿⣿⣷⡶⠚
⠈⠉⠛⠿⣿⣿⣿⣿⢿⠋⠉⠁⠉⠁
⠀⠀⣀⣀⣀⣠⣤⣶⣶⣾⣿⣿⣿⣿⣿⣿⣷⣶⠖⢒⠃⢠
⠈⠉⠉⠋⠛⠿⢿⣿⣿⣿⣿⣿⣿⣿⡟⠉⠉⠉⠀⠉⠉
⠀⠀⠀⠀⠀⠀⠀⢀⣠⣤⣴⣶⣶⣿⣿⣿⣿⣿⣿⣿⢿⣶⣶⡶⡶⠶⠤⣀
⠰⠶⠲⢶⣶⣿⣿⣿⣿⣿⣿⣿⣿⣿⣿⣿⣿⣿⣿⣿⣿⣿⠯⠤⠴⠦⠤⠘
⠀⠀⠀⠀⠁⠙⠻⠟⣿⣿⣿⣿⣿⣿⡿⠿⠿⣿⡏⡀
⠐⠚⠛⠛⣿⣿⡇⢸⣿⣿⡇⣾⣿⣿
⠀⠀⠀⠀⣿⣿⡇⢸⣿⣿⡇⣿⣿⣿
⠀⠀⠀⠀⢿⣿⣇⣸⣿⣿⣇⣿⣿⣿
⢀⣴⣾⣿⣿⣿⣿⣿⣿⣿⡇⠀⣿⣿⣿⣿⡇⢸⣿⣿⣿⣿
⠀⠀⠀⠀⠀⠀⢸⣿⣿⣿⡇⠀⣿⣿⣿⣿⡇⢸⣿⣿⣿⣿
⠀⠀⠀⠀⠀⠀⢸⣿⣿⣿⡇⠀⣿⣿⣿⣿⡇⢸⣿⣿⣿⣿
⠀⠀⠀⠀⠀⠀⢸⣿⣿⣿⡇⠀⣿⣿⣿⣿⡇⢸⣿⣿⣿⣿
⠀⠀⠀⠀⠀⠀⠘⢿⣿⣿⣧⣤⣿⣿⣿⣿⣧⣼⣿⣿⣿⣿
⢀⣠⣶⣾⣿⣿⣿⣿⣿⣿⣿⣿⣿⡇⠀⣿⣿⣿⣿⣿⡇⠀⢸⣿⣿⣿⣿⣿
⠈⠁⠀⠀⠀⠀⠀⠀⣽⣿⣿⣿⣿⡇⠀⣿⣿⣿⣿⣿⡇⠀⢸⣿⣿⣿⣿⣿
⠀⠀⠀⠀⠀⠀⠀⠀⣿⣿⣿⣿⣿⡇⠀⣿⣿⣿⣿⣿⡇⠀⢸⣿⣿⣿⣿⣿
⠀⠀⠀⠀⠀⠀⠀⠀⣿⣿⣿⣿⣿⡇⠀⣿⣿⣿⣿⣿⡇⠀⢸⣿⣿⣿⣿⣿
⠀⠀⠀⠀⠀⠀⠀⠀⢿⣿⣿⣿⣿⡇⠀⣿⣿⣿⣿⣿⡇⠀⢸⣿⣿⣿⣿⣿
⠀⠀⠀⠀⠀⠀⠀⠀⠹⢿⣿⣿⣿⣧⣤⣿⣿⣿⣿⣿⣧⣤⣼⣿⣿⣿⣿⣿
⠀⠀⠀⢀⣴⣞⠀⣠⣶⡁
⠀⠀⠀⢼⣿⣿⣟⢛⠷⣦⢉⣣⡀
⣤⣶⣶⣿⣿⣿⣿⠟⢋⡀⠀⢈⠁
⠀⠉⠛⠿⠿⣿⣿⣶⡿⠿⠋
⠀⠀⠀⠀⠀⠀⣀⣤⣶⠃⠀⢀⣤⣶⠋
⠀⠀⠀⠀⠀⢰⣿⣿⣿⣤⣤⣿⣿⣛⡒⠲⢤⣄⡀
⠀⠀⠀⠀⠀⣿⣿⣿⣿⣿⣭⢉⣽⠻⣿⡦⠀⣈⣸⣤
⢀⣤⣤⣤⣶⣿⣿⣿⣿⣿⣿⣷⠶⠋⠁⠀⠀⠁⠉⠅⠀⠘
⠙⠿⣿⣿⣿⣿⣿⣿⣿⣿⣿⣇⠠⠶⣚⣥⣄⠨⠔⠂
⠀⠀⠀⠉⠙⠛⠿⠿⣿⣿⣿⣿⣿⡿⠿⠟
⠀⠀⠀⠀⠀⠀⠀⠀⢀⣠⣴⡖⠀⠀⠀⣀⣤⣶⠋
⠀⠀⠀⠀⠀⠀⠀⣰⣿⣿⣿⡄⠀⢀⣴⣿⣿⣿⣄⣀⡀
⠀⠀⠀⠀⠀⠀⢠⣿⣿⣿⣿⣿⣿⣿⣿⣿⣶⣶⣄⠈⠉⠻⡶⢂⡀
⠀⠀⠀⠀⠀⠀⢸⣿⣿⣿⣿⣿⣷⣶⠀⣬⡭⢛⣿⣷⠀⢀⣤⣭⣤⡄⠀⢀
⠀⣀⣤⣤⣤⣤⣾⣿⣿⣿⣿⣿⣿⣿⣷⣶⠶⠛⠉⠀⠀⠈⠁⠉⢋⠀⠀⠘
⢾⣿⣿⣿⣿⣿⣿⣿⣿⣿⣿⣿⣿⣿⡟⠁⢀⣠⣤⠤⠀⠀⠤⢄⡀⠈⠄
⠀⠉⠛⠿⣿⣿⣿⣿⣿⣿⣿⣿⣿⣿⣧⣌⣛⣭⣶⣾⠗⠒⠋⠉
⠀⠀⠀⠀⠀⠉⠙⠛⠻⠿⢿⣿⣿⣿⣿⣿⡿⠿⠿⠟
⠀⠁⠀⣤⣄⠀⢠⣤⡀⠀⣤⣄
⠀⠀⠀⢸⣿⠀⠀⣿⡇⠀⢸⣿
⠀⠀⠀⠘⠻⢶⠴⠛⠷⡦⠞⠉
⠀⠆
⢕⡪⠅⠀⠀⢀⣀⠀⠀⠀⠀⣀⡀⠀⠀⠀⢀⣀
⠭⣒⠅⠀⠈⢻⣿⣷⠀⠀⠙⣿⣿⡆⠀⠈⢻⣿⣷
⠭⣒⠅⠀⠀⢸⣿⣿⠀⠀⠀⣿⣿⡇⠀⠀⢸⣿⣿
⡪⢔⡀⠀⠀⠘⢿⣿⣦⣄⣠⠿⣿⣷⣤⣀⡼⠟⠋
⡪⢕⡂⠀⠀⠀⠀⠈⠙⠋⠀⠀⠀⠉⠛⠁
⣂⠽⡂
⠥⢒⡩⠀⠀⠀⠀⢀⠀⠀⠀⠀⠀⠀⢀⠀⠀⠀⠀⠀⠀⢀
⣊⠥⢒⠀⠀⠐⠺⣿⣿⣶⠀⠀⠐⠺⣿⣿⣶⠀⠀⠐⠾⣿⣿⣶
⠔⣊⠥⠀⠀⠀⠀⣿⣿⣿⠀⠀⠀⠀⣿⣿⣿⠀⠀⠀⠀⣿⣿⣿
⡩⠔⣊⠀⠀⠀⠀⣿⣿⣿⡀⠀⠀⠀⣿⣿⣿⡀⠀⠀⠀⣿⣿⡿
⢒⡩⠔⠀⠀⠀⠀⠈⠛⠿⣿⣷⡶⠞⠋⠛⠿⣿⣷⡶⠞⠋⠁
⠥⢒⡩⠀⠀⠀⠀⠀⠀⠀⠀⠁⠀⠀⠀⠀⠀⠀⠁
⣋⠥⢚⠁
⠀⠀⠀⣀⣀⣐⣾⣿⣿⡦
⣠⣺⣿⣟⣿⣿⣟⣿⣻⣖⣲⣖⡶⠂
⠀⠀⠀⠀⠀⠀⠀⠲⠤⢶⣶⣿⣿⣷⣦⡀
⠀⠀⠀⠀⢀⣀⣀⣀⣀⣸⣿⣿⣿⣿⡿⠃
⠀⢠⢖⣿⣿⣿⣿⣿⣿⣿⣿⣿⣿⣿⣦⣤⣤⣤⣤⣤⣤
⣰⣧⣾⣿⣯⣮⣼⣵⣧⣮⣼⣿⣧⣾⣯⣮⣴⣷⣬⡾⠁
⠀⠀⠀⠀⠀⠀⠀⠀⠀⠲⠤⠴⢶⣶⣿⣿⣿⣶⣦⡀
⠀⠀⠀⠀⠀⢀⣀⣀⣀⣀⣀⣀⣿⣿⣿⣿⣿⣿⡿⠃
⠀⢀⡴⢒⣿⣿⣿⣿⣿⣟⣿⣿⣿⣿⣿⣿⣿⣿⣦⣤⣤⣤⣤⣤⣤⣤⡤
⣠⣮⣴⣯⣿⣯⣵⣥⣿⣥⣮⣶⣯⣾⣿⣿⣴⣷⣯⣾⣵⣾⣷⣬⣼⠏
⠀⠀⠀⠀⠀⢀⡲⠿⠷⠄
⢀⣤⣤⡄⠀⠈⣳⣾⣿⡛⠃
⣺⣯⣾⣷⣶⣶⣾⣿⣿⣧
⠠⣼⣿⣿⠟⣿⣿⣿⣿⣿⣾⣄
⠀⠀⠙⠻⣇⠈⠈⢿⡏⢟⣻⣿⣿⡆
⠀⠀⠀⠀⠀⠀⠀⠸⣇⠛⠛⠉⠉
⠀⠀⠀⠀⠀⠀⠀⠀⠀⠶⣶⣾⣷⣦⣄
⠀⠀⠀⠀⠀⠀⠀⠀⢤⣶⡛⢉⣉⣩⣥⣤⣀
⠀⣠⣴⣦⣤⡀⠀⠀⠀⠙⣿⣿⣿⣿⡛⠋⠉
⢠⣿⡟⢙⣿⣇⣀⣀⣀⠀⣿⣿⣿⣿⣧
⢸⠟⣶⣿⣿⣿⣿⣿⣿⣿⣿⣿⣿⣼⣿⠶
⠀⢀⣽⣿⣿⣿⣿⢿⣿⣿⣿⣿⣿⣿⣿⣷⣾⣄
⠈⠛⠛⣷⣿⣿⣅⠘⢿⡿⢿⣿⣿⣿⣿⣿⣿⣿⣷⣄⡀
⠀⠀⠀⠈⠙⠳⣿⡁⠀⠀⠘⢿⣿⠉⢹⡟⢿⣿⣿⣿⣿⠄
⠀⠀⠀⠀⠀⠀⠙⠃⠀⠀⠀⠈⣿⢀⣼⣷⣿⣿⡿⠟⠛⠁
⠀⠀⠀⠀⠀⠀⠀⠀⠀⠀⠀⠀⠻⣧⠉⠉
⠀⠀⠀⠀⠀⠀⠀⠀⠀⠀⠀⠠⣶⣶⣶⣿⣶⣄⣀
⠀⠀⠀⠀⠀⠀⠀⠀⠀⠀⢀⣠⣴⠿⠛⠛⠛⢛⣋⣀
⠀⠀⠀⣀⣀⠀⠀⠀⠀⠀⠈⠻⢿⣶⣶⣾⣶⣿⣿⡿⠿⠂
⠀⢰⣾⣿⣿⣿⣷⠀⠀⠀⠀⠀⢸⣿⣿⣿⣿⣿⡄
⢠⣿⣿⢃⣨⣿⣿⣶⣶⣤⣤⣄⣈⣿⣿⣿⡟⣿⣷
⢸⡟⢳⣿⣿⣿⣿⣿⣿⣿⣿⣿⣿⣿⣿⣿⣷⣼⣿⡶⠆
⠀⠀⢈⣻⣿⣿⣿⣿⣿⣿⣿⣿⣿⣿⣿⣿⣿⣿⣿⣷⣼⣧⡀
⠀⠾⠿⢿⣯⣿⣿⣿⠋⠰⣿⣿⣿⣿⣿⣿⣿⣿⣿⣿⣿⣿⣿⣦⣀
⠀⠀⠀⠀⠛⠿⣯⣽⠿⠄⠈⠉⠈⢹⣿⣿⡿⠿⢿⡿⣿⣿⣿⣿⣿⣷⡢
⠀⠀⠀⠀⠀⠀⠈⠹⣿⡆⠀⠀⠀⠀⠹⣿⡇⠀⢸⡇⣨⣿⣿⣿⣿⣿⣯⠁
⠀⠀⠀⠀⠀⠀⠀⠀⠀⠀⠀⠀⠀⠀⠀⢹⣧⢰⣾⣿⣿⠿⠿⠟⠋⠉⠉
⠀⠀⠀⠀⠀⠀⠀⠀⠀⠀⠀⠀⠀⠀⠀⠘⠿⡆⠈
⠟⠿⢿⣿⣿⣿⠃⠘⣿⣿⣿⡿⠿⠻
⠀⠀⠀⠈⠛⢿⣷⣾⡿⠛⠁
⠀⠀⠀⣤⣶⣾⣿⣿⣷⣶⣤
⡇⣿⣿⣿⣿⣿⣿⣿⣿⢹⠀⠀⡏⣿⣿⣿⣿⣿⣿⣿⣿⢸
⠀⠀⠀⠑⠻⡻⣿⣷⣽⡤⡀⢀⢤⣯⣾⣿⢟⠟⠊
⠀⠀⠀⠀⠀⠈⠑⠽⡿⣿⣿⣿⣿⢿⠯⠊⠁
⠀⠀⠀⠀⠀⠀⠀⠀⢸⢸⣿⣿⡇⡇
⠀⠀⠀⠀⠀⣇⣿⣿⣿⣿⣿⣿⣿⣿⣿⣿⣸
⡏⣿⣿⣿⣿⣿⣿⣿⣿⣿⣿⡏⡇⠀⠀⢸⢹⣿⣿⣿⣿⣿⣿⣿⣿⣿⣿⢹
⠓⠛⠛⠛⢝⡻⣿⣿⣿⣍⠯⡃⠃⠀⠀⠘⢘⠽⣩⣿⣿⣿⢟⡫⠛⠛⠛⠚
⠀⠀⠀⠀⠀⠉⠪⣛⢿⣿⣿⣮⣓⢄⡠⣚⣵⣿⣿⡿⣛⠕⠉
⠀⠀⠀⠀⠀⠀⠀⠈⠑⢭⡻⣿⣿⣷⣾⣿⣿⢟⡭⠊⠁
⠀⠀⠀⠀⠀⠀⠀⠀⠀⠀⢸⡎⣿⣿⣿⣿⢱⡇
⠀⠀⠀⠀⠀⠀⢠⢤⣤⣤⣼⣃⣿⣿⣿⣿⣘⣧⣤⣤⡤⡄
⠀⠀⠀⠀⠀⠀⢸⣸⣿⣿⣿⣿⣿⣿⣿⣿⣿⣿⣿⣿⣇⡇
⠛⠻⢿⣿⣿⣿⣿⣇⣿⣿⣿⡿⠟⠛
⠀⠀⠀⢠⣿⣿⣿⣿⣿⣿⠄
⣿⣽⣿⣿⣿⣿⣿⣿⡿⣿⡏⣿⢀⡏⣿⠿⣿⣿⣿⣿⣯⣿
⠉⠉⠉⠛⠿⣿⣿⣿⣿⣾⣿⣷⣴⣿⣿⣾⣿⠿⠛⠉⠉⠉
⠀⠀⠀⠀⠀⠀⣉⣛⣿⢻⣿⣿⣿⣽⣛⣉
⠀⠀⠀⠀⠀⠀⣿⣺⣿⣿⣿⣿⣿⣿⣗⣿
⣿⢩⣭⣭⣭⣭⣭⣭⣭⣭⣭⣭⣭⡍⣿⠀⢸⡏⣯⣭⣭⣭⣭⣭⣭⣭⡍⣿
⠛⠚⠛⠲⢭⣛⠿⣿⣿⣿⣷⣤⣓⠶⣟⣀⣸⢷⣛⣴⣾⠿⣛⡭⠖⠛⠓⠛
⠀⠀⠀⠀⠀⠈⠙⠲⢭⣛⠿⣿⣿⣿⣶⣽⣾⠿⣛⡭⠖⠋⠁
⠀⠀⠀⠀⠀⠀⠀⢠⡤⠬⠿⢈⣿⣿⣿⣿⡁⠿⠥⢤⡄
⠀⠀⠀⠀⠀⠀⠀⢸⣇⣛⣛⣛⣛⣛⣛⣛⣛⣛⣛⣸⡇
⠀⠀⠀⠀⠀⣀⣨⣷⣶⣶⣤⣀
⠀⣤⢞⣩⡉⠻⢿⠿⣿⣿⣷⣟⣃
⠈⠉⠉⠉⠛⠦⠯⢽⣃⣸⣃⡼⠁
⠀⠀⠀⠀⠀⠀⠀⠀⠀⠀⣐⣶⣶⣶⣦⣤⣀⡀
⠀⠀⠀⣀⡤⠖⡒⠲⣾⣿⣿⣟⣻⣿⣿⣿⣟⣻⣷⠄
⠀⠬⠿⠭⠤⠮⢥⡄⠉⢩⣭⣭⣭⡿⠿⣿⡿⠧⣤⡤⠄
⠀⠀⠀⠀⠀⠀⠈⠓⠒⠒⠲⠶⢿⣄⣐⣛⣀⡴⠏
⠀⠀⠀⠀⠀⠀⠀⠀⠀⠀⠀⠀⠀⠐⣶⣶⣤⣤⣤⣄⣀
⠀⠀⠀⠀⠀⢀⣀⣀⣀⣠⣤⣶⣾⣿⡿⠿⣿⣿⣿⣿⠿⠿⣷⣦
⠀⠀⢦⣤⠶⠋⠁⠴⠀⠀⠻⠿⠿⠿⠿⠶⢿⣿⣿⣿⢿⣶⠾⠛⠉⠁
⠀⠒⠛⠓⠒⠚⠛⠛⣻⡖⠀⠀⠾⠿⠶⢶⡾⠉⠉⣿⡿⠋⠉⣽⠟⠛⠁
⠀⠀⠀⠀⠀⠀⠀⠀⠉⠉⠉⠛⠛⠛⠻⠿⢥⣤⣬⣭⣥⣤⠼⠏
⠀⠀⢠⣿⣿⡄
⠀⢠⣿⣧⣼⣿⡄⠒⣶⡶⠒⠒⠲⠶
⠶⠿⠷⠀⠐⠾⠿⠶⣿⡷⠶⠶⠇
⠀⠀⠀⠀⠀⠀⠀⢠⣿⣧⡄
⠀⠀⠀⠀⣰⣿⣿⣷⡀
⠀⠀⠀⣰⣿⡿⠙⣿⣷⡀⠀⢀⣀⣀⣀⣀⣀⣀⣀⣀⣀⣀
⠀⠀⣰⣿⣿⣦⣤⣼⣿⣷⡄⠘⠛⣿⣿⠛⠛⠛⠛⠛⠿⠿
⣤⣴⣿⣿⣥⠀⠀⢠⣼⣿⣿⣤⣴⣿⣿⣤⣤⣤⣶⣶
⠀⠀⠀⠀⠀⠀⠀⠀⠀⠀⠀⠀⠀⣿⣿⠀⠀⠀⠉⠉
⠀⠀⠀⠀⠀⠀⠀⠀⠀⠀⠀⢠⣴⣿⣿⣦⡄
⠀⠀⠀⠀⠀⢀⣾⣿⣿⣷⡀
⠀⠀⠀⠀⢠⣿⣿⡟⢻⣿⣿⡄
⠀⠀⠀⣠⣿⣿⣟⣀⣀⣹⣿⣿⣆⠀⠸⠿⢿⣿⣿⡿⠿⠿⠿⠿⠿⣿⣿⣿
⠀⠀⣰⣿⣿⡟⠛⠛⠛⠛⠻⣿⣿⣆⠀⠀⢸⣿⣿⡇⠀⠀⠀⣀⣀⡈⠉⠉
⠿⠿⠿⠿⠿⠿⠇⠀⠀⠸⠿⠿⠿⠿⠿⠿⢿⣿⣿⡿⠿⠿⠿⣿⣿⡇
⠀⠀⠀⠀⠀⠀⠀⠀⠀⠀⠀⠀⠀⠀⠀⠀⢸⣿⣿⡇
⠀⠀⠀⠀⠀⠀⠀⠀⠀⠀⠀⠀⠀⠀⢰⣶⣾⣿⣿⣷⣶
⠀⠀⠀⠈⣉⡿⠟⠛⢶⣄
⢀⣀⣤⣾⣋⠉⠉⠉⢉⣉⣿⣦⣀
⠀⠀⠀⠀⠀⠐⠛⢛⣻⣿⠟⠻⢷⣦⡀
⠀⠀⠀⠀⠀⣠⣴⣿⣯⣥⣤⣤⣤⣽⡿⣷⣄⡀
⠀⣠⣤⣴⣾⣿⣥⣤⠄⠀⠀⠀⠀⢀⣤⣬⣽⣿⣶⣤⡤
⠀⠀⠀⠀⠀⠀⠠⠾⠿⠿⢿⣿⣿⡿⠿⣿⣦⣄
⠀⠀⠀⠀⠀⠀⠀⠀⣠⣶⣿⠟⠉⠀⠀⠈⠛⢿⣷⣤⡀
⠀⠀⠀⠀⠀⢀⣴⣾⡿⠿⠷⠶⠶⠶⠶⠶⠶⠶⠛⠻⣿⣶⣄
⠀⢠⣶⣶⣾⣿⣿⣷⣶⣶⠖⠀⠀⠀⠀⠀⠀⢠⣶⣶⣾⣿⣿⣿⣶⣶⠖
⠀⣶⣾⣟⣶⣶⣶⠒⠒⠒⠻⢝⣲
⠀⣾⣾⣿⣿⣻⣿⠾⠖⡲⢇⠀⢵
⠸⡟⣿⣿⣿⣿⣿⠁⠈⢣⡀⢀⣨⠇
⠀⠈⠙⠩⠿⠻⡟⠶⠖⠯⠏⠋⠁
⠀⢠⢖⣶⣖⡶⢶⣤⣴⣦⡤⠤⠴⠶⠤⠖⢒⣒⠲⠲⡄
⠀⠘⣿⢛⡽⣿⣿⣿⣿⣻⣿⣀⡄⠀⣀⣀⡀⠉⠛⣶⠃
⠀⢀⣷⣿⢟⣼⣿⣯⣭⣿⣻⡟⠿⠋⡉⠛⠧⡀⠀⢼⡁
⠀⣟⢸⣿⣿⡿⣿⣽⣿⣿⢾⡁⠐⠚⠳⣄⠀⠁⠀⠀⣿
⠀⠙⠢⢽⡿⠷⣿⣵⣾⣿⣷⠀⠀⣀⣸⣾⡦⢤⡮⠔⠋
⠀⠀⠀⠀⠉⠒⠛⠦⠽⠻⠍⠿⠭⠯⠙⠒⠓⠉
⢀⠄⣠⠤⠴⣶⢶⡶⣤⣄⣤⣤⣤⣀⣀⣤⠤⣤⣤⡤⠖⡒⠶⢦⠤⣄⠠⡀
⢠⠸⣷⣿⡿⢟⣫⣴⣿⣿⣿⣿⣿⣧⠀⠀⠀⠀⠀⠀⠀⠙⠷⣦⣤⣼⠃⠅
⠀⡄⣰⣏⣴⣿⡻⣿⣻⣿⣿⣭⣷⣿⣶⣾⣤⣤⣤⣖⡶⠂⠀⠀⢻⣆⢨
⢀⠇⣽⢿⣿⡟⣵⣿⣿⣯⣶⣞⣿⢻⡟⠛⠓⠒⡠⠉⠑⢦⠀⠀⠺⣏⠸⡀
⡆⣼⠇⣿⣿⣿⣿⣿⢟⣽⣽⣿⣿⣾⠓⠒⠒⠫⢿⡀⠀⠈⠀⠀⠀⢸⣧⢰
⠣⠹⣧⡙⢿⣿⡿⣱⣿⢟⣭⣿⣷⣮⠉⠀⠀⠀⠠⣼⣆⠀⢀⡰⢃⡼⠏⠜
⠀⠀⠀⠉⠻⢟⣛⢛⣿⠶⢿⣿⣿⣿⣀⣠⣤⡤⣶⠟⣿⢛⡻⠟⠉
⠀⠀⠀⠀⠀⠀⠈⠉⠛⠓⠒⠛⠳⠄⠿⠲⠙⠃⠙⠛⠉⠁
⠀⠀⠀⠀⠀⠀⠀⠓⠶⢶⣶⣶⡿⠃
⠀⠀⠀⠀⠀⠀⠀⢀⣴⠟⢡⣿⠁
⠀⠀⠀⠀⠀⢙⣶⠟⠛⠛⣿⡟⠙⠁
⠻⣤⣤⣤⡴⠟⠁⠀⠀⠀⢿⣧⣤⠤
⠀⠀⠀⠀⠀⠀⠀⠀⠀⠀⠐⠷⣤⣤⣤⣤⣤⣤⣶⣾⡿⠂
⠀⠀⠀⠀⠀⠀⠀⠀⠀⠀⠀⠀⠀⢀⣠⣾⠟⣻⣿⡟
⠀⠀⠀⠀⠀⠀⠀⠀⢀⡀⠀⢀⣴⣿⠟⠁⢰⣿⣟⣀
⠀⠀⠀⠀⠀⠀⠀⠀⠻⢷⣶⣿⠿⠿⠿⠿⣿⣿⠟⠻⠟
⣠⡆⠀⠀⠀⠀⠀⢀⣴⣿⠟⠁⠀⠀⠀⢸⣿⣿
⠙⠿⣶⣤⣤⣶⡾⠟⠋⠁⠀⠀⠀⠀⠀⠈⠿⣿⣶⣤⠶⠖
⠀⠀⠀⠀⠀⠀⠀⠀⠀⠀⠀⠀⠀⠰⣷⣤⣤⣤⣀⣀⣠⣤⣤⣴⣾⣿⡗
⠀⠀⠀⠀⠀⠀⠀⠀⠀⠀⠀⠀⠀⠀⠀⠀⠀⠉⢉⣭⣿⡿⣿⣿⣿⠏
⠀⠀⠀⠀⠀⠀⠀⠀⠀⠀⠀⠀⠀⠀⠀⢀⣠⣾⡿⠟⠁⣰⣿⣿⠃
⠀⠀⠀⠀⠀⠀⠀⠀⠀⠀⢠⣶⣀⣀⣴⣿⣿⣏⣤⣤⣴⣿⣿⣿⣶⣦⡄
⠀⠀⠀⠀⠀⠀⠀⠀⠀⠀⠈⢛⣿⣿⡿⠛⠛⠛⠉⠉⣿⣿⣿⠉⠉⠉⠁
⣴⣿⡀⠀⠀⠀⠀⠀⠀⣠⣴⣿⡿⠋⠀⠀⠀⠀⠀⠀⣿⣿⣿
⠙⠻⢿⣶⣶⣶⣶⣾⠿⠟⠋⠁⠀⠀⠀⠀⠀⠀⠀⠀⠻⢿⣿⣷⣶⡶⠶⠛
⠀⢠⣤⡀⣠⣤⡄⣠⣤⣤⣀⡈⡁
⣰⡟⠸⢿⣙⣛⣳⣿⣟⣹⡿⠁
⠀⠀⠀⠀⠀⠀⠀⠀⠀⠀⠀⠀⠀⢀⠀⠀⡀⠠⠊
⠀⢠⣾⠟⢿⣆⢾⣟⣉⣉⣀⣸⣿⣪⠧⣳⣶⡗⡀⠉
⣠⣿⠋⠐⠚⢿⣦⣭⣭⣭⣿⠿⢿⣬⣤⣾⠿⠁
⠀⠀⠀⠀⠀⠀⠀⠀⠀⠀⠀⠀⠀⠀⠀⠀⠀⢀⠀⡀⢀⠀⡠⠚
⠀⢀⣴⣿⠟⢿⣧⡰⣿⣿⣉⣉⣉⣁⣸⣿⣿⣨⠧⣽⣶⣼⠗⡀⠉⠂
⣠⣾⡿⠁⠐⠚⠻⣿⣤⣭⣭⣭⣭⣿⠿⢿⣧⣭⣤⣼⡿⠟
⠀⠀⠀⠀⠀⣠⣾⣷⣄
⠀⠀⠀⠀⠚⠛⠙⠛⠛⠓⠂
⣀⣀⣴⣶⣀⠀⠀⢀⣰⣶⣶⣶⣄⣀
⠀⠀⠀⠀⠀⠀⠀⠀⠀⣠⣾⣷⣄
⠀⠀⠀⠀⠀⠀⠀⣠⣾⣿⣿⣿⣿⣷⣄
⠀⠀⠀⠀⠀⠀⠚⠛⠛⠁⠙⠛⠛⠛⠛⠓⠂
⠀⠀⠈⠂⠀⠀⠀⠃⠀⠀⠃⠀⠀⠁⠃
⣀⣠⣤⣾⣿⣿⣥⡄⠀⠀⠀⢀⣤⣽⣿⣿⣿⣿⣿⣶⣤⣄
⠀⠀⠀⠀⠀⠀⠀⠀⠀⠀⠀⠀⢠⣾⣿⣄
⠀⠀⠀⠀⠀⠀⠀⠀⠀⠀⢀⣴⣿⣿⣿⣿⣷⣄
⠀⠀⠀⠀⠀⠀⠀⠀⢀⣴⣿⣿⣿⣿⣿⣿⣿⣿⣷⣄
⠀⠀⠀⠀⠀⠀⠀⠰⠿⠿⠟⠋⠀⠙⠿⠿⠿⠿⠿⠿⠷
⠀⢀⠄⠱⡀⠀⣇⠀⠰⡆⠀⠀⠀⣆⠀⠀⠱⠀⡇⠸⡀⠀⢈⠐⠤⣘
⠀⠀⠀⠀⣠⣤⣤⣤⠄⠀⠀⠀⠀⠀⠀⠀⢤⣤⣤⣤⣤⣤⣤⣤⡀
⣤⣤⣴⣾⣿⣿⣿⣷⣦⣤⠀⠀⠀⠀⢠⣤⣤⣿⣿⣿⣿⣿⣿⣿⣿⣷⣦⣤
⠀⠀⠀⣠⣿⣿⣿⣿⣦⡀
⣀⣴⣾⣿⣿⣿⣿⣿⣿⣿⣶⣶⣂⣀
⠿⠿⠟⠛⠛⠿⣿⣿⣿⣿⡿⠿⠿⠿
⠀⠀⠀⠀⠀⠀⡼⣫⣿⣿⣿⣯⣯⡀
⠀⠀⠀⠀⣠⣮⣾⣿⣻⣿⣮⣿⣿⣟⢦⡀
⠀⢠⣴⣾⣿⣿⣿⣯⣹⣿⣿⣽⣽⣿⣷⣽⣿⡟⣽⠋
⣿⣿⢛⣛⣏⣟⣍⣏⣿⣿⣽⣽⣯⣯⣿⣟⣻⣻⣛⡟⣿⣿
⠛⠛⠛⠋⠉⠉⠉⠉⠳⢿⣿⣿⣿⣿⣿⣿⠿⠟⠛⠛⠛⠛
⠀⠀⠀⠀⠀⠀⠀⢀⣽⢏⣿⣿⢿⣿⣯⡻⣅
⠀⠀⠀⠀⠀⢀⣴⢟⣵⣿⢟⣵⣷⡝⢿⣿⣮⢳⡄
⠀⠀⠀⢀⡴⣟⣵⣿⡿⣟⢛⣛⣛⣛⠛⡻⣿⣷⣝⡦⣤⣤⡤⢤⡤⠄
⣠⣴⣾⣿⣶⣿⣿⣿⣷⣿⣧⣿⡿⣿⡾⣿⣿⣿⣿⣵⣿⣿⣧⣿⣤⣤⣤⣀
⣿⢸⣟⣽⣭⣧⣴⣥⣦⣧⡼⣿⣷⣾⡶⣷⣾⣼⡿⣿⣵⣧⣽⣵⣝⣹⡇⣿
⠛⠛⠉⠉⠉⠉⠉⠁⠀⠈⠛⠮⠿⣿⣿⣿⣿⣿⣿⣿⡿⠿⠚⠉⠉⠉⠛⠛
⠀⠀⠀⠀⠰⣶⣶⣶⣶⠆
⠀⠀⠀⢀⣴⣿⠏⠹⣿⣦⡀
⠀⠀⣠⣾⡭⠿⠿⠿⠿⣿⣷⣄
⠰⠾⠿⠿⠷⠀⠀⠀⠀⠾⠿⠿⠷⠆
⠀⠀⠀⠀⠀⠀⠀⣶⣶⣶⣶⣶⣶⣶⣶
⠀⠀⠀⠀⠀⠀⠀⠉⣽⣿⣿⣿⣿⣯⠉
⠀⠀⠀⠀⠀⠀⢠⣾⣿⣿⠋⠙⣿⣿⣷⡄
⠀⠀⠀⠀⠀⣰⣿⣿⣿⣁⣀⣀⣈⣿⣿⣿⣆
⠀⠀⠀⢀⣼⣿⣴⡦⠬⠭⠼⠯⠭⠬⢬⣯⣽⣧⡀
⠀⣀⣠⣿⣿⣿⣿⣁⠀⠀⠀⠀⠀⠀⣈⣿⣿⣿⣿⣄⣀
⠀⠿⠿⠿⠿⠿⠿⠿⠀⠀⠀⠀⠀⠀⠿⠿⠿⠿⠿⠿⠿
⠀⠀⠀⠀⠀⠀⠀⠀⠀⣶⣶⣶⣶⣶⣶⣶⣶⣶⣶
⠀⠀⠀⠀⠀⠀⠀⠀⠀⠛⢻⣿⣿⣿⣿⣿⣿⡟⠛
⠀⠀⠀⠀⠀⠀⠀⠀⢀⣴⣿⣿⣿⠟⠻⣿⣿⣿⣦⡀
⠀⠀⠀⠀⠀⠀⠀⣠⣾⣿⣿⡿⠋⠀⠀⠙⢿⣿⣿⣷⣄
⠀⠀⠀⠀⠀⢀⣴⡟⠛⠛⠿⠷⡶⠶⡶⠶⠾⠿⠿⡿⡿⣦⡀
⠀⠀⠀⠀⣠⣿⣿⣿⣿⡟⠛⠛⠛⠛⠛⠛⠛⠛⢻⣿⣷⣿⣿⣄
⠀⢠⣤⣼⣿⣿⣿⣿⣯⣤⡄⠀⠀⠀⠀⠀⠀⢠⣤⣽⣿⣿⣿⣿⣧⣤⡄
⠀⠸⠿⠿⠿⠿⠿⠿⠿⠿⠃⠀⠀⠀⠀⠀⠀⠘⠿⠿⠿⠿⠿⠿⠿⠿⠇
⠀⠀⠀⠀⠀⢀⡜⢣⡀
⠐⢶⡤⣄⡀⠞⡆⢰⠳⢀⣠⢤⡶⠂
⠀⠀⠙⣞⢯⠀⡇⢸⠀⡽⣳⠋
⠀⠀⠀⢹⣬⣓⡃⢘⣚⣥⡏
⠀⠀⠀⠀⢸⡿⡿⢿⢿⡇
⠀⠀⠀⠀⠀⠁⢷⡾⠈
⠀⠀⠀⠀⠀⠀⠘⠃
⠀⠀⠀⠀⠀⠀⠀⠀⠀⢀⡴⢦⡀
⠀⠀⠀⠀⠀⠀⠀⠀⢠⠏⠀⠀⠹⡄
⠀⠙⢿⡒⠦⣄⡀⠀⠟⢺⠀⠀⡗⠻⠀⢀⣠⠴⢒⡿⠋
⠀⠀⠀⠙⣦⠐⢟⠒⠀⢸⠇⠀⡇⠀⠒⡻⠂⣴⠋
⠀⠀⠀⠀⠘⣇⠈⢧⡀⢸⠀⠀⡇⠀⡼⠁⣸⠃
⠀⠀⠀⠀⠀⢹⣄⣈⣛⠛⠀⠀⠛⣚⣁⣠⡏
⠀⠀⠀⠀⠀⠘⠉⣿⣿⣿⣤⣤⣿⣿⣿⠉⠃
⠀⠀⠀⠀⠀⠀⠀⢸⡇⢿⡛⢛⡿⢸⡇
⠀⠀⠀⠀⠀⠀⠀⠀⠁⠸⡇⢸⠇⠈
⠀⠀⠀⠀⠀⠀⠀⠀⠀⠀⢻⡟
⠀⠀⠀⠀⠀⠀⠀⠀⠀⠀⠈⠁
⠀⠀⠀⠀⠀⠀⠀⠀⠀⠀⠀⠀⢀⡴⢦⡀
⠀⠀⠀⠀⠀⠀⠀⠀⠀⠀⠀⣠⠏⠀⠀⠹⣄
⠀⠠⣤⣀⡀⠀⠀⠀⠀⠀⣰⣏⣤⠀⠀⣤⣹⣆⠀⠀⠀⠀⠀⢀⣀⣤⠄
⠀⠀⠈⠳⣍⠙⠲⢤⣀⠀⠉⠁⣿⠀⠀⣿⠈⠉⠀⣀⡤⠖⠋⣩⠞⠁
⠀⠀⠀⠀⠘⢧⡀⠹⣟⠓⠀⠀⣿⠀⠀⣿⠀⠀⠚⣻⠏⢀⡼⠃
⠀⠀⠀⠀⠀⠈⣷⠀⠘⣧⠀⠀⣿⠀⠀⣿⠀⠀⣴⠃⠀⣾⠁
⠀⠀⠀⠀⠀⠀⠸⣇⠀⠘⠧⣤⡿⠀⠀⢿⣤⠼⠃⠀⣸⠇
⠀⠀⠀⠀⠀⠀⠀⣿⢶⣶⣦⣤⡀⠀⠀⢀⣤⣴⣶⡶⣿
⠀⠀⠀⠀⠀⠀⠀⠁⠀⣿⣿⣿⣷⣶⣶⣾⣿⣿⣿⠀⠈
⠀⠀⠀⠀⠀⠀⠀⠀⠀⢸⡏⢸⣿⠛⠛⣿⡇⢹⡇
⠀⠀⠀⠀⠀⠀⠀⠀⠀⠀⠇⠀⢿⡄⢠⡿⠀⠸
⠀⠀⠀⠀⠀⠀⠀⠀⠀⠀⠀⠀⠘⣇⣸⠃
⠀⠀⠀⠀⠀⠀⠀⠀⠀⠀⠀⠀⠀⢻⡟
⠀⠀⠀⠀⠀⠀⠀⠀⠀⠀⠀⠀⠀⠈⠁
⠀⠀⢸⢸⣟⠛⣻⣟⠛⣻⡇⡇
⠀⠀⢌⡾⢃⣴⣏⣹⣦⡘⢷⡡
⡗⣿⣭⣤⣭⣴⠄⠠⣦⣭⣤⣭⣿⢊
⠀⠀⠀⠀⡏⢰⣶⠶⠶⠶⢶⡶⠶⠶⠶⣶⡆⢹
⠀⠀⠀⠀⢧⢘⣿⡿⠁⣠⣾⣷⣄⠈⢿⣿⡃⡼
⠀⠀⠀⡴⣡⣾⠋⢀⣴⣟⣁⣈⣻⣦⡀⠙⣷⣌⢦
⡆⣠⣬⣴⠟⠁⣠⣿⠋⠀⠀⠀⠀⠙⢿⣄⠈⠻⣦⣥⣤⢰
⡇⠻⠿⠶⠶⠶⠶⠶⠾⠿⠀⠀⠿⠷⠶⠶⠶⠶⠶⠿⠟⢸
⠀⠀⠀⠀⠀⣿⢩⣭⣭⣭⣭⣭⣭⣭⣭⣭⣭⣭⣭⣭⣭⡍⣿
⠀⠀⠀⠀⠀⣿⢸⣿⣿⣤⡤⠀⢀⣴⣦⡀⠀⢤⣤⣿⣿⡇⣿
⠀⠀⠀⠀⠀⣹⠆⣴⣿⠟⠀⢠⣾⡿⢿⣷⡄⠀⠻⣿⣦⠰⣟
⠀⠀⠀⠀⡴⢁⣾⡿⠃⠀⣴⣿⠟⠀⠀⠻⣿⣦⠀⠘⢿⣷⡈⢦
⡤⠤⠤⠞⣠⣿⠟⠀⢀⣾⡿⠋⠉⠉⠉⠉⠙⢿⣷⡀⠀⠻⣿⣄⠳⠤⠤⢤
⡇⢸⣿⡟⠛⠋⠀⠐⠛⠛⢠⣤⡄⠀⠀⢠⣤⡄⠛⠛⠂⠀⠙⠛⢻⣿⡇⢸
⣇⣘⣛⣛⣛⣛⣛⣛⣛⣛⣛⣛⣃⣀⣀⣘⣛⣛⣛⣛⣛⣛⣛⣛⣛⣛⣃⣸
⢀⣀⣠⣤⣴⣶⣾⣿⣿⣿⣶⣄⡀
⠀⠀⠹⣿⠿⠿⣿⣿⡿⠛⠛⠛⠛⠉
⠀⠀⠀⠀⢀⣀⣠⣤⣴⣶⣾⣿⣿⣷⣾⣶⣦⣄
⠐⠶⠚⢿⣿⣿⣿⣿⣿⣿⣿⣿⣿⣿⣿⣿⣿⣟⣿⣶⣦⠤
⠀⠀⠀⠀⢿⣿⠿⠟⠻⠿⣿⣿⣿⠿⠋⠉⠉⠉⠉⠉⠁
⠀⠀⠀⠀⠀⢀⣀⣀⣠⣤⣤⣶⣶⣾⣿⣿⣿⣾⣾⣷⣦⣤⣀
⠐⠲⠖⠻⢿⣿⣿⣿⣿⣿⣿⣿⣿⣿⣿⣿⣿⣿⣿⣿⣿⣿⣟⣿⣶⣶⣤⠤
⠀⠀⠀⠀⠀⢹⣿⡿⠿⠟⠻⠿⢿⣿⣿⣿⡿⠟⠋⠉⠉⠉⠉⠉⠉⠉
⣿⠋⠈⠉⠙⠋⠋⠙⠙⠋⠉⠁⠙⣿
⠟⠁⠀⠀⠀⠀⠀⠀⠀⠀⠀⠀⠈⠻
⣇⣀⠀⠀⠀⠀⠀⠀⠀⠀⠀⠀⣀⣸
⣿⣿⣷⣶⣶⣀⠀⠀⣀⣶⣶⣾⣿⣿
⣿⣿⠋⠀⠉⠛⠛⠿⠛⠛⠛⠛⠛⠛⠿⠛⠛⠉⠀⠙⣿⣿
⣿⣿⡄⠀⠀⠀⠀⠀⠀⠀⠀⠀⠀⠀⠀⠀⠀⠀⠀⢠⣿⣿
⡋⠁⠀⠀⠀⠀⠀⠀⠀⠀⠀⠀⠀⠀⠀⠀⠀⠀⢀⠀⠀⢙
⣗⠉⠀⠀⠀⠀⠀⠀⠀⠀⠀⠀⠀⠀⠀⠀⠀⠀⠀⠀⠉⣺
⣿⣷⣶⣤⡀⣀⣀⡀⠀⠀⠀⠀⠀⠀⢀⣀⣀⢀⣤⣶⣾⣿
⣿⣿⣿⣿⣿⣿⣿⣿⣄⣀⡀⢀⣀⣠⣿⣿⣿⣿⣿⣿⣿⣿
⣿⣿⡿⠋⠈⠙⠛⠛⠿⣿⠿⠿⠿⠟⠻⠿⠿⠿⣿⠿⠛⠛⠋⠁⠙⢿⣿⣿
⣿⣿⡇⠀⠀⠀⠀⠀⠀⠀⠀⠀⠀⠀⠀⠀⠀⠀⠀⠀⠀⠀⠀⠀⠀⢸⣿⣿
⣿⡿⠟⠀⠀⠀⠀⠀⠀⠀⠀⠀⠀⠀⠀⠀⠀⠀⠀⠀⠀⠀⠀⠀⠀⠻⢿⣿
⡯⠀⠀⣀⡀⠠⠤⠄⠀⠀⠀⠀⠀⠀⠀⠀⠀⠀⠀⠀⠠⠤⠄⢀⣀⠀⠀⢽
⡷⠚⠉⠀⠀⠀⠀⠀⠀⠀⠀⠀⠀⠀⠀⠀⠀⠀⠀⠀⠀⠀⠀⠀⠀⠉⠓⢾
⣿⣶⣀⣀⠀⠀⠀⠀⠀⠀⠀⠀⠀⠀⠀⠀⠀⠀⠀⠀⠀⠀⠀⠀⣠⣀⣶⣿
⣿⣿⣿⣿⣿⣦⣤⣴⣶⣄⠀⠀⠀⠀⠀⠀⠀⠀⣠⣶⣦⣤⣴⣿⣿⣿⣿⣿
⣿⣿⣿⣿⣿⣿⣿⣿⣿⣿⣧⣄⣀⡀⢀⣀⣠⣼⣿⣿⣿⣿⣿⣿⣿⣿⣿⣿
⢀⣀⣠⡤⣶⣤⡶⣿⢶⣶⣤⣄⡀
⠈⠙⢧⣝⢦⡜⠧⣿⣾⣿⣿⣴⣿⡧
⠀⠀⠚⠻⠶⠾⣿⣿⣿⣿⡿⠿⠛⠉
⠀⠀⠀⠀⠀⣀⢠⡤⢄⣠⠶⣟⣶⡤⣤⡤⣀
⢠⠴⣶⣒⠺⣌⠉⠉⠛⣶⡌⢷⡈⠙⣯⢙⡤⠏⠑⢦⡀⡀
⠀⠀⠈⢿⣤⡘⠷⣤⡀⠻⣴⣾⣷⡄⣓⣿⣴⣆⠾⣸⡝⡅
⠀⠀⠀⠀⣼⡿⠁⠈⣁⣤⣤⣾⢻⣷⣼⣿⣯⣿⡟⣛⡡⠇
⠀⠀⠀⠉⠉⠙⠛⠉⠛⠳⠾⢽⣿⣿⣽⣿⡿⠟⠋
⠀⠀⠀⠀⠀⠀⢀⡀⢠⣄⣀⣀⣤⢦⣞⠦⠤⢤⡀⢀⣀
⠀⣀⣠⡤⠤⢴⡏⠛⠚⠓⠲⢦⣅⠐⢮⠉⠙⠳⣍⠻⠆⣹⠎⠢⣄
⠈⠉⠉⢹⣷⠀⠘⢦⣀⠀⠀⢸⡿⢀⡰⣟⠀⠐⣏⣰⡏⣁⠀⣠⡎⡷⣴
⠀⠀⠀⠀⠛⠿⣦⡤⠉⠛⡶⠀⠙⠛⢛⣮⣿⠂⢲⡿⣿⣛⣖⣈⣰⡷⠘⡇
⠀⠀⠀⠀⣀⣚⣿⢃⣀⣀⣤⡤⢶⣾⣽⣏⡿⣿⣾⣿⣶⣶⡾⣜⣉⠤⠚⠃
⠀⠀⠀⠀⠀⠀⠈⠉⠉⠉⠉⠙⠳⠶⠭⣭⣾⣿⣽⣯⣽⠟⠋⠋
⢳⣭⣲⡲⢶⣒⣒⣒⣒⣲⠶⣶⣶⣶
⠸⣿⣿⣿⣛⡉⠀⠀⠈⠙⣿⣦⢹⣿
⠀⢿⣉⣀⣀⣀⣠⣤⣀⣾⣽⣣⢾⠃
⠀⠀⠈⠙⠻⠿⢧⣬⠿⠟⠛⠉⠉
⢯⢍⡓⠶⣶⣶⣶⣶⣶⡶⠶⠶⠶⢶⣶⣶⣶⣶⣶⣶⣶⢰
⢸⢸⣯⣶⣿⣬⣙⠦⣶⣶⡦⠧⣾⣴⣢⢌⣍⠛⢿⣿⣿⢸
⢸⢸⣿⣿⣿⣿⠿⠛⠁⠀⠀⠀⠀⠀⠉⠳⣝⣷⡄⢹⣿⢸
⠘⡜⣿⣿⠭⠒⠛⠛⠉⠁⠀⠀⠀⠀⠀⣠⣏⣾⠃⣸⡿⡸
⠀⠵⣯⣄⣀⣀⣀⣀⣀⣠⣤⣶⣤⣄⣻⣷⣬⣑⠶⣟⡱⠁
⠀⠀⠈⠑⢝⡿⣿⣿⣿⣿⠛⠈⢻⣿⣿⣿⡿⢟⠟⠂⠃
⠀⠀⠀⠀⠀⠈⠁⠛⠛⠿⠿⡿⠿⠟⠛⠋⠈
⢯⣍⡙⠲⢤⣤⠴⣶⣤⣤⣤⣤⣤⣤⣤⣤⣤⣤⣤⣤⣤⣤⣤⣤⣤⣤⣤⢰
⠀⡇⣿⣓⡴⣲⣭⣙⠻⢭⣠⣤⢲⣆⣶⣰⡆⡤⢈⡍⣙⠻⢿⣿⣿⣿⣿⢸
⠀⡇⣿⣿⣿⣿⣿⣿⣿⠶⠘⠉⠉⠁⠀⠈⠉⠉⠛⢮⣝⢶⣤⠈⠻⣿⣿⢸
⠀⡇⣿⣿⣿⠿⣛⡭⠤⠤⠤⠆⠀⠀⠀⠀⠀⠀⠀⠀⣹⠆⣿⡇⠀⣿⡿⢸
⠀⠳⣹⡿⠟⠋⠁⠀⠀⠀⠀⠀⠀⠀⠀⠀⠀⢀⣠⣖⠻⢼⣟⢀⣴⣿⢃⠏
⠀⠚⠛⢶⡶⣦⣤⣤⣤⣤⣤⣶⣶⣿⢿⣷⣶⣶⣾⣿⣿⣶⣬⣙⠻⢵⠃
⠀⠀⠀⠀⠉⠪⢝⡻⢿⣿⣿⣿⣭⢉⣀⠩⣽⣿⣿⣿⡿⢟⠫⠛⠙⠚⠁
⠀⠀⠀⠀⠀⠀⠀⠀⠁⠘⠉⠛⠛⠿⣿⠿⠛⠛⠉⠂⠈
⣛⠛⠛⡛⠟⠁⢀⡀⠈⠻⢛⠛⠛⣛
⡿⠀⠀⠀⠠⣤⣬⣥⣤⠄⠀⠀⠀⢿
⣶⣤⣀⣀⠒⠚⠛⠛⠓⠒⣀⣀⣤⣶
⠿⠿⠿⠿⠿⠿⢿⡿⠋⠀⠀⠀⠀⠙⢿⡿⠿⠿⠿⠿⠿⠿
⣶⡄⠀⠀⠀⠤⠀⠀⠀⢀⣴⣦⡀⠀⠀⠀⠤⠀⠀⠀⢠⣶
⣿⡇⠀⠀⠀⠀⠀⣠⣤⣤⣤⣤⣤⣤⣄⠀⠀⠀⠀⠀⢸⣿
⣃⡀⠀⠀⠀⠀⣀⣀⣸⣿⣿⣿⣿⣇⣀⣀⠀⠀⠀⠀⢀⣘
⣿⣿⣶⣤⣄⣀⣀⡀⠈⠉⠉⠉⠉⠁⢀⣀⣀⣠⣤⣶⣿⣿
⡿⠿⠿⠿⠿⠿⠿⠿⣿⡿⠛⠁⠀⠀⠀⠀⠈⠛⢿⣿⠿⠿⠿⠿⠿⠿⠿⢿
⣀⣀⠀⠀⠀⠀⢀⡀⠈⠀⠀⠀⠀⣠⣄⠀⠀⠀⠀⠁⢀⡀⠀⠀⠀⠀⣀⣀
⣿⣿⠀⠀⠀⠀⠀⠀⠀⠀⠀⠀⠈⠉⠉⠁⠀⠀⠀⠀⠀⠀⠀⠀⠀⠀⣿⣿
⠿⠿⠀⠀⠀⠀⠀⠀⠀⠴⠿⣿⣿⣿⣿⣿⣿⠿⠦⠀⠀⠀⠀⠀⠀⠀⠿⠿
⣥⣤⡀⠀⠀⠀⠀⠠⠤⢤⣤⣿⣿⣿⣿⣿⣿⣤⡤⠤⠄⠀⠀⠀⠀⢀⣤⣬
⣿⣿⣿⣶⣤⣤⣀⣀⣀⣀⠀⠀⠀⠀⠀⠀⠀⠀⣀⣀⣀⣀⣤⣤⣶⣿⣿⣿
⠀⠀⠀⠀⢾⣹⣿⣿⣿⡗
⠀⠀⠀⣻⣿⠛⠛⢿⣻⣿⣟
⠈⠻⣿⣿⣿⡗⢨⡿⢛⣿⣿⣿⠟⠁
⠀⠀⠀⠙⠛⠿⢾⡷⠿⠛⠋
⠀⠀⠀⠀⠀⠀⢰⣶⢺⣿⣿⣿⣿⣶⣶⡆
⠀⠀⠀⠀⢀⣠⣤⣿⣾⣿⣿⣿⣿⣿⣿⣤⣄⡀
⠀⠀⠀⠀⢀⣉⣿⡟⠉⠋⢋⡹⢭⣭⣿⣿⣉⡀
⠀⠻⣿⣿⣿⣿⣿⣟⠢⢌⣙⣿⡷⠖⣻⣿⣿⣿⣿⣿⠟
⠀⠀⠀⠙⠻⣿⣿⣿⣯⣕⣲⣖⣪⣽⣿⣿⣿⠟⠋
⠀⠀⠀⠀⠀⠀⠉⠙⠻⠿⢿⡿⠿⠟⠋⠉
⠀⠀⠀⠀⠀⠀⠀⠀⢴⣶⠒⣶⣶⣶⣶⣶⣶⣶⣶⡦
⠀⠀⠀⠀⠀⠀⠀⠀⢸⣿⣀⣿⣿⣿⣿⣿⣿⣿⣿⡇
⠀⠀⠀⠀⠀⠀⢶⣿⣿⣿⣿⡿⢿⣿⣿⡿⢿⣿⣿⣿⣿⣶
⠀⠀⠀⠀⠀⣀⣀⣬⡿⣏⠀⠉⠉⢁⡸⠧⢤⣼⣿⣽⣥⣀⣀
⠀⠙⢿⣿⣿⣿⣿⣿⣿⣷⢦⣄⠈⠛⣿⣷⣶⡶⣾⣿⣿⣿⣿⣿⣿⡿⠋
⠀⠀⠀⠙⢿⣿⣿⣿⣿⣿⣒⠦⢭⣙⣋⡭⠴⣒⣿⣿⣿⣿⣿⡿⠋
⠀⠀⠀⠀⠀⠈⠛⠿⣿⣿⣿⣿⣶⣼⣧⣶⣿⣿⣿⣿⠿⠛⠁
⠀⠀⠀⠀⠀⠀⠀⠀⠀⠉⠙⠛⠿⠿⠿⠿⠛⠋⠉
⣠⣴⣖⣈⡉⠉⠽⣿⠯⢉⣑⣲⣦⣄
⠙⠻⠿⢿⣿⣓⣀⣀⣚⣿⡿⠿⠟⠋
⠀⠀⣀⣤⡴⠶⠖⠚⠛⠛⣿⣿⣿⡟⠓⠲⠶⢦⣤⣀
⣴⣿⣿⣿⣶⣶⣤⡀⠀⠉⠻⢿⠿⠋⢀⣠⣶⣤⣿⣿⣿⣦
⠻⣿⣿⣿⣿⣿⣿⣿⣷⡄⠀⠀⢠⣶⣿⣿⣿⣿⣿⣿⣿⠟
⠀⠀⠉⠛⠻⠿⠿⣿⣤⣤⣤⣤⣤⣤⣽⠿⠿⠟⠛⠉
⠀⠀⠀⢀⣀⣤⣴⠶⠶⠾⠛⠛⠻⣿⣿⣿⣿⠿⠷⠶⢶⣦⣤⣀⡀
⢀⣴⣾⣿⣿⣅⣠⣄⠀⠀⠀⠘⠻⣿⣿⣿⣿⠖⠀⠀⣠⣀⣉⣿⣿⣷⣦⡀
⣿⣿⣿⣿⣿⣿⣿⣿⣿⣦⣄⠀⠀⠀⠙⠋⠀⣠⣴⣿⣿⣿⣿⣿⣿⣿⣿⣿
⠈⠻⢿⣿⣿⣿⣿⣿⣿⣿⡿⠿⠀⠀⠀⠀⠿⠿⣿⣿⣿⣿⣿⣿⣿⡿⠟⠁
⠀⠀⠀⠈⠉⠛⠻⠿⠿⢿⣤⣤⣤⣤⣤⣤⣤⣤⡿⠿⠿⠟⠛⠉⠁
⠀⠀⠀⣀⢤⣄⡀
⠀⠸⣇⣿⣿⣿⣿⣷⣤⣀
⣿⣿⣿⣿⣿⣿⣿⣿⣿⣿⣿⣦⣄⡀
⠿⣿⣿⣿⣿⡟⠨⣿⣿⡿⠿⣿⣿⠖
⠀⠈⠛⢛⣥⣾⣿⠿⠟⣛⣲⣦⣤⣱
⠀⠀⠀⠀⡄⠀⣇⣀
⠀⠀⡆⣄⠃⣷⣼⣿⣿⣦⣄⡀
⠀⠀⡇⣿⡇⣿⡿⣿⣿⣿⣿⣿⣷⣤⣀
⣷⣿⣶⣿⣟⣿⣿⣿⣿⣿⣿⣿⣿⣿⣿⣷⣦⣄⡀
⣿⣿⣿⣿⣿⣿⣿⣿⣽⠛⣿⣿⣿⣿⣿⣿⣿⣿⣿⣶⡴⡀
⡿⣿⣧⣽⣿⣿⣿⣿⡿⠃⣙⣿⣾⣽⣿⣿⣿⣿⣿⣿⣷⠎
⠑⠍⠻⣿⣿⣿⡿⠟⣓⣤⣬⣿⣿⣯⣭⡭⢍⣉⠉⠉⠳⡄
⠀⠀⠀⠪⠭⠥⠶⠿⠿⠿⠿⠿⠿⠯⢥⣉⣙⣺⣽⣒⠤⣿
⠀⠀⠀⠀⠀⣄⠀⢸⢁⡀
⠀⠀⢠⠤⢀⡇⣤⣌⢸⣿⣶⣤⣀⠄⡀
⠀⠀⢸⢸⣷⡄⣿⣿⢸⣿⣿⣿⣿⣷⣦⣔⡠⢀
⡀⠀⠸⠘⣿⣇⢻⣿⡸⣿⣿⣿⣿⣿⣿⣿⣿⣶⣤⣂⠄⡀
⡇⣿⣿⢸⣿⣭⣛⡿⣿⣿⣿⣿⣿⣿⣿⣿⣿⣿⣿⣿⣷⣮⣔⡠⢀
⡇⣿⣿⢸⣿⣿⣿⣿⣿⣿⣭⡛⠿⣿⣿⣿⣿⣿⣿⣿⣿⣿⣿⣿⣶⣕⢦
⡇⣿⣿⣜⢿⣿⣿⣿⣿⣿⣿⣷⡀⠿⢿⣏⣻⢿⣿⣛⣛⣛⣛⣛⣛⣛⣡⡇
⢇⠻⢿⣿⣿⣾⣿⣿⣿⣿⣿⣀⠀⠻⢿⣿⣿⡿⠿⠿⠿⠿⠿⠿⠿⢿⡋⠁
⠀⠑⠢⡺⢽⣿⣿⡿⠛⢉⣠⣴⣾⣿⣿⣿⣿⣿⠿⢽⣒⠦⢄⣀⠀⠀⠹⣄
⠀⠀⠀⠈⠒⠤⠤⠶⠾⠿⠿⠿⠿⠿⠿⠟⠻⠤⠤⢤⣌⣉⣓⣮⣝⡒⠦⣿
⠛⣿⣟⠛⠛⠛⠛⢛⣷⡦
⠀⣿⣿⢛⣛⣛⣛⠛⣿⡧⢀⣤⣤⣀
⠶⠿⠿⠶⢾⣿⡷⠾⠟⠃⠀⢹⣿
⠀⠀⠀⠀⠸⢿⣧⣤⣤⣤⣤⣼⠿
⠿⢿⣿⣿⠿⠿⠿⠿⠿⠿⠿⠿⣿⣶⣤⡀
⠀⢸⣿⣿⣇⣀⣀⣀⣀⣀⣀⣀⣼⣿⣿⠇
⠀⢸⣿⣿⡟⠛⣛⣛⣛⣛⣛⠛⢿⣿⣷⡄⢀⣀⣀⣀⣀⣀
⠀⢸⣿⣿⡇⠘⠻⡿⠿⡿⠛⠀⣸⣿⣿⡇⠘⠻⣿⣿⡟⠛
⠿⠿⠿⠿⠿⠿⠿⣿⣿⣿⠿⠿⠿⠛⠉⠀⠀⠀⣿⣿⡏
⠀⠀⠀⠀⠀⠀⠀⣿⣿⣿⠀⠀⠀⠀⠀⠀⠀⠀⣿⣿⡇
⠀⠀⠀⠀⠀⠀⠀⠙⠿⣿⣷⣶⣶⣶⣶⣶⣶⣾⡿⠟⠃
⣿⣿⣿⣿⣿⣿⣿⣿⣿⣿⣿⣿⣿⣿⣿⣿⣷⣦⣄
⠀⠀⣿⣿⣿⡆⠀⠀⠀⠀⠀⠀⠀⠀⠀⢹⣿⣿⣿⡇
⠀⠀⣿⣿⣿⣷⣶⣶⣶⣶⣶⣶⣶⣶⣶⣿⣿⣿⡟⠁
⠀⠀⣿⣿⣿⡏⠉⣉⣉⣉⣉⣉⣉⣉⠉⢻⣿⣿⣿⡆⠀⣀⣀⣀⣀⣀⣀⣀
⠀⠀⣿⣿⣿⡇⠀⠻⠿⣿⣿⣿⡿⠿⠀⢸⣿⣿⣿⡇⠀⠿⢿⣿⣿⣿⠿⠿
⣿⣿⣿⣿⣿⣿⣿⣿⣿⣿⣿⣿⣿⣿⣿⣿⣿⠿⠛⠁⠀⠀⢸⣿⣿⣿⡇
⠀⠀⠀⠀⠀⠀⠀⠀⠈⣿⣿⣿⡇⠀⠀⠀⠀⠀⠀⠀⠀⠀⢸⣿⣿⣿⡇
⠀⠀⠀⠀⠀⠀⠀⠀⠀⣿⣿⣿⣇⠀⠀⠀⠀⠀⠀⠀⠀⠀⣸⣿⣿⣿⡇
⠀⠀⠀⠀⠀⠀⠀⠀⠀⠙⠻⢿⣿⣿⣿⣿⣿⣿⣿⣿⣿⣿⣿⡿⠟⠋
⠀⠀⠀⠀⣰⡖⠒⠒⠒⠒⣶⣿
⠀⠀⢀⡾⠿⠉⣉⣉⣉⡉⠉⢻⣦
⠘⢿⡛⠚⢓⡨⠗⠋⣯⣤⣶⡿⠋
⠀⠈⠛⢺⣥⣶⣶⣿⣿⣿⣿⣿⣦⡀
⠀⠀⠀⡿⠟⠛⠉⠉
⠀⠀⠀⠀⠀⠀⠀⣤⡴⠶⠶⠶⢤⣤⣤⣤⣶⣶⣿
⠀⠀⠀⠀⠀⣀⣼⡿⣃⣠⡤⠤⠤⠤⠤⢼⣿⣿⣋
⠀⠀⠀⠀⣨⣿⠿⢯⣁⣀⣀⣀⣤⣀⡀⠀⠀⠉⢿⣷⡀
⠰⣶⣤⣾⣿⣥⠤⠤⠤⢖⣋⠭⢞⡷⢃⣀⣠⣴⣿⡿⠁
⠀⠘⢿⣦⡀⠀⣀⣠⠖⠋⠀⠀⣸⣿⣿⣿⣿⣿⡋
⠀⠀⠈⠻⠿⢿⣥⣴⣶⣶⣿⣿⣿⠿⠿⣿⣛⣛⣿⣶⣄
⠀⠀⠀⠀⢀⣾⣿⣿⣿⣿⡿⠶⠟⠛⠛⠉⠉⠉⠉⠉⠙⠃
⠀⠀⠀⠀⢸⠿⠛⠋⠉
⠀⠀⠀⠀⠀⠀⠀⠀⠀⣠⣤⣤⣶⣦⣤⣤⣤⣤⣤⣤⣤⣴⣶⣾⠁
⠀⠀⠀⠀⠀⠀⠀⢀⣸⣿⣯⠀⠀⠀⠀⣀⣈⣉⠉⠡⣾⣿⣿⡿⠁
⠀⠀⠀⠀⠀⠠⣴⣿⣿⡷⠶⠚⠋⠉⠉⠉⠉⠉⠉⠉⠙⠛⢿⣶⣤⡀
⠀⠀⠀⠀⢀⣴⣿⠟⠙⠒⠶⠤⠤⢤⣶⣶⣶⢦⡄⠀⠀⠀⠀⣹⣿⣷
⠘⢶⣶⣶⠿⠿⡥⠶⠶⠦⠴⠒⣋⣩⠴⠒⣯⠞⢁⣀⣠⣤⣶⣿⣿⠇
⠀⠈⢻⣿⣦⠀⠀⠀⠀⣀⡴⠞⠉⠀⠀⢰⣿⣿⣿⣿⣿⣿⣿⠟⠁
⠀⠀⠀⠙⣿⣷⣶⣞⣋⣉⣀⣤⠤⣶⣶⣿⠿⢿⣛⣛⣛⣛⣿⣷⣦⡀
⠀⠀⠀⠀⠈⠉⢉⣿⣿⠿⣖⣺⠭⢗⣒⣻⣯⣭⣥⣶⡶⠶⠶⠾⠿⣿⣦⡀
⠀⠀⠀⠀⠀⠀⣾⣿⣿⣯⣷⡾⠿⠛⠛⠉⠉
⠀⠀⠀⠀⠀⢰⠿⠛⠋⠉
⠀⠀⠀⣠⡷⣁⡔⣮⣝⢷⠄⣄⡀
⠀⠀⢰⡿⣷⣭⣸⡻⣿⣿⣷⡏
⣦⣶⢻⡟⣿⠹⣿⣿⡿⣿⣿⡿⢶⣦
⠟⠛⢛⠛⣛⢛⡟⠛⢛⡛⣃⠃⠚⠂
⠀⠀⠀⠀⠀⢀⣿⠶⡱⡐⡖⠶⣍⡷⣧⢦⠤⣀⠀⡀
⠀⠀⠀⠀⣠⣿⣿⣌⡳⠙⡔⢿⣿⡿⣴⡿⣖⣼⠟⠁
⠀⠀⠀⢠⣿⣶⣽⣾⠿⣷⣽⣶⣴⣾⣭⣿⣿⣿⡄
⢳⣿⢽⡇⣿⢍⢹⡏⡀⡿⣷⢿⡷⡏⢹⢾⡷⣼⠘⢹⡏⠗
⠓⠛⠛⠛⣛⠛⢋⡙⠙⣙⠚⢋⠓⢋⡛⠚⣓⠚⠒⠚⠓
⠀⠀⠀⠀⠀⠀⠀⠰⣯⣬⠑⡖⠲⡦⣲⣍⢻⡜⣃⣄⢀⡀
⠀⠀⠀⠀⠀⠀⣰⣿⣿⠁⢷⠘⣌⢡⣧⣶⣶⡮⢍⡼⢅⡀⢳⣦⠆
⠀⠀⠀⠀⠀⢴⡿⣿⡻⣶⣤⣁⠰⡆⠟⡿⠿⠗⣿⣞⣭⣴⣿⠋
⠀⠀⠀⠀⣠⣿⣿⣮⣽⣶⠿⣿⣷⣽⣶⣶⣶⣫⣵⢿⣿⣿⣿⡄
⢦⢰⣖⣲⠎⣿⡟⠟⢻⡟⠀⢸⣿⣧⣿⡟⣽⡟⢻⡍⣿⣇⣻⠱⠖⣶⢲⣎
⡸⢸⣏⣹⣇⣿⣏⣶⣸⣧⣴⣸⡍⠿⣹⣧⠻⣇⡼⢃⣷⠘⢿⠀⢀⣿⡨⠁
⠉⠉⠉⠉⠉⣭⡍⠉⣭⡍⠉⢩⣩⠉⢩⡍⠉⣭⡍⠉⢩⣍⠉⠉⠉⠉⠉
⠀⢀⣀⢰⣶⡶⣶⣶⣶⣶⣄⣀⡀
⠀⣿⡟⢹⣿⣏⣉⣉⣹⣿⠏⠹⠿
⠀⣿⣇⣸⣿⣏⣉⣉⣹⣿⣆⣴⣶
⠀⠈⠉⠹⠿⠿⠿⠿⠾⠿⠃⠉⠁
⠀⠀⠀⠀⠀⢠⣶⣶⣶⣶⣶⣶⣶⣶⣦⣄⡀
⠀⢠⣴⣶⣶⢸⣿⣿⡇⣿⣿⣿⣿⣿⣿⣿⣶⣶⣶⣦⡄
⠀⢸⣿⣿⠀⢸⣿⣿⣧⣤⣤⣤⣤⣼⣿⡿⠂⠀⠛⠛⠃
⠀⢸⣿⣿⠀⠸⣿⣿⡟⠙⠛⠛⠋⢻⣿⣷⡆⠀⣤⣤⡄
⠀⠘⠻⠿⠿⠿⣿⣿⣿⣿⣿⣿⣿⢸⣿⣿⡇⠿⠿⠿⠃
⠀⠀⠀⠀⠀⠘⠿⠿⠿⠿⠿⠿⠿⠿⠟⠋⠁
⠀⠀⠀⠀⠀⠀⠀⣤⣤⣤⣤⣤⣤⣤⣤⣤⣤⣤⣤⣀
⠀⠀⠀⣀⣤⣤⡄⣿⣿⣿⣿⢻⣿⣿⣿⣿⣿⣿⣿⣿⣿⣤⣤⣤⣀
⠀⢰⣿⣿⣿⡿⠇⣿⣿⣿⣿⠸⠿⠿⠿⠿⠿⣿⣿⣿⣿⠿⢿⣿⣿⣿⡆
⠀⢸⣿⣿⣿⡇⠀⣿⣿⣿⣿⣤⣤⣤⣤⣤⣤⣿⣿⡿⠛⠀⠈⠉⠉⠉⠁
⠀⢸⣿⣿⣿⡇⠀⣿⣿⣿⣿⠛⠛⠛⠛⠛⠛⣿⣿⣿⣦⠀⢀⣀⣀⣀⡀
⠀⠸⣿⣿⣿⣷⣶⣿⣿⣿⣷⣶⣶⣶⣶⣶⡆⣿⣿⣿⣿⢰⣾⣿⣿⣿⠇
⠀⠀⠀⠉⠛⠛⠛⣿⣿⣿⣿⣿⣿⣿⣿⣿⣧⣿⣿⣿⣿⠘⠛⠛⠋⠁
⠀⠀⠀⠀⠀⠀⠀⠛⠛⠛⠛⠛⠛⠛⠛⠛⠛⠛⠛⠉
⠀⠀⠸⣀⠀⠀⠀⣀⡀⠀⠀⢀⣶⡄
⠀⢀⠔⠁⠀⢠⣤⠀⠀⠀⣺⡟⠋
⠠⣯⣤⣤⣤⣤⣤⣤⣤⠾⠟⠁
⠀⠀⠀⠐⡏⠉⠉⠉⠉⠉⠉⠉⠉⠉⠉⠉⠉⠑⠒⣤⣀
⠀⠀⠀⠀⢙⡿⠛⠋⠁⠀⢠⠾⠟⠛⠁⠀⢀⣀⣴⣿⡿⠃
⠀⠀⠀⣠⠎⠀⠀⠀⢀⣴⣤⡀⠀⠀⠀⠙⣿⣿⡛⠉⠁
⠀⢀⡜⠁⠀⠀⠀⠀⠛⠛⠋⠀⠀⠀⣀⣼⣿⡿⠃
⠐⠿⣶⣶⣶⣶⣶⣶⣶⣶⣶⣶⣶⠿⠿⠟⠋
⠀⠀⠀⠀⠀⣿⠉⠉⠉⠉⠉⠉⠉⠉⠉⠉⠉⠉⠉⠉⠉⠑⠒⠒⢤⣀
⠀⠀⠀⠀⠀⠹⢶⡶⠶⠖⠒⠀⠀⢀⣴⣶⠶⠶⠒⠀⠀⠀⠀⣠⣾⣿⣿⠂
⠀⠀⠀⠀⠀⣠⠞⠀⠀⠀⠀⠀⣀⠉⠁⠀⠀⠀⠀⠤⣴⣶⣾⣿⠿⠟⠁
⠀⠀⠀⢠⠞⠁⠀⠀⠀⠀⢠⣾⣿⣷⠆⠀⠀⠀⠀⠀⣼⣿⣷⡄
⠀⢀⡴⠋⠀⠀⠀⠀⠀⠀⠉⠉⠁⠀⠀⠀⠀⣀⣤⣾⣿⣿⠋
⠀⠻⠶⣶⣶⣶⣶⣶⣶⣶⣶⣶⣶⣶⣾⡿⠿⠿⠿⠛⠋
⣿⠿⠟⠋⠉⠁⠀⠀⠈⠉⠉⠻⣿⣿
⡗⠀⠀⠀⠀⠀⠀⣀⣀⡀⠀⠀⠈⢙
⣷⣤⣀⡀⠀⠀⠀⠀⣉⣛⣷⣶⣾⣿
⣿⣿⣿⣿⣿⠯⠉⠉⠉⠉⠉⠁⠉⠉⠉⠉⠛⢿⣿⣿⣿⣿
⡿⠛⠉⠁⠀⠀⠀⠀⠀⠀⠀⠀⠀⠠⠀⠀⠀⠀⠙⢿⣿⣿
⡟⠁⠀⠀⠀⠀⠀⠀⠀⠀⠀⣀⣀⡀⠀⠀⠀⠀⠀⠀⠈⢙
⣧⡀⠀⠀⠀⠀⠀⠀⠀⠀⠀⠉⠻⢿⣿⣶⣤⣤⣤⣤⣴⣾
⣿⣿⣶⣤⣀⣀⡀⠀⠀⠀⠀⠀⢀⣀⣀⣭⣽⣿⣿⣿⣿⣿
⣿⣿⣿⣿⣿⣿⣿⡏⠉⠉⠉⠉⠉⠉⠁⠉⠉⠉⠉⠉⠛⠻⣿⣿⣿⣿⣿⣿
⣿⣿⠿⠛⠉⠁⠀⠀⠀⠀⠀⠀⠀⠀⠀⠀⠀⢀⠀⠀⠀⠀⠈⠻⣿⣿⣿⣿
⣿⠖⠀⠀⠀⠀⠀⠀⠀⠀⠀⠀⠀⠀⠀⠀⠀⠈⠁⠀⠀⠀⠀⠀⠈⠙⠻⢿
⡏⠀⠀⠀⠀⠀⠀⠀⠀⠀⠀⠀⠀⠀⢤⣤⣤⣤⣄⣀⠀⠀⠀⠀⠀⠀⠀⣰
⣿⣄⠀⠀⠀⠀⠀⠀⠀⠀⠀⠀⠀⠀⠀⠉⠛⠿⠿⣿⣷⣶⣶⣶⣶⣾⣿⣿
⣿⣿⣿⣶⣤⣤⣀⣀⡀⠀⠀⠀⠀⠀⠀⢀⣀⣀⣤⣤⣶⣿⣿⣿⣿⣿⣿⣿
⠀⠀⣠⣾⣿⣟⣛⣻⣿⡿⠗⣀
⠠⠾⠿⠿⢿⣿⣿⣿⡿⡿⠿⠿⠶⠂
⠀⠀⢀⣴⣿⣿⣭⣭⣽⣾⠶⠂
⠀⠀⠀⠀⣠⣾⣿⣿⡿⠿⠿⠿⢿⣿⣿⣿⡷
⠀⠀⣠⣾⣿⣿⣿⣿⣿⣿⣿⣿⣿⣿⣿⣋⣠⣤⣾
⣠⣾⣿⣿⣿⣿⣿⣿⣿⣿⣿⣿⣿⣿⣿⡿⣿⣿⣿⣿⠟⠉
⠀⠀⠀⠀⠀⠀⣠⣾⣿⣛⠿⠿⠿⢷⣸⣦⣤⣤⡄
⠀⠀⠀⠀⣠⣾⣿⣿⣿⣷⣶⣶⣶⣾⣿⡿⠟⠋
⠀⠀⠀⠀⠀⠀⣠⣾⣿⣿⣿⣿⣿⣿⣿⣿⣿⣿⣿⣿⣿⡦
⠀⠀⠀⠀⣠⢾⣿⣿⣿⣷⣯⣤⣤⣤⣤⣴⣿⣿⣿⡿⠞⠁⠀⣠⠆
⠀⠀⢀⣼⣵⣿⣿⣿⣿⣿⣿⣿⣿⣿⣿⣿⣿⣯⣿⣤⣴⣶⣿⣿⣃⣀⣀⣀
⢀⡴⣿⣿⣿⣿⣿⣷⣿⣿⣿⣿⣿⣿⣿⣿⣿⣿⣿⣿⢿⡿⣿⣿⣿⣿⠞⠁
⠉⠉⠉⠉⠉⠉⠉⠉⢉⣽⣿⣿⣿⣿⣿⣿⣿⡍⢩⣥⠈⠉⠉⠉⠉⠁
⠀⠀⠀⠀⠀⠀⢀⡴⣻⣿⣿⣷⠞⠙⠋⠉⠛⣻⣾⣿⣿⣿⡽⠃
⠀⠀⠀⠀⠀⣠⣾⣾⣿⣿⣷⣿⣿⣿⣿⣿⣿⣿⣿⡿⠟⠋
⠻⣿⡟⠛⢻⣷⡌⢻⣿⡟⠘⢻⣿⠟
⠀⣿⡟⠛⢻⣿⣷⣾⢻⡇⠀⢸⣿
⠾⠿⠷⠶⠾⠟⢁⣤⡤⠶⠶⠾⠟
⠿⣿⣿⣿⡿⠿⠿⣿⣷⣦⠸⢿⣿⣿⣿⠿⠸⢿⣿⣿⣿⠿
⠀⣿⣿⣿⣄⣀⣠⣿⣿⡿⣀⢰⣿⣿⡇⠀⠀⠀⣿⣿⣿
⠀⣿⣿⣿⠛⠛⠛⣿⣿⣿⣷⣾⡟⢻⡇⠀⠀⠀⣿⣿⣿
⣀⣿⣿⣿⣀⣀⣀⣿⣿⣟⠛⠛⠉⠙⢃⣀⣀⣀⣿⣿⣿
⠛⠛⠛⠛⠛⠛⠛⠛⠫⠅⣉⡵⢿⠟⠛⠛⠛⠛⠛⠋⠁
⣿⣿⣿⣿⣿⣿⣿⣿⣿⣿⣿⣶⡄⢸⣿⣿⣿⣿⣿⣿⠀⣿⣿⣿⣿⣿⣿⣿
⠀⢸⣿⣿⣿⡇⠀⠀⢀⣿⣿⣿⡇⠀⠀⣿⣿⣿⡏⠀⠀⠀⢸⣿⣿⣿⡇
⠀⢸⣿⣿⣿⣿⣿⣿⣿⣿⣿⣯⣶⣊⣀⡿⣿⣿⡇⠀⠀⠀⢸⣿⣿⣿⡇
⠀⢸⣿⣿⣿⡇⠀⠀⠀⣿⣿⣿⣿⣟⣿⣯⡄⣽⡇⠀⠀⠀⢸⣿⣿⣿⡇
⣤⣼⣿⣿⣿⣧⣤⣤⣴⣿⣿⣽⣏⣉⡉⠀⢀⣙⣡⣤⣤⣤⣼⣿⣿⣿⡇
⠛⠛⠛⠛⠛⠛⠛⠛⠛⠛⠛⠢⠄⣀⡽⠿⠿⠛⠛⠛⠛⠛⠛⠛⠋⠁
⠘⢯⡉⣩⣭⣍⢱⣶⣾⣿⣿⣿⣦⣄
⠀⢸⡇⣬⠭⡁⠘⠿⢿⣿⣿⡿⠉⠉
⠰⠿⠤⣤⠠⣥⣚⠓⢾⠿⠿⠅
⠀⠀⠀⢿⣈⣛⣛⣃⣸
⠘⠿⣿⡛⠛⣛⣛⣛⣛⠛⢳⣦⣴⣶⣿⣿⣿⣿⣿⢦⣄⡀
⠀⠀⣾⡇⠀⣛⣛⣛⣛⠀⢼⣿⣿⣿⣿⣿⣿⣿⡿⠛⠛⠟
⠀⣠⡿⠇⠀⠿⠁⠠⠶⠀⣠⣦⡀⣿⣿⣿⣿⡿⠁
⠈⠉⠉⠉⢹⣿⠀⢸⣿⣭⣭⡍⠉⣿⡏⠛⠛⠃
⠀⠀⠀⠀⠘⠿⣤⣈⣉⣉⣉⣁⣀⣿⡇
⠘⢿⣿⡛⠛⠛⠛⠛⠛⠛⠛⠛⠳⢶⣄⣠⣴⣶⣾⣿⣿⣿⣿⣿⣦⣀
⠀⠀⠉⣿⡇⠀⢸⣿⣿⣿⣿⡇⠀⢸⣿⣿⣿⣿⣿⣿⣿⣿⣿⣿⣭⣭⣻⣦
⠀⠀⠀⣿⡇⠀⢠⣤⣤⠤⠤⠄⠀⠻⠿⠿⢿⣿⣿⣿⣿⣿⣿⡟⠁⠀⠉⠁
⠀⢀⣤⡿⠇⠀⠸⠏⠀⠰⠶⠆⠀⢰⣦⡀⢸⣿⣿⣿⣿⣿⡟
⠰⠿⠿⠶⠶⠶⣶⡆⠀⢰⣶⣒⠚⠛⠛⠛⢻⣿⡿⠿⠿⠿⠦
⠀⠀⠀⠀⠀⠀⣿⡇⠀⢸⣿⣿⣿⣿⡇⠀⢸⣿⡇
⠀⠀⠀⠀⠀⠀⠛⠷⣤⣤⣤⣤⣤⣤⣤⣤⣼⣿⡇
⣤⠒⠒⣉⣉⣉⣉⣉⣉⣉⡙⠒⠲⣤
⣿⠀⠀⢨⡇⢸⣏⣉⣿⢀⡿⠀⠀⣿
⣿⠀⠀⣸⡇⢸⣯⣭⣿⣀⡷⠀⠀⣿
⠈⠑⠲⠭⠭⣍⣉⣉⣩⠭⠤⠖⠊⠁
⢀⣀⣤⠤⠶⠒⠚⠛⠛⠉⠉⠉⠉⠛⠛⠓⠒⠶⠤⣤⣀⡀
⣿⡇⠀⠀⠀⢶⣶⡒⢒⣒⣒⣒⣒⣒⡲⢦⣄⠀⠀⠀⢸⣿
⣿⡇⠀⠀⠀⠀⣿⡇⢸⣿⠉⠉⠉⣿⡇⢸⣿⠀⠀⠀⢸⣿
⣿⡇⠀⠀⠀⠀⣿⡇⢨⣭⠭⠭⢭⣭⡅⢺⣭⠀⠀⠀⢸⣿
⣿⡇⠀⠀⠀⢀⣿⡇⢸⣿⣀⣀⣠⣿⡇⢸⣿⠀⠀⠀⢸⣿
⠈⠻⣤⣀⠀⠛⠛⠒⠒⠒⠒⠒⠒⠒⠚⠋⠁⠀⣀⣤⠟⠁
⠀⠀⠀⠈⠉⠛⠒⠲⠦⢤⣤⣤⡤⠴⠖⠒⠛⠉⠁
⠀⠀⣀⣀⣤⡤⠶⠶⠖⠛⠛⠛⠛⠛⠛⠛⠛⠛⠓⠲⠶⠶⢤⣤⣀⣀
⣾⡟⠉⠁⠀⠀⢠⣤⣤⣤⣤⣤⣤⣤⣤⣤⣤⣤⣤⣀⠀⠀⠀⠀⠉⠉⢻⣶
⣿⡇⠀⠀⠀⠀⠘⢻⣷⡆⢠⣶⡶⠶⠶⠶⢶⣶⡎⢹⣿⡆⠀⠀⠀⠀⢸⣿
⣿⡇⠀⠀⠀⠀⠀⢸⣿⡇⢸⣿⣇⣀⣀⣀⣸⣿⡇⢸⣿⡇⠀⠀⠀⠀⢸⣿
⣿⡇⠀⠀⠀⠀⠀⢸⣿⡇⢠⣭⣭⣭⣭⣭⣭⣭⡅⢺⣯⡄⠀⠀⠀⠀⢸⣿
⣿⡇⠀⠀⠀⠀⠀⢸⣿⡇⢸⣿⡇⠀⠀⠀⢸⣿⡇⢸⣿⡇⠀⠀⠀⠀⢸⣿
⠹⣷⣄⠀⠀⠀⢰⣾⣟⣃⣈⣛⣛⣛⣛⣛⣛⣛⣡⣼⠿⠃⠀⠀⠀⣠⣾⠏
⠀⠈⠛⠷⣦⣄⣈⣉⠉⠉⠉⠉⠉⠉⠉⠉⠉⠉⠉⠀⣀⣀⣠⣴⠾⠛⠁
⠀⠀⠀⠀⠀⠀⠉⠉⠛⠛⠲⠶⠦⣤⣤⠴⠶⠖⠛⠛⠉⠉
⠀⡆⠀⠀⠀⠀⠀⠀⠀⠀⠀⠪⢙⠿
⣤⡅⡆⠀⠀⠀⡂⣶⢔⠀⠀⠀⢸
⣿⡇⡇⠀⠀⠀⡀⠀⢀⠀⠀⠐⢍⠺
⠛⡃⠇⠀⠀⠀⠇⠿⠪⠀⠀⠀⢸
⠀⠇⠀⠀⠀⠀⠀⠀⠀⠀⠀⢔⣪⣴
⠀⢰⠒⠒⠒⠒⠒⠒⠒⠒⠒⠒⠒⠒⠒⠒⠒⠦⣍⠛⠿⣿
⠀⠸⠀⢀⠀⠀⠀⠀⠀⣀⠀⠀⠀⢀⡀⠀⠀⠀⠀⢹⡆⢸
⣶⣶⠀⢸⠀⠀⠀⠀⠀⢿⣘⠿⠿⣸⡇⠀⠀⠀⠀⢸⡇⢸
⣿⣿⠀⢸⠀⠀⠀⠀⠀⠀⠀⠀⠀⠀⠀⠀⠀⠐⠪⢅⡐⠺
⠿⠿⠀⢸⠀⠀⠀⠀⠀⣾⢡⣶⣶⢸⡇⠀⠀⠀⠀⠀⡇
⠀⢸⠀⠈⠀⠀⠀⠀⠀⠉⠀⠀⠀⠈⠁⠀⠀⠀⠀⢀⡇
⠀⠸⠤⠤⠤⠤⠤⠤⠤⠤⠤⠤⠤⠤⠤⠤⠤⠔⣊⣥⣶⣿
⠀⠀⡤⠤⠤⠤⠤⠤⠤⠤⠤⠤⠤⠤⠤⠤⠤⠤⠤⠤⠤⠤⢄⡉⠛⢿⣿⣿
⠀⠀⡇⠀⠀⠀⠀⠀⠀⠀⠀⠀⠀⠀⠀⠀⠀⠀⠀⠀⠀⠀⠀⠉⠓⣤⠈⢹
⣀⣀⡓⠒⢲⡄⠀⠀⠀⠀⠀⠀⡖⢂⣤⣤⡔⢲⡆⠀⠀⠀⠀⠀⠀⣿⠀⢸
⣿⣿⣿⠀⢸⡇⠀⠀⠀⠀⠀⠀⠧⠜⠛⠛⠣⠸⠇⠀⠀⠀⠀⠀⣀⡿⠀⢸
⣿⣿⣿⠀⢸⡇⠀⠀⠀⠀⠀⠀⠀⠀⠀⠀⠀⠀⠀⠀⠀⠀⠐⠯⣅⡀⠒⠿
⣿⣿⣿⠀⢸⡇⠀⠀⠀⠀⠀⠀⡆⢠⣤⣤⡄⢰⡆⠀⠀⠀⠀⠀⠀⢸⡆
⠉⠉⡥⠤⠼⠃⠀⠀⠀⠀⠀⠀⠧⠬⠭⠭⠥⠼⠃⠀⠀⠀⠀⠀⠀⢸⡇
⠀⠀⡇⠀⠀⠀⠀⠀⠀⠀⠀⠀⠀⠀⠀⠀⠀⠀⠀⠀⠀⠀⠀⢀⡠⠜⠁⣀
⠀⠀⠓⠒⠒⠒⠒⠒⠒⠒⠒⠒⠒⠒⠒⠒⠒⠒⠒⠒⠒⠒⠊⣁⣤⣶⣿⣿
⠀⠀⠀⠀⣐⣿⣷⣶⣶⣼⣿⣟
⠀⡠⢴⠿⠿⠿⡿⣿⡿⣯⢽⣿⢦⣤
⣰⣃⣾⣶⣻⣾⣗⣻⣷⣻⣳⣟⣾⠃
⠀⠀⠀⠀⠀⠀⠀⠴⣶⣿⣶⣶⣖⣲⣒⡾⣿⣿⡗⠂
⠀⠀⠀⠀⢀⡠⣴⣶⡿⣿⣿⣿⣿⣿⣿⣿⣿⣿⡦
⠀⠀⣠⠴⠷⠿⢿⣿⣿⣿⣿⣿⣿⣿⣽⣭⣽⣿⣯⣷⣀⣀
⠀⣰⠃⠠⠍⢀⣮⣤⣤⣾⣤⣽⡭⣤⣼⡵⣤⣵⣿⣤⣿⠃
⣰⣋⣉⣟⣹⣫⣋⣿⣋⣿⣋⣏⣝⣹⣩⣋⣙⣟⣉⣹⠃
⠀⠀⠀⠀⠀⠀⠀⠀⠀⠤⣶⣶⣶⣶⣤⣔⠲⢶⠢⡶⢿⣿⣿⡶⠆
⠀⠀⠀⠀⠀⠀⠀⢀⣠⣤⣿⡿⣻⣿⣿⣿⣿⣿⣿⣿⣿⣿⣿⣥
⠀⠀⠀⠀⢀⡖⣯⣽⣟⣿⡿⣼⣷⣿⣿⣷⣯⡿⠿⡻⠟⣻⣻⣷⣤
⠀⠀⣰⠟⠉⢩⠍⠉⡻⠛⠟⠛⣟⠛⠿⣺⠖⠛⢿⡞⠛⢻⠟⣿⠛⢓⣲⡖
⠀⣰⣏⣀⣐⣃⣀⣼⣷⣾⣲⣾⣻⣶⣾⣖⣻⣖⣾⣖⣳⣶⣾⣿⣶⣿⡟
⣰⣏⣉⣉⣏⣹⣟⣝⣉⣿⣏⣸⣿⣉⣏⣹⣉⣟⣩⣏⣉⣩⣏⣉⣩⠟
⠀⠀⣀⠀⢀⣴⣿⣿⣿⣷⣶⣶⣦⡀
⠀⣴⣻⣿⣿⣿⣿⣿⣿⣿⣿⣿⣅⡀
⢀⣏⣽⠿⠽⣯⣽⡷⠿⠾⠾⠷⠟⠋
⠀⠀⠀⠀⠀⠀⠀⢀⣤⣶⣿⣿⣿⣿⣶⣶⣶⣶⣦⣤⡀
⠀⠀⣀⣸⣷⣦⣶⣿⣿⣿⣿⣿⣿⣿⣿⣿⣿⣿⣿⠟⠉
⠀⠨⣷⢶⢿⣿⣿⣿⣿⠿⣿⡿⢿⣿⢻⣿⢻⣿⢳⣶⣤⣄
⠀⣰⣧⠦⠧⠾⠶⠾⢿⣶⡽⠾⠶⠷⠾⠷⠾⠛⠛⠋⠉⠁
⠀⠀⠀⠀⠀⠀⠀⠀⠀⠀⣠⣤⣶⣾⣿⣿⣿⣷⣶⣶⣶⣶⣤⣤⣄⡀
⠀⠀⠀⠀⢴⣦⣄⢀⣤⣾⣿⣿⣿⣿⣿⣿⣿⣿⣿⣾⣿⣿⣿⣿⣿⠿⠃
⠀⠀⢤⡖⢋⣽⣿⣿⣿⣿⣿⣿⣿⣿⣿⣿⣿⣿⣿⣿⣿⣿⣿⣛⣁⡀
⠀⠀⢺⡟⡿⣹⠟⣿⡻⢻⣟⡟⠻⣿⣏⡉⢏⡟⣙⢷⠃⡾⡟⢰⢿⣿⣷⡦
⠀⣠⠿⠴⠧⠯⠼⠷⠷⠿⢾⣶⠷⠾⠾⠿⠾⠿⠿⠛⠛⠛⠛⠛⠛
⣴⣯⡀⠀⠀⠀⠀⠀⠀⠀⠀⢀⣹⣦
⠨⣿⣿⣿⣿⣿⣿⣿⣿⣿⣿⣿⣿⠅
⠀⠀⠸⢷⣾⣿⣿⣿⣿⣷⡾⠇
⠀⠀⠀⠀⠸⢿⣿⣿⡿⠇
⣠⣶⡟⠁⠀⠀⠀⠀⠀⠀⠀⠀⠀⠀⠀⠀⠀⠀⠈⢻⣶⣄
⠻⣿⣿⣶⣶⣦⣴⣶⣶⣶⣦⣴⣶⣶⣶⣦⣤⣶⣶⣿⣿⠟
⠐⠶⣿⣿⣿⣿⣿⢿⣿⣿⣿⣿⣿⣿⡿⣿⣿⣿⣿⣿⠶⠂
⠀⠀⠀⠀⣿⣷⣬⣝⢿⣿⣿⣿⣿⡿⣫⣥⣾⣿
⠀⠀⠀⠀⠀⠉⠛⢿⣇⣿⣿⣿⣿⣸⡿⠛⠉
⠀⠀⠀⠀⠀⠀⠀⠻⠶⣮⣿⣿⣵⠶⠟
⣠⣴⣾⡏⠁⠀⠀⠀⠀⠀⠀⠀⠀⠀⠀⠀⠀⠀⠀⠀⠀⠀⠀⠈⠹⣷⣦⣄
⢿⣿⣿⣷⣦⣤⣤⣀⣤⣤⣤⣤⣤⣄⣠⣤⣤⣤⣤⣤⣀⣤⣤⣤⣾⣿⣿⡿
⠠⣭⣿⣿⣿⣿⣿⣿⣿⣿⣿⣿⣿⣿⣿⣿⣿⣿⣿⣿⣿⣿⣿⣿⣿⣿⣭⠄
⠀⠈⠉⠛⠛⣿⣿⡓⠺⢽⣻⣿⣿⣿⣿⣿⣿⣟⡯⠗⢚⣿⣿⠛⠛⠉⠁
⠀⠀⠀⠀⠀⠻⢿⣿⣿⣶⣝⢿⣿⣿⣿⣿⡿⣫⣶⣿⣿⡿⠟
⠀⠀⠀⠀⠀⠀⠀⠀⠉⣻⣿⣼⣿⣿⣿⣿⣧⣿⣟⠉
⠀⠀⠀⠀⠀⠀⠀⠀⠀⠙⠷⢶⣮⣿⣿⣵⡶⠾⠋
⣤⠜⢭⡉⠒⠒⠒⠒⠒⠒⢉⡭⠣⣤
⠈⡧⠔⠋⣷⢾⣦⣴⡷⣾⠙⠢⢼⠁
⠀⢳⡠⠚⢡⠊⠞⠳⠑⡌⠓⢄⡞
⠀⠀⠓⠤⣙⣄⣀⣀⣠⣋⠤⠚
⢀⣀⡴⢋⡙⠓⠲⠴⠲⠦⠤⠤⠴⠖⠦⠖⠚⢋⡙⢦⣀⡀
⠙⢦⠀⠈⣻⣡⣄⣀⠠⣄⠀⠀⣠⠄⣀⣠⣌⣟⠁⠀⡴⠋
⠀⢘⡷⠒⠉⠁⢺⣿⢿⣷⣶⣶⣾⡿⣿⡗⠈⠉⠒⢾⡃
⠀⠘⢧⠀⡠⠲⡋⣠⣖⣲⠶⠶⣖⣲⣄⢙⠖⢄⠀⡼⠃
⠀⠀⠈⣷⠁⠀⢠⡗⠒⠀⠀⠀⠀⠒⢺⡄⠀⠈⣾⠁
⠀⠀⠀⠈⠙⠲⢤⣍⣦⣤⢤⡤⣤⣴⣩⡤⠖⠋⠁
⠀⢀⣀⡴⠛⣛⠓⠲⠦⠤⠤⠤⠤⣄⣠⠤⠤⠤⠤⠴⠖⠚⣛⠛⢦⣀⡀
⠸⢯⡁⠀⠘⢻⠒⠀⠀⠀⠀⣀⠀⠀⠀⠀⣀⠀⠀⠀⠀⠒⡟⠃⠀⢈⡽⠇
⠀⠈⢷⣀⡠⠞⠚⠉⣿⡷⣶⠬⣥⣀⣀⣬⠥⣶⢾⣿⠉⠓⠳⢄⣀⡾⠁
⠀⠀⣾⠁⠀⠀⢀⣠⡾⠛⢉⣛⠋⣻⣟⠙⣛⡉⠛⢷⣄⡀⠀⠀⠈⣷
⠀⠀⠈⢷⡀⡜⠁⠻⠀⣴⠛⠀⡛⠉⠙⢛⠀⠛⣦⠀⠟⠈⢣⢀⡾⠁
⠀⠀⠀⠀⢿⣀⠀⠀⠰⡏⠉⠁⠀⠀⠀⠀⠈⠉⢹⠆⠀⠀⣀⡿
⠀⠀⠀⠀⠀⠉⠛⠲⠤⣬⣱⠤⡤⠤⠤⢤⠤⣎⣥⠤⠖⠛⠉
⠀⣰⠚⠉⠉⡉⠉⠉⢙⣆⣀⣀
⣰⠇⠀⠀⣼⠿⠯⢭⣭⣭⠉⠉⠉⡷
⠻⠤⠤⠤⢤⠄⠴⠾⠿⠃⠀⢀⡼⠁
⠀⠀⢀⣴⣏⣀⣀⣰⠋⠉⠉⠉
⠀⠀⣠⡶⠚⠛⠉⠉⠉⠉⠉⠉⠙⠛⣶
⠀⣰⡟⠀⠀⠀⠀⣰⣿⣤⠤⠤⠤⠼⠿⠶⠶⠶⠶⠶⢤⣄
⣰⡿⠀⠀⠀⠀⢰⡿⠿⠿⠧⠤⣤⣤⣤⡤⠀⠀⠀⠀⣸⡟
⠿⣧⣀⣀⣀⣀⣀⣀⣀⣀⣠⣴⣿⣿⡟⠁⠀⠀⠀⣰⡟
⠀⠀⠀⠀⠀⠀⣠⡿⠁⠀⠀⠀⣀⣠⣤⣠⣤⣤⠶⠛
⠀⠀⠀⠀⣠⣴⣟⣀⣀⣀⣀⣴⡟⠁
⠀⠀⠀⣠⡴⠞⠛⠛⠛⠛⠛⠛⠛⠛⠛⠛⠛⠳⣶⡄
⠀⠀⣼⡟⠁⠀⠀⠀⠀⢠⣶⣆⣀⣀⣀⣀⣀⣼⣿⣥⣤⣤⣤⣤⣤⣄⣀
⠀⣼⡟⠀⠀⠀⠀⠀⢠⣿⣿⣿⣿⣀⣀⣀⣀⣀⣀⣀⠀⠀⠀⠀⠀⠀⣹⡷
⣼⡟⠀⠀⠀⠀⠀⠀⠛⠋⠀⠀⠀⠉⠉⣽⣿⣿⣿⠏⠀⠀⠀⠀⠀⣰⡿⠁
⠙⠛⠶⠶⠶⠶⠶⠶⠶⣶⡶⠒⠒⠒⠛⠛⠛⠛⠋⠀⠀⠀⠀⠀⣴⡿⠁
⠀⠀⠀⠀⠀⠀⠀⢀⣼⡟⠀⠀⠀⠀⠀⢠⣤⠤⠤⠤⠤⠶⠶⠛⠋
⠀⠀⠀⠀⠀⣀⣴⣿⣯⣤⣤⣤⣤⣤⣤⣿⠃
⠘⣦⣶⣄⣠⣄⣀
⠀⣈⡙⠛⠿⣿⣿⣿⣿⣶⡀
⠀⠈⠉⠙⣿⡽⠟⠛⠒⠶⠿⠶⠦
⠀⢷⣤⣰⣄⣀⠀⢀
⠀⠈⠻⠿⣿⣿⣿⣿⣿⣿⣶⣶⣶⣦⣤⡀
⠀⠤⠤⣤⣤⣄⣈⣙⣿⣟⣯⢽⡿⠶⡿⠿⢦⡀
⠀⠀⠀⠀⠀⠉⢹⡿⠥⠟⠙⠛⠛⠛⠓⠒⠒⠛⠛⠒⠒
⠀⢸⣦⣀⢠⣄⡀
⠀⠀⠻⣿⣿⣿⣿⣷⣶⣾⣷⣶⣤⣤⣤⣤⣄⣀⡀
⠀⠀⠀⠀⠉⠙⠛⠛⠿⢿⣿⣿⣿⡿⠿⣟⣟⣛⡿⣷⡀
⠀⠒⠒⠒⠲⠶⢶⣶⣦⡤⣿⢿⣹⣿⡿⣿⣓⡛⠏⠉⠙⠶⣄⡀
⠀⠀⠀⠀⠀⠀⠀⠀⢹⡿⠵⠚⠋⠉⠉⠉⠉⠉⠉⠛⠛⠛⠛⠛⠛⠛⠃
⠈⠻⣿⣿⣿⣿⣿⣿⣿⣿⣿⣿⣿⣿
⠀⠀⢸⣿⣿⣿⣿⡏⠉⠉⠉⠙⠛⠿
⠀⢀⣼⣿⣿⣿⣿⣧⣴⣶⣾
⠀⠙⢻⣿⣿⣿⣿⡿⠿⢿⣿
⠀⠀⢸⣿⣿⣿⣿⡇
⢀⣴⣾⣿⣿⣿⣿⣷⣦⣀
⠈⠻⢿⣿⣿⣿⣿⣿⣿⣿⣿⣿⣿⣿⣿⣿⣿⣿⣿⣿⣿⣿
⠀⠀⠀⠙⣿⣿⣿⣿⣿⣿⣿⣿⣿⣿⣿⣿⣿⣿⣿⣿⣿⣿
⠀⠀⠀⠀⣿⣿⣿⣿⣿⣿⣿⣿⠀⠀⠀⠀⠀⠀⠈⠉⠛⠿
⠀⠀⠀⢀⣿⣿⣿⣿⣿⣿⣿⣿⣠⣤⣤⣶⣶⡆
⠀⠠⣶⣿⣟⣿⣿⣿⣿⣿⣿⣿⣿⣿⣿⣿⣿⡇
⠀⠀⠀⠙⣿⣿⣿⣿⣿⣿⣿⣿⠛⠿⠿⢿⣿⡇
⠀⠀⠀⠀⣿⣿⣿⣿⣿⣿⣿⣿
⠀⠀⠀⢀⣿⣿⣿⣿⣿⣿⣿⣿⡀
⢀⣤⣾⣿⣿⣿⣿⣿⣿⣿⣿⣿⣿⣶⣤⡀
⠈⠛⢿⣿⣿⣿⣿⣿⣿⣿⣿⣿⣿⣿⣿⣿⣿⣿⣿⣿⣿⣿⣿⣿⣿⣿⣿⣿
⠀⠀⠀⠙⠻⣿⣿⣿⣿⣿⣿⣿⣿⣿⣿⣿⣿⣿⣿⣿⣿⣿⣿⣿⣿⣿⣿⣿
⠀⠀⠀⠀⠀⣿⣿⣿⣿⣿⣿⣿⣿⣿⣿⠉⠉⠉⠉⠉⠉⠉⠛⠻⠿⣿⣿⣿
⠀⠀⠀⠀⠀⣿⣿⣿⣿⣿⣿⣿⣿⣿⣿⠀⠀⠀⠀⠀⠀⢀⠀⠀⠀⠀⠈⠉
⠀⠀⠀⠀⢀⣿⣿⣿⣿⣿⣿⣿⣿⣿⣿⣤⣴⣶⣶⣿⣿⣿
⠀⠠⣴⣾⣿⣿⣿⣿⣿⣿⣿⣿⣿⣿⣿⣿⣿⣿⣿⣿⣿⣿
⠀⠀⠀⠉⠛⣿⣿⣿⣿⣿⣿⣿⣿⣿⣿⠿⠿⣿⣿⣿⣿⣿
⠀⠀⠀⠀⠀⣿⣿⣿⣿⣿⣿⣿⣿⣿⣿⠀⠀⠀⠀⠉⠉⠛
⠀⠀⠀⠀⠀⣿⣿⣿⣿⣿⣿⣿⣿⣿⣿
⠀⠀⠀⢀⣠⣿⣿⣿⣿⣿⣿⣿⣿⣿⣿⣄⡀
⢀⣤⣾⣿⣿⣿⣿⣿⣿⣿⣿⣿⣿⣿⣿⣿⣿⣷⣦⣀
⠀⠀⠀⠀⠀⠀⠀⠀⠐⢺⣻⣿⠓
⠀⠀⠀⠀⠀⠀⢀⣞⣿⣿⣭⢻⣝⡶
⠀⠀⠀⠀⠀⢀⣿⡟⢠⠏⠉⣹⣿⠁
⠀⠀⠀⠀⢀⣾⡟⠀⢸⡇⣸⡿⠃
⠀⠀⠀⢠⣾⣿⣿⣶⡿⣰⠟
⢀⣠⣶⣿⣿⣿⣿⣿⣇⣻⣄⣀
⠀⠀⠀⠀⠀⠀⠀⠀⠀⠀⠀⠀⠀⠠⢶⡾⢿⣿⣷⣶⠆
⠀⠀⠀⠀⠀⠀⠀⠀⠀⠀⠀⢠⣴⣶⣶⣿⠾⢿⡧⢤⣀⡀
⠀⠀⠀⠀⠀⠀⠀⠀⠀⠀⣠⡞⣵⡿⣿⣯⠻⠀⣿⣆⣸⠟
⠀⠀⠀⠀⠀⠀⠀⠀⠀⣰⢯⣾⠋⢀⡼⠋⠉⠉⢻⣿⡟
⠀⠀⠀⠀⠀⠀⠀⠀⢀⣟⣿⠃⠀⢸⡇⠀⠀⣶⣿⡿
⠀⠀⠀⠀⠀⠀⠀⣠⣿⣿⠁⠀⠀⢸⡇⠀⣼⣿⠟
⠀⠀⠀⠀⠀⠀⣰⣿⣿⣿⣷⣶⣶⡟⠁⣾⡿⠃
⠀⠀⠀⠀⣠⣾⣿⣿⣿⣿⣿⣿⣿⡏⢹⡏
⢀⣀⣴⣾⣿⣿⣿⣿⣿⣿⣿⣿⣿⣥⣘⣳⣤⣤⣀⣀⡀
⠀⠀⠀⠀⠀⠀⠀⠀⠀⠀⠀⠀⠀⠀⠀⠀⠀⢠⣶⣾⣿⣿⣿⣷⣶⣦⡄
⠀⠀⠀⠀⠀⠀⠀⠀⠀⠀⠀⠀⠀⠀⠀⣀⣀⣤⣤⣿⣤⣿⣿⣟⣁
⠀⠀⠀⠀⠀⠀⠀⠀⠀⠀⠀⠀⠀⠀⣸⡟⣻⣶⣾⣿⢭⡄⠙⣿⡍⠛⣷⣶
⠀⠀⠀⠀⠀⠀⠀⠀⠀⠀⠀⠀⢀⣾⢫⣾⡿⠛⢿⣿⣈⣭⣤⣿⣿⣴⣿⠁
⠀⠀⠀⠀⠀⠀⠀⠀⠀⠀⠀⢀⡾⣳⣿⠏⠀⣠⡾⠉⠀⠀⠀⢹⣿⣿⠉
⠀⠀⠀⠀⠀⠀⠀⠀⠀⠀⢀⣸⡛⣿⠃⠀⠀⣿⡇⠀⠀⢈⣶⣿⣿⠃
⠀⠀⠀⠀⠀⠀⠀⠀⠀⢀⣾⣿⡟⠁⠀⠀⠀⣸⡇⠀⢠⣿⣿⡿⠃
⠀⠀⠀⠀⠀⠀⠀⠀⢠⣿⣿⣿⣿⣦⣄⣠⣤⡿⠇⣀⣾⣿⠋
⠀⠀⠀⠀⠀⠀⢀⣴⣿⣿⣿⣿⣿⣿⣿⣿⣿⣥⣤⣿⠛⠁
⠀⠀⠀⠀⢀⣤⣾⣿⣿⣿⣿⣿⣿⣿⣿⣿⣿⠀⢸⣿
⢀⣀⣤⣶⣿⣿⣿⣿⣿⣿⣿⣿⣿⣿⣿⣿⣿⣄⣉⣛⣲⣤⣤⣀⣀⣀⡀
⣴⡟⠛⠷⠀⣿⣛⣻⡆⠘⣿⠀⢻⡇
⠻⣧⣤⡶⠀⣿⣭⣽⠇⠀⢿⣤⣼⠇
⢰⣾⠛⠛⠻⠶⠀⠘⣿⣟⣛⣛⣷⡆⠀⢻⣿⠃⠀⢻⣿⠃
⠸⢿⣤⣤⣴⠶⠀⢠⣿⣯⣭⣭⡿⠇⠀⠸⢿⣤⣤⣼⠿
⢠⣶⡿⠿⠿⢿⣷⣦⠀⠐⢿⣿⡿⠿⠿⣷⣦⡀⠀⢾⣿⡿⠂⠀⢺⣿⣿⠂
⢸⣿⡇⠀⠀⠀⠀⠀⠀⠀⢸⣿⡷⠶⠶⣿⣯⡀⠀⢸⣿⡿⠀⠀⢸⣿⣿
⠘⠿⣷⣶⣶⣾⡿⠟⠀⠠⣾⣿⣷⣶⣶⡿⠟⠁⠀⠘⠻⣿⣶⣶⣾⡿⠛
⠀⢀⣠⡴⠖⠫⠭⠃⠀⠀⠀⣠⠴⡶
⢰⣿⡏⠀⢀⣤⠖⣲⡶⢀⣾⡷⠊
⣈⣩⣿⣶⣭⣿⣯⣿⣷⣭⣭⡷⠶
⠀⠀⠀⠀⢀⣠⣤⡶⠚⣋⣉⡿⠀⠀⠀⠀⠀⠀⠀⣀⣤⣤
⠀⢀⣤⣾⣿⠟⠁⠀⠀⠉⠁⠀⠀⠀⠀⠀⢀⣴⡿⢋⡼⠃
⢠⣿⣿⣿⠁⠀⠀⢀⣠⣴⠖⢒⣶⡶⠂⢰⣿⣿⠴⠋
⠘⠿⣿⣿⣤⣠⠴⢿⣿⣧⡤⣿⣿⣁⡤⠾⢿⣧⣀
⣀⣤⠴⠶⠶⠶⠶⠶⠶⠶⠶⠶⠶⠶⢶⠶⠶⠶⠾⠛⠁
⠀⠀⠀⠀⠀⠀⢀⣠⣤⣶⠶⠛⠛⢛⣿⠆⠀⠀⠀⠀⠀⠀⠀⠀⢀⣀⣤⣄
⠀⠀⠀⣠⣴⣾⣿⠟⠉⠀⠀⠚⠛⠋⠁⠀⠀⠀⠀⠀⠀⢀⣤⣾⠿⢋⣽⠋
⠀⣠⣾⣿⣿⠟⠁⠀⠀⠀⠀⠀⣀⣠⣤⣄⣤⣤⡄⠀⣴⣿⡿⣣⡴⠛⠁
⠰⣿⣿⣿⣿⠀⠀⠀⠀⣠⣾⣿⠟⠁⣠⣿⣿⠋⠀⢸⣿⣿⡟⠋
⠀⠙⠻⠿⠿⠶⠶⠶⠚⠻⠿⠿⠶⠞⠿⠿⠧⠴⠖⠛⠛⠿⠷⣤⣄⣀⡀
⣠⣤⠶⠶⠾⠿⠿⠿⠿⠿⠿⠿⠿⠿⠿⠿⠿⠿⠿⠿⠷⠶⠶⠟⠛⠉
⠒⠒⣲⣶⣾⣽⣭⣷⣶⣶⠾⠛⠛⠒
⢴⡟⠉⠀⢹⡷⠿⠏⠉⠉⠙⠒⠂
⠴⠦⠤⠤⢤⣤⣴⣖⣹⣛⣩⣶⣶⣦⣤⣤⣴⡶⠿⠷⠶⠶
⠀⢀⣤⠶⠿⠛⠿⣿⡟⢛⣿⣿⠿⠿⠿⢯⣥⣀⡀
⠰⣿⠏⠀⠀⠀⠀⢬⣿⠛⠛⠓⠀⠀⠀⠀⠀⠈⠉⠉
⢤⣦⣄⣀⣀⣀⣀⣠⣤⣶⢚⡿⡟⢓⣶⣦⣤⣤⣀⣀⣠⣶⣶⣿⣷⣶⣶⣦
⠀⠈⠁⢀⣠⣴⣿⣿⣿⣿⣿⣿⣷⣿⣿⣿⣿⣿⣿⣿⠛⠋⠁
⠀⢠⣾⡿⠋⠉⠉⠈⠙⠿⣷⣤⣬⣿⡿⠛⠉⠉⠙⠛⠻⠷⣦⣤⣤⡄
⠸⢿⡿⠀⠀⠀⠀⠀⠀⢶⣿⠏⠉⠙⠋⠁
⠐⠶⣯⣿⣽⣷⣶⣤⣤⣤⣤⣤
⠠⠄⠀⣉⣽⣛⣻⡹⣍⣉⠠⡄
⢰⡾⢶⣿⣶⣿⣭⢽⡿⣯⣿⣿⣿⡷
⢸⣷⠞⠛⠛⠛⠛⠛⠛⠿⠿⠿⢿⣿
⠠⢄⡐⠂⠈⢁⡀⠀⡀⠀⢄⢀⠀⠀⠀⠠⢀⣀
⠀⠀⠈⠑⠂⠤⡍⡒⠬⣓⣼⠿⠷⠶⠷⠖⠒⠒⠋
⠀⠤⠄⠀⠀⠀⠀⠉⣁⠀⣤⡀⠀⣄⣠⠄⠠⠤
⠀⣤⢶⣦⣰⣶⡄⣤⠟⡉⣉⢉⡲⣖⢊⡉⣽⢩⡶⣿⢳⣦
⠀⣿⢀⣉⢹⠲⡇⣿⠳⡇⢸⢈⡑⣦⢸⡇⣿⢸⡇⣛⢶⣤
⠀⣿⠼⠟⠘⠈⠁⠉⠀⠉⠉⠉⠉⠉⠛⠓⠛⠛⠳⠿⢼⣿
⠠⣤⡄⠒⠒⠈⠉⣁⠀⠀⡀⠀⠤⣀⠀⠀⠀⣀⣀⣀⣀⣀
⠀⠀⠉⠙⠶⠤⣀⣉⠓⠦⣌⡳⢦⣸⣷⣷⣶⣶⣶⣴⠶⠤⠭⠗
⢀⣀⡀⠀⠀⠀⠀⠈⠉⠳⠒⠈⠉⡉⠁⠀⠀⠀⠀⠀⠀⣀⡀
⠀⠀⠈⠂⠀⢀⣐⡀⠀⠀⢴⣦⠶⠿⢦⣀⣈⣛⣿⠥⢤⡬⢥⣀⣤⣤⡀
⠀⣿⡏⠹⠿⢰⡖⢾⡆⣶⣏⣷⡆⣶⡦⣶⡺⠯⢱⡆⢸⡇⣶⡏⣿⡏⠽⠿
⠀⣿⡇⢠⣤⢸⡏⢻⡇⣿⡏⣿⡇⣿⡧⣤⣹⣶⢸⡇⢸⡇⣿⡇⣭⡝⢻⣦
⠀⣿⡧⠼⠟⠈⠁⠈⠁⠉⠁⠉⠉⠉⠉⠉⠉⠉⠉⠙⠛⠛⠛⠓⠿⠷⢾⣿
⠀⠀⠀⢀⣿⣷⣶⣶⣶⣿⣆
⠀⠀⠀⠈⠻⠿⣿⣿⠿⠿⠃
⠀⠀⠀⠀⠠⠀⠀⠐⠀⠂⠀⠂
⠀⠀⠀⠀⠀⠀⢂⣀⡀⠀⠀⠀⠀⢀⣀⡀
⠀⠀⠀⠀⠀⢀⣿⣿⣿⣿⣿⣿⣿⣿⣿⣿⡇
⠀⠀⠀⠀⠀⠸⣿⣿⣿⣯⣿⣟⣯⣿⣿⣿⡟
⠀⠀⠀⠀⠀⠀⠙⠛⠿⢿⣿⣿⡿⠿⠟⠋
⠀⠀⠀⠀⠀⠀⡀⠀⠀⠰⠀⠰⠀⠀⠆⠀⠠⠀⠐⠀⠀⠀⡄⠀⡄
⠀⠀⢁⠀⡄⢀⠀⠰⠀⠆⠀⠆⠀⠆⠀⠆⠀⠆⠐⠀⢀⠀⡄⠀⡄⠈⠁
⠘⠀⠈⠀⠀⠀⠀⢠⣶⣶⣶⣶⣶⣶⣶⣶⣶⣶⣶⣶⣦
⠀⠀⠀⠀⠀⠀⠀⣼⣿⣿⣿⣿⣿⣿⣿⣿⣿⣿⣿⣿⣷⡄
⠀⠀⠀⠀⠀⠀⠈⢻⣿⣿⣿⣿⣾⣽⣿⣿⣾⣿⣿⣿⣿⠁
⠀⠀⠀⠀⠀⠀⠀⠀⠉⠛⠛⠻⢿⣿⣿⣿⠿⠛⠛⠋⠁
⠀⠀⢀⣠⣤⣤⣶⣴⡒⠹⣇⡠⣄
⢀⢰⣿⣿⡟⠿⣿⡛⠉⠩⣬⣍⢫⡀
⠈⣻⡿⣿⣿⣷⡀⠉⠀⠤⢬⣀⡼⠆
⠈⠉⠉⠉⠉⠉⠉⠛⠓⠶⠦⣿⡄
⠀⠀⠀⠀⠀⠀⣀⣀⣤⣤⣤⣤⣤⠶⠒⣶⡖⠀⣠⡀
⠀⠀⠀⣤⣾⣿⣿⣿⣿⣿⣿⣿⣿⣦⣤⠼⠿⢿⣥⡿⠂
⠀⣀⢸⣿⣿⣿⣿⡉⠛⠻⣿⣇⠀⠀⠀⠰⣽⣦⡌⢹⣦
⠀⠹⣿⣿⣿⣿⣿⣿⣶⠒⠈⠉⠙⠂⢄⣀⠈⠀⢀⣘⣷
⠀⡵⠾⠷⠼⠿⠿⠿⠿⢷⣦⣤⣄⣀⡉⠉⠉⢽⣾⠋
⠀⠀⠀⠀⠀⠀⠀⠀⠀⠀⠀⠀⠉⠉⠛⠻⠿⠿⠿⠦
⠀⠀⠀⠀⠀⠀⠀⠀⠀⠀⣀⣀⣀⣀⣀⣀⣤⡴⠶⢶⣶⠂⠀⢀
⠀⠀⠀⠀⠀⣠⣴⣶⣿⣿⣿⣿⣿⣿⣿⣿⣅⠀⠀⢙⣿⣦⣴⠟⢻⣦
⠀⠀⠀⢠⣿⣿⣿⣿⣿⣿⣿⣿⣿⣿⡿⠿⠿⠿⠛⢋⣉⡙⠛⠿⣿⡁
⠀⢀⣀⢻⣿⣿⣿⣿⣷⡀⠉⠙⢻⣿⣇⠀⠀⠀⠀⠐⢶⣻⣷⡤⢈⣿⡄
⠀⠘⣿⣿⣿⣿⣿⣿⣿⣿⣶⡦⠆⠈⠉⠛⠒⢀⡀⠀⠀⠉⠀⡀⠈⢿⡆
⠀⠀⣈⣿⠯⣛⣿⣿⣿⣿⣿⣷⣄⡀⠀⠀⠀⠀⠖⠛⠷⠶⢤⣬⡿⠋⠛
⠀⠚⠛⠉⠉⠉⠉⠉⠉⠉⠙⠛⠛⠿⠿⢷⣶⣦⣤⣄⣀⣉⣻⣿
⠀⠀⠀⠀⠀⠀⠀⠀⠀⠀⠀⠀⠀⠀⠀⠀⠀⠈⠉⠛⠛⠿⠿⠿⠷⠄
⠀⠀⠤⠤⣤⣶⣿⣿⠛⣻⣿⣿⣿⠆
⠀⠯⢛⣿⣿⣿⣟⣁⣴⣶⣶⡶
⢠⣤⣬⣭⣭⣭⣭⣭⣭⣭⣭⡄
⠀⠀⠀⠀⠀⠀⠀⣠⣶⣶⣿⣿⡿⠿⠿⣿⣿⣿⣿⣿⡶
⠀⠤⠤⠤⠤⣤⣾⣿⣿⣿⣿⠟⠀⣀⣘⣙⣛⣛⣋⠋
⠀⠐⠒⠒⢾⣿⣿⣿⣿⣿⣥⣤⣼⣿⣿⣿⡿⠟⠁
⠠⠤⠤⠤⠤⠤⠭⠭⠭⠭⠭⠭⠭⠭⠤⠤⠤⠤
⠀⠀⠀⠀⣀⣀⣀⣀⣀⣠⣤⣶⣶⣿⣿⣿⡿⣿⡿⣿⣿⣿⣿⣿⣿⣶⡦
⠀⠀⣀⣀⣀⣀⣀⣀⣼⣿⣿⣿⣿⣿⣿⠋⠀⠀⠴⠿⠿⠿⠿⠿⠿⠟
⠀⢈⣉⣉⣉⣉⣽⣿⣿⣿⣿⣿⣿⠟⠁⠀⣴⣶⣶⣶⣶⣶⣶⠖
⠀⠀⠀⠀⠀⠛⠿⣿⣿⣿⣿⣿⣿⣿⣿⣿⣿⣿⠿⠿⠟⠛⠋
⠤⠶⠶⠶⠶⠶⠶⠶⠶⠶⠶⠶⠶⠶⠶⠶⠶⠶⠶⠶⠶⠶⠶
⠀⠀⣠⠴⠚⠉⠉⠉⠋⠉⠉⣿
⠀⢸⡇⠀⠀⣿⠉⠙⠧⠤⠤⠿
⣿⣻⣏⣟⣻⣹⣿⣏⣯⣿⣽⣿⣉⣿
⠀⢸⡇⠀⠀⣿⣀⣠⡖⠒⠒⣶
⠀⠀⠙⠲⢤⣀⣀⣀⣀⡴⠞⠉
⠀⠀⠀⠀⣀⣤⠶⠛⠛⠛⠛⠛⠛⠛⠛⠛⠛⢻⣿
⠀⠀⢰⣿⠉⠀⠀⠀⣤⣤⣤⣤⣤⡄⠀⠀⠀⢸⣿
⣀⣀⣸⣿⣀⣀⣀⣀⣿⣇⣀⣀⣚⣓⣒⣒⣒⣚⣛⣀⣀⣀
⣿⣏⣿⣏⣋⣟⣙⣏⣉⣏⣹⣏⣹⣏⣙⣏⣽⣹⣹⣉⣹⣿
⠉⠉⢹⣿⠉⠉⠉⠉⣿⡏⠉⠉⢭⡭⠭⠭⠭⢭⣭⠉⠉⠉
⠀⠀⠸⣿⣀⠀⠀⠀⠛⠛⠛⠛⠛⠃⠀⠀⢀⣸⡿
⠀⠀⠀⠀⠉⠛⠶⣤⣤⣤⣤⣤⣤⣤⡴⠞⠋⠁
⠀⠀⠀⠀⠀⠀⢀⣠⡴⠞⠛⠛⠛⠛⠛⠛⠻⠟⠛⠛⠛⠛⢻⣿
⠀⠀⠀⢠⣶⠟⠋⠁⠀⠀⠀⠀⠀⠀⠀⠀⠀⠀⠀⠀⠀⠀⢸⣿
⠀⠀⠀⢸⣿⠀⠀⠀⠀⠀⢸⣿⠋⠉⠉⢻⣿⣇⣀⣀⣀⣀⣸⣿
⣀⣀⣀⣸⣿⣀⣀⣀⣀⣀⣼⣿⣀⣀⣀⣈⣉⣉⣉⣉⣉⣉⣉⣉⣀⣀⣀⣀
⣿⣿⠰⢾⡇⡇⢸⢃⡘⡇⢀⢹⡇⠿⡇⠐⢾⠡⢘⣷⢰⣏⠰⢸⢈⡁⣿⣿
⠉⠉⠉⢹⣿⠉⠉⠉⠉⠉⢻⣿⠉⠉⠉⢉⣉⣉⣉⣉⣉⣉⣉⣉⠉⠉⠉⠉
⠀⠀⠀⢸⣿⠀⠀⠀⠀⠀⢸⣿⣤⣤⣤⣼⣿⡏⠉⠉⠉⠉⢹⣿
⠀⠀⠀⠘⠿⢦⣄⡀⠀⠀⠀⠀⠀⠀⠀⠀⠀⠀⠀⠀⣀⣤⡾⠟
⠀⠀⠀⠀⠀⠀⠈⠙⠳⢶⣤⣤⣤⣤⣤⣤⣤⣴⠶⠛⠉
⠀⣠⣤⣔⣒⣲⣴⣶⣿⣿⣿⣿⣯⣤
⠉⠀⠀⣴⣿⣿⣿⢿⠿⠻⣿⠟⠉⠁
⠀⠀⠈⠉⠁⠙⠻⠿⢷⣤⣞⠁
⠀⠀⢀⡀⠤⠤⠄⠀⢀⣀⣤⣶⣶⣿⣿⣿⣷⣶⣿⣟⣀⣤
⠔⠚⠁⠈⠉⢉⣵⣿⣿⣿⣿⣿⣿⣿⢿⡿⣿⣿⡿⠿⠟⠋
⠀⠀⠀⢀⣐⣛⣟⡻⢽⣿⣯⣩⣿⡉⠀⠛⣓⣊
⠀⠀⠀⠀⠀⠀⠀⠀⠀⠉⠛⠛⠛⠿⣷⣼⣯⡁
⠀⠀⠀⠀⣀⣀⠀⠤⠤⠤⠤⠤⢤⣤⣴⣶⣾⣿⣿⣿⣿⣶⣶⣶⣶⠂⣀⣀
⢀⡤⠦⠭⠤⠰⠤⠶⣢⣴⣶⣿⣿⣿⣿⣿⣿⣿⣿⣿⣿⣿⣿⣿⣿⣿⡿⠟
⠀⠀⠀⠀⠀⢀⣴⣾⣿⣿⣿⣿⣿⡿⠿⣶⣶⠖⠒⣶⣞⣛⡿⠋⠉
⠀⠀⠀⠀⠠⠬⠭⠿⠥⠔⠒⣿⣿⣿⣶⣿⣧⣀⠀⠀⣩⣭⠧
⠀⠀⠀⠀⠀⠀⠀⠀⠀⠀⠀⠈⠉⠙⠛⠋⠻⠿⣿⣶⣿⣦⡀
⣿⣿⠋⠉⠀⠀⠀⠀⣠⠀⠀⠀⠈⠙
⣿⡇⠀⠀⠀⠀⣠⣾⠃⠀⠀⠀⠀⣸
⡿⠀⠀⠀⠰⢶⣿⡿⠒⠒⠒⠶⢲⣿
⠇⠀⠀⠀⠀⠈⢿⠃⠀⠀⠀⠀⣼⣿
⣄⠀⠀⠀⠀⠀⠈⠁⠀⠀⣀⣴⣿⣿
⣿⣿⣿⡿⠛⠉⠀⠀⠀⠀⠀⠀⠀⢀⡀⠀⠀⠈⠉⠉⠙⠿
⣿⣿⡟⠀⠀⠀⠀⠀⠀⠀⠀⣠⣶⠟⠀⠀⠀⠀⠀⠀⠀⣰
⣿⣿⠁⠀⠀⠀⠀⠀⠀⢀⣾⣿⡏⠀⠀⠀⠀⠀⠀⠀⢠⣿
⣿⠇⠀⠀⠀⠀⠀⠴⠿⣿⣿⡿⠿⠿⠿⠿⠿⠿⠿⠿⣿⣿
⡿⠀⠀⠀⠀⠀⠀⠀⠀⣿⣿⡇⠀⠀⠀⠀⠀⠀⠀⢸⣿⣿
⠇⠀⠀⠀⠀⠀⠀⠀⠀⠈⢿⡇⠀⠀⠀⠀⠀⠀⠀⣿⣿⣿
⣤⣀⠀⠀⠀⠀⠀⠀⠀⠀⠀⠀⠀⠀⠀⢀⣠⣴⣾⣿⣿⣿
⣿⣿⣿⣿⡿⠟⠛⠉⠀⠀⠀⠀⠀⠀⠀⠀⠀⠀⡀⠀⠉⠉⠉⠉⠉⠙⠻⢿
⣿⣿⣿⡟⠀⠀⠀⠀⠀⠀⠀⠀⠀⠀⠀⢀⣴⡞⠁⠀⠀⠀⠀⠀⠀⠀⠀⢠
⣿⣿⣿⠁⠀⠀⠀⠀⠀⠀⠀⠀⠀⣠⣾⣿⡟⠀⠀⠀⠀⠀⠀⠀⠀⠀⢀⣿
⣿⣿⠇⠀⠀⠀⠀⠀⠀⠀⢀⣀⣴⣿⣿⡟⠀⠀⠀⠀⠀⠀⠀⠀⠀⢀⣼⣿
⣿⡟⠀⠀⠀⠀⠀⠀⠀⠼⠿⣿⣿⣿⣿⠿⠿⠿⠿⠿⠿⠿⠿⠿⠿⢿⣿⣿
⣿⠃⠀⠀⠀⠀⠀⠀⠀⠀⠀⢸⣿⣿⡏⠀⠀⠀⠀⠀⠀⠀⠀⠀⢀⣿⣿⣿
⡟⠀⠀⠀⠀⠀⠀⠀⠀⠀⠀⠈⢿⣿⡇⠀⠀⠀⠀⠀⠀⠀⠀⠀⣸⣿⣿⣿
⠃⠀⠀⠀⠀⠀⠀⠀⠀⠀⠀⠀⠀⠻⡇⠀⠀⠀⠀⠀⠀⠀⠀⢀⣿⣿⣿⣿
⣶⣤⡀⠀⠀⠀⠀⠀⠀⠀⠀⠀⠀⠀⠀⠀⠀⠀⠀⢀⣠⣴⣾⣿⣿⣿⣿⣿
⠀⢠⠖⠋⠉⠉⣩⠭⣭⢉⣉⣉⢩⡏
⢠⡏⠀⠀⠀⣰⠃⠀⠉⠉⠉⠉⠉
⠿⣀⣀⣀⣀⣛⣒⣒⣒⣒⣒⡖
⠀⠀⠀⣠⠴⠒⠛⠉⠉⠉⠉⠉⠉⠉⠉⠉⠉⠉⠉⠉⢩⠏
⠀⠀⣼⠃⠀⠀⠀⠀⠀⢀⡞⠛⠛⣿⣤⣤⣤⣤⣤⣤⠟
⠀⣼⠃⠀⠀⠀⠀⠀⢀⡞
⣸⠏⠀⠀⠀⠀⠀⠀⣾⣥⣤⣤⣤⣤⣤⣤⣤⣄⡄
⠛⠦⣤⣀⣀⣀⣀⣀⣀⣀⣀⣀⣀⣀⣀⣀⣀⡼⠁
⠀⠀⠀⠀⣀⡤⠶⠒⠚⠛⠉⠉⠉⠉⠉⠉⠉⠉⠉⠉⠉⠉⠉⠉⠉⠉⣹⠏
⠀⠀⢀⣾⠋⠀⠀⠀⠀⠀⠀⠀⢀⡶⠶⠶⢶⡶⠀⠀⠀⠀⠀⠀⠀⢰⠏
⠀⠀⣼⠃⠀⠀⠀⠀⠀⠀⠀⢀⡾⠁⠀⠀⠉⠉⠉⠉⠉⠉⠉⠉⠉⠉
⠀⣼⠏⠀⠀⠀⠀⠀⠀⠀⢀⡾⠁
⣼⠏⠀⠀⠀⠀⠀⠀⠀⠀⠺⠷⠶⠶⠶⠶⠶⠶⠶⠶⠶⠶⢶⡆
⠙⠳⠤⣤⣄⣀⣀⣀⣀⣀⣀⣀⣀⣀⣀⣀⣀⣀⣀⣀⣀⣀⡾
⠀⢀⣀⣤⣤⣶⣶⣿⣶⣶⣶⣦⣄⣀
⠘⠻⢿⣿⣿⣿⣿⣿⣿⣿⠟⠻⠿⠋
⠀⠀⠀⢹⣿⣿⡿⠿⠿⢿⡿
⠀⠀⠀⠸⠟⠁
⠀⠀⠀⠀⠀⢀⣀⣀⣴⣶⣴⣿⣷⣶⣦⣤⣤⣤⣀⡀
⢠⣤⣶⣾⣿⣿⣿⣿⣿⣿⣿⣿⣿⣿⣿⣿⣿⣿⣿⣿⣿⡶
⠀⠈⠙⠿⣿⣿⣿⣿⣿⣿⣿⣿⣿⣿⣿⡟⠋⠉⠻⠛⠋
⠀⠀⠀⠀⠈⢻⣿⣿⣿⣿⣿⣿⣿⣿⣿⣷⣶⡇
⠀⠀⠀⠀⠀⠀⣿⣿⠿⠛⠉⠀⠀⠀⠈⠙⠉
⠀⠀⠀⠀⠀⠰⠟⠁
⠀⠀⠀⠀⠀⠀⠀⠀⠀⢀⣠⣶⣤⣴⣿⣷⣶⣶⣤⣤⣤⣤⣀⣀
⠀⣀⣤⣤⣶⣶⣿⣿⣿⣿⣿⣿⣿⣿⣿⣿⣿⣿⣿⣿⣿⣿⣿⣿⣿⣷⣶⣦
⠈⠙⠻⢿⣿⣿⣿⣿⣿⣿⣿⣿⣿⣿⣿⣿⣿⣿⣿⣿⡿⠿⠿⢿⣿⡿⠟⠁
⠀⠀⠀⠀⠈⠻⣿⣿⣿⣿⣿⣿⣿⣿⣿⣿⣿⣿⣿⣏⣀⣠⡄⠀⠁
⠀⠀⠀⠀⠀⠀⠈⢿⣿⣿⣿⣿⣿⡿⠿⠛⠛⠿⢿⣿⣿⠿⠃
⠀⠀⠀⠀⠀⠀⠀⢸⣿⣿⠟⠋⠁⠀⠀⠀⠀⠀⠀⠈⠁
⠀⠀⠀⠀⠀⠀⠀⠾⠋⠁
⠀⠀⠀⠀⠀⣠⣴⢀⣴⣶⠏⣀⣠⠄
⠀⠀⠰⠿⣈⣻⣭⣬⣭⣥⣌⠉⠁
⠀⢠⣴⣿⡿⠋⠁⠀⠀⠈⠃
⢰⣿⣿⣿⠁
⠀⠛⠿⣿⣦⣤⣤⠤⠒
⣠⣶⣶⣶⣶⣶⣶⠆
⠀⠀⠀⠀⠀⠀⠀⠀⠀⣀⡤⠀⢀⣠⣴⣶⡛⠁⠀⠀⢀
⠀⠀⠀⠀⣀⣴⡂⢰⣿⣿⠗⠀⠿⠿⠿⠛⢡⣶⡿⠟⠉
⠀⠀⠀⠀⠛⠛⣁⣠⣤⣴⣶⣶⣶⣶⣶⣶⣤⠄
⠀⠀⠀⣠⣶⣿⣿⣿⠟⠋⠁⠀⠀⠀⠈⠻⠏
⠀⢠⣾⣿⣿⣿⡿⠁
⠀⣿⣿⣿⣿⣿⡃
⠀⠘⢿⣿⣿⣿⣷⣄⣀⣀⣀⣀⣤⠔
⠀⢀⠀⠈⢉⣙⣛⠛⢛⣛⣉⢁
⣠⣿⣿⣿⣿⣿⣿⣿⣿⣿⣿⠏
⠀⠀⠀⠀⠀⠀⠀⠀⠀⠀⠀⠀⣀⣠⠄⠀⢀⣠⣤⣶⡒⠋⠁
⠀⠀⠀⠀⠀⠀⢀⣠⠀⢀⣴⣿⣿⣦⠀⣴⣿⣿⣿⡿⠏⣠⣤⣶⣶⡟⠋
⠀⠀⠀⠀⠀⣼⣿⣿⠆⠈⠛⠛⢋⣁⣀⣈⣉⣉⣁⣀⠀⠙⠛⠉⠁
⠀⠀⠀⠀⠀⠈⣉⣠⣴⣶⣿⣿⣿⠿⠟⠛⠛⠛⠿⣿⣿⡟
⠀⠀⠀⢀⣴⣾⣿⣿⣿⣿⠟⠉⠀⠀⠀⠀⠀⠀⠀⠈⠏
⠀⢀⣴⣿⣿⣿⣿⣿⡿⠁
⠀⢸⣿⣿⣿⣿⣿⣿⠁
⠀⠘⣿⣿⣿⣿⣿⣿⣄⠀⠀⠀⠀⠀⠀⠀⠀⣀⠄
⠀⠀⠈⠙⠻⢿⣿⣿⣿⣿⣶⣶⣶⣶⠶⠞⠋
⠀⢀⣤⣤⣤⣤⣤⣤⣤⣭⣭⣤⣤⣤⣤⡄
⣠⣿⣿⣿⣿⣿⣿⣿⣿⣿⣿⣿⣿⣿⠏
⠀⣀⣠⣄⡀⣴⣾⣿⡗⣀⣀⣀⡀
⠾⣿⡿⠿⢉⣛⣟⡛⢾⣿⣿⡟⠁
⢰⣶⣿⣿⣿⣿⣿⣿⠀⣶⣿⣿⣿⠟
⠀⠙⠻⠿⢿⣿⣿⣿⠷⠈⠛⠉
⠀⠀⠀⠀⢀⡀⠀⠀⣠⣴⣶⣿⣿⡶
⣠⣴⣾⣿⣿⣿⣗⢰⣿⣿⣿⣿⣿⣡⣴⣾⣿⣿⣿⡷
⠻⢿⣿⠿⠿⠟⢁⣀⣉⣹⣩⣉⡐⢿⣿⣿⣿⡿⠋
⢠⣴⣶⣶⣿⣿⣿⣿⣿⣿⣿⣿⡏⠀⣠⣴⣷⣾⣿⣿⣿⡗
⠈⠿⣿⣿⣿⣿⣿⣿⣿⣿⣿⣿⣿⣀⠻⣿⣿⣿⠿⠛⠁
⠀⠀⠈⠉⠛⠿⠿⣿⣿⣿⠿⣿⠿⠟
⠀⠀⠀⠀⠀⠀⠀⠀⠀⠀⢀⣠⣴⣶⣿⣿⣷⡦
⠀⣠⣤⣶⣾⣿⣿⣷⡶⢀⣿⣿⣿⣿⣿⣿⡟⢁⣤⣴⣶⣶⣶⣾⣶⡄
⢾⣿⣿⣿⣿⣿⣿⡿⠃⠈⠻⠿⠿⠿⠿⠛⣵⣿⣿⣿⣿⣿⣿⡿⠏⠁
⠀⠙⡛⣛⣉⣩⣭⣤⣶⣶⣶⣾⣿⣿⣷⣶⠌⠛⠛⠛⣻⣛⣯⣤⣤⣤⣤⡄
⢀⣾⣿⣿⣿⣿⣿⣿⣿⣿⣿⣿⣿⣿⣿⣿⡀⢠⣾⣿⣿⣿⣿⣿⣿⣿⠿⠋
⠀⠙⢿⣿⣿⣿⣿⣿⣿⣿⣿⣿⣿⣿⣿⣿⣧⣄⠹⠿⣿⣿⡿⠟⠋
⠀⠀⠀⠀⠉⠙⠛⠿⠿⢿⣿⣿⣿⢿⣿⠿⠿⠋
⣠⠊⢹⣀⣠⣤⣶⠲⠦⣄⣀⡏⠑⣄
⠙⢦⣼⣿⣿⣿⣿⣤⣤⣄⣽⣦⠴⠋
⠠⣾⢱⠿⣍⢩⣏⣹⡍⣩⢿⡊⣷⠄
⠀⠙⠛⠶⢯⣾⣙⣋⣷⡽⠶⠓⠃
⠀⣠⠞⠙⣷⠀⠀⢀⣠⣤⣤⠤⢤⣄⡀⠀⠀⣾⠋⠳⣄
⢼⡁⠀⠀⣻⣶⣾⣿⣿⣿⣿⠀⠀⠀⠉⠓⢶⣟⠀⠀⢸⡧
⠀⠉⠳⣾⣟⣾⣛⣻⣿⣿⣿⣦⣦⣶⣖⣒⣶⣻⣷⠞⠉
⢀⣤⣼⠋⢵⣿⡉⠉⠉⣛⡏⢹⣛⠉⠉⢉⣿⠮⠙⣧⣤⡀
⠀⠉⣿⣠⡞⢉⢹⡞⣩⠽⣿⣿⠯⣍⢳⡏⡉⢳⢀⡿⠁
⠀⠀⠀⠉⠛⠻⠿⢷⣯⣤⣬⣥⣤⣿⡾⠿⠟⠛⠉
⠀⢀⣴⠞⠙⣷⠀⠀⠀⠀⠀⣀⣠⣤⣤⣄⣀⠀⠀⠀⠀⢀⣾⠋⠳⣦⡀
⢠⡟⠁⠀⠀⣿⣀⣠⣴⣾⣿⣿⣿⣿⠀⠈⠉⠛⠳⢦⣄⣨⣿⠀⠀⠈⢿⡄
⠸⣧⣀⡀⢀⣴⡟⣽⣿⣿⣿⣿⣿⣿⠀⠀⠀⠀⠀⠀⠙⢻⣦⡀⢀⣠⡾⠃
⠀⠀⠉⢻⣿⣟⣾⣏⣭⡽⠿⣭⣭⣽⣯⣭⣭⠿⢭⣭⣵⣖⣻⣿⡟⠉
⠀⣀⣀⡼⠏⣩⢼⣏⠉⠙⠙⠛⢺⠏⠹⡗⠛⠉⠋⠉⣹⢦⣍⠹⢧⣀⣀
⠈⠛⢿⡖⠀⣰⠟⠻⢧⣤⠴⠺⢷⣢⣔⡾⠗⠦⣤⡼⠟⠻⣄⠀⣷⡟⠛⠁
⠀⠀⠘⠿⣬⣷⣠⣤⣾⡇⣰⡟⠛⢿⡿⠋⢻⣆⢸⣧⣤⣀⣿⣴⠿⠃
⠀⠀⠀⠀⠀⠉⠛⠛⠻⠷⣿⣦⣤⣤⣤⣤⣴⣿⠾⠟⠛⠛⠉
⠀⠀⠀⠀⢠⣤⣴⣾⣿⣿⣿⣷⣦
⠀⢀⣴⣶⣿⣿⣿⣿⣿⢿⣷⣶⣅
⠚⠉⠉⠛⠻⢿⣿⣿⣿⣿⣿⣿⣿⣤
⠀⠀⠀⠀⠀⠀⠀⠿⢿⣿⣿⡿⠿⠋
⠀⠀⠀⠀⠀⠀⠀⣀⣀⣀⣠⣶⣾⣿⣿⣿⣿⣿⣶⣄
⠀⠀⠀⠀⠀⢀⣰⣶⣿⣿⣿⣿⣿⣿⣿⣿⣟⣛⠛⠟
⠀⢀⣠⣶⣿⣿⣿⣿⣿⣿⣿⣿⣿⣿⠿⢿⣿⣿⣿⣤⡀
⠐⠛⠛⠛⠛⠻⠿⣿⣿⣿⣿⣿⣿⣿⣿⣿⣿⣿⣿⣿⣧⡀
⠀⠀⠀⠀⠀⠀⠀⠀⠙⠟⠻⢿⣿⣿⣿⣿⣿⣿⣿⣿⣿⣿
⠀⠀⠀⠀⠀⠀⠀⠀⠀⠀⠀⠛⠿⢿⣿⣿⣿⡿⠿⠟⠃
⠀⠀⠀⠀⠀⠀⠀⠀⠀⠀⠀⠀⠀⣀⣤⣶⣾⣿⣿⣿⣿⣿⣷⣶⣄
⠀⠀⠀⠀⠀⠀⠀⠀⢀⣙⣿⣿⣿⣿⣿⣿⣿⣿⣿⣿⣿⣿⠿⢿⣿⡇
⠀⠀⠀⠀⠀⣀⣤⣤⣶⣾⣿⣿⣿⣿⣿⣿⣿⣿⣿⣿⣿⣶⣤⣄⠉
⠀⠀⣀⣴⣿⣿⣿⣿⣿⣿⣿⣿⣿⣿⣿⣿⣿⡿⠿⢷⣿⣿⣿⣿⣷⣄
⠴⠾⠿⠿⠿⠿⠿⢿⣿⣿⣿⣿⣿⣿⣿⣿⣿⣿⣷⣾⣿⣿⣿⣿⣿⣿⡀
⠀⠀⠀⠀⠀⠀⠀⠀⠀⠉⠻⣿⣿⣿⣿⣿⣿⣿⣿⣿⣿⣿⣿⣿⣿⣿⣿⣦
⠀⠀⠀⠀⠀⠀⠀⠀⠀⠀⠀⠈⠁⠉⣩⣿⣿⣿⣿⣿⣿⣿⣿⣿⣿⣿⠿⠟
⠀⠀⠀⠀⠀⠀⠀⠀⠀⠀⠀⠀⠀⠀⠙⠛⠿⢿⣿⣿⣿⣿⠿⠿⠛⠋
⠀⢀⣠⣴⣶⣾⣿⣿⣷⣶⣶⣤⣄
⢠⣿⣿⠋⠁⠀⠀⠀⠀⠀⠉⠙⠉
⠘⣿⣿⣄⡀⠀⠀⠀⠀⠀⣀⣠⣀
⠀⠈⠙⠻⠿⢿⣿⣿⡿⠿⠿⠛⠋
⠀⠀⠀⢀⣠⣤⣴⣶⣶⣶⣶⣷⣶⣶⣶⣶⣤⣤⣄⡀
⠠⢢⣶⣿⣿⠟⠛⠉⠉⠁⠀⠀⠀⠉⠉⠉⠛⠻⠿⠛⠁⠁
⡇⣿⣿⣿⡇⡁
⠐⠜⠿⣿⣿⣮⣤⣀⣀⡀⠀⠀⠀⣀⣀⣀⣤⣴⣶⣤⡀⡀
⠀⠀⠀⠈⠙⠛⠻⠿⠿⠿⠿⠿⠿⠿⠿⠿⠛⠛⠋⠁
⠀⠀⠀⠀⢀⠀⢀⣀⣤⣤⣴⣶⣶⣶⣶⣶⣶⣦⣤⣤⣄⣀⡀
⠀⢀⠔⣪⣴⣿⣿⣿⡿⠿⠛⠛⠛⠛⠛⠛⠛⠛⠻⠿⢿⣿⣿⣿⣶⡮⢐⠄
⡰⢡⣾⣿⣿⣿⢋⠕⠈⠀⠀⠀⠀⠀⠀⠀⠀⠀⠀⠀⠀⠀⠩⠩⠕⠈
⡇⣿⣿⣿⣿⡇⡇
⠑⡜⢿⣿⣿⣿⣬⡢⢀⠀⠀⠀⠀⠀⠀⠀⠀⠀⠀⠀⠀⠀⣐⣐⡢⢀
⠀⠈⠒⢝⡻⢿⣿⣿⣷⣶⣦⣤⣤⣤⣤⣤⣤⣤⣴⣶⣾⣿⣿⣿⠿⢗⠨⠂
⠀⠀⠀⠀⠀⠁⠈⠉⠛⠛⠛⠿⠿⠿⠿⠿⠿⠟⠛⠛⠛⠉⠁
⠀⠀⠀⣀⡀⣰⣞⣛⣻⣶⣦⣤⣀
⠀⣨⣿⣿⣤⡛⢸⣭⡟⣰⣿⣽⣿⠗
⠰⡿⠃⠉⠉⠁⠀⠾⠞⠋⠉⠉
⠀⠀⠀⠀⠀⠀⠀⠀⠐⣒⣒⡚⠻⢶⣶⣦⣄⣀⣀
⠀⠀⠐⣶⣶⣿⡇⠀⣿⠉⢩⠟⢒⡿⠉⣭⣿⠿⢻⣿⣷⡄
⠀⣠⣶⣿⠿⣿⣿⣶⣦⠀⠒⢒⣛⣃⣠⣿⣿⣿⡿⠟⠋
⠘⢿⠿⠃⠀⠀⠀⠀⠀⠀⠐⠟⠛⠛⠉
⠀⠀⠀⠀⠀⠀⠀⠀⠀⠀⠠⠤⠶⠶⠶⠶⢶⣶⣶⣤⣄⡀
⠀⠀⠀⢀⣀⣤⣴⣶⠆⠀⣸⡟⠛⢻⣿⣤⣤⡿⠛⠛⣿⣿⣿⡿⣷⣶⣄
⠀⠀⢀⣰⣿⣿⣿⣿⣄⣀⣛⠁⠀⣘⣁⣠⣾⠃⠀⣾⣿⣿⣥⣾⣿⣿⡿⠃
⠀⣠⣿⣿⡟⠛⠻⠿⠿⠿⠿⠂⠀⠉⣩⣭⣭⣤⣾⡿⠿⠿⠿⠟⠋⠁
⠈⠻⠿⠟⠁⠀⠀⠀⠀⠀⠀⠀⠀⠘⠛⠛⠛⠉
⠀⢀⠤⠴⠶⣾⣿⣿⣷⠶⠦⠤⡀
⡴⠁⢰⣶⣶⣤⣽⣯⣤⣶⣶⡆⠈⢦
⠳⡀⢼⡷⣧⣠⢛⡛⣄⣼⢾⡧⢀⠞
⠀⠈⠓⠩⠾⢿⣷⣾⡿⠷⠍⠚⠁
⠀⠀⠀⢀⣠⢤⣖⣲⣾⣭⣭⣭⣭⣷⣖⣲⡤⣄⡀
⠀⣠⠖⠉⣈⣉⡉⠉⠛⠻⢿⡿⠟⠛⠉⢉⣉⣁⠉⠲⣄
⢰⠃⠀⢀⠿⣿⣛⡿⢦⣤⣾⣷⣤⡴⢿⣛⣿⡿⡀⠀⠘⡆
⠸⡄⠠⣘⢿⣷⢸⡌⠁⡨⠟⠻⢅⠈⢡⡏⣾⡿⣃⠄⢠⠇
⠀⠙⠦⣪⢽⣮⢹⣿⣾⣤⣑⣊⣤⣷⣿⡏⣵⡯⣕⠴⠋
⠀⠀⠀⠈⠙⠒⠯⠽⢟⣛⣛⣛⣛⡻⠯⠽⠒⠋⠁
⠀⠀⠀⠀⠀⢀⣠⠤⢔⣒⣒⣾⣭⣭⣭⣭⣷⣒⣒⡢⠤⣄⡀
⠀⠀⣠⠴⠋⠁⠚⠛⠛⠛⠻⠿⣿⣿⣿⣿⠿⠟⠛⠛⠛⠓⠊⠙⠦⣄
⢀⡾⠁⠀⠐⣲⣿⣷⠶⣦⣄⣀⣀⣽⣯⣀⣀⣠⣴⡶⣾⣿⣖⠒⠀⠈⢷⡀
⢸⡇⠀⠀⢰⣯⣟⡒⣶⠫⠭⠛⢿⣿⣿⡿⠛⠭⠝⣷⢒⣻⣭⡆⠀⠀⢸⡇
⠈⢷⡀⠒⠦⣝⡻⢧⣹⣦⡀⡴⢋⣁⣈⡙⢦⢀⣴⣟⡼⢟⣫⠴⠒⢀⡾⠁
⠀⠀⠙⠲⣕⡢⠿⢇⣹⣿⣿⣷⣦⣬⣥⣴⣾⣿⣿⣏⡸⠿⢔⣪⠖⠋
⠀⠀⠀⠀⠀⠈⠙⠒⠪⠭⠭⢿⣛⣛⣛⣛⡿⠭⠭⠕⠒⠋⠁
⠀⣶⣶⢖⣻⣿⣻⣟⣿⣟⣲⣶⣶
⣼⣿⣿⣾⣏⣿⣭⣭⣿⣹⣷⣿⣿⣧
⠀⢿⣿⣿⣎⣯⣻⣛⣹⣣⣿⣿⡿
⠀⠀⠀⠙⠛⠿⣿⡿⠛⠛⠁
⠀⣀⣠⡤⢴⣤⠶⠶⠛⠟⢳⡞⠻⠛⠶⠶⣤⡤⢤⣄⣀
⢀⣤⣿⣿⡏⠠⠤⡭⣿⡷⢨⣅⢴⣿⢯⠤⠄⢽⣿⣿⣤⡀
⣠⣾⣿⣿⢥⣶⡋⠀⣼⣃⣀⣀⣘⣷⠀⢘⣶⣮⣻⣿⣷⣄
⠛⢿⣿⣿⣷⣿⡛⠳⡮⠭⠿⢿⢭⢵⡾⠻⣫⣿⣿⣿⣿⠛
⠀⠘⢿⣿⣿⣿⣷⡀⢳⡈⡝⠋⡍⣼⠁⣼⣿⣿⣿⡿⠃
⠀⠀⠀⠉⠘⢿⣿⣿⣾⣿⣭⣭⣿⣷⣾⡿⠟⠁⠋
⠀⠀⠀⠀⠀⠀⠀⠈⠙⠿⢿⡿⠛⠁
⠀⢀⣀⣠⣤⠤⣤⣴⣶⠶⠞⠿⠟⢷⣾⠻⠿⠳⠶⣶⣦⣤⠤⣤⣄⣀⡀
⠀⢀⣽⣿⣿⣟⠋⣀⣬⣛⣓⣶⡄⢘⣃⢠⣶⣒⣛⣥⣄⡙⣻⣾⣿⣯⡁
⢀⣭⣿⣿⣿⢟⣠⣤⠄⠉⢨⣿⠂⠉⠉⠀⢿⡇⠉⠡⣤⣤⡛⣿⣿⣿⣭⡀
⣾⣿⣿⣿⣿⣜⣿⣿⣦⣤⣘⠷⠶⣶⣶⠶⠾⢋⣤⣴⣿⢿⣫⣾⣿⣿⣿⣷
⠀⠸⣿⣿⣿⣿⣿⣿⡅⠈⣿⠉⢯⣭⣽⠭⠏⣹⠏⢈⣽⣿⣿⣿⣿⣿⠇
⠀⠀⠙⠿⣿⢿⣿⣿⣿⣄⠸⣧⣸⣤⣤⣦⣴⠿⢀⣾⣿⣿⢿⣿⠿⠋
⠀⠀⠀⠀⠀⠀⠛⠿⣿⢿⣿⣿⣶⣶⣶⣶⣾⡿⣿⠿⠟⠁⠈⠁
⠀⠀⠀⠀⠀⠀⠀⠀⠀⠀⠉⠛⠿⢿⡿⠛⠉
⠁⢠⣤⣤⣏⡀⠦⢤⣼⣄⣠⣧⠄⢼
⡀⠘⠟⢛⡟⠟⠒⠖⣺⣁⠘⠟⠀⣸
⠋⠀⢀⣀⡀⠀⢸⠋⠀⣀⣀⠀⠀⣿⡀⠀⠀⣸⡀⠀⠀⣸
⠀⠀⢸⣿⣿⣿⣿⣶⣄⠻⠿⠿⢿⣿⣇⣠⣴⣿⡷⠟⠁⣿
⠀⠀⢸⣿⣿⣿⣿⣿⣿⣷⣶⡶⡤⣿⡏⠀⠀⣿⡇⠀⠀⣿
⣄⠀⠈⠉⠀⢀⣽⠉⠉⠉⠉⠉⣀⣽⣧⡀⠀⠉⠁⢀⣠⣿
⠛⠁⠀⢀⠀⠀⠀⠀⣿⠋⠁⠀⠀⠀⠀⠀⠀⡇⠀⠀⠀⠀⣿⠀⠀⠀⠀⢸
⠀⠀⠀⣿⣿⣿⣶⡗⣯⣄⡀⢸⣿⣿⣶⣶⣶⣿⡇⠀⣀⣼⣿⣧⣴⡶⢸⣿
⠀⠀⠀⣿⣿⣿⣿⣿⣽⣿⣿⣷⡀⢀⡀⠈⠻⣿⡿⠟⠓⢺⣿⡏⠁⠀⢸⣿
⠀⠀⠀⣿⣿⠿⠿⢿⣿⣿⣿⣿⣿⣿⣯⡛⠳⣿⡇⠀⠀⢸⣿⡇⠀⠀⢸⣿
⣤⡀⠀⠀⠀⠀⢀⣠⣟⠉⠁⠀⠀⠀⠉⢈⣤⣿⣧⣄⠀⠀⠀⠀⠀⣀⣼⣿
⣠⣴⣾⣿⣿⣿⣿⣿⣿⣿⣿⣷⣦⣄
⣿⣿⣿⣿⣿⡏⠉⠉⠹⠿⠿⠿⠿⠿
⣿⣿⣿⣿⣿⡇
⣿⣿⣿⣿⣿⣇⣀⣀⣰⣶⣶⣶⣶⣶
⠙⠻⢿⣿⣿⣿⣿⣿⣿⣿⣿⡿⠟⠋
⢀⣠⣤⣶⣿⣿⣿⣿⣿⣿⣿⣿⣿⣿⣿⣿⣿⣿⣷⣤⣀
⣿⣿⣿⣿⣿⣿⣿⡟⣿⠿⠿⠿⠿⣿⢻⣿⣿⣿⣿⣿⣿⣿
⣿⣿⣿⣿⣿⣿⣿⡇⡇⠀⠀⠀⠀⠘⠚⠛⠛⠛⠛⠛⠛⠛
⣿⣿⣿⣿⣿⣿⣿⡇⡇
⣿⣿⣿⣿⣿⣿⣿⡇⡇⠀⠀⠀⠀⢠⢤⣤⣤⣤⣤⣤⣤⣤
⣿⣿⣿⣿⣿⣿⣿⣧⣿⣶⣶⣶⣶⣾⣼⣿⣿⣿⣿⣿⣿⣿
⠀⠉⠛⠿⣿⣿⣿⣿⣿⣿⣿⣿⣿⣿⣿⣿⣿⣿⠿⠛⠉
⠀⠀⣀⣤⣶⣿⣿⣿⣿⣿⣿⣿⣿⣿⣿⣿⣿⣿⣿⣿⣿⣿⣿⣶⢤⣀
⣶⢻⣿⣿⣿⣿⣿⣿⣿⣿⣿⣿⣿⣿⣿⣿⣿⣿⣿⣿⣿⣿⣿⣿⣿⣿⡝⣶
⣿⢸⣿⣿⣿⣿⣿⣿⣿⡇⣿⠉⠉⠉⠉⠉⠉⣿⣸⣿⣿⣿⣿⣿⣿⣿⣇⣿
⣿⢸⣿⣿⣿⣿⣿⣿⣿⡇⣿⠀⠀⠀⠀⠀⠀⠉⠉⠉⠉⠉⠉⠉⠉⠉⠉⠉
⣿⢸⣿⣿⣿⣿⣿⣿⣿⡇⣿
⣿⢸⣿⣿⣿⣿⣿⣿⣿⡇⣿⠀⠀⠀⠀⠀⠀⣀⣀⣀⣀⣀⣀⣀⣀⣀⣀⣀
⣿⢸⣿⣿⣿⣿⣿⣿⣿⡇⣿⣀⣀⣀⣀⣀⣀⣿⢸⣿⣿⣿⣿⣿⣿⣿⡇⣿
⠿⣼⣿⣿⣿⣿⣿⣿⣿⣿⣿⣿⣿⣿⣿⣿⣿⣿⣿⣿⣿⣿⣿⣿⣿⣿⣧⠿
⠀⠀⠉⠛⠿⣿⣿⣿⣿⣿⣿⣿⣿⣿⣿⣿⣿⣿⣿⣿⣿⣿⡿⠟⠋⠉
⢠⣦⣴⣶⣚⠛⣉⣉⣉⡉⠙⠛⣶
⢘⣿⣿⣿⣿⠟⢩⣛⣻⣷⣖⡚⠋
⠀⢰⡟⠻⢷⣦⣠⣴⠶⠿⢿⡟⠛⠂
⠰⠿⢤⣄⣀⣉⣉⣉⣤⠤⠾⠁
⠀⢠⣤⣀⣤⣴⡶⠶⠚⠛⠛⠛⠛⠛⠛⠛⠛⠳⠶⣶⣤
⢘⣿⣿⣿⣿⣿⣷⣶⣶⣶⣶⣶⣶⣶⣶⣀⣀⣀⣰⣿⠃
⢀⣽⣿⣿⣿⣿⣿⠿⠭⠥⢴⣬⣭⣝⣿⣿⠯⣉⡉⠉
⠀⠀⢠⣿⠟⢿⣿⣶⣤⠀⢀⣠⣤⣶⣶⣟⣛⣒⡚⠛⠒⠂
⠀⢀⣾⡟⠀⠀⠉⠽⠿⠷⠾⠿⠟⠉⠉⠉⣽⡿⠁
⠘⠛⠿⠶⢦⣤⣤⣤⣤⣤⣤⣤⣤⠤⠶⠶⠛⠃
⠀⠀⣤⣄⢀⣠⣤⣤⡶⠶⠶⠾⠛⠛⠛⠛⠛⠛⠛⠛⠻⠷⠶⠶⣶⣤⡄
⠐⣷⣿⣿⣿⣿⣿⣿⣤⣤⣤⣤⣤⣤⣤⣤⣤⣤⣤⠀⠀⠀⠀⢠⣿⡿⠁
⠀⠻⣿⣿⣿⣿⣿⣿⣿⣿⠟⠛⠛⣛⡛⠛⠿⢿⣿⣿⣟⠛⠛⠛⠛⠃
⠐⠛⠛⢻⣿⣿⣿⣿⣿⣉⠉⠉⠀⠙⠚⠛⠛⠛⣛⣿⣯⣝⣒⣲⠤⢄⣀
⠀⠀⠀⣼⣿⠃⠘⠿⣿⣿⣿⣅⡀⣠⣶⣾⣿⣿⣭⣭⣭⣭⣭⠍⠉⠉⠉⠁
⠀⢀⣼⣿⠏⠀⠀⠀⠀⠚⠛⠛⠛⠛⠛⠛⠀⠀⠀⠀⣰⣿⡟
⠈⠛⠛⠿⠶⠶⢶⣦⣤⣤⣤⣤⣤⣤⣤⣤⠶⠶⠶⠖⠛⠛
⢸⡟⠛⠛⠛⠛⠛⠛⠛⠛⠛⠳⢿⡿
⡜⣷⠀⠀⠀⣶⢲⣶⢲⡆⠀⠀⢸⡇
⡇⣿⠀⠀⠀⣿⢸⣿⢸⡇⠀⠀⢸⡇
⢣⡿⠀⠀⠀⠿⠼⠿⠼⠇⠀⠀⢸⡇
⢸⣧⣤⣤⣤⣤⣤⣤⣤⣤⣤⡴⣾⣷
⢰⣶⠒⠒⠒⠒⠒⠒⠒⠒⠒⠒⠒⠒⠒⠒⠒⠲⢮⣝⡻⠿
⢸⣿⣀⠀⠀⠀⠀⠀⣀⣀⣀⣀⣀⣀⣀⠀⠀⠀⠀⠈⣿⡇
⣶⢸⣿⠀⠀⠀⠀⠀⣿⡇⣶⣶⣶⢸⣿⠀⠀⠀⠀⠀⣿⡇
⣿⢸⣿⠀⠀⠀⠀⠀⣿⡇⣿⣿⣿⢸⣿⠀⠀⠀⠀⠀⣿⡇
⠿⢸⣿⠀⠀⠀⠀⠀⣿⡇⠿⠿⠿⢸⣿⠀⠀⠀⠀⠀⣿⡇
⢸⣿⠉⠀⠀⠀⠀⠀⠉⠉⠉⠉⠉⠉⠉⠀⠀⠀⠀⢀⣿⡇
⠸⠿⠤⠤⠤⠤⠤⠤⠤⠤⠤⠤⠤⠤⠤⠤⠤⠴⢞⣫⣵⣶
⢰⣶⡶⠶⠶⠶⠶⠶⠶⠶⠶⠶⠶⠶⠶⠶⠶⠶⠶⠶⠶⠶⢶⣬⣙⠻⢿⣿
⢸⣿⡇⠀⠀⠀⠀⠀⠀⠀⠀⠀⠀⠀⠀⠀⠀⠀⠀⠀⠀⠀⠀⠈⠙⢻⣷⠈
⣐⠛⣿⣶⠀⠀⠀⠀⠀⠀⣶⣶⠖⣒⣒⣒⡒⢶⣶⠀⠀⠀⠀⠀⠀⢸⣿
⣿⡇⣿⣿⠀⠀⠀⠀⠀⠀⣿⣿⠀⣿⣿⣿⡇⢸⣿⠀⠀⠀⠀⠀⠀⢸⣿
⣿⡇⣿⣿⠀⠀⠀⠀⠀⠀⣿⣿⠀⣿⣿⣿⡇⢸⣿⠀⠀⠀⠀⠀⠀⢸⣿
⣿⡇⣿⣿⠀⠀⠀⠀⠀⠀⣿⣿⠀⣿⣿⣿⡇⢸⣿⠀⠀⠀⠀⠀⠀⢸⣿
⠩⣤⣿⠿⠀⠀⠀⠀⠀⠀⠿⠿⠦⠭⠭⠭⠥⠾⠿⠀⠀⠀⠀⠀⠀⢸⣿
⢸⣿⡇⠀⠀⠀⠀⠀⠀⠀⠀⠀⠀⠀⠀⠀⠀⠀⠀⠀⠀⠀⠀⢀⣠⣼⡿⢀
⠸⠿⠷⠶⠶⠶⠶⠶⠶⠶⠶⠶⠶⠶⠶⠶⠶⠶⠶⠶⠶⠶⠾⢛⣩⣴⣾⣿
⠙⣿⡒⢶⣦⣤⣀⣤⣤⣀
⢀⡾⢷⣶⡥⠯⠶⣤⡬⣉⡏⠓⣦
⠘⣷⠋⠁⠀⠉⣭⣿⣿⣯⣀⣑⣞⠽
⠀⠙⠛⠉⠉⠓⠦⣝⣻⣻⣷⠎
⠛⢲⣶⠶⢶⣤⣤⣄⣀⠀⢠⣀⣀⡀
⠀⠈⢻⣇⠀⠈⡿⠹⠿⠟⠓⠛⠛⠿⢿⣶⠤⣄⣀
⠀⣸⡿⠛⢿⣷⡖⠒⠛⠲⠻⣤⢭⠤⢤⣠⡍⠀⠨⢷⡄
⠸⠿⣶⠞⠉⠀⠀⠈⠉⠉⣉⣛⣿⣿⣟⠀⠀⠐⢶⡶⢞⡷
⠀⠈⣿⣆⣠⣤⣤⣄⣀⠈⠻⣿⣿⣿⣿⣽⠝⢋⠻⠕⠋
⠀⠀⠈⠉⠀⠀⠀⠀⠈⠙⠓⢦⣍⣛⣉⣛⡿⠏
⠛⠶⣶⣶⣦⣤⣤⣄⣀⡀⠀⠀⠀⣀
⠀⠀⢻⣷⡂⠈⠉⢿⡯⢻⣿⣷⡦⣬⣽⣿⣿⣶⡦⣄
⠀⠀⣠⣿⠷⣄⣀⠘⠋⠈⢉⡉⢁⣀⠀⢀⣉⠉⠛⠺⢭⡛⠲⢤⣄
⠀⢈⣽⠟⠫⠵⣒⣚⠫⠍⠉⠙⠊⠛⢶⡲⠖⠲⠦⣴⡆⠀⠀⠀⠾⣗⡀
⠰⠿⢷⣶⡾⠋⠁⠀⠀⠉⠩⠭⠭⠭⠭⠭⣽⢷⣛⠂⠈⠀⠦⢤⣤⡤⠟⣷
⠀⠀⢼⣿⠀⠀⠀⠀⠀⠀⠈⠉⢼⣿⣿⣿⣿⣿⣶⢶⠖⣲⠶⢶⠗⣲⠞⠁
⠀⠀⠘⢿⡷⠶⠚⠛⠒⠶⠦⣤⣀⠈⠻⢿⣿⣿⡿⢾⣭⡥⣤⠈⠉
⠀⠀⠀⠀⠀⠀⠀⠀⠀⠀⠀⠀⠈⠙⠲⣤⣈⣉⣀⣉⣩⠟⠁
⠈⠙⠻⣿⣯⣵⢻⣿⣿⠛⠛⢿⣿⣦
⠀⠀⠀⠀⠙⠑⢻⣿⣿⣤⣤⣾⣿⠟
⠈⠻⢿⠿⠿⠿⠿⠟⢫⢴⣿⣿⣿⣿⣿⣿⣿⣿⣿⣷⣦⡄
⠀⠀⠀⠐⠶⠶⠶⠶⠶⠆⠾⠿⠿⠿⠄⠀⠀⠸⠿⠿⠿⠿
⠀⠀⠀⠀⠀⠀⠓⠶⢂⣴⣿⣿⣿⣿⠂⠀⠀⢰⣿⣿⣿⣿
⠀⠀⠀⠀⠀⠀⠀⠀⠀⠀⣾⣿⣿⣿⣿⣿⣿⣿⣿⡿⠟⠃
⠈⠻⢿⣿⣿⣿⣿⣿⣿⡿⠛⣡⣾⣿⣿⣿⣿⣿⣿⣿⣿⣿⣿⣿⣷⣶⣤
⠀⠀⠀⠀⠠⣤⣤⣤⣤⣤⣤⣤⠀⣴⣿⣿⣿⣿⠁⠀⠀⠈⢹⣿⣿⣿⣿⣧
⠀⠀⠀⠀⠀⠈⠉⢉⣉⣉⣉⠉⢀⣉⣉⣉⣉⣉⠀⠀⠀⠀⢈⣉⣉⣉⣉⣉
⠀⠀⠀⠀⠀⠀⠀⠀⠉⠛⠁⠒⠛⢛⣿⣿⣿⣿⡀⠀⠀⢀⣸⣿⣿⣿⣿⡟
⠀⠀⠀⠀⠀⠀⠀⠀⠀⠀⠀⠀⠀⣿⣿⣿⣿⣿⣿⣿⣿⣿⣿⣿⡿⠿⠛
⠋⠛⠉⠉⠀⠀⠀⠀⠀⠀⠉⠙⠛⠙
⣄⠀⠀⠀⠀⠀⠀⠀⠀⠀⠀⠀⠀⣠
⣿⣷⣄⠀⠀⠀⠀⠀⠀⠀⠀⣠⣾⣿
⣿⣿⣿⣿⣶⣄⡀⢀⣠⣴⣿⣿⣿⣿
⡟⠙⡿⠛⠋⠉⠉⠀⠀⠀⠀⠀⠀⠀⠀⠉⠉⠙⠻⢿⠏⢻

⣧⡀⠀⠀⠀⠀⠀⠀⠀⠀⠀⠀⠀⠀⠀⠀⠀⠀⠀⠀⢀⣼
⣿⣿⣦⡀⠀⠀⠀⠀⠀⠀⠀⠀⠀⠀⠀⠀⠀⠀⢀⣴⣿⣿
⣿⣿⣿⣿⣷⣤⣀⠀⠀⠀⠀⠀⠀⠀⠀⣀⣤⣾⣿⣿⣿⣿
⣿⣿⣿⣿⣿⣿⣿⣷⣦⣄⡀⢀⣠⣴⣾⣿⣿⣿⣿⣿⣿⣿
⣿⠋⢿⣿⠿⠛⠋⠉⠉⠁⠀⠀⠀⠀⠀⠀⠀⠀⠉⠉⠉⠛⠛⠿⣿⣿⠋⢿
⠃⠀⠈⠁⠀⠀⠀⠀⠀⠀⠀⠀⠀⠀⠀⠀⠀⠀⠀⠀⠀⠀⠀⠀⠈⠁⠀⠈
⡀⠀⠀⠀⠀⠀⠀⠀⠀⠀⠀⠀⠀⠀⠀⠀⠀⠀⠀⠀⠀⠀⠀⠀⠀⠀⠀⢠
⣷⡄⠀⠀⠀⠀⠀⠀⠀⠀⠀⠀⠀⠀⠀⠀⠀⠀⠀⠀⠀⠀⠀⠀⠀⠀⣠⣿
⣿⣿⣦⣀⠀⠀⠀⠀⠀⠀⠀⠀⠀⠀⠀⠀⠀⠀⠀⠀⠀⠀⠀⠀⣠⣾⣿⣿
⣿⣿⣿⣿⣷⣤⡀⠀⠀⠀⠀⠀⠀⠀⠀⠀⠀⠀⠀⠀⠀⢀⣤⣾⣿⣿⣿⣿
⣿⣿⣿⣿⣿⣿⣿⣷⣤⣀⠀⠀⠀⠀⠀⠀⠀⠀⣀⣤⣾⣿⣿⣿⣿⣿⣿⣿
⣿⣿⣿⣿⣿⣿⣿⣿⣿⣿⣿⣶⣄⡀⢀⣠⣴⣿⣿⣿⣿⣿⣿⣿⣿⣿⣿⣿
⠀⠀⠀⠀⢠⣐⣄⣶⣿⣷⣶⣄
⠀⣀⢠⣮⣾⣿⣿⣿⡋⢻⣽⣟⡄
⠓⠓⠯⠿⢿⣿⣶⣦⠽⣶⣷⣦⠬⠷
⠀⠀⠀⠀⠀⠀⠀⣀⠠⢢⡔⣢⣶⣾⣶⣶⣤⣄⢄
⠀⠀⠀⠀⠀⡴⣠⣷⣿⢟⣿⣿⣿⠿⣿⣛⢿⣿⡇⣣
⣀⠀⣖⣒⣿⣷⣿⣿⣿⡷⠿⠿⠷⣄⣀⢻⡟⠻⠷⢧⣀⡀
⠉⠓⠛⠻⠽⠿⠿⢿⣻⣿⣷⣶⠦⠭⢿⣷⣿⣶⣶⠶⠾⠟
⠀⠀⠀⠀⠀⠀⠀⠀⠀⠀⣀⡴⣢⠐⢒⣬⣶⣶⣶⣦⣤⣀⠠⡀
⠀⠀⠀⠀⠀⠀⠀⡠⢄⣫⣴⣶⡿⠷⣿⠿⢿⣿⣿⣿⣿⣿⣿⣎⢢
⠀⠀⠀⣀⣀⣀⣚⣑⣽⣿⣿⢿⡸⣿⣿⣿⡃⠈⠙⢷⣬⣙⡿⡏⡼⠁
⣤⡀⠚⣥⣤⣶⣿⣿⣿⣷⣻⣯⣉⠉⠉⠉⠙⣒⡀⠈⠟⠉⠓⠁⠙⠲⣤⣄
⠀⠉⠉⠉⠓⠦⠭⠽⠯⠭⣝⣛⣛⣛⣿⠥⠴⠶⠭⢿⣿⣿⣿⡿⠟⠓⠚⠚
⠻⢂⠀⠀⠠⢀⣄⣠⡄⠄⠀⠀⡐⠟
⠀⠀⠉⣩⣴⣿⣿⣿⣿⣦⣉⠉
⠀⠀⠀⠉⣉⣻⣿⡿⠋⠉⠉
⢿⠲⠤⡀⠀⠀⠀⢀⣀⡀⠀⠀⢀⣀⡀⠀⠀⠀⢀⠤⠖⡻
⠀⠙⠒⠦⣤⣀⣈⠉⢰⣿⣿⣿⣿⣦⠉⣁⣀⣤⠴⠒⠋
⠀⠀⠀⠀⠀⢀⣬⣭⣿⣿⣿⣿⣿⣿⣭⣅⡐⠀⠁
⠀⠀⠀⠀⠘⠿⠿⠟⢻⣿⣿⣿⣿⡟⠿⠿⠿⠁
⠀⠀⠀⠀⠀⠠⢀⣀⣻⣿⡿⠿⠛
⣿⠲⢤⣀⠀⠀⠀⠀⠀⠀⠀⠀⠀⠀⠀⠀⠀⠀⠀⠀⠀⠀⠀⠀⣀⡤⠖⣿
⠈⠓⠦⢤⣀⡀⠀⠀⠐⠚⢩⣬⣷⣶⣶⣾⣧⡍⠓⠂⠀⠀⢀⣀⡤⠶⠚⠁
⠀⠀⠀⠐⠪⠍⢛⣓⠒⠲⢼⣿⣿⣿⣿⣿⣿⡷⠖⢒⣚⡛⠩⠕⠂
⠀⠀⠀⠀⠀⢠⣤⣶⣾⣿⣿⣿⣿⣿⣿⣿⣿⣿⣿⣷⣦⣤
⠀⠀⠀⠀⠀⠀⠙⠛⠛⠉⢹⣿⣿⣿⣿⣿⣿⠉⠙⠛⠛⠃
⠀⠀⠀⠀⠀⠀⠀⠤⣄⣀⣸⣿⣿⠿⠿⠛⠁
⣿⡿⠾⠯⠽⠿⠏⠻⠞⠹⠿⠹⠿⡗
⣶⡖⣶⣶⣿⣿⠋⣿⣷⣿⡏⢻⣧⣿⠋⣿⣿⡛⣾⣖⣲⡆
⣿⠧⠿⠛⠛⠓⠒⠛⠋⠛⠃⠈⠛⠋⠀⠛⠓⠒⠻⠟⠿⣅
⣶⣶⢲⣶⣶⣿⣿⡟⠃⣿⣿⣾⣿⡏⢻⣷⣴⣿⠃⣿⣿⣿⠓⣾⣶⣒⣶⡆
⣿⡿⠼⠿⠛⠛⠓⠒⠂⠛⠃⠙⠛⠃⠀⠛⠛⠃⠀⠛⠛⠒⠒⠻⠿⠻⢿⣅
⠐⠲⢤⣠⣄⠄⠒⡈⠛⣷⣦
⠛⣿⣿⣿⣿⣿⣿⣿⣿⣿⣿⣿⣿⡷
⠀⠀⠀⠹⢷⣶⣶⠾⠟⠃⠊⠲⠄
⠐⠶⢤⣄⣀⡀⣠⢀⡠⠄⠒⠂⠛⠻⢷⣶⣤⡀
⢰⣶⣶⣶⡿⣾⡿⣿⣶⣶⡶⣶⣶⣶⣾⣿⣿⡷⣶⣶⣶⡆
⠀⠸⠛⠻⠻⣿⣛⠛⠛⠛⠛⢛⣾⣿⣿⠟⢿⡛⠚⠛⠛⠃
⠀⠀⠀⠀⠀⠙⠿⠿⣶⣾⡿⠿⠛⠛⠉⠉⠒⠒⠑⠦
⠠⠶⣤⣄⣀⠀⠀⣀⣀⠀⢀⣠⠤⠶⠒⠒⠻⠿⣖⣶⣤⡀
⢠⣤⣤⣬⣍⣿⣯⣶⣿⣾⣭⣤⣤⣤⣤⣤⣤⣤⣼⣿⣿⣿⣤⣤⣤⣄⣀⡀
⠘⢛⣿⣿⣿⣿⣼⣿⣽⣿⣿⣿⣿⣯⣿⣿⣿⡿⣿⣿⣾⣿⣿⣻⣷⣿⣿⡇
⠀⠈⠉⠉⠉⠉⢿⣯⣌⡉⠉⠉⢉⣉⣩⣽⣿⣿⣿⣋⡚⠯⢍⡉⠉⠉⠉
⠀⠀⠀⠀⠀⠀⠀⠙⠻⠿⢿⣿⠿⠿⠿⠛⠋⠉⠀⠀⠉⠉⠒⠚⠓
⠀⢀⡠⢤⡶⠾⠛⢉⣉⣑⣦⣄
⣰⢯⠀⠀⠁⠠⢴⣦⣼⣮⣭⣞⣀
⢷⠀⢳⣦⡤⢴⣿⢫⣿⢯⢿⣹⣿⢱
⠾⢄⠽⠂⢚⣿⣵⣿⣯⣿⠿⠿⠛⠁
⠀⠀⠀⠀⣀⣠⣤⣤⣴⣚⠯⠉⠉⠛⠛⢦⠤⡀
⠀⢀⡴⠋⠁⠚⠻⠀⠀⠀⢀⠐⠚⠿⢛⡩⢽⡻⣶
⣰⠏⢶⠀⠀⠀⠀⠀⠔⠚⢾⣷⣶⣯⣵⣶⣶⣾⣥⣀⡀
⢿⠀⠀⢲⣶⣂⣀⣀⣰⣮⣹⠚⣫⣭⣽⢏⠽⡝⣿⣷⣎⢣
⠸⡇⠀⢠⠟⠛⠉⣉⡤⢲⢟⣴⣿⡿⣡⡯⣞⣵⣿⠿⡣⠏
⠛⠦⠤⠤⠟⠉⠉⣡⣋⣷⣾⣿⣿⣶⣶⣿⠿⠽⠒⠉
⠀⠀⠀⠀⠀⠀⠀⣀⣀⣠⣤⠶⠒⣋⠍⠓⠒⠺⠽⢦⣀⡀
⠀⠀⠀⣠⡴⠚⢉⠽⡟⠉⠉⠉⠉⠀⢀⣀⣶⣢⡤⠴⠶⢬⣷⣄
⠀⣠⡞⠁⠀⠀⠀⠀⠉⠀⠀⠀⠀⢠⡀⠀⠀⣃⡤⠖⠋⠣⣬⡿
⣰⠟⠐⢇⠀⠀⠀⠀⠀⠀⠐⠊⠭⢭⣭⡭⠭⢔⣒⣒⣒⣚⣛⡤⠤⣀
⣿⠀⠀⠀⢢⣤⠤⠄⠀⠀⠠⣴⣚⠭⠶⠚⣋⣭⣭⡍⣩⢍⠻⣿⣿⣦⡙⣦
⠘⣧⠀⠀⠈⢻⣿⠿⠿⠛⠛⢉⣩⡽⢂⣾⣿⣿⠏⡴⢃⡼⢃⣿⣿⣿⢃⡿
⣀⡷⠀⠀⠺⣍⣀⣀⣀⡴⢚⣩⠞⣡⣿⣿⡿⠃⠞⣓⣭⣶⣿⠿⣋⠵⠋
⠉⠓⠲⠦⠖⠋⠀⠀⠀⣴⣋⣐⣚⣛⣛⣛⣛⣛⣛⡫⠭⠕⠒⠉⠁
⠀⣠⣶⣷⣄⣀⡀⣤⣀
⣾⣿⣿⠛⢰⣾⣟⡛⠃⠡⡀⢦⣴⠂
⠙⠿⡟⠉⠉⠉⠛⠏⠀⠤⠄⠈⠀⠁
⠀⠀⣠⣴⣾⣷⣄⠀⡀⠀⡀⢠⡀⢀
⣠⣾⣿⣿⣿⣿⠛⣫⣭⣽⣵⣯⣽⡏⠓⡠⠀⢀⠄⢀⣀
⢿⣿⣿⣿⣯⣤⣬⣭⣿⣿⢶⣴⠠⠀⠀⠸⠐⠐⢿⠻⢖
⠀⠙⠻⢿⠁⠀⠈⠀⠀⠈⠉⠃⠁⠐⠲⠶⠄
⠀⠀⠀⣀⣤⣶⣿⣦⡀⠀⠀⠀⠀⠀⢀⡀
⠀⣴⣾⣿⣿⣿⢿⣿⠿⠷⠛⣒⣿⣺⣞⢹⣶⠪⢦⢀⡀
⣾⣿⣿⣿⣿⣿⠗⠃⠠⠾⡿⢿⠿⠛⢛⡉⠛⠄⠀⢲⡄⠀⣻⣡⣴⠞⡋⠁
⠹⣿⣿⣿⣿⣿⠶⠶⣶⠿⠿⢿⣭⣿⠶⣠⠃⠀⠀⠈⠃⠁⠈⠻⠍⠛⠧
⠀⠈⠙⠻⢿⠁⠀⠀⠀⠀⠀⠀⠀⠈⠋⠀⠀⠉⠳⠗⠖
⣷⡄⠀⠀⠀⠀⣴⣾⣦⠀⠀⠀⠀⠉
⣿⡇⠀⠀⠀⠀⣿⣿⣿
⡿⠃⠀⠀⠀⠀⠻⢿⠟⠀⠀⠀⠀⢀
⣷⣄⠀⠀⠀⠀⠀⠀⠀⠀⣠⣶⣦⡀⠀⠀⠀⠀⠀⠀⠉⠙
⣿⣿⡇⠀⠀⠀⠀⠀⠀⢸⣿⣿⣿⣿⡆
⣿⣿⡇⠀⠀⠀⠀⠀⠀⢸⣿⣿⣿⣿⡇
⣿⣿⡇⠀⠀⠀⠀⠀⠀⢸⣿⣿⣿⣿⠇
⡿⠋⠀⠀⠀⠀⠀⠀⠀⠀⠙⢿⠟⠁⠀⠀⠀⠀⠀⠀⢀⣠
⣷⣄⠀⠀⠀⠀⠀⠀⠀⠀⠀⠀⠀⣀⣴⣶⣄⠀⠀⠀⠀⠀⠀⠀⠀⠈⠉⠻
⣿⣿⣿⡆⠀⠀⠀⠀⠀⠀⠀⠀⣾⣿⣿⣿⣿⣷
⣿⣿⣿⡇⠀⠀⠀⠀⠀⠀⠀⠀⣿⣿⣿⣿⣿⣿
⣿⣿⣿⡇⠀⠀⠀⠀⠀⠀⠀⠀⣿⣿⣿⣿⣿⣿
⣿⣿⣿⠇⠀⠀⠀⠀⠀⠀⠀⠀⢿⣿⣿⣿⣿⡿
⡿⠋⠀⠀⠀⠀⠀⠀⠀⠀⠀⠀⠀⠙⠻⠿⠋⠀⠀⠀⠀⠀⠀⠀⠀⢀⣀⣴
⠀⠀⣾⣦⣄⡀
⠀⠀⣿⣿⣿⣿⣷⣦⣄⡀
⠀⠀⣿⣿⣿⣿⡿⠿⣿⣿⣷⣦⣀
⠀⠀⣿⣿⣿⣿⡇⠀⠈⢹⣿⣿⣿⣷
⠀⠀⣿⣿⣿⣿⡇⠀⠀⢸⣿⣿⣿⣿
⢀⣤⣿⣿⣿⣿⠃⠀⠀⢸⣿⣿⣿⣿
⠀⠉⠛⠿⣿⣿⣿⣶⣤⣸⣿⣿⡿⠟
⠀⠀⠀⠀⠀⠉⠛⢿⡿⠟⠋⠁
⠀⠀⠀⢸⣶⣤⣀
⠀⠀⠀⢸⣿⣿⣿⣿⣶⣤⣀
⠀⠀⠀⢸⣿⣿⣿⣿⣿⣿⣿⣿⣶⣤⣀
⠀⠀⠀⢸⣿⣿⣿⣿⣿⣿⣿⣿⣿⣿⣿⣿⣶⣤⣀
⠀⠀⠀⢸⣿⣿⣿⣿⣿⣿⡇⠈⠙⠻⢿⣿⣿⣿⣿⣿⣶⣄
⠀⠀⠀⢸⣿⣿⣿⣿⣿⣿⡇⠀⠀⠀⠀⣿⣿⣿⣿⣿⣿⣿
⠀⠀⠀⢸⣿⣿⣿⣿⣿⣿⡇⠀⠀⠀⠀⣿⣿⣿⣿⣿⣿⣿
⠀⠀⠀⢸⣿⣿⣿⣿⣿⣿⡇⠀⠀⠀⠀⣿⣿⣿⣿⣿⣿⣿
⢠⣴⣾⣿⣿⣿⣿⣿⣿⣛⠁⠀⠀⠀⠀⣿⣿⣿⣿⣿⣿⣿
⠀⠈⠙⠻⢿⣿⣿⣿⣿⣿⣿⣶⣤⣀⠀⣿⣿⣿⣿⣿⣿⠿
⠀⠀⠀⠀⠀⠈⠙⠻⢿⣿⣿⣿⣿⣿⣷⣿⣿⡿⠟⠋⠁
⠀⠀⠀⠀⠀⠀⠀⠀⠀⠈⠙⠻⢿⡿⠟⠋⠁
⠀⠀⠀⠀⢸⣶⣤⣀
⠀⠀⠀⠀⢸⣿⣿⣿⣿⣶⣤⣀
⠀⠀⠀⠀⢸⣿⣿⣿⣿⣿⣿⣿⣿⣶⣤⣀
⠀⠀⠀⠀⢸⣿⣿⣿⣿⣿⣿⣿⣿⣿⣿⣿⣿⣶⣤⣀
⠀⠀⠀⠀⢸⣿⣿⣿⣿⣿⣿⣿⣿⣿⣿⣿⣿⣿⣿⣿⣿⣶⣤⣀
⠀⠀⠀⠀⢸⣿⣿⣿⣿⣿⣿⣿⣿⡇⠈⠙⠻⢿⣿⣿⣿⣿⣿⣿⣿⣶⣤⡀
⠀⠀⠀⠀⢸⣿⣿⣿⣿⣿⣿⣿⣿⡇⠀⠀⠀⠀⠈⣿⣿⣿⣿⣿⣿⣿⣿⣿
⠀⠀⠀⠀⢸⣿⣿⣿⣿⣿⣿⣿⣿⡇⠀⠀⠀⠀⠀⣿⣿⣿⣿⣿⣿⣿⣿⣿
⠀⠀⠀⠀⢸⣿⣿⣿⣿⣿⣿⣿⣿⡇⠀⠀⠀⠀⠀⣿⣿⣿⣿⣿⣿⣿⣿⣿
⠀⠀⠀⠀⢸⣿⣿⣿⣿⣿⣿⣿⣿⡇⠀⠀⠀⠀⠀⣿⣿⣿⣿⣿⣿⣿⣿⣿
⢀⣠⣴⣾⣿⣿⣿⣿⣿⣿⣿⡿⠛⠁⠀⠀⠀⠀⠀⣿⣿⣿⣿⣿⣿⣿⣿⣿
⠈⠙⠛⠿⣿⣿⣿⣿⣿⣿⣿⣿⣷⣦⣄⡀⠀⠀⠀⣿⣿⣿⣿⣿⣿⣿⣿⣿
⠀⠀⠀⠀⠀⠉⠛⠿⣿⣿⣿⣿⣿⣿⣿⣿⣷⣦⣄⣿⣿⣿⣿⣿⣿⠿⠛⠁
⠀⠀⠀⠀⠀⠀⠀⠀⠀⠉⠛⠿⣿⣿⣿⣿⣿⣿⣿⣿⣿⠿⠛⠉
⠀⠀⠀⠀⠀⠀⠀⠀⠀⠀⠀⠀⠀⠉⠛⠿⣿⠿⠛⠉
⠀⠀⢠⣶⢦⣤⣿⣷⣶⣄⡀
⠀⣠⣼⣿⣞⡛⣛⣛⠻⣿⣿⣦⣄⡀
⠄⢙⠟⢙⠉⠑⠈⡥⢢⠿⠿⠛⠋⠓
⠄⠈⠀⠀⠀⠂⠀⠀⠉
⠀⠀⠀⠀⣠⣴⣶⣄⣀⣮⣿⣶⣶⣤⣄⡀
⠀⠀⠀⢸⣿⣿⣏⣿⣏⣿⣯⣿⣿⣿⣿⣿⣦⣀
⠀⣠⣴⣿⣿⣿⣯⣍⣩⢝⣛⣭⡍⠿⣿⣿⣿⣿⣿⣶⣤⡀
⢠⠛⡿⣿⡟⠛⡍⠉⠓⠆⠉⢉⡥⣀⣿⣿⣿⡿⠿⠛⠛⡽
⠈⠁⠲⠓⠀⠀⣇⢉⣁⠁⠁⣛⣡⠼⠉⠁⠀⠀⠀⠀⠈⠁
⠂⣅⠀⡠⠀⠀⠀⠀⠀⠀⠀⠀⠀⠀⠀⠀⠀⠠⣄⢀⡡⠂
⠀⠀⠀⠀⠀⢀⣤⣴⣶⣄⠀⡠⣫⣷⣶⣶⣤⣤⣀
⠀⠀⠀⠀⢰⢳⣿⣿⠿⣿⡿⣻⣿⡟⣻⣟⣿⣿⣿⣷⣤⡀
⠀⠀⠀⠀⡸⣸⣿⣿⣴⣿⡷⣿⠿⠷⠾⣿⣿⣿⣿⣿⣿⣿⣦⣄⡀
⠀⢠⢔⣿⣿⣿⣿⣿⣵⣭⣩⠔⣋⣩⣥⣤⠑⠽⣿⣿⣿⣿⣿⣿⣿⣷⣤⡀
⢀⠼⢼⣿⣿⠿⠿⢿⡙⠛⠽⠶⠈⠉⠉⣁⣄⣀⣻⣿⣿⣿⣿⣿⠿⠿⢷⡱
⠘⠥⢈⡭⣛⠭⠥⢼⡇⠦⠶⠰⠰⢆⣶⠿⠈⣿⠟⠛⣛⠉⠩⠤⢀⡀⠼
⠀⣀⠤⠉⠀⠀⠤⠘⠒⠰⠶⠤⠤⠤⠶⠶⠞⠉⡀⠀⠠⠄⠀⠀⠠⢄⡀
⠛⢤⣀⣀⠴⠂⠉⠁⠀⠀⠀⠀⠀⠀⠀⠀⠀⠀⠀⠀⠉⠁⠒⢄⣐⣀⠄⠃
⠀⠶⣶⣶⣶⡶⠶⠶⠶⠶⢶⣶⡄
⠀⣀⣸⣿⣿⣇⣀⣀⣀⡀⠀⠈⠋
⠀⠉⢹⣿⣿⡏⠉⠉⠁⠀⠀⢀⣀
⠀⠶⠿⠿⠿⠿⠶⠶⠶⠶⠾⠿⠏
⠀⢠⣤⣤⣤⣤⣤⣤⣤⣤⣤⣤⣤⣤⣤⣤⣤⣤⣦
⠀⠀⠈⢹⣿⣿⣿⣿⣿⠉⠉⠉⠉⠉⠉⠉⠉⠻⣿⣷⡀
⠀⠀⣀⣈⣿⣿⣿⣿⣿⣤⣤⣤⣤⣤⣤⠄
⠀⠘⠛⢛⣿⣿⣿⣿⣿⠛⠛⠛⠋⠁
⠀⠀⢀⣸⣿⣿⣿⣿⣿⣀⣀⣀⣀⣀⣀⣀⣀⣤⣾⣿⠏
⠀⠘⠛⠛⠛⠛⠛⠛⠛⠛⠛⠛⠛⠛⠛⠛⠛⠛⠿⠃
⠀⠀⣠⣤⣤⣤⣤⣤⣤⣤⣤⣤⣤⣤⣤⣤⣤⣤⣤⣤⣤⣤⣤⣤
⠀⠈⠉⠉⢻⣿⣿⣿⣿⣿⣿⡏⠛⠛⠛⠛⠛⠛⠛⠛⠛⠻⢿⣿⣷⡀
⠀⠀⠀⠀⠸⠿⠿⠿⠿⠿⠿⠇⠀⠀⠀⠀⠀⠀⠀⠀⠀⠀⠀⠙⠛⠛
⠀⢀⣴⣶⣾⣿⣿⣿⣿⣿⣿⣿⣿⣿⣿⣿⠿⠛⠋⠉
⠀⠀⠀⠀⢰⣶⣶⣶⣶⣶⣶⡆⠀⠀⠀⠀⠀⠀⠀⠀⠀⠀⠀⢀⣀⣀⡀
⠀⠀⣀⣀⣼⣿⣿⣿⣿⣿⣿⣇⣤⣤⣤⣤⣤⣤⣤⣤⣤⣴⣶⣿⣿⠟
⠀⠀⠙⠛⠛⠛⠛⠛⠛⠛⠛⠛⠛⠛⠛⠛⠛⠛⠛⠛⠛⠛⠛⠻⠋
⠀⢀⣠⣴⠶⠚⠛⠛⠓⠲⣦⣄⡀
⢰⣿⡩⠀⠀⠀⠘⠋⠀⠠⠈⢿⣿⡆
⠸⣿⣇⠀⢠⡀⠀⠓⠦⢤⣒⣺⣿⠇
⠀⠈⠙⠻⠿⢿⣧⣤⡼⠷⠟⠋⠁
⠀⠀⠀⠀⣀⣤⣴⣶⠶⠶⠿⠿⠶⠶⢶⣦⣤⣀
⠀⢠⣴⣿⠟⠋⠁⠀⠀⠀⣠⡶⠤⠀⠀⠈⢹⣿⣿⣦⡄
⢰⣿⣿⣡⠞⠁⠀⠀⠀⠀⠉⠁⠀⠀⠐⠒⠀⠙⢿⣿⣿⡆
⠸⣿⣿⣯⠀⠀⠀⡀⠀⠀⠀⠳⣶⣄⣀⠠⠤⠤⣽⣿⣿⠇
⠀⠘⠻⣿⣦⣰⣄⣿⣦⣄⡀⠀⠀⠠⣍⢻⣷⣶⣿⠟⠃
⠀⠀⠀⠀⠉⠛⠻⠿⠿⠿⣷⣶⠾⠾⠿⠟⠛⠉
⠀⠀⠀⠀⠀⢀⣀⣤⣤⣶⣶⣶⣶⣶⣶⣶⣶⣶⣶⣤⣤⣀⡀
⠀⠀⢀⣴⣾⣿⠿⠛⠋⠀⠀⠀⠀⣀⣤⣄⡀⠀⠀⠉⠛⣿⣿⣷⣦⡀
⠀⣴⣿⡿⢋⣠⠔⠀⠀⠀⠀⠀⠠⠿⠋⠀⠀⠀⠠⣤⡈⠙⢿⣿⣿⣿⣦
⢸⣿⣿⣷⡿⠁⠀⠀⠀⠀⠀⠀⠀⠀⣤⢀⠀⠀⠀⠀⠀⠀⠀⢭⣿⣿⣿⡇
⠀⠻⣿⣿⣷⡀⠀⠀⠠⣆⡀⠀⠀⠀⠈⠛⠷⠶⣤⣬⣉⡉⢉⣿⣿⣿⠟
⠀⠀⠈⠻⢿⣿⣦⣽⣦⣿⣿⣶⣤⡀⠀⠀⡀⢱⣦⣸⣿⣿⣿⡿⠟⠁
⠀⠀⠀⠀⠀⠈⠉⠛⠛⠿⠿⠿⠿⠷⠾⠿⠿⠿⠿⠛⠛⠉⠁
⢠⡤⠴⠒⣺⣷⡖⠒⠒⠶⢶⣦⣤⡄
⠈⠳⣤⣘⣿⣿⣧⣤⠈⠓⠲⣹⡟⠁
⠀⠀⠈⠙⠻⠿⣿⣿⠷⠂⠖⠉
⠀⠀⣀⣀⣠⣤⣴⣿⣷⣶⡶⠶⠶⢶⣦⣤⣤⣄⣀⣀
⠸⣿⡍⠁⠀⠀⣾⣿⣿⣿⠉⠀⠀⢄⣈⠙⠛⢿⣿⣿⣿⠇
⠀⠙⢿⣦⣄⡈⢿⣿⢿⣿⣶⣤⣄⠈⠛⠙⠻⡌⢻⡿⠋
⠀⠀⠀⠙⠻⣿⣿⣿⣾⣿⣿⣿⣿⣤⣄⡀⣀⣭⠟⠁
⠀⠀⠀⠀⠀⠀⠉⠙⠛⠿⢿⡿⠿⠛⠓⠒⠋--- ncaam/FLA md: 5 rows x 28 cells ---
wrote packages/core/src/art/ncaam/fla.xs.txt
wrote packages/core/src/art/ncaam/fla.sm.txt
wrote packages/core/src/art/ncaam/fla.md.txt
--- ncaam/FGCU xs: 3 rows x 14 cells ---
--- ncaam/FGCU sm: 4 rows x 22 cells ---
--- ncaam/FGCU md: 5 rows x 28 cells ---
wrote packages/core/src/art/ncaam/fgcu.xs.txt
wrote packages/core/src/art/ncaam/fgcu.sm.txt
wrote packages/core/src/art/ncaam/fgcu.md.txt
--- ncaam/FIU xs: 4 rows x 14 cells ---
--- ncaam/FIU sm: 6 rows x 22 cells ---
--- ncaam/FIU md: 8 rows x 28 cells ---
wrote packages/core/src/art/ncaam/fiu.xs.txt
wrote packages/core/src/art/ncaam/fiu.sm.txt
wrote packages/core/src/art/ncaam/fiu.md.txt
--- ncaam/FSU xs: 4 rows x 14 cells ---
--- ncaam/FSU sm: 6 rows x 22 cells ---
--- ncaam/FSU md: 7 rows x 28 cells ---
wrote packages/core/src/art/ncaam/fsu.xs.txt
wrote packages/core/src/art/ncaam/fsu.sm.txt
wrote packages/core/src/art/ncaam/fsu.md.txt
--- ncaam/FOR xs: 4 rows x 14 cells ---
--- ncaam/FOR sm: 6 rows x 22 cells ---
--- ncaam/FOR md: 7 rows x 28 cells ---
wrote packages/core/src/art/ncaam/for.xs.txt
wrote packages/core/src/art/ncaam/for.sm.txt
wrote packages/core/src/art/ncaam/for.md.txt
--- ncaam/FRES xs: 3 rows x 14 cells ---
--- ncaam/FRES sm: 4 rows x 22 cells ---
--- ncaam/FRES md: 5 rows x 28 cells ---
wrote packages/core/src/art/ncaam/fres.xs.txt
wrote packages/core/src/art/ncaam/fres.sm.txt
wrote packages/core/src/art/ncaam/fres.md.txt
--- ncaam/FUR xs: 4 rows x 13 cells ---
--- ncaam/FUR sm: 6 rows x 21 cells ---
--- ncaam/FUR md: 7 rows x 27 cells ---
wrote packages/core/src/art/ncaam/fur.xs.txt
wrote packages/core/src/art/ncaam/fur.sm.txt
wrote packages/core/src/art/ncaam/fur.md.txt
--- ncaam/GWEB xs: 3 rows x 14 cells ---
--- ncaam/GWEB sm: 5 rows x 22 cells ---
--- ncaam/GWEB md: 7 rows x 28 cells ---
wrote packages/core/src/art/ncaam/gweb.xs.txt
wrote packages/core/src/art/ncaam/gweb.sm.txt
wrote packages/core/src/art/ncaam/gweb.md.txt
--- ncaam/GMU xs: 3 rows x 14 cells ---
--- ncaam/GMU sm: 4 rows x 22 cells ---
--- ncaam/GMU md: 6 rows x 28 cells ---
wrote packages/core/src/art/ncaam/gmu.xs.txt
wrote packages/core/src/art/ncaam/gmu.sm.txt
wrote packages/core/src/art/ncaam/gmu.md.txt
--- ncaam/GW xs: 3 rows x 14 cells ---
--- ncaam/GW sm: 4 rows x 22 cells ---
--- ncaam/GW md: 5 rows x 28 cells ---
wrote packages/core/src/art/ncaam/gw.xs.txt
wrote packages/core/src/art/ncaam/gw.sm.txt
wrote packages/core/src/art/ncaam/gw.md.txt
--- ncaam/GTWN xs: 3 rows x 13 cells ---
--- ncaam/GTWN sm: 5 rows x 21 cells ---
--- ncaam/GTWN md: 7 rows x 26 cells ---
wrote packages/core/src/art/ncaam/gtwn.xs.txt
wrote packages/core/src/art/ncaam/gtwn.sm.txt
wrote packages/core/src/art/ncaam/gtwn.md.txt
--- ncaam/UGA xs: 2 rows x 14 cells ---
--- ncaam/UGA sm: 4 rows x 22 cells ---
--- ncaam/UGA md: 5 rows x 28 cells ---
wrote packages/core/src/art/ncaam/uga.xs.txt
wrote packages/core/src/art/ncaam/uga.sm.txt
wrote packages/core/src/art/ncaam/uga.md.txt
--- ncaam/GASO xs: 2 rows x 14 cells ---
--- ncaam/GASO sm: 3 rows x 22 cells ---
--- ncaam/GASO md: 4 rows x 28 cells ---
wrote packages/core/src/art/ncaam/gaso.xs.txt
wrote packages/core/src/art/ncaam/gaso.sm.txt
wrote packages/core/src/art/ncaam/gaso.md.txt
--- ncaam/GAST xs: 3 rows x 14 cells ---
--- ncaam/GAST sm: 5 rows x 22 cells ---
--- ncaam/GAST md: 6 rows x 28 cells ---
wrote packages/core/src/art/ncaam/gast.xs.txt
wrote packages/core/src/art/ncaam/gast.sm.txt
wrote packages/core/src/art/ncaam/gast.md.txt
--- ncaam/GT xs: 2 rows x 14 cells ---
--- ncaam/GT sm: 4 rows x 22 cells ---
--- ncaam/GT md: 5 rows x 28 cells ---
wrote packages/core/src/art/ncaam/gt.xs.txt
wrote packages/core/src/art/ncaam/gt.sm.txt
wrote packages/core/src/art/ncaam/gt.md.txt
--- ncaam/GONZ xs: 3 rows x 14 cells ---
--- ncaam/GONZ sm: 5 rows x 22 cells ---
--- ncaam/GONZ md: 6 rows x 28 cells ---
wrote packages/core/src/art/ncaam/gonz.xs.txt
wrote packages/core/src/art/ncaam/gonz.sm.txt
wrote packages/core/src/art/ncaam/gonz.md.txt
--- ncaam/GRAM xs: 2 rows x 14 cells ---
--- ncaam/GRAM sm: 4 rows x 22 cells ---
--- ncaam/GRAM md: 5 rows x 28 cells ---
wrote packages/core/src/art/ncaam/gram.xs.txt
wrote packages/core/src/art/ncaam/gram.sm.txt
wrote packages/core/src/art/ncaam/gram.md.txt
--- ncaam/GCU xs: 2 rows x 14 cells ---
--- ncaam/GCU sm: 2 rows x 22 cells ---
--- ncaam/GCU md: 3 rows x 28 cells ---
wrote packages/core/src/art/ncaam/gcu.xs.txt
wrote packages/core/src/art/ncaam/gcu.sm.txt
wrote packages/core/src/art/ncaam/gcu.md.txt
--- ncaam/GB xs: 3 rows x 14 cells ---
--- ncaam/GB sm: 5 rows x 22 cells ---
--- ncaam/GB md: 6 rows x 28 cells ---
wrote packages/core/src/art/ncaam/gb.xs.txt
wrote packages/core/src/art/ncaam/gb.sm.txt
wrote packages/core/src/art/ncaam/gb.md.txt
--- ncaam/HAMP xs: 3 rows x 14 cells ---
--- ncaam/HAMP sm: 5 rows x 22 cells ---
--- ncaam/HAMP md: 6 rows x 28 cells ---
wrote packages/core/src/art/ncaam/hamp.xs.txt
wrote packages/core/src/art/ncaam/hamp.sm.txt
wrote packages/core/src/art/ncaam/hamp.md.txt
--- ncaam/HARV xs: 5 rows x 14 cells ---
--- ncaam/HARV sm: 7 rows x 22 cells ---
--- ncaam/HARV md: 9 rows x 28 cells ---
wrote packages/core/src/art/ncaam/harv.xs.txt
wrote packages/core/src/art/ncaam/harv.sm.txt
wrote packages/core/src/art/ncaam/harv.md.txt
--- ncaam/HAW xs: 3 rows x 13 cells ---
--- ncaam/HAW sm: 4 rows x 21 cells ---
--- ncaam/HAW md: 6 rows x 27 cells ---
wrote packages/core/src/art/ncaam/haw.xs.txt
wrote packages/core/src/art/ncaam/haw.sm.txt
wrote packages/core/src/art/ncaam/haw.md.txt
--- ncaam/HPU xs: 2 rows x 14 cells ---
--- ncaam/HPU sm: 3 rows x 22 cells ---
--- ncaam/HPU md: 4 rows x 28 cells ---
wrote packages/core/src/art/ncaam/hpu.xs.txt
wrote packages/core/src/art/ncaam/hpu.sm.txt
wrote packages/core/src/art/ncaam/hpu.md.txt
--- ncaam/HOF xs: 3 rows x 14 cells ---
--- ncaam/HOF sm: 5 rows x 22 cells ---
--- ncaam/HOF md: 6 rows x 28 cells ---
wrote packages/core/src/art/ncaam/hof.xs.txt
wrote packages/core/src/art/ncaam/hof.sm.txt
wrote packages/core/src/art/ncaam/hof.md.txt
--- ncaam/HC xs: 4 rows x 14 cells ---
--- ncaam/HC sm: 7 rows x 22 cells ---
--- ncaam/HC md: 9 rows x 28 cells ---
wrote packages/core/src/art/ncaam/hc.xs.txt
wrote packages/core/src/art/ncaam/hc.sm.txt
wrote packages/core/src/art/ncaam/hc.md.txt
--- ncaam/HCU xs: 4 rows x 14 cells ---
--- ncaam/HCU sm: 6 rows x 22 cells ---
--- ncaam/HCU md: 8 rows x 28 cells ---
wrote packages/core/src/art/ncaam/hcu.xs.txt
wrote packages/core/src/art/ncaam/hcu.sm.txt
wrote packages/core/src/art/ncaam/hcu.md.txt
--- ncaam/HOU xs: 4 rows x 14 cells ---
--- ncaam/HOU sm: 5 rows x 22 cells ---
--- ncaam/HOU md: 7 rows x 28 cells ---
wrote packages/core/src/art/ncaam/hou.xs.txt
wrote packages/core/src/art/ncaam/hou.sm.txt
wrote packages/core/src/art/ncaam/hou.md.txt
--- ncaam/HOW xs: 3 rows x 14 cells ---
--- ncaam/HOW sm: 5 rows x 22 cells ---
--- ncaam/HOW md: 6 rows x 28 cells ---
wrote packages/core/src/art/ncaam/how.xs.txt
wrote packages/core/src/art/ncaam/how.sm.txt
wrote packages/core/src/art/ncaam/how.md.txt
--- ncaam/IUIN xs: 4 rows x 14 cells ---
--- ncaam/IUIN sm: 6 rows x 22 cells ---
--- ncaam/IUIN md: 7 rows x 28 cells ---
wrote packages/core/src/art/ncaam/iuin.xs.txt
wrote packages/core/src/art/ncaam/iuin.sm.txt
wrote packages/core/src/art/ncaam/iuin.md.txt
--- ncaam/IDST xs: 4 rows x 14 cells ---
--- ncaam/IDST sm: 6 rows x 22 cells ---
--- ncaam/IDST md: 7 rows x 28 cells ---
wrote packages/core/src/art/ncaam/idst.xs.txt
wrote packages/core/src/art/ncaam/idst.sm.txt
wrote packages/core/src/art/ncaam/idst.md.txt
--- ncaam/IDHO xs: 4 rows x 14 cells ---
--- ncaam/IDHO sm: 6 rows x 22 cells ---
--- ncaam/IDHO md: 8 rows x 28 cells ---
wrote packages/core/src/art/ncaam/idho.xs.txt
wrote packages/core/src/art/ncaam/idho.sm.txt
wrote packages/core/src/art/ncaam/idho.md.txt
--- ncaam/ILL xs: 5 rows x 14 cells ---
--- ncaam/ILL sm: 8 rows x 22 cells ---
--- ncaam/ILL md: 10 rows x 28 cells ---
wrote packages/core/src/art/ncaam/ill.xs.txt
wrote packages/core/src/art/ncaam/ill.sm.txt
wrote packages/core/src/art/ncaam/ill.md.txt
--- ncaam/ILST xs: 2 rows x 14 cells ---
--- ncaam/ILST sm: 4 rows x 22 cells ---
--- ncaam/ILST md: 4 rows x 28 cells ---
wrote packages/core/src/art/ncaam/ilst.xs.txt
wrote packages/core/src/art/ncaam/ilst.sm.txt
wrote packages/core/src/art/ncaam/ilst.md.txt
--- ncaam/UIW xs: 2 rows x 14 cells ---
--- ncaam/UIW sm: 3 rows x 22 cells ---
--- ncaam/UIW md: 4 rows x 28 cells ---
wrote packages/core/src/art/ncaam/uiw.xs.txt
wrote packages/core/src/art/ncaam/uiw.sm.txt
wrote packages/core/src/art/ncaam/uiw.md.txt
--- ncaam/IU xs: 5 rows x 14 cells ---
--- ncaam/IU sm: 7 rows x 22 cells ---
--- ncaam/IU md: 9 rows x 28 cells ---
wrote packages/core/src/art/ncaam/iu.xs.txt
wrote packages/core/src/art/ncaam/iu.sm.txt
wrote packages/core/src/art/ncaam/iu.md.txt
--- ncaam/INST xs: 3 rows x 14 cells ---
--- ncaam/INST sm: 5 rows x 22 cells ---
--- ncaam/INST md: 6 rows x 28 cells ---
wrote packages/core/src/art/ncaam/inst.xs.txt
wrote packages/core/src/art/ncaam/inst.sm.txt
wrote packages/core/src/art/ncaam/inst.md.txt
--- ncaam/IONA xs: 3 rows x 14 cells ---
--- ncaam/IONA sm: 5 rows x 22 cells ---
--- ncaam/IONA md: 6 rows x 28 cells ---
wrote packages/core/src/art/ncaam/iona.xs.txt
wrote packages/core/src/art/ncaam/iona.sm.txt
wrote packages/core/src/art/ncaam/iona.md.txt
--- ncaam/IOWA xs: 2 rows x 14 cells ---
--- ncaam/IOWA sm: 4 rows x 22 cells ---
--- ncaam/IOWA md: 5 rows x 28 cells ---
wrote packages/core/src/art/ncaam/iowa.xs.txt
wrote packages/core/src/art/ncaam/iowa.sm.txt
wrote packages/core/src/art/ncaam/iowa.md.txt
--- ncaam/ISU xs: 3 rows x 14 cells ---
--- ncaam/ISU sm: 4 rows x 22 cells ---
--- ncaam/ISU md: 5 rows x 28 cells ---
wrote packages/core/src/art/ncaam/isu.xs.txt
wrote packages/core/src/art/ncaam/isu.sm.txt
wrote packages/core/src/art/ncaam/isu.md.txt
--- ncaam/JKST xs: 2 rows x 13 cells ---
--- ncaam/JKST sm: 4 rows x 21 cells ---
--- ncaam/JKST md: 5 rows x 28 cells ---
wrote packages/core/src/art/ncaam/jkst.xs.txt
wrote packages/core/src/art/ncaam/jkst.sm.txt
wrote packages/core/src/art/ncaam/jkst.md.txt
--- ncaam/JAX xs: 2 rows x 14 cells ---
--- ncaam/JAX sm: 4 rows x 22 cells ---
--- ncaam/JAX md: 5 rows x 28 cells ---
wrote packages/core/src/art/ncaam/jax.xs.txt
wrote packages/core/src/art/ncaam/jax.sm.txt
wrote packages/core/src/art/ncaam/jax.md.txt
--- ncaam/JXST xs: 3 rows x 14 cells ---
--- ncaam/JXST sm: 4 rows x 22 cells ---
--- ncaam/JXST md: 5 rows x 28 cells ---
wrote packages/core/src/art/ncaam/jxst.xs.txt
wrote packages/core/src/art/ncaam/jxst.sm.txt
wrote packages/core/src/art/ncaam/jxst.md.txt
--- ncaam/JMU xs: 1 rows x 14 cells ---
--- ncaam/JMU sm: 2 rows x 22 cells ---
--- ncaam/JMU md: 3 rows x 28 cells ---
wrote packages/core/src/art/ncaam/jmu.xs.txt
wrote packages/core/src/art/ncaam/jmu.sm.txt
wrote packages/core/src/art/ncaam/jmu.md.txt
--- ncaam/KC xs: 4 rows x 14 cells ---
--- ncaam/KC sm: 5 rows x 22 cells ---
--- ncaam/KC md: 7 rows x 28 cells ---
wrote packages/core/src/art/ncaam/kc.xs.txt
wrote packages/core/src/art/ncaam/kc.sm.txt
wrote packages/core/src/art/ncaam/kc.md.txt
--- ncaam/KU xs: 3 rows x 14 cells ---
--- ncaam/KU sm: 5 rows x 22 cells ---
--- ncaam/KU md: 6 rows x 28 cells ---
wrote packages/core/src/art/ncaam/ku.xs.txt
wrote packages/core/src/art/ncaam/ku.sm.txt
wrote packages/core/src/art/ncaam/ku.md.txt
--- ncaam/KSU xs: 3 rows x 14 cells ---
--- ncaam/KSU sm: 4 rows x 22 cells ---
--- ncaam/KSU md: 5 rows x 28 cells ---
wrote packages/core/src/art/ncaam/ksu.xs.txt
wrote packages/core/src/art/ncaam/ksu.sm.txt
wrote packages/core/src/art/ncaam/ksu.md.txt
--- ncaam/KENN xs: 4 rows x 13 cells ---
--- ncaam/KENN sm: 5 rows x 21 cells ---
--- ncaam/KENN md: 7 rows x 26 cells ---
wrote packages/core/src/art/ncaam/kenn.xs.txt
wrote packages/core/src/art/ncaam/kenn.sm.txt
wrote packages/core/src/art/ncaam/kenn.md.txt
--- ncaam/KENT xs: 2 rows x 14 cells ---
--- ncaam/KENT sm: 3 rows x 22 cells ---
--- ncaam/KENT md: 4 rows x 28 cells ---
wrote packages/core/src/art/ncaam/kent.xs.txt
wrote packages/core/src/art/ncaam/kent.sm.txt
wrote packages/core/src/art/ncaam/kent.md.txt
--- ncaam/UK xs: 3 rows x 14 cells ---
--- ncaam/UK sm: 5 rows x 22 cells ---
--- ncaam/UK md: 6 rows x 28 cells ---
wrote packages/core/src/art/ncaam/uk.xs.txt
wrote packages/core/src/art/ncaam/uk.sm.txt
wrote packages/core/src/art/ncaam/uk.md.txt
--- ncaam/NOLA xs: 4 rows x 14 cells ---
--- ncaam/NOLA sm: 6 rows x 22 cells ---
--- ncaam/NOLA md: 7 rows x 28 cells ---
wrote packages/core/src/art/ncaam/nola.xs.txt
wrote packages/core/src/art/ncaam/nola.sm.txt
wrote packages/core/src/art/ncaam/nola.md.txt
--- ncaam/LSU xs: 1 rows x 14 cells ---
--- ncaam/LSU sm: 2 rows x 22 cells ---
--- ncaam/LSU md: 3 rows x 28 cells ---
wrote packages/core/src/art/ncaam/lsu.xs.txt
wrote packages/core/src/art/ncaam/lsu.sm.txt
wrote packages/core/src/art/ncaam/lsu.md.txt
--- ncaam/LAS xs: 4 rows x 14 cells ---
--- ncaam/LAS sm: 6 rows x 22 cells ---
--- ncaam/LAS md: 7 rows x 28 cells ---
wrote packages/core/src/art/ncaam/las.xs.txt
wrote packages/core/src/art/ncaam/las.sm.txt
wrote packages/core/src/art/ncaam/las.md.txt
--- ncaam/LAF xs: 4 rows x 14 cells ---
--- ncaam/LAF sm: 5 rows x 22 cells ---
--- ncaam/LAF md: 7 rows x 28 cells ---
wrote packages/core/src/art/ncaam/laf.xs.txt
wrote packages/core/src/art/ncaam/laf.sm.txt
wrote packages/core/src/art/ncaam/laf.md.txt
--- ncaam/LAM xs: 4 rows x 14 cells ---
--- ncaam/LAM sm: 6 rows x 22 cells ---
--- ncaam/LAM md: 7 rows x 28 cells ---
wrote packages/core/src/art/ncaam/lam.xs.txt
wrote packages/core/src/art/ncaam/lam.sm.txt
wrote packages/core/src/art/ncaam/lam.md.txt
--- ncaam/LEM xs: 2 rows x 14 cells ---
--- ncaam/LEM sm: 3 rows x 22 cells ---
--- ncaam/LEM md: 4 rows x 28 cells ---
wrote packages/core/src/art/ncaam/lem.xs.txt
wrote packages/core/src/art/ncaam/lem.sm.txt
wrote packages/core/src/art/ncaam/lem.md.txt
--- ncaam/LEH xs: 4 rows x 14 cells ---
--- ncaam/LEH sm: 6 rows x 22 cells ---
--- ncaam/LEH md: 7 rows x 28 cells ---
wrote packages/core/src/art/ncaam/leh.xs.txt
wrote packages/core/src/art/ncaam/leh.sm.txt
wrote packages/core/src/art/ncaam/leh.md.txt
--- ncaam/LIB xs: 3 rows x 14 cells ---
--- ncaam/LIB sm: 5 rows x 22 cells ---
--- ncaam/LIB md: 7 rows x 28 cells ---
wrote packages/core/src/art/ncaam/lib.xs.txt
wrote packages/core/src/art/ncaam/lib.sm.txt
wrote packages/core/src/art/ncaam/lib.md.txt
--- ncaam/LIP xs: 4 rows x 14 cells ---
--- ncaam/LIP sm: 7 rows x 22 cells ---
--- ncaam/LIP md: 9 rows x 28 cells ---
wrote packages/core/src/art/ncaam/lip.xs.txt
wrote packages/core/src/art/ncaam/lip.sm.txt
wrote packages/core/src/art/ncaam/lip.md.txt
--- ncaam/LR xs: 4 rows x 14 cells ---
--- ncaam/LR sm: 6 rows x 22 cells ---
--- ncaam/LR md: 8 rows x 28 cells ---
wrote packages/core/src/art/ncaam/lr.xs.txt
wrote packages/core/src/art/ncaam/lr.sm.txt
wrote packages/core/src/art/ncaam/lr.md.txt
--- ncaam/LBSU xs: 5 rows x 14 cells ---
--- ncaam/LBSU sm: 7 rows x 22 cells ---
--- ncaam/LBSU md: 9 rows x 28 cells ---
wrote packages/core/src/art/ncaam/lbsu.xs.txt
wrote packages/core/src/art/ncaam/lbsu.sm.txt
wrote packages/core/src/art/ncaam/lbsu.md.txt
--- ncaam/LIU xs: 4 rows x 14 cells ---
--- ncaam/LIU sm: 6 rows x 22 cells ---
--- ncaam/LIU md: 8 rows x 28 cells ---
wrote packages/core/src/art/ncaam/liu.xs.txt
wrote packages/core/src/art/ncaam/liu.sm.txt
wrote packages/core/src/art/ncaam/liu.md.txt
--- ncaam/LONG xs: 2 rows x 14 cells ---
--- ncaam/LONG sm: 4 rows x 22 cells ---
--- ncaam/LONG md: 4 rows x 28 cells ---
wrote packages/core/src/art/ncaam/long.xs.txt
wrote packages/core/src/art/ncaam/long.sm.txt
wrote packages/core/src/art/ncaam/long.md.txt
--- ncaam/UL xs: 2 rows x 14 cells ---
--- ncaam/UL sm: 3 rows x 21 cells ---
--- ncaam/UL md: 4 rows x 27 cells ---
wrote packages/core/src/art/ncaam/ul.xs.txt
wrote packages/core/src/art/ncaam/ul.sm.txt
wrote packages/core/src/art/ncaam/ul.md.txt
--- ncaam/LT xs: 3 rows x 14 cells ---
--- ncaam/LT sm: 5 rows x 22 cells ---
--- ncaam/LT md: 7 rows x 28 cells ---
wrote packages/core/src/art/ncaam/lt.xs.txt
wrote packages/core/src/art/ncaam/lt.sm.txt
wrote packages/core/src/art/ncaam/lt.md.txt
--- ncaam/LOU xs: 4 rows x 14 cells ---
--- ncaam/LOU sm: 6 rows x 22 cells ---
--- ncaam/LOU md: 8 rows x 28 cells ---
wrote packages/core/src/art/ncaam/lou.xs.txt
wrote packages/core/src/art/ncaam/lou.sm.txt
wrote packages/core/src/art/ncaam/lou.md.txt
--- ncaam/LUC xs: 3 rows x 14 cells ---
--- ncaam/LUC sm: 5 rows x 22 cells ---
--- ncaam/LUC md: 6 rows x 28 cells ---
wrote packages/core/src/art/ncaam/luc.xs.txt
wrote packages/core/src/art/ncaam/luc.sm.txt
wrote packages/core/src/art/ncaam/luc.md.txt
--- ncaam/L-MD xs: 4 rows x 14 cells ---
--- ncaam/L-MD sm: 6 rows x 22 cells ---
--- ncaam/L-MD md: 8 rows x 28 cells ---
wrote packages/core/src/art/ncaam/l-md.xs.txt
wrote packages/core/src/art/ncaam/l-md.sm.txt
wrote packages/core/src/art/ncaam/l-md.md.txt
--- ncaam/LMU xs: 2 rows x 14 cells ---
--- ncaam/LMU sm: 3 rows x 22 cells ---
--- ncaam/LMU md: 3 rows x 28 cells ---
wrote packages/core/src/art/ncaam/lmu.xs.txt
wrote packages/core/src/art/ncaam/lmu.sm.txt
wrote packages/core/src/art/ncaam/lmu.md.txt
--- ncaam/ME xs: 3 rows x 12 cells ---
--- ncaam/ME sm: 4 rows x 22 cells ---
--- ncaam/ME md: 6 rows x 28 cells ---
wrote packages/core/src/art/ncaam/me.xs.txt
wrote packages/core/src/art/ncaam/me.sm.txt
wrote packages/core/src/art/ncaam/me.md.txt
--- ncaam/MAN xs: 3 rows x 14 cells ---
--- ncaam/MAN sm: 5 rows x 22 cells ---
--- ncaam/MAN md: 6 rows x 28 cells ---
wrote packages/core/src/art/ncaam/man.xs.txt
wrote packages/core/src/art/ncaam/man.sm.txt
wrote packages/core/src/art/ncaam/man.md.txt
--- ncaam/MRST xs: 4 rows x 14 cells ---
--- ncaam/MRST sm: 5 rows x 22 cells ---
--- ncaam/MRST md: 7 rows x 28 cells ---
wrote packages/core/src/art/ncaam/mrst.xs.txt
wrote packages/core/src/art/ncaam/mrst.sm.txt
wrote packages/core/src/art/ncaam/mrst.md.txt
--- ncaam/MARQ xs: 3 rows x 14 cells ---
--- ncaam/MARQ sm: 5 rows x 21 cells ---
--- ncaam/MARQ md: 6 rows x 27 cells ---
wrote packages/core/src/art/ncaam/marq.xs.txt
wrote packages/core/src/art/ncaam/marq.sm.txt
wrote packages/core/src/art/ncaam/marq.md.txt
--- ncaam/MRSH xs: 3 rows x 14 cells ---
--- ncaam/MRSH sm: 4 rows x 22 cells ---
--- ncaam/MRSH md: 5 rows x 28 cells ---
wrote packages/core/src/art/ncaam/mrsh.xs.txt
wrote packages/core/src/art/ncaam/mrsh.sm.txt
wrote packages/core/src/art/ncaam/mrsh.md.txt
--- ncaam/UMES xs: 2 rows x 14 cells ---
--- ncaam/UMES sm: 3 rows x 22 cells ---
--- ncaam/UMES md: 4 rows x 28 cells ---
wrote packages/core/src/art/ncaam/umes.xs.txt
wrote packages/core/src/art/ncaam/umes.sm.txt
wrote packages/core/src/art/ncaam/umes.md.txt
--- ncaam/MD xs: 4 rows x 14 cells ---
--- ncaam/MD sm: 6 rows x 22 cells ---
--- ncaam/MD md: 8 rows x 28 cells ---
wrote packages/core/src/art/ncaam/md.xs.txt
wrote packages/core/src/art/ncaam/md.sm.txt
wrote packages/core/src/art/ncaam/md.md.txt
--- ncaam/MASS xs: 3 rows x 14 cells ---
--- ncaam/MASS sm: 5 rows x 22 cells ---
--- ncaam/MASS md: 6 rows x 28 cells ---
wrote packages/core/src/art/ncaam/mass.xs.txt
wrote packages/core/src/art/ncaam/mass.sm.txt
wrote packages/core/src/art/ncaam/mass.md.txt
--- ncaam/MCN xs: 4 rows x 14 cells ---
--- ncaam/MCN sm: 6 rows x 22 cells ---
--- ncaam/MCN md: 8 rows x 28 cells ---
wrote packages/core/src/art/ncaam/mcn.xs.txt
wrote packages/core/src/art/ncaam/mcn.sm.txt
wrote packages/core/src/art/ncaam/mcn.md.txt
--- ncaam/MEM xs: 3 rows x 14 cells ---
--- ncaam/MEM sm: 5 rows x 22 cells ---
--- ncaam/MEM md: 6 rows x 28 cells ---
wrote packages/core/src/art/ncaam/mem.xs.txt
wrote packages/core/src/art/ncaam/mem.sm.txt
wrote packages/core/src/art/ncaam/mem.md.txt
--- ncaam/MER xs: 3 rows x 11 cells ---
--- ncaam/MER sm: 4 rows x 18 cells ---
--- ncaam/MER md: 6 rows x 22 cells ---
wrote packages/core/src/art/ncaam/mer.xs.txt
wrote packages/core/src/art/ncaam/mer.sm.txt
wrote packages/core/src/art/ncaam/mer.md.txt
--- ncaam/MERC xs: 4 rows x 14 cells ---
--- ncaam/MERC sm: 6 rows x 22 cells ---
--- ncaam/MERC md: 7 rows x 28 cells ---
wrote packages/core/src/art/ncaam/merc.xs.txt
wrote packages/core/src/art/ncaam/merc.sm.txt
wrote packages/core/src/art/ncaam/merc.md.txt
--- ncaam/MRMK xs: 3 rows x 13 cells ---
--- ncaam/MRMK sm: 4 rows x 21 cells ---
--- ncaam/MRMK md: 5 rows x 26 cells ---
wrote packages/core/src/art/ncaam/mrmk.xs.txt
wrote packages/core/src/art/ncaam/mrmk.sm.txt
wrote packages/core/src/art/ncaam/mrmk.md.txt
--- ncaam/M-OH xs: 3 rows x 14 cells ---
--- ncaam/M-OH sm: 4 rows x 22 cells ---
--- ncaam/M-OH md: 6 rows x 28 cells ---
wrote packages/core/src/art/ncaam/m-oh.xs.txt
wrote packages/core/src/art/ncaam/m-oh.sm.txt
wrote packages/core/src/art/ncaam/m-oh.md.txt
--- ncaam/MIA xs: 2 rows x 14 cells ---
--- ncaam/MIA sm: 4 rows x 22 cells ---
--- ncaam/MIA md: 4 rows x 28 cells ---
wrote packages/core/src/art/ncaam/mia.xs.txt
wrote packages/core/src/art/ncaam/mia.sm.txt
wrote packages/core/src/art/ncaam/mia.md.txt
--- ncaam/MSU xs: 4 rows x 14 cells ---
--- ncaam/MSU sm: 7 rows x 22 cells ---
--- ncaam/MSU md: 8 rows x 28 cells ---
wrote packages/core/src/art/ncaam/msu.xs.txt
wrote packages/core/src/art/ncaam/msu.sm.txt
wrote packages/core/src/art/ncaam/msu.md.txt
--- ncaam/MICH xs: 3 rows x 14 cells ---
--- ncaam/MICH sm: 4 rows x 22 cells ---
--- ncaam/MICH md: 5 rows x 28 cells ---
wrote packages/core/src/art/ncaam/mich.xs.txt
wrote packages/core/src/art/ncaam/mich.sm.txt
wrote packages/core/src/art/ncaam/mich.md.txt
--- ncaam/MTSU xs: 2 rows x 12 cells ---
--- ncaam/MTSU sm: 3 rows x 19 cells ---
--- ncaam/MTSU md: 4 rows x 25 cells ---
wrote packages/core/src/art/ncaam/mtsu.xs.txt
wrote packages/core/src/art/ncaam/mtsu.sm.txt
wrote packages/core/src/art/ncaam/mtsu.md.txt
--- ncaam/MILW xs: 2 rows x 13 cells ---
--- ncaam/MILW sm: 2 rows x 20 cells ---
--- ncaam/MILW md: 3 rows x 26 cells ---
wrote packages/core/src/art/ncaam/milw.xs.txt
wrote packages/core/src/art/ncaam/milw.sm.txt
wrote packages/core/src/art/ncaam/milw.md.txt
--- ncaam/MINN xs: 2 rows x 14 cells ---
--- ncaam/MINN sm: 4 rows x 22 cells ---
--- ncaam/MINN md: 4 rows x 28 cells ---
wrote packages/core/src/art/ncaam/minn.xs.txt
wrote packages/core/src/art/ncaam/minn.sm.txt
wrote packages/core/src/art/ncaam/minn.md.txt
--- ncaam/MSST xs: 2 rows x 14 cells ---
--- ncaam/MSST sm: 3 rows x 22 cells ---
--- ncaam/MSST md: 4 rows x 28 cells ---
wrote packages/core/src/art/ncaam/msst.xs.txt
wrote packages/core/src/art/ncaam/msst.sm.txt
wrote packages/core/src/art/ncaam/msst.md.txt
--- ncaam/MVSU xs: 3 rows x 14 cells ---
--- ncaam/MVSU sm: 5 rows x 22 cells ---
--- ncaam/MVSU md: 7 rows x 28 cells ---
wrote packages/core/src/art/ncaam/mvsu.xs.txt
wrote packages/core/src/art/ncaam/mvsu.sm.txt
wrote packages/core/src/art/ncaam/mvsu.md.txt
--- ncaam/MOST xs: 3 rows x 14 cells ---
--- ncaam/MOST sm: 5 rows x 22 cells ---
--- ncaam/MOST md: 6 rows x 28 cells ---
wrote packages/core/src/art/ncaam/most.xs.txt
wrote packages/core/src/art/ncaam/most.sm.txt
wrote packages/core/src/art/ncaam/most.md.txt
--- ncaam/MIZ xs: 2 rows x 14 cells ---
--- ncaam/MIZ sm: 3 rows x 22 cells ---
--- ncaam/MIZ md: 4 rows x 28 cells ---
wrote packages/core/src/art/ncaam/miz.xs.txt
wrote packages/core/src/art/ncaam/miz.sm.txt
wrote packages/core/src/art/ncaam/miz.md.txt
--- ncaam/MONM xs: 3 rows x 14 cells ---
--- ncaam/MONM sm: 5 rows x 22 cells ---
--- ncaam/MONM md: 6 rows x 28 cells ---
wrote packages/core/src/art/ncaam/monm.xs.txt
wrote packages/core/src/art/ncaam/monm.sm.txt
wrote packages/core/src/art/ncaam/monm.md.txt
--- ncaam/MONT xs: 3 rows x 14 cells ---
--- ncaam/MONT sm: 4 rows x 22 cells ---
--- ncaam/MONT md: 5 rows x 28 cells ---
wrote packages/core/src/art/ncaam/mont.xs.txt
wrote packages/core/src/art/ncaam/mont.sm.txt
wrote packages/core/src/art/ncaam/mont.md.txt
--- ncaam/MTST xs: 3 rows x 14 cells ---
--- ncaam/MTST sm: 4 rows x 22 cells ---
--- ncaam/MTST md: 5 rows x 28 cells ---
wrote packages/core/src/art/ncaam/mtst.xs.txt
wrote packages/core/src/art/ncaam/mtst.sm.txt
wrote packages/core/src/art/ncaam/mtst.md.txt
--- ncaam/MORE xs: 4 rows x 14 cells ---
--- ncaam/MORE sm: 6 rows x 22 cells ---
--- ncaam/MORE md: 7 rows x 28 cells ---
wrote packages/core/src/art/ncaam/more.xs.txt
wrote packages/core/src/art/ncaam/more.sm.txt
wrote packages/core/src/art/ncaam/more.md.txt
--- ncaam/MORG xs: 4 rows x 14 cells ---
--- ncaam/MORG sm: 5 rows x 22 cells ---
--- ncaam/MORG md: 7 rows x 27 cells ---
wrote packages/core/src/art/ncaam/morg.xs.txt
wrote packages/core/src/art/ncaam/morg.sm.txt
wrote packages/core/src/art/ncaam/morg.md.txt
--- ncaam/MSM xs: 2 rows x 14 cells ---
--- ncaam/MSM sm: 3 rows x 22 cells ---
--- ncaam/MSM md: 4 rows x 28 cells ---
wrote packages/core/src/art/ncaam/msm.xs.txt
wrote packages/core/src/art/ncaam/msm.sm.txt
wrote packages/core/src/art/ncaam/msm.md.txt
--- ncaam/MUR xs: 4 rows x 14 cells ---
--- ncaam/MUR sm: 6 rows x 21 cells ---
--- ncaam/MUR md: 8 rows x 27 cells ---
wrote packages/core/src/art/ncaam/mur.xs.txt
wrote packages/core/src/art/ncaam/mur.sm.txt
wrote packages/core/src/art/ncaam/mur.md.txt
--- ncaam/NCSU xs: 5 rows x 14 cells ---
--- ncaam/NCSU sm: 8 rows x 22 cells ---
--- ncaam/NCSU md: 10 rows x 28 cells ---
wrote packages/core/src/art/ncaam/ncsu.xs.txt
wrote packages/core/src/art/ncaam/ncsu.sm.txt
wrote packages/core/src/art/ncaam/ncsu.md.txt
--- ncaam/NJIT xs: 3 rows x 14 cells ---
--- ncaam/NJIT sm: 5 rows x 22 cells ---
--- ncaam/NJIT md: 7 rows x 28 cells ---
wrote packages/core/src/art/ncaam/njit.xs.txt
wrote packages/core/src/art/ncaam/njit.sm.txt
wrote packages/core/src/art/ncaam/njit.md.txt
--- ncaam/NAVY xs: 5 rows x 14 cells ---
--- ncaam/NAVY sm: 7 rows x 22 cells ---
--- ncaam/NAVY md: 9 rows x 28 cells ---
wrote packages/core/src/art/ncaam/navy.xs.txt
wrote packages/core/src/art/ncaam/navy.sm.txt
wrote packages/core/src/art/ncaam/navy.md.txt
--- ncaam/NEB xs: 4 rows x 14 cells ---
--- ncaam/NEB sm: 6 rows x 21 cells ---
--- ncaam/NEB md: 7 rows x 28 cells ---
wrote packages/core/src/art/ncaam/neb.xs.txt
wrote packages/core/src/art/ncaam/neb.sm.txt
wrote packages/core/src/art/ncaam/neb.md.txt
--- ncaam/NEV xs: 2 rows x 14 cells ---
--- ncaam/NEV sm: 4 rows x 22 cells ---
--- ncaam/NEV md: 5 rows x 28 cells ---
wrote packages/core/src/art/ncaam/nev.xs.txt
wrote packages/core/src/art/ncaam/nev.sm.txt
wrote packages/core/src/art/ncaam/nev.md.txt
--- ncaam/UNH xs: 3 rows x 14 cells ---
--- ncaam/UNH sm: 4 rows x 22 cells ---
--- ncaam/UNH md: 5 rows x 28 cells ---
wrote packages/core/src/art/ncaam/unh.xs.txt
wrote packages/core/src/art/ncaam/unh.sm.txt
wrote packages/core/src/art/ncaam/unh.md.txt
--- ncaam/NHVN xs: 3 rows x 14 cells ---
--- ncaam/NHVN sm: 5 rows x 22 cells ---
--- ncaam/NHVN md: 6 rows x 28 cells ---
wrote packages/core/src/art/ncaam/nhvn.xs.txt
wrote packages/core/src/art/ncaam/nhvn.sm.txt
wrote packages/core/src/art/ncaam/nhvn.md.txt
--- ncaam/UNM xs: 5 rows x 14 cells ---
--- ncaam/UNM sm: 7 rows x 22 cells ---
--- ncaam/UNM md: 9 rows x 27 cells ---
wrote packages/core/src/art/ncaam/unm.xs.txt
wrote packages/core/src/art/ncaam/unm.sm.txt
wrote packages/core/src/art/ncaam/unm.md.txt
--- ncaam/NMSU xs: 3 rows x 14 cells ---
--- ncaam/NMSU sm: 4 rows x 22 cells ---
--- ncaam/NMSU md: 5 rows x 28 cells ---
wrote packages/core/src/art/ncaam/nmsu.xs.txt
wrote packages/core/src/art/ncaam/nmsu.sm.txt
wrote packages/core/src/art/ncaam/nmsu.md.txt
--- ncaam/NIA xs: 2 rows x 14 cells ---
--- ncaam/NIA sm: 2 rows x 22 cells ---
--- ncaam/NIA md: 3 rows x 28 cells ---
wrote packages/core/src/art/ncaam/nia.xs.txt
wrote packages/core/src/art/ncaam/nia.sm.txt
wrote packages/core/src/art/ncaam/nia.md.txt
--- ncaam/NICH xs: 2 rows x 13 cells ---
--- ncaam/NICH sm: 3 rows x 21 cells ---
--- ncaam/NICH md: 4 rows x 27 cells ---
wrote packages/core/src/art/ncaam/nich.xs.txt
wrote packages/core/src/art/ncaam/nich.sm.txt
wrote packages/core/src/art/ncaam/nich.md.txt
--- ncaam/NORF xs: 4 rows x 14 cells ---
--- ncaam/NORF sm: 6 rows x 22 cells ---
--- ncaam/NORF md: 8 rows x 28 cells ---
wrote packages/core/src/art/ncaam/norf.xs.txt
wrote packages/core/src/art/ncaam/norf.sm.txt
wrote packages/core/src/art/ncaam/norf.md.txt
--- ncaam/UNA xs: 3 rows x 14 cells ---
--- ncaam/UNA sm: 4 rows x 22 cells ---
--- ncaam/UNA md: 5 rows x 28 cells ---
wrote packages/core/src/art/ncaam/una.xs.txt
wrote packages/core/src/art/ncaam/una.sm.txt
wrote packages/core/src/art/ncaam/una.md.txt
--- ncaam/NCAT xs: 5 rows x 14 cells ---
--- ncaam/NCAT sm: 7 rows x 22 cells ---
--- ncaam/NCAT md: 9 rows x 28 cells ---
wrote packages/core/src/art/ncaam/ncat.xs.txt
wrote packages/core/src/art/ncaam/ncat.sm.txt
wrote packages/core/src/art/ncaam/ncat.md.txt
--- ncaam/NCCU xs: 2 rows x 14 cells ---
--- ncaam/NCCU sm: 3 rows x 22 cells ---
--- ncaam/NCCU md: 4 rows x 28 cells ---
wrote packages/core/src/art/ncaam/nccu.xs.txt
wrote packages/core/src/art/ncaam/nccu.sm.txt
wrote packages/core/src/art/ncaam/nccu.md.txt
--- ncaam/UNC xs: 3 rows x 14 cells ---
--- ncaam/UNC sm: 5 rows x 22 cells ---
--- ncaam/UNC md: 6 rows x 28 cells ---
wrote packages/core/src/art/ncaam/unc.xs.txt
wrote packages/core/src/art/ncaam/unc.sm.txt
wrote packages/core/src/art/ncaam/unc.md.txt
--- ncaam/UND xs: 2 rows x 14 cells ---
--- ncaam/UND sm: 3 rows x 22 cells ---
--- ncaam/UND md: 4 rows x 28 cells ---
wrote packages/core/src/art/ncaam/und.xs.txt
wrote packages/core/src/art/ncaam/und.sm.txt
wrote packages/core/src/art/ncaam/und.md.txt
--- ncaam/NDSU xs: 2 rows x 14 cells ---
--- ncaam/NDSU sm: 3 rows x 22 cells ---
--- ncaam/NDSU md: 4 rows x 28 cells ---
wrote packages/core/src/art/ncaam/ndsu.xs.txt
wrote packages/core/src/art/ncaam/ndsu.sm.txt
wrote packages/core/src/art/ncaam/ndsu.md.txt
--- ncaam/UNF xs: 2 rows x 14 cells ---
--- ncaam/UNF sm: 4 rows x 22 cells ---
--- ncaam/UNF md: 5 rows x 28 cells ---
wrote packages/core/src/art/ncaam/unf.xs.txt
wrote packages/core/src/art/ncaam/unf.sm.txt
wrote packages/core/src/art/ncaam/unf.md.txt
--- ncaam/UNT xs: 4 rows x 14 cells ---
--- ncaam/UNT sm: 6 rows x 22 cells ---
--- ncaam/UNT md: 8 rows x 28 cells ---
wrote packages/core/src/art/ncaam/unt.xs.txt
wrote packages/core/src/art/ncaam/unt.sm.txt
wrote packages/core/src/art/ncaam/unt.md.txt
--- ncaam/NE xs: 5 rows x 14 cells ---
--- ncaam/NE sm: 7 rows x 22 cells ---
--- ncaam/NE md: 9 rows x 28 cells ---
wrote packages/core/src/art/ncaam/ne.xs.txt
wrote packages/core/src/art/ncaam/ne.sm.txt
wrote packages/core/src/art/ncaam/ne.md.txt
--- ncaam/NAU xs: 2 rows x 13 cells ---
--- ncaam/NAU sm: 2 rows x 19 cells ---
--- ncaam/NAU md: 2 rows x 25 cells ---
wrote packages/core/src/art/ncaam/nau.xs.txt
wrote packages/core/src/art/ncaam/nau.sm.txt
wrote packages/core/src/art/ncaam/nau.md.txt
--- ncaam/UNCO xs: 4 rows x 14 cells ---
--- ncaam/UNCO sm: 6 rows x 22 cells ---
--- ncaam/UNCO md: 7 rows x 28 cells ---
wrote packages/core/src/art/ncaam/unco.xs.txt
wrote packages/core/src/art/ncaam/unco.sm.txt
wrote packages/core/src/art/ncaam/unco.md.txt
--- ncaam/NIU xs: 4 rows x 14 cells ---
--- ncaam/NIU sm: 6 rows x 22 cells ---
--- ncaam/NIU md: 7 rows x 28 cells ---
wrote packages/core/src/art/ncaam/niu.xs.txt
wrote packages/core/src/art/ncaam/niu.sm.txt
wrote packages/core/src/art/ncaam/niu.md.txt
--- ncaam/UNI xs: 3 rows x 14 cells ---
--- ncaam/UNI sm: 4 rows x 22 cells ---
--- ncaam/UNI md: 5 rows x 28 cells ---
wrote packages/core/src/art/ncaam/uni.xs.txt
wrote packages/core/src/art/ncaam/uni.sm.txt
wrote packages/core/src/art/ncaam/uni.md.txt
--- ncaam/NKU xs: 2 rows x 14 cells ---
--- ncaam/NKU sm: 4 rows x 22 cells ---
--- ncaam/NKU md: 5 rows x 28 cells ---
wrote packages/core/src/art/ncaam/nku.xs.txt
wrote packages/core/src/art/ncaam/nku.sm.txt
wrote packages/core/src/art/ncaam/nku.md.txt
--- ncaam/NWST xs: 6 rows x 14 cells ---
--- ncaam/NWST sm: 10 rows x 22 cells ---
--- ncaam/NWST md: 13 rows x 28 cells ---
wrote packages/core/src/art/ncaam/nwst.xs.txt
wrote packages/core/src/art/ncaam/nwst.sm.txt
wrote packages/core/src/art/ncaam/nwst.md.txt
--- ncaam/NU xs: 6 rows x 13 cells ---
--- ncaam/NU sm: 9 rows x 20 cells ---
--- ncaam/NU md: 11 rows x 25 cells ---
wrote packages/core/src/art/ncaam/nu.xs.txt
wrote packages/core/src/art/ncaam/nu.sm.txt
wrote packages/core/src/art/ncaam/nu.md.txt
--- ncaam/ND xs: 3 rows x 14 cells ---
--- ncaam/ND sm: 5 rows x 22 cells ---
--- ncaam/ND md: 7 rows x 28 cells ---
wrote packages/core/src/art/ncaam/nd.xs.txt
wrote packages/core/src/art/ncaam/nd.sm.txt
wrote packages/core/src/art/ncaam/nd.md.txt
--- ncaam/OAK xs: 3 rows x 14 cells ---
--- ncaam/OAK sm: 5 rows x 22 cells ---
--- ncaam/OAK md: 6 rows x 27 cells ---
wrote packages/core/src/art/ncaam/oak.xs.txt
wrote packages/core/src/art/ncaam/oak.sm.txt
wrote packages/core/src/art/ncaam/oak.md.txt
--- ncaam/OHIO xs: 2 rows x 14 cells ---
--- ncaam/OHIO sm: 3 rows x 22 cells ---
--- ncaam/OHIO md: 4 rows x 28 cells ---
wrote packages/core/src/art/ncaam/ohio.xs.txt
wrote packages/core/src/art/ncaam/ohio.sm.txt
wrote packages/core/src/art/ncaam/ohio.md.txt
--- ncaam/OSU xs: 4 rows x 14 cells ---
--- ncaam/OSU sm: 6 rows x 22 cells ---
--- ncaam/OSU md: 7 rows x 28 cells ---
wrote packages/core/src/art/ncaam/osu.xs.txt
wrote packages/core/src/art/ncaam/osu.sm.txt
wrote packages/core/src/art/ncaam/osu.md.txt
--- ncaam/OU xs: 5 rows x 14 cells ---
--- ncaam/OU sm: 7 rows x 22 cells ---
--- ncaam/OU md: 9 rows x 28 cells ---
wrote packages/core/src/art/ncaam/ou.xs.txt
wrote packages/core/src/art/ncaam/ou.sm.txt
wrote packages/core/src/art/ncaam/ou.md.txt
--- ncaam/OKST xs: 2 rows x 14 cells ---
--- ncaam/OKST sm: 3 rows x 22 cells ---
--- ncaam/OKST md: 4 rows x 28 cells ---
wrote packages/core/src/art/ncaam/okst.xs.txt
wrote packages/core/src/art/ncaam/okst.sm.txt
wrote packages/core/src/art/ncaam/okst.md.txt
--- ncaam/ODU xs: 3 rows x 14 cells ---
--- ncaam/ODU sm: 5 rows x 22 cells ---
--- ncaam/ODU md: 6 rows x 28 cells ---
wrote packages/core/src/art/ncaam/odu.xs.txt
wrote packages/core/src/art/ncaam/odu.sm.txt
wrote packages/core/src/art/ncaam/odu.md.txt
--- ncaam/MISS xs: 3 rows x 14 cells ---
--- ncaam/MISS sm: 5 rows x 22 cells ---
--- ncaam/MISS md: 7 rows x 28 cells ---
wrote packages/core/src/art/ncaam/miss.xs.txt
wrote packages/core/src/art/ncaam/miss.sm.txt
wrote packages/core/src/art/ncaam/miss.md.txt
--- ncaam/OMA xs: 4 rows x 13 cells ---
--- ncaam/OMA sm: 6 rows x 21 cells ---
--- ncaam/OMA md: 7 rows x 27 cells ---
wrote packages/core/src/art/ncaam/oma.xs.txt
wrote packages/core/src/art/ncaam/oma.sm.txt
wrote packages/core/src/art/ncaam/oma.md.txt
--- ncaam/ORU xs: 2 rows x 14 cells ---
--- ncaam/ORU sm: 4 rows x 22 cells ---
--- ncaam/ORU md: 4 rows x 28 cells ---
wrote packages/core/src/art/ncaam/oru.xs.txt
wrote packages/core/src/art/ncaam/oru.sm.txt
wrote packages/core/src/art/ncaam/oru.md.txt
--- ncaam/ORE xs: 3 rows x 14 cells ---
--- ncaam/ORE sm: 5 rows x 22 cells ---
--- ncaam/ORE md: 6 rows x 28 cells ---
wrote packages/core/src/art/ncaam/ore.xs.txt
wrote packages/core/src/art/ncaam/ore.sm.txt
wrote packages/core/src/art/ncaam/ore.md.txt
--- ncaam/ORST xs: 2 rows x 14 cells ---
--- ncaam/ORST sm: 3 rows x 22 cells ---
--- ncaam/ORST md: 4 rows x 28 cells ---
wrote packages/core/src/art/ncaam/orst.xs.txt
wrote packages/core/src/art/ncaam/orst.sm.txt
wrote packages/core/src/art/ncaam/orst.md.txt
--- ncaam/PAC xs: 3 rows x 14 cells ---
--- ncaam/PAC sm: 4 rows x 22 cells ---
--- ncaam/PAC md: 5 rows x 28 cells ---
wrote packages/core/src/art/ncaam/pac.xs.txt
wrote packages/core/src/art/ncaam/pac.sm.txt
wrote packages/core/src/art/ncaam/pac.md.txt
--- ncaam/PSU xs: 3 rows x 14 cells ---
--- ncaam/PSU sm: 4 rows x 22 cells ---
--- ncaam/PSU md: 5 rows x 28 cells ---
wrote packages/core/src/art/ncaam/psu.xs.txt
wrote packages/core/src/art/ncaam/psu.sm.txt
wrote packages/core/src/art/ncaam/psu.md.txt
--- ncaam/PENN xs: 5 rows x 14 cells ---
--- ncaam/PENN sm: 7 rows x 22 cells ---
--- ncaam/PENN md: 9 rows x 28 cells ---
wrote packages/core/src/art/ncaam/penn.xs.txt
wrote packages/core/src/art/ncaam/penn.sm.txt
wrote packages/core/src/art/ncaam/penn.md.txt
--- ncaam/PEPP xs: 4 rows x 13 cells ---
--- ncaam/PEPP sm: 7 rows x 21 cells ---
--- ncaam/PEPP md: 8 rows x 27 cells ---

⠀⠀⠀⠀⢀⣀⣀⣠⣴⣾⣗⢦⣤⠤⠤⢤⣶⣶⣤⣤⣤⣀⣀⡀
⠰⣶⡟⠛⠉⠉⠁⠀⣴⣿⣿⣿⡿⠁⠀⠀⢀⠈⠉⠛⠿⣿⣿⣿⣿⣿⣶⠆
⠀⠹⣿⣦⡀⠀⠀⢾⣿⣿⣿⣿⣧⣀⠀⠀⠀⠹⡷⠶⣦⡄⠹⣿⣿⣿⠏
⠀⠀⠈⠻⣿⣶⣦⣤⣛⣿⣹⣿⣿⣿⣿⣿⠀⠀⠀⠀⠈⠹⣄⣸⡟⠁
⠀⠀⠀⠀⠀⠙⠻⢿⣿⣿⣿⣿⣿⣿⣿⣿⣷⣶⡦⠤⢤⣤⠞⠋
⠀⠀⠀⠀⠀⠀⠀⠀⠈⠉⠛⠛⠿⠿⠿⠿⠛⠛⠉⠉⠉⠁
⢀⠴⢟⠀⠈⠴⠛⠶⠉⠠⠾⠡⠞⠁
⠀⠀⣴⣿⠯⠍⠉⠉⢁⣴⡿⣥⡖⠋⠁⢀⣾⡟⠁⣴⡿⠋
⣀⣚⣛⣓⣒⣒⣀⣀⣛⡋⠀⠙⠛⠀⠀⠛⠛⠒⠚⠋⠁
⠀⠀⢀⣴⣿⠿⠭⠍⠉⠉⠁⣠⣾⢿⣥⣶⠚⠉⠁⢀⣴⣿⠟⠁⣠⣾⡿⠋
⢀⣘⣛⣛⣓⣒⣒⣒⣀⣀⣚⣛⠁⠀⠙⠛⠃⠀⠀⠛⠛⠓⠒⠚⠛⠉
⠿⠿⣿⣿⣿⣿⠿⠿⠿⠿⠿⣿⣿⣿
⠀⠀⣿⣿⣿⣿⣤⣤⣄⡄⠀⠉⠉⠉
⠀⠀⣿⣿⣿⣿⠉⠉⠉⠁⠀⣀⣀⣀
⣶⣶⣿⣿⣿⣿⣶⣶⣶⣶⣶⣿⣿⣿
⣿⣿⣿⣿⣿⣿⣿⣿⣿⣿⣿⣿⣿⣿⣿⣿⣿⣿⣿⣿⣿⣿
⠉⠉⠉⣿⣿⣿⣿⣿⣿⡏⠉⠉⠉⠉⠉⠉⠉⣹⣿⣿⣿⣿
⠀⠀⠀⣿⣿⣿⣿⣿⣿⣇⣀⣀⣀⣀⣀⠀⠀⠈⠉⠉⠉⠉
⠀⠀⠀⣿⣿⣿⣿⣿⣿⣿⣿⣿⣿⣿⣿
⠀⠀⠀⣿⣿⣿⣿⣿⣿⡇⠀⠀⠀⠀⠀⠀⠀⢀⣀⣀⣀⣀
⣀⣀⣀⣿⣿⣿⣿⣿⣿⣇⣀⣀⣀⣀⣀⣀⣀⣹⣿⣿⣿⣿
⣿⣿⣿⣿⣿⣿⣿⣿⣿⣿⣿⣿⣿⣿⣿⣿⣿⣿⣿⣿⣿⣿
⣿⣿⣿⣿⣿⣿⣿⣿⣿⣿⣿⣿⣿⣿⣿⣿⣿⣿⣿⣿⣿⣿⣿⣿⣿⣿⣿⣿
⠉⠉⠉⠙⣿⣿⣿⣿⣿⣿⣿⣿⠉⠉⠉⠉⠉⠉⠉⠉⠉⠉⣿⣿⣿⣿⣿⣿
⠀⠀⠀⠀⣿⣿⣿⣿⣿⣿⣿⣿⠀⠀⠀⠀⠀⠀⠀⠀⠀⠀⠛⠛⠛⠛⠛⠛
⠀⠀⠀⠀⣿⣿⣿⣿⣿⣿⣿⣿⣶⣶⣶⣶⣶⣶⣶⡆
⠀⠀⠀⠀⣿⣿⣿⣿⣿⣿⣿⣿⠛⠛⠛⠛⠛⠛⠛⠃
⠀⠀⠀⠀⣿⣿⣿⣿⣿⣿⣿⣿⠀⠀⠀⠀⠀⠀⠀⠀⠀⠀⣤⣤⣤⣤⣤⣤
⣀⣀⣀⣠⣿⣿⣿⣿⣿⣿⣿⣿⣄⣀⣀⣀⣀⣀⣀⣀⣀⣀⣿⣿⣿⣿⣿⣿
⣿⣿⣿⣿⣿⣿⣿⣿⣿⣿⣿⣿⣿⣿⣿⣿⣿⣿⣿⣿⣿⣿⣿⣿⣿⣿⣿⣿
⣶⣾⣄⡀⠀⠀⠀⠀⠀⠀⠀⠀⣸⣤
⠈⠛⢿⣗⣄⠀⠀⢀⣤⣀⣶⣇⣿⠗
⠀⢀⣠⣿⣷⣢⣶⣽⣿⠻⠟⠉⠁
⠀⢨⠄⡾⠛⠋⠙⢦⠽⠶⠒
⣴⢢⡾⣠⢀⠀⠀⠀⠀⠀⠀⠀⠀⠀⠀⠀⠀⠀⠀⣰⡦⣠
⠈⠺⢷⣿⣿⠯⠄⠀⠀⠀⠀⠀⠀⢀⡀⢀⣤⣴⢠⣿⣿⡏
⠀⠀⠀⠉⠻⣿⣟⣓⡀⠀⡀⢠⣾⣿⣧⣼⣿⡏⠸⠟⠋
⠀⠀⣤⠴⠶⢿⣷⣶⣾⣿⣻⠶⣿⣟⠀⠉⠉
⠀⠀⡤⠤⠴⡾⠛⠉⠓⠈⠙⢷⠦⠽⠟⠛⠋
⣠⡖⣴⡎⢀⡄⠀⠀⠀⠀⠀⠀⠀⠀⠀⠀⠀⠀⠀⠀⠀⠀⠀⠀⠐⣶⡀⢀
⠻⣆⣿⡑⡿⢰⢣⠄⠀⠀⠀⠀⠀⠀⠀⠀⠀⠀⠀⠀⠀⠀⢀⠀⣶⣿⣵⠧
⠀⠈⠙⠿⣿⣿⡟⠓⠂⠀⠀⠀⠀⠀⠀⠀⢀⣠⡄⢰⣶⣾⣿⢠⣿⣿⣿⠇
⠀⠀⠀⠀⠈⠻⣿⣿⣛⣛⣂⠀⠀⠀⢠⣾⣿⣿⣧⣼⣿⣿⡇⢸⡿⠛
⠀⠀⠀⣀⣀⣤⣭⣭⣭⣭⣉⡶⠾⣷⣤⣹⣿⣧⠉⠻⠟⠋⠁
⠀⠀⠈⠛⠉⠉⢉⡿⣫⣿⡛⠙⢿⣶⣉⠛⠽⣦⣤⣤⣀⣀
⠀⠀⢠⠶⠖⠠⣿⠓⠁⠀⠉⠀⠀⠉⠻⠿⠶⠞⠛⠋⠉
⠀⠙⢻⣿⣿⣿⡿⠿⠿⠿⠿⠿⣿⡇
⠀⠀⢸⣿⣿⣿⣇⣀⣀⣤⣴⠀⠀⠁
⠀⠀⢸⣿⣿⣿⡏⠉⠉⠙⠛⠀⠀⣀
⠀⣠⣼⣿⣿⣿⣷⣶⣶⣶⣶⣶⣿⣿
⠀⠙⠻⢿⣿⣿⣿⣿⣿⣿⣿⣿⣿⣿⣿⣿⣿⣿⣿⣿⣿
⠀⠀⠀⠀⣿⣿⣿⣿⣿⣿⠀⠀⠀⠀⠀⠀⠀⠀⠈⠙⠻
⠀⠀⠀⠀⣿⣿⣿⣿⣿⣿⣤⣤⣤⣤⣤⣶⣿⠁
⠀⠀⠀⠀⣿⣿⣿⣿⣿⣿⠛⠛⠛⠛⠛⠻⠿
⠀⠀⠀⠀⣿⣿⣿⣿⣿⣿⡀⠀⠀⠀⠀⠀⠀⠀⢀⣠⣴⡆
⠀⢠⣴⣾⣿⣿⣿⣿⣿⣿⣿⣿⣿⣿⣿⣿⣿⣿⣿⣿⣿⡇
⠀⠈⠻⢿⣿⣿⣿⣿⣿⣿⣿⣿⣿⣿⣿⣿⣿⣿⣿⣿⣿⣿⣿⣿⣿⣿⣷
⠀⠀⠀⠀⠉⣿⣿⣿⣿⣿⣿⣿⣿⠉⠉⠉⠉⠉⠉⠉⠉⠉⠉⠛⠿⣿⣿
⠀⠀⠀⠀⠀⣿⣿⣿⣿⣿⣿⣿⣿⠀⠀⠀⠀⠀⠀⠀⢀⣀⠀⠀⠀⠈⠙
⠀⠀⠀⠀⠀⣿⣿⣿⣿⣿⣿⣿⣿⣶⣶⣶⣶⣶⣶⣿⣿⣿
⠀⠀⠀⠀⠀⣿⣿⣿⣿⣿⣿⣿⣿⠛⠛⠛⠛⠛⠻⠿⣿⣿
⠀⠀⠀⠀⠀⣿⣿⣿⣿⣿⣿⣿⣿⠀⠀⠀⠀⠀⠀⠀⠀⠉⠀⠀⠀⠀⣀⡄
⠀⠀⠀⠀⣀⣿⣿⣿⣿⣿⣿⣿⣿⣤⣀⣀⣀⣀⣀⣀⣀⣀⣀⣤⣶⣿⣿⡇
⠀⢀⣴⣾⣿⣿⣿⣿⣿⣿⣿⣿⣿⣿⣿⣿⣿⣿⣿⣿⣿⣿⣿⣿⣿⣿⣿⡇
⠀⣷⡞⠀⠀⠀⢸⣶⠃
⠀⠿⣧⣀⣀⣀⣸⣿⣈⣉⣉⠉⠙⠃
⠀⠀⠀⠀⠀⠀⣸⣿⣥⣤⣤⣤⣴⠄
⠀⠲⣶⣶⠖⠀⠀⠀⠀⠐⢶⣶⣶⠆
⠀⠀⣿⣿⡇⠀⠀⠀⠀⠀⢸⣿⣿⢠⣤⣤⣤⣤⣤⣤⣤
⠀⠀⣿⣿⣅⠀⠀⠀⠀⢀⣸⣿⡿⠈⠉⠉⠉⠉⠉⠉⠛
⠀⠀⠀⠉⠛⠛⠛⠛⠛⠛⢫⣵⣾⠛⠛⠛⠛⠃
⠀⠀⠀⠀⠀⠀⠀⠀⠀⠠⠾⠿⠿⠶⠶⠶⠶⠶⠶⠾⠿
⠀⠰⢶⣶⣶⡶⠆⠀⠀⠀⠀⠀⠲⣶⣶⣶⡶⠆
⠀⠀⢸⣿⣿⡇⠀⠀⠀⠀⠀⠀⠀⢸⣿⣿⡇
⠀⠀⢸⣿⣿⡇⠀⠀⠀⠀⠀⠀⠀⢸⣿⣿⡇⠛⠛⠛⠛⠛⠛⠛⠛⠿⡇
⠀⠀⠘⠻⢿⣷⣤⣤⣤⣤⣤⣤⣴⣿⠿⢛⣡⣤⣤⣤⣤⣤
⠀⠀⠀⠀⠀⠀⠀⠀⠀⠀⠀⠀⠀⢰⣿⣿⡇⠀⠀⠀⠀⠀⠀⠀⠀⢀⡀
⠀⠀⠀⠀⠀⠀⠀⠀⠀⠀⠀⠀⠴⠿⠿⠿⠿⠿⠿⠿⠿⠿⠿⠿⠿⠿⠇
⠈⠙⣻⣿⣿⣿⣿⠿⠿⠿⠿⢿⣿⠏
⠀⣰⣿⣿⣿⣿⠿⠿⠿⠿⠇
⠠⠿⠿⠿⠿⠃
⠈⠙⠛⢿⣿⣿⣿⣿⣿⣿⣿⣿⣿⣿⣿⣿⣿⣿⣿⣿⣿⡏
⠀⠀⠀⣼⣿⣿⣿⣿⣿⣿⣟⣉⣉⣉⣉⣉⣉⠉⠛⠿⠟
⠀⠀⣰⣿⣿⣿⣿⣿⣿⡿⣿⣿⣿⣿⣿⣿⠏
⠀⣰⣿⣿⣿⣿⣿⣿⡟
⠀⠿⠿⠿⠿⠿⠿⠟
⠈⠉⠛⠿⣿⣿⣿⣿⣿⣿⣿⣿⣿⣿⣿⣿⣿⣿⣿⣿⣿⣿⣿⣿⣿⣿⣿⠏
⠀⠀⠀⠀⣰⣿⣿⣿⣿⣿⣿⣿⣿⡟⠛⠛⠛⠛⠛⠛⠛⠛⠻⠿⣿⣿⡟
⠀⠀⠀⢰⣿⣿⣿⣿⣿⣿⣿⣿⣿⣷⣶⣶⣶⣶⣶⣶⣶⠂⠀⠀⠀⠈
⠀⠀⢠⣿⣿⣿⣿⣿⣿⣿⣿⡿⠛⠛⠛⠛⠛⠛⠛⠛⠋
⠀⢠⣿⣿⣿⣿⣿⣿⣿⣿⡟
⠀⠛⠛⠛⠛⠛⠛⠛⠛⠛
⠀⠀⠀⠀⠀⢀⣼⡀
⣿⣏⣉⠁⢸⣿⣿⢹⣷⠀⣿⡆⢸⣿
⣿⠇⠀⠀⢸⣿⣟⣸⡿⠀⢿⣅⣸⡿
⠀⠀⠀⠀⠀⠀⠀⠀⠀⠀⡏⠂
⣀⣀⣀⣀⣀⡄⠀⢀⣈⣰⣧⣵⣈⠀⠀⢀⣀⡄⠀⠀⣄⣀
⣿⣿⠁⠀⠀⠀⠀⢸⣿⡏⡏⢸⣿⣿⠀⢸⣿⡇⠀⠀⣿⣿
⣿⣿⠛⠛⠛⠀⠀⢸⣿⡇⡇⢸⣿⣿⠀⢸⣿⡇⠀⠀⣿⣿
⢿⡿⠀⠀⠀⠀⠀⢸⣿⣧⣧⣼⡿⠟⠀⠘⠿⣧⣄⣤⡿⠟
⠀⠀⠀⠀⠀⠀⠀⠀⠀⠀⠀⠀⢸⡏⡇
⠀⠀⠀⠀⠀⠀⠀⠀⠀⠀⢠⣤⣸⡇⢇⠀⡄
⣶⣶⣶⣶⣶⣶⡶⠂⠀⢰⣶⣶⣿⣷⣾⣦⣄⡀⠀⠀⣶⣶⡆⠀⠀⢰⣶⣶
⣿⣿⡇⠀⠀⠀⠀⠀⠀⢸⣿⣿⢻⡇⠘⣿⣿⡇⠀⠀⣿⣿⡇⠀⠀⢸⣿⣿
⣿⣿⣷⠶⣶⡶⠂⠀⠀⢸⣿⣿⣱⡇⢈⣿⣿⡇⠀⠀⣿⣿⡇⠀⠀⢸⣿⣿
⣿⣿⡇⠀⠀⠀⠀⠀⠀⢸⣿⣿⣽⡇⠀⣿⣿⡇⠀⠀⣿⣿⡇⠀⠀⢸⣿⣿
⠿⣿⠇⠀⠀⠀⠀⠀⠀⢸⣿⣿⣾⣥⣶⣿⠟⠃⠀⠀⠻⢿⣷⣦⣴⣿⠿⠛
⠀⠀⢀⣤⣶⣶⣶⣿⣿⣿⡿⢿⣿⡖
⢠⣶⣿⣿⣿⣿⢿⣿⣿⣤⣀⠠
⣿⣿⣿⣿⣻⡧⠀⠈⠉⠛⠛⠃
⠀⠀⠀⠀⠀⣠⣴⣶⣶⣶⣶⣿⣿⣿⣿⣿⣿⣿⣷⣿⣷⡦
⠀⢀⣠⣶⣿⣿⣿⣿⡿⣿⣿⣿⣿⣿⡛⠉⠉⠀⠉⠍⡉⠁
⣰⣿⣿⣿⣿⣿⣿⣿⡟⠛⠻⢿⣿⣿⣿⣿⣶⣎⠑⠒⠂
⢿⣿⣿⣿⣿⣿⣯⣻⣷⠄⠀⠀⠀⠈⠉⠙⠛⠋⠁
⠀⠀⠀⠀⠀⠀⠀⣠⣤⣶⣶⣶⣶⣶⣾⣿⣿⣿⣿⣿⣿⣿⣿⣶⣶⣾⣶⡄
⠀⠀⠀⢀⣠⣴⣿⣿⣿⣿⣿⣿⣿⣿⣿⣿⣿⣿⠿⠿⠛⠛⠉⡛⢻⢻⢛
⠀⣠⣾⣿⣿⣿⣿⣿⣿⣿⣿⣽⣿⣿⣿⣿⣿⣷⣦⣤⣀⣀⣰⣁⣁⡘
⣼⣿⣿⣿⣿⣾⣿⣿⢯⣾⣟⠁⠈⠉⠛⠿⢿⣿⣿⣿⣿⣿⣶⡀⠀⠀⠑
⢿⣿⣿⣿⣿⣯⣿⣿⣮⣻⣿⠶⠀⠀⠀⠀⠀⠀⠈⠉⠉⠉⠁
⢀⡤⢶⢶⣶⣶⣶⣶⣶⣶⡶⡶⢤⡀
⠈⠓⠛⠛⠛⠻⠿⠹⠟⠛⠛⠛⠛⠁
⠀⠀⣠⣶⣦⣤⣤⣴⣶⣶⣶⣶⣶⣶⣦⣤⣤⣴⣶⣀
⠰⣿⣏⠼⣿⣽⣿⣿⣿⣿⣿⢿⣿⣿⣿⣿⣯⣿⢧⣹⣿⠆
⠀⠀⠉⠉⠓⠒⠛⠩⠭⠿⠿⠤⠿⠭⠍⠛⠒⠛⠉⠉
⠀⠀⠀⢀⣶⣤⣤⣠⣤⣤⣤⣤⣤⣤⣤⣤⣤⣤⣤⣤⣄⣤⣤⣶⡀
⢀⣴⣶⠟⢩⣿⠟⣿⣿⣿⣿⣿⣿⣿⣿⣿⣿⣿⣿⣿⣿⠻⣿⡝⢻⣶⣤
⠈⠛⠿⣦⣝⣛⠷⠾⠿⠶⢿⣽⡿⣿⠙⢿⣯⡿⠶⠿⠷⠾⣛⣫⣼⠿⠛
⠀⠀⠀⠀⠀⠉⠉⠙⠒⠒⠒⠒⠛⠮⠴⠛⠓⠒⠒⠚⠋⠉⠉
⠟⠛⠉⠀⠀⠀⠀⠀⠈⠉⠉⢉⠉⢉
⣦⣄⣀⡀⠀⠀⠀⠀⠀⠀⣀⣀⣤⣼
⣿⣿⡿⠿⠋⠁⠀⠀⠀⠀⠀⠈⠉⠉⠉⠙⠛⠛⠛⠉⠛⠿
⠟⠁⠀⠀⠀⠀⢀⠀⠀⠀⠀⢀⠀⠄⠠⠄⢀⠀⡴⠢⠂⢰
⣄⠀⠀⠀⠀⠀⠀⠐⠠⠄⠑⠀⠈⠀⠐⠀⠐⠀⠄⠀⢀⣼
⣿⣷⣦⣤⣄⣀⡀⠀⠀⠀⠀⠀⠀⠀⢀⣀⣀⣤⣴⣾⣿⣿
⣿⣿⣿⣿⠿⠟⠉⠀⠀⠀⠈⠀⠀⠀⠈⠉⠉⠉⠙⠛⠛⠟⠛⠛⠛⠛⠻⢿
⡿⠛⠉⠀⠀⠀⠀⠀⠀⠐⠀⠀⠀⠀⠀⠀⠀⠀⠀⠀⠀⠀⠀⣀⡀⣠⡠⣠
⠀⠀⠀⠀⠀⠀⠀⠀⡐⠀⠀⠀⠠⢀⠐⠀⠌⠁⢈⠁⠀⠋⠀⠋⠀⠀⠀⢹
⣦⣀⠀⠀⠀⠀⠀⠀⠀⠈⠀⠉⠀⠀⠀⠀⠀⠀⠀⠀⠀⠁⠀⠁⠁⢁⣴⣿
⣿⣿⣿⣶⣦⣤⣀⣀⣀⠀⠀⠀⠀⠀⠀⠀⠀⠀⢀⣀⣀⣤⣤⣶⣾⣿⣿⣿
⠀⠀⠀⠀⠀⠀⡀⠔⠚⠊⢲⠄
⠀⣀⠠⢀⡤⣼⣿⢟⣧⡞⣩⠟⣩⠟
⣤⣪⡶⠻⠤⠷⠛⠒⠚⠓⠒⠋⠁
⠀⠀⠀⠀⠀⠀⠀⠀⠀⠀⠀⣠⠶⠔⠒⠹⢶⣄
⠀⠀⠀⠀⠀⠀⠀⠀⢠⡚⣥⣴⣖⠀⢤⣴⠞⢣⣤⠤⢠⣤
⠀⠒⣲⠆⠈⣭⠽⢫⡭⢚⡟⠉⠖⣛⣏⠁⠾⢛⣡⡴⠛⠁
⢤⣾⣥⡾⠋⠙⠲⠖⠚⠛⠉⠉⠉⠉⠈⠉⠉⠉
⠀⠀⠀⠀⠀⠀⠀⠀⠀⠀⠀⠀⠀⠀⠀⡴⢤⠔⠶⢛⡶⣤
⠀⠀⠀⠀⠀⠀⠀⠀⠀⠀⠀⣀⠶⣂⣉⣀⠤⠀⠀⣀⣠⣽⣃⡀⣀⣀⣀⡀
⠀⢀⣀⣀⣀⣀⠤⠤⢤⣤⠤⠗⢶⣿⠿⢛⣋⣩⣽⠟⠁⣠⣾⠟⢁⣠⡾⠋
⠀⠀⣩⠟⢀⣀⣲⡶⠋⠰⠞⢉⣱⣇⣀⣉⣩⣭⣇⣀⣈⣉⣥⡴⠟⠋
⢴⣾⣥⡴⠿⠋⠉⠙⠛⠛⠛⠋⠉⠈⠉⠉
⢶⣶⣶⣶⣿⣿⣿⣿⣿⣿⣶⢶⣶⡶
⢠⣿⣿⣿⣾⣿⣿⣿⣿⣿⣿⣯⢻
⠀⠛⠿⢿⣟⣙⣛⣽⣟⣉⡿⠷⠋
⠀⠀⠀⠀⠙⢿⣿⣿⣿⠟
⣤⣦⣤⣤⣤⡴⢖⣲⣿⣿⣿⠿⠋⠛⠛⠒⠦⢤⢤⣤⣴⣦
⠈⠻⣿⢯⣿⣑⡛⢻⣿⣿⣿⡇⠀⠀⠀⠀⣀⣠⠺⣿⠛⠁
⠀⣼⠃⣿⣯⣙⣽⣿⣶⡿⠉⠃⠰⣶⣿⣯⡟⠁⢀⠘⡆
⠀⠙⠷⣬⣿⣿⡻⠍⠙⠻⠯⣙⡭⠍⠋⠩⢿⣷⡤⠞⠁
⠀⠀⠀⠀⠈⠉⠻⣶⣆⣴⣯⣭⣽⣭⢿⡿⠉⠁
⠀⠀⠀⠀⠀⠀⠀⠘⠿⣷⣿⣿⣷⣯⠿⠁
⣠⣤⣄⣀⣀⣀⣤⣤⠴⢖⣚⣿⣿⣿⡿⠟⠛⠛⠒⠲⠤⣤⣀⣀⣀⣠⣤⣄
⠻⢯⣿⣮⡥⣶⡟⣠⣾⠿⢿⣿⣿⣿⡀⠀⠀⠀⠀⠀⠀⠀⠉⣤⣴⣾⡵⠋
⠀⠀⣩⡟⣱⣿⢷⣤⣄⣘⠻⠿⢿⣿⡇⠀⠀⠀⣀⣀⣤⡴⠖⠀⠻⡅
⠀⢰⡟⠰⣿⣿⣄⣓⣮⣯⣿⣿⠗⠀⠁⠀⠺⣿⣿⣯⠚⠁⠀⠀⠀⣿
⠀⠈⢷⣤⣈⣹⣿⡟⣫⣍⠛⠻⠯⣝⡓⢛⣩⠽⠟⢉⣭⣻⣆⣠⡴⠏
⠀⠀⠀⠈⠉⠛⠻⢿⣦⣤⣠⠤⡤⠤⠚⠃⣤⠤⣤⣤⡴⠟⠋⠉
⠀⠀⠀⠀⠀⠀⠀⠀⠙⢿⣷⣾⠿⣭⣿⡭⢿⡞⣱⡟
⠀⠀⠀⠀⠀⠀⠀⠀⠀⠈⠻⢯⣵⣿⣶⣷⣯⡵⠟⠁
⠀⣠⣴⣶⣿⠿⠛⠋⢻⢶⣶⣤⡀
⣾⣿⣿⣿⣷⣤⠀⢈⡥⠈⢉⣿⣿⣧
⢻⣥⣤⢜⠟⠁⠂⢄⣀⣀⣉⣻⣿⠟
⠀⠉⠛⠛⠿⠷⠦⢤⡼⣿⣿⡋⠁
⠀⠀⠀⣀⣤⣶⣶⣿⣿⣿⠿⠏⠻⣷⣶⣶⣤⣤⣀
⢀⣴⣿⣿⣿⣿⣿⡏⠁⠀⠀⠠⡖⠲⠉⢿⡿⣿⣷⣕⢦⡀
⣾⣿⣿⣿⣿⣿⣿⣿⣴⡦⠀⢠⢔⡵⠂⠀⣀⣺⣿⣿⣷⢳
⢻⣿⡐⠒⢒⠹⣿⡿⠒⠦⢄⠀⠀⠀⠀⠈⠛⠻⣿⣿⡟⡜
⠀⠻⢿⣿⣷⣕⣲⣤⣀⠐⠂⢉⡛⢻⣿⣶⣶⣶⣿⡫⠊
⠀⠀⠀⠈⠉⠛⠛⠿⠿⠿⠷⠶⠶⠤⠬⣿⣿⣍⡁
⠀⠀⠀⠀⣀⣠⣴⣶⣶⣾⣿⣿⣿⣿⡯⠻⣿⣷⣶⣶⣦⡤⣀⡀
⠀⢀⣴⣿⣿⣿⣿⣿⣿⡟⠋⠉⠀⠀⢀⣤⠤⢭⠙⢿⣿⣿⣷⣮⣕⢦⡀
⣰⣿⣿⣿⣿⣿⣿⣿⣿⣷⢠⣄⠀⠀⠀⢁⡭⣥⠄⢑⠉⠉⣽⣿⣿⣷⡝⣆
⣿⣿⡿⡛⡛⠛⡻⣿⣿⣿⣟⡋⠃⠀⠐⠁⠚⠁⠀⠈⣶⣶⣿⣿⣿⣿⡇⣸
⠘⣿⣧⣭⣬⣥⢥⡛⠛⠛⠁⠉⠉⠣⢤⣀⣀⣀⣀⣀⠈⠀⢙⣿⣿⡿⡱⠃
⠀⠈⠻⠿⣿⣿⣧⣭⣽⣶⣤⣄⣉⠀⠀⠬⠉⢿⣿⣿⣿⣿⢿⣛⠵⠊
⠀⠀⠀⠀⠀⠈⠉⠛⠛⠿⠿⠿⠿⠿⠿⠶⠶⠶⠶⣿⣿⣾⣅⣀
⠀⠀⠀⠀⠀⣀⡤⣤⣶⡾⠿⣶⡤⠄
⠀⠀⠀⣠⣴⣿⡇⣿⣿⣧⣤⣤
⠀⠀⠈⠀⢸⣿⡇⣿⣿⡇
⠠⠒⠒⠲⢾⣿⠤⠛⠋
⠀⠀⠀⠀⠀⠀⠀⠀⠀⠀⢀⣀⣤⣴⣶⣿⣷⣶⣤⣄⣀⠤
⠀⠀⠀⠀⠀⠀⠀⢠⣶⣿⠉⢹⣿⣿⡇⠀⠈⠉⠉⠉
⠀⠀⠀⠀⢀⣤⣶⣾⣿⣿⠀⢸⣿⣿⣷⣶⣶⣶⣶
⠀⠀⠀⠀⠉⠀⠀⢸⣿⣿⠀⢸⣿⣿⡇
⠀⠀⠀⠀⣀⣀⣀⣸⣿⡟⠀⢸⣿⣿⠇
⠐⠚⠉⠉⠙⠛⠻⢿⣿⠷⠖⠚⠉
⠀⠀⠀⠀⠀⠀⠀⠀⠀⠀⠀⠀⠀⠀⣀⣀⣤⣴⣶⣾⣿⣶⣦⣤⣀⣀⣀⡀
⠀⠀⠀⠀⠀⠀⠀⠀⠀⢀⣤⣶⡞⠋⢹⣿⣿⣿⡇⠈⠉⠛⠛⠛⠛⠋⠁
⠀⠀⠀⠀⠀⠀⠀⣀⣀⣸⣿⣿⡇⠀⢸⣿⣿⣿⣇⣀⣀⣀⣀⣀⡀
⠀⠀⠀⠀⠀⠴⠟⠛⠛⢻⣿⣿⡇⠀⢸⣿⣿⣿⡟⠛⠛⠛⠛⠛⠁
⠀⠀⠀⠀⠀⠀⠀⠀⠀⢸⣿⣿⡇⠀⢸⣿⣿⣿⡇
⠀⠀⢀⣀⣀⣀⣀⣀⣀⣸⣿⡿⠃⠀⢸⣿⣿⡿⠃
⠐⠊⠉⠉⠉⠉⠉⠛⠻⠿⣿⡿⠿⠓⠊⠉
⠀⠀⡶⣦⣿⠲⣤⣤⣄⠀⡀
⡀⢼⣧⣭⣭⢷⣿⣿⡋⠁⢈
⠁⠀⠙⢩⠍⠫⣅⠚⠀⠄⠁⠊⠀⠐
⠀⠀⠀⣦⡶⣄⣸⡶⠧⣤⣄⣀⣀⠀⠀⡀
⠀⠀⣠⣿⡀⡿⠿⠟⣆⣹⣿⣿⣿⠿⠶⠅⠑⠀⡀
⡄⠊⠛⢿⡿⣿⣿⣯⣽⣿⡿⢿⣣⠆⠀⠀⡵⠀⢬⠁⠂⡀
⠈⠢⠀⠀⠁⣒⠠⠐⠚⠦⣐⠊⠉⣀⠔⠊⠀⠘⠃⠂⠀⠘
⠀⠀⠀⢠⣄⡶⣄⢐⣺⣲⢗⣤⣀⣀⣀
⠀⠀⠀⣈⣾⡁⣿⣽⣿⣿⣆⠘⢿⣿⣿⣿⣿⣶⣄⡚⠰⣄
⠀⢀⣴⣿⣿⣦⣼⣭⣭⣤⢾⣷⣿⣿⣿⣿⠋⠁⠀⠈⢢⠀⠈⠢⠤⣀
⢮⠁⠀⠉⠻⣟⠻⠿⠿⠷⠿⡶⠿⠛⢛⢇⡏⠀⠀⢀⡴⠁⢀⡺⠄⠀⠑⢄
⠀⠑⠦⣀⣀⠀⣈⣍⠴⠈⠉⠱⠆⣘⠉⢈⣀⡠⠖⠁⠀⠀⠉⠁⠈⠀⠀⠈
⠀⠀⠀⠀⠀⢀⡴⢦⡀
⠀⣀⣀⣤⣶⣿⢺⣷⣿⣶⣤⣀⣀
⠀⠉⠉⠛⠿⣟⢼⡾⣿⠿⠛⠉⠉
⠀⠀⠀⠀⠀⠈⠳⠞⠁
⠀⠀⠀⠀⠀⠀⠀⠀⠀⠀⣰⣆
⠀⠀⠀⠀⠀⠀⠀⢀⣠⢞⣡⣌⡳⣄⡀
⠀⢀⣀⣠⠤⢴⣚⣭⣶⡉⢩⡭⣙⣶⣭⣓⡦⠤⣄⣀⡀
⠀⠈⠉⠙⠒⠺⢭⣛⠿⣃⣐⣶⣿⠿⣛⡭⠗⠒⠋⠉⠁
⠀⠀⠀⠀⠀⠀⠀⠈⠙⢮⡙⢋⡵⠋⠁
⠀⠀⠀⠀⠀⠀⠀⠀⠀⠀⠹⠏
⠀⠀⠀⠀⠀⠀⠀⠀⠀⠀⠀⠀⠀⣰⣆
⠀⠀⠀⠀⠀⠀⠀⠀⠀⠀⠀⣠⠾⣫⣝⠷⣄
⠀⠀⠀⠀⠀⠀⣀⣠⡤⠖⣋⡵⠾⠿⠿⠷⢮⣙⠲⢤⣄⣀
⠀⠰⠶⠶⣿⣉⣉⠶⢾⣿⣿⣿⠀⢘⡋⣻⣶⣿⣿⡷⠶⣉⣉⣿⠶⠶⠆
⠀⠀⠀⠀⠀⠀⠉⠉⠓⠦⣍⡳⢶⣶⣿⡿⢟⣩⠴⠚⠋⠉
⠀⠀⠀⠀⠀⠀⠀⠀⠀⠀⠀⠙⢶⣝⣫⡶⠋
⠀⠀⠀⠀⠀⠀⠀⠀⠀⠀⠀⠀⠀⠹⠏
⠀⢀⠀⢀⣤⣤⣤⣴⡞⠛⠶⣻⡳⢄
⣠⢃⠰⣿⣿⣿⣿⣿⣷⣶⣿⣿⣋⡉
⠀⠀⠀⠁⠁⠙⢮⣙⣋⠉⠹⢥⠺
⠀⠀⠀⠀⠀⠀⠀⠀⡀⠀⠀⢀⣄⡯⠿⢽⣦⠾⣻⢧⡀
⠀⢀⡴⠊⠉⣵⣿⣿⣿⣿⣽⡏⣽⠉⠀⠉⣉⣜⡯⣯⢉⡿
⢀⡞⢇⣀⣹⣿⣿⣿⣿⣿⣿⣿⣿⣿⣿⣿⣿⣿⣿⢁⡉
⠛⠒⠋⠀⠰⣋⠭⠙⢿⣩⠭⢥⣽⣿⣿⠿⢿⡿⠒⣻⠟
⠀⠀⠀⠀⠀⠀⠀⠀⠀⠉⣟⣠⣑⣤⠄⠀⠈⠳⠦⠼⠃
⠀⠀⠀⠀⠀⠀⠀⠀⠀⠀⠀⠀⠀⠀⠀⡀⠒⣫⣽⣙⢒⣒⣾⢿⣳⡀
⠀⠀⠀⢀⣠⠤⠄⣢⣤⣶⢖⣦⡴⣢⣴⠿⣻⠆⠀⡼⠺⠏⢨⡿⠬⠿⠥⣄
⠀⠀⣴⠋⠀⡀⣼⣿⣿⣿⣿⣿⣗⢿⣧⡸⣇⡀⠀⣀⣠⣞⣥⠞⣹⡗⣸⠞
⠀⣰⠛⠀⢀⣹⣿⣿⣿⣿⣿⣿⣿⣿⣿⣻⣾⡿⣿⢿⡿⣿⣿⣿⢁⡈
⠾⣏⠠⠋⠉⢉⡵⠟⡛⠿⣿⣟⡛⠛⠛⢹⣿⣷⣿⣿⣿⣿⣟⣠⠤⣽⡆
⠀⠀⠀⠀⠀⠈⠓⠒⠋⠀⠘⠷⣞⣋⠉⢿⠛⠛⠛⠉⠉⣿⠋⠀⠰⣇
⠀⠀⠀⠀⠀⠀⠀⠀⠀⠀⠀⠀⠸⢧⣠⣌⣭⡶⠀⠀⠀⠈⠓⠳⠖⠛
⣠⢖⡿⠿⠛⠿⠗
⢿⣸⢧⣀⣸⣿⡏⣽⣲⢤⡴⣺⡍⣿
⠀⠈⠙⠛⠛⢻⡇⣿⠈⠓⠋⢹⡇⣿
⠀⣠⡴⢖⣻⡯⠭⠭⢽⣟⠲⠂
⣾⡏⢼⡏⠀⠀⠀⣶⣶⣶⠶⠶⢤⣀⠀⠀⠀⣀⡤⠶⢶⣤
⠈⠳⢮⣝⣲⡦⠤⠭⢽⣟⠁⣿⡶⢬⣙⠒⣋⡥⢶⣿⢸⣿
⠀⠀⠀⠀⠉⠉⠉⠉⠉⣿⡇⣿⡇⠀⠈⠉⠁⠀⢸⣿⢸⣿
⠀⠀⣀⣤⡶⠶⢛⣛⣛⣛⣛⡓⠶⢦⡄
⢠⣾⠏⣡⣶⠟⠋⠉⠉⠉⠉⠙⠛
⣿⣇⠀⣿⡇⠀⠀⠀⢘⣛⣛⣛⣛⠛⠛⠷⣦⣄⠀⠀⠀⢀⣤⡶⠟⠛⢻⣿
⠘⢿⣦⣈⠻⢶⣤⣀⣈⣉⣩⣽⠿⠀⣿⣶⣤⡙⠻⢶⠾⢛⣡⣴⣿⠀⢸⣿
⠀⠀⠈⠙⠛⠶⠶⠬⣭⡭⠴⢶⣶⠀⣿⣿⠈⠛⠷⣦⡶⠟⠉⢸⣿⠀⢸⣿
⠀⠀⠀⠀⠀⠀⠀⠀⠀⠀⠀⢸⣿⠀⣿⣿⠀⠀⠀⠀⠀⠀⠀⢸⣿⠀⢸⣿
⢀⣤⠖⡻⠭⠿⣲⠟
⣏⠀⢮⣹⣋⣿⠻⣶⣶⢒⡶⢲⡶⠖
⠈⠉⠉⠉⢡⡯⠴⠚⢥⡠⠞⠉
⠀⢀⣠⡴⠶⢚⣋⣭⣝⡲⢖⡾⠋
⣴⠋⠊⢠⠞⢭⡤⠤⢤⣽⣯⣀⣀⣀⣀⣀⣀⣀⣀⣀⣀⡀
⠻⢤⣀⣘⣒⣚⡥⠴⣻⠃⠈⠔⣫⠕⠂⠞⠋⣀⡤⠚⠉
⠀⠀⠀⠀⠀⠀⠀⢰⠧⠖⠒⠛⠳⢤⣠⠴⠋⠁
⠀⠀⠀⣀⣤⡴⠶⠚⢛⣛⣛⡒⠦⠶⣲⠞⠁
⢀⡴⠋⠕⠁⣠⠖⠋⠉⠀⠈⠙⣦⠞⠁
⣿⠀⠀⠀⢼⡁⢈⣹⠍⠉⣩⣿⠛⠻⢒⣶⠶⢒⠒⢒⣶⠶⠒⠲⢒⡲⠖⠂
⠈⠓⠶⠤⠤⠭⠭⠴⠒⠋⣱⠃⠀⠀⢋⣠⠞⠁⠀⠋⠁⣀⠴⠚⠉
⠀⠀⠀⠀⠀⠀⠀⠀⠀⠰⠯⠖⠒⠋⠉⠙⠲⢤⣠⠖⠋⠁
⠀⣠⣴⣶⣶⠿⠿⠿⠿⣶⣶⣤
⢸⣿⣿⣿⠀⠀⠠⠶⠶⢶⣿⣷⣶
⠀⠙⠻⠿⠿⣶⣶⣶⣶⠿⠿⠿⠿
⠀⠀⠀⣀⣤⣤⣶⣶⣶⣿⣿⣿⣷⣶⣶⣶⣤⣄⡀
⠀⣴⣿⣿⣿⣿⡿⠛⠉⠉⠉⠉⠉⠉⠛⠿⣿⡿⠛⠁
⢸⣿⣿⣿⣿⣿⠀⠀⠀⠀⢠⣾⣿⣿⣿⣿⣿⣿⣿⣿⠁
⠀⠻⣿⣿⣿⣿⣷⣤⣀⣀⣀⣀⣀⣀⣤⣿⣿⣿⣿⣿
⠀⠀⠀⠉⠛⠛⠿⠿⠿⣿⣿⣿⣿⠿⠿⠿⠟⠛⠻⠿
⠀⠀⠀⠀⠀⢀⣀⣤⣤⣶⣶⣶⣶⣶⣶⣶⣶⣶⣦⣤⣄⣀
⠀⠀⢀⣴⣾⣿⣿⣿⣿⣿⡿⠿⠿⠛⠛⠿⠿⢿⣿⣿⣿⣿⣿⣶⡄
⠀⣴⣿⣿⣿⣿⣿⡿⠋⠁⠀⠀⠀⠀⠀⣀⣀⣀⣀⣙⣻⣿⣛⣁⣀⣀
⠀⣿⣿⣿⣿⣿⣿⡇⠀⠀⠀⠀⠀⢀⣼⣿⣿⣿⣿⣿⣿⣿⣿⣿⣿⡇
⠀⠻⣿⣿⣿⣿⣿⣷⣄⡀⠀⠀⠀⠈⠀⠀⠀⠀⢀⣹⣿⣿⣿⣿⣿⡇
⠀⠀⠈⠻⢿⣿⣿⣿⣿⣿⣷⣶⣶⣤⣤⣶⣶⣾⣿⣿⣿⣿⣿⣿⣿⡇
⠀⠀⠀⠀⠀⠈⠉⠛⠛⠿⠿⠿⠿⠿⠿⠿⠿⠿⠿⠛⠛⠛⠛⠛⠛⠃
⡿⠛⠋⠉⣩⣤⣤⣤⣤⣍⣉⣉⣻⣿
⣿⣤⣄⣀⡙⠛⠒⠒⠒⣂⣀⣠⣤⣾
⣿⣿⣿⡿⠿⠛⠛⠉⠉⠉⣉⣉⠉⠉⠉⠛⠛⠿⢿⣿⣿⣿
⢯⠟⠁⠀⠀⠀⣴⣶⣿⠿⠿⠿⠿⠿⠶⠦⠤⠤⠤⠬⠿⡽
⣜⣦⡀⠀⠀⠀⠙⠿⣿⣶⣶⣶⣶⣶⠶⠂⠀⠀⠀⢀⣴⣣
⣿⣿⣿⣷⣦⣤⣄⣀⣀⣀⣀⣀⣀⣀⣀⣤⣤⣴⣾⣿⣿⣿
⣿⣿⣿⣿⣿⡿⠿⠟⠛⠛⠛⠉⠉⠉⠉⠉⠉⠛⠛⠛⠻⠿⢿⣿⣿⣿⣿⣿
⡿⣫⠗⠉⠁⠀⠀⠀⣀⣤⣶⣶⣾⣿⣿⣷⣶⣶⣤⣀⣀⣀⣀⣈⣉⣺⣝⢿
⢸⡇⠀⠀⠀⠀⠀⠸⣿⣿⣿⡏⠉⠉⠉⠉⠉⠉⠉⠉⠉⠉⠉⠉⠉⠉⢹⡇
⣷⣝⡦⣄⡀⠀⠀⠀⠈⠛⠻⠿⠿⠿⠿⠿⠿⠟⠋⠁⠀⠀⠀⠀⣀⢴⣫⣾
⣿⣿⣿⣿⣿⣷⣶⣦⣤⣤⣄⣀⣀⣀⣀⣀⣠⣤⣤⣤⣴⣶⣾⣿⣿⣿⣿⣿
⠀⢀⣭⡿⠟⠋⠉⠉⢿⣿⣿⣶⣤⣤
⠠⠞⣷⣫⣛⣽⣯⣝⣽⣝⣫⣫⠟⠁
⠀⠀⠈⢉⣛⣿⠿⠿⠯⠉⠉⠉⠩⠭⣭⣽⣓⣶⣦⣤⣄⡀
⠀⠀⣰⡿⣛⣋⣩⣥⣤⣤⣤⢤⡤⡼⡿⣿⣿⢿⣿⢷⡾⠋
⠠⠚⠋⢽⣏⣱⣂⣡⣊⣣⣦⣞⣐⣜⣴⣂⣱⣃⡢⠞
⠀⠀⠀⠉⠙⠛⢻⣿⣿⣿⣟⡛⠛⠛⠛⣛⣛⣛⣛⣛⣒⠲⣶⣄⣀⣀
⠀⠀⠀⣠⣶⣿⡯⠥⠔⠒⠀⠀⠀⠀⠀⠀⠀⢶⣾⣿⣿⣿⣿⣯⣭⣭⣿⡇
⠀⢀⣤⣾⣫⣥⡶⢒⠶⡿⢚⣻⠗⡻⢛⠖⡛⣛⠟⠻⣻⢛⡷⡛⢛⡿⠉
⠀⠛⠉⠁⠴⣯⢬⢽⡥⡥⣯⢬⠼⡡⢟⠤⡥⡩⠼⡡⡡⢮⢌⠵⠏
⠲⢴⣶⡖⣉⣍⣻⣟⣉⣩⣴⣶⡦⠖
⠀⠀⢧⣾⣏⣉⣷⣾⣿⣟⣿⡿
⠀⠀⠀⠈⠻⣿⣿⣿⣿⠟⠁
⣤⣤⣤⣤⢤⠴⠒⠛⣉⠙⣿⣿⠋⠉⢛⡒⠶⣤⣤⣤⣤⣤
⠀⠙⠳⣮⠟⢋⣴⣾⣿⣶⠿⠿⣶⣻⣶⣿⣿⣿⣿⠟⠋
⠀⠀⠀⢹⡤⣿⣿⡍⠀⣒⣶⣶⣾⣿⣿⡟⣿⣿⡏
⠀⠀⠀⠀⠉⠻⢿⡿⣍⣿⣿⣿⣿⣩⣿⡿⠛⠉
⠀⠀⠀⠀⠀⠀⠀⠻⢿⣗⣒⣶⣾⡿⠟
⣀⣀⣀⣀⣀⣤⠤⠴⠒⠚⢋⠉⢻⣿⣿⡟⠉⠙⠓⠒⠦⠤⣤⣀⣀⣀⣀⣀
⠈⠛⠷⣤⣐⣶⠿⠒⣤⡴⡿⢤⣼⣿⣿⣧⣤⢶⢬⣽⣷⣿⣷⣶⣾⠿⠛⠁
⠀⠀⠀⠀⣿⠁⣠⣿⡿⠟⠋⢉⣉⣀⣀⣉⣿⣿⣿⣾⣿⣿⣿⣿
⠀⠀⠀⠀⠘⢧⣝⣿⣿⣦⡤⢤⡦⠿⠿⢾⡿⢿⣿⣥⣼⣿⡿⠃
⠀⠀⠀⠀⠀⠀⠈⠙⢻⣝⣷⣼⠻⠿⠿⠟⣧⣾⣿⡟⠋⠁
⠀⠀⠀⠀⠀⠀⠀⠀⠀⠙⠮⣿⣛⣛⣿⣿⡿⠿⠋
⣴⣶⡿⠛⠛⢻⣿⣿⣧⣤⣤⣤⣤⣤
⠙⠛⠿⠶⠶⠾⠟⠟⣿⣿⣿⣄⠈⠉
⠀⣠⣴⣶⣿⣿⠿⠿⠿⣿⣶⣿⣿⡇
⣾⣿⣿⡟⠁⠀⠀⠀⢰⣶⣾⣿⣿⣷⣶⣶⣶⣶⣶⣶⣶⣶
⠙⢿⣿⣿⣦⣤⣄⣀⣈⣭⣿⣿⣿⣿⣿⣿⣿⡇⠀⠈⠉⠉
⠀⠀⠈⠉⠉⠛⠛⠛⠛⠉⠉⠉⠉⣷⣿⣿⣿⣷⡆
⠀⠀⣠⣤⣶⣾⣿⣿⣿⣿⣿⣿⣷⣶⣿⣿⣿
⣴⣿⣿⣿⡿⠛⠉⠁⠀⠀⠀⣤⣭⣽⣿⣿⣿⣤⣤⣤⣤⣤⣤⣤⣤⣤⣤⣤
⢿⣿⣿⣿⣧⡀⠀⠀⠀⠀⠀⣿⣿⣿⣻⣿⣿⡟⣿⣿⣿⣿⠟⠛⠛⢿⣿⣿
⠀⠙⠿⢿⣿⣿⣿⣶⣶⣶⣶⣶⣶⣿⣿⣿⣿⡇⣿⣿⣿⣿
⠀⠀⠀⠀⠀⠉⠉⠉⠉⠉⠉⠉⠁⠀⠀⠀⢸⣿⣿⣿⣿⣿⣿⡇
⠀⣴⡾⠟⣳⣶⣶⣖⣶⣦⢀
⠺⣿⣦⢴⡶⢿⣟⣿⣿⣿⣿⣷⣶⣄
⠀⠉⠛⠶⠤⢤⣿⣭⠍⠀⠛⠛⠛⠁
⠀⢀⡲⣶⣫⡭⠗⢦⣤⣤⣤⡤⣖⣦⣄⡀
⠀⣰⣿⠞⠁⠁⠲⠙⣯⣟⣛⣿⣶⣗⣿⣍⣒⣦
⠙⣿⣿⡖⣠⠴⣲⠟⠿⣽⢟⣻⣛⣿⢾⣟⣻⣯⣿⣶⢢⡀
⠀⠸⢿⣽⣧⡀⠁⠀⠀⢹⡖⠖⠛⠛⠛⠛⣓⢶⣮⣭⡶⠚
⠀⠀⠀⠈⠙⠻⠽⠶⠶⠶⠿⣲⠒⠒⠈⠉⠉⠉⠁
⠀⠀⠀⢦⣲⣚⣉⣭⡳⢤⣤⣤⣤⣄⣠⣔⣂⡤⣄
⠀⢀⣽⣯⡽⠋⠙⠀⣄⠺⣟⣿⠿⢿⣶⣤⣛⠭⣿⡻⠤⠤⣀
⠤⣞⣛⣯⣀⠀⠀⣀⣠⣴⢞⡿⣻⣶⣿⣿⡿⣿⣻⣿⣿⣶⠯⣤⣄⣀
⠀⠸⣿⣿⣮⡗⠋⠡⠞⠁⠈⠰⣗⣓⡞⣣⣽⣽⣼⣾⣶⡿⠿⠯⠽⠧⠓⣦
⠀⠀⠋⠲⣾⣷⣄⣀⡀⠀⠀⠀⠻⡍⠉⠁⠉⠉⠁⠈⣉⣍⣙⣿⣟⠽⠋⠁
⠀⠀⠀⠀⠀⠈⠉⠯⠚⠓⠶⠶⠾⠿⣰⡟⠋⠉⠉⠉
⠟⠛⠉⠉⣀⣤⠤⠤⠤⠀⠉⠉⠙⠻
⣦⣤⣀⣀⠉⠑⠒⠒⠒⠀⣀⣀⣤⣴
⣿⣿⠿⠛⠋⠉⠉⠁⠀⠀⠀⠀⠀⠀⠈⠉⠉⠙⠛⠿⣿⣿
⠋⠔⠀⠀⠀⠀⣠⣶⣾⠿⠿⠿⠿⠷⠶⠤⠤⠤⠤⠤⢦⠙
⣄⠢⡀⠀⠀⠀⠙⠻⠿⣤⣤⣤⣤⠤⠔⠀⠀⠀⠀⠀⠔⣠
⣿⣿⣶⣤⣄⣀⣀⡀⠀⠀⠀⠀⠀⠀⢀⣀⣀⣠⣤⣶⣿⣿
⣿⣿⣿⡿⠿⠛⠋⠉⠉⠁⠀⠀⠀⠀⠀⠀⠀⠀⠈⠉⠉⠙⠛⠿⢿⣿⣿⣿
⡿⢋⠅⠂⠁⠀⠀⠀⢀⣠⣤⣶⣶⣶⣶⣶⣶⣤⣄⣀⣀⣀⣀⣈⣐⣨⡙⢿
⠀⣇⠀⠀⠀⠀⠀⠀⣿⣿⣿⡏⠉⠉⠉⠉⠉⠉⠉⠉⠉⠉⠉⠉⠉⠉⣹
⣷⣌⡒⠄⡀⠀⠀⠀⠈⠙⠛⠻⠿⠿⠿⠿⠟⠛⠋⠀⠀⠀⠀⢀⠠⢐⣡⣾
⣿⣿⣿⣷⣶⣤⣄⣀⣀⡀⠀⠀⠀⠀⠀⠀⠀⠀⢀⣀⣀⣠⣤⣶⣾⣿⣿⣿
⠀⣿⠋⠙⠛⣸⠏⠉⠛⢰⡟⠀⣾⠃
⣸⣇⣠⡿⢠⣏⣀⣤⢀⣾⣀⣼⡏
⠀⣸⣿⠋⠉⠙⠛⠋⣼⡿⠋⠉⠙⠛⢃⣿⡟⠁⢀⣾⡿⠁
⣰⣿⣇⣀⣼⣿⠃⣼⣿⣁⣀⣤⡤⢀⣾⣿⣀⣠⣾⡟⠁
⠀⠀⣿⣿⡟⠛⠛⠿⢿⡟⢨⣿⣿⠛⠛⠛⠿⣿⠃⣼⣿⡟⠀⠀⣰⣿⡿⠁
⠀⣼⣿⠟⠀⠠⣤⣤⡄⠠⣿⣿⠃⠀⠀⠀⠀⠀⢸⣿⡟⠀⠀⣰⣿⡿⠁
⣬⣭⣭⣤⣤⣴⣿⡿⢠⣭⣭⣥⣤⣤⣶⣶⠆⢠⣭⣭⣤⣤⣴⣿⡿⠁
⣶⣿⡟⢛⣛⣛⣛⣛⣀⣀⣀⣀⡀
⢿⣿⣇⣈⣉⣩⣿⣿⣉⣉⣉⣹⣿⡷
⠀⠈⠉⠉⠉⠉⣿⣿⣥⣤⣤⣼⣿⠟
⣠⣶⣿⣿⠿⠿⠿⠿⠿⠿⠿⠿⠿
⣿⣿⣿⡇⠀⢰⣶⣶⣶⣶⣶⣶⣶⣶⣶⣶⣶⣶⣦⣦⣄⡀
⣿⣿⣿⣇⣀⣈⣉⣉⣉⣿⣿⣿⣿⣉⣉⣉⣉⣉⣹⣿⣿⡿
⠀⠙⠛⠛⠛⠛⠛⠛⠛⣿⣿⣿⣿⠛⠛⠛⠛⠛⢻⣿⣿⣦
⠀⠀⠀⠀⠀⠀⠀⠀⠀⣿⣿⣿⣿⣶⣶⣶⣶⣶⣿⣿⠿⠋
⣀⣤⣾⣿⣿⣿⣿⣿⣿⣿⣿⣿⣿⣿⣿⣿⡇
⣿⣿⣿⣿⡇⠀⠀⣀⣀⣀⣀⣀⣀⣀⣀⣀⣀⣀⣀⣀⣀⣀⣀⣀⣀⣀
⣿⣿⣿⣿⡇⠀⠀⠿⠿⠿⠿⢿⣿⣿⣿⣿⡿⠿⠿⠿⠿⠿⠿⢿⣿⣿⣷⣦
⠻⢿⣿⣿⣷⣶⣶⣶⣶⣶⣶⣾⣿⣿⣿⣿⣷⣶⣶⣶⣶⣶⣶⣾⣿⣿⡿⠛
⠀⠀⠈⠉⠉⠉⠉⠉⠉⠉⠉⢹⣿⣿⣿⣿⡏⠉⠉⠉⠉⠉⠉⢹⣿⣿⣿⣷
⠀⠀⠀⠀⠀⠀⠀⠀⠀⠀⠀⢸⣿⣿⣿⣿⣿⣿⣿⣿⣿⣿⣿⣿⣿⡿⠛⠉
⢴⣿⣧⣶⣀⣀⠀⢀⣀⣀⣶⣼⣿⡦
⠀⠀⠀⠈⡇⢙⡒⣛⠀⣿⢹⡃
⠀⠀⣀⣼⠷⠛⠣⠝⠒⠯⣼⣁
⣠⣼⠳⣧⣀⣤⠀⠀⠀⠀⠀⠀⠀⠀⠀⠀⣤⣀⣼⠞⣧⣄
⠙⠺⠿⠿⠞⠿⣶⠤⢤⡄⠀⢠⡤⠤⣤⣶⡿⠳⠿⠿⠗⠋
⠀⠀⠀⠀⠀⠀⣿⠀⢘⣛⣉⣛⡃⠀⣿⡏⠉⡏⠁
⠀⠀⠀⠀⠀⣠⣿⣤⣼⣿⠀⢹⣧⣤⣿⠇⢀⡇
⠀⠀⠀⣠⣴⡮⠵⠒⠈⠈⠙⠒⠒⠒⠒⠶⢽⣦⣄
⢀⣤⠿⢶⣦⡀⣀⣀⠀⠀⠀⠀⠀⠀⠀⠀⠀⠀⠀⠀⣀⣀⢀⣴⡶⠿⣤⡀
⠻⢬⣷⣶⣭⣭⣿⣿⣄⣀⣀⣀⠀⠀⠀⣀⣀⣀⣀⣠⣿⣿⣭⣭⣶⣾⡥⠟
⠀⠀⠀⠀⠀⠀⠀⠙⣷⠀⠀⣿⣒⣒⣲⣿⠀⠀⣿⡟⠛⢲⡶⠂
⠀⠀⠀⠀⠀⠀⠀⠀⣿⠀⠀⣤⡄⠀⢤⣤⠀⠀⣿⡇⠀⢸⡇
⠀⠀⠀⠀⠀⠀⠠⣾⡯⠶⠶⣿⣇⠀⠸⠿⠶⠶⠿⠃⢀⣸⠇
⠀⠀⠀⢀⣠⣴⡯⠥⠖⠋⠉⠀⠈⠉⠉⠉⠉⠉⠛⠻⠭⢽⣦⣄⡀
⣿⣿⣿⠛⠛⢛⣿⣿⡛⠛⠛⣿⣿⣿
⣿⣿⣿⡇⠀⠸⠿⠿⠇⠀⢸⣿⣿⣿
⢻⣿⣿⡇⠀⢰⣶⣶⡆⠀⢸⣿⣿⡟
⠀⠹⢿⣦⣤⣤⣿⣿⣤⣤⣴⡿⠏
⠀⠀⠀⠉⠛⠿⢿⡿⠿⠛⠉
⣿⣿⣿⣿⣿⠿⠿⠿⠿⢿⣿⣿⡿⠿⠿⠿⠿⣿⣿⣿⣿⣿
⣿⣿⣿⣿⣿⣦⠀⠀⢰⣿⣿⣿⣿⡆⠀⠀⣴⣿⣿⣿⣿⣿
⣿⣿⣿⣿⣿⣿⠀⠀⠘⠛⠛⠛⠛⠃⠀⠀⣿⣿⣿⣿⣿⣿
⢹⣿⣿⣿⣿⣿⠀⠀⢸⣿⣿⣿⣿⡇⠀⠀⣿⣿⣿⣿⣿⡏
⠀⠙⣿⣿⣿⣁⣀⣀⣈⣻⣿⣿⣟⣁⣀⣀⣈⣿⣿⣿⠏
⠀⠀⠀⠙⠿⣿⣿⣿⣿⣿⣿⣿⣿⣿⣿⣿⣿⠿⠋
⠀⠀⠀⠀⠀⠀⠉⠙⠻⠿⣿⣿⠿⠟⠋⠉
⣿⣿⣿⣿⣿⣿⣿⣿⣿⣿⣿⣿⣿⣿⣿⣿⣿⣿⣿⣿⣿⣿⣿⣿⣿⣿⣿⣿
⣿⣿⣿⣿⣿⣿⣇⡀⠀⠀⢀⣴⣿⣿⣿⣿⣦⡀⠀⠀⢀⣸⣿⣿⣿⣿⣿⣿
⣿⣿⣿⣿⣿⣿⣿⡇⠀⠀⢸⣿⣿⣿⣿⣿⣿⡇⠀⠀⢸⣿⣿⣿⣿⣿⣿⣿
⣿⣿⣿⣿⣿⣿⣿⡇⠀⠀⠀⠀⠀⠀⠀⠀⠀⠀⠀⠀⢸⣿⣿⣿⣿⣿⣿⣿
⠹⣿⣿⣿⣿⣿⣿⡇⠀⠀⢸⣿⣿⣿⣿⣿⣿⡇⠀⠀⢸⣿⣿⣿⣿⣿⣿⠏
⠀⠹⣿⣿⣿⣿⡏⠁⠀⠀⠘⠻⣿⣿⣿⣿⠟⠃⠀⠀⠈⢹⣿⣿⣿⣿⠏
⠀⠀⠈⠻⢿⣿⣿⣿⣿⣿⣿⣿⣿⣿⣿⣿⣿⣿⣿⣿⣿⣿⣿⡿⠟⠁
⠀⠀⠀⠀⠀⠉⠛⠿⣿⣿⣿⣿⣿⣿⣿⣿⣿⣿⣿⣿⠿⠛⠉
⠀⠀⠀⠀⠀⠀⠀⠀⠀⠉⠙⠻⠿⣿⣿⠿⠟⠛⠉
⠀⢲⡶⣶⣶⣿⠀⠀⣿⣶⣶⢶⡖
⠀⢸⡂⣗⣿⣿⠿⠿⣿⣿⣺⢐⡇
⠀⡬⠶⠷⠿⠿⠀⠀⠿⠿⠿⠶⢥
⠀⠠⢤⣶⣶⣶⣶⣶⣿⡇⠀⠀⢸⣿⣶⣶⣶⣶⣶⡤⠄
⠀⠀⢲⣯⢸⢩⣿⣿⣿⣷⣶⣶⣾⣿⣿⣿⡍⡇⣽⡖
⠀⠀⢩⡗⢸⣒⣿⣿⣿⡟⠛⠛⢻⣿⣿⣿⣒⡇⢺⡭
⠀⢠⠴⠿⠾⠿⠿⠿⠟⠃⠀⠀⠘⠻⠿⠿⠿⠷⠿⠦⡄
⠀⠀⣠⡤⣤⣤⣤⣶⣶⣶⢲⣶⠀⠀⠀⠀⣶⡖⣶⣶⣶⣤⣤⣤⢤⣄
⠀⠀⠈⣙⡮⢻⡿⣿⣿⣿⢸⣿⠀⠀⠀⠀⣿⡇⣿⣿⣿⢿⡟⢵⣋⠁
⠀⠀⠈⣙⡦⢸⡇⢴⣿⣿⣾⣿⣿⣿⣿⣿⣿⣷⣿⣿⡦⢸⡇⢴⣋⠁
⠀⠀⠈⣙⡦⢸⡇⠶⣿⣿⢻⣿⠿⠿⠿⠿⣿⡟⣿⣿⠶⢸⡇⢴⣋⠁
⠀⠀⠈⢙⡦⣸⣷⣾⣿⣿⢸⣿⠀⠀⠀⠀⣿⡇⣿⣿⣷⣾⣇⢴⡋⠁
⠀⠠⠶⠯⠾⠿⠛⠛⠛⠛⠛⠋⠀⠀⠀⠀⠙⠛⠛⠛⠛⠛⠿⠷⠽⠶⠄
⠀⠈⡿⣽⡽⣽⢻⡷⣶⡶⡄⡤⣠⣤
⠐⠚⠓⠓⠷⠧⠿⠟⠹⣿⣷⣷⡷⠃
⠀⠀⠐⢲⡏⣻⠏⣽⢩⡿⢹⣯⣤⣤⡤⣄
⠀⢀⣠⡾⣱⣏⣹⣋⣿⢁⣾⢧⣶⣾⡇⣸⠏⣽⢉⡿⣩⠏
⠈⠉⠉⠉⠉⠁⠴⠛⠛⠚⠓⠚⠁⠸⢇⣻⣼⣧⣞⠵⠋
⠀⠀⠀⠒⢶⣖⢒⣾⠛⣻⠋⣩⡍⣩⣿⣀⣀⣀⣀⣀
⠀⠀⠀⠀⣸⠇⣼⠟⣒⡒⢲⡟⠀⣴⣖⣚⣛⣳⠆⠙⣓⠒⣶⠒⣒⡒⢲⡖
⢀⣠⣴⣾⡭⠬⠭⠤⠿⢤⣭⠅⣸⡟⢩⡿⠓⣲⡇⣸⡏⣸⡟⢰⡿⢠⡟⠁
⠀⠀⠀⠀⠀⠀⠀⠒⠚⠛⠓⠒⠛⠛⠉⠁⠀⠻⢦⣛⣓⣒⣒⣫⠵⠛⠁
⠀⠠⠶⢿⡿⠿⡯⣝⠷⠦⡀
⠀⠀⠀⠀⠙⠛⠶⠤⠿⠦⠜⠁
⠗⠛⠺⠝⠺⠛⡻⠗⡹⠃⠟⠇⠞⠳
⠀⠀⠀⣠⣶⣾⣿⣿⣭⣭⣉⠉⠒⠶⢤⡀
⠀⠀⠈⠉⠉⠛⣯⣁⠀⠛⠋⠓⢦⡉⠁⠉⠂⡄
⠀⠀⠀⠀⠀⠀⠈⠉⠙⠻⠦⢄⡼⠿⠧⣄⡺⠁
⣤⣀⣤⣠⠤⢤⡄⣤⣤⠄⣤⣤⠠⢤⡤⢠⣤⣤⠀⢠⣤⡀
⠋⠀⠋⠈⠛⠛⠁⠛⣀⢀⠛⢋⢁⡘⠁⠈⠋⠙⠀⠋⠉⠛
⠀⠀⠀⠀⢠⣴⣶⡾⣿⣿⣭⣭⡉⠉⠙⠓⠶⢤⣄⡀
⠀⠀⠀⠚⠛⠛⠻⣿⣛⠁⠀⠸⠯⠝⠦⢄⡙⠒⠀⠙⠠⢄
⠀⠀⠀⠀⠀⠀⠀⠈⠻⠷⠶⣦⣤⡀⠀⢐⣿⣦⡄⠀⡨⡼⠃
⠀⠀⠀⠀⠀⠀⠀⠀⠀⠀⠀⠀⠙⠉⠓⠚⠉⠉⠉⠓⠖⠁
⣿⡤⢼⡇⣴⡞⠛⣲⡄⣿⡿⡟⠰⠿⣿⡂⠛⣿⡟⠃⣿⣿⣷⠀⢠⣞⣷⡀
⠉⠀⠈⠁⠈⠉⠉⠉⠀⠉⢠⠀⣌⢉⢉⡁⣀⠉⠁⠀⠉⠀⠉⠀⠉⠀⠈⠉
⡄⣤⣤⣤⠶⢶⠶⠶⡶⢶⣤⣤⣤⢠
⠃⣿⡟⢉⡄⠀⠒⠒⠀⣠⣭⣿⣿⠘
⠈⠘⢷⣦⣁⣀⣛⣛⣀⣈⣼⡿⠃⠁
⠀⠀⠀⠉⠛⠿⠿⠿⠿⠛⠉
⡤⢀⣀⣀⣀⣀⣀⣀⣤⣤⣽⣯⣤⣤⣀⣀⣀⣀⣀⣀⡀⢤
⡇⣿⣿⣿⣿⣿⡟⠉⠙⠛⠛⠛⠛⠋⠉⢻⣿⣿⣿⣿⣿⢸
⢧⢸⣿⣿⠋⠁⣠⡄⠀⠸⠿⠿⠇⠀⢠⣄⣬⣿⣿⣿⡇⡼
⠘⡌⣿⣿⡀⠀⠻⠇⠀⢠⣤⣤⡄⠀⠸⠟⠿⣿⣿⣿⢡⠃
⠀⠘⢌⠻⣿⣶⡆⠀⢀⣈⣉⣉⣁⡀⠀⣰⣾⣿⠟⡡⠃
⠀⠀⠀⠑⠬⡻⢿⣿⣿⣿⣿⣿⣿⣿⣿⡿⢟⠥⠊
⠀⠀⠀⠀⠀⠀⠁⠊⠩⠛⡛⢛⠛⠍⠑⠈
⣀⣀⣀⣀⡀⠀⠠⠤⠤⢄⣐⣒⣢⣭⣭⣔⣒⣂⡠⠤⠤⠄⠀⢀⣀⣀⣀⣀
⡇⢰⣶⣾⣿⣿⣿⣿⠿⠿⠻⣿⣿⣿⣿⣿⣿⠟⠿⢿⣿⣿⣿⣿⣷⣶⡆⢸
⣧⢸⣿⣿⣿⣿⡿⠛⠀⠀⠀⢀⣀⣠⣄⣀⠀⠀⠀⠘⠛⢿⣿⣿⣿⣿⡇⣼
⢹⠘⣿⣿⣿⠁⠀⢠⣶⡆⠀⠀⠻⠛⠛⠟⠀⠀⢰⣦⣴⣶⣿⣿⣿⣿⠃⡏
⠈⣇⢹⣿⣿⡀⠀⠘⢿⠇⠀⠀⣤⣤⣤⣤⠀⠀⠸⠿⠿⠿⣿⣿⣿⡏⣸⠁
⠀⠈⢦⠻⣿⣿⣶⣤⡀⠀⠀⠈⠛⠛⠛⠛⠀⠀⠀⢀⣤⣶⣿⣿⠟⡴⠁
⠀⠀⠀⠑⢌⠻⣿⣿⣶⣦⣴⣿⣿⣶⣾⣿⣿⣦⣴⣶⣿⣿⠟⡡⠊
⠀⠀⠀⠀⠀⠙⠢⢝⡻⢿⣿⣿⣿⣿⣿⣿⣿⣿⡿⢟⡫⠔⠋
⠀⠀⠀⠀⠀⠀⠀⠀⠈⠑⠒⠭⢝⣛⣛⡫⠭⠒⠊⠁
⠀⠀⢠⠖⡛⢦⣀⣀⡴⢛⠲⡄
⢀⣴⣿⡤⢟⡛⠏⠹⢛⡻⢤⣿⣦⡀
⢸⣯⠁⠠⣄⠉⢀⡀⠉⣠⠄⠈⣽⡇
⠀⠙⠓⠶⡖⠓⠾⠷⠚⢲⠶⠚⠋
⠀⠀⠀⠀⢀⡴⠞⢷⣦⡀⠀⠀⢀⣴⡾⠳⢦⡀
⠀⠀⠀⣰⣏⠀⢶⣇⣹⣿⡶⢶⣾⣯⣸⡶⠀⢹⣆
⠀⣠⣾⣿⣿⠶⠟⣫⣀⠈⠇⠸⠉⣀⣝⠻⠶⣿⣿⣷⣄
⢸⣿⣟⡭⠀⢀⣀⠈⠉⠉⠀⠀⠉⠉⠁⣀⡀⠀⢭⣻⣿⡇
⠈⠻⣿⣴⡀⡨⠉⣓⣄⠈⢻⡟⠁⣠⣚⠉⢅⢀⣦⣿⠟⠁
⠀⠀⠈⠉⠙⠻⢿⠉⠈⠛⠒⠒⠛⠁⠉⡿⠟⠋⠉⠁
⠀⠀⠀⠀⠀⠀⣀⣴⠾⣷⣤⡀⠀⠀⠀⠀⢀⣤⣾⠷⣦⣀
⠀⠀⠀⠀⢀⣾⠏⢀⣠⠎⢻⣿⣤⣤⣤⣤⣿⡟⠡⣄⡀⠙⣷⡀
⠀⠀⠀⣤⣿⣷⡄⢩⣿⣶⠾⠿⣿⡟⢻⣿⠿⠷⣶⣿⡍⢀⣾⣿⣤
⠀⣠⣼⣿⣿⣿⠿⠿⠛⣥⢄⡀⠘⠇⠰⠃⢀⡠⣬⠛⠿⠿⣿⣿⣿⣯⣄
⢰⣿⣿⠟⣛⡁⠀⠀⠀⠈⠉⠉⠉⠀⠀⠉⠉⠉⠁⠀⠀⠀⠈⣛⡻⣿⣿⡆
⠘⣿⣿⡟⣡⠀⠀⠛⠷⣦⡀⠀⠴⣶⣶⠦⠀⢀⣴⠾⠛⠀⠀⣌⢻⣿⣿⠃
⠀⠀⠛⢿⣿⣦⣴⣇⣤⡤⢷⣤⡤⠼⠧⢤⣤⡾⢤⣤⣘⣦⣴⣿⡿⠟
⠀⠀⠀⠀⠀⠈⠙⠿⢿⠀⠀⠈⠉⠛⠛⠉⠁⠀⠀⡽⠿⠋⠁
⢏⢻⣿⡟⡽⠀⢯⢻⣿⡟⡹
⠀⢸⣿⡏⣦⣤⣴⢹⣿⡇⣦⣤⣤⢰
⠀⠙⠛⠻⣸⣿⣧⣿⣯⣵⣼⣿⡇⠁
⠀⠀⠀⣞⣼⣿⣧⣱⠀⣞⣼⣿⣧⢱
⣏⡿⢿⣿⣿⡿⣏⡇⠀⢸⣉⠿⣿⣿⣿⢿⣹⡇
⠀⣿⢸⣿⣿⡇⣇⣀⣀⣀⣸⠇⣿⣿⣿⢸⣀⣀⣀⣀⣀⣀
⠀⢿⣸⢿⣿⣧⡟⣿⣿⣿⠛⣥⣿⡿⠿⣘⢻⣿⣿⡟⣫⠼
⠀⠀⠀⠉⠉⠉⡇⣿⣿⣿⠟⡿⠿⠿⠿⣿⢻⣿⣿⡇⣿
⠀⠀⠀⠀⠀⣏⣷⣿⣿⣿⣶⣏⡇⠀⢸⣹⣾⣿⣿⣷⣾⣹
⡏⢩⣭⣭⣭⣭⣭⣭⡍⣿⠀⠀⣿⢩⣭⣭⣭⣭⣭⣭⡍⢹
⠉⢲⡆⣿⣿⣿⣿⢰⡖⠋⠀⠀⠙⢲⡆⣿⣿⣿⣿⢰⡖⠋
⠀⢸⡇⣿⣿⣿⣿⢘⣓⣒⣒⣒⣒⣚⡃⣿⣿⣿⣿⢘⣓⣒⣒⣒⣒⣒⡒⢶
⠀⢸⣇⠿⣿⣿⣿⣬⡍⣿⣿⣿⣿⢉⣥⣿⣿⣿⠿⣈⡉⣿⣿⣿⣿⢉⡥⠼
⠀⠀⠈⠉⠒⠛⠛⢻⡅⣿⣿⣿⣿⣶⣿⣿⣿⣶⣶⣿⣶⣿⣿⣿⣿⢸⡇
⠀⠀⠀⠀⠀⠀⣠⠼⠇⣿⣿⣿⣿⠰⠆⣀⠒⠒⣂⠰⠆⣿⣿⣿⣿⠸⠧⣀
⠀⠀⠀⠀⠀⠀⣿⣘⣛⣛⣛⣛⣛⣛⣃⣿⠀⠀⣿⣐⣛⣛⣛⣛⣛⣛⣃⣸
⠀⠀⠀⠀⢀⣀⣠⣶⣿⣿⣿⣿⣶⡄
⠀⠀⢸⣿⣿⣿⣿⣿⣿⣷⣿⣿⠟⠉
⣠⠶⠫⠟⠋⠱⠚⠋⠙⠛⠁
⠀⠀⠀⠀⠀⠀⠀⠀⠀⠀⢀⣤⣶⣶⣿⣿⣿⣿⣶⣶⣄
⠀⠀⠀⢀⣀⣠⣤⣤⣶⣾⣿⣿⣿⣿⣟⠿⣿⣿⣿⣿⣿⣆
⠀⠒⠒⠁⣾⣿⣿⣿⣿⣿⣿⣿⣿⣿⣿⣿⣿⣿⣿⡿⠃⠈
⠀⠀⣠⣴⠿⢿⣿⠿⢛⣛⣻⣿⠿⢛⣻⣿⠟⠋⠉
⣤⡾⠟⠁⠺⠋⠁⠀⠙⠉⠉⠁⠀⠈⠉⠉
⠀⠀⠀⠀⠀⠀⠀⠀⠀⠀⠀⠀⠀⢀⣠⣴⣶⣶⣿⣿⣿⣿⣷⣶⣶⣄⡀
⠀⠀⠀⠀⠀⠀⠀⠀⣀⣀⣠⣤⣶⣿⣿⣿⣿⣿⣿⣿⣿⣿⣿⣿⣿⣿⣧⡀
⠀⢀⣀⡠⠖⣺⣿⣿⣿⣿⣿⣿⣿⣿⣿⣿⣿⣿⣷⣦⣿⣿⣿⣿⣿⣿⡛⠷
⠀⠀⠀⠀⢀⣿⣿⣿⣿⣿⣿⣿⣿⣿⣿⣿⣿⣿⣿⣿⣿⣿⣿⡿⠟⠃
⠀⠀⢠⣶⡿⠟⣛⣿⡿⠛⢉⣭⣬⣽⣿⠟⠉⣩⣽⣿⡟⠁
⢴⣶⠿⠋⠀⠛⠋⠁⠀⠀⠈⠉⠉⠉⠀⠀⠀⠈
⠀⠀⣀⡶⡖⡺⡿⣻⣿⣿⣶⣦⣤⡤
⣀⠞⣣⣶⡶⣾⢿⣿⣿⣿⣿⣿⣿⡄
⠓⢼⡥⢾⡗⢲⣶⣾⣿⣿⣿⣿⡿⠃
⠀⠀⠀⠲⢾⣿⣿⡿⠛⠛⠋⠁
⠀⠀⠀⠀⢀⣤⣤⡴⢲⠶⣻⡿⣭⣿⣗⡲⢦⣤⣀⣀⣀⡀
⠀⠀⣠⣴⢊⠅⠓⠐⣂⣺⣡⣴⣷⡶⣶⣿⣿⣶⣶⣿⠟⠁
⢀⡼⠋⢡⣴⣾⡻⠿⠿⠽⢿⣿⣏⡿⣿⣿⣿⣿⣿⣿⣧
⠻⣌⣿⣉⣀⣯⡿⠤⢴⣶⣶⣶⣿⣿⣿⣿⣿⣿⡟⣽⠿⠃
⠀⠀⠙⠻⠉⠑⠛⣤⣶⣿⣿⣿⣿⣿⣿⣿⣿⡵⠟⠉
⠀⠀⠀⠀⠀⠙⠿⢿⣿⣷⣿⠿⠉⠉⠉⠁
⠀⠀⠀⠀⠀⠀⣠⣤⣤⣤⠶⣶⣖⣻⡿⢛⣻⣿⣒⠲⠦⣤⣀⣀⣀
⠀⠀⠀⣀⣤⠴⢛⡨⠯⠠⠬⠡⢿⢉⣡⣶⣽⣯⣭⣿⣿⣯⣭⣭⣭⣽⠟⠃
⠀⢀⣴⠟⠛⣈⣥⣶⣶⣶⣾⣿⣿⣿⣿⣿⣿⣿⣿⣿⣿⣿⣿⣿⣿⣷⡀
⢰⠏⢤⣤⠼⠛⢻⣿⡏⠉⠉⢉⣉⡙⠛⣻⣿⣽⣿⣿⣿⣿⣿⣿⡿⣿⣿
⠈⠓⢶⣷⣦⣴⣶⡻⡟⠋⠛⣿⣿⣿⣿⣿⣿⢿⣿⣿⣿⣿⡿⣫⣾⠟⠉
⠀⠀⠀⠉⠙⠂⣀⣉⣉⣴⣿⣿⣿⣿⣿⣿⣿⣿⣿⣿⡿⠷⠟⠋⠁
⠀⠀⠀⠀⠀⠀⠈⠙⠿⢿⣿⣛⣿⡽⠿⠍⠁
⠀⢻⡝⣻⣿⣿⣿⣿⣿⣿⣟⢫⡟
⢰⣏⠘⣿⢽⡟⢯⡽⢻⡯⣿⠃⣹⡆
⠈⠛⠷⣤⣌⢯⣿⣿⡽⣡⣤⠾⠛⠁
⠀⠀⠀⠀⠛⠮⣝⣫⠵⠛
⠀⠘⢿⡛⠷⣲⡶⣾⣿⣛⣶⣶⣛⣿⣷⢶⣶⠾⢛⡿⠃
⢀⣠⡴⠋⣠⣾⠿⣮⣽⣿⣿⣿⣿⣯⣵⠿⣷⣄⠙⢦⣄⡀
⢨⣿⢁⡀⠛⣿⠖⣿⡟⠻⢯⡽⠟⢻⣿⠲⣿⠛⢀⡈⣿⡅
⠀⠻⠿⣷⣦⣌⣀⠘⣟⣻⣿⣿⣟⣻⠃⣀⣡⣴⣾⠿⠟
⠀⠀⠀⠀⠉⠉⣻⣇⠸⣏⣻⣟⣹⠇⣸⣟⠉⠉
⠀⠀⠀⠀⠀⠀⠀⠙⠻⠶⣬⣥⠶⠟⠋
⠀⠀⢻⣟⠳⢶⡶⣶⣶⣾⣟⣛⡳⣶⣶⢞⣛⣻⣷⣶⣶⢶⡶⠞⣻⡟
⠀⠀⣀⣽⠟⢂⣼⣶⣧⣍⣛⣯⣿⣻⣟⣿⣽⣛⣩⣼⣶⣧⡐⠻⣯⣀
⠐⣿⡿⠀⠀⠾⣿⣯⣭⣟⣚⣻⣛⡿⢿⣛⣟⣓⣻⣭⣽⣿⠷⠀⠀⢿⣿⠂
⠀⢿⣧⣶⣄⠀⠘⠿⠀⢻⣷⣠⣤⣽⣯⣤⣄⣾⡟⠀⠿⠃⠀⣠⣶⣼⣿
⠀⠈⠋⠙⠻⢿⣶⣦⣶⡄⠻⣤⣿⣿⣿⣿⣤⠟⢠⣶⣴⣶⡿⠟⠋⠙⠁
⠀⠀⠀⠀⠀⠀⠀⠈⣿⣧⣀⠿⢤⣟⣻⡤⠿⣀⣼⣿⠁
⠀⠀⠀⠀⠀⠀⠀⠀⠀⠈⠛⠿⢶⣦⣴⡶⠿⠛⠁
⠀⠀⠀⠺⠭⣭⣭⣭⢩⠭⠿
⡴⣶⢩⣇⢤⢿⡽⡶⣻⣧⢤⢖⡖⡀
⠈⠛⠾⠛⠛⡟⠛⠛⢻⠛⠛⠻⠷⠷
⠀⠀⠀⢴⣒⣃⣀⣀⣘⣛⣶
⠀⠀⠀⠀⠀⣿⣉⣉⡉⠉⠉⠉⠉⢉⣉⣉⣿
⠀⠀⢀⣠⢤⡌⠉⠉⡇⠀⠀⠀⢀⣸⡏⠉⠁⠀⣀⣀
⣴⠻⣷⠆⡾⣄⠤⡔⢳⢲⠖⣿⠋⡼⢳⡖⣲⠞⣡⣞⢀⡀
⠀⠑⢬⣰⣷⠿⠶⠷⡿⠿⠿⠿⠿⢿⡿⠷⠿⢶⣿⣿⡼⣆
⠀⠀⠀⠀⠀⢀⣀⣀⡇⠀⠀⠀⠀⢸⣇⣀⡀⠀⠀⠈⠉⠁
⠀⠀⠀⠀⠀⣿⣉⣉⣁⣀⣀⣀⣀⣈⣉⣉⣿
⠀⠀⠀⠀⠀⠀⢸⡏⠉⠉⠉⠉⠉⠉⠉⠉⠉⠉⠉⠉⢹⡇
⠀⠀⠀⠀⠀⠀⢘⠓⠒⠒⣶⠀⠀⠀⠀⠀⠀⣶⠒⠒⠚⠃
⠀⢀⢠⡴⠒⢋⡟⠀⠀⠀⣿⠀⠀⠀⢀⣀⡴⢻⠆⠀⠀⠀⢀⠤⢠⡄
⢴⡉⢿⣳⠂⡼⢖⣒⢒⡖⢙⡍⢳⠋⣭⠏⣠⠟⣨⡭⢉⣶⠁⣪⣞⠤⣤
⠀⠙⢦⡛⢀⣧⣭⡥⣮⣕⣚⣓⣒⣓⣚⣛⣒⣓⣒⣒⣲⠶⠬⣭⣶⣂⣽⡀
⠀⠀⠀⠈⠛⠉⠉⠁⠀⠀⣿⠀⠀⠀⠀⠀⠀⣾⠀⠀⠀⠈⠉⠑⠒⠋⠐⠋
⠀⠀⠀⠀⠀⠀⢠⡤⠤⠤⠿⠀⠀⠀⠀⠀⠀⠿⠤⠦⢤⡄
⠀⠀⠀⠀⠀⠀⢸⣇⣀⣀⣀⣀⣀⣀⣀⣀⣀⣀⣀⣀⣸⡇
⣿⣿⣿⣿⣿⣿⣿⣿⣿⣿⣿⣿⣿⣿
⠛⠛⠛⣿⣿⣿⣿⣿⣿⣿⣿⠛⠛⠛
⠀⠀⠀⣿⣿⣿⣿⣿⣿⣿⣿
⣠⣤⣤⣿⣿⣿⣿⣿⣿⣿⣿⣤⣤⣄
⣿⣿⣿⣿⣿⣿⣿⣿⣿⣿⣿⣿⣿⣿
⣿⣿⣿⣿⣿⣿⣿⣿⣿⣿⣿⣿⣿⣿⣿⣿⣿⣿⣿⣿⣿⣿
⣿⣟⣿⣿⣿⣿⣿⣿⣿⣿⣿⣿⣿⣿⣿⣿⣿⣿⣿⣿⣻⣿
⠉⠉⠉⠉⠉⣿⣿⣿⣿⣿⣿⣿⣿⣿⣿⣿⣿⠉⠉⠉⠉⠉
⠀⠀⠀⠀⠀⣿⣿⣿⣿⣿⣿⣿⣿⣿⣿⣿⣿
⠀⠀⠀⠀⠀⣿⣿⣿⣿⣿⣿⣿⣿⣿⣿⣿⣿
⣀⣀⣀⣀⣀⣿⣿⣿⣿⣿⣿⣿⣿⣿⣿⣿⣿⣀⣀⣀⣀⣀
⣿⣯⣿⣿⣿⣿⣿⣿⣿⣿⣿⣿⣿⣿⣿⣿⣿⣿⣿⣿⣽⣿
⣿⣿⣿⣿⣿⣿⣿⣿⣿⣿⣿⣿⣿⣿⣿⣿⣿⣿⣿⣿⣿⣿
⣿⣿⣻⣿⣿⣿⣿⣿⣿⣿⣿⣿⣿⣿⣿⣿⣿⣿⣿⣿⣿⣿⣿⣿⣿⣟⣿⣿
⣿⣿⣿⣿⣿⣿⣿⣿⣿⣿⣿⣿⣿⣿⣿⣿⣿⣿⣿⣿⣿⣿⣿⣿⣿⣿⣿⣿
⠿⠿⠿⠿⠿⠿⣿⣿⣿⣿⣿⣿⣿⣿⣿⣿⣿⣿⣿⣿⣿⣿⠿⠿⠿⠿⠿⠿
⠀⠀⠀⠀⠀⠀⣿⣿⣿⣿⣿⣿⣿⣿⣿⣿⣿⣿⣿⣿⣿⣿
⠀⠀⠀⠀⠀⠀⣿⣿⣿⣿⣿⣿⣿⣿⣿⣿⣿⣿⣿⣿⣿⣿
⠀⠀⠀⠀⠀⠀⣿⣿⣿⣿⣿⣿⣿⣿⣿⣿⣿⣿⣿⣿⣿⣿
⠀⠀⠀⠀⠀⠀⣿⣿⣿⣿⣿⣿⣿⣿⣿⣿⣿⣿⣿⣿⣿⣿
⣶⣶⣶⣶⣶⣶⣾⣿⣿⣿⣿⣿⣿⣿⣿⣿⣿⣿⣿⣿⣿⣿⣶⣶⣶⣶⣶⣶
⣿⣿⣿⣿⣿⣿⣿⣿⣿⣿⣿⣿⣿⣿⣿⣿⣿⣿⣿⣿⣿⣿⣿⣿⣿⣿⣿⣿
⣿⣿⣽⣿⣿⣿⣿⣿⣿⣿⣿⣿⣿⣿⣿⣿⣿⣿⣿⣿⣿⣿⣿⣿⣿⣯⣿⣿
⣠⣤⣤⣤⣤⣤⣤⣾⣿⣶⣶⣤⣤⡀
⠀⠀⠸⠿⠿⠿⠿⠿⠿⠿⢿⠞⠛⠚
⠀⠀⠀⠀⠀⠀⠀⠀⠀⠀⠀⢰⣿⣶⣦⣤⣤⣀⣀
⣸⣿⣿⣿⣿⣿⣿⣿⣿⣿⣟⣿⣿⣿⣿⣿⣿⣿⣿⢻⣶
⠉⠉⠉⠉⣿⣿⣿⣿⣿⣿⣿⣿⣿⣿⣽⣿⣿⣭⣑⣫⣥⣽
⠀⠀⠀⠈⠉⠛⠛⠛⠛⠛⠛⠛⠛⠛⠛⠛⠻⡵⠁
⠀⠀⠀⠀⠀⠀⠀⠀⠀⠀⠀⠀⠀⠀⢰⣿⣷⣶⣦⣤⣤⣄⣀⣀
⣠⣧⣿⣯⣿⣿⣻⣿⣟⣿⣯⣿⣿⣟⣿⣿⣿⣯⣿⣿⣿⣿⣿⣿⢛⣿⣆
⠉⠉⠉⠉⠉⣽⣿⣿⣿⣿⣽⣿⣿⣿⣿⣯⣿⣿⣽⣿⣿⣯⣍⣑⣛⣭⣤⡷
⠀⠀⠀⠀⠈⠉⠙⠛⠛⠛⠛⠛⠛⠛⠛⠛⠛⠛⠛⠛⠛⢯⠕⠁
⠀⠒⣶⣾⣿⣿⣿⣿⣿⣿⣶⣦⣄⡀
⠀⠀⠀⠀⠉⠛⣿⡿⠟⠛⠋⠉⠉⠁
⠀⠤⠤⠶⣶⣶⣿⣿⣿⣿⣿⣿⣿⣿⣿⣶⣶⣦⣄⡀
⠀⠀⠈⠉⠙⠛⠻⢿⣿⣿⣿⣿⣿⣿⣿⣿⣿⣿⣿⠿⠷⠦
⠀⠀⠀⠀⠀⠀⠀⠀⠈⠻⣿⠿⠟⠛⠉⠉
⠀⢀⣀⣤⣤⣴⣶⣶⣶⣿⣿⣿⣿⣿⣿⣿⣿⣿⣷⣶⣶⣦⣤⡀
⠀⠀⠀⠴⠶⠾⢿⣿⣿⣿⣿⣿⣿⣿⣿⣿⣿⣿⣿⣿⣿⣿⣿⣿⣿⣶⣤⡀
⠀⠀⠀⠀⠀⠀⠀⠀⠉⠛⠿⣿⣿⣿⣿⣿⣿⣿⣿⡿⠿⠿⠟⠛⠛⠋⠉⠉
⠀⠀⠀⠀⠀⠀⠀⠀⠀⠀⠀⠈⢻⡿⠿⠛⠋⠉
⣀⣀⣀⣀⡈⢹⣿⣿⡏⢁⣀⣀⣀⣀
⠀⣿⣿⡇⠀⢸⣿⣿⡇⠀⢸⣿⣿
⠀⣿⣿⡇⠀⢸⣿⣿⡇⠀⢸⣿⣿
⠀⠻⢿⣿⣶⣾⣿⣿⣷⣶⣿⡿⠟
⠀⠀⠀⠀⢠⣼⣿⣿⣧⡄
⠀⠀⠀⠀⠀⠀⠀⠛⠛⣿⣿⣿⣿⠛⠛
⠛⢻⣿⣿⣿⡟⠛⠀⠀⣿⣿⣿⣿⠀⠀⠛⢻⣿⣿⣿⡟⠛
⠀⢸⣿⣿⣿⡇⠀⠀⠀⣿⣿⣿⣿⠀⠀⠀⢸⣿⣿⣿⡇
⠀⢸⣿⣿⣿⡇⠀⠀⠀⣿⣿⣿⣿⠀⠀⠀⢸⣿⣿⣿⡇
⠀⠸⣿⣿⣿⣷⣤⣤⣴⣿⣿⣿⣿⣦⣤⣤⣾⣿⣿⣿⠇
⠀⠀⠈⠙⠛⠛⠛⠛⠛⣿⣿⣿⣿⠛⠛⠛⠛⠛⠋⠁
⠀⠀⠀⠀⠀⠀⠀⢴⣶⣿⣿⣿⣿⣶⣦
⠀⠀⠀⠀⠀⠀⠀⠀⠀⠻⠿⢿⣿⣿⣿⣿⣿⠿⠿
⠶⠶⣶⣶⣶⣶⣶⡶⢶⠀⠀⣿⣿⣿⣿⣿⣿⠀⠀⡶⢶⣶⣶⣶⣶⣶⠶⠶
⠀⠀⣿⣿⣿⣿⣿⡇⠀⠀⠀⣿⣿⣿⣿⣿⣿⠀⠀⠀⢸⣿⣿⣿⣿⣿
⠀⠀⣿⣿⣿⣿⣿⡇⠀⠀⠀⣿⣿⣿⣿⣿⣿⠀⠀⠀⢸⣿⣿⣿⣿⣿
⠀⠀⣿⣿⣿⣿⣿⡇⠀⠀⠀⣿⣿⣿⣿⣿⣿⠀⠀⠀⢸⣿⣿⣿⣿⣿
⠀⠀⣿⣿⣿⣿⣿⣇⣀⣀⣀⣽⣿⣿⣿⣿⣿⣀⣀⣀⣸⣿⣿⣿⣿⣿
⠀⠀⠙⠻⢿⣿⣿⣿⣿⣿⣿⣿⣿⣿⣿⣿⣿⣿⣿⣿⣿⣿⣿⡿⠟⠋
⠀⠀⠀⠀⠀⠀⠀⠀⠀⠀⠀⢽⣿⣿⣿⣿⣿
⠀⠀⠀⠀⠀⠀⠀⠀⠀⣾⣶⣿⣿⣿⣿⣿⣿⣶⣶
⠀⠀⠀⠀⣿⣿⡟⡛⣿⣿⡀
⠺⠻⠏⠛⣿⣾⠗⠒⣿⣿⠜⠙⠿⠗
⠀⠀⠀⢠⡿⠿⠿⠿⠛⠉
⠀⠀⠀⠀⠀⠀⢰⣶⣶⡟⠿⠿⠟⣿⣿⣿
⢀⣀⣀⡠⡤⡤⣜⣿⠿⣿⠄⠤⢸⢿⢿⢿⢤⡤⣀⣀⣀⡀
⠸⠶⠭⠷⠼⠇⢫⣯⣶⣼⠘⠚⢸⣾⣼⣴⠼⠧⠿⠷⢏⠇
⠀⠀⠀⠀⠀⠀⢸⣿⣿⣧⣶⣶⣦⣿⢿⡿
⠀⠀⠀⠀⠀⠠⠿⠿⠿⠟⠛⠛⠉
⠀⠀⠀⠀⠀⠀⠀⠀⢰⣶⣶⣾⠿⠿⠿⠿⠿⣿⣿⣿⡆
⠀⠀⠀⠀⠀⠀⣀⣀⣺⣿⣿⣿⣇⣀⣀⣀⣿⣿⣿⣿⣇⡀
⢰⣏⡿⢽⣭⢫⣾⠰⡷⣿⢡⣘⣿⣰⣡⣀⣇⡾⢸⠂⡇⢽⠉⡏⣏⣹⢵⡆
⠈⠓⠉⠉⠉⠉⠉⠁⢹⣿⣿⣿⠇⠀⠀⠀⢿⣿⣿⣿⡏⠉⠉⠉⠉⠚⠚⠁
⠀⠀⠀⠀⠀⠀⠀⠀⣼⣿⣿⣿⣿⣿⣿⣿⣿⠿⠿⠿⠃
⠀⠀⠀⠀⠀⠀⠀⠼⠿⠿⠟⠛⠛⠛⠛⠉
⠐⣴⣿⣿⣿⢿⣿⣿⣻⣿⣿⣿⡖
⠐⠛⠻⣿⣿⣿⣿⣿⣿⣿⣿⠟⠛⠂
⠀⠀⠀⠈⠛⠿⣷⣾⠿⠛⠁
⠠⣤⣤⣿⢿⣿⣿⣿⣿⣿⢿⣿⠿⣿⡿⣿⢿⣿⡿⣤⠄
⠀⢸⣿⣿⣿⣿⣹⣿⣹⣿⣿⣟⣿⣾⣿⣿⣿⣿⣿⣧⡀
⠐⠋⠋⠹⣾⣿⣟⣻⣿⣻⣞⣿⣞⣿⣟⣾⣷⡾⠋⠙⠙⠂
⠀⠀⠀⠀⠈⠻⣿⣿⣿⣟⡋⢙⣻⣿⣿⡿⠛⠁
⠀⠀⠀⠀⠀⠀⠀⠉⠛⠿⣿⣿⠿⠛⠉
⢀⣀⢀⣠⣿⡿⣿⣿⣿⣿⣿⣿⡿⣿⣿⡿⢿⣿⣿⢿⢿⣿⣯⣿⢀⡀
⠀⠈⣧⣿⣿⣾⣽⡟⣫⣯⡛⣿⣽⡎⣿⢷⣦⣿⢱⣿⢗⡿⣿⣧⢫⡀
⢀⡤⡫⠿⢿⣝⣮⣿⣶⣷⣾⣯⣞⣱⣷⣛⣯⣻⣘⣣⣿⣝⣹⡿⠷⢕⢤⡀
⠀⠀⠀⠀⠈⠻⣿⣿⣷⣾⣿⣶⣿⡧⢾⣿⣼⣿⣶⣿⣿⡿⠋
⠀⠀⠀⠀⠀⠀⠈⠛⢿⣿⣿⣿⣭⡀⣠⣭⣿⣿⣿⠿⠋
⠀⠀⠀⠀⠀⠀⠀⠀⠀⠈⠙⠻⠿⣿⣿⠿⠛⠉
⠟⠋⠉⠀⢀⡀⢤⡀⠀⣨⣉⡛⠿⣿
⣧⣠⣶⣿⡛⠋⠀⢈⣩⣟⣳⣶⣤⣠
⣿⡿⠟⠛⠉⠉⠀⠀⠀⠀⠀⠀⠀⠈⠉⠉⠛⠿⣿⣿⣿⣿
⣋⠀⠀⠀⠀⠀⢀⣠⡤⠖⢶⣀⠀⠀⣀⣦⣄⣀⠼⠟⠿⣿
⣷⠀⠀⣀⣴⣾⣿⡿⠿⠛⠀⠉⠉⠉⣽⣟⣉⣀⣀⡀⠀⠈
⣿⣧⣾⣿⣿⣿⣇⡀⠀⠀⠀⣀⣤⣾⣿⣭⣉⣻⣿⣿⣦⣾
⣿⣿⣿⠿⠛⠋⠉⠉⠀⠀⠀⠀⠀⠀⠀⠀⠀⠉⠉⠙⠛⠿⢿⣿⣿⣿⣿⣿
⡟⠉⠀⠀⠀⠀⠀⠀⠀⠀⢀⣀⣤⣤⠀⠀⠀⠀⠀⣄⡀⠀⠀⢙⣿⣿⣿⣿
⡖⡀⠀⠀⠀⠀⣀⣤⣶⣿⣯⣥⡌⠛⠷⢦⣤⡴⣾⣿⣿⠷⠚⠉⠀⠀⠉⠻
⣿⣁⠀⢀⣴⣾⣿⣿⡿⠛⠛⠉⠀⠀⠀⠀⠀⣠⣿⣿⣴⣶⣶⣤⣄⡀⠀⢀
⣿⣿⣴⣿⣿⣿⣿⣿⣄⡀⠀⠀⠀⢀⣀⣤⣾⣿⣿⣦⣄⣘⣻⣿⣿⣿⣴⣿
⠀⠀⠀⠀⠸⢿⣿⣿⡿⠃
⣴⣶⡟⢛⣿⣹⣳⣞⣏⣻⡛⢻⢲⡶
⠉⠉⠀⠀⢠⣾⣿⣿⣷⡄⠀⠈⠉⠉
⠀⠀⠀⠀⠀⠀⠀⢿⣿⣿⣿⣿⣿⣿⠟
⣀⣀⣄⣠⢤⠤⡔⡶⠴⡿⢫⡝⣿⠰⢶⢢⠄⡤⣤⢄⣀⢀
⡣⣗⡺⡹⠀⠰⠣⠳⠲⣥⣿⣷⣬⠗⠞⠼⠄⠀⠗⣸⣺⢉
⠁⠀⠀⠀⠀⠀⠀⣼⣿⣿⣿⣿⣿⣿⣧⠀⠀⠀⠀⠀⠀⠈
⠀⠀⠀⠀⠀⠀⠀⠀⠀⢿⣿⣿⣿⣿⣿⣿⣿⣿⡟
⠀⠀⠀⠀⣀⢀⠀⣀⠀⣀⡤⣼⣿⢿⠿⣿⡧⢤⡀⠄⣀⠀⣀⡀
⡖⢽⣋⡷⢾⡘⠈⢹⠀⣇⢉⡹⢃⣚⣃⠘⢯⡉⣹⢸⡏⠁⠃⣗⠰⣏⣯⠴
⣞⠻⠤⠯⠚⠁⠀⠋⠂⠈⠉⢻⣿⣿⣿⣷⡟⠉⠁⠐⠙⠀⠐⠋⠬⠧⠗⣲
⠀⠀⠀⠀⠀⠀⠀⠀⠀⣾⣿⣿⣿⣿⣿⣿⣿⣿⣧
⠀⠀⠀⠉⣿⣟⠁⢸⠀⢰⡓⢾⡇
⠐⠾⢗⣠⡿⠟⠀⢸⠀⠹⣏⣈⡏
⠀⠀⠀⠀⠐⠒⢶⣶⣶⠒⠀⠀⡇⠀⠀⢴⣉⣉⡒⠆
⠀⠀⠀⠀⠀⠀⢸⣿⣿⠀⠀⠀⡇⠀⠀⡦⢈⣉⡹⠇
⠀⣠⣶⣶⡄⠀⢸⣿⣿⠀⠀⠀⡇⠀⠉⣿⡏⠀⠘⡟⠁
⠀⠈⠻⠭⠤⠤⠾⠟⠃⠀⠀⠀⡇⠀⠀⠻⣧⣀⡠⠇
⠀⠀⠀⠀⠀⠀⠶⠶⣶⣶⣶⡶⠶⠀⠀⢸⠀⠀⠀⢠⣖⠉⠑⠲⡆
⠀⠀⠀⠀⠀⠀⠀⠀⣿⣿⣿⡇⠀⠀⠀⢸⠀⠀⠀⣬⡉⠛⠛⠻⣶
⠀⠀⠀⣀⡀⠀⠀⠀⣿⣿⣿⡇⠀⠀⠀⢸⠠⠄⠤⣿⣽⡶⠒⢯⣥⡤⠤⠤
⠀⢰⣿⣿⣿⠷⠀⠀⣿⣿⣿⠇⠀⠀⠀⢸⠀⠀⠀⣿⣿⠀⠀⠀⣿
⠀⠀⠙⠓⠶⠤⠴⠾⠟⠛⠉⠀⠀⠀⠀⢸⠀⠀⠀⠻⢿⣤⣤⡤⠟
⠀⠀⠀⣤⣄⣿⡇⢿⣇⣿⡇
⠴⠴⢤⡄⣤⣤⣠⣤⣬⢤⢤⡄⠄⠶
⠀⠀⠀⠀⠀⠀⠀⠀⣿⣿⡇⣿⣿⡇⢸⣿⡇
⠀⠀⠀⠀⠀⣶⣾⣀⣿⣿⠇⠿⢿⣇⣸⣿⡇
⠀⡀⣀⡀⢀⠀⠉⠉⠀⠀⠀⠀⠈⠉⠉⠁⠀⢀⠀⣀⢀⡤
⠓⠃⠟⠇⠯⡅⡿⡇⣛⡇⣾⣷⢸⢾⠸⡾⢸⠸⠄⠿⠘⠃
⠀⠀⠀⠀⠀⠀⠀⠀⠀⠀⣿⣿⣿⠀⣿⣿⣿⠀⣿⣿⣿⠁
⠀⠀⠀⠀⠀⠀⢠⣤⣤⠀⢿⣿⣿⠀⣿⣿⣿⠀⢿⣿⣿
⠀⠀⠀⠀⠀⠀⠘⠻⠿⠶⠟⠛⠛⠀⠉⠙⠿⠶⠿⠿⠛
⡀⣶⢠⡤⡄⣠⢄⠀⡀⣀⢀⣀⡀⣀⣀⢀⡀⣀⢀⢀⡀⡄⢠⠀⢠⠀⢰⡒
⠛⠛⠘⠋⠇⠻⠴⠀⡟⡇⢸⣲⡆⣏⣸⢸⡿⣿⠸⣾⠁⠇⠸⠤⠸⠂⠘⠒
⣿⣿⡿⠿⠃⠀⠀⠀⠀⠀⠀⠀⣴⣿
⡟⠛⠁⠀⠀⠀⠀⠀⠀⠀⠀⠀⠙⢛
⠁⠀⠀⠀⠀⠀⠀⠀⠀⠀⠀⠀⠀⣼
⣿⣿⣿⣿⣿⣿⡿⠠⠀⠀⢁⠂⠀⠀⡀⢆⠀⠐⠀⣠⣿⣿
⣿⣿⣿⡟⠰⠀⠠⠃⠀⠰⠁⠀⠁⠀⠡⠂⠠⠀⠈⣿⣿⣿
⣟⠡⠀⠀⠀⢀⠀⡀⠀⠀⠠⠂⡀⠀⠀⠄⠀⠀⡔⠀⠠⢴
⠁⠂⠀⠔⠀⡀⠰⠀⠀⠔⠁⠀⠁⠀⠘⠀⠀⠰⠀⠀⢒⣿
⣿⣿⣿⣿⣿⣿⣿⣿⡿⢠⠂⠀⠰⢁⠔⢀⠀⠀⡀⢲⠀⢀⠔⠀⢀⣴⣿⣿
⣿⣿⣿⣿⣿⢉⠍⠉⢁⠎⠀⠀⡠⠋⠀⠜⠀⠀⢃⠜⠀⡀⠀⠐⣿⣿⣿⣿
⣿⡟⢛⠛⠃⠈⠀⠀⠉⢀⠀⠀⠁⠀⣀⠁⠀⠀⠁⠀⠀⠁⠀⢀⠙⠛⠛⢛
⡿⠀⠃⠀⠀⠀⠀⠤⢀⠎⠀⠀⢀⠜⠁⠰⠀⠐⢀⠇⠀⠰⢀⠆⠀⠀⠂⣿
⡀⠊⠀⠠⠎⠀⣠⠀⠜⠀⠀⠠⠊⠀⠀⠅⠀⠀⠎⠀⢀⠃⠜⠀⠀⠈⣹⣿
⣤⣀⣞⣩⣟⣩⣙⣩⣉⣟⣉⣟⣩⠃
⠀⣀⣀⣠⡟⠉⢹⠏⠉⠉⢻⠟⠉⠉⢉⡟⠉⢹⠟⠉⣹⠃
⠸⣅⣀⣋⣀⣠⣏⣀⣰⣆⣀⣴⣀⣀⣾⣀⣀⣋⣀⡠⠃
⠀⠀⠀⠀⢀⣾⠛⠛⢻⡟⠛⠛⠛⣿⡿⠛⠛⠛⠛⣿⠛⠛⢻⡟⠛⠛⣻⠃
⢠⡶⠒⠒⣾⠃⠀⢠⡿⠀⠀⣀⠀⠋⠀⡠⠀⠀⣼⠇⠀⢀⣿⠁⠀⢰⡏
⠸⢧⣤⣤⣥⣤⣤⣾⣥⣤⣤⣿⣤⣤⣾⣥⣤⣴⣿⣤⣤⣤⣥⣤⡴⠟
⠀⠀⠀⠀⠀⠻⣦⣠⣶⠏
⢀⣀⣤⣤⣤⣴⡣⣼⣿⣠⣴⣶⣦
⠻⣿⡿⠻⣿⣷⣼⣿⣿⣿⣿⣿⣿⣧
⠀⠈⠑⠚⠻⠿⣿⣽⣿⠿⠛⠛⠿⠟
⠀⠀⠀⠀⠀⠀⠀⠀⢫⡲⣤⡀⡠⣴⡿⠃
⠀⠀⠀⠀⢀⣀⣀⣀⣀⡽⠍⠹⢿⣿⠄⢀⣀⣤⣤⣄
⣤⣶⣿⣿⣿⣿⣿⣿⣿⠳⡯⣿⣿⣿⣿⣿⣯⣻⣿⣿⣷⡀
⠈⠻⢿⡟⠉⠙⣿⣿⣿⣷⣿⣾⣿⣿⣿⣿⣿⣿⣿⣿⣿⣷
⠀⠀⠀⠈⠉⠘⠙⠛⠿⠿⣇⣯⣿⡿⠿⠛⠋⠉⠛⠻⠿⠋
⠀⠀⠀⠀⠀⠀⠀⠀⠀⠀⢯⡳⣤⣀⠀⢀⣠⣴⣿⠗
⠀⠀⠀⠀⠀⠀⠀⠀⠀⠀⠀⠙⡼⠿⢷⣿⣾⡿⠁
⠀⠀⠀⢀⣀⣀⣤⣤⣤⣤⣤⣽⠓⣂⣈⣻⣿⣿⠁⢀⣤⣴⣶⣶⣶⣄
⣠⣶⣿⣿⣿⣿⣿⣿⣿⣿⣿⡏⢲⢭⣽⣿⣿⣿⣿⣿⣷⣝⣿⣿⣿⣿⣦
⠘⢿⣿⣿⡿⠟⠛⢿⣿⣿⣿⣷⣬⣷⣼⣿⣿⣿⣿⣿⣿⣿⢿⣿⣿⣿⣿⣧
⠀⠀⠉⠛⠧⣀⣀⣸⣿⣿⣿⡿⢿⡟⡿⣟⣿⣿⣿⣿⣿⣿⣿⣿⣿⣿⣿⣿
⠀⠀⠀⠀⠀⠀⠈⠁⠈⠙⠛⠿⠾⣧⣿⣮⡽⠿⠟⠛⠉⠀⠈⠉⠛⠛⠛⠁
⠀⠀⠀⠀⣤⣶⣻⠿⠟⢛⣀⣀⠀⠠
⢠⣾⣾⣶⢾⡿⡿⣿⡿⠶
⠠⠙⠿⠟⠿⠿⠿⠷⢚⠂⠊
⠀⠀⠀⠀⠀⠀⠀⣠⣴⣶⣾⣷⣻⡿⠟⠓⠂
⠀⠀⣀⠀⣀⠀⢸⣿⣿⣷⣗⣈⣉⠁⠤⠶⠶⠶⠆⠤⠄⠈
⠐⣶⣿⣿⣿⣷⠶⣿⡿⣿⡿⣿⣿⣿⣿⡷⠆
⠈⠹⣿⣿⣿⣿⣤⣮⣥⣽⣷⣟⣉⣥⡄⢀⡰
⠠⠉⠡⠙⠋⠉⠹⠿⠛⠛⠻⠿⢃⡨⠔⠈
⠀⠀⠀⠀⠀⠀⠀⠀⠀⢀⣤⣴⣶⣶⣶⢾⣻⣿⠿⠷⠖⠀⠀⠀⠀⠀⠄⡀
⠀⠀⠀⠀⠀⠀⠀⠀⢻⣿⣿⣿⣍⠯⠉⠛⠛⣁⣀⣠⣤⣤⣤⡦⣀⣀⠀⠘
⠀⣀⣬⣷⣦⣾⣦⣄⣸⣿⣿⣿⣿⣿⣿⣶⣶⣶⣤⣤⣀
⠠⣽⣿⣿⣿⣿⣿⣿⢙⡫⣿⢹⣿⡏⣿⣿⡿⠿⠟⠛⠉⡀
⠀⠀⣛⡿⣿⣿⣿⣿⣾⣿⣶⣶⣿⣿⣯⣤⢶⣾⠆⢀⢤⠟
⠲⠬⠥⠤⠭⠩⠭⠭⠝⠿⠛⠉⠉⡻⠻⢍⣀⡤⠒⠉
⠉⠉⠀⠀⠀⠁⠀⠀⠀⠈⠉⠙⠛⠻
⢀⣠⠄⠀⠀⣀⡀⠀⠀⣴⣶⣶⣤⣾
⣿⣇⡀⠀⠸⣿⣄⣤⣤⣠⣤⣾⣿⣿
⠉⠉⠉⠐⠀⠀⠀⠀⠋⠀⠀⠀⠀⠀⠈⠉⠙⠛⠛⠻⠿⢿
⠀⠀⠀⠀⠀⣀⣀⠀⠀⠀⠀⠀⠀⠀⠀⣀⣤⣤⡀⢀⣀⣴
⣠⣴⠖⠋⠁⠀⠀⣀⣤⡶⠒⠂⠀⠀⠛⠿⠿⠛⣿⣿⣿⣿
⣿⣿⣦⣀⡀⠀⠀⠻⣿⣧⣤⣶⣶⣦⣤⣤⣶⣾⣿⣿⣿⣿
⠛⠉⠉⠉⠒⠤⠄⠀⠀⠠⠜⠀⠀⠀⠀⠀⠀⠀⠉⠉⠙⠛⠻⠿⠿⢿⣿⣿
⠀⠀⠀⠀⠀⠀⠀⠀⠀⠀⠀⠀⠀⠀⠀⠀⠀⠀⠀⠀⠀⠀⠀⠀⠀⠀⠀⣩
⠀⠀⢀⣠⡤⠤⠒⠒⠒⠀⠉⠉⣉⣉⣁⣀⣀⣐⣴⣶⣿⣿⣿⣧⣴⣶⣾⣿
⣴⣿⡟⠁⠀⠀⠀⠀⠀⣴⣾⣿⠉⠀⠀⠀⠀⠀⠈⠙⠋⠉⣘⣿⣿⣿⣿⣿
⣿⣿⣿⣦⣄⣀⠀⠀⠀⠻⣿⣿⣦⣴⣶⣿⣷⣶⣤⣴⣶⣿⣿⣿⣿⣿⣿⣿
⠀⣀⣀⣈⣿⣛⣷⣀⣨⠟⣛⣿⡋
⠀⣿⣐⡶⣶⠒⠶⢋⣥⣞⣳⣮⠿
⠀⣶⣻⣯⠿⠤⠶⣌⡓⢶⡶⣏⣿
⠀⠀⠉⢩⣿⣭⡿⠉⢙⣦⣭⣷⣄
⠀⠀⠀⠀⠀⠈⢻⣟⢛⣻⣇⠀⠀⣘⣿⠟⠛⣻⡿⠛⠁
⠀⢸⡟⠉⣩⣭⣭⣭⠭⢭⣭⡽⠟⢉⣤⠶⢯⣍⣛⣳⡆
⠀⢈⣛⣒⣶⠮⢽⡿⠀⢈⡁⠰⢾⣛⣓⣒⣒⡻⠿⢭⡁
⠀⠘⠯⢤⣭⣟⣛⣛⣛⣛⣛⣳⣤⣈⠛⠿⣟⣩⣤⠼⠃
⠀⠀⠀⠀⠀⢀⣼⣯⣤⣼⡇⠀⠀⢩⣿⣦⣬⣽⣶⣤
⠀⠀⠀⠀⠀⠀⠀⠲⣶⡖⠒⠒⣶⡆⠀⠀⠀⠐⣶⡖⠒⠒⢒⣶⡶⠒
⠀⠐⢶⣶⠶⠶⠶⠶⠾⠿⠶⠶⠿⠷⠶⣶⡶⠞⠋⢀⣤⠶⠿⢥⣤⡀
⠀⠀⣿⡇⠀⠰⣶⣿⣿⣿⠛⠛⣿⡿⠟⠉⢀⣤⠾⠛⠛⢶⣦⣤⣸⣿
⠀⠀⠉⠛⠒⠶⠶⠦⢼⣿⠀⠀⣉⠀⠀⢾⣏⣙⣛⡛⠓⠒⠲⠶⢦⣄
⠀⠀⣿⡏⠉⠹⠷⠶⠼⠿⠤⠤⠿⠷⣦⣀⠈⠛⢿⣭⡿⠿⠇⠀⢸⣿
⠀⠀⠈⠉⠛⠛⠛⠓⢲⣶⠒⠒⣶⡖⠒⠛⠳⢦⣀⠈⠛⢿⣟⡛⠉⠁
⠀⠀⠀⠀⠀⠀⠀⠴⠿⠧⠤⠤⠿⠇⠀⠀⠀⠠⠿⠧⠤⠤⠬⠿⠷⠤
⣠⢤⡶⠢⢩⣭⣟⣿⣿⣷⣲⣤⣀
⠙⠻⠀⢠⠾⠟⠻⠿⠮⠉⠋⠑⠫⠡
⠀⣠⣤⠤⠖⠒⠚⣛⣛⣻⡿⣿⣓⣶⣲⡶⢤⣤⣀
⢺⡁⣴⠋⠉⠉⢀⣿⣿⣿⣶⣿⣟⠯⣿⢷⠿⠿⡻⢿⡤⡄
⠀⠉⠛⠦⠄⠠⠾⠿⠿⠁⠼⠿⠿⠷⠄⠉⠁⠀⠈⠹⠆⠼
⠀⠀⣀⣀⣤⠤⠶⠒⠒⠚⠛⠛⢻⣿⡽⠷⠶⠶⣶⡦⠤⣀⣀
⢠⠞⠉⣁⠤⠴⠔⠒⠀⣻⣿⣿⣟⣡⣾⣿⡿⢿⣛⣿⣴⣿⣶⣯⣴⡄
⠘⢦⡐⡇⠀⠀⠀⠀⣰⣿⣿⣿⠿⢿⣿⣿⣌⠛⠿⢉⣛⣛⠛⢪⣟⠓⠚⣄
⠀⠀⠉⠙⠒⠤⠀⠶⠿⠿⠿⠂⠐⠶⠿⠿⠿⠷⠂⠀⠀⠀⠀⠀⠀⠗⠤⠞
⠛⣿⣿⡟⠃⠀⠛⣿⣿⣟⠃
⠀⠻⠿⠿⣻⣿⣿⣾⣿⣿⣿⠿⠛⠛
⠀⠀⠀⣤⣿⣿⣯⡍⠙⣻⣿⣶⣤⣤
⡇⡿⣿⣿⣿⢿⢯⠄⠀⠸⢹⢿⣿⣿⣿⢿⠹
⠀⡇⣿⣿⣿⠸⣀⣀⣀⣀⣠⢹⣿⣿⣿⢇⣀⣀⣀⣀⣀⢀
⠀⠣⢻⣿⣿⣮⠟⣿⣿⣿⢹⣼⣿⡿⣫⣽⣿⣿⣟⠟⠛⠘
⠀⠀⠀⠀⠀⠀⡇⣿⣿⣿⢿⠿⠿⡿⣿⣿⣯⣎⣄⡀
⠀⠀⠀⠀⠐⣳⣷⣿⣿⣿⣾⢰⠀⠀⢱⢽⣿⣿⣿⣾⣶⢸
⡏⣿⢿⣿⣿⣿⡿⢿⢹⠀⠀⠀⣏⢹⢿⣿⣿⣿⣿⢿⢏⡇
⠀⢸⢸⣿⣿⣿⡇⡏⠀⠀⠀⠀⠀⢸⡇⣿⣿⣿⣿⢸
⠀⢸⢸⣿⣿⣿⡇⢾⢿⣿⣿⣿⣿⢿⢀⣿⣿⣿⣿⢸⣿⣿⣿⣿⡿⣿⣿⢹
⠀⠈⠑⠪⠿⠿⠿⢿⢸⣿⣿⣿⣧⣼⣿⣿⣿⣭⣶⣿⣿⢿⡫⠕⠊⠁
⠀⠀⠀⠀⠀⠀⠀⢸⢸⣿⣿⣿⡟⣻⠛⠛⠻⣟⠿⣿⣿⣶⣵⣢⢄⡀
⠀⠀⠀⠀⠀⠀⣏⣾⣾⣿⣿⣿⣿⣾⣈⡇⠀⠀⢹⣸⣿⣿⣿⣿⣿⣾⣿⣸
⠀⢀⣀⣤⢶⣾⠟⣻⣷⣦⣤⣀⡀
⢈⣻⠷⣿⣿⠿⠿⢿⣿⣿⣿⠾⣟⡁
⠹⠒⠒⠻⣿⡾⠷⠿⣿⣿⠟⠒⠒⠏
⠀⠀⠀⠀⠉⠙⢦⡴⠛⠉
⠀⠀⠀⠀⠀⢀⣠⡴⣶⣾⡟⢻⣷⣶⣦⣄⡀
⠠⣶⣶⠶⢛⣫⣵⣾⣿⣷⣄⣻⣿⣿⣿⣿⣿⡛⢶⣶⣶⠄
⠀⣀⡭⠿⠿⣿⣿⡟⠿⠿⠿⢿⠿⠿⣿⣿⣿⠿⠿⢭⣁
⠸⣿⠶⠶⠶⣿⣿⣿⣾⣿⣷⣾⣯⣿⣿⣿⣿⠶⠶⠶⣾⠇
⠀⠀⠀⠀⠀⠀⣽⣿⣷⣉⠀⠀⣸⣿⣿⣯
⠀⠀⠀⠀⠀⠀⠀⠀⠈⠻⠷⠾⠟⠁
⠀⠀⠀⠀⠀⠀⠀⢀⣀⣤⢶⣶⣾⡟⢿⣿⣶⣶⣤⣄⡀
⠀⣤⣤⣤⣤⡶⠾⣛⣩⣶⣿⣿⣆⠠⢾⣿⣿⣿⣿⣿⣿⡷⠶⣤⣤⣤⣤
⠀⠈⠛⠷⣶⣶⣿⣿⣿⣿⣿⣛⣛⣛⣛⣛⣛⣿⣿⣿⣿⣿⣷⣶⠾⠛⠉
⢀⣶⠛⣉⣉⣉⡽⣿⣿⣧⣈⣭⣭⣁⣨⣭⣭⣵⣿⣿⣿⢯⣉⣉⣉⠛⣶⡀
⠀⠻⠛⠉⠉⠛⠛⠿⣿⣿⡟⡻⠿⠿⠿⠿⣷⣿⣿⣿⠿⠛⠛⠉⠉⠛⠟
⠀⠀⠀⠀⠀⠀⠀⠠⠾⠿⢿⣧⣤⠀⠀⣤⣿⡿⠿⠷⠄
⠀⠀⠀⠀⠀⠀⠀⠀⠀⠀⠀⠙⠻⠷⠾⠟⠋
⠀⠸⠿⠿⡧⠤⠶⠒⢒⡁⠸⠿⠇⢀
⠀⠀⢸⣿⣿⣿⡟⠁⠀⠤⠤⠤⠤⠤⡇⠀⠀⣿⣿⡇
⠀⠀⠘⠛⠛⠛⠳⠒⠒⠒⠒⠂⠀⢀⡇⠀⠀⠛⠛⠃⠀⣀
⠀⠀⠀⣽⣿⣿⣿⣿⡟⠉⠀⢀⣀⣀⣀⣀⣀⣀⡇⠀⠀⢸⣿⣿⣿
⠀⠀⠀⢿⣿⣿⣿⣿⣇⣀⣀⣈⣉⣉⣉⠉⠉⠉⡇⠀⠀⢸⣿⣿⣿
⠀⠀⠀⠉⠉⠉⠉⠉⡏⠉⠉⠉⠉⠉⠉⠀⢀⣠⡇⠀⠀⠈⠉⠉⠁⠀⢀⣠
⠀⣿⣟⡛⠛⠛⣛⣿⣷
⣀⢠⡙⢟⠠⣤⡻⡇⢤⡤⢠⣤⢀⡀
⠚⣘⣻⣞⠉⠈⣷⣇⣈⣵⡾⣷⡞⠓
⠀⣿⣯⣥⣤⣤⣬⣭⣭⣥⣤⣿⡇
⠀⢰⣶⡶⠶⠶⠶⠶⠶⠶⠶⢶⣶⡆
⠀⠸⠿⢿⣿⣦⠀⠀⠀⢰⣿⡿⠿⠇
⢠⡄⣴⣤⡛⢵⣐⠪⣷⢊⠱⣿⠉⣷⣶⡆⣶⣴⡖⢠⣤⡄
⠠⠧⠝⢣⣯⣕⠋⠑⠁⢹⣷⡎⠀⠉⢸⣥⣽⣭⣧⡜⠟⠆
⠀⢰⣶⣾⣿⠟⠀⠀⠀⠘⠿⠷⠶⠶⠿⠟⠁⢸⣿⡇
⠀⠸⠿⠷⠶⠶⠶⠶⠶⠶⠶⠶⠶⠶⠶⠶⠶⠾⠿⠇
⠀⠀⣶⣶⣶⣶⣶⣶⣶⣶⣶⣶⣶⣶⣶⣶⣶⡆
⠀⠀⣿⣿⣷⣶⣶⡄⠀⠀⠀⠀⣴⣶⣾⣿⣿⡇
⠀⢀⣀⣀⢘⡿⣛⡣⢤⣄⣤⣠⠟⣍⣥⡄⢠⣄⣠⡤⢤⣄⢀⣀⣀⣀⡀
⠈⣷⠀⣿⡟⣷⢬⣗⣶⣌⣝⣱⣷⣈⡻⣇⣸⣿⣛⣇⣸⣿⠿⡇⢸⣛⣞⡀
⠘⠃⠈⠉⢹⣷⣾⡇⠀⠀⠀⠀⣿⣿⣇⠀⠀⢀⣴⣿⣿⠷⢿⣿⣿⠉⠚⠃
⠀⠀⣿⣿⡿⠿⠿⠃⠀⠀⠀⠀⠙⠻⠿⠿⠿⠿⠟⠛⠁⠀⣿⣿⣿
⠀⠀⠿⠿⠿⠿⠿⠿⠿⠿⠿⠿⠿⠿⠿⠿⠿⠿⠿⠿⠿⠿⠿⠿⠿
⠀⠀⠀⣠⣤⣤⣤⣤⢴⣿⡶⣤⣀⡀
⠀⠀⢼⣿⣿⣿⡿⢟⣻⣿⡟⠻⣿⢧
⠀⢀⣾⣿⣿⣿⣧⣽⣷⣿⣿⣿⠍
⣰⣿⣿⣿⣿⣿⣿⣿⠏⠀⠉⠁
⠀⠀⠀⠀⠀⢀⣤⣀⣀⣀⣀⣤⡤⢤⢼⣵⣶⣤⣀⣀⡀
⠀⠀⠀⢀⡾⣽⣿⣿⣿⣿⢯⡟⢷⢿⣯⣾⡶⠾⣷⣿⣿⡀
⠀⠀⠀⢨⣟⣾⣿⣿⢯⡟⠉⢰⣳⣛⢿⣿⣧⣤⣬⠿⠭⠋
⠀⢀⣠⣿⣾⣿⣿⢯⣿⣿⣿⣿⡾⣿⠧⢟⣛⣛⠿⠂
⢠⣟⣾⣿⣿⣿⣿⣿⣿⣿⣿⣿⣽⠃
⠀⠀⠀⠀⠀⠀⠀⢀⣀⠀⠀⠀⠀⠀⣀⣀⣀⣀⣽⣵⣶⣤⡀
⠀⠀⠀⠀⠀⢠⡴⣾⣾⣿⣿⣷⣿⡿⣾⣶⣰⣭⡭⣍⣟⢏⣿⣏⣗⣖⣦
⠀⠀⠀⠀⢠⣟⡼⣿⣿⣿⣿⡿⣿⣱⠯⡹⠝⣯⣷⣾⣿⠋⠛⢯⣿⣯⡿⣄
⠀⠀⠀⠀⢈⡿⣽⣿⣿⣿⡟⣼⡏⡩⢰⠺⣞⠛⣿⣯⣯⣤⣤⣤⣽⣯⠴⠋
⠀⠀⠀⢀⡾⣽⣿⣿⣿⡟⣼⣿⣷⣶⣮⣭⣾⣷⣎⠿⠯⣿⣿⢿⡆
⠀⢠⡖⣿⣽⣿⣿⣿⣿⣼⣿⣿⣽⣿⣿⣿⣳⠏⠉⠙⠓⠒⠓⠉
⢠⣿⣼⣿⣿⣿⣿⣿⣿⣿⣿⣿⣿⣿⣿⣵⠏
⢯⢻⣿⡟
⢸⢸⣿⡟⡏⢻⣿⠇⠀⠀⠸⡝⣿⡿
⣞⣼⣿⣷⣷⣾⣿⣾⣽⣿⡇⡇⣿⡇
⠀⠀⠀⠉⠫⣝⣿⣷⣶⣶⣾⣷⡿⠇
⣿⡹⣿⣿⣿⣿
⢹⡇⢸⣿⣿⠁⡶⢶⣶⣶⣶⡆⠀⠀⠀⠀⢰⡶⣶⣶⣶⣶
⢸⡇⢸⣿⣿⠀⢳⡎⣿⣿⣿⠃⣀⣀⣀⢀⠘⣷⠉⣿⣿⡟
⣼⢇⣸⣿⣿⣦⣼⣧⣿⣿⣿⣴⣯⣹⣿⣿⡇⣿⠀⣿⣿⡇
⠛⠶⠛⠛⠛⠿⢿⡟⣿⣿⣿⣛⠛⠛⠛⠛⣃⣿⢀⣿⣿⡇
⠀⠀⠀⠀⠀⠀⠘⠳⢬⣙⣿⣿⣿⣿⣿⣿⣿⣿⣿⡿⠛⠁
⣿⠋⣿⣿⣿⣿⣿⡇
⠙⣿⠀⣿⣿⣿⡟⢡⣤⣤⣤⣤⣤⣤⣤⠀⠀⠀⠀⠀⠀⣤⣤⣤⣤⣤⣤⣤
⠀⣿⠀⣿⣿⣿⡇⢸⣧⡜⢿⣿⣿⣿⣿⠀⠀⠀⠀⠀⠀⣿⣄⠻⣿⣿⣿⣿
⠀⣿⠀⣿⣿⣿⡇⠀⣾⡇⢸⣿⣿⣿⠀⣶⠶⣶⣶⣶⡆⢸⣿⠀⣿⣿⣿
⣿⠋⣴⣿⣿⣿⣿⣿⣿⣿⣿⣿⣿⣿⣿⣿⣶⣿⣿⣿⡇⢸⣿⠀⣿⣿⣿
⠛⠛⠛⠛⠛⠛⠻⠟⣻⡟⢻⣿⣿⣿⣟⣛⣛⣛⣛⣋⣃⣼⡟⣠⣿⣿⣿
⠀⠀⠀⠀⠀⠀⠀⠀⠉⠛⠦⣍⣻⣿⣿⣿⣿⣿⣿⣿⣿⣿⣿⣿⡿⠟⠋
⠀⠀⢀⡤⠿⠛⠒⠒⠲⠶⣤⣀
⣆⡟⢰⠆⡀⠶⡖⢺⠏⠖⢰⡗⢶⡰
⠀⠀⠀⠀⠀⢀⣸⣹⡹⠶⠶⠶⢶⣤⣤⣤⣀⡀
⢀⠄⣀⠠⠊⠉⠉⠀⣀⠀⣀⠠⡤⠤⠒⠉⠙⠺⠖⠄⠀⢀
⡎⣸⡛⠂⣾⠋⢠⡘⠛⣿⠛⢘⣿⠃⢹⠁⢋⣟⠑⢻⣅⡜
⠀⠀⠀⠀⠀⠀⠀⠀⣫⢛⡛⣿⣶⣦⣤⣤⣤⣤⣤⣀⣀
⠀⠀⠀⠀⠀⡠⡲⠿⠛⠋⠉⠀⠀⠀⠈⢉⠉⢉⣙⠻⠿⢯⣲⣀
⢰⠊⣵⡎⠉⢀⣤⡀⠀⢠⣤⣄⣤⣤⢌⣷⣯⡉⣥⣩⢀⣬⣉⡅⣩⣄⠀⣲
⣟⣰⣿⣉⣁⣾⣏⣁⣰⣈⣉⣩⡾⣉⣈⣿⣏⣀⣹⣀⣈⡰⣍⣀⣉⣦⣀⠇
⠀⠀⠀⣸⣿⣿⣿⣿⣿⣟⣀
⠀⠛⠛⣿⣿⣿⣿⣿⣿⣿⡿⢿⣷⣦
⠀⠀⢰⣿⣿⣿⣿⠿⠟⣛⣛⠶⠍
⣠⣶⣿⣿⣿⣿⣶⣶⣾⣿⠃
⠀⠀⠀⠀⠀⣼⣿⣿⣿⣿⣿⣿⣿⣿⣿⠏
⢀⣀⣠⣤⣤⣶⣾⣿⣿⣿⣿⣿⣿⣿⣶⣶⣶⣦⣤⡄
⠀⠀⠀⠉⠙⣿⣿⣿⣿⣿⣿⣧⣻⣟⣹⣿⠿⠿⢿⣿⣿⡷
⠀⠀⠀⠀⣰⣿⣿⣿⣿⣿⣿⣿⣿⣿⠿⠿⢿⣶⣦⡙⠉
⠀⠀⠀⣰⣿⣿⣿⣿⣿⡿⠋⠁⠀⣠⣶⣶⡶⠀⠀⠁
⢠⣿⣿⣿⣿⣿⣿⣿⣿⣿⣿⣿⣿⣿⣿⡟⢁
⠀⠀⠀⠀⠀⠀⢠⣿⣿⣿⣿⣿⣿⣿⣿⣿⣿⣿⣿⡟
⠀⠀⠀⢀⣀⣀⣤⣤⣼⣿⣿⣿⣿⣿⣿⣿⣿⣶⣶⣦⣤⣤⣄⣀⡀
⠀⠉⠙⠛⠛⠿⢿⣿⣿⣿⣿⣿⣿⣿⡟⢽⣿⣿⢿⣿⣿⣿⣿⣿⣿⣶⣦⣄
⠀⠀⠀⠀⠀⠀⣼⣿⣿⣿⣿⣿⣿⣿⣿⣷⣶⣶⣿⣿⣯⣍⣉⠙⢻⡿⠟⠋
⠀⠀⠀⠀⠀⣼⣿⣿⣿⣿⣿⣿⣿⣿⡿⠿⠟⠛⣛⣛⣛⡛⠿⠿⢦
⠀⢀⣀⣀⣼⣿⣿⣿⣿⣿⣿⣿⣋⣁⣀⣀⣠⣼⣿⣿⣿⠋
⢠⣿⣿⣿⣿⣿⣿⣿⣿⣿⣿⣿⣿⣿⣿⣿⣿⣿⣿⡿⠁⡀
⢠⣤⣶⣶⠻⠿⣈⡉⠹⢿⡖⠂⣠⣄
⢠⣿⣣⣇⣻⣶⣞⡟⠚⣿⡟⡟⠁⠈
⠉⠉⠉⠉⠹⢿⣼⣤⣾⡿⠜
⠀⠀⣠⣤⣤⣶⡶⣾⣿⡭⠭⠉⠛⢿⣭⣭⣲⣦⣄⣀⡀
⠚⢻⣿⣿⠏⡽⢁⣋⡛⠓⣶⣶⣊⣉⣭⠥⣴⣒⣲⡤⠭⣷
⠀⣾⣿⡟⣼⠃⠚⢻⣿⣿⡟⡿⠐⠛⣿⣿⡿⢹⠇
⠼⠿⠿⠿⠿⠿⠿⣿⣿⡟⣼⠃⠀⣰⣿⣿⢡⡏
⠀⠀⠀⠀⠀⠀⠀⠻⠿⣿⣾⣿⣿⣿⣿⠵⠋
⠀⠀⠀⢀⣀⣠⣤⣤⣶⣶⣾⠟⣉⣉⠉⠭⢭⣭⣙⣓⠒⢦⣄⡀
⣠⣤⣭⣭⣭⣭⠭⣭⢩⣿⣿⣯⣁⣀⣀⣀⡴⢾⠛⠭⠛⠉⡉⠋⠙⠓⢦⡄
⠀⠀⣿⣿⣿⠏⣼⠇⠴⠤⠤⠀⠼⠿⠿⠧⠤⠴⠖⠛⠿⠭⣭⡭⠽⠛⠳⡿
⠀⣸⣿⣿⡟⢰⡏⠐⠛⢿⣿⣿⣿⠏⣽⠃⠚⠻⣿⣿⣿⡏⣹⠏
⢰⣿⣿⣿⣶⣿⣿⣿⣿⣿⣿⣿⡟⣰⡏⠀⠀⢰⣿⣿⡟⢰⡟
⠉⠉⠉⠉⠉⠉⠉⠉⠙⣿⣿⣿⣅⢿⣄⣀⣠⣿⣿⡿⢡⡿
⠀⠀⠀⠀⠀⠀⠀⠀⠀⠙⠻⠿⣿⣿⣿⣿⣿⣿⠭⠖⠋
⣿⣉⣉⠉⠉⠉⣉⣉⡿
⠀⠀⣯⠀⠀⠀⣿
⠀⠀⣿⠀⠀⠀⣿⠀⠀⣰⡖⠒⠒⣶
⣿⣉⣁⣀⣀⣀⣉⣉⣉⣉⣀⣀⣀⣿
⣿⡟⠛⠛⠛⠛⠛⠛⠛⠛⠛⠛⢻⣿
⠛⠷⠶⣶⡤⠄⠀⠀⠀⢠⣴⠶⠾⠛
⠀⠀⠀⣿⡇⠀⠀⠀⠀⢸⣿
⠀⠀⠀⣿⡇⠀⠀⠀⠀⢸⣿
⠀⠀⠀⣿⡇⠀⠀⠀⠀⢸⣿⠀⠀⠀⢀⣿⡟⠛⠛⠛⢻⣿
⣤⡶⠶⠛⠃⠀⠀⠀⠀⠘⠛⠛⠛⠛⠛⠛⠀⠀⠀⠀⢸⣿
⣿⣧⣤⣤⣤⣤⣤⣤⣤⣤⣤⣤⣤⣤⣤⣤⣤⣤⣤⣤⣼⣿
⣿⣿⠛⠛⠛⠛⠛⠛⠛⠛⠛⠛⠛⠛⠛⠛⣿⡇
⣿⣿⣀⣀⣀⣀⠀⠀⠀⠀⠀⠀⢀⣀⣀⣠⣿⡇
⠀⠀⠈⢹⣿⡏⠉⠀⠀⠀⠀⠀⣿⣿⠉⠉
⠀⠀⠀⢸⣿⡇⠀⠀⠀⠀⠀⠀⣿⣿
⠀⠀⠀⢸⣿⡇⠀⠀⠀⠀⠀⠀⣿⣿
⠀⠀⠀⢸⣿⡇⠀⠀⠀⠀⠀⠀⣿⣿⠀⠀⠀⠀⠀⣴⣶⠶⠶⠶⠶⠶⣶⣶
⠀⢀⣀⣸⣿⡇⠀⠀⠀⠀⠀⠀⣿⣿⣤⣤⣤⣤⣴⣿⡏⠀⠀⠀⠀⠀⣿⣿
⣿⣿⠉⠉⠉⠀⠀⠀⠀⠀⠀⠀⠀⠀⠀⠀⠀⠀⠀⠀⠀⠀⠀⠀⠀⠀⣿⣿
⣿⣿⣤⣤⣤⣤⣤⣤⣤⣤⣤⣤⣤⣤⣤⣤⣤⣤⣤⣤⣤⣤⣤⣤⣤⣤⣿⣿
⠀⣀⣤⣶⣾⣿⠿⡿⢿⣿⣶⣦⣤⡀
⣼⣿⣿⢋⠕⠈⠐⠒⠦⣤⣩⡉⠉⠁
⠻⣿⣿⣾⠄⠀⣲⡀⠀⣾⣿⡿
⠐⠚⠛⠛⠿⠥⡀⠻⠷⢾⡟⠁
⠀⠀⠀⢀⣠⣤⣶⣶⣿⣿⣿⣿⣿⣿⣿⣶⣶⣤⣤⣀
⢀⣴⣾⣿⣿⣿⠿⣟⣛⠏⠉⠏⠉⠽⠉⣛⠿⢿⣿⣿⠷⠦
⣾⣿⣿⣿⣿⣁⡖⠉⠀⠈⠉⠉⠙⠛⢶⣦⣑⣦
⠻⣿⣿⣿⣿⣾⣇⠀⠀⠰⣦⠀⠀⠀⣼⣿⣮⣿⣧
⠀⠉⠻⣿⣿⣿⣯⣥⠤⠖⠻⣷⣄⣀⣛⣿⣿⣿
⠈⠉⠉⠉⠉⠙⠛⠛⠶⠤⡀⠘⠿⠿⠿⢦⠭⠅
⠀⠀⠀⠀⠀⢀⣠⣤⣴⣶⣶⣿⣿⣿⣿⣿⣿⣿⣷⣶⣶⣤⣄⣀
⠀⠀⣠⣴⣾⣿⣿⣿⣿⣿⡿⣿⠿⠟⣿⠛⠿⣿⠿⣿⣿⣿⣿⣿⣿⣶⣄⡀
⢀⣾⣿⣿⣿⣿⣿⠟⠛⣢⠤⠚⣃⣉⣭⣍⣉⣉⠒⠶⣏⡉⠻⠿⠟⠛⠋⠉
⣿⣿⣿⣿⣿⣿⣁⣩⠏⠀⠀⠀⠀⠀⠀⠀⠉⠛⢿⣷⣦⣹⣦
⢻⣿⣿⣿⣿⣿⣧⣼⡀⠀⠀⠠⣤⡄⠀⠀⠀⠀⣸⣿⣭⣽⣿⣧
⠀⠙⢿⣿⣿⣿⣿⣿⠿⠂⠀⣀⣴⣿⣄⠀⠀⠸⣿⣿⣿⣿⣿⠉
⢀⣠⣤⣭⣿⣿⣿⣿⣿⣿⡋⠉⠀⠈⢿⣿⣶⣦⡤⠿⠿⢿⠟
⠀⠀⠀⠀⠀⠉⠉⠉⠉⠙⠛⠳⠦⡀⠈⠛⠛⠻⠿⠶⡶⠶⠆
⠈⢻⣾⠋⡀
⠀⣸⣿⡀⠙⣷⡖⠛⠛⠒⣶⣤⡀
⠀⢹⣿⠁⣠⣿⣇⣀⣠⣤⣼⣛
⠀⡼⠿⢦⣬⣿⣯⣤⣤⠀⠉⠹⣿⡆
⠀⠀⠀⠀⡠⠿⠷⠤⠤⠤⠶⠖⠋⠁
⠈⠙⢿⣶⣾⠋⠁
⠀⠀⢸⣿⡇⠀⠲⣦⣄⣀⣤⣤⣤⣤⣤⣀⣀
⠀⢀⣼⣿⣿⣄⠀⠘⣿⣿⡅⠀⠀⠀⠈⠉⣿⣿⣦⡀
⠀⠀⢹⣿⣿⠁⢀⣰⣿⣿⣇⣀⣀⣀⣤⣤⣾⡿⠋
⠀⠀⢸⣿⣿⣄⠈⠻⣿⣿⡛⠉⠉⢉⡉⠉⠛⠛⢿⣶⣤
⠀⠒⠛⠉⠉⠛⠛⠛⣿⣿⠟⠛⠛⠿⠄⠀⠀⠀⣘⣿⡿⠃
⠀⠀⠀⠀⠀⠀⣠⠾⠛⠻⠿⠶⠶⠶⠶⠶⠿⠛⠛⠉
⠈⠙⢿⣶⣶⣶⡿⠋⠁
⠀⠀⠀⢻⣿⣿⠀⠠⣄⣀
⠀⠀⠀⣼⣿⣿⡀⠀⠈⢻⣿⣶⡾⠿⠿⠿⠿⠿⠿⠷⣶⣦⣄⡀
⠀⠀⢴⣿⣿⣿⣷⠄⠀⠀⣿⣿⣿⡀⠀⠀⠀⠀⠀⠀⠼⣿⣿⣿⠦
⠀⠀⠀⢻⣿⣿⠃⠀⠀⣰⣿⣿⣿⣁⣀⣀⣀⣀⣠⣤⣶⣿⠿⠋
⠀⠀⠀⢸⣿⣿⡄⠀⠙⢿⣿⣿⣿⠿⠛⠛⠛⠛⠛⠛⠻⠿⢿⣶⣦⣄⡀
⠀⢀⣠⣿⠿⠿⢿⣶⣦⣤⣿⣿⣿⣦⣤⣤⣶⣾⠁⠀⠀⠀⠀⢬⣿⣿⣷⡄
⠀⠀⠀⠀⠀⠀⠀⠀⠀⢉⣿⣿⣟⣁⠀⠉⠉⠙⠃⠀⢀⣀⣠⣴⣿⡿⠋
⠀⠀⠀⠀⠀⠀⠀⢀⡴⠟⠛⠛⠛⠻⠿⠿⠿⠿⠿⠿⠿⠛⠛⠉⠁
⣿⣿⡇⠀⠀⢸⣿⣿⣿⣿⣿⢸⣿⣿
⠿⠿⠷⠾⢿⣾⣿⣿⠿⢿⣿⠾⠿⠟
⠀⠀⠠⠤⢾⣿⠟⣳⣿⠩⠉
⠀⠀⠀⠀⠀⠉⢿⠋
⣿⣿⣿⣿⠀⠀⠀⠀⠀⣿⣿⣿⡇⣿⣿⣿⣿⠀⣿⣿⣿⣿
⣿⣿⣿⣿⠀⣀⣀⣀⡀⣿⣿⣿⡇⣿⣿⣿⣿⠀⣿⣿⣿⣿
⠿⠿⠿⠿⠿⠿⠝⣿⣷⣻⣿⣿⠧⠿⠿⣟⣛⡛⠻⠟⠛⠋
⠀⠀⠀⠀⣀⣀⣬⣭⣽⣿⠿⢶⣶⣶⠒⢂⠉
⠀⠀⠀⠀⠀⠀⠉⠛⠿⣧⣲⣶⠟⠛⠉⠉
⠀⠀⠀⠀⠀⠀⠀⠀⠀⠙⣿⠁
⣿⣿⣿⡯⣿⠀⠀⠀⠀⠀⠀⣿⢹⣿⣿⣿⢸⣯⣿⣿⣿⡇⠀⣿⢹⣿⣿⣿
⣿⣿⣿⡇⣿⠀⠀⠀⠀⠀⠀⣿⢸⣿⣿⣿⢸⣿⣿⣿⣿⡇⠀⣿⢸⣿⣿⣿
⣿⣿⣿⣗⣿⣤⣴⣶⣶⡖⡆⢹⢸⣿⣿⣿⢸⡿⣿⣿⣿⣧⣤⣿⣸⣿⣿⣿
⠛⠛⠛⠛⠛⠛⠛⠓⢘⣿⣿⣏⣾⣿⣿⠾⠶⠷⠲⣟⣛⣛⡛⠩⠟⠙⠋⠁
⠀⠀⠀⠀⠀⠀⠀⢀⣘⣉⣹⣿⣿⣯⣶⣶⣶⡶⠖⠒⠚⠉
⠀⠀⠀⠀⠒⠉⠉⠙⠿⣿⣿⣿⠋⡨⣭⣽⣿⡿⠖⠒⠂
⠀⠀⠀⠀⠀⠀⠀⠀⠀⠀⠉⢹⣿⣾⡿⠋
⠀⠀⠀⠀⠀⠀⠀⠀⠀⠀⠀⠀⠹⡿
⠀⠀⣼⣿⣯⠴⢖⣒⠒⢦⡤⠄
⢀⣼⣿⣯⣵⣿⣿⡟⠛⠛⠉⠛⠛⠃
⠀⠀⠀⠀⣿⣿⣿⠟⣀⣤⣤⣤⣦⣤⣄⣀
⠀⠀⠀⣼⣿⣿⢏⡼⠛⠉⢁⣀⡀⠀⠲⠮⠏⠑⠦⢄⡀
⠀⠀⣼⣿⣿⠏⠉⣲⣶⣶⢫⣿⡿⠿⡿⠿⠿⢿⣿⣶⣿⠇
⢀⣼⣿⣿⣿⣿⣿⣿⣿⢣⣿⡟
⠀⠀⠀⠀⠀⣿⣿⣿⣿⠟⢀⣠⣤⣤⣤⣦⣤⣤⣄⣀⡀
⠀⠀⠀⢀⣼⣿⣿⡿⣣⡼⠛⠋⠉⢀⣀⣀⠀⠀⠲⠮⢿⠉⠓⠦⢤⣀
⠀⠀⢀⣾⣿⣿⡿⠑⠁⣲⣶⣶⡶⣩⣿⣿⠿⢿⡿⠿⠿⠿⢿⣿⣶⣾⡿⠂
⠀⣤⣿⣿⣿⣿⣿⣿⣿⣿⣿⡟⣵⣿⡿⠁
⠀⣿⢉⣹⡏⡙⡏⠟⣟⢹⢙⢛⡟⠂
⣏⣿⣟⣉⣻⣉⣏⣏⣏⣉⣿⣉⣿⡁
⠀⢐⣲⠒⠀⢒⡶⠒⠒⣶⠒⣀⢲⡖⠒⡖⠒⠖⢺⣿⠷
⣠⠤⠾⢤⡷⠤⢧⣴⡦⣼⠦⡤⢴⡧⢴⠧⣴⠦⠼⢧⡤
⢿⣀⣛⣻⣁⣀⣈⣟⣀⣽⣀⣃⣸⣀⣤⣀⣿⣂⣀⣹⣄
⠀⠐⠲⣖⠒⢒⠒⢶⣶⠒⠒⢶⣖⠒⢒⠒⣶⡖⠲⣶⠒⠲⡖⢲⣿⣷⡆
⠀⠀⢙⣿⠀⣠⡀⢻⡇⢀⣃⠈⣷⡀⠛⠀⣹⡇⢀⣿⠀⣠⡀⢸⡟⠉
⣴⠋⢉⣉⣹⡟⠋⠉⢽⣿⡟⠉⡟⠉⡟⠉⣿⠉⠻⠋⢹⡟⠉⠉⣹⡟⠉
⠿⣄⣘⣉⣹⣁⣨⣄⣘⣟⣁⣰⣧⣀⣃⣠⣿⣀⣦⣀⣸⣏⣐⣀⣘⣧⣀
⠛⠛⣿⣿⢻⣿⢻⣿⣟⠛
⠀⠈⣻⢿⣼⣿⡸⣿⣥⣤⣤⣤
⠀⠀⠛⠛⠛⠻⠿⠛⠿⢿⡿⠷⣶⡀
⠿⠿⠟⣛⣛⣛⢻⣿⣿⡟⣛⣛⣛⡻⠿⠿
⠀⠀⢀⣿⣿⣿⢸⣿⣿⡇⣿⣿⣿⡗
⠀⠀⠀⢹⡿⢿⣸⣿⣿⣇⡿⢿⣯⣤⣤⣤⣤⣤⡄
⠀⠀⠀⢺⣧⣬⣭⣭⣭⣭⣥⣼⣿⣿⣿⣿⣿⣟⢃⣀⣄
⠀⠀⠀⠉⠀⠀⠀⠈⠉⠛⠛⠉⠛⠻⠿⢿⡿⠟⠿⢿⣥⡄
⣿⣿⣿⡿⠿⠿⠿⠿⣿⣿⣿⣿⡿⠿⠿⠿⠿⣿⣿⣿⡇
⠉⠉⠁⢰⣿⣿⣿⡇⢸⣿⣿⣿⢰⣿⣿⣿⣷⡌⠉⠉⠁
⠀⠀⠀⢸⣿⣿⣿⡇⢸⣿⣿⣿⢸⣿⣿⣿⣿⠃
⠀⠀⠀⠀⠹⣿⠿⠇⢸⣿⣿⣿⠸⠿⢿⣿⣥⣤⣤⣤⣤⣤⣤⡄
⠀⠀⠀⠀⣼⣿⠘⠿⠿⠿⠿⠿⠿⠇⢸⣿⣿⣿⣿⣿⣿⣿⣿⡇
⠀⠀⠀⠀⣼⠿⠟⠛⠻⠿⣿⣿⣿⣿⢿⣿⣿⣿⣿⣿⣿⣿⣧⣴⣶⡿⠇
⠀⠀⠀⠀⠀⠀⠀⠀⠀⠀⠀⠈⠉⠙⠁⠈⠙⠛⠛⠿⡿⠛⠛⠛⠿⣷⣶⠤
⠀⠀⣰⣿⣶⣤⣄⣀
⢀⣴⣾⣿⣿⣿⣿⡿⢿⣿⣷⣶⣄
⠙⢿⣿⣿⣿⣿⣿⣿⣟⠩⣷⣶⣦⡽
⠀⠀⠀⠉⠙⠛⠻⠿⣿⠉⠉⠉
⠀⠀⠀⠀⣸⣷⣦⣤⣀⡀
⠀⠀⠀⢸⣿⣿⣿⣿⣿⣿⣿⣶⣶⣤⣤⣄⣀⣀
⠀⣰⣾⣿⣿⣿⣿⣿⣿⣿⣿⣿⠛⣿⡿⣿⣿⡿⢿⣄⣀
⠈⣿⣿⣿⣿⣿⣿⣿⣿⣿⣿⣿⣿⡖⠛⢋⡤⡤⣤⣄⡈⣷
⠀⠈⠙⠛⠿⠿⣿⣿⣿⣿⣿⣿⣿⣷⠤⠬⠽⠿⠿⠛⠛⠋
⠀⠀⠀⠀⠀⠀⠀⠈⠉⠙⠛⠻⠿⣯
⠀⠀⠀⠀⠀⢠⣿⣶⣤⣀⡀
⠀⠀⠀⠀⢰⣾⣿⣿⣿⣿⣿⣷⣶⣤⣤⣀⣀
⠀⠀⠀⣀⣼⣿⣿⣿⣿⣿⣿⣿⣿⣿⣿⣿⣿⣿⣿⣷⣶⣶⣤⣄
⠀⣰⣿⣿⣿⣿⣿⣿⣿⣿⣿⣿⣿⣿⣿⡟⢩⣿⡿⣿⣿⡿⠿⠿⢧⣄⡀
⠚⢻⣿⣿⣿⣿⣿⣿⣿⣿⣿⣿⣿⣿⣿⣿⣷⡶⠞⠛⣁⣠⣤⣄⣀⠀⠹⣷
⠀⠈⠻⢿⣿⣿⣿⣿⣿⣿⣿⣿⣿⣿⣿⣿⣿⣀⠀⠘⠿⢼⣸⣧⣿⣿⣶⠟
⠀⠀⠀⠀⠀⠉⠙⠛⠻⠿⣿⣿⣿⣿⣿⣿⣿⡿⠛⠛⠛⠛⠉⠉⠁
⠀⠀⠀⠀⠀⠀⠀⠀⠀⠀⠀⠀⠉⠙⠛⠻⠿⣧
⠀⢠⣤⣀⣀⣸⣫⠉⠉⢉⣽
⢠⣿⠿⢿⠻⠿⠿⣧⠀⢸⣧⠤⠤⣤
⠈⠙⠛⠾⠷⢪⣐⣉⣀⣈⣁⣀⣀⣸
⠀⠀⣠⣄⡀⠀⠀⠀⢸⡿⢍⠉⠉⠉⠉⠉⣿
⠀⠀⣿⣿⣿⣶⣶⣶⣿⣶⣼⡀⠀⠀⠀⣴⠛
⠀⣾⣿⡿⠿⠯⠿⠽⠿⠿⢿⣿⡀⠀⠀⣿⣄⣀⣀⣀⣀⣀
⠘⠿⣿⣆⢦⣸⣶⣆⡴⠀⣀⡽⡗⠀⠀⠻⠇⠀⠀⠀⠀⣿
⠀⠀⠀⠈⠉⠻⠿⠟⢹⣏⣀⣀⣀⣀⣀⣀⣀⣀⣀⣀⣀⣿
⠀⠀⠀⣀⣀⠀⠀⠀⠀⠀⠀⣿⡏⣉⠉⠉⠉⠉⠉⠉⢹⣿
⠀⠀⢰⣿⣿⣿⣦⣤⣤⣤⣴⣧⣄⣸⠀⠀⠀⠀⠀⢠⣼⠿
⠀⢠⣾⣿⣿⣿⣿⣿⣿⢟⣿⣿⣿⣿⣧⡄⠀⠀⠀⢸⡇
⠠⣾⣿⣿⠛⢉⠉⣩⠉⠉⠉⡉⠛⠛⢿⣦⠄⠀⠀⢸⣷⠖⠒⠒⠒⠒⢲⣶
⠈⠟⠻⠿⣧⣻⣦⣽⣿⣥⢴⡃⣠⢤⠎⠿⠁⠀⠀⠘⠛⠁⠀⠀⠀⠀⢸⣿
⠀⠀⠀⠀⠀⠉⠙⠻⠿⠛⠉⣿⣇⣀⣀⣀⣀⣀⣀⣀⣀⣀⣀⣀⣀⣀⣸⣿
⠀⢀⣟⡹⢿⣿⣿⣿⣿⢏⡿⠁
⠀⠀⣼⢃⣿⣿⣿⣿⢏⡾⠁
⠀⣸⢃⣾⣿⣿⣿⢏⣾⣁⣀⣀⣀⣀
⣰⣏⣾⣿⣿⣿⣿⣶⣿⣿⣿⣟⣹⠏
⠀⠀⠀⣼⡟⢩⣭⣭⣭⣭⣭⣭⣭⣭⡍⢉⣿⠏
⠀⠀⠸⠿⣶⡶⢠⣿⣿⣿⣿⣿⣿⡿⢁⣾⠏
⠀⠀⠀⣰⡿⢡⣿⣿⣿⣿⣿⣿⡿⢁⣾⠏
⠀⠀⣰⡿⢁⣾⣿⣿⣿⣿⣿⡿⢁⣾⠏
⠀⣰⡿⢁⣾⣿⣿⣿⣿⣿⣿⠁⠾⠿⠶⠶⠶⠶⠶⠶⣶⡖
⣰⣿⣁⣙⣛⣛⣛⣛⣛⣛⣛⣛⣛⣛⣛⣛⣛⣛⣋⣼⡟
⠀⠀⠀⠀⣼⣿⠛⣛⣛⣛⣛⣛⣛⣛⣛⣛⣛⣛⣛⠛⣻⣿⠃
⠀⠀⠀⣰⣿⣃⣀⡛⠛⣿⣿⣿⣿⣿⣿⣿⣿⣿⠃⢠⣿⠏
⠀⠀⠀⠉⠉⣽⡿⠁⣼⣿⣿⣿⣿⣿⣿⣿⣿⠇⢠⣿⠏
⠀⠀⠀⠀⣼⡿⠁⣼⣿⣿⣿⣿⣿⣿⣿⣿⠏⢠⣿⠏
⠀⠀⠀⣼⡿⠁⣸⣿⣿⣿⣿⣿⣿⣿⣿⠏⢠⣿⠏
⠀⠀⣼⣿⠃⣰⣿⣿⣿⣿⣿⣿⣿⣿⠏⢠⣿⣏⣀⣀⣀⣀⣀⣀⣀⣀⣀⣀
⠀⣰⣿⠃⣰⣿⣿⣿⣿⣿⣿⣿⣿⣯⣤⣬⣭⣭⣭⣭⣭⣭⣭⣭⠉⣹⣿⠃
⣰⣿⣧⣤⣭⣭⣭⣭⣭⣭⣭⣭⣭⣭⣭⣭⣭⣭⣭⣭⣭⣭⣭⣥⣴⣿⠃
⢐⣿⠀⠀⢸⣷⣤⣾⡗⠐⣿⠀⣿⠂
⠰⠿⠖⠂⠘⠛⠈⠘⠓⠀⠻⠶⠿⠃
⡁⣶⣶⢈⠀⠀⠅⢶⣶⣄⢀⣠⣶⡖⢈⢰⣶⠆⡁⣶⣶⢈
⠀⢸⣿⠠⢀⡀⠄⣸⣿⡙⠿⢋⣿⣇⢠⢸⣿⠀⠀⣿⡇
⡅⠛⠛⠛⠉⠁⠂⠉⠉⠀⠉⠈⠉⠉⠈⠀⠙⠛⠓⠿⠃
⡇⢶⣶⡶⢈⠀⠀⠀⡁⢶⣶⣦⣐⢄⣠⣶⣶⡆⣉⢰⣶⣶⢈⡁⢶⣶⡶⢸
⢸⢸⣿⡇⠠⢀⣀⢠⢃⣼⣿⣏⠻⠿⢋⣿⣿⣅⢻⢸⣿⣿⠸⠀⢸⣿⡇⡇
⡇⠚⠛⠛⠛⠋⠉⠘⠈⠉⠉⠁⠈⠈⠀⠉⠉⠉⠘⠀⠉⠛⠛⠓⠿⠟⠃⠃
⠀⠀⢀⣠⣄⣠⣤⣤⣠⣀⣤⣀
⠀⠀⠈⠛⢿⣿⣿⣿⣿⣿⠛⠁
⠀⠀⠀⠀⠈⠛⢿⣿⠟⠁
⠀⠀⠄⠀⠀⣄⣀⡀⣐⣀⣈⣀⣈⣀⡂⣐⣀⠉⠀⠀⠐⠈
⠀⠀⠈⠀⠺⣿⣿⣿⣿⣿⣿⣿⣿⣿⣿⣿⣿⡽⠃⠀⠀⠈
⠀⠀⠀⠀⠀⠀⠘⢿⣿⣿⣻⣿⣟⣿⣿⡿
⠀⠀⠀⠀⠀⠀⠀⠀⠉⠻⣟⣿⣻⠛⠁
⠈⡄⢀⠈⠀⡰⢁⡀⠀⠁⠈⡤⠁⠈⠄⠈⠁⠀⡌⠪⠄⡄⠁⠀⠀⠐⠦⠸
⡀⠃⠈⣡⠈⣀⣬⣶⣾⣥⣴⣶⣶⣿⣷⣷⣾⣾⣦⣴⣶⣶⢤⡄⠈⠀⠐⢰
⠀⠀⠀⠀⠀⠹⢯⣿⣿⣿⣟⣿⣿⣿⣿⣿⣿⣿⣿⣿⣿⡿⠞⠁
⠀⠀⠀⠀⠀⠀⠀⠀⢹⣿⣿⣿⡿⢿⣿⡿⢿⣿⣿⣿⠇
⠀⠀⠀⠀⠀⠀⠀⠀⠀⠙⢿⣿⣷⣿⣿⣿⣾⣿⠿⠋
⠀⠀⠀⠀⠀⠀⠀⠀⠀⠀⠀⠈⠻⣽⣿⣯⠟⠁
⠘⢻⣿⡿⣿⣦⡀⢀⣼⣿⢿⣿⡟⠃
⢿⣾⣿⣓⣾⣿⣿⣿⡽⠿⢭⣿⣿⣿
⢠⣼⣿⣧⡄⠀⠙⠋⠀⢠⣼⣿⣧⡄
⠀⠿⢿⣿⣿⣿⣿⣿⣦⠀⠀⠀⠀⣴⣿⣿⣿⣿⣿⡿⠿
⣀⣄⠸⠿⠿⠏⠻⠿⠿⢷⣀⣀⣚⣛⣛⣫⣽⣭⣽⣧⣀⡀
⣿⣿⣿⢹⠟⣝⢿⣭⡟⢿⢸⣧⣇⣸⣿⣇⣧⣺⣶⣏⣿⣿
⠈⠉⢻⣟⣛⡟⠛⠉⠉⠩⣭⣿⠆⠀⠀⠀⣶⣶⣶⡆⠘⠉
⠀⣶⣾⣿⣿⣿⣶⠀⠀⠀⠀⠀⠀⠀⠀⣶⣿⣿⣿⣷⣶
⠀⢼⣿⣿⣿⣿⣿⣿⣿⣿⣦⡀⠀⠀⠀⠀⢀⣼⣿⣿⣿⣿⣿⣿⣿⣿⡇
⠀⠀⠀⣿⣿⣿⣿⡛⣿⣿⣿⣿⣄⠀⠀⠠⠿⠿⠿⠿⠛⠿⠿⠿⠟
⣾⣿⣶⡭⢭⣭⡭⢤⣬⠵⣶⣶⡖⢲⡖⣺⠋⣿⣿⡏⢹⢏⣿⣉⡿⢽⣿⣶
⠿⣿⣟⣛⣼⣫⣼⣬⣻⣗⣶⣬⡧⠼⠿⠿⠶⠿⠿⠓⢚⣓⣛⣒⡛⠾⣿⡿
⠀⠀⠀⣶⣶⣶⣶⡄⠀⠀⠀⠀⠺⠿⠿⠟⠁⠀⠀⠀⢸⣿⣿⣿⣿
⠀⢸⣿⣿⣿⣿⣿⣿⣿⠀⠀⠀⠀⠀⠀⠀⠀⠀⠀⣿⣿⣿⣿⣿⣿⣿⡇
⠀⢠⣿⣶⣄⣀⣀⣀⣀⣠⣶⣿⡄
⢠⠤⢣⣟⣿⣿⣿⣿⣿⣿⣿⡜⠤⡄
⠹⣦⣀⣙⡛⢿⣿⣿⡿⢛⣋⣀⣴⠏
⠀⠀⠀⠀⠉⢯⣿⣿⡽⠉
⠀⠀⢠⣾⣷⣦⣄⣀⠀⠀⠀⠀⠀⠀⣀⣠⣴⣾⣷⡀
⠀⢀⣈⡷⣙⣿⣿⣿⣿⣿⣿⣿⣿⣿⣿⣿⣿⡋⢾⣁⡀
⠬⣟⠀⠀⠛⣿⣿⣿⣿⣿⣿⣿⣿⣿⣿⣿⣿⠛⠀⠀⡻⠄
⠀⠻⠶⠤⠤⠤⣭⣍⠹⣿⣿⣿⣿⠏⣩⣭⠤⠤⠤⠶⠟
⠀⠀⠀⠀⠀⠀⠀⠈⠳⣽⣿⣿⣯⠞⠁
⠀⠀⠀⢀⣾⣷⣦⣄⠀⠀⠀⠀⠀⠀⠀⠀⠀⠀⠀⠀⣠⣴⣾⣧⡀
⠀⠀⠀⢸⡏⢿⣿⣿⣿⣶⣶⣶⣶⣶⣶⣶⣶⣶⣶⣿⣿⣿⡿⣹⠇
⠀⣀⣤⠤⠟⣠⣿⣟⣿⣿⣿⣿⣿⣿⣿⣿⣿⣿⣿⣿⣿⣷⣌⠻⠤⣤⣀
⠤⣾⡃⠀⠀⠙⢻⣿⣿⣿⣿⣿⣿⣿⣿⣿⣿⣿⣿⣿⣿⡟⠋⠀⠀⢘⣷⠤
⠀⠾⢧⡤⠀⠀⠈⠙⡛⠛⠛⣿⣿⣿⣿⣿⣿⠛⠛⣛⠋⠁⠀⠀⢤⡼⠶
⠀⠀⠉⠉⠉⠉⠉⠓⠚⠿⣆⠻⣿⣿⣿⣿⠏⣰⠿⠓⠛⠉⠉⠉⠉⠉
⠀⠀⠀⠀⠀⠀⠀⠀⠀⠀⠘⠶⣿⣿⣿⣿⠾⠃
⠀⢻⡏⠉⣉⠓⠚⡉⠉⢹⡟
⠀⣸⣇⣀⣿⠁⠉⣇⣀⣸⠉⠉⣿⠁
⠀⠁⠈⠉⠿⢤⣀⣉⣉⣉⣀⣤⠿
⠀⠙⢿⣟⠛⠛⠛⠛⢶⣴⠞⠛⠛⠛⢛⣿⡿⠃
⠀⠀⢸⣿⠀⠀⢰⣦⣄⢀⣠⣶⠀⠀⢸⣿⣇⣀⣀⣀⣀
⠀⠀⣸⡿⠀⠀⢸⣿⠀⠀⠀⣿⠀⠀⠨⣿⠀⠀⢰⣿⠁
⠀⠚⠛⠛⠛⠛⢻⣿⠀⠀⠀⢿⣿⣿⣿⠿⠀⠀⢸⣿⡀
⠀⠀⠀⠀⠀⠀⠙⠛⠶⣤⣤⣤⣤⣤⣤⣤⣤⣴⠾⠛⠁
⠀⠐⠲⣶⣖⠒⠒⠒⠒⠲⢶⣤⣴⠶⠒⠒⠒⠒⠒⣲⣶⠖⠂
⠀⠀⠀⢸⣿⠀⠀⠀⢠⣄⠀⠈⠀⢀⣠⡄⠀⠀⠀⣿⡇
⠀⠀⠀⢸⣿⠀⠀⠀⢸⣿⠛⠒⠚⠛⣿⡇⠀⠀⠀⣿⡛⠛⠛⢛⣿⡿⠃
⠀⠀⣠⣾⣟⣀⣀⣀⣘⣿⠀⠀⠀⠀⣿⣃⣀⣀⣀⣻⡇⠀⠀⢸⣿⡇
⠀⠈⠉⠉⠉⠉⠉⠉⣹⣿⠀⠀⠀⠀⠻⠿⠿⠿⠿⠟⠁⠀⠀⠘⣿⣇⡀
⠀⠀⠀⠀⠀⠀⠀⠀⠉⠛⠻⠶⠤⠤⠤⠤⠤⠤⠤⠤⠤⠤⠶⠟⠛⠉
⠀⠻⡽⣿⣿⣕⢄⡠⣪⣿⣿⢯⠟
⠶⠶⣿⣽⣽⣭⣿⣽⣭⣯⣝⣿⠶⠶
⠀⣴⣳⣿⣷⣳⣝⣫⣞⣾⣿⣞⣦
⠀⠀⣯⡹⢽⣿⣿⣯⣝⢦⡀⢀⡴⣫⣽⣿⣿⡯⢏⣽
⣤⣤⣤⣽⣸⢿⡿⡿⠿⣷⣽⠯⡾⠿⣿⠿⢿⣧⢯⣤⣤⣤
⠛⠛⠛⣻⢳⣿⣿⡻⣗⢿⣿⣾⡾⣺⢗⣿⣷⡞⣟⠛⠛⠛
⠀⠀⣏⣱⣿⣿⣿⣷⣏⣷⣝⣫⢾⣹⣾⣿⣿⣿⣎⣹
⠀⠀⢸⡏⠭⣭⣭⣭⣭⣭⣝⢦⡀⠀⠀⢀⡴⣋⣭⣭⣭⣭⣭⠭⢹⡇
⠀⠀⠀⠉⣿⢸⣿⣿⣿⣿⣿⣷⣝⢲⡖⣫⣾⣿⣿⣿⣿⣿⡇⣾⠉
⣿⣿⣿⣿⣿⡶⣠⣶⣩⣋⣍⣹⣿⣟⣩⢋⣌⣹⣟⣭⣩⣋⣟⣹⣿⣿⣿⣿
⠀⠀⠀⣀⡿⢸⣿⣿⣿⡅⢷⣝⠿⣿⣿⡿⣫⡾⢩⣿⣿⣿⡇⢿⣀
⠀⠀⢸⣇⣒⣛⣛⣛⣛⣛⣒⣸⡷⣌⣡⢾⣇⣒⣛⣛⣛⣛⣛⣒⣸⡇
⠲⢶⣶⣤⣤⣤⣀⣀⣤⣤⣤⣶⡶⠖
⠀⠀⠉⠉⠉⠙⣿⣿⠋⠉⠉⠉
⠲⣴⣶⣤⣤⣀⣀⣀⣀⠀⠀⠀⠀⣀⣀⣀⣀⣤⣤⣶⣦⠖
⠀⠈⠙⠿⠿⠿⣿⣿⣿⣿⣿⣿⣿⣿⣿⣿⠿⠿⠿⠋⠁
⠀⠀⠀⠀⠀⠀⠀⠀⠀⠼⢿⣿⠧
⢠⣤⣶⣤⣤⣀⣀⠀⠀⠀⠀⠀⠀⠀⠀⠀⠀⠀⠀⠀⠀⣀⣀⣤⣤⣶⣤⡄
⠀⠙⠻⣿⣿⣿⣿⣿⣿⣿⣿⣶⣶⣶⣶⣶⣶⣿⣿⣿⣿⣿⣿⣿⣿⠟⠋
⠀⠀⠀⠀⠉⠙⠛⠛⠛⠻⠿⠿⢿⣿⣿⡿⠿⠿⠛⠛⠛⠛⠋⠉
⠀⠀⠀⠀⠀⠀⠀⠀⠀⠀⠀⠐⠿⢿⡿⠿⠂
⠘⣿⣿⣿⣷⣄⠀⠀⣠⣾⣿⣿⣿⠁
⠀⣿⣿⣿⣿⣿⣦⣴⣿⣿⣿⣿⣿
⠀⣿⣿⣿⡟⢿⣿⣿⡿⢻⣿⣿⣿
⣘⣛⣛⣻⣃⣀⣉⣉⣀⣘⣛⣛⣻⣃
⠈⢯⣿⣿⣿⣿⣿⣦⡀⠀⠀⠀⠀⢀⣴⣿⣿⣿⣿⣿⡟⠁
⠀⠀⣿⣿⣿⣿⣿⣿⣷⣄⠀⠀⣠⣿⣿⣿⣿⣿⣿⣿
⠀⠀⣿⣿⣿⣿⣻⣿⣿⣿⣷⣾⣿⣿⣿⣟⣿⣿⣿⣿
⠀⠀⣿⣿⣿⣿⣿⠻⣿⣿⣿⣿⣿⣿⠟⣿⣿⣿⣿⣿
⢀⣴⣿⣿⣿⣿⣿⠀⠈⠻⠿⠿⠟⠁⠀⣿⣿⣿⣿⣿⣦⡀
⣨⣭⣭⣩⣭⣭⣍⣤⡤⣤⣤⣠⣤⣠⣤⣭⢭⣍⣭⣭⣭⣥
⠈⢯⡻⣿⣿⣿⣿⣿⡿⣄⠀⠀⠀⠀⠀⠀⠀⠀⣰⣫⣿⣿⣿⣿⣿⢯⡟⠁
⠀⠀⢹⢹⣿⣿⣿⣿⣿⣮⣳⡀⠀⠀⠀⠀⣠⢞⣽⣿⣿⣿⣿⣿⣷⡏
⠀⠀⢸⢸⣿⣿⣿⣿⣿⣿⣿⣝⢦⡀⢀⡴⣳⣿⣿⣿⣿⣿⣿⣿⣿⡇
⠀⠀⢸⢸⣿⣿⣿⡯⣹⣿⣿⣿⣷⡷⣯⣾⣿⣿⡿⣋⣿⣿⣿⣿⣿⡇
⠀⠀⢸⢸⣿⣿⣿⡇⣿⢫⡻⣿⣿⣿⣿⣿⣿⢿⠞⣿⣿⣿⣿⣿⣿⡇
⠀⠀⣸⢸⣿⣿⣿⡇⣿⠀⠙⢮⣿⣿⣿⢟⡵⠋⠀⣿⣿⣿⣿⣿⡿⣇
⢠⣞⣵⣿⣿⣿⣿⣇⣿⠀⠀⠀⠙⠛⠛⠋⠀⠀⠀⣿⣿⣿⣿⣿⣿⣮⣳⡄
⣲⣶⣲⣖⣲⣶⣶⣶⣒⣒⡶⢶⣶⡶⣒⣒⣒⣲⣶⣶⣖⣶⣒⣶⣶⣶⣶⣖
⠀⡀⢀⡏⣿⣿⣿⢫⢯⣿⣿⢿⣹⠃
⣠⠃⣄⣉⠀⠴⢋⠉⡿⠉⠩⠋⠀⡔
⠁⠀⠯⣻⣿⣿⣾⣿⣿⣿⠝
⠀⠀⠀⠀⢀⡟⣩⣭⣭⣭⣭⡍⣹⠏⣭⣭⣭⣭⣭⠍⡟
⠀⣠⠀⠀⢾⣤⡩⠟⠛⢻⣿⣰⡏⣸⣿⣿⣿⣏⣭⠜⠁
⢀⡼⠀⢠⡀⢉⡄⠀⣸⡟⠁⠄⠀⣟⣁⡐⠀⣎⢀⠂⠠⡏
⠚⠀⠀⢫⠟⣿⣤⣤⣮⣄⣚⣢⣤⣧⣤⡤⢲⠄⠀⠀⠚
⠀⠀⠀⠘⠦⣛⣛⣛⣛⣛⣛⣛⣛⣛⡫⠵⠋
⠀⠀⠀⠀⠀⠀⣸⠋⣭⣭⣭⣭⣭⣭⡭⢩⣿⢋⣭⣭⣭⣭⣭⣭⡍⢹⠏
⠀⠀⣀⣀⣀⣰⣏⡘⢻⣿⣿⣿⣿⣿⢃⣾⠃⣼⣿⣿⣿⣿⡟⣛⣡⡟
⠀⢘⡇⠀⠀⠈⠻⠗⠉⠀⠀⣴⣿⠓⠚⠛⢺⡿⠛⢛⡛⠛⡖⠛⣒⡒⢒⡖
⢠⠞⠀⠀⡼⣆⣠⣴⠃⠀⢸⠟⠁⣀⡃⠀⢸⠓⠠⠤⠀⠨⠂⠠⠄⠀⣹⠃
⠉⠉⠉⠉⢱⠏⣼⣿⣿⣿⣿⣿⣭⣭⣭⣿⣿⣿⣿⡿⢋⡿⠉⠉⠉⠉⠁
⠀⠀⠀⠀⠈⠳⢬⣛⣛⣛⣛⣛⣛⣛⣛⣛⣛⣛⡭⠔⠋
⠀⠀⣀⢴⣿⣅⣀⠀⠀⠀⣀⡀
⠀⠈⠀⠂⠈⠙⠿⠋⠉⣽⣿⠿⣷⡄
⢴⠟⠒⠢⣤⣽⣾⠃⠀⠴⠛⠁⠈⠉
⠀⠀⠀⠈⢫⠈⠁⠈⠓
⠀⠀⠀⠀⠠⣤⣾⣿⠒
⠀⠀⡤⠒⠉⠉⠻⠿⣿⣿⣶⣶⣦⣤⣤⣴⣶⣶⣦⣄
⠀⠀⠀⠀⠈⡆⠀⠀⠈⠙⠋⠁⠀⠀⢰⣿⣿⡛⢻⣿⣷⡆
⣠⣶⡷⠶⠦⢃⣀⣀⣻⣶⣶⡟⠀⠀⢘⣾⠭⠛⠁⠈⠛⠋
⠈⠁⠀⠀⠀⢀⣽⠿⢻⣿⣏⠠⢄⣀
⠀⠀⠀⠀⠀⠀⠙⣦⠀⠀⠀⠀⠀⠉
⠀⠀⠀⠀⠀⠀⣄⣔⣾⣿⠷⠄
⠀⠀⠀⠀⣠⠴⠞⢿⣿⣿⣶⣦⠤⣄⣀⣀⡀⠀⠀⢀⣀⣤⣤⡄
⠀⠀⠐⠋⠀⠀⡄⠀⠈⠉⠻⣿⣷⣿⡿⠛⠛⠛⠛⣿⣿⣿⣿⣿⣯⣆
⠀⠀⠀⠀⠀⠀⢸⠀⠀⠀⢀⠀⠙⠁⢀⠀⠀⠀⢸⣿⣿⣯⡛⠹⣿⣿⣿⠂
⢀⣶⣶⣶⣶⣤⡜⠀⠀⠀⠘⣷⣤⣴⡟⠀⠀⠀⠸⣴⣋⣩⠟⠂⠀⠙⠛⠓
⠹⡿⠉⠀⠀⠀⠈⠙⢿⣿⣿⣿⣿⡿⠃⠀⠀⠀⠙⠉⠁
⠀⠀⠀⠀⠀⠀⠀⠲⣿⠋⠁⠟⠛⠒⠒⠒⠶⠤
⠀⠀⠀⠀⠀⠀⠀⠀⠈⣷
⢺⣯⣍⣀⣤⣶⣶⣶⣶⣶⣶⣤
⠈⣿⣿⣿⣿⣿⣿⣿⣿⡮⠉⠛⠓⡤
⢠⣿⣿⣿⠛⠟⣿⣿⣿⣦
⢾⣿⣉⡛⠓⠀⠀⣀⣤⣤⣶⣶⣶⣶⣶⣤⣤⣀⡀
⢰⣿⣿⣿⣶⣾⣿⣿⣿⣿⣿⣿⣟⣛⠿⢿⣿⣻⣧⡀
⠈⢹⣾⣿⣿⣿⣿⣿⣿⣿⣿⣿⣿⣿⣯⡀⠉⠙⠻⢝⣲⣦
⠀⢸⣿⣿⣿⡾⣿⣿⣿⣿⢷⣾⣿⣿⡏⠀⠀⠀⠀⠀⠈
⢸⣿⣿⣿⣿⣿⡏⠙⠟⢹⣿⣿⣿⣿⣟⡇
⢴⣾⣛⠛⠛⠒⠀⠀⠀⢀⣀⣠⡤⡤⣶⣶⠶⣦⣤⣤⣀⣀⣀
⠀⡝⣿⣿⣷⣤⢤⣶⣾⣿⣿⣷⣿⣽⣻⡟⡿⢫⣿⣷⣿⡿⣿⣷
⠀⠃⡟⣿⣿⣿⣷⣝⢿⣿⣾⣿⣿⣿⣿⣿⣾⣶⡇⠌⠻⠓⢾⣿⠳⣄⣀
⠀⠀⡇⣿⣿⣿⢛⢿⣿⣯⣫⣾⣿⢟⢻⣿⣿⣯⡿⠕⠀⠀⠀⠀⠑⠢⠿⠗
⠀⣀⡇⣿⣿⣿⢸⣓⣝⢿⣿⣟⣕⣻⢸⣿⣿⡇⣇⡀
⠀⣇⣿⣿⣿⣿⣿⣸⠇⠙⠚⠁⣿⣺⣿⣿⣿⣿⣇⡇
⠀⠀⠀⡶⣲⣀⣠⣆⣀⣖⢶
⠀⠀⠀⠳⢷⣟⣳⣞⣻⡾⠞
⠀⠀⠀⠀⠀⠈⠙⠋⠁
⠀⠀⠀⠀⢠⣴⡶⣄⠀⠀⣤⣤⠀⠀⣠⢶⣦⡄
⠀⠀⠀⠀⠀⣧⣸⡩⣭⢿⣣⣜⡿⣭⢍⣧⣼
⠀⠀⠀⠀⠀⠈⠓⠛⠿⣾⣾⣷⣷⠿⠛⠚⠁
⠀⠀⠀⠀⠀⠀⠀⠀⠀⠀⠉⠉
⠀⠀⠀⠀⠀⠀⣠⢤⣤⡠⠠⠀⠀⣀⣀⠀⠀⠄⢄⣤⡤⣄
⠀⠀⠀⠀⠀⠀⢹⠟⣩⡵⡤⢤⣼⡞⢳⣧⡤⢤⢮⣍⠻⡏
⠀⠀⠀⠀⠀⠀⢸⣆⣿⡄⣷⡶⣎⢤⡤⣱⢶⣾⢠⣿⣰⡇
⠀⠀⠀⠀⠀⠀⠀⠙⠮⣵⣿⣧⣳⠾⠷⣞⣼⣿⣮⠵⠋
⠀⠀⠀⠀⠀⠀⠀⠀⠂⠀⠀⠉⠪⣿⣿⠕⠉⠀⠀⠐
⠀⠀⠀⠀⠀⠀⠀⠀⠀⠀⠀⠀⠀⠀⠀⠀⠀⠀⠄
⢰⠂⠀⠀⠐⢌⢻⡟⡡⠂⠀⠀⢰
⡄⢱⠀⠀⠀⠀⠑⠊⠀⠀⠀⠀⡎⣴
⠇⣸⠀⠀⢌⠐⢄⡠⠂⡁⠀⠀⡇⠻
⠸⠀⠀⠀⠀⠅⣷⣾⠸⠀⠀⠀⠠
⠀⡶⠒⠒⠒⠒⠒⠢⡘⢿⣿⣿⡿⢃⠔⠒⠒⠒⠒⠒⡆⢸
⠀⠧⣀⠀⠀⠀⠀⠀⠈⠢⡙⢋⠔⠁⠀⠀⠀⠀⠀⣀⠇⢸
⣿⠀⣿⠀⠀⠀⠀⡀⠀⠀⠙⠁⠀⠀⢀⠀⠀⠀⠀⣿⢰⣿
⣿⠀⣿⠀⠀⠀⢸⡏⠢⣄⠀⠀⣠⠔⢹⡆⠀⠀⠀⣿⢸⣿
⠀⡤⠛⠀⠀⠀⠘⠣⡄⢠⡑⢊⡄⢠⠜⠁⠀⠀⠀⠛⢤
⠀⠳⠤⠤⠤⠤⠤⠴⠃⢸⣿⣿⡇⠸⠤⠤⠤⠤⠤⠤⠟
⠀⢠⠀⠀⠀⠀⠀⠀⠀⢤⡈⠻⣿⣿⣿⣿⠟⢁⠤⠀⠀⠀⠀⠀⠀⢠⠀⢸
⠀⢸⠀⠀⠀⠀⠀⠀⠀⠀⠈⠢⡈⠻⠟⢁⠔⠁⠀⠀⠀⠀⠀⠀⠀⢸⠀⢸
⣤⡄⠈⡇⠀⠀⠀⠀⠀⠀⠀⠀⠈⠢⠔⠁⠀⠀⠀⠀⠀⠀⠀⠀⢸⠁⢠⣼
⣿⡇⠀⡇⠀⠀⠀⠀⢰⡦⡀⠀⠀⠀⠀⠀⠀⣀⢴⡆⠀⠀⠀⠀⢸⠀⢸⣿
⠿⠇⠀⡇⠀⠀⠀⠀⢸⡇⠈⠑⠤⡀⢀⠤⠊⠁⢸⡇⠀⠀⠀⠀⢸⠀⠸⠿
⠀⢰⠈⠁⠀⠀⠀⠀⠈⠁⡆⠀⣦⣈⣁⣴⠀⣶⠈⠁⠀⠀⠀⠀⠈⠁⡆
⠀⠘⠀⠀⠀⠀⠀⠀⠀⠀⠃⠀⣿⣿⣿⣿⠀⠛⠀⠀⠀⠀⠀⠀⠀⠀⠃
⠀⠀⢀⣤⣤⢤⣴⣶⣞⣟⣠⡤⡤
⠀⣠⣿⢿⣿⠞⣿⣿⣾⣻⣛⡉⠁
⣰⡿⠿⠚⠛⠋⠳⠿⠿⠛⠚⠁
⠀⠀⠀⠀⢀⣀⣀⣠⣤⣄⡤⣶⣶⡖⣻⠏⣀⣀⣀⣤⡄
⠀⠀⠀⡴⣫⣿⣿⣿⣘⡵⣿⣿⣟⣼⡿⣿⣿⡿⠵⠏
⠀⢀⡞⣱⡟⠸⣿⢟⣋⣼⡟⣻⣿⣟⣱⣿⠖⡶⠂
⣠⡿⠼⠿⠚⠛⠋⠉⠉⠘⠳⠿⠿⠛⠛⠛⠋⠁
⠀⠀⠀⠀⠀⠀⠀⠀⠀⣀⣀⣀⢀⡤⢤⣴⣶⡖⣺⡟⠁⠀⠀⣀⣀⣀
⠀⠀⠀⠀⣠⡞⣻⣭⣽⣿⠈⠟⣫⣾⣿⣿⠟⣰⣛⣲⣿⣯⡭⢏⣽⠋
⠀⠀⠀⣴⢏⣼⡟⣿⣿⣿⣷⠟⣱⣿⣿⣫⣾⣿⢏⣴⢚⣋⣉⡉⠁
⠀⢀⡾⢣⣾⠏⡄⢹⣿⣫⣤⡼⣭⠏⣴⣿⣿⣥⣬⡭⠟⣹⠟
⣠⡿⠥⠿⠒⠚⠉⠉⠉⠀⠀⠀⠉⠓⠚⠛⠚⠛⠋⠉⠉⠁
⣶⣄⠀⠀⠀⠙⢿⡿⠋⠀⠀⠀⣠⣶
⣿⣿⠀⠀⠀⠀⠀⠀⠀⠀⠀⠀⣿⣿
⠿⠋⠀⠀⠀⠑⢦⡰⠊⠀⠀⠀⠙⠿
⣷⣄⠀⠀⠀⠀⠀⠈⠙⢿⣿⣿⡿⠋⠁⠀⠀⠀⠀⠀⣠⣶
⣿⣿⣿⠀⠀⠀⠀⠀⠀⠀⠙⠋⠀⠀⠀⠀⠀⠀⠀⣿⣿⣿
⣿⣿⣿⠀⠀⠀⠀⠀⣄⠀⠀⠀⠀⣠⠀⠀⠀⠀⠀⣿⣿⣿
⡿⠋⠀⠀⠀⠀⠀⠀⠈⠑⢦⡴⠊⠁⠀⠀⠀⠀⠀⠀⠙⢿
⣦⣄⠀⠀⠀⠀⠀⠀⠀⠈⠻⣿⣿⣿⣿⣿⣿⠟⠁⠀⠀⠀⠀⠀⠀⠀⣠⣴
⣿⣿⣷⡄⠀⠀⠀⠀⠀⠀⠀⠈⠛⢿⡿⠛⠁⠀⠀⠀⠀⠀⠀⠀⢠⣾⣿⣿
⣿⣿⣿⡇⠀⠀⠀⠀⠀⠀⠀⠀⠀⠀⠀⠀⠀⠀⠀⠀⠀⠀⠀⠀⢸⣿⣿⣿
⣿⣿⣿⡇⠀⠀⠀⠀⠀⠀⡀⠀⠀⠀⠀⠀⠀⢀⠀⠀⠀⠀⠀⠀⢸⣿⣿⣿
⣿⣿⡿⠃⠀⠀⠀⠀⠀⠀⠛⢦⡀⠀⠀⢀⡴⠛⠀⠀⠀⠀⠀⠀⠘⢿⣿⣿
⠟⠋⠀⠀⠀⠀⠀⠀⠀⠀⠀⠀⠙⢦⡴⠋⠀⠀⠀⠀⠀⠀⠀⠀⠀⠀⠙⠻
⣿⣿⣿⡇⠀⠀⠀⠀⠀⠀⢸⣿⣿⣿
⠿⠿⢿⣇⣀⣀⡀⢀⣀⣀⣼⣿⡿⠿
⣿⣿⣿⣿⣿⡇⠀⠀⠀⠀⠀⠀⠀⠀⠀⠀⢸⣿⣿⣿⣿⣿
⣿⣿⣿⣿⣿⡇⠀⠀⠀⠀⠀⠀⠀⠀⠀⠀⢸⣿⣿⣿⣿⣿
⣿⣿⣿⣿⣿⡇⠀⠀⠀⠀⠀⠀⠀⠀⠀⠀⢸⣿⣿⣿⣿⣿
⠙⠛⠿⠿⠿⠷⣦⣤⣄⣀⡀⢠⣤⣤⣤⣶⣿⣿⠿⠿⠟⠛
⣿⣿⣿⣿⣿⣿⣿⠀⠀⠀⠀⠀⠀⠀⠀⠀⠀⠀⠀⠀⠀⣿⣿⣿⣿⣿⣿⣿
⣿⣿⣿⣿⣿⣿⣿⠀⠀⠀⠀⠀⠀⠀⠀⠀⠀⠀⠀⠀⠀⣿⣿⣿⣿⣿⣿⣿
⣿⣿⣿⣿⣿⣿⣿⠀⠀⠀⠀⠀⠀⠀⠀⠀⠀⠀⠀⠀⠀⣿⣿⣿⣿⣿⣿⣿
⠙⠛⠻⠿⠿⠿⠿⢷⣤⣤⣤⣀⣀⡀⢠⣤⣤⣤⣤⣴⣾⣿⣿⠿⠿⠿⠟⠋
⠀⢀⣠⣴⣶⡾⠿⠿⡿⠿⠿⢿⠖
⣴⣿⢛⣭⠖⣊⣪⣥⣥⣤⣀⡀
⠹⣷⠈⠀⢺⣿⣿⣿⣿⣿⣛⡛⢢⡀
⠠⠛⠀⠀⠐⠛⠛⠛⠛⠻⠿⣿
⠀⠀⠀⠀⢀⣀⣤⣴⣶⣶⣿⣿⣿⣿⣿⣿⣿⣷⣶⣶⠄
⠀⢀⣴⣾⣿⣿⡿⠿⢛⡛⢋⡉⣩⡭⠍⠉⠛⠛⠛⠁
⣰⣿⣿⡿⠋⣅⡲⢝⠢⠙⣈⣃⣉⣀⣀⣀
⣿⣿⡿⢀⡭⠖⠉⣤⣾⣿⣿⣿⣿⣿⣿⣿⣿⣷⣄
⠘⣿⣿⠀⠀⠀⠘⣿⣿⣿⣿⣿⣿⣿⣿⣯⣉⣉⡉⢳⣄
⠀⢸⣿⠃⠀⠀⠀⢸⣿⣿⣿⣿⣿⣿⣿⣿⣿⣿⡇⠈⠉⠁
⠀⠊⠁⠀⠀⠀⠀⠈⠉⠉⠀⠀⠀⠈⠉⠛⠻⠿⣷⡀
⠀⠀⠀⠀⠀⠀⢀⣀⣤⣤⣴⣶⣶⣿⣿⣿⣿⣿⣿⣿⣿⣿⣶⣶⣦⡤
⠀⠀⢀⣤⣶⣿⣿⣿⣿⣿⠿⠿⠟⠛⡛⢛⣛⣛⡛⠛⠛⠿⠿⠿⠋
⢀⣴⣿⣿⣿⠿⠛⢩⣄⠲⣦⡻⣧⠹⠇⠸⠋⠁
⣾⣿⣿⡿⠁⠤⠭⣓⠊⠉⣠⣤⣶⣶⣾⣿⣿⣿⣶⣶⣶⣤⣀
⢹⣿⣿⡇⠐⠟⠉⠁⢠⣾⣿⣿⣿⣿⣿⣿⣿⣿⣿⣿⡿⠿⠿⣿⣆
⠀⠹⣿⣿⠀⠀⠀⠀⠘⣿⣿⣿⣿⣿⣿⣿⣿⣿⣿⣷⣶⣤⣤⡄⠈⣷⣄⡀
⠀⠀⣿⡿⠀⠀⠀⠀⠀⢸⣿⣿⣿⣿⣿⠿⢿⣿⣿⣿⣿⣿⣿⣇
⠀⠚⠁⠀⠀⠀⠀⠀⠀⠈⠉⠀⠀⠀⠀⠀⠀⠀⠉⠙⠛⠻⠿⢿⡄
⣏⡉⠉⠉⠑⢦⡀⢀⡤⠊⠉⠉⢉⣹
⠀⡇⠀⠀⡖⢄⠈⠁⡠⢲⠀⠀⢸
⣏⣁⣀⣀⣉⡆⠑⠊⢰⣉⣀⣀⣈⣹
⡏⠉⠉⠉⠉⠉⠉⠲⢄⡀⠀⠀⢀⡠⠖⠉⠉⠉⠉⠉⠉⢹
⠉⢹⡆⠀⠀⠀⣠⡀⠀⠉⠢⠔⠉⠀⢀⣄⠀⠀⠀⠐⡏⠉
⣀⣸⠇⠀⠀⠀⣿⣈⡓⢄⡀⢀⡠⢚⣁⣿⠀⠀⠀⠠⣇⣀
⣇⣀⣀⣀⣀⣀⣀⣀⡇⠀⠉⠉⠀⢸⣀⣀⣀⣀⣀⣀⣀⣸
⡏⠉⠉⠉⠉⠉⠉⠉⠙⠢⣄⠀⠀⠀⠀⠀⠀⣠⠔⠋⠉⠉⠉⠉⠉⠉⠉⢹
⠓⠒⡆⠀⠀⠀⠀⠀⠀⠀⠀⠙⠢⣄⣠⠔⠋⠀⠀⠀⠀⠀⠀⠀⠀⢰⠒⠚
⠀⠀⡇⠀⠀⠀⠀⠀⡟⠢⣀⠀⠀⠀⠀⠀⠀⣠⠔⢻⠀⠀⠀⠀⠀⢸
⡤⠤⠇⠀⠀⠀⠀⠀⠧⠤⣤⠑⠦⣀⣀⠔⠊⣤⠤⠼⠀⠀⠀⠀⠀⠸⠤⢤
⣇⣀⣀⣀⣀⣀⣀⣀⣀⣀⣿⠀⠀⠈⠁⠀⠀⣿⣀⣀⣀⣀⣀⣀⣀⣀⣀⣸
⠀⣽⣿⣿⣿⣶⣾⣯⣭⣴⣤⣦
⠚⠛⠛⠛⠛⠛⣾⣷⣿⡇⠉⠁
⠀⠉⡟⣿⣿⣿⡻⣶⣦⣤⡽⣖⠉⢉⣩⣥⣀⣒⡂
⢀⢴⣳⣿⡋⡽⡟⣩⣿⣟⣰⣟⣻⣿⢟⡻⠿⠽⠛
⠉⠉⠉⠉⠉⠈⠈⠉⠉⢁⣗⣷⣿⣿⡸
⠀⠉⢉⢟⣿⣿⣿⣟⢿⣧⣭⣭⣍⣻⡶⠚⠛⢉⣉⣩⡁⠰⠦⠄
⠀⠀⣹⢣⣿⡿⠿⣿⣷⠿⣿⣿⡿⣡⣿⣷⣶⣾⣿⣿⣷⣿⢶⠧⠤
⣰⢫⣷⣿⣿⣗⡵⣹⢢⣶⣿⣿⢆⡟⡿⣰⣿⡿⣣⠒⠛⠓⠋
⠉⠁⠀⠀⠀⠈⠀⠉⠁⠀⠀⠀⣹⣫⣶⣿⣿⣗⡼⠁
⣠⠄⣀⣠⣤⣶⣶⣿⣿⣿⣶⣦⡄
⠙⠻⠿⠿⡿⣿⣿⣟⠻⣿⡭⠉
⢀⡤⠀⣀⣀⣠⣤⣤⣶⣶⣶⣾⣿⣿⣿⣷⣶⣶⣦⣤
⠈⠓⠛⠿⠿⠿⡿⢿⣿⣿⣿⣿⠛⠿⣿⣯⡭⠉⠉
⠀⢀⣀⠤⠄⠀⠀⣀⣀⣠⣤⣶⣶⣶⣾⣿⣿⣿⣷⣶⣶⣶⣦⣤⣄
⢰⣿⣠⣴⣾⣿⣿⣿⣿⣿⣿⣿⣿⣿⣿⣿⣿⣿⣿⡿⢿⡿⣿⠾⠿⠆
⠀⠈⠉⠛⠛⠛⠿⠿⠿⠿⢿⣿⣿⣿⣿⣉⠛⠿⣿⣿⡷⠶
⠀⠀⢘⣿⣿⣿⣇⣸⣿⣿⣿⡃
⣤⣴⣿⣿⠐⠿⠿⠿⠿⠂⣿⣿⣦⣤
⠀⠀⠀⠀⣿⣿⢿⣿⡿⣿⡇⢸⣿⢿⣿⣿⣿⣿
⠀⠀⠀⢀⣴⣿⣿⣿⣿⣿⣦⣴⣿⣿⣿⣿⣿⣦⡀
⠀⢀⣴⣿⣿⣿⠋⢸⣿⣿⣿⣿⣿⣿⡇⠙⣿⣿⣿⣦⡀
⣿⣿⣿⣿⣿⣿⡇⠘⠋⠉⠉⠉⠉⠙⠃⢸⣿⣿⣿⣿⣿⣿
⠀⠀⠀⠀⠀⢸⣹⡿⣿⣿⣿⢿⣏⡇⢸⣹⡿⣿⣿⣿⢿⣏⡇
⠀⠀⠀⠀⢀⣴⣯⣿⣿⣻⣿⣿⣷⢄⡠⣾⣿⣿⣟⣿⣿⣽⣦⡀
⠀⠀⣠⣶⣽⣿⣟⡿⠋⢰⢳⣽⣿⣿⣿⣿⣯⡞⡆⠙⢿⣻⣿⣯⣶⣄
⣏⣿⣿⣿⣿⣷⣿⣿⡇⠘⠋⠉⠉⠉⠉⠉⠉⠙⠃⢸⣿⣿⣾⣿⣿⣿⣿⣹
⠀⣀⣘⣿⡠⢴⢆⢤⡔⣶⣤⣶⣀⡀
⠀⠷⣿⣾⡵⠽⠿⠾⠛⠛⠛⠛⠛⠉
⠀⠀⠀⠀⢺⣽⠂⢀⣠⣤⠀⣀⣀⡠⢤⡦⣀⠤⣤
⠀⢠⡖⣩⠿⢏⣷⢀⣼⣇⣾⣁⠽⣤⠼⢥⢿⣯⣕⣒⣲⡦
⠀⠐⠯⠭⢿⣿⠶⠶⠖⠒⠒⠛⠛⠉⠉⠉⠉⠉⠁
⠀⠀⠀⠀⠀⢰⣏⡷⠀⠀⠀⣠⣀⠀⠀⠀⠀⣀⣠⣦⡄⢀⣀⣀
⠀⠀⢀⡤⠤⣤⣿⢷⡄⠈⢉⣿⢉⡴⠒⢲⡗⠀⣸⡇⢼⡯⠴⢚⣁⣀⣀⡀
⠀⠀⢻⣤⣾⣋⣩⠴⠟⠤⠞⠳⠞⢓⣒⣚⣛⣚⣉⣽⣭⣭⠭⠭⠴⠶⠚⠋
⠀⠀⠛⠲⠶⠶⢶⡾⠿⠛⠛⠛⠋⠉⠉⠉⠉
⠀⠀⠀⠀⢤⣴⣿⣿⣷⡶⠋
⠀⣀⣀⣠⢾⣽⣿⣿⣿⣿⣿⣿⠂
⠀⡠⠡⠔⠲⠏⠩⠿⠫⠍⡅⠩⠵⠇
⠀⠀⠀⠀⠀⠀⣀⣀⣠⣶⣿⣿⣷⣶⣴⣶⡞
⠀⠀⠀⠀⠀⠀⠠⣿⣿⣿⣿⣿⣿⣿⣿⣋⣀⣀⢀
⠀⢀⣀⣀⣀⣀⣶⣾⣤⣿⣿⣿⣿⣿⣿⣿⣿⣿⡿⠇
⠀⠈⠛⡹⠋⠉⢁⠉⣿⣿⡿⣿⣿⡿⢏⠷⢋⢾⡵⡣⣤⠄
⠀⠠⠤⠔⠒⠋⠉⠫⠴⠒⠺⠟⠛⠒⠵⢠⠇⠠⠴⠧⠗⠂
⠀⠀⠀⠀⠀⠀⠀⠀⠀⠀⠀⣤⣶⣿⣿⣷⣶⣤⣤⣴⣶⠇
⠀⠀⠀⠀⠀⠀⠀⠈⠛⣿⣾⣿⣿⣿⣿⣿⣿⣿⣿⡿⠋
⠀⠀⠀⠀⠀⠀⠀⠀⠲⢟⡿⣿⣿⣿⣿⣿⣿⣿⣿⣤⣤⣤⣤⣀⡀
⠀⠀⠀⠀⠀⠀⠀⠰⣿⣾⣤⣼⣿⣿⣿⣿⣿⣿⣿⣿⣿⣿⣿⣿⠿
⠀⠈⠻⣽⢿⡯⠟⠛⠩⠝⢻⣿⣻⣿⣿⣿⣿⣿⡟⣫⣽⢟⡭⣧⡴
⠀⠀⠀⢠⠎⠀⣀⣤⡴⣨⠽⠛⠛⣫⣯⢟⡽⢋⡵⠈⡡⠊⠚⠋⣺⢹⡋⠁
⠀⠠⠴⠖⠚⠉⠉⠀⠈⠓⠒⠛⠁⠹⠚⠋⠉⠑⠚⢢⠗⠀⠒⠾⠷⠒⠋⠁
⡋⠁⠀⠈⠀⠀⢀⡀⠀⠀⠁⠀⠈⢙
⡂⠀⠄⠀⠂⡀⠉⠉⢀⠐⠀⠠⠀⢐
⣿⣧⣤⣤⣀⣀⡀⢀⣀⣀⣤⣤⣼⣿
⡟⠋⠁⠀⡀⠈⠁⠀⠀⠀⠀⠂⠀⠀⠀⠈⠁⢀⠀⠈⠙⢻
⠇⡡⠀⢠⠄⠀⠀⠀⠤⢀⣤⣤⡀⠤⠀⠀⠀⠠⡄⠀⢌⠸
⡇⡀⠀⢆⠀⠀⠸⠀⠀⠊⠀⠀⠑⠀⠀⠇⠀⠀⡰⠀⢠⢸
⣷⣦⡀⠀⠁⠀⠀⠀⠙⡀⠁⠈⢀⠋⠀⠀⠀⠈⠀⢀⣴⣾
⣿⣿⣿⣦⣴⣶⣤⣤⣑⣀⡀⢀⣀⣊⣤⣤⣶⣦⣴⣿⣿⣿
⣿⢛⠉⠁⠀⡀⠀⠩⠁⠀⠀⠀⠀⠰⠆⠀⠀⠀⠀⠈⠍⠀⢀⠀⠈⠉⡛⣿
⣇⠨⣀⠈⠀⣉⠤⠀⡀⠒⣒⠀⠤⣀⣀⠤⠀⣒⠒⢀⠀⠤⣉⠀⠁⣀⠅⣸
⣥⢸⠀⠀⡜⠁⠀⠀⡤⠀⠉⢩⠚⠛⠛⠓⡍⠉⠀⢤⠀⠀⠈⢣⠀⠀⡇⢬
⣇⠘⢄⠀⠑⢄⠀⠀⠈⠀⢤⡀⢠⠤⠤⡄⢀⡤⠀⠁⠀⠀⡠⠊⠁⡠⠃⣸
⣿⣿⣷⣕⢄⡀⠁⠀⠀⠀⡄⠣⡀⠄⠠⠀⠜⢀⠀⠀⠀⠈⢀⡠⢪⣾⣿⣿
⣿⣿⣿⣿⣷⣶⣶⣶⣦⣤⣌⣂⣀⡈⢁⣀⣐⣡⣤⣴⣶⣶⣶⣾⣿⣿⣿⣿
⡀⢤⣶⣶⡎⠫⣭⣭⣝⠓⠲⠶⣤⣀
⠉⠛⠷⠦⠍⠁⣈⣈⠙⠓⠲⠾⠛⠉
⠀⣀⣠⣤⣴⣶⣖⠚⢟⣛⣛⣛⣛⢛⠳⠒⢶⣦⣤⣄⣀
⢎⣬⣝⣻⣝⠛⠿⢦⡀⠙⣿⠻⡿⣿⣯⣀⢀⡘⣩⣿⣿⡱
⠀⠉⠙⠛⠻⠿⠷⠀⢀⣀⣬⣤⣀⡉⠀⠙⠩⠟⠛⠋⠉
⠀⠀⢀⣀⣠⣤⣤⣶⡶⠶⣟⡛⠿⠛⠛⠿⠿⠷⠶⠶⢶⣤⣤⣄⣀⡀
⡴⡊⠾⢿⣿⠿⣿⣿⣯⡀⠈⠹⢻⣿⣿⣿⣷⣷⣖⠀⠀⠉⠭⠟⣿⣿⣕⢦
⠳⢝⣿⣶⣶⣥⣤⣉⠉⠛⠲⠀⠘⠿⠈⠻⢹⡿⠷⣲⣄⣴⣬⣾⣿⣿⡫⠞
⠀⠀⠈⠉⠙⠛⠛⠿⠟⢀⣀⣀⣤⣤⣶⣤⣀⡈⡀⠈⠡⠜⠛⠋⠉⠁
⠀⠀⣀⣤⣶⣾⡿⣿⣶⣶⣄
⠀⠘⠷⢒⣾⣿⣿⣿⣿⣿⣿⣷⡀
⠂⠀⠀⠂⠶⠴⢦⣦⡶⠼⠾⠘⠘⠈
⠀⠀⠀⠀⠀⣀⣴⣶⣶⣿⣿⣿⣷⣶⣦⣤
⠀⠀⢀⡴⠚⠙⠝⢿⣿⣟⣛⣿⣿⣿⣿⣿⣶⣄⡀
⠀⠀⠘⢧⠶⠒⢲⣶⣶⣿⣿⣿⣿⣿⣿⣿⣿⣿⣿⠂
⡰⠀⠒⢐⢢⢘⠋⡙⠙⠉⠛⢙⢫⢙⠋⠟⣹⠍⣽⢃⠒⡐
⠁⠁⠁⠈⠀⠉⠘⠛⠛⢛⣿⣿⡿⠿⠛⠻⠛⠉⠁⠈
⠀⠀⠀⠀⠀⠀⠀⢀⣤⣦⣶⣾⣿⣿⣿⣷⣶⣤⣤⣄⡀
⠀⠀⠀⠀⣠⡤⠾⢛⠿⣿⣿⣿⡿⠿⣿⣿⣿⣿⣿⣿⣧⣄
⠀⠀⠀⢸⡃⣀⣤⣤⣤⣬⣽⣛⣶⣾⣿⣿⣿⣿⣿⣿⣿⣿⣿⣶⡄
⠀⠀⠀⡈⠳⡋⢉⣭⣽⣿⣿⣿⣿⣿⣿⣿⣿⣿⣿⣿⣿⣿⣿⣿⣇
⣰⣡⣈⡅⣸⡁⣆⣸⢡⣌⣠⣁⣀⣁⣠⣁⣖⣨⣁⣚⣠⣷⣀⣶⢁⣬⣡⠏
⠀⠀⠀⠀⠀⠀⠀⠀⠚⠛⠛⠛⣛⣿⣿⣿⠿⠟⠋⠹⠟⠋
⠀⣠⡴⠞⠛⣷⠀⣤⣄⢀⡒⢂⣀
⣾⣏⣐⣿⠟⠩⠟⢾⢵⡯⣐⣾⡧⣤
⠠⠽⠿⠶⠿⣿⠿⠛⠛⠙⠛⠉⠉⠁
⠀⠀⢀⣠⣴⠶⠛⢻⣿⡆⠀⣀⣤⠀⠀⠀⠶⠶
⢠⣶⡟⠉⢤⣤⣶⡶⠖⣒⡴⣫⡽⣋⣴⠟⣁⣈⣽⡛⠁
⠻⠿⣤⠴⠶⠟⣋⣀⣘⣩⣤⣭⣭⣭⣭⣭⢴⣖⣿⣯⣽⠷
⠀⠒⠒⠛⠛⠛⠿⠿⣿⠿⠛⠛⠉⠉⠀⠉⠉⠁
⠀⠀⠀⠀⣀⣤⣶⠾⠿⢿⣿⣶⠀⠀⢀⣀⡀⠀⠀⠀⠤⠤⠤
⠀⣠⣴⡿⠟⠉⣀⣀⣠⣬⣭⣭⢄⣠⡿⢛⣷⠖⣠⣶⠖⠂⠴⢶⣶⠶
⣴⣿⡟⠀⠀⣙⣩⣿⡿⠟⢀⣴⡿⠫⢾⡯⠴⠾⡿⠥⠴⢒⣚⣿⣶⠤⣤⣄
⠈⠛⠛⠛⢛⣛⣋⣥⣤⣤⣴⣶⣶⣶⣶⣶⣾⣿⡟⣷⣟⣿⡷⠾⡵⠶⠾⠋
⠐⠒⠛⠛⠛⠛⠛⠛⠻⠿⣿⠿⠟⠛⠉⠉⠀⠀⠀⠈⠉
⠀⠀⠀⠀⠀⣀⣀⣤⣶⣾⣇⣀
⢀⣠⣴⣾⣿⣿⣿⣿⡿⠿⣛⣟⢛⡦
⠉⠉⠉⠉⠉⠙⣿⠛⠓⠢⠷⠊⠁
⠀⠀⠀⠀⠀⠀⠀⠀⠀⠀⠀⣀⣤⣤⣶⣿⠂
⠀⠀⠀⢀⣀⣤⣴⣶⣾⣿⣿⣿⣿⣿⣿⣿⣿⣿⣷⣦⣄
⣠⣴⣾⣿⣿⣿⣿⣿⣿⣿⣿⣿⣟⠛⠉⢩⡽⠟⢦⠤⠼⠛
⠀⠀⠀⠀⠀⠀⠀⠀⠈⠻⡟⠉⠉⠉⠓⠦⠽⠛
⠀⠀⠀⠀⠀⠀⠀⠀⠀⠀⠀⠀⠀⠀⠀⣀⣠⣤⣴⣾⡷
⠀⠀⠀⠀⠀⠀⠀⣀⣀⣤⣤⣴⣶⣶⣿⣿⣿⣿⣿⣿⣷⣶⣶⣤⣄⡀
⠀⠀⢀⣠⣴⣾⣿⣿⣿⣿⣿⣿⣿⣿⣿⣿⣿⣿⡿⠿⠿⠿⠿⠟⠛⠛⢶⣤
⠴⠾⠿⠛⠻⠿⠿⠿⠿⠿⠿⣿⣿⣿⣿⣯⣭⣁⡀⠀⣾⣉⣉⠻⠒⠛⠉
⠀⠀⠀⠀⠀⠀⠀⠀⠀⠀⠀⠙⠿⡟⠁⠀⠀⠀⠉⠒⠒⠚⠁
⠀⠠⣤⠴⠖⠒⢚⡓⠒⠲⢦⣤⠄
⢰⣾⢉⣸⣶⡞⠉⠉⢲⣶⣇⡙⣷⡆
⠘⠛⠓⠛⠿⣷⡄⢠⣾⠿⠛⠚⠛⠃
⠀⠀⠀⠀⠀⠈⠳⠟⠁
⠀⠀⠀⣀⣀⣠⣤⠤⠤⠶⠖⠲⠶⠤⠤⣤⣄⣀⣀
⠀⠀⣈⣽⠯⢀⣀⡀⢀⡠⠴⠦⢄⡀⢀⣀⡈⠿⣯⣁⡀
⠈⣿⡿⠀⣠⣬⡿⠿⡃⠀⠁⠉⠀⢹⠿⢯⣤⡄⠐⣿⣿⠁
⠐⠟⠿⠷⠦⠭⣭⣛⢿⡄⠀⠀⢠⣿⣛⣭⠭⠴⠿⠟⠻
⠀⠀⠀⠀⠀⠀⠀⠈⠻⣿⡄⣰⣿⠋⠁
⠀⠀⠀⠀⠀⠀⠀⠀⠀⠈⠻⠟⠁
⠀⠀⠀⠀⣀⣀⣀⣀⣠⣤⣤⡤⠴⠖⠶⠦⢤⣤⣤⣄⣀⣀⣀⣀
⠀⠀⠀⠘⣿⣟⠋⠉⠀⠀⠀⠀⣀⣠⣄⣀⠀⠀⠀⠀⠉⢛⣿⣿⠋
⠠⢶⣾⣯⠉⠁⠀⣻⣿⣶⣶⠋⠑⠂⠒⠈⠙⣶⣾⣿⣛⠀⠉⢩⣿⣷⡶⠄
⠀⣾⣿⣧⣄⠘⠯⠭⣽⣿⣶⠀⠀⠀⠀⠀⢠⣾⣯⣭⠭⠿⠃⣤⣼⣿⣷
⠀⠉⠉⠉⠉⠉⠛⠛⠲⠶⣽⣷⡄⠀⠀⣠⣾⣭⠶⠖⠛⠋⠉⠉⠉⠉⠉
⠀⠀⠀⠀⠀⠀⠀⠀⠀⠀⠈⠻⣿⣄⣰⣿⠟⠁
⠀⠀⠀⠀⠀⠀⠀⠀⠀⠀⠀⠀⠈⠻⠟⠁
⠠⣶⡿⠓⠚⠛⠓⠛⠛⠓⠚⣿⣶⠄
⢰⡏⠀⠀⢈⠁⣶⣶⠈⣶⣾⣿⣿⡆
⠈⢷⣀⠀⠈⢻⣿⣿⣿⣿⣿⣿⡿⠁
⠀⠀⠈⠓⠲⠬⣿⣷⠿⠟⠛⠉⠁
⠀⣠⣶⣒⣓⠒⠖⠒⠛⠛⠒⠒⠛⠛⠒⠲⠖⣺⣶⣶⣄
⠀⣼⡟⠉⠀⠀⠀⠰⠖⣠⣤⣤⣄⠲⣦⣠⣴⣾⣿⣿⣧
⠸⢿⡆⠀⠀⠀⠀⠻⣤⢶⣿⣿⠶⣤⣿⣿⣿⣿⣿⣿⡿⠇
⠀⠘⠿⢤⣄⡀⠀⠀⢨⡿⣿⣿⢿⣿⣿⣿⣿⣿⣿⡿⠃
⠀⠀⠀⠀⠈⠛⠛⠓⠶⠭⣶⡶⠿⠿⠛⠛⠋⠁
⠀⢀⣤⡶⠶⠶⠶⢶⠶⠶⠶⠶⠶⠶⠶⠶⠶⠶⠶⠶⡶⠶⠶⣶⣶⣄
⠀⠘⣿⣷⠟⠋⠁⠀⠀⠀⡀⣀⠀⠀⠀⠀⣀⣀⠀⠀⠀⢈⣽⣿⣿⣿⠃
⠀⣼⡿⠁⠀⠀⠀⠀⠀⢘⠋⠱⣶⣾⣷⡶⠈⠙⣷⣶⣾⣿⣿⣿⣿⣿⣧
⠐⢿⣷⡀⠀⠀⠀⠀⠀⠻⣦⡶⢶⢒⡒⡶⢶⣴⣿⣿⣿⣿⣿⣿⣿⣿⡿
⠀⠀⢿⣧⡀⠀⠀⠀⠀⠀⠈⣷⣾⣿⣿⣷⣿⣿⣿⣿⣿⣿⣿⣿⣿⡿
⠀⠀⠀⠛⠛⠻⣶⣄⣀⣀⠀⠿⣝⣛⣛⣩⣿⣿⣿⣿⣿⣿⠟⠛⠛
⠀⠀⠀⠀⠀⠀⠈⠈⠉⠙⠛⠷⠶⠿⠿⠿⠿⠛⠋⠉⠁
⣀⣀⣤⣤⢴⣶⠾⣿⢶⣶⣤⣤⣀⣀
⣿⡿⠶⠛⠚⠛⠛⠛⠛⠛⠛⠦⢿⣿
⠀⠀⠀⠀⢀⣀⣠⣤⣤⣶⣾⣿⣶⣶⣤⣤⣀⡀
⣶⡏⣿⠙⡏⣿⢸⢾⣿⣦⣡⣸⣀⡇⡇⢸⢸⣍⠻⣿⢹⣶
⢸⣧⠿⠚⠛⠋⠉⠉⠉⠉⠉⠉⠉⠉⠉⠉⠉⠛⠓⠿⢼⡇
⠀⠀⠀⠀⠀⠀⠀⠀⣀⣀⣤⣤⣶⣼⣿⣶⣶⣤⣄⣀⡀
⣠⠤⢴⣶⠶⡖⢺⡟⢫⣽⣿⡏⠙⢏⢹⡏⢩⠙⡏⢻⡟⣿⠲⡶⣶⡦⠤⣄
⠿⡇⢸⣿⠀⣇⣸⣇⣐⣻⣿⣧⣧⣾⣼⣧⣼⣤⣧⣘⣃⣿⣦⡁⣿⡇⢸⠿
⢰⡧⠼⠟⠋⠉⠉⠀⠀⠀⠀⠀⠀⠀⠀⠀⠀⠀⠀⠀⠀⠉⠉⠙⠻⠧⢼⡆
⠀⠀⠀⠀⠀⣤⡾⢷⣦⡀
⠀⣿⠀⠀⠉⡿⡷⣾⣿⠉⠀⠀⣿
⢀⡇⠀⠀⡷⣽⣾⣿⢫⢾⠀⠀⢸⡀
⠘⠃⠒⠒⠓⠘⣿⠛⠃⠚⠒⠒⠘⠃
⠀⠀⠀⠀⠀⠀⠀⠀⣀⣴⣎⣿⣦⣀
⠀⢲⣶⠶⠶⠶⠶⣼⣿⣽⡏⢹⣿⣿⣧⠶⠶⠶⠶⣶⡖
⠀⢠⣿⠀⠀⠀⠀⠨⣿⢿⠿⣿⣿⣿⠅⠀⠀⠀⠀⣿⡄
⠀⢸⡇⠀⠀⠀⣿⣦⠻⣌⡿⢻⣿⠏⣴⣿⠀⠀⠀⢸⡇
⠀⣿⠇⠀⠀⠀⣿⡉⢳⣿⣷⣾⣧⡞⢉⣿⠀⠀⠀⠸⣿
⠀⠛⠛⠛⠛⠛⠛⠓⠀⠹⡿⠉⠉⠀⠚⠛⠛⠛⠛⠛⠛
⠀⠀⠀⠀⠀⠀⠀⠀⠀⠀⠀⣀⣴⡊⣷⣦⣀
⠀⢀⣀⣀⣀⣀⣀⣀⣀⣠⣞⡽⣿⡻⢟⣿⣿⣷⣄⣀⣀⣀⣀⣀⣀⣀⡀
⠀⠈⢻⣏⠉⠉⠉⠉⠉⠻⣾⣯⣿⣆⣰⣿⣽⣷⠟⠉⠉⠉⠉⠉⣹⡟⠁
⠀⠀⣾⡇⠀⠀⠀⠀⡀⠰⣿⠙⠿⠟⣿⣿⣿⣿⠆⢀⠀⠀⠀⠀⢹⣷
⠀⠀⣿⠇⠀⠀⠀⠀⣿⣄⠙⣧⢸⣿⢿⣻⣿⠃⣠⣿⠀⠀⠀⠀⠸⣿
⠀⢸⣿⠀⠀⠀⠀⢰⣿⠛⣧⡙⣾⡇⣸⣿⢁⣼⠛⣿⡆⠀⠀⠀⠀⣿⡇
⠀⣸⣟⣀⣀⣀⣀⣘⣿⡄⠈⢻⣿⣧⣽⣵⡟⠁⢠⣿⣃⣀⣀⣀⣀⣻⣇
⠀⠉⠉⠉⠉⠉⠉⠉⠉⠉⠀⠀⠾⠷⠀⠀⠀⠀⠉⠉⠉⠉⠉⠉⠉⠉⠉
⣠⣄⡀⠀⣶⣶⣾⣿⣿⣷⣦⣤⡶⡄
⠹⣜⣿⢶⠿⣶⣾⣬⣭⣭⡽⢛⢧⡟
⠀⠘⣿⣔⣺⠗⠹⣻⣿⣟⡛⢿⣼⠏
⠀⠀⠀⠉⢹⣧⣤⣼⣿⣷⣦⠴⠃
⠀⠀⠀⠀⠸⢜⣛⣻⣻⠯⠽
⢀⣀⠀⠀⠀⠀⣤⣶⣶⣶⣶⣿⣿⣿⣷⣦⣄⣀⣀⣴⣆⡀
⣼⠝⢻⣶⣄⢀⣹⣿⠛⠛⣻⠿⠿⡿⡿⠿⢿⣿⣿⡇⢹⣧
⠈⢷⣈⣿⡟⢛⠿⢿⣿⣶⣿⣶⣶⣤⣶⣧⡿⢋⣝⢿⣴⡃
⠀⠀⢹⣿⡇⢎⢬⣷⣮⡽⠿⢿⣻⣿⣯⠵⢶⡷⡸⢢⣿⡗
⠀⠀⠀⠻⢿⣶⣭⣿⡅⠀⠉⢩⣯⣭⣭⡵⠆⠙⢳⡿⠟⠁
⠀⠀⠀⠀⠀⠉⢈⣿⣦⣀⣀⠤⣶⣒⣒⣶⠦⡤⠼⠃
⠀⠀⠀⠀⠀⠀⢀⣿⢛⣿⢻⠿⠿⢿⣻⡟⢻⡄
⠀⠀⠀⠀⠀⠀⠀⠻⠶⣭⢭⣩⠭⣭⠧⠴⠚⠃
⠀⡀⠀⠀⠀⠀⠀⢠⣤⣤⣤⣶⣶⣶⣿⣿⣿⣿⣷⣦⣄⣀⡀⠀⣠⣶⡀
⣸⡟⢷⣶⣤⡀⠀⠈⣿⣿⡿⣿⣿⣿⣿⣿⣿⣿⣿⣿⣿⣿⣿⣿⡿⠙⣿⡇
⠻⣧⠀⢻⣿⣿⣦⣶⣿⣿⣤⣄⣐⣾⠁⡍⡙⠉⡏⡍⢹⣿⡿⣿⣧⡀⢻⡟
⠀⠙⢧⣼⣿⡯⠉⡭⣙⡛⢿⣿⣿⣿⣿⣿⣿⣿⣿⣿⠿⢛⡴⢢⡙⣿⣿⡀
⠀⠀⠀⣿⣿⣧⠸⡁⢦⣿⣷⡬⠽⠿⣟⣛⣛⣿⣧⠶⠿⣿⣞⡰⢃⣿⣿⡟
⠀⠀⠀⠈⢿⣿⣷⣬⣕⣾⣉⠀⠈⠛⣉⣽⣛⣛⣛⣓⣦⠀⠛⢶⣿⡿⠛⠁
⠀⠀⠀⠀⠀⠈⠙⠋⠻⣿⣇⠀⠀⠀⢈⣉⣭⣭⣭⣥⣀⣂⠁⣸⡟
⠀⠀⠀⠀⠀⠀⠀⠀⢘⣿⣿⣿⣶⣾⣭⣿⣷⣷⣶⣾⣧⡼⠋⠉
⠀⠀⠀⠀⠀⠀⠀⠀⠨⣿⡁⢼⣯⣹⣛⣋⣋⣛⣼⡏⠉⣿⡀
⠀⠀⠀⠀⠀⠀⠀⠀⠀⠙⠳⢦⡤⢤⣤⡦⠤⡴⠒⠾⠛⠛⠃
⠀⠀⢀⣤⣴⣶⣿⣿⣹⣶⣠⣄⣀⣀
⢠⡖⠛⢿⠉⣿⡍⢹⡇⢹⣿⠀⡟⠁
⠸⠧⠼⠶⢀⣿⠡⠞⠓⠊⠉⠀⠉
⠀⠀⠀⠀⢀⣀⣀⣤⣴⣶⣿⠿⡟⠳⣶⡄
⠀⠀⠀⣀⣴⣾⣿⣻⣝⣻⣿⣿⣿⣮⠭⣶⠶⠶⠿⣓⣲⡖
⠀⣶⠊⠉⠻⣿⡏⠉⣿⣷⠀⢸⣿⡆⠀⣿⣿⡇⠀⣿⠉
⠀⣿⠀⠀⣦⡈⠁⠀⣿⣿⠀⢸⣿⣇⣀⣿⣿⡥⠤⠿⠄
⠠⠛⠒⠒⠛⠛⠋⣩⣿⠥⠔⠋
⠀⠀⠀⠀⠀⠀⠀⠀⠀⢀⣠⣴⣶⣿⣿⡿⠿⣶⣤⡀
⠀⠀⠀⠀⠀⢐⣒⣾⣿⣿⡿⣿⣿⣿⣦⡿⢂⡼⠿⢛⣒⣒⣒⡲⢤⣀⣀⣀
⠀⠀⠀⢀⡴⠾⣿⣿⣿⣝⣿⣬⡿⠿⠿⣿⡿⠖⠛⣻⣟⣛⠋⠉⣩⣭⣽⠃
⠀⢰⡟⠉⠉⠙⢿⣿⠀⠀⢸⣿⡇⠀⢸⣿⣿⠀⠀⣿⣿⣿⠀⠀⣿⡇
⠀⢸⡇⠀⠀⣄⠀⠙⠀⠀⢸⣿⡇⠀⢸⣿⣿⠀⠀⣿⣿⣿⠀⠀⢿⣇
⠀⢸⡇⠀⠀⣿⣷⣄⣀⣀⣸⣿⠇⠀⣸⠿⠿⠶⠒⠚⠛⠛⠛⠉⠉⠉⠁
⠐⠛⠛⠉⠉⠉⠉⠁⠀⣠⣾⠧⠖⠛⠁
⠀⠀⠀⠀⠀⠀⠀⠀⠀⠀⠐⣶⢷⡖
⠰⣶⣶⣶⣷⣄⠰⢷⣶⣶⠷
⠀⣾⣿⣿⢿⣿⣷⣼⣿⣿
⢰⣾⣿⣿⡦⠙⠿⣿⣿⣿
⣿⣶⣿⣰⣷⣞⣷⡾⠛⣷⡞
⠀⠀⠀⠀⠀⠀⠀⠀⠀⠀⠀⠀⠀⠀⠀⠀⠀⠤⣴⣷⡤⠄
⢀⣤⣤⣤⣤⣤⣤⣀⠀⠀⢠⣤⣤⣤⣤⣤⣄⠘⠉⠉⠙
⠈⠛⣿⣿⣿⣿⣿⣿⣷⣄⠘⢻⣿⣿⣿⡟⠛
⠀⠀⣿⣿⣿⣿⠻⣿⣿⣿⣷⣮⣿⣿⣿⡇
⢀⣀⣿⣿⣿⣿⣀⡈⠙⢿⣿⣿⣿⣿⣿⡇
⣘⣛⢛⣛⣛⠛⣛⣃⢀⣀⡙⣛⣛⣛⣛⣃⣀⡀
⣿⣿⣿⣿⣇⣼⣿⣿⣯⡻⣷⣿⠋⠈⢻⣿⡟⠁
⠀⠀⠀⠀⠀⠀⠀⠀⠀⠀⠀⠀⠀⠀⠀⠀⠀⠀⠀⠀⠀⢠⣤⣤⣿⣤⣤⡄
⠀⠀⠀⠀⠀⠀⠀⠀⠀⠀⠀⠀⠀⠀⠀⠀⠀⠀⠀⠀⠀⠀⠰⠟⠛⠻⠆
⠀⣿⣿⣿⣿⣿⣿⣿⣿⣶⣄⠀⠀⣾⣿⣿⣿⣿⣿⣿⣿⡇
⠀⠉⢹⣿⣿⣿⣿⣿⣿⣿⣿⣷⣄⡈⠉⣿⣿⣿⣿⣿⠉⠁
⠀⠀⢸⣿⣿⣿⣿⡟⠻⣿⣿⣿⣿⣿⣦⣿⣿⣿⣿⣿
⠀⠀⢸⣿⣿⣿⣿⡇⠀⠈⠻⣿⣿⣿⣿⣿⣿⣿⣿⣿
⠀⣿⣿⣿⣿⣿⣿⣿⣿⡆⠀⠀⠙⢿⣿⣿⣿⣿⣿⣿
⣤⣭⣭⣭⣭⣭⠉⣩⣭⣤⡤⣤⣤⡄⣭⣭⡭⢭⣭⣭⣤⣤⠄
⣼⣿⣿⢿⣿⣧⣴⣿⡿⣿⣿⣌⢿⣿⣿⠋⠀⠀⣹⣿⣿⠁
⢸⣿⣿⣿⣷⣤⡀⠀⢰⣿⣿⣿⣿⡇
⠀⢸⣿⣿⡿⣿⣿⣦⡀⢸⣿⣿⡇
⠀⢸⣿⣿⡇⠈⠻⣿⣿⣾⣿⣿⡇
⠸⣿⣿⣿⣿⠇⠀⠈⠛⢿⣿⣿⣿⡇
⠀⣶⣶⣶⣶⣶⣶⣦⣀⠀⠀⠀⠀⢰⣶⣶⣶⣶⣶⣶⣶
⠀⠛⢿⣿⣿⣿⣿⣿⣿⣷⣄⠀⠀⠘⠛⣿⣿⣿⣿⡿⠛
⠀⠀⢸⣿⣿⣿⣿⠿⣿⣿⣿⣷⣦⡀⠀⣿⣿⣿⣿⡇
⠀⠀⢸⣿⣿⣿⣿⠀⠈⠻⢿⣿⣿⣿⣦⣿⣿⣿⣿⡇
⠀⣤⣾⣿⣿⣿⣿⣤⡄⠀⠀⠙⢿⣿⣿⣿⣿⣿⣿⣷⣤
⠀⠿⠿⠿⠿⠿⠿⠿⠇⠀⠀⠀⠀⠉⠻⠿⠿⠿⠿⠿⠿
⡇⣶⣶⣶⣶⣶⣶⣶⣶⣦⣄⠀⠀⠀⠀⠀⠀⣴⣶⣶⣶⣶⣶⣶⣶⣶⣶⢸
⡇⠿⢿⣿⣿⣿⣿⣿⣿⣿⣿⣷⣤⡀⠀⠀⡀⠿⠿⣿⣿⣿⣿⣿⣿⡿⠿⢸
⠀⠀⠀⣿⣿⣿⣿⣿⣿⣿⣿⣿⣿⣿⣦⣄⠀⠀⡆⣿⣿⣿⣿⣿⣿
⠀⠀⠀⣿⣿⣿⣿⣿⣿⢈⠛⢿⣿⣿⣿⣿⣷⣤⡁⣿⣿⣿⣿⣿⣿
⠀⠀⠀⣿⣿⣿⣿⣿⣿⠸⠀⠀⠙⠻⣿⣿⣿⣿⣿⣿⣿⣿⣿⣿⣿
⡇⣶⣾⣿⣿⣿⣿⣿⣿⣶⣶⠈⠀⠀⠈⠛⢿⣿⣿⣿⣿⣿⣿⣿⣿⣷⣶⢸
⡇⠿⠿⠿⠿⠿⠿⠿⠿⠿⠟⠀⠀⠀⠀⠀⠀⠙⠻⠿⠿⠿⠿⠿⠿⠿⠿⢸
⡤⠴⠐⢚⣃⣛⣋⣚⣙⣘⠃⠆⠴⢄
⠀⠀⠚⠛⠛⠛⢿⡿⠿⠿⠿⠓⠂
⢀⡀⣤⠄⣶⡖⣞⠈⢿⣤⡟⣰⡯⣷⡄⣲⡖⢢⡄⢠⣀
⡿⠙⠛⠀⢉⣉⣉⣀⣠⣤⣤⣤⡴⢤⣄⣈⠉⠉⠁⠛⠸⢧
⠀⠀⢀⣈⣭⣭⢽⣿⣿⡿⠿⠿⢿⣾⣿⣿⣿⠷⠦⣄
⠀⠀⠀⠀⠀⠀⠈⠁⠀⠒⢿⠿⠛⠋⠉⠉⠉⠉⠁
⠀⠀⢀⣠⠀⢤⣖⣒⠒⠈⢿⣇⣸⡟⢠⣿⣻⣧⠀⢰⣶⠲⣤⡀⠀⣀
⢺⡟⢾⡿⠀⠞⠓⠚⠛⠀⠀⠉⠉⠀⠉⢉⣈⠉⠁⠘⠛⠒⠛⠃⢼⡯⢿⡄
⠋⠁⠀⠀⠤⠶⠶⠶⠿⣿⣿⣿⣿⣿⣿⣿⣍⣽⣿⣶⣶⣤⣄⠀⠀⠀⠈⠙
⠀⠀⠀⠤⠶⠶⠶⠛⣻⡿⠿⠿⢛⣛⡛⣛⣿⣿⣿⣿⣿⣟⣛⡛⠷⠄
⠀⠀⠀⠀⠀⠀⠀⠀⠀⠀⠀⠈⠛⢿⠟⠛⠉⠉⠁⠀⠀⠀⠀⠉
⠀⠀⠀⠀⢀⣀⡰⠦⢂⠀⢒⡦⠤⣀
⢠⣶⠒⢻⡿⠛⡿⢿⣥⠄⡽⢼⠮⡅
⠾⣇⣀⣚⣁⣴⣁⡾⡄⠼⠠⠾⠴⠃
⠀⠀⠀⠀⠀⠀⠀⠀⠀⣀⣰⣆⡤⠄⠀⠒⠂⢤⣤⣄⣀
⠀⢀⣀⣠⣤⣴⣶⣾⣿⣿⣶⣶⡴⡊⠁⠰⢲⡞⣲⢀⠿⠃
⢀⣿⡿⠁⠀⣸⣿⠃⠉⣹⠋⢉⠟⠲⠋⣹⠋⠉⠿⠉⢹⠂
⠸⠿⣥⣤⣀⣙⣡⡤⠴⠧⠤⠾⠷⠤⠤⠧⠤⠾⠧⠤⠟
⠀⠀⠀⠀⠀⠀⠀⠀⠀⠀⠀⠀⠀⢲⡤⠤⠤⠄⠀⠒⠒⢀⣠⢤⣀⣀
⠀⠀⠀⠀⠀⠀⣀⣀⣤⣤⣶⣾⣭⣁⣩⣍⣠⠔⠂⢀⡤⣤⡭⢍⣉⢹⣟⠆
⠀⢠⣶⣶⠛⠛⠛⢿⣿⡿⠿⠿⢿⠿⣿⢿⡴⣂⡠⠬⣥⠿⠴⣾⡴⠤⢄
⢀⣾⣿⠏⠀⠀⢠⣿⡟⠀⠀⢠⡟⠀⢀⡎⠉⠋⠀⣰⠃⠀⣀⡛⠁⢀⡞
⠘⠿⠿⣤⣤⣤⣬⣭⡤⠤⠴⠿⠤⠤⠾⠿⠦⠤⠴⠿⠤⠴⠿⠷⠶⠾⠃
⠀⠀⢀⣤⡶⢞⡻⢋⣷⣶⠠
⣶⠲⡟⣟⠚⣿⡖⢺⠟⡟⣟⢳⡒⣶
⠿⢳⡿⠿⠿⠿⠿⠿⠿⠿⠿⢿⡟⠾
⠀⠀⠀⠀⠀⢀⣠⣴⣶⠾⠿⠿⢕⣶⣶⠦⢄
⠀⠀⢀⣤⣶⣿⡟⣋⣥⠾⠋⠰⣶⣿⣿⣿⣤⣧⡀
⣶⠒⠖⡖⢒⣖⢛⠻⣳⣶⠻⠞⣿⠓⣟⢻⣻⢛⣳⠒⠖⣶
⣿⢰⣄⣇⣚⣿⣤⣤⢿⡿⣼⡧⣧⡶⣼⣤⣿⣔⣻⣰⡄⣿
⠛⠉⢹⡯⠿⠾⠚⠛⠚⠓⠛⠛⠓⠓⠛⠓⠾⠯⢽⡏⠉⠛
⠀⠀⠀⠀⠀⠀⠀⢀⣠⣤⣶⣶⣿⠿⠿⠕⣒⢦⡦⠤⣀
⠀⠀⠀⠀⢀⣠⡼⣟⡿⠟⢋⣠⣴⠖⠀⡴⣼⣾⣿⣶⣀⠸⡀
⣀⣀⣀⣈⣉⣉⣛⣓⣶⣾⣿⣋⣠⣴⣠⣾⣿⣻⣿⣿⣿⣿⣯⣆⣀⣀⣀⣀
⣿⡇⡈⢠⡇⢐⣺⡆⠃⠘⣸⣿⡇⢸⡃⢾⢃⡀⢧⠘⢰⡇⢐⣺⠂⡘⢰⣿
⣿⣇⣿⣬⣧⣬⡾⣷⢾⡷⠻⣿⢻⢻⡟⣿⢿⠷⣾⡷⡿⣷⣬⣽⣥⣷⣸⣿
⠉⠉⠁⢸⠭⠿⠷⠛⠚⠛⠛⠋⠉⠉⠉⠉⠉⠛⠛⠓⠓⠿⠶⠭⡇⠈⠉⠉
⠀⢀⣴⣶⣶⣾⣿⣿⣷⣶⣶⣦⡀
⠀⢛⣿⣿⣿⣟⠛⠛⣻⣿⣿⣿⡓
⠰⣹⣿⣥⣾⣿⣶⣴⣿⣷⣬⣿⣏⠆
⠀⠈⠙⠯⣿⣿⣿⣿⣿⣿⠽⠋⠁
⠀⠀⠀⠀⠈⠙⢿⡿⠋⠁
⠀⠀⠀⣠⣤⣴⣶⣶⣶⣶⣶⣶⣶⣶⣶⣶⣦⣤⡀
⠀⠠⣾⢿⣿⣿⣿⣿⣿⣿⣿⣿⣿⣿⣿⣿⣿⣿⡿⣆
⠀⠀⣩⣾⣿⡷⠾⣿⣶⠄⠀⠀⠠⣶⣿⠿⢾⣿⣷⣍
⠐⢎⠽⣿⣯⣀⡰⣾⣿⣓⠆⠰⣞⣻⣿⣆⣀⣽⣿⠯⡱⠂
⠀⠀⠙⠲⢭⣛⢿⣾⣿⡼⣷⣾⢧⣿⣷⡿⣛⡭⠖⠋
⠀⠀⠀⠀⠀⠈⠙⠮⣝⠿⣿⣿⠿⣫⠵⠊⠁
⠀⠀⠀⠀⠀⠀⠀⠀⠈⠙⠮⠵⠋⠁
⠀⠀⠀⠀⢀⣠⣤⣤⣤⣶⣶⣶⣶⣶⣶⣶⣶⣶⣶⣦⣤⣤⣄
⠀⠀⢀⣴⣿⣿⣿⣿⣿⣿⣿⣿⣿⣿⣿⣿⣿⣿⣿⣿⣿⣿⣿⣷⣄
⠀⠀⠳⡯⢙⣿⣿⠻⢿⣟⡻⠛⠛⠛⠛⠛⠛⢛⣻⠭⢿⣻⣿⡛⢽⠆
⠀⠀⣀⣴⣿⡿⠿⠛⠛⢿⠿⡳⠀⠀⠀⠀⢞⡿⡿⠛⠛⠿⢿⣿⣶⣄
⠀⠶⡨⢽⣿⣯⣁⣀⠴⣾⣿⣛⡻⡄⢀⢟⡛⣿⣿⡲⢀⣈⣭⣿⡿⠍⠶
⠀⠀⠙⠷⢮⣝⠻⣿⣿⣬⡻⣇⢻⣶⣶⡿⣸⢟⣧⣿⣿⠟⣋⡥⠶⠋
⠀⠀⠀⠀⠀⠈⠙⠶⣍⡻⢿⣼⣽⣿⣿⢧⣯⡿⢟⣩⠶⠛⠁
⠀⠀⠀⠀⠀⠀⠀⠀⠀⠙⠳⣬⡓⢿⡿⢟⣭⠖⠋
⠀⠀⠀⠀⠀⠀⠀⠀⠀⠀⠀⠀⠙⠳⠖⠋
⠀⠀⠀⠀⠀⠲⡞⢿⣷⠂
⠀⠀⢄⡠⣤⣿⣏⣵⣿⠁⣆
⣔⡐⣖⣑⢸⣯⢻⡟⡽⡂⡾⣺⢋⡟
⠀⠀⠀⠀⠀⠀⠀⠀⢤⣴⡾⣿⠿⣦⠴
⠀⠀⠀⡠⠄⠀⢂⠀⣶⣾⠦⠾⣭⣿⠖⠠⡀
⠀⠀⠀⠙⠢⡌⠻⣿⣿⣿⣶⣿⣿⣿⡂⠀⣧⠤⣤⣤⣄⣄
⣸⣡⣙⣸⣣⣝⣍⣽⡿⣝⣻⣿⣩⡾⣩⣉⣿⣡⣿⢃⣷⡏
⠀⠀⠀⠀⠀⠀⠀⠀⠀⠀⣤⣤⣴⣾⣿⣿⣷⣤⡤⠄
⠀⠀⠀⠀⠀⢀⣀⠀⠤⠄⢤⣬⣮⣀⠬⠖⢲⣧⣀⣀
⠀⠀⠀⠀⢎⡁⠐⢠⣲⣠⣿⣿⣇⣊⣨⣽⣿⣿⡠⠀⢹
⢀⣀⣀⣀⣀⣉⣳⣀⣘⣿⣿⣿⣿⣿⣿⣿⣿⢻⣀⣀⣩⣯⡋⣳⣶⣖⠲⣖
⣼⣃⣦⣃⣼⣃⣦⣭⣀⣾⣿⣶⣍⣻⣿⣃⣾⣟⣰⣂⣿⣏⣸⣿⣃⣸⣿⡍
⢹⣿⠻⣦⡽⢛⣽⣿⢟⡛⠄⢻⣿⠁
⠉⠉⠱⡥⠞⠛⠛⠛⠈⠙⠛⠋⠉
⠉⣿⣿⡟⢿⣶⣬⠽⢛⣫⣵⣾⣿⢟⣛⠻⠀⠙⣿⣿⡏⠁
⠉⠉⠉⠉⢶⡥⠶⠚⠓⠛⠛⠋⠓⠈⠉⠛⠛⠛⠉⠉⠁
⠛⢻⣿⣿⣿⣿⣷⣄⣘⣻⠿⠟⢛⣳⣼⣿⣿⠿⠿⢟⠤⠬⠹⣿⣿⣿⠛⠃
⣀⣼⣿⣿⣇⣈⡻⠟⢛⣡⣄⣻⣿⣿⣿⣿⡉⢷⣶⣌⣉⣀⣤⣿⣿⠿
⠀⠀⠀⠀⠀⠸⣴⠟⠛⠋⠉⠉⠉⠉⠉⠈
⣀⣀⣀⣻⣿⣿⣦⣼⣿⣿⣇⣀⣀
⠈⠉⠉⣽⣿⣿⠛⢿⣿⣿⡇
⠀⠀⠀⠀⠀⣿⣿⣿⣿⣷⣤⡰⣿⣿⣿⣿⡿
⠲⢶⣶⣾⠶⢾⣿⣿⣿⢿⣿⣿⣾⣿⣿⣿⠶⠶⠶⠒⠒
⠀⠀⠀⠀⠀⣿⣿⣿⣿⡷⠉⠻⣿⣿⣿⣿⣷
⠀⠀⠀⠀⠀⠀⣿⣿⣿⣿⣿⣿⣦⡀⠀⣿⣿⣿⣿⣿⣿⡇
⣀⣀⣀⣀⣤⣄⣉⣿⣿⣿⣟⣿⣿⣿⣷⣭⣿⣿⣿⣿⣏⣁⣀⣀⣀⣀⡀
⠈⠙⠿⠟⠛⠋⣉⣿⣿⣿⣿⣏⡻⣿⣿⣿⣯⣿⣿⣿⣏⡉⠉⠉⠁
⠀⠀⠀⠀⠀⠀⣿⣿⣿⣿⣿⣿⡇⠀⠙⠿⣿⣿⣿⣿⣿⡇
⠀⡠⢔⠂⠉⠭⠍⣉⣉⣐⣶⠄
⠎⣴⣷⣿⠿⣿⣶⣞⣁⣒⡠⠐⠉⠁
⠀⠘⠛⠿⣿⢿⣿⣿⣛⣿⡷⠄
⠀⠀⠀⠀⠉⠢⠉⠉⠛⠛⠛
⠀⠀⢀⣠⠤⠖⠒⠚⠉⠉⠉⠉⠙⠓⠒⠲⢤⣄⡀
⢀⠔⢉⠤⣒⣉⣉⣉⣉⣉⡉⢉⡳⠖⠚⠛⠛⠒⢒⣢⠤⠄
⠧⢠⣿⣿⣿⣿⠿⠿⣿⣿⡿⣿⣌⣉⣉⣉⡹⠚⠁
⠀⠀⣹⠿⠿⣿⣶⣶⣿⣿⡇⣼⠿⠿⣿⣿⢷⡀
⠀⠀⠀⠀⠀⠀⠹⢟⡉⠙⣷⠿⢷⣶⣿⣿⡇⡇
⠀⠀⠀⠀⠀⠀⠀⠀⠙⡄⠀⠀⠀⠈⠉⠉⠈⠁
⠀⠀⠀⠀⢀⣠⡤⠴⠖⠒⠛⠛⠛⠛⠛⠛⠓⠲⠶⠦⣤⣄⡀
⠀⢀⡴⠚⢉⣀⡤⠴⠒⠒⠒⠒⠒⠶⠦⢤⣤⣀⣤⣴⣶⣟⣉⣉⣀⡀
⣰⠋⢀⣔⣫⣴⣶⣶⣶⣶⣶⣶⣦⣤⣠⣖⣋⣁⣀⣀⣀⡀⢀⡤⠞⠛⠉⠁
⠧⠄⣾⣿⣿⣿⣿⡿⠛⠛⢿⣿⣿⡿⢿⣧⣤⣤⣄⣀⣠⠞⠉
⠀⠀⠈⣻⣿⣿⣿⣿⣶⣶⣿⣿⣿⡇⣼⣿⣿⣿⣿⣿⣿⣆
⠀⠀⠈⠉⠀⠀⠉⠛⣛⣿⠿⠿⣿⣧⣿⣯⣄⣠⣿⣿⡦⢹⠆
⠀⠀⠀⠀⠀⠀⠀⠀⠉⠳⢤⡀⠬⠟⠛⠛⠿⢿⣿⣿⡇⣸⠂
⠀⠀⠀⠀⠀⠀⠀⠀⠀⠀⠈⠳⠀⠀⠀⠀⠀⠈
⢀⠀⣀⣠⣤⣤⡤⠀⠒⠀⢠⣄⠀⡀
⡇⢾⡿⣿⣿⠋⠠⣄⡀⢀⣤⣌⡷⢸
⠈⠀⠁⠈⠛⠧⡀⠸⠷⠶⠛⠋⠀⠁
⠀⠀⣀⠤⠐⣒⣀⣉⣉⣉⣉⣛⠻⠭⡍⠐⣒⣂⠤⣀
⡴⢋⣴⣿⣿⣿⣿⣿⡿⠛⢃⠀⠀⠀⠀⠒⠈⠙⠿⣶⡝⢦
⠳⣜⠿⣿⠛⣿⣿⣿⡀⠀⠙⢷⣶⡄⠀⠶⣿⣿⣶⠿⣣⠞
⠀⠀⠉⠒⠠⠤⠍⣛⣛⣆⣀⣀⣿⣿⣛⠛⠯⠍⠒⠉
⠀⠀⠀⢀⣠⠤⠔⠒⢒⣉⣉⣉⡉⠩⠭⠭⠭⣍⡉⠒⢒⡢⠤⢄⡀
⢀⡴⢊⣥⣶⣾⣿⣿⣿⣿⣿⣿⠿⠍⠉⠉⠂⠀⠀⢀⣘⠛⢿⣶⣬⡑⢦⡀
⣿⠀⣿⣿⣿⣿⣿⣿⣿⣿⠏⠀⠀⣶⣄⣀⡀⠀⠀⢀⣀⣤⣄⢈⣿⣿⠀⣿
⠈⠳⢌⡛⠿⠀⠻⢿⣿⣿⣆⠀⠀⠈⠛⣿⣷⣄⡈⢛⣻⣿⣿⠿⢛⡡⠞⠁
⠀⠀⠀⠈⠑⠒⠢⠤⠬⣉⣛⣓⣂⣀⣀⣚⣛⣛⣛⠭⠭⠕⠒⠊⠁
⠀⠀⠀⠀⣿⠟⠉⠉⠙⣿⡀
⢀⣿⣉⣭⢭⠀⠉⢠⠤⢍⡹⣧
⠘⢛⣿⠃⣘⣂⣒⠚⠀⠀⠘⢿⡄
⣶⣟⣁⣸⣿⠀⠀⢸⣷⣀⣀⣈⣻⣶
⠀⠀⠀⣶⣿⣠⣤⣼⣿⣶
⠀⠀⠀⠀⠀⠀⢸⣿⣿⠛⠛⠛⠛⠛⣿⣿
⠀⢀⣤⡤⠤⠤⠾⠿⠁⠴⠆⠠⠤⠤⠽⠿⢦⣤⡀
⢀⣾⡿⣠⣶⣶⠖⣲⠀⠀⠀⠀⡖⠒⠒⠢⣌⣿⣷
⠈⠙⢛⣿⡿⠃⠀⢙⣒⡒⠒⠒⠳⠀⠀⠀⠈⢻⣿⡅
⣀⣤⣿⠟⠀⢰⣿⣿⠀⠉⠉⠙⣶⣤⠀⠀⠀⠀⠹⣿⣦⣄
⠛⠛⠒⠒⠒⠒⣿⣿⠀⠀⠀⠀⣿⣿⠒⠲⠶⠶⠶⠶⠿⠿
⠀⠀⠀⠀⢸⣿⣿⣯⣤⣤⣤⣤⣽⣿⣿⡇
⠀⠀⠀⠀⠀⠀⠀⠀⢸⣿⣿⠿⠿⠿⠿⠿⠿⢿⣿⣿⡇
⠀⠀⢀⣀⣀⣀⣀⣀⣼⣿⠟⠁⣠⠀⠀⠀⠀⠈⢻⣿⣧⣀⣀
⠀⢀⣿⣿⠋⠛⢛⣛⣛⣛⠒⠛⠛⠛⠚⢛⣛⣛⡛⠛⠉⢿⣿⣆
⠀⣾⣿⣏⣴⣿⣿⡟⠁⣽⠀⠀⠀⠀⠀⣿⠁⠉⠉⠙⠲⣜⣿⣿⡄
⠈⠉⠙⢛⣿⣿⠏⠀⠀⠋⠙⠛⠛⠒⠒⠿⠆⠀⠀⠀⠀⠈⢿⣿⣇
⠀⠀⣴⣿⡿⠃⠀⣴⣿⣿⠉⠉⠙⠛⠒⣦⣤⡀⠀⠀⠀⠀⠈⢻⣿⣦⡀
⣿⣿⣿⣋⣤⣤⣬⣿⣿⣿⠀⠀⠀⠀⠀⣿⣿⣿⣡⣤⣤⣤⣤⣤⣽⣿⣿⣿
⠉⠉⠉⠉⠉⢉⣉⣩⣿⣿⠀⠀⠀⠀⠀⢿⣿⣯⣉⡉⠉⠉⠉⠉⠉⠉⠉⠉
⠀⠀⠀⠀⠀⠀⣿⣿⣿⣷⣶⣶⣶⣶⣶⣶⣿⣿⣿⡇
⠀⠉⠻⢦⡬⠉⡉⠉⠰⠦⣢⣤⣄⡀
⠀⠀⠀⠀⠙⡦⠽⠶⠺⠿⠯⠍⠙⠛
⠀⠉⠛⢻⣯⣭⣉⠉⠉⠉⠛⠛⠁⢠⣖⡂⢤⣀⣀
⠀⠀⠀⠀⠀⠉⠻⣝⢂⢺⣦⠄⣀⣀⣭⣥⠾⠿⠿⢿⣷⣦
⠀⠀⠀⠀⠀⠀⠀⢸⠦⠖⠒⠛⠛⠛⠛⠛⠿⠦⠀⠀⠉⠁
⠀⠐⠛⠛⡻⠭⣍⡉⠉⠉⠉⠛⠛⠛⠛⠒⣒⣒⠢⠤⢄⡀
⠀⠀⠀⠀⠈⠙⠻⢿⣓⠦⡐⢄⠠⡀⠀⠀⠀⠙⠟⠓⣀⣽⣿⣷⣶⣦⣄⡀
⠀⠀⠀⠀⠀⠀⠀⠀⠈⢳⡀⠄⠡⠄⣃⣤⣴⣶⣿⣿⣟⡛⠉⠉⠛⢻⣿⠿
⠀⠀⠀⠀⠀⠀⠀⠀⠀⢨⠷⠒⠛⠉⠉⠉⠉⠉⠉⠛⠛⠚⠒⠂
⢀⣠⣾⣿⣿⣾⣿⡿⠿⣷⣾⣿⣷⣄
⣿⣿⣏⣿⣿⡟⠿⣿⣦⣾⣿⣿⣉⡁
⠈⠙⢿⣿⡿⢷⣶⣾⣿⡿⣿⣿⡿⠋
⠀⠀⠀⣶⣾⣿⣿⣶⣶⣶⣶⣶⣶⣶⣶⣶⣾⣿⣿⣶
⢠⣴⣿⣿⣿⣿⣿⣿⣿⣿⣿⣏⡉⠛⢛⣿⣿⣿⣿⣿⣿⠷
⣿⣿⣿⣿⣹⣿⣿⣿⣿⠻⣿⣿⣿⣷⣼⣿⣿⣿⡇⣉
⠘⠻⣿⣿⣿⣿⣿⣿⣧⣤⣄⣙⣿⣿⣿⣿⣿⣿⣿⣿⣿⡶
⠀⠀⠀⠿⢿⣿⣿⠿⠿⠿⠿⠿⠿⠿⠿⠿⣿⣿⣿⠿
⠀⠀⠀⠀⢴⣶⣿⣿⣿⣶⣶⣶⣶⣶⣶⣶⣶⣶⣶⣶⣶⣿⣿⣷⣶⡦
⠀⣠⣴⣾⣿⣿⣿⣿⣿⣿⣿⣿⣿⣿⡛⠿⠿⠿⠿⣿⣿⣿⣿⣿⣿⣿⣶⣤
⣾⣿⣿⣿⣿⠟⣿⣿⣿⣿⣿⣿⣿⣿⣿⣷⣦⣀⢰⣿⣿⣿⣿⡟⠻⠟⠋
⢿⣿⣿⣿⣿⣦⣿⣿⣿⣿⣿⠀⠙⠻⣿⣿⣿⣿⣿⣿⣿⣿⣿⣧⣴⣦⣀
⠀⠙⠻⢿⣿⣿⣿⣿⣿⣿⣿⣶⣶⣶⣶⣽⣿⣿⣿⣿⣿⣿⣿⣿⣿⣿⠿⠛
⠀⠀⠀⠀⠺⠿⣿⣿⡿⠿⠿⠿⠿⠿⠿⠿⠿⠿⠿⠿⢿⣿⣿⡿⠿⠗
⠈⢹⣿⣶⣤⡀⠀⠉⠈⠙⠻⠛⠿⡶
⠀⠛⠛⠀⠙⠿⡗⠀⠴⠖⠚⠛⠛⠁
⠈⠛⠻⣿⣿⣶⣤⡀⠀⠀⠉⠉⠃⠐⠛⠛⠻⠿⢿⣿⣶⣦
⠀⢀⣾⣿⡿⠛⢿⣿⣷⣤⣀⠀⠀⠀⠀⣀⣈⣡⣤⣬⣿⠃
⠀⠘⠛⠛⠁⠀⠀⠈⠛⢿⠏⠀⠐⠛⠛⠛⠛⠛⠋⠉
⠀⠒⠲⢶⣶⣾⣶⣤⡄⠀⠀⠀⠀⠐⠒⠒⠀⠒⠶⠶⠶⢶⣶⣶⣶⣶⣶⣤
⠀⠀⠀⣼⣿⣿⣿⣿⣿⣶⣦⠀⠀⠀⠀⠀⠀⠀⠀⠀⠐⠒⠂⠉⠙⠻⣿⠏
⠀⠀⣼⣿⣿⡟⠀⠈⠻⢿⣿⣿⣷⡶⠀⠀⢀⣀⣤⣤⣶⣶⣶⣾⣿⡶⠋
⠀⠈⠉⠉⠉⠀⠀⠀⠀⠀⠉⠻⡿⠁⠀⠈⠉⠉⠉⠉⠉⠉⠉⠁
⠀⣀⣠⣤⣶⣿⣿⣿⢷⣶⡶⣶⡄
⠘⠙⠓⠛⠋⠛⢷⡿⠿⠟⠓⠋⠒⠐
⠀⠀⠀⢀⣀⣀⣤⣶⣶⣿⣿⣿⣷⣶⣤⣴⠒⡶⢦⡀
⢀⣾⢷⣾⣫⣿⣻⣿⣻⣿⣟⣿⣏⣾⣿⣿⡍⣹⣿⢋⣀⡀
⠈⠁⠈⠁⠉⠉⠁⠀⠉⠙⣿⠿⠟⠻⠛⠁⠙⠉⠀⠙⠒⠈
⠀⠀⠀⠀⠀⠀⠀⢀⣤⣴⣶⣖⣒⣒⣺⣷⣶⣦⣄⣤⡴⢶⣶⣄
⠀⢠⣤⣄⣴⡿⢿⣿⢿⣿⢿⣿⠿⡿⢿⣿⢛⣿⣿⣿⠒⠞⠷⣝⣷
⠠⠾⠟⢿⠿⢥⠿⠧⠾⠿⢾⣽⣿⣦⣿⣧⣾⣿⣿⡿⣿⣰⡿⠿⢣⡶⠖⣆
⠀⠀⠀⠀⠀⠀⠀⠀⠀⠀⠀⠀⠙⠿⠿⠟⠋⠛⠋⠀⠈⠁⠀⠀⠀⠉⠈
⢤⢀⣼⣬⣹⣽⣯⣯⣇⡿⣭⡧⣀⢄
⠼⠸⣷⣼⠼⠼⠶⠾⠷⠧⣧⣧⠿⠸
⠀⠀⠀⠘⡏⠙⠉⡏⢹⢹⡏⡽⢹⡏⣽⡏⠿⢹
⢲⡖⢢⣼⡧⣿⡴⢷⠾⡼⢧⡷⣼⠧⡿⢧⠿⣼⠛⣡⠒⣦
⢸⡇⢠⣾⡇⠿⣇⢻⣀⣟⣸⣅⣿⢀⣟⠸⠇⣿⠀⣿⠀⣿
⠚⠓⠚⢻⣭⠿⠭⠿⠭⠯⠽⠯⠿⠭⠯⠽⠯⣽⡗⠛⠒⠛
⠀⠀⠀⠀⠘⣯⠉⠻⠙⡟⢩⡍⢻⡏⣩⠙⣯⠉⣽⡏⢹⡏⢻
⢤⡤⠤⠤⢤⣟⣸⣆⣀⣧⣘⣃⣸⣇⣿⣘⣿⣀⣿⣇⣰⣆⣸⠴⠦⠤⢤⣀
⠀⡇⠀⠿⢿⡇⢸⣿⠁⣴⡄⢹⡇⢰⠆⢹⡇⢸⣧⠀⣦⠈⣿⠀⢸⡇⠀⣿
⢀⡇⠀⣿⣿⣇⣘⣻⣄⣙⣡⣼⣧⣼⣦⣽⣧⣼⣏⣀⣛⣀⣿⠀⢸⡇⠀⣿
⠛⠛⠉⠉⢻⡭⠼⠾⠴⠿⠶⠞⠒⠚⠓⠚⠳⠶⠷⠤⠿⠤⢽⡏⠉⠉⠓⠛
⣰⣶⣤⣀⠀⣶⣤⡀
⠽⢿⣿⣿⣿⣿⣿⣿⣷⣦⣀
⠀⠀⠀⢉⣙⣛⣻⣿⣿⣿⣿⣇
⠀⠀⠀⠀⠈⠙⠛⠉⠉⠛⠿⣟⠛⠲
⢠⣶⣤⣀⠀⠀⠀⠰⣦⣄⡀
⠶⣾⣭⣛⡿⣷⣦⣜⡳⢯⣟⡶⣤⣀
⠘⠳⠾⣭⣿⣻⣾⣿⣿⣷⣮⣽⣳⠿⣿⣦⣄
⠀⠀⠀⠀⠈⠉⠙⠛⠿⠿⣿⣿⣿⣿⣶⣭⣛⢷
⠀⠀⠀⠀⠀⠐⠒⠶⣶⣶⣶⣿⣿⣿⣿⣿⣿⣷⣴⣦⣄
⠀⠀⠀⠀⠀⠀⠀⠀⠀⠉⠁⠀⠀⠀⠈⠛⠻⣯⠭⠉⠉⠓
⢀⣴⣤⣀⠀⠀⠀⠀⠀⢠⣦⣄
⣨⣟⡻⠿⣿⣶⣤⣄⡀⢠⣯⣛⠿⣶⣄⡀
⢉⣟⠿⢷⣶⣭⣟⡻⢿⣷⣮⣝⡻⢶⣭⣛⢷⣦⣀
⠈⠛⠻⠷⣶⣭⣝⣻⠿⣾⣭⣟⡿⣷⣮⣝⡻⠾⣽⣿⣦⣄
⠀⠀⠀⠀⠀⠈⠉⠙⠛⠷⢾⣭⣟⣿⢿⣿⣿⣷⣦⣍⡛⢿⣧
⠀⠀⠀⠀⠀⠀⠀⢤⣤⣤⣤⣤⣭⣉⣿⣿⣿⣿⣿⣿⣿⣷⣌⢠⣀
⠀⠀⠀⠀⠀⠀⠀⠀⠀⠙⠻⢿⠿⠿⠿⠟⠛⠿⢿⣿⣿⣿⣿⠿⣿⣿⣶⡀
⠀⠀⠀⠀⠀⠀⠀⠀⠀⠀⠀⠀⠀⠀⠀⠀⠀⠀⠀⠈⠙⠻⡧⠤⠄⠀⠈⠉
⠀⠀⠀⣠⢞⡝⢦⣀⣠⠤⣄
⠀⣠⣼⣋⣼⣶⣟⡫⢭⡙⠛⣆⡀
⣸⣿⡿⢿⣍⠀⠀⠀⠀⠀⠀⣈⣻⠏
⠻⣿⣟⠶⠮⠁⠀⠀⢹⠿⡿⠁
⠀⠀⠉⠛⠿⡶⠦⠴⠖⠛⠁
⠀⠀⠀⠀⠀⢀⣴⢟⣛⢶⣄⠀⠀⢀⣠⣤⡄
⠀⠀⠀⠀⣴⣿⠇⣾⣃⣠⣿⡿⠟⠻⢧⢾⣿⣀
⠀⣠⣴⣿⣯⣵⣶⣿⠿⠿⠯⣄⠒⠒⠦⠀⠀⠿⢧⣤⣄⣀
⢠⣿⣿⣿⡿⣿⣇⠀⠀⠀⠀⠀⠀⠀⢀⣀⣀⢀⣈⣻⡿⠋
⢿⣿⣿⡿⣶⣤⣍⠙⠂⠀⠀⠀⠙⣿⣶⣶⣶⠞⠋⠉
⠀⠙⠻⣿⣶⣬⣉⣉⡂⠀⠀⠀⠀⢚⣉⣥⠟
⠀⠀⠀⠀⠈⠙⠛⠿⡿⠿⠶⠖⠛⠛⠉⠁
⠀⠀⠀⠀⠀⠀⠀⣠⣾⡿⠛⢶⣦⡀⠀⠀⠀⠀⣀⣀⣀
⠀⠀⠀⠀⠀⢀⣴⣿⡏⣼⡟⠂⢙⣿⣶⣶⣶⣾⡋⣍⣿⡇
⠀⠀⠀⢀⣠⣿⡿⠏⢀⣿⣷⣶⣿⡿⠛⣁⣀⡈⠙⠙⠟⢻⣶⡀
⠀⣠⣾⣿⣿⣷⣾⣿⣿⡿⠟⠛⠛⠳⠤⠍⠙⠉⠛⠃⠀⠙⠛⢻⣶⡶⣤⣄
⢀⣿⣿⣿⣿⡿⣿⣿⡒⠀⠀⠀⠀⠀⠀⠀⠀⣀⣀⡀⠀⠀⢀⣈⣙⣿⡿⠁
⣾⣿⣿⣿⣿⣅⣌⢉⠛⠳⠦⠀⠀⠀⠀⠒⣲⣶⣦⣬⣭⣴⠾⠟⠛⠋
⠘⠿⣿⣿⣮⣙⠛⠿⠳⠦⣄⠀⠀⠀⠀⠀⢈⣿⡿⠿⣻⡿
⠀⠀⠈⠙⠻⢿⣿⣶⣴⣶⣤⣀⡀⠀⠀⣀⣠⣤⣦⡾⠟
⠀⠀⠀⠀⠀⠀⠈⠉⠛⠻⢿⠿⠿⠟⠛⠛⠋⠉
⠀⢀⣤⣀⣠⢀⣤⣄⡀⣄⠀⣠⡀
⠀⠈⠁⠈⠉⠉⠀⠈⠉⠉⠉⠉
⠀⠀⢰⣶⢦⣄⣰⣶⠀⣰⡶⢶⣆⠀⣶⡆⠀⢰⣶
⠀⠀⠘⠛⠀⠉⠛⠋⠚⠁⠀⠒⠛⠓⠙⠓⠒⠚⠛
⠀⠀⠀⢲⣶⣶⣤⣀⣶⣶⠀⣀⣶⠶⠲⣦⣀⢰⣶⡆⠀⠀⢰⣶⡆
⠀⠀⠀⠘⠛⠀⠈⠙⠛⠋⠚⠋⠀⠀⠒⠚⠛⠓⠙⠓⠒⠒⠚⠛⠃
⢰⣿⠍⠙⠛⠛⢿⡿⠛⠛⠋⠩⣿⡆
⣼⠇⣄⠀⠐⠂⠀⠀⠐⠂⠀⣠⠸⣧
⠻⣧⣜⣱⣾⣐⣿⣿⣂⣷⣎⣣⣼⠟
⠀⠀⠉⠛⠛⠷⣭⣭⠾⠛⠛⠉
⢠⣶⣛⣍⠙⠓⠒⠚⠛⣻⣷⣾⣟⠛⠓⠒⠚⠋⣩⣛⣶⡄
⠈⣿⡟⠁⠀⠀⠀⠀⠀⠈⠉⠉⠁⠀⠀⠀⠀⠀⠈⢻⣿⠁
⣼⣿⠀⢴⡀⠀⠀⠙⠓⠀⠀⠀⠀⠚⠋⠀⠀⢀⡦⠀⣿⣧
⢻⣿⣄⣈⠻⢡⣠⣾⠠⢶⣿⣿⡶⠄⣷⣄⡌⠟⣁⣠⣿⡟
⠀⠙⠻⢿⣷⣦⣿⣿⣟⠿⣿⡿⠿⣻⣿⣿⣴⣾⡿⠟⠋
⠀⠀⠀⠀⠀⠈⠉⠙⠻⠷⠶⡶⠾⠟⠉⠉⠁
⠀⣴⡾⣛⣛⠛⠛⠲⠖⠒⢒⣒⣲⣶⣶⣖⣒⡒⠒⠲⠖⠛⠛⣙⣛⢷⣦
⠀⢻⣿⡟⠋⠀⠀⠀⠀⠀⠀⠀⠙⠛⠛⠋⠀⠀⠀⠀⠀⠀⠀⠙⢻⣿⡟
⣠⣿⡿⠀⣠⠀⠀⠀⠀⠴⠦⠄⠀⠀⠀⠀⠠⠴⠦⠀⠀⠀⠀⣄⠀⢿⣿⣄
⣿⣿⡇⠀⠻⣷⡤⠀⠀⣠⠀⢀⣀⣤⣤⣀⡀⠀⣄⠀⠀⢤⣾⠟⠀⢸⣿⣿
⠘⢿⣿⣦⣶⣌⠀⢷⣾⣿⣀⣉⣻⣿⣿⣟⣉⣀⣿⣷⡾⠀⣁⣶⣴⣿⡿⠃
⠀⠀⠉⠛⠻⠿⣿⣷⣿⣿⣿⡙⠽⠿⠿⠧⣋⣿⣿⣿⣾⣿⠿⠟⠛⠉
⠀⠀⠀⠀⠀⠀⠀⠀⠉⠉⠛⠻⢿⠿⡿⠿⠿⠛⠉⠉
⠀⠀⠀⠀⣴⣳⣴⣷⢤⠤⡀
⠀⢀⣴⣾⣿⠉⠉⠀⢈⣁⣈⣉⣛⠦
⢠⣾⣽⣿⣷⣾⣵⣶⣾⣿⣧⢤⡄
⠸⢿⣿⣿⣿⣿⣿⣿⣿⣿⣿⣿⠇
⠀⠀⠀⠀⠀⠀⢀⡴⢿⣦⣴⣶⣄⣀⣀⡀
⠀⠀⠀⠀⢀⣠⣼⡷⠶⠿⠿⠛⠋⠭⠭⠙⠶⠤⠤⣄⣀
⠀⠀⢀⣴⣿⣿⣿⣛⠁⠀⠀⠀⠀⢀⣀⣀⣀⣀⣀⣡⡼⠃
⠀⣤⣿⣭⣿⣿⣿⣵⣶⣯⣥⣤⣤⣬⣿⣿⣯⣥⣤⣤
⠀⣿⢸⣿⣿⣿⣿⣿⣼⣿⣷⣿⡷⣿⣿⣿⣿⣇⣿⡇
⠐⠛⣾⣻⣻⣟⣟⣿⣚⣿⣗⣻⣿⣿⣟⣿⣿⣻⡟⠓
⠀⠀⠀⠀⠀⠀⠀⠀⢀⣴⢾⣦⣄⣴⣶⣦⡀⠀⢀
⠀⠀⠀⠀⠀⠀⠀⣀⣸⣧⣴⣾⣿⣿⠿⠿⢛⣉⣋⠙⢦⣄⣀⣀⡀
⠀⠀⠀⠀⣠⣴⣿⣿⣿⡯⠄⠀⠀⠀⠀⠀⠀⠈⠀⠁⠀⠀⠀⠈⠛⢛⣳⡆
⠀⠀⢠⣾⡿⢿⣿⣿⣿⠖⣀⣀⡤⠀⠀⠀⠀⢶⣶⣶⣶⠶⠖⠒⠚⠋⠉
⠀⢲⡞⣷⣶⣿⣿⣿⣿⣿⣿⣿⣶⢻⣿⣿⢳⣶⣾⣿⣿⣶⠲⣶⣶⠂
⠀⢸⡇⣿⣿⣿⣿⣿⣟⣿⢿⣿⣿⢸⣿⣿⡸⣿⣿⣿⣿⣿⣠⣿⣿
⠀⠛⢛⣿⣻⣻⣿⣻⣻⣿⣟⣻⣿⣻⣻⣿⣛⣿⣟⣻⣿⣟⣻⣟⠛⠃
⠀⢀⣾⠟⣰⡿⣣⡾⣿⣶⡟⣱⡿⠃
⠀⠙⠿⢞⣛⠑⠉⣁⡀⠘⠂⢱⡄
⠀⠀⠀⠀⠀⠀⠀⠀⢘⣿⠖⠉⠁
⠀⠀⠀⣰⣿⡿⢃⣴⣿⡟⣡⣾⣿⣿⣇⣼⣿⢏⣴⣿⡿⠁
⠀⠀⣾⣿⣿⣤⣾⡿⣫⣴⠟⠛⠘⠛⢛⣛⡡⠞⣛⠋
⠀⠀⠐⠛⠛⠳⠶⠦⠤⢐⡒⠶⠶⣖⣒⣀⢀⣐⣻⡦
⠀⠀⠀⠀⠀⠀⠀⠀⠀⠀⠈⠉⠢⢌⣻⡿⠟⠉
⠀⠀⠀⠀⣠⣿⣿⡿⠁⣰⣿⣿⡟⢁⣾⣿⣿⣿⡇⣰⣿⣿⠋⣰⣿⣿⡟⠁
⠀⠀⢀⣾⣿⣿⠋⣠⣾⣿⡿⠋⣴⣿⣿⣋⣿⣿⠿⢿⣟⣁⠾⠿⠿⠋
⠀⠀⠈⣛⣿⣿⣿⠟⠛⠛⠚⠛⢋⣀⣀⣀⣀⣀⣐⡒⠒⠈⣉⣲⣆
⠀⠀⠀⠀⠀⠀⠈⠉⠉⠓⠒⠒⠬⢅⣉⠙⠫⢭⣥⣤⣄⣤⣤⠽⠟
⠀⠀⠀⠀⠀⠀⠀⠀⠀⠀⠀⠀⠀⠀⠀⠙⠦⢬⣛⡿⠏⠃
⢀⣀⣠⣆⣺⣿⣿⣿⣟⣇⣶⣄⣀⡀
⠀⢈⣭⡽⡿⠷⠷⠾⠾⢿⣯⣭⡁
⠀⠀⠀⠀⢠⡤⡤⣼⢿⢽⢿⡿⡿⣯⣧⢤⣤⡄
⠠⣤⣤⡤⠾⡴⢤⣇⣻⢼⡖⢺⡿⣗⣹⡤⢿⠷⢤⣤⣤⠄
⠀⠀⠉⠛⠛⢿⢶⡿⠤⠼⠧⠼⠧⠤⢿⡶⡿⠛⠛⠉
⠀⠀⢴⣶⠶⠿⠿⠛⠋⠉⠉⠉⠉⠙⠛⠿⠿⠶⣶⡦
⠀⠀⠀⠀⠀⠀⣀⢤⡠⣼⡯⠭⣽⠭⠽⣯⢿⡽⣧⠤⠠⣀
⠀⠀⠀⠀⠀⣠⠇⣄⢁⡟⠸⢇⣿⣨⣅⣿⡮⠍⢻⡈⣭⡿⣄
⠈⠙⠻⢿⣭⣭⣽⣌⣙⣻⠞⠉⣼⠁⠈⣧⠉⠳⣿⣋⣡⣯⣭⣭⡿⠟⠋⠁
⠀⠀⠀⠀⠀⠉⢩⢽⢻⣉⣛⣓⣛⣒⣒⣛⣚⣛⣉⡟⡯⡍⠉
⠀⠀⠀⢶⣶⠿⠟⠪⠿⠉⠉⠉⠉⠉⠉⠉⠉⠉⠉⠿⠕⠻⠿⣶⡶⠄
⢠⣄⣀⣤⣴⣶⣾⣷⣶⣦⣤⣀⣠⡄
⢨⣿⣿⣽⣻⠟⠿⠿⠻⣟⣯⣿⣿⡅
⠻⣿⠈⠙⠶⠦⠄⠀⠴⠶⠋⠁⣿⠟
⠀⠻⣅⠲⣄⠍⠒⠔⠩⣠⠔⣨⠟
⠀⠀⠈⠳⣌⠓⣔⣢⡚⣡⠞⠁
⠀⠀⠀⠀⠈⠓⠻⠟⠚⠁
⠀⡄⠀⠀⠀⠀⢀⣠⣤⣲⣶⣿⣤⣤⣄⡀⠀⠀⠀⠀⢠
⠀⣿⣦⢴⣾⣽⣿⣿⣿⣿⣿⣿⣿⣿⣿⣿⣿⣷⡦⣴⣿⠃
⠀⣼⣿⣷⣮⣭⣛⣻⡛⠻⢿⡿⠟⢛⣟⣛⣭⣵⣾⣿⣧
⣼⡿⣿⠃⠺⠭⣍⣉⠀⠀⠀⠀⠀⠀⣉⣩⠭⠗⠘⣿⡿⣧
⠘⠷⣽⣀⠀⠀⠚⠛⠛⠓⠀⠀⠚⠛⠛⠓⠀⠀⣀⣯⠾⠃
⠀⠰⣯⡑⠀⣄⣀⣀⡛⠲⠤⡤⠖⢛⣀⣀⣠⠄⢊⣽⠖
⠀⠀⠈⠻⣦⠈⠓⢦⠬⠭⢁⡈⠭⠭⡤⠞⠁⣠⠟⠁
⠀⠀⠀⠀⠈⠳⣄⡀⠙⣒⣒⢒⣒⠊⢀⣠⠞⠁
⠀⠀⠀⠀⠀⠀⠈⢿⣄⣹⣿⣿⣏⣠⡿⠁
⠀⠀⠀⠀⠀⠀⠀⠀⠀⠉⠹⠏⠉
⠀⢀⠀⠀⠀⠀⠀⠀⢀⣀⣠⡴⣴⣶⣾⣇⣦⣄⡀⡀⠀⠀⠀⠀⠀⠀⣀
⠀⣿⣦⡀⢀⣀⣶⣶⣾⣿⣿⣿⣿⣿⣿⣿⣿⣿⣿⣿⣶⣶⣄⡀⢀⣴⣿
⠀⠹⣿⣯⣟⠿⢿⣿⣿⣿⣿⣿⣿⣿⣿⣿⣿⣿⣿⣿⣿⡿⠿⣛⣽⣿⠏
⠀⣸⣿⣿⣿⣿⣶⣦⣭⣙⡏⠙⠛⠿⠿⠛⠋⢹⣏⣩⣴⣶⣿⣿⣿⣿⣇
⣸⡿⣿⣿⠃⠲⢬⣍⣉⡉⠀⠀⠀⠀⠀⠀⠀⠀⢈⣉⣩⡭⠖⠈⣿⣿⣿⣧
⠘⣷⡌⣿⠀⠀⠐⠢⠽⣿⣻⠶⡄⠀⠀⢠⡶⣟⣿⠿⠴⠂⠀⠀⣿⢃⣾⠏
⠀⠀⣹⡿⢖⡂⠀⠀⠀⢀⣤⣄⡀⠀⠀⠀⣀⣤⡀⠀⠀⠀⢐⡲⢿⣏⡁
⠀⠈⠻⣷⡍⠀⠲⣦⡤⢤⣄⣈⣙⠲⠖⣋⣁⣠⡤⢤⣴⠖⠀⢉⣼⠟⠁
⠀⠀⠀⠈⠻⣦⡀⠈⠻⣶⡦⠤⢭⣉⣉⣭⠤⢴⣶⠟⠁⢀⣴⠟⠁
⠀⠀⠀⠀⠀⠈⠻⣦⡀⠈⠹⠦⠴⠶⠶⠶⠴⠟⠁⠀⣴⠟⠁
⠀⠀⠀⠀⠀⠀⠀⠈⠻⣷⠀⠸⣿⣷⣼⣿⠗⠀⣼⠟⠁
⠀⠀⠀⠀⠀⠀⠀⠀⠀⠙⠷⠦⣽⣿⣿⣯⠴⠾⠛
⠀⠀⠀⠀⠀⠀⠀⠀⠀⠀⠀⠀⠀⠙⠏
⠀⠀⠀⠈⠙⢿⣿⣿⣿
⠀⠀⠀⠀⠀⠀⠙⢿⣿⣷⣦⡀
⠀⢸⣦⣀⠀⠀⠀⠀⠙⢿⣿⣿⡆
⠀⠸⣿⣿⣷⣄⠀⠀⠀⠀⠉⠻⡇
⠀⠀⠈⠻⢿⣿⣷⣄
⠀⠀⠀⠀⠀⣿⣿⣿⣷⣄⡀
⠀⠀⠀⠀⠀⠈⠙⢿⣿⣿⣿⣿⣿⣿
⠀⠀⠀⠀⠀⠀⠀⠀⠙⢿⣿⣿⣿⣿⣦⡀
⠀⠀⠀⠀⠀⠀⠀⠀⠀⠀⠈⠻⣿⣿⣿⣿⣷⣄
⠀⠀⢸⣦⣄⠀⠀⠀⠀⠀⠀⠀⠈⠻⢿⣿⣿⣿⣷⡄
⠀⠀⢸⣿⣿⣷⣄⠀⠀⠀⠀⠀⠀⠀⠀⠙⢿⣿⣿⡇
⠀⠀⠘⢿⣿⣿⣿⣷⣦⡀⠀⠀⠀⠀⠀⠀⠀⠙⠻⡇
⠀⠀⠀⠀⠙⠿⣿⣿⣿⣿⣦⡀
⠀⠀⠀⠀⠀⠀⠈⠻⣿⣿⣿⣿⣷⣄
⠀⠀⠀⠀⠀⠀⠀⠀⣿⣿⣿⣿⣿⣿⣷⣄⡀
⠀⠀⠀⠀⠀⠀⠀⠉⠻⣿⣿⣿⣿⣿⣿⣿⣿⣿
⠀⠀⠀⠀⠀⠀⠀⠀⠀⠈⠛⢿⣿⣿⣿⣿⣿⣿⣄
⠀⠀⠀⠀⠀⠀⠀⠀⠀⠀⠀⠀⠙⢿⣿⣿⣿⣿⣿⣷⣤⡀
⠀⠀⠀⢀⠀⠀⠀⠀⠀⠀⠀⠀⠀⠀⠈⠻⣿⣿⣿⣿⣿⣿⣦⣀
⠀⠀⠀⢸⣿⣦⡀⠀⠀⠀⠀⠀⠀⠀⠀⠀⠈⠙⢿⣿⣿⣿⣿⣿⡇
⠀⠀⠀⢸⣿⣿⣿⣦⣄⠀⠀⠀⠀⠀⠀⠀⠀⠀⠀⠙⠻⣿⣿⣿⡇
⠀⠀⠀⢸⣿⣿⣿⣿⣿⣷⣄⡀⠀⠀⠀⠀⠀⠀⠀⠀⠀⠈⠻⢿⡇
⠀⠀⠀⠀⠉⠻⣿⣿⣿⣿⣿⣿⣦⡀⠀⠀⠀⠀⠀⠀⠀⠀⠀⠀⠁
⠀⠀⠀⠀⠀⠀⠈⠛⢿⣿⣿⣿⣿⣿⣷⣄
⠀⠀⠀⠀⠀⠀⠀⠀⠀⠙⣿⣿⣿⣿⣿⣿⣷⣤⡀
⠀⠀⠀⠀⠀⠀⠀⠀⠀⠀⣿⣿⣿⣿⣿⣿⣿⣿⣿⣦⣀
⠿⠿⠧⠄⠀⠈⠻⠿⠤⠀⠀⠠⠿⢿
⣿⠀⠀⡇⠀⢰⣄⠀⠻⠀⠀⣿
⣶⣶⡖⠂⠀⠐⢲⣶⣄⠀⠀⣶⣶⣾
⣿⣿⣿⣿⣀⡀⠀⠀⠈⠻⣿⣿⣟⣀⡀⠀⠀⢀⣀⣿⣿⣿
⣁⡀⠀⠀⢀⡀⠀⠀⠀⠀⠀⠀⢀⣀⡀⠀⠀⢀⡀⠀⠉⠻
⣿⡇⠀⠀⢸⣏⠀⠀⠀⣦⡀⠀⠈⠻⡇⠀⠀⢸⡇
⡉⠁⠀⠀⠈⠁⠀⠀⠀⠉⠉⠀⠀⠀⠀⠀⠀⠈⠁⠀⣀⣴
⣿⣿⣿⣿⠉⠁⠀⠀⠀⠉⢹⣿⣿⣦⡀⠀⠀⢸⣿⣿⣿⣿
⣿⣿⣿⣿⣿⠁⠀⠀⠀⠀⠈⠻⣿⣿⣿⣿⡇⠀⠀⠀⠀⠀⠀⠀⢹⣿⣿⣿
⡟⠛⠛⠛⠛⠓⠒⠂⠀⠀⠀⠀⠈⠛⠛⠛⠓⠒⠂⠀⠀⠀⠒⠒⠛⠻⢿⣿
⣧⣤⠀⠀⠀⢠⣤⡄⠀⠀⠀⡀⠀⠀⠀⠠⣤⣤⡄⠀⠀⠀⣤⣄⠀⠀⠀⢹
⣿⣿⠀⠀⠀⢸⣿⡇⠀⠀⠀⣿⣦⠀⠀⠀⠈⢿⡇⠀⠀⠀⣿⣿⠀⠀⠀⢸
⡟⠛⠀⠀⠀⠘⠛⠃⠀⠀⠀⠛⠛⠓⠀⠀⠀⠀⠁⠀⠀⠀⠛⠋⠀⠀⠀⣸
⣧⣤⣤⣤⣤⡤⠤⠄⠀⠀⠀⠤⠤⣤⣤⣤⣄⠀⠀⠀⠀⠀⣤⣤⣤⣴⣾⣿
⣿⣿⣿⣿⣿⡀⠀⠀⠀⠀⠀⠀⠀⣿⣿⣿⣿⣷⣄⠀⠀⠀⣿⣿⣿⣿⣿⣿
⢰⣟⣿⣿⣿⣿⣿⣿⣿⣿⣿⣿⣻⠆
⠐⣿⣾⣿⣿⣿⣿⣿⣿⣿⣿⣷⣿⠂
⠀⠀⠉⠙⠻⣿⣿⣿⣿⠟⠋⠉
⠠⣴⡶⣿⣿⠟⠶⠒⠛⠛⠓⠚⠛⠛⠒⠶⠻⣿⣿⢶⣦⠄
⠀⢻⣷⠚⢷⡿⣽⣷⣶⣶⣞⣳⣶⣶⣾⣯⢿⡾⠓⣾⡟
⠀⢻⣟⢘⣾⣿⣾⢧⡭⠿⠿⠿⠿⢭⡼⣷⣿⣷⡃⣻⡟
⠀⠀⠙⠳⠯⣿⣿⡾⣿⡾⠿⠿⢷⣿⢷⣿⡿⠽⠞⠋
⠀⠀⠀⠀⠀⠀⠈⠻⣮⣽⣿⣿⣯⣵⠟⠁
⠀⣤⣴⡶⣟⣛⣛⠲⠶⠖⠒⠒⠒⠲⠖⠒⠒⠒⠲⠶⠖⣛⣛⣻⢶⣦⣄
⠀⠻⣿⣄⢼⣯⣴⣾⢲⣦⣤⣄⣠⠴⠦⣄⣠⣤⣴⡖⣷⣦⣽⡧⣠⣿⠟
⠀⢤⣿⣏⢠⣄⣭⣬⣹⡋⠹⠶⢟⣿⣿⡻⠶⠏⢙⣏⣥⣭⣠⡄⣹⣿⡤
⠀⠈⠻⣦⣐⠿⣿⣿⣯⢁⣿⣉⣯⣩⣍⣽⢉⣿⡈⣽⣿⣿⠿⣂⣴⠟⠁
⠀⠀⠀⠈⠉⠛⠲⠯⣽⣂⠿⣟⣻⢛⡛⣟⣿⠿⣐⣯⠽⠖⠛⠉⠁
⠀⠀⠀⠀⠀⠀⠀⠀⠈⠻⢷⣤⣿⣿⣿⣿⣤⡾⠟⠁
⠋⢩⠁⢹⠀⠘⠃⢸⡇⠀⡏⠈⡍⠙
⠀⠘⢀⣸⣀⣸⣆⣸⣇⣀⣇⡀⠃
⠟⠋⢉⠉⠉⢹⡇⠀⠀⣿⠀⠀⣿⠀⠀⢸⡏⠉⠉⡉⠙⠻
⠀⠀⢹⡇⠀⢸⡇⠀⠀⣤⠀⠀⣿⠀⠀⢸⡇⠀⢸⡯
⠀⠀⢈⣁⣀⣼⣇⣠⣤⣿⣤⣤⣿⣤⣄⣸⣧⣀⣈⡉
⡿⠛⠛⠋⠉⠉⠙⣿⡇⠀⠀⣿⡇⠀⠀⢸⣿⠀⠀⢸⣿⠋⠉⠉⠙⠛⠛⢿
⠀⠀⠀⣾⠀⠀⠀⣿⡇⠀⠀⠉⠁⠀⠀⢸⣿⠀⠀⢸⣿⠀⠀⠀⣿
⠀⠀⠀⣿⠀⠀⠀⣿⡇⠀⠀⣾⡇⠀⠀⢸⣿⠀⠀⢸⣿⠀⠀⠀⣿
⡀⠀⠀⣀⣀⣀⣤⣿⣧⣤⣤⣿⣧⣤⣤⣼⣿⣤⣤⣼⣿⣤⣀⣀⣀⠀⠀⢀
⠀⠀⠀⢀⣤⡶⠶⠶⢶⣤⡀
⣀⣀⣤⣽⣽⣦⣾⡳⢲⢻⣯⢤⢄⣀
⡇⡿⡿⢿⣻⠟⢦⣽⠘⣸⡻⢸⢸⡧
⠷⠃⠀⠈⠛⠷⠶⠶⠾⠛⠁⠀⠘⠳
⠀⠀⠀⠀⠀⠀⢀⣠⣴⣶⣶⣶⣶⣦⣄⡀
⠀⠀⠀⠀⠀⣾⣿⡿⠋⢁⣠⣤⡈⠙⢿⣿⣷
⣠⣤⡀⡆⢴⢰⡆⡏⣿⢸⣇⣘⠋⣿⠁⣞⣳⠐⣶⠆⣤⣄
⣿⢸⡇⡟⣻⢸⡇⣧⡿⢠⡌⢹⡇⢿⠀⡯⢹⠀⣿⠀⣿⣀
⣿⢸⡇⠃⠈⢶⣶⣷⣄⡈⠙⠛⢁⣠⣾⣷⡾⠀⠉⠀⣿⠈
⠛⠋⠀⠀⠀⠀⠈⠙⠻⠿⠿⠿⠿⠟⠋⠁⠀⠀⠀⠀⠉⠙
⠀⠀⠀⠀⠀⠀⠀⠀⠀⣀⣤⣤⣤⣤⣤⣤⣤⣤⣀
⠀⠀⠀⠀⠀⠀⢠⣶⣿⣿⠿⠛⠉⢉⡉⠉⠙⠻⣿⣿⣶⡄
⠀⠀⠀⢀⡀⢠⡌⣭⢉⡽⢶⡄⢸⡏⠹⡷⠲⣶⠎⣭⢭⡅⣤⣀⣀
⣾⠋⣿⢸⣧⣼⡇⣿⢸⡇⢸⡇⠘⠳⢶⣦⠀⣿⠀⣿⢶⣿⠀⣿⠀⢸⡏⠓
⣿⠀⣿⢸⡇⢸⠇⠿⣘⣓⠚⠃⢸⣇⣸⡿⠀⠛⣀⣻⡘⠿⠀⣿⠀⢸⡷⠤
⣿⠀⣿⠀⠀⠀⠘⠿⣿⣿⣶⣄⣀⣈⣁⣀⣠⣴⣿⣿⠿⠃⠀⠀⠀⢸⣇
⠉⠉⠁⠀⠀⠀⠀⠀⠀⠉⠛⠛⠛⠛⠛⠛⠛⠛⠉⠀⠀⠀⠀⠀⠀⠀⠈⠙
⣠⣴⣾⠿⠿⠿⠿⢿⣶⣤
⣿⣿⡇⠀⣀⣀⡀⢸⣿⣿⠀⢀⣀⣀
⣿⣿⣇⣀⣿⣿⡇⣸⣿⣿⠀⢸⣿⣿
⠀⠉⠛⠻⣿⣿⡟⠛⠋⠁⠀⢸⣿⣿
⠀⠀⠀⠀⠛⠿⣷⣶⣶⣶⣶⡿⠟⠋
⢀⣠⣤⣶⣿⣿⣿⣿⣿⣿⣿⣿⣷⣦⣄⡀
⣿⣿⣿⣿⠋⠀⠀⠀⠀⠀⠀⠉⣿⣿⣿⣿
⣿⣿⣿⣿⠀⠀⣶⣶⣶⣶⠀⠀⣿⣿⣿⣿⠀⠀⣶⣶⣶⣶
⣿⣿⣿⣿⣀⠀⣿⣿⣿⣿⠀⣀⣿⣿⣿⣿⠀⠀⣿⣿⣿⣿
⠈⠙⠻⢿⣿⣿⣿⣿⣿⣿⣿⣿⡿⠟⠋⠉⠀⠀⣿⣿⣿⣿
⠀⠀⠀⠀⠀⠀⣿⣿⣿⣿⣀⠀⠀⠀⠀⠀⠀⣠⣿⣿⣿⣿
⠀⠀⠀⠀⠀⠀⠈⠙⠻⢿⣿⣿⣿⣿⣿⣿⣿⣿⠿⠟⠋⠁
⠀⢀⣀⣤⣶⣿⣿⣿⣿⣿⣿⣿⣿⣿⣿⣷⣦⣄⡀
⣾⣿⣿⣿⣿⡟⠛⠉⠉⠉⠉⠉⠉⠙⠻⣿⣿⣿⣿⣿⡆
⣿⣿⣿⣿⣿⡇⠀⠀⠀⠀⠀⠀⠀⠀⠀⣿⣿⣿⣿⣿⡇
⣿⣿⣿⣿⣿⡇⠀⢸⣿⣿⣿⣿⣿⠀⠀⣿⣿⣿⣿⣿⡇⠀⢸⣿⣿⣿⣿⣿
⣿⣿⣿⣿⣿⣇⠀⢸⣿⣿⣿⣿⣿⠀⢀⣿⣿⣿⣿⣿⡇⠀⢸⣿⣿⣿⣿⣿
⠙⠛⠿⣿⣿⣿⣿⣾⣿⣿⣿⣿⣿⣾⣿⣿⣿⡿⠟⠛⠁⠀⢸⣿⣿⣿⣿⣿
⠀⠀⠀⠀⠉⠛⠛⢻⣿⣿⣿⣿⣿⠛⠛⠋⠁⠀⠀⠀⠀⠀⢸⣿⣿⣿⣿⣿
⠀⠀⠀⠀⠀⠀⠀⠸⣿⣿⣿⣿⣿⣦⣄⣀⣀⣀⣀⣀⣀⣤⣼⣿⣿⣿⣿⡿
⠀⠀⠀⠀⠀⠀⠀⠀⠀⠈⠙⠻⢿⣿⣿⣿⣿⣿⣿⣿⣿⣿⣿⠿⠛⠉⠁
⠀⣠⣴⣶⣶⣶⣿⣿⣿⣷⣶⣶⣶⠆
⠰⠿⠿⠿⢿⣿⣿⣿⠟⠿⠿⠟⠋
⠀⠀⢀⣠⣤⣤⣤⣤⣤⣶⣿⣿⣿⣿⣿⣶⣤⣤⣤⣤⣤⡄
⠀⣠⣿⣿⣿⣿⣿⣿⣿⣿⣿⣿⣿⣿⣿⣿⣿⣿⣿⣿⠏
⠘⠛⠛⠛⠛⠛⠿⣿⣿⣿⣿⣿⠿⠛⠛⠛⠛⠛⠋⠁
⠀⠀⠀⠀⣀⣀⣀⣀⣀⣀⣀⣠⣶⣿⣿⣿⣿⣿⣷⣶⣄⣀⣀⣀⣀⣀⣀⡀
⠀⠀⣠⣿⣿⣿⣿⣿⣿⣿⣿⣿⣿⣿⣿⣿⣿⣿⣿⣿⣿⣿⣿⣿⣿⣿⠟
⠀⣴⣿⣿⣿⣿⣿⣿⣿⣿⣿⣿⣿⣿⣿⣿⣿⣿⣿⣿⣿⣿⣿⣿⣿⠋
⠈⠉⠉⠉⠉⠉⠉⠙⠿⢿⣿⣿⣿⣿⣿⠿⠛⠉⠉⠉⠉⠉⠉⠉
⠀⠀⣤⢲⡖⣲⣞⣿⣶⣶⣶⣦⡄
⢀⣠⣾⣿⢿⡿⣿⣿⣿⡿⣿⣿⢦⡄
⠻⢼⣿⣿⣧⣿⣿⣿⡽⢧⣿⣿⣼⡇
⠀⠀⠀⠀⣠⡤⢤⣤⠤⢤⡾⠿⣦⡤⢤⣤⠤⣤⣀
⠀⠀⠀⠸⣧⣶⣶⣤⣶⣦⣴⣶⣶⣶⣷⣶⣾⣶⡿⠂
⠀⢀⣠⡼⠿⠿⢿⣿⠿⠿⠿⢿⣿⣿⡿⠿⣿⣿⡿⠤⣤⠄
⢰⡏⣴⣿⣿⣿⣧⢻⣷⢸⣿⣿⡖⣬⡇⢸⣿⣿⣧⢸⣿
⠈⠓⠮⢯⣭⡭⠵⢾⣿⣼⣿⣯⠴⠟⠻⢬⣿⣯⣥⣼⣿⡄wrote packages/core/src/art/ncaam/pepp.xs.txt
wrote packages/core/src/art/ncaam/pepp.sm.txt
wrote packages/core/src/art/ncaam/pepp.md.txt
--- ncaam/PITT xs: 2 rows x 14 cells ---
--- ncaam/PITT sm: 3 rows x 22 cells ---
--- ncaam/PITT md: 4 rows x 28 cells ---
wrote packages/core/src/art/ncaam/pitt.xs.txt
wrote packages/core/src/art/ncaam/pitt.sm.txt
wrote packages/core/src/art/ncaam/pitt.md.txt
--- ncaam/PORT xs: 4 rows x 14 cells ---
--- ncaam/PORT sm: 5 rows x 22 cells ---
--- ncaam/PORT md: 7 rows x 28 cells ---
wrote packages/core/src/art/ncaam/port.xs.txt
wrote packages/core/src/art/ncaam/port.sm.txt
wrote packages/core/src/art/ncaam/port.md.txt
--- ncaam/PRST xs: 5 rows x 14 cells ---
--- ncaam/PRST sm: 7 rows x 22 cells ---
--- ncaam/PRST md: 9 rows x 28 cells ---
wrote packages/core/src/art/ncaam/prst.xs.txt
wrote packages/core/src/art/ncaam/prst.sm.txt
wrote packages/core/src/art/ncaam/prst.md.txt
--- ncaam/PV xs: 4 rows x 14 cells ---
--- ncaam/PV sm: 6 rows x 22 cells ---
--- ncaam/PV md: 7 rows x 28 cells ---
wrote packages/core/src/art/ncaam/pv.xs.txt
wrote packages/core/src/art/ncaam/pv.sm.txt
wrote packages/core/src/art/ncaam/pv.md.txt
--- ncaam/PRES xs: 4 rows x 14 cells ---
--- ncaam/PRES sm: 6 rows x 22 cells ---
--- ncaam/PRES md: 7 rows x 28 cells ---
wrote packages/core/src/art/ncaam/pres.xs.txt
wrote packages/core/src/art/ncaam/pres.sm.txt
wrote packages/core/src/art/ncaam/pres.md.txt
--- ncaam/PRIN xs: 5 rows x 14 cells ---
--- ncaam/PRIN sm: 7 rows x 22 cells ---
--- ncaam/PRIN md: 9 rows x 28 cells ---
wrote packages/core/src/art/ncaam/prin.xs.txt
wrote packages/core/src/art/ncaam/prin.sm.txt
wrote packages/core/src/art/ncaam/prin.md.txt
--- ncaam/PROV xs: 3 rows x 13 cells ---
--- ncaam/PROV sm: 4 rows x 21 cells ---
--- ncaam/PROV md: 5 rows x 27 cells ---
wrote packages/core/src/art/ncaam/prov.xs.txt
wrote packages/core/src/art/ncaam/prov.sm.txt
wrote packages/core/src/art/ncaam/prov.md.txt
--- ncaam/PUR xs: 2 rows x 14 cells ---
--- ncaam/PUR sm: 3 rows x 22 cells ---
--- ncaam/PUR md: 4 rows x 28 cells ---
wrote packages/core/src/art/ncaam/pur.xs.txt
wrote packages/core/src/art/ncaam/pur.sm.txt
wrote packages/core/src/art/ncaam/pur.md.txt
--- ncaam/PFW xs: 4 rows x 14 cells ---
--- ncaam/PFW sm: 6 rows x 22 cells ---
--- ncaam/PFW md: 8 rows x 28 cells ---
wrote packages/core/src/art/ncaam/pfw.xs.txt
wrote packages/core/src/art/ncaam/pfw.sm.txt
wrote packages/core/src/art/ncaam/pfw.md.txt
--- ncaam/QUIN xs: 4 rows x 14 cells ---
--- ncaam/QUIN sm: 7 rows x 22 cells ---
--- ncaam/QUIN md: 8 rows x 28 cells ---
wrote packages/core/src/art/ncaam/quin.xs.txt
wrote packages/core/src/art/ncaam/quin.sm.txt
wrote packages/core/src/art/ncaam/quin.md.txt
--- ncaam/RAD xs: 4 rows x 14 cells ---
--- ncaam/RAD sm: 6 rows x 22 cells ---
--- ncaam/RAD md: 7 rows x 28 cells ---
wrote packages/core/src/art/ncaam/rad.xs.txt
wrote packages/core/src/art/ncaam/rad.sm.txt
wrote packages/core/src/art/ncaam/rad.md.txt
--- ncaam/URI xs: 4 rows x 13 cells ---
--- ncaam/URI sm: 8 rows x 21 cells ---
--- ncaam/URI md: 9 rows x 28 cells ---
wrote packages/core/src/art/ncaam/uri.xs.txt
wrote packages/core/src/art/ncaam/uri.sm.txt
wrote packages/core/src/art/ncaam/uri.md.txt
--- ncaam/RICE xs: 4 rows x 14 cells ---
--- ncaam/RICE sm: 7 rows x 22 cells ---
--- ncaam/RICE md: 9 rows x 28 cells ---
wrote packages/core/src/art/ncaam/rice.xs.txt
wrote packages/core/src/art/ncaam/rice.sm.txt
wrote packages/core/src/art/ncaam/rice.md.txt
--- ncaam/RICH xs: 5 rows x 14 cells ---
--- ncaam/RICH sm: 8 rows x 22 cells ---
--- ncaam/RICH md: 10 rows x 28 cells ---
wrote packages/core/src/art/ncaam/rich.xs.txt
wrote packages/core/src/art/ncaam/rich.sm.txt
wrote packages/core/src/art/ncaam/rich.md.txt
--- ncaam/RID xs: 2 rows x 13 cells ---
--- ncaam/RID sm: 3 rows x 21 cells ---
--- ncaam/RID md: 4 rows x 27 cells ---
wrote packages/core/src/art/ncaam/rid.xs.txt
wrote packages/core/src/art/ncaam/rid.sm.txt
wrote packages/core/src/art/ncaam/rid.md.txt
--- ncaam/RMU xs: 2 rows x 14 cells ---
--- ncaam/RMU sm: 3 rows x 22 cells ---
--- ncaam/RMU md: 4 rows x 28 cells ---
wrote packages/core/src/art/ncaam/rmu.xs.txt
wrote packages/core/src/art/ncaam/rmu.sm.txt
wrote packages/core/src/art/ncaam/rmu.md.txt
--- ncaam/RUTG xs: 3 rows x 14 cells ---
--- ncaam/RUTG sm: 5 rows x 22 cells ---
--- ncaam/RUTG md: 6 rows x 28 cells ---
wrote packages/core/src/art/ncaam/rutg.xs.txt
wrote packages/core/src/art/ncaam/rutg.sm.txt
wrote packages/core/src/art/ncaam/rutg.md.txt
--- ncaam/SELA xs: 4 rows x 14 cells ---
--- ncaam/SELA sm: 7 rows x 22 cells ---
--- ncaam/SELA md: 8 rows x 28 cells ---
wrote packages/core/src/art/ncaam/sela.xs.txt
wrote packages/core/src/art/ncaam/sela.sm.txt
wrote packages/core/src/art/ncaam/sela.md.txt
--- ncaam/SIUE xs: 3 rows x 14 cells ---
--- ncaam/SIUE sm: 4 rows x 22 cells ---
--- ncaam/SIUE md: 6 rows x 28 cells ---
wrote packages/core/src/art/ncaam/siue.xs.txt
wrote packages/core/src/art/ncaam/siue.sm.txt
wrote packages/core/src/art/ncaam/siue.md.txt
--- ncaam/SMU xs: 2 rows x 14 cells ---
--- ncaam/SMU sm: 3 rows x 22 cells ---
--- ncaam/SMU md: 4 rows x 28 cells ---
wrote packages/core/src/art/ncaam/smu.xs.txt
wrote packages/core/src/art/ncaam/smu.sm.txt
wrote packages/core/src/art/ncaam/smu.md.txt
--- ncaam/SAC xs: 3 rows x 14 cells ---
--- ncaam/SAC sm: 5 rows x 22 cells ---
--- ncaam/SAC md: 6 rows x 28 cells ---
wrote packages/core/src/art/ncaam/sac.xs.txt
wrote packages/core/src/art/ncaam/sac.sm.txt
wrote packages/core/src/art/ncaam/sac.md.txt
--- ncaam/SHU xs: 2 rows x 13 cells ---
--- ncaam/SHU sm: 3 rows x 22 cells ---
--- ncaam/SHU md: 3 rows x 28 cells ---
wrote packages/core/src/art/ncaam/shu.xs.txt
wrote packages/core/src/art/ncaam/shu.sm.txt
wrote packages/core/src/art/ncaam/shu.md.txt
--- ncaam/JOES xs: 3 rows x 14 cells ---
--- ncaam/JOES sm: 4 rows x 21 cells ---
--- ncaam/JOES md: 5 rows x 27 cells ---
wrote packages/core/src/art/ncaam/joes.xs.txt
wrote packages/core/src/art/ncaam/joes.sm.txt
wrote packages/core/src/art/ncaam/joes.md.txt
--- ncaam/SLU xs: 4 rows x 14 cells ---
--- ncaam/SLU sm: 6 rows x 22 cells ---
--- ncaam/SLU md: 7 rows x 28 cells ---
wrote packages/core/src/art/ncaam/slu.xs.txt
wrote packages/core/src/art/ncaam/slu.sm.txt
wrote packages/core/src/art/ncaam/slu.md.txt
--- ncaam/SMC xs: 3 rows x 14 cells ---
--- ncaam/SMC sm: 4 rows x 22 cells ---
--- ncaam/SMC md: 5 rows x 28 cells ---
wrote packages/core/src/art/ncaam/smc.xs.txt
wrote packages/core/src/art/ncaam/smc.sm.txt
wrote packages/core/src/art/ncaam/smc.md.txt
--- ncaam/SPU xs: 5 rows x 14 cells ---
--- ncaam/SPU sm: 7 rows x 22 cells ---
--- ncaam/SPU md: 9 rows x 28 cells ---
wrote packages/core/src/art/ncaam/spu.xs.txt
wrote packages/core/src/art/ncaam/spu.sm.txt
wrote packages/core/src/art/ncaam/spu.md.txt
--- ncaam/SHSU xs: 3 rows x 14 cells ---
--- ncaam/SHSU sm: 5 rows x 22 cells ---
--- ncaam/SHSU md: 6 rows x 28 cells ---
wrote packages/core/src/art/ncaam/shsu.xs.txt
wrote packages/core/src/art/ncaam/shsu.sm.txt
wrote packages/core/src/art/ncaam/shsu.md.txt
--- ncaam/SAM xs: 4 rows x 14 cells ---
--- ncaam/SAM sm: 6 rows x 22 cells ---
--- ncaam/SAM md: 8 rows x 28 cells ---
wrote packages/core/src/art/ncaam/sam.xs.txt
wrote packages/core/src/art/ncaam/sam.sm.txt
wrote packages/core/src/art/ncaam/sam.md.txt
--- ncaam/SDSU xs: 3 rows x 14 cells ---
--- ncaam/SDSU sm: 4 rows x 22 cells ---
--- ncaam/SDSU md: 5 rows x 28 cells ---
wrote packages/core/src/art/ncaam/sdsu.xs.txt
wrote packages/core/src/art/ncaam/sdsu.sm.txt
wrote packages/core/src/art/ncaam/sdsu.md.txt
--- ncaam/USD xs: 4 rows x 14 cells ---
--- ncaam/USD sm: 6 rows x 22 cells ---
--- ncaam/USD md: 7 rows x 28 cells ---
wrote packages/core/src/art/ncaam/usd.xs.txt
wrote packages/core/src/art/ncaam/usd.sm.txt
wrote packages/core/src/art/ncaam/usd.md.txt
--- ncaam/SF xs: 3 rows x 11 cells ---
--- ncaam/SF sm: 4 rows x 16 cells ---
--- ncaam/SF md: 6 rows x 21 cells ---
wrote packages/core/src/art/ncaam/sf.xs.txt
wrote packages/core/src/art/ncaam/sf.sm.txt
wrote packages/core/src/art/ncaam/sf.md.txt
--- ncaam/SJSU xs: 4 rows x 14 cells ---
--- ncaam/SJSU sm: 6 rows x 22 cells ---
--- ncaam/SJSU md: 8 rows x 28 cells ---
wrote packages/core/src/art/ncaam/sjsu.xs.txt
wrote packages/core/src/art/ncaam/sjsu.sm.txt
wrote packages/core/src/art/ncaam/sjsu.md.txt
--- ncaam/SCU xs: 5 rows x 14 cells ---
--- ncaam/SCU sm: 7 rows x 22 cells ---
--- ncaam/SCU md: 9 rows x 28 cells ---
wrote packages/core/src/art/ncaam/scu.xs.txt
wrote packages/core/src/art/ncaam/scu.sm.txt
wrote packages/core/src/art/ncaam/scu.md.txt
--- ncaam/SEA xs: 4 rows x 14 cells ---
--- ncaam/SEA sm: 6 rows x 22 cells ---
--- ncaam/SEA md: 8 rows x 28 cells ---
wrote packages/core/src/art/ncaam/sea.xs.txt
wrote packages/core/src/art/ncaam/sea.sm.txt
wrote packages/core/src/art/ncaam/sea.md.txt
--- ncaam/HALL xs: 4 rows x 13 cells ---
--- ncaam/HALL sm: 6 rows x 20 cells ---
--- ncaam/HALL md: 7 rows x 26 cells ---
wrote packages/core/src/art/ncaam/hall.xs.txt
wrote packages/core/src/art/ncaam/hall.sm.txt
wrote packages/core/src/art/ncaam/hall.md.txt
--- ncaam/SIE xs: 4 rows x 14 cells ---
--- ncaam/SIE sm: 6 rows x 22 cells ---
--- ncaam/SIE md: 8 rows x 28 cells ---
wrote packages/core/src/art/ncaam/sie.xs.txt
wrote packages/core/src/art/ncaam/sie.sm.txt
wrote packages/core/src/art/ncaam/sie.md.txt
--- ncaam/USA xs: 3 rows x 14 cells ---
--- ncaam/USA sm: 4 rows x 22 cells ---
--- ncaam/USA md: 5 rows x 28 cells ---
wrote packages/core/src/art/ncaam/usa.xs.txt
wrote packages/core/src/art/ncaam/usa.sm.txt
wrote packages/core/src/art/ncaam/usa.md.txt
--- ncaam/SC xs: 4 rows x 14 cells ---
--- ncaam/SC sm: 6 rows x 22 cells ---
--- ncaam/SC md: 8 rows x 28 cells ---
wrote packages/core/src/art/ncaam/sc.xs.txt
wrote packages/core/src/art/ncaam/sc.sm.txt
wrote packages/core/src/art/ncaam/sc.md.txt
--- ncaam/SCST xs: 5 rows x 14 cells ---
--- ncaam/SCST sm: 7 rows x 22 cells ---
--- ncaam/SCST md: 9 rows x 28 cells ---
wrote packages/core/src/art/ncaam/scst.xs.txt
wrote packages/core/src/art/ncaam/scst.sm.txt
wrote packages/core/src/art/ncaam/scst.md.txt
--- ncaam/UPST xs: 3 rows x 14 cells ---
--- ncaam/UPST sm: 4 rows x 22 cells ---
--- ncaam/UPST md: 5 rows x 28 cells ---
wrote packages/core/src/art/ncaam/upst.xs.txt
wrote packages/core/src/art/ncaam/upst.sm.txt
wrote packages/core/src/art/ncaam/upst.md.txt
--- ncaam/SDAK xs: 4 rows x 14 cells ---
--- ncaam/SDAK sm: 7 rows x 22 cells ---
--- ncaam/SDAK md: 9 rows x 28 cells ---
wrote packages/core/src/art/ncaam/sdak.xs.txt
wrote packages/core/src/art/ncaam/sdak.sm.txt
wrote packages/core/src/art/ncaam/sdak.md.txt
--- ncaam/SDST xs: 3 rows x 14 cells ---
--- ncaam/SDST sm: 4 rows x 22 cells ---
--- ncaam/SDST md: 5 rows x 28 cells ---
wrote packages/core/src/art/ncaam/sdst.xs.txt
wrote packages/core/src/art/ncaam/sdst.sm.txt
wrote packages/core/src/art/ncaam/sdst.md.txt
--- ncaam/USF xs: 3 rows x 14 cells ---
--- ncaam/USF sm: 5 rows x 21 cells ---
--- ncaam/USF md: 6 rows x 27 cells ---
wrote packages/core/src/art/ncaam/usf.xs.txt
wrote packages/core/src/art/ncaam/usf.sm.txt
wrote packages/core/src/art/ncaam/usf.md.txt
--- ncaam/SEMO xs: 3 rows x 14 cells ---
--- ncaam/SEMO sm: 5 rows x 22 cells ---
--- ncaam/SEMO md: 6 rows x 28 cells ---
wrote packages/core/src/art/ncaam/semo.xs.txt
wrote packages/core/src/art/ncaam/semo.sm.txt
wrote packages/core/src/art/ncaam/semo.md.txt
--- ncaam/SIU xs: 2 rows x 14 cells ---
--- ncaam/SIU sm: 3 rows x 22 cells ---
--- ncaam/SIU md: 4 rows x 28 cells ---
wrote packages/core/src/art/ncaam/siu.xs.txt
wrote packages/core/src/art/ncaam/siu.sm.txt
wrote packages/core/src/art/ncaam/siu.md.txt
--- ncaam/SOU xs: 2 rows x 13 cells ---
--- ncaam/SOU sm: 4 rows x 21 cells ---
--- ncaam/SOU md: 5 rows x 27 cells ---
wrote packages/core/src/art/ncaam/sou.xs.txt
wrote packages/core/src/art/ncaam/sou.sm.txt
wrote packages/core/src/art/ncaam/sou.md.txt
--- ncaam/USM xs: 2 rows x 14 cells ---
--- ncaam/USM sm: 3 rows x 22 cells ---
--- ncaam/USM md: 4 rows x 28 cells ---
wrote packages/core/src/art/ncaam/usm.xs.txt
wrote packages/core/src/art/ncaam/usm.sm.txt
wrote packages/core/src/art/ncaam/usm.md.txt
--- ncaam/SUU xs: 2 rows x 13 cells ---
--- ncaam/SUU sm: 4 rows x 21 cells ---
--- ncaam/SUU md: 5 rows x 28 cells ---
wrote packages/core/src/art/ncaam/suu.xs.txt
wrote packages/core/src/art/ncaam/suu.sm.txt
wrote packages/core/src/art/ncaam/suu.md.txt
--- ncaam/SBU xs: 4 rows x 14 cells ---
--- ncaam/SBU sm: 6 rows x 22 cells ---
--- ncaam/SBU md: 7 rows x 28 cells ---
wrote packages/core/src/art/ncaam/sbu.xs.txt
wrote packages/core/src/art/ncaam/sbu.sm.txt
wrote packages/core/src/art/ncaam/sbu.md.txt
--- ncaam/SJU xs: 5 rows x 14 cells ---
--- ncaam/SJU sm: 8 rows x 22 cells ---
--- ncaam/SJU md: 10 rows x 28 cells ---
wrote packages/core/src/art/ncaam/sju.xs.txt
wrote packages/core/src/art/ncaam/sju.sm.txt
wrote packages/core/src/art/ncaam/sju.md.txt
--- ncaam/STMN xs: 4 rows x 14 cells ---
--- ncaam/STMN sm: 6 rows x 22 cells ---
--- ncaam/STMN md: 8 rows x 28 cells ---
wrote packages/core/src/art/ncaam/stmn.xs.txt
wrote packages/core/src/art/ncaam/stmn.sm.txt
wrote packages/core/src/art/ncaam/stmn.md.txt
--- ncaam/STAN xs: 6 rows x 14 cells ---
--- ncaam/STAN sm: 9 rows x 22 cells ---
--- ncaam/STAN md: 11 rows x 28 cells ---
wrote packages/core/src/art/ncaam/stan.xs.txt
wrote packages/core/src/art/ncaam/stan.sm.txt
wrote packages/core/src/art/ncaam/stan.md.txt
--- ncaam/SFA xs: 4 rows x 14 cells ---
--- ncaam/SFA sm: 5 rows x 22 cells ---
--- ncaam/SFA md: 7 rows x 28 cells ---
wrote packages/core/src/art/ncaam/sfa.xs.txt
wrote packages/core/src/art/ncaam/sfa.sm.txt
wrote packages/core/src/art/ncaam/sfa.md.txt
--- ncaam/STET xs: 4 rows x 14 cells ---
--- ncaam/STET sm: 6 rows x 22 cells ---
--- ncaam/STET md: 8 rows x 27 cells ---
wrote packages/core/src/art/ncaam/stet.xs.txt
wrote packages/core/src/art/ncaam/stet.sm.txt
wrote packages/core/src/art/ncaam/stet.md.txt
--- ncaam/STO xs: 3 rows x 14 cells ---
--- ncaam/STO sm: 4 rows x 22 cells ---
--- ncaam/STO md: 5 rows x 28 cells ---
wrote packages/core/src/art/ncaam/sto.xs.txt
wrote packages/core/src/art/ncaam/sto.sm.txt
wrote packages/core/src/art/ncaam/sto.md.txt
--- ncaam/STBK xs: 3 rows x 14 cells ---
--- ncaam/STBK sm: 4 rows x 22 cells ---
--- ncaam/STBK md: 5 rows x 28 cells ---
wrote packages/core/src/art/ncaam/stbk.xs.txt
wrote packages/core/src/art/ncaam/stbk.sm.txt
wrote packages/core/src/art/ncaam/stbk.md.txt
--- ncaam/SYR xs: 5 rows x 14 cells ---
--- ncaam/SYR sm: 8 rows x 22 cells ---
--- ncaam/SYR md: 10 rows x 28 cells ---
wrote packages/core/src/art/ncaam/syr.xs.txt
wrote packages/core/src/art/ncaam/syr.sm.txt
wrote packages/core/src/art/ncaam/syr.md.txt
--- ncaam/TCU xs: 2 rows x 14 cells ---
--- ncaam/TCU sm: 3 rows x 22 cells ---
--- ncaam/TCU md: 4 rows x 28 cells ---
wrote packages/core/src/art/ncaam/tcu.xs.txt
wrote packages/core/src/art/ncaam/tcu.sm.txt
wrote packages/core/src/art/ncaam/tcu.md.txt
--- ncaam/TAR xs: 4 rows x 13 cells ---
--- ncaam/TAR sm: 5 rows x 21 cells ---
--- ncaam/TAR md: 7 rows x 27 cells ---
wrote packages/core/src/art/ncaam/tar.xs.txt
wrote packages/core/src/art/ncaam/tar.sm.txt
wrote packages/core/src/art/ncaam/tar.md.txt
--- ncaam/TEM xs: 5 rows x 14 cells ---
--- ncaam/TEM sm: 7 rows x 22 cells ---
--- ncaam/TEM md: 9 rows x 28 cells ---
wrote packages/core/src/art/ncaam/tem.xs.txt
wrote packages/core/src/art/ncaam/tem.sm.txt
wrote packages/core/src/art/ncaam/tem.md.txt
--- ncaam/TNST xs: 3 rows x 14 cells ---
--- ncaam/TNST sm: 5 rows x 22 cells ---
--- ncaam/TNST md: 7 rows x 28 cells ---
wrote packages/core/src/art/ncaam/tnst.xs.txt
wrote packages/core/src/art/ncaam/tnst.sm.txt
wrote packages/core/src/art/ncaam/tnst.md.txt
--- ncaam/TNTC xs: 3 rows x 14 cells ---
--- ncaam/TNTC sm: 5 rows x 22 cells ---
--- ncaam/TNTC md: 6 rows x 28 cells ---
wrote packages/core/src/art/ncaam/tntc.xs.txt
wrote packages/core/src/art/ncaam/tntc.sm.txt
wrote packages/core/src/art/ncaam/tntc.md.txt
--- ncaam/TENN xs: 4 rows x 14 cells ---
--- ncaam/TENN sm: 6 rows x 22 cells ---
--- ncaam/TENN md: 7 rows x 28 cells ---
wrote packages/core/src/art/ncaam/tenn.xs.txt
wrote packages/core/src/art/ncaam/tenn.sm.txt
wrote packages/core/src/art/ncaam/tenn.md.txt
--- ncaam/TA&M xs: 3 rows x 14 cells ---
--- ncaam/TA&M sm: 5 rows x 22 cells ---
--- ncaam/TA&M md: 6 rows x 28 cells ---
wrote packages/core/src/art/ncaam/ta&m.xs.txt
wrote packages/core/src/art/ncaam/ta&m.sm.txt
wrote packages/core/src/art/ncaam/ta&m.md.txt
--- ncaam/AMCC xs: 7 rows x 14 cells ---
--- ncaam/AMCC sm: 10 rows x 22 cells ---
--- ncaam/AMCC md: 13 rows x 28 cells ---
wrote packages/core/src/art/ncaam/amcc.xs.txt
wrote packages/core/src/art/ncaam/amcc.sm.txt
wrote packages/core/src/art/ncaam/amcc.md.txt
--- ncaam/TEX xs: 2 rows x 13 cells ---
--- ncaam/TEX sm: 3 rows x 22 cells ---
--- ncaam/TEX md: 4 rows x 28 cells ---
wrote packages/core/src/art/ncaam/tex.xs.txt
wrote packages/core/src/art/ncaam/tex.sm.txt
wrote packages/core/src/art/ncaam/tex.md.txt
--- ncaam/TXSO xs: 4 rows x 14 cells ---
--- ncaam/TXSO sm: 5 rows x 22 cells ---
--- ncaam/TXSO md: 7 rows x 28 cells ---
wrote packages/core/src/art/ncaam/txso.xs.txt
wrote packages/core/src/art/ncaam/txso.sm.txt
wrote packages/core/src/art/ncaam/txso.md.txt
--- ncaam/TXST xs: 4 rows x 14 cells ---
--- ncaam/TXST sm: 7 rows x 22 cells ---
--- ncaam/TXST md: 8 rows x 28 cells ---
wrote packages/core/src/art/ncaam/txst.xs.txt
wrote packages/core/src/art/ncaam/txst.sm.txt
wrote packages/core/src/art/ncaam/txst.md.txt
--- ncaam/TTU xs: 4 rows x 14 cells ---
--- ncaam/TTU sm: 6 rows x 22 cells ---
--- ncaam/TTU md: 8 rows x 28 cells ---
wrote packages/core/src/art/ncaam/ttu.xs.txt
wrote packages/core/src/art/ncaam/ttu.sm.txt
wrote packages/core/src/art/ncaam/ttu.md.txt
--- ncaam/CIT xs: 3 rows x 14 cells ---
--- ncaam/CIT sm: 5 rows x 22 cells ---
--- ncaam/CIT md: 6 rows x 28 cells ---
wrote packages/core/src/art/ncaam/cit.xs.txt
wrote packages/core/src/art/ncaam/cit.sm.txt
wrote packages/core/src/art/ncaam/cit.md.txt
--- ncaam/TOL xs: 2 rows x 14 cells ---
--- ncaam/TOL sm: 3 rows x 22 cells ---
--- ncaam/TOL md: 4 rows x 28 cells ---
wrote packages/core/src/art/ncaam/tol.xs.txt
wrote packages/core/src/art/ncaam/tol.sm.txt
wrote packages/core/src/art/ncaam/tol.md.txt
--- ncaam/TOW xs: 2 rows x 14 cells ---
--- ncaam/TOW sm: 3 rows x 22 cells ---
--- ncaam/TOW md: 4 rows x 28 cells ---
wrote packages/core/src/art/ncaam/tow.xs.txt
wrote packages/core/src/art/ncaam/tow.sm.txt
wrote packages/core/src/art/ncaam/tow.md.txt
--- ncaam/TROY xs: 4 rows x 14 cells ---
--- ncaam/TROY sm: 6 rows x 22 cells ---
--- ncaam/TROY md: 8 rows x 28 cells ---
wrote packages/core/src/art/ncaam/troy.xs.txt
wrote packages/core/src/art/ncaam/troy.sm.txt
wrote packages/core/src/art/ncaam/troy.md.txt
--- ncaam/TULN xs: 3 rows x 14 cells ---
--- ncaam/TULN sm: 4 rows x 22 cells ---
--- ncaam/TULN md: 5 rows x 28 cells ---
wrote packages/core/src/art/ncaam/tuln.xs.txt
wrote packages/core/src/art/ncaam/tuln.sm.txt
wrote packages/core/src/art/ncaam/tuln.md.txt
--- ncaam/TLSA xs: 3 rows x 14 cells ---
--- ncaam/TLSA sm: 5 rows x 22 cells ---
--- ncaam/TLSA md: 6 rows x 28 cells ---
wrote packages/core/src/art/ncaam/tlsa.xs.txt
wrote packages/core/src/art/ncaam/tlsa.sm.txt
wrote packages/core/src/art/ncaam/tlsa.md.txt
--- ncaam/UAB xs: 3 rows x 14 cells ---
--- ncaam/UAB sm: 5 rows x 22 cells ---
--- ncaam/UAB md: 6 rows x 28 cells ---
wrote packages/core/src/art/ncaam/uab.xs.txt
wrote packages/core/src/art/ncaam/uab.sm.txt
wrote packages/core/src/art/ncaam/uab.md.txt
--- ncaam/UALB xs: 7 rows x 14 cells ---
--- ncaam/UALB sm: 11 rows x 22 cells ---
--- ncaam/UALB md: 14 rows x 28 cells ---
wrote packages/core/src/art/ncaam/ualb.xs.txt
wrote packages/core/src/art/ncaam/ualb.sm.txt
wrote packages/core/src/art/ncaam/ualb.md.txt
--- ncaam/UCD xs: 3 rows x 14 cells ---
--- ncaam/UCD sm: 4 rows x 22 cells ---
--- ncaam/UCD md: 5 rows x 28 cells ---
wrote packages/core/src/art/ncaam/ucd.xs.txt
wrote packages/core/src/art/ncaam/ucd.sm.txt
wrote packages/core/src/art/ncaam/ucd.md.txt
--- ncaam/UCI xs: 4 rows x 14 cells ---
--- ncaam/UCI sm: 6 rows x 21 cells ---
--- ncaam/UCI md: 8 rows x 27 cells ---
wrote packages/core/src/art/ncaam/uci.xs.txt
wrote packages/core/src/art/ncaam/uci.sm.txt
wrote packages/core/src/art/ncaam/uci.md.txt
--- ncaam/UCR xs: 4 rows x 14 cells ---
--- ncaam/UCR sm: 6 rows x 21 cells ---
--- ncaam/UCR md: 7 rows x 27 cells ---
wrote packages/core/src/art/ncaam/ucr.xs.txt
wrote packages/core/src/art/ncaam/ucr.sm.txt
wrote packages/core/src/art/ncaam/ucr.md.txt
--- ncaam/UCSD xs: 4 rows x 14 cells ---
--- ncaam/UCSD sm: 6 rows x 22 cells ---
--- ncaam/UCSD md: 7 rows x 27 cells ---
wrote packages/core/src/art/ncaam/ucsd.xs.txt
wrote packages/core/src/art/ncaam/ucsd.sm.txt
wrote packages/core/src/art/ncaam/ucsd.md.txt
--- ncaam/UCSB xs: 3 rows x 14 cells ---
--- ncaam/UCSB sm: 4 rows x 22 cells ---
--- ncaam/UCSB md: 5 rows x 28 cells ---
wrote packages/core/src/art/ncaam/ucsb.xs.txt
wrote packages/core/src/art/ncaam/ucsb.sm.txt
wrote packages/core/src/art/ncaam/ucsb.md.txt
--- ncaam/UCF xs: 3 rows x 14 cells ---
--- ncaam/UCF sm: 5 rows x 22 cells ---
--- ncaam/UCF md: 6 rows x 28 cells ---
wrote packages/core/src/art/ncaam/ucf.xs.txt
wrote packages/core/src/art/ncaam/ucf.sm.txt
wrote packages/core/src/art/ncaam/ucf.md.txt
--- ncaam/UCLA xs: 2 rows x 14 cells ---
--- ncaam/UCLA sm: 3 rows x 22 cells ---
--- ncaam/UCLA md: 4 rows x 28 cells ---
wrote packages/core/src/art/ncaam/ucla.xs.txt
wrote packages/core/src/art/ncaam/ucla.sm.txt
wrote packages/core/src/art/ncaam/ucla.md.txt
--- ncaam/CONN xs: 5 rows x 14 cells ---
--- ncaam/CONN sm: 7 rows x 22 cells ---
--- ncaam/CONN md: 9 rows x 28 cells ---
wrote packages/core/src/art/ncaam/conn.xs.txt
wrote packages/core/src/art/ncaam/conn.sm.txt
wrote packages/core/src/art/ncaam/conn.md.txt
--- ncaam/UIC xs: 2 rows x 14 cells ---
--- ncaam/UIC sm: 2 rows x 22 cells ---
--- ncaam/UIC md: 3 rows x 28 cells ---
wrote packages/core/src/art/ncaam/uic.xs.txt
wrote packages/core/src/art/ncaam/uic.sm.txt
wrote packages/core/src/art/ncaam/uic.md.txt
--- ncaam/ULM xs: 3 rows x 14 cells ---
--- ncaam/ULM sm: 4 rows x 22 cells ---
--- ncaam/ULM md: 5 rows x 28 cells ---
wrote packages/core/src/art/ncaam/ulm.xs.txt
wrote packages/core/src/art/ncaam/ulm.sm.txt
wrote packages/core/src/art/ncaam/ulm.md.txt
--- ncaam/UMBC xs: 4 rows x 14 cells ---
--- ncaam/UMBC sm: 5 rows x 22 cells ---
--- ncaam/UMBC md: 7 rows x 28 cells ---
wrote packages/core/src/art/ncaam/umbc.xs.txt
wrote packages/core/src/art/ncaam/umbc.sm.txt
wrote packages/core/src/art/ncaam/umbc.md.txt
--- ncaam/UML xs: 2 rows x 14 cells ---
--- ncaam/UML sm: 3 rows x 22 cells ---
--- ncaam/UML md: 3 rows x 28 cells ---
wrote packages/core/src/art/ncaam/uml.xs.txt
wrote packages/core/src/art/ncaam/uml.sm.txt
wrote packages/core/src/art/ncaam/uml.md.txt
--- ncaam/UNCA xs: 4 rows x 14 cells ---
--- ncaam/UNCA sm: 6 rows x 22 cells ---
--- ncaam/UNCA md: 7 rows x 28 cells ---
wrote packages/core/src/art/ncaam/unca.xs.txt
wrote packages/core/src/art/ncaam/unca.sm.txt
wrote packages/core/src/art/ncaam/unca.md.txt
--- ncaam/UNCG xs: 3 rows x 14 cells ---
--- ncaam/UNCG sm: 4 rows x 22 cells ---
--- ncaam/UNCG md: 6 rows x 28 cells ---
wrote packages/core/src/art/ncaam/uncg.xs.txt
wrote packages/core/src/art/ncaam/uncg.sm.txt
wrote packages/core/src/art/ncaam/uncg.md.txt
--- ncaam/UNCW xs: 4 rows x 14 cells ---
--- ncaam/UNCW sm: 6 rows x 22 cells ---
--- ncaam/UNCW md: 7 rows x 28 cells ---
wrote packages/core/src/art/ncaam/uncw.xs.txt
wrote packages/core/src/art/ncaam/uncw.sm.txt
wrote packages/core/src/art/ncaam/uncw.md.txt
--- ncaam/UNLV xs: 2 rows x 14 cells ---
--- ncaam/UNLV sm: 3 rows x 22 cells ---
--- ncaam/UNLV md: 4 rows x 28 cells ---
wrote packages/core/src/art/ncaam/unlv.xs.txt
wrote packages/core/src/art/ncaam/unlv.sm.txt
wrote packages/core/src/art/ncaam/unlv.md.txt
--- ncaam/USC xs: 5 rows x 14 cells ---
--- ncaam/USC sm: 8 rows x 22 cells ---
--- ncaam/USC md: 11 rows x 28 cells ---
wrote packages/core/src/art/ncaam/usc.xs.txt
wrote packages/core/src/art/ncaam/usc.sm.txt
wrote packages/core/src/art/ncaam/usc.md.txt
--- ncaam/UTA xs: 3 rows x 9 cells ---
--- ncaam/UTA sm: 4 rows x 22 cells ---
--- ncaam/UTA md: 6 rows x 28 cells ---
wrote packages/core/src/art/ncaam/uta.xs.txt
wrote packages/core/src/art/ncaam/uta.sm.txt
wrote packages/core/src/art/ncaam/uta.md.txt
--- ncaam/UTM xs: 3 rows x 14 cells ---
--- ncaam/UTM sm: 5 rows x 22 cells ---
--- ncaam/UTM md: 6 rows x 28 cells ---
wrote packages/core/src/art/ncaam/utm.xs.txt
wrote packages/core/src/art/ncaam/utm.sm.txt
wrote packages/core/src/art/ncaam/utm.md.txt
--- ncaam/RGV xs: 3 rows x 14 cells ---
--- ncaam/RGV sm: 5 rows x 22 cells ---
--- ncaam/RGV md: 6 rows x 28 cells ---
wrote packages/core/src/art/ncaam/rgv.xs.txt
wrote packages/core/src/art/ncaam/rgv.sm.txt
wrote packages/core/src/art/ncaam/rgv.md.txt
--- ncaam/UTEP xs: 3 rows x 14 cells ---
--- ncaam/UTEP sm: 4 rows x 22 cells ---
--- ncaam/UTEP md: 5 rows x 28 cells ---
wrote packages/core/src/art/ncaam/utep.xs.txt
wrote packages/core/src/art/ncaam/utep.sm.txt
wrote packages/core/src/art/ncaam/utep.md.txt
--- ncaam/UTSA xs: 2 rows x 14 cells ---
--- ncaam/UTSA sm: 3 rows x 22 cells ---
--- ncaam/UTSA md: 4 rows x 28 cells ---
wrote packages/core/src/art/ncaam/utsa.xs.txt
wrote packages/core/src/art/ncaam/utsa.sm.txt
wrote packages/core/src/art/ncaam/utsa.md.txt
--- ncaam/USU xs: 3 rows x 14 cells ---
--- ncaam/USU sm: 4 rows x 22 cells ---
--- ncaam/USU md: 6 rows x 28 cells ---
wrote packages/core/src/art/ncaam/usu.xs.txt
wrote packages/core/src/art/ncaam/usu.sm.txt
wrote packages/core/src/art/ncaam/usu.md.txt
--- ncaam/UTU xs: 2 rows x 14 cells ---
--- ncaam/UTU sm: 3 rows x 22 cells ---
--- ncaam/UTU md: 4 rows x 28 cells ---
wrote packages/core/src/art/ncaam/utu.xs.txt
wrote packages/core/src/art/ncaam/utu.sm.txt
wrote packages/core/src/art/ncaam/utu.md.txt
--- ncaam/UTAH xs: 3 rows x 14 cells ---
--- ncaam/UTAH sm: 5 rows x 22 cells ---
--- ncaam/UTAH md: 7 rows x 28 cells ---
wrote packages/core/src/art/ncaam/utah.xs.txt
wrote packages/core/src/art/ncaam/utah.sm.txt
wrote packages/core/src/art/ncaam/utah.md.txt
--- ncaam/UVU xs: 3 rows x 14 cells ---
--- ncaam/UVU sm: 4 rows x 22 cells ---
--- ncaam/UVU md: 5 rows x 28 cells ---
wrote packages/core/src/art/ncaam/uvu.xs.txt
wrote packages/core/src/art/ncaam/uvu.sm.txt
wrote packages/core/src/art/ncaam/uvu.md.txt
--- ncaam/VCU xs: 2 rows x 13 cells ---
--- ncaam/VCU sm: 3 rows x 21 cells ---
--- ncaam/VCU md: 3 rows x 27 cells ---
wrote packages/core/src/art/ncaam/vcu.xs.txt
wrote packages/core/src/art/ncaam/vcu.sm.txt
wrote packages/core/src/art/ncaam/vcu.md.txt
--- ncaam/VMI xs: 3 rows x 14 cells ---
--- ncaam/VMI sm: 5 rows x 22 cells ---
--- ncaam/VMI md: 7 rows x 28 cells ---
wrote packages/core/src/art/ncaam/vmi.xs.txt
wrote packages/core/src/art/ncaam/vmi.sm.txt
wrote packages/core/src/art/ncaam/vmi.md.txt
--- ncaam/VAL xs: 4 rows x 14 cells ---
--- ncaam/VAL sm: 6 rows x 22 cells ---
--- ncaam/VAL md: 7 rows x 28 cells ---
wrote packages/core/src/art/ncaam/val.xs.txt
wrote packages/core/src/art/ncaam/val.sm.txt
wrote packages/core/src/art/ncaam/val.md.txt
--- ncaam/VAN xs: 3 rows x 14 cells ---
--- ncaam/VAN sm: 4 rows x 22 cells ---
--- ncaam/VAN md: 5 rows x 28 cells ---
wrote packages/core/src/art/ncaam/van.xs.txt
wrote packages/core/src/art/ncaam/van.sm.txt
wrote packages/core/src/art/ncaam/van.md.txt
--- ncaam/UVM xs: 4 rows x 14 cells ---
--- ncaam/UVM sm: 6 rows x 22 cells ---
--- ncaam/UVM md: 7 rows x 28 cells ---
wrote packages/core/src/art/ncaam/uvm.xs.txt
wrote packages/core/src/art/ncaam/uvm.sm.txt
wrote packages/core/src/art/ncaam/uvm.md.txt
--- ncaam/VILL xs: 3 rows x 14 cells ---
--- ncaam/VILL sm: 5 rows x 22 cells ---
--- ncaam/VILL md: 6 rows x 28 cells ---
wrote packages/core/src/art/ncaam/vill.xs.txt
wrote packages/core/src/art/ncaam/vill.sm.txt
wrote packages/core/src/art/ncaam/vill.md.txt
--- ncaam/UVA xs: 3 rows x 13 cells ---
--- ncaam/UVA sm: 5 rows x 21 cells ---
--- ncaam/UVA md: 6 rows x 27 cells ---
wrote packages/core/src/art/ncaam/uva.xs.txt
wrote packages/core/src/art/ncaam/uva.sm.txt
wrote packages/core/src/art/ncaam/uva.md.txt
--- ncaam/VT xs: 2 rows x 14 cells ---
--- ncaam/VT sm: 3 rows x 21 cells ---
--- ncaam/VT md: 4 rows x 27 cells ---
wrote packages/core/src/art/ncaam/vt.xs.txt
wrote packages/core/src/art/ncaam/vt.sm.txt
wrote packages/core/src/art/ncaam/vt.md.txt
--- ncaam/WAG xs: 2 rows x 14 cells ---
--- ncaam/WAG sm: 3 rows x 22 cells ---
--- ncaam/WAG md: 4 rows x 28 cells ---
wrote packages/core/src/art/ncaam/wag.xs.txt
wrote packages/core/src/art/ncaam/wag.sm.txt
wrote packages/core/src/art/ncaam/wag.md.txt
--- ncaam/WAKE xs: 3 rows x 14 cells ---
--- ncaam/WAKE sm: 4 rows x 22 cells ---
--- ncaam/WAKE md: 5 rows x 28 cells ---
wrote packages/core/src/art/ncaam/wake.xs.txt
wrote packages/core/src/art/ncaam/wake.sm.txt
wrote packages/core/src/art/ncaam/wake.md.txt
--- ncaam/WASH xs: 3 rows x 14 cells ---
--- ncaam/WASH sm: 4 rows x 22 cells ---
--- ncaam/WASH md: 5 rows x 28 cells ---
wrote packages/core/src/art/ncaam/wash.xs.txt
wrote packages/core/src/art/ncaam/wash.sm.txt
wrote packages/core/src/art/ncaam/wash.md.txt
--- ncaam/WSU xs: 4 rows x 13 cells ---
--- ncaam/WSU sm: 6 rows x 21 cells ---
--- ncaam/WSU md: 7 rows x 26 cells ---
wrote packages/core/src/art/ncaam/wsu.xs.txt
wrote packages/core/src/art/ncaam/wsu.sm.txt
wrote packages/core/src/art/ncaam/wsu.md.txt
--- ncaam/WEB xs: 3 rows x 14 cells ---
--- ncaam/WEB sm: 4 rows x 21 cells ---
--- ncaam/WEB md: 5 rows x 27 cells ---
wrote packages/core/src/art/ncaam/web.xs.txt
wrote packages/core/src/art/ncaam/web.sm.txt
wrote packages/core/src/art/ncaam/web.md.txt
--- ncaam/UWF xs: 5 rows x 14 cells ---
--- ncaam/UWF sm: 8 rows x 22 cells ---
--- ncaam/UWF md: 10 rows x 28 cells ---
wrote packages/core/src/art/ncaam/uwf.xs.txt
wrote packages/core/src/art/ncaam/uwf.sm.txt
wrote packages/core/src/art/ncaam/uwf.md.txt
--- ncaam/WGA xs: 3 rows x 14 cells ---
--- ncaam/WGA sm: 4 rows x 22 cells ---
--- ncaam/WGA md: 5 rows x 27 cells ---
wrote packages/core/src/art/ncaam/wga.xs.txt
wrote packages/core/src/art/ncaam/wga.sm.txt
wrote packages/core/src/art/ncaam/wga.md.txt
--- ncaam/WVU xs: 4 rows x 14 cells ---
--- ncaam/WVU sm: 5 rows x 22 cells ---
--- ncaam/WVU md: 7 rows x 28 cells ---
wrote packages/core/src/art/ncaam/wvu.xs.txt
wrote packages/core/src/art/ncaam/wvu.sm.txt
wrote packages/core/src/art/ncaam/wvu.md.txt
--- ncaam/WCU xs: 3 rows x 14 cells ---
--- ncaam/WCU sm: 4 rows x 22 cells ---
--- ncaam/WCU md: 5 rows x 28 cells ---
wrote packages/core/src/art/ncaam/wcu.xs.txt
wrote packages/core/src/art/ncaam/wcu.sm.txt
wrote packages/core/src/art/ncaam/wcu.md.txt
--- ncaam/WIU xs: 4 rows x 14 cells ---
--- ncaam/WIU sm: 7 rows x 22 cells ---
--- ncaam/WIU md: 8 rows x 28 cells ---
wrote packages/core/src/art/ncaam/wiu.xs.txt
wrote packages/core/src/art/ncaam/wiu.sm.txt
wrote packages/core/src/art/ncaam/wiu.md.txt
--- ncaam/WKU xs: 3 rows x 14 cells ---
--- ncaam/WKU sm: 4 rows x 22 cells ---
--- ncaam/WKU md: 5 rows x 28 cells ---
wrote packages/core/src/art/ncaam/wku.xs.txt
wrote packages/core/src/art/ncaam/wku.sm.txt
wrote packages/core/src/art/ncaam/wku.md.txt
--- ncaam/WMU xs: 2 rows x 14 cells ---
--- ncaam/WMU sm: 3 rows x 22 cells ---
--- ncaam/WMU md: 3 rows x 28 cells ---
wrote packages/core/src/art/ncaam/wmu.xs.txt
wrote packages/core/src/art/ncaam/wmu.sm.txt
wrote packages/core/src/art/ncaam/wmu.md.txt
--- ncaam/WICH xs: 3 rows x 14 cells ---
--- ncaam/WICH sm: 5 rows x 22 cells ---
--- ncaam/WICH md: 6 rows x 28 cells ---
wrote packages/core/src/art/ncaam/wich.xs.txt
wrote packages/core/src/art/ncaam/wich.sm.txt
wrote packages/core/src/art/ncaam/wich.md.txt
--- ncaam/W&M xs: 3 rows x 13 cells ---
--- ncaam/W&M sm: 5 rows x 21 cells ---
--- ncaam/W&M md: 6 rows x 27 cells ---
wrote packages/core/src/art/ncaam/w&m.xs.txt
wrote packages/core/src/art/ncaam/w&m.sm.txt
wrote packages/core/src/art/ncaam/w&m.md.txt
--- ncaam/WIN xs: 3 rows x 14 cells ---
--- ncaam/WIN sm: 5 rows x 21 cells ---
--- ncaam/WIN md: 6 rows x 27 cells ---
wrote packages/core/src/art/ncaam/win.xs.txt
wrote packages/core/src/art/ncaam/win.sm.txt
wrote packages/core/src/art/ncaam/win.md.txt
--- ncaam/WIS xs: 4 rows x 14 cells ---
--- ncaam/WIS sm: 5 rows x 22 cells ---
--- ncaam/WIS md: 7 rows x 28 cells ---
wrote packages/core/src/art/ncaam/wis.xs.txt
wrote packages/core/src/art/ncaam/wis.sm.txt
wrote packages/core/src/art/ncaam/wis.md.txt
--- ncaam/WOF xs: 4 rows x 13 cells ---
--- ncaam/WOF sm: 6 rows x 22 cells ---
--- ncaam/WOF md: 8 rows x 28 cells ---
wrote packages/core/src/art/ncaam/wof.xs.txt
wrote packages/core/src/art/ncaam/wof.sm.txt
wrote packages/core/src/art/ncaam/wof.md.txt
--- ncaam/WRST xs: 3 rows x 14 cells ---
--- ncaam/WRST sm: 4 rows x 22 cells ---
--- ncaam/WRST md: 5 rows x 28 cells ---
wrote packages/core/src/art/ncaam/wrst.xs.txt
wrote packages/core/src/art/ncaam/wrst.sm.txt
wrote packages/core/src/art/ncaam/wrst.md.txt
--- ncaam/WYO xs: 6 rows x 14 cells ---
--- ncaam/WYO sm: 10 rows x 22 cells ---
--- ncaam/WYO md: 12 rows x 28 cells ---
wrote packages/core/src/art/ncaam/wyo.xs.txt
wrote packages/core/src/art/ncaam/wyo.sm.txt
wrote packages/core/src/art/ncaam/wyo.md.txt
--- ncaam/XAV xs: 3 rows x 12 cells ---
--- ncaam/XAV sm: 5 rows x 19 cells ---
--- ncaam/XAV md: 6 rows x 25 cells ---
wrote packages/core/src/art/ncaam/xav.xs.txt
wrote packages/core/src/art/ncaam/xav.sm.txt
wrote packages/core/src/art/ncaam/xav.md.txt
--- ncaam/YALE xs: 3 rows x 14 cells ---
--- ncaam/YALE sm: 5 rows x 22 cells ---
--- ncaam/YALE md: 7 rows x 28 cells ---
wrote packages/core/src/art/ncaam/yale.xs.txt
wrote packages/core/src/art/ncaam/yale.sm.txt
wrote packages/core/src/art/ncaam/yale.md.txt
--- ncaam/YSU xs: 2 rows x 14 cells ---
--- ncaam/YSU sm: 4 rows x 22 cells ---
--- ncaam/YSU md: 5 rows x 28 cells ---
wrote packages/core/src/art/ncaam/ysu.xs.txt
wrote packages/core/src/art/ncaam/ysu.sm.txt
wrote packages/core/src/art/ncaam/ysu.md.txt
ncaaw: 362 teams
--- ncaaw/ACU xs: 3 rows x 13 cells ---
--- ncaaw/ACU sm: 4 rows x 21 cells ---
--- ncaaw/ACU md: 5 rows x 27 cells ---
wrote packages/core/src/art/ncaaw/acu.xs.txt
wrote packages/core/src/art/ncaaw/acu.sm.txt
wrote packages/core/src/art/ncaaw/acu.md.txt
--- ncaaw/AF xs: 4 rows x 14 cells ---
--- ncaaw/AF sm: 6 rows x 22 cells ---
--- ncaaw/AF md: 7 rows x 28 cells ---
wrote packages/core/src/art/ncaaw/af.xs.txt
wrote packages/core/src/art/ncaaw/af.sm.txt
wrote packages/core/src/art/ncaaw/af.md.txt
--- ncaaw/AKR xs: 2 rows x 13 cells ---
--- ncaaw/AKR sm: 3 rows x 21 cells ---
--- ncaaw/AKR md: 4 rows x 27 cells ---
wrote packages/core/src/art/ncaaw/akr.xs.txt
wrote packages/core/src/art/ncaaw/akr.sm.txt
wrote packages/core/src/art/ncaaw/akr.md.txt
--- ncaaw/AAMU xs: 4 rows x 14 cells ---
--- ncaaw/AAMU sm: 6 rows x 21 cells ---
--- ncaaw/AAMU md: 8 rows x 28 cells ---
wrote packages/core/src/art/ncaaw/aamu.xs.txt
wrote packages/core/src/art/ncaaw/aamu.sm.txt
wrote packages/core/src/art/ncaaw/aamu.md.txt
--- ncaaw/ALA xs: 4 rows x 14 cells ---
--- ncaaw/ALA sm: 6 rows x 22 cells ---

⠀⠀⠀⠀⠀⢀⣀⣤⣄⣀⣠⣄⣰⣞⣻⣶⣄⣤⣄⣀⣠⣤⣀⡀
⠀⠀⠀⠀⢸⣏⢡⣶⣦⣁⣶⣶⣉⣴⣶⣮⣥⣶⣶⣯⣴⣶⣮⣿⠆
⠀⠀⠀⠀⢠⣽⣿⣿⣿⣿⣿⣿⣿⣿⣿⣿⣿⣿⣿⣿⣿⣿⣿⣥⡄
⠀⣠⡴⢚⣫⣭⣭⣝⣛⣿⣭⠩⣭⣭⣛⣛⡻⢿⡍⢩⣿⣿⣿⣏⢩⣿⣿
⠸⣏⠸⣿⣿⣿⣿⣿⡧⢹⣿⡆⣿⣿⣿⡿⢹⣾⣧⢸⣿⣿⣿⣿⢸⣿⣿
⠀⠉⠓⠾⠷⣶⡭⠷⠶⢿⣿⡥⠿⣭⡭⠶⠿⠛⠻⠮⢽⣭⣭⣷⣽⣿⣷⠄
⣠⠖⢋⣽⣶⣾⣣⡄
⠙⠒⣫⢬⣗⣉⣏⣠⡄
⠀⠀⣴⢾⡿⣫⣟⣵⣪⣶⣷⣤⣾⣆
⠀⣠⡴⠾⠛⣿⡇⣠⢶⡿⠃
⣼⡟⠁⢀⣼⢿⣿⠷⣻⣖⡿⡟
⠉⠙⠛⣉⣁⣈⣙⡋⣉⣉⡉⣁⣀⡀
⠀⠀⠀⠉⢁⣴⡿⣿⣿⢟⣿⠟⣋⡴⠂⣠⣤⠀⠀⣠⣤
⠀⠀⠀⢴⠟⢡⡾⠋⢴⣿⣡⣾⣩⠴⣿⣽⣿⠴⣿⣽⣟⠤
⠀⠀⣠⣴⣾⡿⢿⣿⡄⢀⣴⣾⣿
⢠⣾⡿⠁⠀⢀⣾⣿⣵⣟⣵⢟⣡⡤⣤⡄
⣿⣿⡁⢀⣴⣿⠟⣽⣿⠋⣱⣿⡷⢚⡍
⠈⠉⠉⠉⢉⣀⣀⣈⣉⡉⠁⣈⣉⡉⠀⣀⣀
⠀⠀⠀⠀⠛⠋⢉⣴⣿⣷⣿⣿⣿⣶⣿⡿⠋⣤⡀⠀⢀⡀⠀⠀⠀⢀⡀
⠀⠀⠀⠀⠀⣠⣿⠟⣩⣾⡿⢫⣾⠟⣩⣴⠞⢃⣠⡾⣿⡇⠀⣠⡾⣿⡇
⠀⠀⠀⠀⢾⠟⠁⢾⡿⠁⢰⣿⣯⠼⣿⣥⠶⠿⣿⣾⣿⡵⠾⣿⣴⣿⡥⠖
⠀⠀⠀⡀⢀⡤⠖⠒⠒⢒⣒⠶⣤
⠀⢠⣿⢡⡟⠀⠀⠀⠀⢀⣿⢡⡿
⢀⣾⢃⣿⠁⠀⠀⠀⠀⣾⠇⡾⠃
⠈⠛⠶⠭⠥⠤⠤⠶⠞⠋⠈
⠀⠀⠀⠀⠀⠀⠀⢀⣀⣤⣤⠤⠶⠶⠶⠶⠤⣤⣤⣀
⠀⠀⠀⣠⣶⠇⣰⣿⠋⠀⠀⠀⠀⠈⠉⠛⣷⣶⠈⣿⡷
⠀⠀⢰⣿⡏⢰⣿⠏⠀⠀⠀⠀⠀⠀⠀⣼⣿⠃⣼⣿⠃
⠀⢠⣿⡟⢠⣿⡏⠀⠀⠀⠀⠀⠀⠀⣰⣿⠏⣰⣿⠇
⠀⢿⣿⣁⠻⠿⣄⣀⠀⠀⠀⠀⢀⣠⣿⠟⠠⠟⠋
⠀⠀⠉⠛⠛⠷⠶⠶⠶⠶⠾⠛⠛⠋⠁
⠀⠀⠀⠀⠀⠀⠀⠀⠀⠀⢀⣀⣠⣤⣤⣤⣤⣤⣤⣤⣤⣤⣤⣄⣀
⠀⠀⠀⠀⢀⣠⣴⠀⣰⣾⡟⠋⠉⠀⠀⠀⠀⠒⠒⠲⣶⣦⣌⠙⣿⣿⡆
⠀⠀⠀⢠⣿⣿⠃⣰⣿⡿⠀⠀⠀⠀⠀⠀⠀⠀⠀⢀⣿⣿⠏⢠⣿⣿⠁
⠀⠀⢠⣿⣿⠃⣰⣿⡿⠁⠀⠀⠀⠀⠀⠀⠀⠀⢀⣾⣿⠏⢠⣿⣿⠃
⠀⢀⣿⣿⠏⢠⣿⡿⠁⠀⠀⠀⠀⠀⠀⠀⠀⠀⣾⣿⡟⢀⣿⣿⠃
⠀⠸⣿⣿⣄⣙⠛⠿⠦⠤⠀⠀⠀⠀⠀⣀⣠⣾⣿⠟⠀⠞⠋⠁
⠀⠀⠀⠉⠙⠛⠛⠻⠿⠿⠿⠿⠟⠛⠛⠛⠉⠉
⣰⣿⢉⣿⠇⣿⡯⣽⡟⢸⣿⢁⣾⡏
⠀⠀⠀⠒⠒⠯⠀⣀⠰⠤
⢠⣾⣿⠛⢻⣿⣿⠂⣿⣿⡟⠛⣿⣿⠆⣽⣿⡟⠀⣼⣿⡟
⣼⣿⣟⣀⣼⣿⡟⢰⣿⣿⠛⢻⣿⡯⢠⣿⣿⣃⣠⣿⣿⠃
⠈⠉⠉⠉⣤⣤⣤⠴⢒⣂⣀⣀⠰⣂⢄⡀⠀⠉⠉⠉⠁
⠀⠀⠀⠀⠀⠀⠈⠉⠛⠲⢶⡶⠴⠞⠒⠻⠤
⠀⣶⣿⣿⠛⠛⣿⣿⣿⠂⣽⣿⣿⠛⠛⣿⣿⣿⠆⣹⣿⣿⡏⠀⢰⣿⣿⡟
⣸⣿⣿⣏⣀⣸⣿⣿⡏⢰⣿⣿⡟⠛⢻⣿⣿⡅⢠⣿⣿⣿⣀⣀⣿⣿⡿
⠈⠉⠉⠉⠉⣤⣤⣤⣤⠴⠒⣒⣀⣀⣀⡰⢖⣂⢄⡀⠀⠈⠉⠉⠉⠉
⠀⠀⠀⠀⠀⠀⠀⠀⠉⠉⠙⠓⠶⢶⣶⠴⠶⠓⠒⠻⠦⡄
⢠⣴⣶⡾⠛⠉⠉⠉⠉⠛⢷⣶⣦⣄
⣿⣿⣿⡇⠀⠀⠀⠀⠀⠀⢸⣿⣿⣿
⠘⠻⠿⢷⣤⣀⣀⣀⣀⣤⡾⠿⠟⠋
⠀⢀⣠⣤⣶⣶⡶⠟⠛⠛⠛⠛⠛⠛⠻⢶⣶⣶⣤⣄⡀
⣴⣿⣿⣿⣿⡏⠀⠀⠀⠀⠀⠀⠀⠀⠀⠀⢹⣿⣿⣿⣿⣦
⣿⣿⣿⣿⣿⡇⠀⠀⠀⠀⠀⠀⠀⠀⠀⠀⢸⣿⣿⣿⣿⣿
⠻⣿⣿⣿⣿⣇⠀⠀⠀⠀⠀⠀⠀⠀⠀⠀⣸⣿⣿⣿⣿⠟
⠀⠈⠙⠛⠿⠿⢷⣦⣤⣤⣀⣀⣤⣤⣴⡾⠿⠿⠛⠋⠁
⠀⠀⠀⣀⣤⣤⣶⣶⣶⠿⠟⠛⠛⠛⠛⠛⠛⠻⠿⣶⣶⣶⣤⣤⣀⡀
⢠⣶⣿⣿⣿⣿⣿⠋⠀⠀⠀⠀⠀⠀⠀⠀⠀⠀⠀⠀⠙⣿⣿⣿⣿⣿⣶⡄
⣿⣿⣿⣿⣿⣿⣿⠀⠀⠀⠀⠀⠀⠀⠀⠀⠀⠀⠀⠀⠀⣿⣿⣿⣿⣿⣿⣿
⣿⣿⣿⣿⣿⣿⣿⠀⠀⠀⠀⠀⠀⠀⠀⠀⠀⠀⠀⠀⠀⣿⣿⣿⣿⣿⣿⣿
⠘⠿⣿⣿⣿⣿⣿⣄⠀⠀⠀⠀⠀⠀⠀⠀⠀⠀⠀⠀⣠⣿⣿⣿⣿⣿⠿⠃
⠀⠀⠈⠉⠛⠛⠿⠿⠿⣶⣦⣤⣤⣤⣤⣤⣤⣴⣶⠿⠿⠿⠛⠛⠉⠁
⣯⣥⡀⠀⠀⠀⠀⠀⠀⠈⠉⠉⠛⠻
⣿⣿⣷⣦⣄⣀⠀⠀⠀⠀⠀⢖⣤⣾
⣯⣍⣉⠁⠀⠀⠀⠀⠀⠀⠀⠀⠀⠀⠉⠉⠉⠛⠛⠿⢿⣿
⣿⣿⣿⣯⣁⠀⠀⠀⠀⠀⠀⠀⠀⠀⠀⠀⠀⠀⠀⠀⢀⣴
⣿⣿⣿⣿⣿⣷⣦⣤⣄⣀⠀⠀⠀⠀⠀⠀⠠⢞⣩⣶⣿⣿
⣟⣛⡉⠉⠉⠁⠀⠀⠀⠀⠀⠀⠀⠀⠀⠀⠀⠉⠉⠉⠛⠛⠻⠿⢿⣿⣿⣿
⣿⣿⣿⣿⡶⠄⠀⠀⠀⠀⠀⠀⠀⠀⠀⠀⠀⠀⠀⠀⠀⠀⠀⠀⠀⠀⠉⢙
⣿⣿⣿⣿⣿⣶⣆⠀⠀⠀⠀⠀⠀⠀⠀⠀⠀⠀⠀⠀⠀⠀⣀⣀⠀⣠⣶⣿
⣿⣿⣿⣿⣿⣿⣿⣿⣷⣶⣤⣀⣀⡀⠀⠀⠀⠀⠀⠀⠀⠘⣋⣥⣾⣿⣿⣿
⣠⡴⢒⣭⣭⣤⣤⣶⣤⣤⣤⣀⡀
⠻⢧⣄⠻⣿⣿⡉⣴⠊⣴⣿⠖⢻⣦
⠀⠀⠀⠉⠉⠻⠟⠛⠓⣢⡫⠴⠟⠋
⢀⣠⣤⡶⢖⣛⣩⣭⣭⣤⣤⣤⣤⣤⣤⣀⣀⡀
⢿⣿⣇⠀⠻⣿⣿⣿⣿⡿⠟⢛⣛⠛⠛⣛⣿⣫⣛⣿⣄⡀
⠀⠉⠛⠳⠦⢬⣻⣿⣿⣷⡄⢻⣇⡐⠿⢿⣿⠏⠁⣸⣿⡿
⠀⠀⠀⠀⠀⠀⠀⠀⠹⠟⠃⠉⠉⢉⣑⣮⠥⠴⠞⠛⠉
⠀⢀⣀⣤⣴⠶⠖⢚⣋⣉⣉⣉⣀⣀⣤⣤⣄⣀⣀⣀⡀
⣴⣿⣿⠋⠀⠶⣿⣿⣿⣿⣿⣿⣿⣿⡿⠿⠿⢿⣿⠿⠿⣿⠷⠶⣶⡄
⠙⠿⣿⣦⣀⠀⠙⢿⣿⣿⣿⣿⡁⠀⣠⣶⠋⢀⡤⣶⣿⣷⠿⠶⠻⣿⣷⣄
⠀⠀⠀⠈⠉⠛⠓⠲⠽⠿⢿⣿⣿⡆⣸⣿⣤⣈⡛⠫⣿⠟⠀⢀⣠⣿⣿⠟
⠀⠀⠀⠀⠀⠀⠀⠀⠀⠀⠈⠛⠋⠉⠁⠀⢀⣀⣉⣯⠤⠶⠞⠛⠋⠉
⡿⢟⣫⠍⠀⣤⠴⠤⠤⠀⠉⠙⠻⢿
⢰⡟⠀⠀⠀⠀⠀⠀⠀⠁⠐⢦
⣿⣿⣦⣀⡐⠂⠀⠀⠀⠒⣚⣣⣴⣾
⣿⣿⠿⠛⣋⡉⠉⠀⡠⣊⣴⣤⣤⣀⣀⡉⠉⠙⠛⠿⣿⣿
⠋⣠⣶⠋⠁⠀⠀⠀⠉⠉⠀⠀⠀⠀⠒⠠⠥⣀⠀⢀⠀⠙
⣄⢿⣇⠀⠀⠀⠀⠀⠀⠀⠀⠀⠀⠀⠀⠀⣀⣨⡟⠂⠁⣠
⣿⣿⣿⣷⣤⣄⣈⡙⠒⠒⠂⠀⠀⠈⠉⣉⣉⣩⣤⣶⣿⣿
⣿⣿⣿⡿⠿⠛⢋⣉⠉⠁⢀⠔⢁⣢⣀⣀⣀⣀⠈⠉⠉⠙⠛⠿⢿⣿⣿⣿
⡿⠋⣡⣴⡶⠛⠉⠀⠀⠀⠾⠚⠛⠉⠉⠉⠉⢉⣭⣉⠒⠤⠀⡀⠀⠈⠙⢿
⠀⣼⣿⡏⠀⠀⠀⠀⠀⠀⠀⠀⠀⠀⠀⠀⠀⠀⠀⠀⠉⠙⢲⣦⡉⡲
⣷⣜⣿⣧⡀⠀⠀⠀⢀⣀⠀⠀⠀⠀⠀⠀⠀⢀⣀⣀⣠⣤⣾⠍⠁⢀⣠⣾
⣿⣿⣿⣿⣿⣶⣤⣄⣀⣉⠉⠉⠉⠉⠁⠀⠀⠀⢀⣈⣉⣩⣤⣶⣾⣿⣿⣿
⣿⡏⢉⣹⠍⡯⣿⠉⠋⢹⡏⡛⢹⣿
⡿⠛⠛⠛⢛⣛⣛⣛⣛⠛⠛⠛⠛⢻
⢷⡀⠀⠀⠀⢸⣿⣏⣥⡿⠇⠀⢀⡾
⠀⠑⢦⡀⠀⣼⣿⣧⡄⠀⢀⡴⠊
⠀⠀⠀⠈⠓⠦⣄⣠⠴⠚⠁
⣿⣿⡟⠛⠟⢻⣟⠛⠿⣻⣿⡛⠻⠟⢛⣿⡛⠛⢟⢛⣿⣿
⣿⣿⣥⣤⣿⣿⣧⣤⣭⣭⣿⣤⣵⣦⣼⣿⣥⣴⣦⣴⣿⣿
⣿⠀⠀⠀⠀⠀⠀⠠⣤⣤⣤⣤⣤⡤⢄⣠⡀⠀⠀⠀⠀⣿
⢻⡄⠀⠀⠀⠀⠀⠀⠀⣿⣿⢇⣀⣠⣿⡿⠇⠀⠀⠀⢠⡟
⠀⠙⢦⣀⠀⠀⠀⠀⢀⣿⣾⣏⠈⠀⠀⠀⠀⠀⣀⡴⠋
⠀⠀⠀⠉⠓⢦⣄⡘⠛⠛⠛⠛⠛⠀⢀⣠⡴⠚⠉
⠀⠀⠀⠀⠀⠀⠈⠉⠓⠦⣤⣤⠴⠚⠉⠁
⣿⣿⣟⠛⢛⡛⠛⢿⡛⠛⣛⣛⣻⣟⡛⠻⢿⡛⢛⣻⡛⠛⠿⣛⠛⣛⣿⣿
⣿⣿⡿⠀⠀⢶⣶⣿⠇⠀⠶⠞⢻⡿⠃⠰⣄⡁⢸⣿⠟⠀⢦⡈⠀⣿⣿⣿
⣿⡿⠿⠿⠿⠿⠿⠿⠿⠿⠿⠿⠿⠿⠿⠿⠿⠿⠿⠿⠿⠿⠿⠿⠿⠿⢿⣿
⣿⡇⠀⠀⠀⠀⠀⠀⠀⠰⠶⣶⣶⣶⣶⣶⣶⠖⣀⣴⣄⠀⠀⠀⠀⠀⢸⣿
⢻⣧⠀⠀⠀⠀⠀⠀⠀⠀⠀⢸⣿⣿⠟⣀⣀⣼⣿⣿⡿⠀⠀⠀⠀⠀⣼⡟
⠀⠙⢷⣄⠀⠀⠀⠀⠀⠀⠀⢸⣫⣵⣿⠉⠉⠉⠉⠀⠀⠀⠀⠀⣠⡾⠋
⠀⠀⠀⠙⠷⣦⣀⠀⠀⢠⣤⣾⣿⣿⣿⣦⣤⠀⠀⠀⠀⣀⣴⠾⠋
⠀⠀⠀⠀⠀⠀⠙⠳⢦⣄⡀⠀⠀⠀⠀⠀⠀⢀⣠⡴⠞⠋
⠀⠀⠀⠀⠀⠀⠀⠀⠀⠈⠉⠛⠶⢤⡤⠶⠛⠉⠁
⠀⠀⠀⠀⠉⢹⣿⣟⠓⠶⣦⣤⡀
⠀⠀⠀⠀⠀⢸⣿⣿⠀⠤⠾⠟⠋
⠀⠀⠀⠀⠀⠼⠿⠿
⢴⠶⣶⢴⠶⣶⢰⡦⢲⣶⠆⣰⡶
⠀⠀⠀⠀⠀⠀⠉⠉⢙⣛⣛⠳⠶⢶⣦⣤⣄⣀
⠀⠀⠀⠀⠀⠀⠀⠀⢸⣿⣿⣿⠀⠀⠈⠙⢿⣿⣿⣦
⠀⠀⠀⠀⠀⠀⠀⠀⢸⣿⣿⣿⠀⠀⣀⣠⣾⡿⠿⠋
⠀⠀⠀⠀⠀⠀⠀⠀⢸⣿⣿⣿⠉⠉⠉⠁
⠀⠀⠀⠀⠀⠀⠀⠀⣸⣿⣿⣿⣄
⢠⣤⠀⣠⡄⢀⡤⣠⣤⡄⣤⡄⠀⣠⢄⣤⠤⠄⣠⡤⠤
⠸⠿⠋⠿⠗⠭⠚⠛⠿⠇⠿⠷⠋⠡⠿⠭⠅⠤⠭⠿⠃
⠀⠀⠀⠀⠀⠀⠀⠈⠉⠙⠛⣛⡛⠛⠶⠶⣶⣶⣤⣤⣄⣀
⠀⠀⠀⠀⠀⠀⠀⠀⠀⠀⠀⣿⣿⣿⣿⡆⠀⠀⠉⠛⢿⣿⣿⣷⣦⡀
⠀⠀⠀⠀⠀⠀⠀⠀⠀⠀⠀⣿⣿⣿⣿⡇⠀⠀⠀⠀⣀⣿⣿⣿⡿⠃
⠀⠀⠀⠀⠀⠀⠀⠀⠀⠀⠀⣿⣿⣿⣿⡧⠤⠴⠶⠛⠛⠛⠉⠁
⠀⠀⠀⠀⠀⠀⠀⠀⠀⠀⠀⣿⣿⣿⣿⡇
⠀⠀⠀⠀⠀⠀⠀⠀⠀⠀⠴⠿⠿⠿⠿⠷
⢀⣶⡆⣀⣴⡆⢀⡠⢖⣠⢶⣶⠀⣶⡆⠀⣠⠴⣢⣶⣖⠒⢀⣤⣖⡒⠒
⠘⠿⠚⠁⠿⠗⠫⠖⠋⠉⠿⠿⠀⠿⠷⠋⠁⠴⠿⠥⠥⠠⠤⠬⠽⠟⠁
⠴⠖⣿⣿⠛⢻⣶⠀⣀⣤⣀⣤⣄
⠀⠀⢿⣿⠋⢩⣽⣿⣩⢿⣥⢿⣯⠥
⢀⣤⡶⢶⣾⣟⠛⠻⢷⣶⣤⡀⠀⠀⣀⣀⠀⢀⣀⡀
⠈⠉⠀⢸⣿⣿⣧⣤⣴⠿⢿⣥⡴⠶⣿⣿⠖⢺⣿⡷⠦
⠀⠀⠀⠸⢿⣿⠇⠀⠤⣤⡿⠿⣧⣴⠿⣿⣶⠾⠿⣧⠴⠆
⠀⣀⣤⣴⣶⣶⡾⠿⠿⠿⣶⣶⣦⣄
⠘⠛⠛⠁⢾⣿⣿⣿⠀⠀⢀⣿⣿⣿⠇⠀⣀⣰⣿⣿⣧⣤⣾⣿⣿⣄⡀
⠀⠀⠀⠀⢸⣿⣿⣿⡿⠿⠛⠛⠉⣿⣿⣷⠉⢙⣿⣿⡏⠉⣹⣿⡟⠙⠋
⠀⠀⠀⠀⠸⠿⣿⡿⠇⠀⠰⠶⠾⠿⠿⢿⣶⠾⠿⠿⣿⠾⠟⠿⠿⠶⠿⠃
⠀⠀⣤⣀⣀⣤⣼⣧⣤⣀⣀⣤
⠀⢀⣾⠋⠥⠤⢷⡾⠤⠬⠙⣦⡀
⠉⠉⢿⡤⠄⠀⣸⣇⠀⠠⣤⡿⠉⠉
⠀⠀⠀⠙⠒⠶⢿⡿⠶⠒⠋
⠀⠀⠀⣀⡀⠀⠀⣀⣀⣀⣼⣧⣀⣀⣀⠀⠀⢀⣀
⠀⠀⠀⣠⣽⠿⢛⣉⣉⣸⣯⣽⣇⣉⣉⡛⠿⣯⡁
⠤⠤⢴⣿⡇⠀⠀⠉⠉⠉⣿⣿⠉⠉⠉⠀⠀⢸⣿⡦⠤⠤
⠀⠀⠀⠻⢷⣖⡒⠀⠀⢀⣿⣿⡀⠀⠀⢒⣲⡾⠟
⠀⠀⠀⠀⠀⠈⠉⠛⠲⠿⣿⣿⠿⠖⠛⠉⠁
⠀⠀⠀⠀⠀⠀⠀⠀⠀⠀⠀⠀⠀⣺⣟
⠀⠀⠀⠀⠛⢷⣤⣤⣶⠾⠿⠛⣿⠿⠿⣿⠛⠿⠷⣶⣤⣤⡾⠛
⠀⠀⠀⠀⣴⣿⠟⠉⢤⣤⣤⣤⣽⣷⣿⣯⣤⣤⣤⡄⠉⠻⣿⣦
⢤⣤⠤⣼⣿⡏⠀⠀⠀⠀⠀⠀⢀⣿⣿⡁⠀⠀⠀⠀⠀⠀⢹⣿⣧⢤⣤⡤
⠀⠀⠀⠈⢿⣷⣤⣤⣤⠀⠀⠀⢸⣿⣿⡇⠀⠀⠀⣤⣤⣤⣾⡿⠁
⠀⠀⠀⠀⠀⠙⠿⢶⣤⣀⣀⣀⣼⣿⣿⣧⣀⣀⣀⣤⡶⠟⠋
⠀⠀⠀⠀⠀⠀⠀⠀⠈⠉⠙⠛⠿⢿⣿⠿⠛⠋⠉⠁
⣷⠲⠤⣄⣀⠀⠀⠀⠀⣀⣠⠤⠖⣾
⠉⡇⠀⢠⣈⠉⢲⡖⠉⣁⡄⠀⢸⠉
⠀⡇⠀⢈⣠⣤⣾⡗⠦⣄⡉⠓⢺
⠀⢧⡀⢸⣿⣿⣿⡇⠀⠿⠃⢀⡼
⠀⠀⠉⠛⠻⠿⣿⣧⠴⠖⠚⠉
⣿⡶⠦⣤⣀⡀⠀⠀⠀⠀⠀⠀⠀⠀⠀⠀⢀⣀⣤⠴⢶⣿
⠿⢧⡄⠀⠈⠉⠛⠲⠦⣤⣀⣀⣤⠴⠖⠛⠉⠁⠀⢠⡼⠿
⠀⢸⡇⠀⠀⢰⣶⠤⠀⠀⢹⡏⠀⠀⠤⣶⣆⡀⠀⢸⡇
⠀⢸⡇⠀⠀⢀⣀⣤⣤⣶⣿⡿⠶⢤⣤⣀⡈⠉⠛⢻⡇
⠀⢸⡇⠀⠀⢸⣿⣿⣿⣿⣿⡇⠀⠀⢸⣿⡇⠀⠀⢸⡇
⠀⠈⠻⢦⣄⣸⣿⣿⣿⣿⣿⡇⠀⠀⠈⠁⣀⣠⡴⠟⠁
⠀⠀⠀⠀⠀⠉⠙⠛⠿⠿⣿⣿⠶⠾⠛⠋⠉⡀⡀
⣿⣶⣦⣤⣀⡀⠀⠀⠀⠀⠀⠀⠀⠀⠀⠀⠀⠀⠀⠀⠀⠀⢀⣀⣤⣴⣶⣿
⣿⣗⠀⠈⠉⠛⠻⠶⣦⣤⣀⡀⠀⠀⠀⠀⢀⣀⣤⣴⠶⠟⠛⠉⠁⠀⣺⣿
⠈⢹⣿⡇⠀⠀⠀⣀⠀⠈⠉⠛⠻⣶⣶⠟⠛⠉⠁⠀⣀⠀⠀⠀⢸⣿⡏⠁
⠀⢸⣿⡇⠀⠀⠀⣿⠿⠗⠀⠀⠀⣿⣿⠀⠀⠀⠺⠿⣿⣤⣀⡀⢸⣿⡇
⠀⢸⣿⡇⠀⠀⠀⠀⣀⣠⣤⣶⣾⣿⣿⠳⢶⣤⣄⣀⠀⠈⠉⠛⢻⣿⡇
⠀⢸⣿⡇⠀⠀⠀⣿⣿⣿⣿⣿⣿⣿⣿⠀⠀⠀⢹⣿⣿⠀⠀⠀⢸⣿⡇
⠀⠈⢿⣧⡀⠀⠀⣿⣿⣿⣿⣿⣿⣿⣿⠀⠀⠀⠸⠿⠋⠀⠀⢀⣼⡿⠁
⠀⠀⠀⠉⠛⠷⣶⣿⣿⣿⣿⣿⣿⣿⣿⠀⠀⣀⣀⣀⣤⣴⠾⠛⠉
⠀⠀⠀⠀⠀⠀⠀⠈⠉⠙⠛⠿⠿⣿⣿⠿⠿⠛⠋⠉⡅⠠⡀⡄
⠻⣯⠉⢹⠿⢯⡍⢲⡄
⢀⡿⠀⠰⠿⢷⡚⣋⣀⢀⡀
⠈⢩⡽⠻⣆⠘⢧⠟⣴⠿⣤⠤⢤
⠠⠾⠴⠧⠬⢷⣤⠾⠵⠿⠤⠿⠬⠶
⠺⣯⣍⠉⠉⢩⣭⣭⣭⣉⠓⠲⣄
⠀⢸⣿⠀⠀⢘⣓⣒⣚⣋⣀⣠⡿
⢀⣼⠟⠀⠀⠸⠯⠭⠭⣭⠉⣥⡤⠤⠤⣤
⠘⠛⢛⣛⣛⣿⣆⠀⠘⢿⣀⣽⠟⣠⣾⣋⢀⣀⣀⣀⡀
⠀⠀⣸⠟⠠⠀⠙⣷⣄⠀⠙⢡⣾⢗⣤⡀⠛⣥⡄⠸⣇
⠀⠻⠷⠶⠿⠿⠶⠶⠿⣧⡴⠿⠷⠶⠿⠷⠶⠾⠷⠶⠾⠗
⢸⣿⣉⡉⠉⠉⠉⣉⣉⣉⣉⣉⠙⠒⠢⣄
⠀⠈⣿⡇⠀⠀⠀⠿⠭⠭⠭⠿⠃⠀⢀⣼⡇
⠀⠀⣿⡇⠀⠀⠀⣶⠶⠶⠶⠶⠖⠛⠛⠉
⢠⣾⣯⣥⣤⣤⣤⣉⠉⠉⠉⣽⡿⠀⢸⣿⡍⠉⣉⣽⠇
⠀⠀⠀⣴⣖⠒⠚⠻⣧⡀⠀⠈⠳⣤⡾⠋⣠⡞⠛⠲⢤⣴⠖⠒⠒⣦
⠀⠀⣠⡾⠋⣐⣂⡀⠙⢿⣦⡀⠀⠈⣠⣾⠟⢡⣶⣄⠈⠡⣶⣄⠈⠳⣄⡀
⠀⠘⠛⠒⠒⠛⠛⠒⠒⠒⠛⠿⣦⡾⠛⠓⠒⠚⠛⠓⠒⠒⠚⠓⠒⠒⠚⠃
⠿⣿⣿⡟⠛⠛⠛⠛⣿⣶⡀
⠀⣿⣿⣇⣔⣾⣟⣟⣿⡿⠛⢻⠿⢶
⣤⣿⣿⣯⡽⣿⣿⠉⠁
⠁⠉⠉⠉⠑⠿⣯⣦⣤⣤⣤⣮⡿⠟
⣏⡿⣿⣿⡿⣿⣿⣿⣿⣿⣿⣿⢿⣿⣶⢠
⠀⣿⣿⣿⡇⡇⠀⢀⡠⣴⣶⣾⣼⣿⣿⣬⣶⣶⣶⣶⣤⣀
⠀⣿⣿⣿⣧⣧⣤⣯⣿⣿⣧⣿⣼⣿⣿⠴⠉⠉⡇⠿⠿⢸
⣀⡿⣿⣿⡏⣏⡉⡏⣿⣿⣯⡏⠉⠉
⠇⠿⠿⠿⠿⠗⠿⡇⣿⣿⣿⡇⠀⠀⠀⠀⠀⠀⡄⣤⣤⢠
⠀⠀⠀⠀⠀⠀⠀⠓⠻⢿⣷⣿⣿⣿⣿⣿⣿⣿⣷⣿⠿⠚
⡏⢿⣿⣿⣿⣿⣿⣿⣿⣿⣿⣿⣿⣿⣿⣿⣿⣭⣖⠤⡄
⠉⢸⠀⣿⣿⡇⣾⠀⠀⠀⠀⣀⢤⣤⣬⣇⣿⣿⣿⣇⣧⣤⣤⣤⡤⢄⡀
⠀⢸⠀⣿⣿⡇⢿⣀⣀⡖⣭⣶⣿⠫⡿⡏⣿⣿⣿⠏⡟⠛⠻⡏⣿⣷⣮⢱
⠀⢸⠀⣿⣿⡿⢿⣿⣿⡿⣿⣿⣿⠿⣿⣿⣟⠯⠓⠉⠀⠀⠀⠁⠉⠉⠁⠈
⡄⣸⣠⣿⣿⣇⣹⡠⡄⡇⣿⣿⣿⢸⡇
⠃⠙⠛⠛⠛⠛⠛⠁⠃⡇⣿⣿⣿⠸⡇⠀⠀⠀⠀⠀⠀⠀⢀⡇⣶⣶⣦⢸
⠀⠀⠀⠀⠀⠀⠀⠀⠀⠑⠊⠽⣻⣿⣿⣿⣿⣿⣿⣿⣿⣿⣿⣿⣟⠯⠕⠊
⣿⣿⣿⣿⣿⣿⣿⣿⣿⣿⣷⣶⣤⡀
⠀⠀⣿⣿⣿⣿⠀⠀⠀⢉⣿⣿⣿⣷
⠀⠀⣿⣿⣿⣿⣿⣿⣿⣿⡿⠿⠟⠁
⠀⠀⣿⣿⣿⣿
⣿⣿⣿⣿⣿⣿⣿⣿
⣿⣿⣿⣿⣿⣿⣿⣿⣿⣿⣿⣿⣿⣿⣿⣷⣶⣶⣤⣄⡀
⠉⠉⠉⣿⣿⣿⣿⣿⣿⡏⠙⠛⠛⠛⠛⢿⣿⣿⣿⣿⣿⣆
⠀⠀⠀⣿⣿⣿⣿⣿⣿⡇⢀⣀⡀⢀⣀⣼⣿⣿⣿⣿⣿⡿
⠀⠀⠀⣿⣿⣿⣿⣿⣿⣿⣿⣿⣿⣿⣿⣿⣿⣿⠿⠟⠋
⠀⠀⠀⣿⣿⣿⣿⣿⣿⡏⠉⠉⠉⠉⠉⠁
⣤⣀⣀⣿⣿⣿⣿⣿⣿⣇⣀⣀⡀
⣿⣿⣿⣿⣿⣿⣿⣿⣿⣿⣿⣿⡇
⣿⣿⣿⣿⣿⣿⣿⣿⣿⣿⣿⣿⣿⣿⣿⣿⣿⣿⣿⣷⣶⣶⣦⣤⣀
⠿⠿⠿⠿⣿⣿⣿⣿⣿⣿⣿⣿⠿⠿⠿⠿⠿⣿⣿⣿⣿⣿⣿⣿⣿⣿⣦⡀
⠀⠀⠀⠈⣿⣿⣿⣿⣿⣿⣿⣿⡄⠀⠀⠀⠀⠀⠀⠙⣿⣿⣿⣿⣿⣿⣿⣷
⠀⠀⠀⢠⣿⣿⣿⣿⣿⣿⣿⣿⣃⣠⣀⣀⣀⣠⣤⣾⣿⣿⣿⣿⣿⣿⣿⠟
⠀⠀⠀⢸⣿⣿⣿⣿⣿⣿⣿⣿⣿⣿⣿⣿⣿⣿⣿⣿⣿⣿⣿⣿⠿⠛⠁
⠀⠀⠀⠐⣿⣿⣿⣿⣿⣿⣿⣿⠛⠛⠛⠛⠛⠋⠙⠋⠉⠉
⠀⠀⠀⢸⣿⣿⣿⣿⣿⣿⣿⣿
⣶⣶⣶⣾⣿⣿⣿⣿⣿⣿⣿⣿⣶⣶⣶⣶
⣿⣿⣿⣿⣿⣿⣿⣿⣿⣿⣿⣿⣿⣿⣿⣿
⠀⠀⠀⠀⠀⢰⣶⣾⣿⣿⠿⢶⠂
⠀⠀⢀⣀⣤⣾⣿⣿⣿⣯⣄⡎
⠀⠉⠉⠉⠛⠛⠛⠿⠿⡿⠗⠛⠉
⠀⠀⠀⠀⠀⠀⠀⠀⢠⣤⣶⣶⣶⣿⣿⣿⣿⣶⡶⠄
⠀⠀⠀⠀⠀⠀⠀⢀⣸⣿⣿⣿⠿⣻⣿⠃⠀⢡⡗
⠀⢀⣀⣤⣤⣶⣾⣿⣿⣿⣿⣿⣿⣯⣿⣟⡲⠮⣄⣀⡀
⠀⠀⠀⠀⠀⠈⠉⠉⠉⠉⠛⠛⠻⠿⢿⠿⠛⠋⠉
⠀⠀⠀⠀⠀⠀⠀⠀⠀⠀⢠⣤⣤⣤⣶⣶⣶⣿⣿⣿⣿⣶⣶⣦⠤
⠀⠀⠀⠀⠀⠀⠀⠀⠀⠀⠀⣿⣿⣿⣿⢿⡿⣻⣿⣿⠉⠙⣓⣯
⠀⠀⠀⠀⠀⠀⠀⣀⣠⣤⣾⣿⣿⣿⣽⣬⣥⣿⣛⣤⣄⣀⡽⠁
⠀⠠⠤⠶⠶⠿⢿⣿⣿⣿⣿⣿⣿⣿⣿⣿⣿⣿⣶⣾⣭⣙⣓⣶⡦⠤⠄
⠀⠀⠀⠀⠀⠀⠀⠀⠀⠀⠀⠈⠉⠉⠙⠛⠛⠿⢿⠿⠛⠉⠁
⠀⠀⠴⣯⠍⠉⠉⢩⣭⣭⠍⠉⢉⡷
⣠⣖⣒⣃⣀⣀⣒⡶⠒⠒⠒⠋⠉
⠀⠀⠀⢀⣴⣋⡉⠉⠉⠉⠉⠉⣉⣉⣉⣉⡉⠉⠉⠉⠛⣦
⠀⠀⠀⠀⣠⡟⠁⠀⠀⠀⣀⣈⣉⣉⣉⣉⣁⣀⣀⡤⠞⠁
⣠⣞⣉⣉⣉⣀⣀⣀⣀⣀⣉⣽⠏⠁⠁
⠀⠀⠀⠀⠀⣠⠟⠉⠉⠉⠉⠉⠉⠉⠉⠉⠉⠉⠉⠉⠉⠉⠉⠉⠙⠛⠲⣦
⠀⠀⠀⠀⠘⠛⢒⡶⠂⠀⠀⠀⠀⠀⠰⠶⠶⠶⠶⠶⠒⠀⠀⠀⠀⢀⡼⠋
⠀⠀⣤⠤⠤⠴⠟⠁⠀⠀⠀⠀⠠⠤⠤⣤⡤⠤⠤⠤⠤⠤⠤⠶⠚⠋
⣠⣾⣁⣀⣀⣀⣀⣀⣀⣀⣀⣀⣀⣀⣴⠟
⠀⠸⠉⠘⠏⠘⠃⠘⠃⠘⠃⠘⠃
⠀⠀⣠⣴⣶⡒⠒⠒⢒⣶⣶⣤⣤⠄
⣀⠸⣯⣿⣝⣟⠻⠟⢹⣫⣟⣾⠇⣀
⠈⠓⠶⠾⠿⠻⢦⣄⣈⣭⠾⠷⠚⠁
⠀⠀⠯⠟⠃⠻⠿⠇⠸⠿⠇⠸⠿⠗⠸⠿⠝⠸⠽⠏
⠀⠀⠈⠀⠁⠁⠉⠁⠈⣀⣈⣉⣁⠉⠀⠁⠈⠉⠈
⠀⠀⠀⣠⣶⣿⣿⢯⡉⠁⠀⠀⠈⢉⡽⣿⣿⡶⢖⣿⡷
⠀⠀⠸⣿⣿⣿⣕⢿⣿⠻⢿⣿⠟⢿⡿⣪⡟⣱⣿⡇
⠹⣦⣀⡉⠛⠛⣿⣿⣿⡄⠈⠉⠁⠸⣿⠿⣱⣿⢋⣀⣴⠏
⠀⠀⠉⠛⠛⠒⠒⠛⠉⠻⠶⣦⣤⣤⣴⠾⠟⠛⠛⠉
⠀⠀⠀⣏⠿⠝⠸⣹⣼⡽⢸⣹⣏⡇⢸⣹⣏⡇⢸⣹⣏⡇⢸⣹⣿
⠀⠀⠀⠆⠀⠆⠰⠀⠆⠆⠰⠂⠀⠢⠲⠔⠰⠢⠐⠔⠠⠂⠆⠰
⠀⠀⠀⠀⠀⠀⣀⣠⣤⣤⣀⡤⠴⠶⠶⠶⢤⣀⣤⣤⣄⣀⠀⠀⣀⣀
⠀⠀⠀⠀⣠⣿⣿⣿⡿⢷⡀⠀⠀⠀⠀⠀⠀⢀⡾⢿⣿⣿⡷⣫⣽⡿⠷
⠀⠀⠀⣼⣿⣿⣿⣿⠰⣾⣿⡛⡻⠿⢿⣿⢛⣿⣲⠆⣿⡏⣼⣿⣧
⢤⣀⠀⠘⠿⢯⣿⣝⣷⣼⣯⡄⠈⠭⠭⠥⠄⣿⣧⣾⡟⣸⣿⠿⠃⠀⣠⡄
⠀⠛⢷⣦⣤⠤⠤⠭⢟⣿⣿⣿⣤⠀⠀⠀⠐⠚⠛⢋⣴⣿⡿⣤⣴⡾⠋
⠀⠀⠀⠈⠉⠛⠛⠛⠋⠉⠀⠉⠛⠾⢷⣤⣤⣴⣾⠿⠛⠛⠋⠉⠁
⠙⡦⠤⣄⣀⠀⠀⠀⠀⣀⣠⠤⢴⠞
⢠⣜⣃⢀⣻⠏⠿⠿⠙⣟⡁⣐⣣⡄
⢿⠛⠛⢛⠲⣟⢧⡼⣻⠞⠛⠛⠛⡿
⠈⠑⠟⠉⠛⢾⣓⣚⡷⠛⠉⠻⠊⠁
⠺⣦⣄⡀⠀⠀⠀⠀⠀⠀⠀⠀⠀⠀⠀⠀⠀⠀⠀⣀⣤⡾
⠀⠘⣏⡉⠛⠳⣖⣤⣀⣀⣀⣀⣀⣀⣤⣲⠶⠛⠋⣩⠟
⢀⣠⡞⠏⠉⠀⠚⢩⠆⢰⢿⡿⡇⠐⣬⠛⠀⠉⢹⢷⣄⡀
⣸⣏⣿⣶⣶⣘⡋⠗⢦⡴⠀⠀⢤⡴⠺⢽⣃⣴⣶⣾⣙⣇
⢻⡟⠋⠉⠉⠉⠛⢻⣍⡙⢶⡶⢊⣩⡟⠛⠉⠉⠉⠛⢿⡟
⠈⠛⣆⢚⣫⠿⢷⣦⡹⣾⣙⣋⣧⢏⣴⡾⢿⣟⠒⣰⠟⠁
⠀⠀⠈⠛⠀⠀⠀⠈⠻⣌⣉⣉⣱⠟⠁⠀⠀⠈⠛⠁
⠸⣦⣄⣀⠀⠀⠀⠀⠀⠀⠀⠀⠀⠀⠀⠀⠀⠀⠀⠀⠀⠀⠀⠀⠀⣀⣤⡶
⠀⠈⢿⡉⠛⠳⠶⣶⡤⣄⠀⠀⠀⠀⠀⠀⠀⠀⣀⠤⣴⡶⠶⠛⠛⣹⠏
⠀⠀⣈⣽⠶⠒⠂⠠⠿⢟⡩⠉⣹⣿⣿⣯⠉⢭⡛⠿⠅⠀⠒⠶⣿⣁
⠰⣾⢟⣮⣍⣀⠀⣶⠢⣬⡁⠀⠉⠈⠃⡉⠀⣀⣫⠤⡤⠀⣀⣉⣑⡿⣷⠆
⣼⣷⣺⣿⠿⠿⢶⣶⣬⣥⡭⠿⡅⠀⠀⢩⡿⢭⣨⣭⣵⣶⡿⢿⣷⣷⣼⣧
⠈⣟⣁⠀⢀⣀⣀⣀⡈⠙⢷⠤⣍⣻⣟⣩⢤⡾⠋⢁⣀⣀⣀⠀⠀⣈⣻⠏
⠀⠉⠻⣌⣉⡭⠾⠿⠿⣷⣌⠳⡷⣬⣥⢾⠞⣡⣶⠿⠿⠯⢭⣙⣡⠟⠋
⠀⠀⠀⠈⠛⠀⠀⠀⠀⠀⠙⣷⣌⣉⣉⣡⡾⠋⠀⠀⠀⠀⠈⠋⠁
⣤⡦⣶⣷⣿⣿⢸⠋⣿⣷⣾⡶⣴⣤
⠛⢡⣥⣶⣶⣖⣒⣒⠲⣶⣶⣬⡝⠛
⠀⠀⠻⣼⣿⡏⢨⡅⢰⣿⣯⠟
⠀⠀⠀⠈⠸⠻⢿⡿⠛⠇⠁
⢀⡠⣄⢠⡖⣶⢰⡏⣿⠀⣿⡙⠀⡟⢹⡆⣶⢲⡄⢠⣄⡀
⢼⠶⡏⠸⠏⠿⠘⠓⣛⣀⣛⣀⣀⣓⠚⠃⠿⠹⠇⢸⣀⡧
⠈⠀⢰⡖⣾⢉⡇⣿⣋⣉⣭⣥⡈⠉⣿⣼⠉⣷⢲⡆⠈⠁
⠀⠀⠀⠻⣜⢠⡇⣿⣿⠀⢈⡉⠀⢤⣿⣽⡀⣣⠟
⠀⠀⠀⠀⠈⠳⠍⣿⣿⣀⣼⣿⣀⣨⣿⠩⠞⠁
⠀⠀⠀⠀⠀⠀⠀⠛⠉⠳⠾⠷⠞⠉⠛
⠀⣀⣀⡀⢠⡔⢶⡆⢰⡏⢹⡇⢸⣿⣙⠃⢸⡏⢻⡆⢰⡖⢢⡄⢠⣀⣀
⣸⡧⣼⡃⢸⡏⢻⡇⠸⠧⠼⠇⠸⠟⠀⠀⠸⠧⠼⠇⢸⡏⢻⡇⢸⡇⢸⣇
⠘⠃⠈⣁⣬⣤⠴⢶⡆⣶⠶⠾⠟⠛⠛⡛⠓⠶⣶⢰⡶⠦⣤⣅⣈⠑⠚⠃
⠀⠀⠀⠹⣦⢻⡇⢸⡇⣿⣶⠖⠛⠻⠿⠇⠀⢀⣿⢸⡇⢸⠟⣼⠏
⠀⠀⠀⠀⠈⠳⣄⠸⡇⣿⣿⠀⠀⢰⣦⠀⠈⢿⣿⢸⠇⣠⠞⠁
⠀⠀⠀⠀⠀⠀⠈⠛⠀⣿⣿⣤⣤⠾⠿⣧⣤⣼⣿⠐⠛⠁
⠀⠀⠀⠀⠀⠀⠀⠀⠀⠉⠉⠐⠲⠿⠿⠖⠂⠉⠉
⠐⠒⣶⡖⠒⠒⠒⠒⠒⠒⠲⠦⠄
⠀⠀⣿⣇⣀⣛⣻⣿⠛
⠀⠀⣿⡏⠉⠉⠉
⠀⠀⠋⠁
⠀⣶⣶⣶⣶⣶⣶⣶⣶⣶⣶⣶⣶⣶⣶⣶⣶⣦⣄⡀
⠀⠀⠀⣿⣿⡇⠀⠀⣤⣤⣤⣤⣤⣤⡄⠀⠈⠙⠋⠁⡆
⠀⠀⠀⣿⣿⣇⣀⣀⣉⣉⣿⣿⡏⠉⠁⠀⠀⠐⠁⠀⠃
⠀⠀⠀⣿⣿⡿⠿⠿⠿⠻⡟⠉⡄⠀⠄⠀⢀
⠀⠀⠀⣿⣿⡇⠀⠀⠀⠀⡇⠀⡇⠀⠈⢂⠀⠢
⠀⡀⢀⠏⠁⠇⠀⡀⠀⠀⡇⠀⡇⠀⠀⠀⠡⡀⠑⠀⢀
⠀⠃⠀⠀⠀⠀⠀⠃⠀⠀⡇⠀⡇⠀⠀⠀⠀⠐⠀⠀⠘
⠀⠀⠀⠀⠀⠀⠀⠀⠇⠈⠀⠀⠀⠀⠆
⡇⣶⣶⣶⣶⣶⣶⣶⣶⣶⣶⣶⣶⣶⣶⣶⣶⣶⣶⣶⣶⣶⣤⣀
⠁⠀⢰⢸⣿⣿⣿⠀⠀⠄⣀⣀⣀⣀⣀⣀⣀⣀⡀⠄⠈⢙⢻⠛⠉⢰
⠀⠀⢸⢸⣿⣿⣿⠀⠀⠄⠛⠛⢻⣿⣿⣿⠛⠛⠃⠄⠀⠘⡸⠀⠀⢸
⠀⠀⢸⢸⣿⣿⣿⣶⣶⣶⣶⣶⣾⡿⠿⠛⠀⠀⠀⠀⠀⢁⠤⠒⠈
⠀⠀⢸⢸⣿⣿⣿⠀⠀⠀⠀⠀⢸⠀⠀⢸⢀⠊⠣⡀⠀⠣⡀⡀
⠀⠀⢸⢸⣿⡿⢿⠀⠀⠀⠀⠀⢸⠀⠀⢸⠀⠀⠑⠙⢄⠀⠑⢌⢀
⡆⡤⠈⠜⠁⠀⠘⠄⠀⡄⠀⠀⢸⠀⠀⢸⠀⠀⠀⠈⠂⠣⡀⠈⠢⠁⢠⢰
⠃⠁⠀⠀⠀⠀⠀⠀⠀⡁⠀⠀⢸⠀⠀⢸⠀⠀⠀⡀⠀⠑⠈⠀⠀⠀⠈⠘
⠀⠀⠀⠀⠀⠀⠀⠀⠀⡀⠇⠀⠁⠀⠀⠀⠁⠀⠇⡀
⠔⠛⠻⠷⡶⢒⣦⣴⠒⠛⣿⣦
⢀⣀⣸⣿⡇⢸⣿⣿⠀⣠⠿⠋
⠙⠉⢻⣿⡇⢸⣿⠟⠙⣿⣿⣆
⠀⢀⠬⠵⠶⠿⠶⣶⡶⠚⠿⣿⡶⠄
⣠⣴⣶⣿⣶⣶⣶⣦⣤⠴⠂⣀⣠⠴⠶⣿⣿⣶⡄
⠁⠀⠀⠀⣈⣭⣭⠅⢠⣾⣿⣿⠁⠀⠀⠈⣿⣿⣿
⠀⠀⠀⢸⣿⣿⣿⠀⢸⣿⣿⣿⠀⠀⠀⣠⣿⠿⠃
⢼⣿⣿⣿⣿⣿⣿⠀⢸⣿⣿⣿⡤⣴⣾⣿⣄⡀
⠈⠁⠀⢸⣿⣿⣿⠀⢸⣿⣿⡿⠀⠈⢻⣿⣿⣷⡄
⠀⠀⠀⠸⠿⢛⣉⣠⣮⣭⣥⣄⣀⣀⣘⣿⣿⣿⣿⣄
⠀⠀⡠⠶⠚⠛⠛⠛⠛⠻⠿⢿⡿⠟⠉⠈⠻⠿⣿⡿⠋⠁
⢀⣤⣶⣶⣶⣶⣶⣶⣤⣤⣤⣤⡤⠂⠀⣀⣠⡤⣶⣾⣿⣶⣤⡀
⠚⠉⠉⠉⠉⠛⠛⠛⢛⡛⠋⣩⣴⣶⣿⡏⠁⠀⠀⠙⣿⣿⣿⣿
⠀⠀⠀⠀⢠⣶⣿⣿⣿⠁⠀⣿⣿⣿⣿⡇⠀⠀⠀⠀⢸⣿⣿⡿
⠀⢀⣀⣀⣸⣿⣿⣿⣿⠀⠀⣿⣿⣿⣿⡇⠀⠀⠀⣠⣿⠿⠋
⢼⣿⣿⣿⣿⣿⣿⣿⣿⠀⠀⣿⣿⣿⣿⡧⢤⣴⣾⣿⣤⣀
⠈⠋⠉⠉⢹⣿⣿⣿⣿⠀⠀⣿⣿⣿⣿⡇⠀⠙⣿⣿⣿⣿⣧⡀
⠀⠀⠀⠀⢸⣿⣿⣿⠟⠀⢠⠿⠿⠛⠋⠀⠀⠀⢸⣿⣿⣿⣿⣷⡀
⠀⠀⠀⠀⠘⢋⣩⣤⣶⣶⣶⣶⣶⣶⣶⣶⣦⣤⣤⠿⣿⣿⣿⣿⣷⣤⣀⠄
⠀⠀⢀⠴⠞⠛⠛⠋⠉⠉⠛⠛⠛⠿⠿⣿⠿⠋⠀⠀⠈⠻⠿⣿⣿⠟⠁
⠀⠀⠀⡆⠀⠑⠢⡀⠀⢠
⠲⣄⠀⠻⣄⢀⣠⣹⣀⡼⠁
⠀⠀⢉⣳⢾⣿⣿⣿⣿⠿⢭⡓⠢⢄
⠀⠀⠏⠀⣿⠁⠈⠉⠁⠀⠀⠙⡆
⠀⠀⠀⠀⠘⢦⠀⠀⠀⠀⠀⠀⠃
⠀⠀⠀⠀⢀⡄⠀⠀⠑⢦⡀⠀⠀⠀⠀⡄
⡀⠀⠀⠀⠘⣇⠀⠀⠀⠀⠈⢦⡀⠀⠀⣿
⠘⢦⡀⠀⠀⠻⣆⡀⢤⣀⣤⢸⡷⢀⣼⠏
⠀⠀⠈⠓⠶⠤⣬⣿⣶⣿⣿⣿⣿⣿⣖⡒⠶⠦⣄⡀
⠀⠀⠀⢀⣤⠶⢋⣽⡟⢿⣿⣿⣿⡿⠉⠛⠻⢦⣀⠈⠙⠢
⠀⠀⠀⡞⠁⠀⢸⣟⠀⠀⠀⠈⠁⠀⠀⠀⠀⠀⢹⡆
⠀⠀⠈⠀⠀⠀⠈⢿⡀⠀⠀⠀⠀⠀⠀⠀⠀⠀⠈⡇
⠀⠀⠀⠀⠀⠀⠀⠈⠳⣄⠀⠀⠀⠀⠀⠀⠀⠀⠀⠁
⠀⠀⠀⠀⠀⠀⡠⠀⠀⠈⠑⢦⣀⠀⠀⠀⠀⠀⠀⡀
⠀⠀⠀⠀⠀⠀⣷⡀⠀⠀⠀⠀⠈⠳⣄⠀⠀⠀⠀⢿⡀
⢢⡀⠀⠀⠀⠀⢹⣧⠀⠀⠀⠀⠀⠀⢹⣧⠀⠀⢀⣾⠇
⠀⠙⠷⣄⡀⠀⠀⠹⢦⣄⠘⣦⣤⣷⣸⣿⣁⣴⠿⠋
⠀⠀⠀⠈⠙⠻⠶⠶⢦⣽⣿⣿⣿⣿⣿⣿⣿⣿⣚⣛⠓⠲⠶⢤⣄
⠀⠀⠀⠀⠀⣀⣤⠾⠛⣽⣿⢿⣿⣿⣿⣿⣿⡏⠉⠛⠻⣷⣤⡀⠈⠉⠓⢤
⠀⠀⠀⠀⣼⠛⠁⠀⣼⣿⠃⠀⠈⠉⠙⠛⠉⠀⠀⠀⠀⠀⠉⢻⡄
⠀⠀⠀⠰⠃⠀⠀⠀⢿⣿⠀⠀⠀⠀⠀⠀⠀⠀⠀⠀⠀⠀⠀⠘⣷
⠀⠀⠀⠀⠀⠀⠀⠀⠈⠻⣆⠀⠀⠀⠀⠀⠀⠀⠀⠀⠀⠀⠀⠀⣿
⠀⠀⠀⠀⠀⠀⠀⠀⠀⠀⠘⠢⡀
⠀⢴⣶⣿⣿⣿⣿⣿⣷⠆
⢀⣤⡾⠿⠟⠿⠿⣧⣤⣄⣀⣀⣀
⠀⢀⣴⣶⣶⣿⣿⣿⣿⣿⣿⣿⣿⣶⣦
⠀⠈⠙⢛⣿⣷⣿⣿⣿⣿⣿⡿⠟⠛⠉
⢀⣤⣾⠿⠿⠟⠛⠉⠛⠻⠿⠿⣷⣶⣤⣤⣤⣀⣀⣀⣀
⠀⠀⢀⣤⣴⣶⣶⣿⣿⣿⣿⣿⣿⣛⣿⣿⣶⣶⣤⡀
⠀⠀⠿⢿⣿⣿⣿⣩⣿⣿⣿⣿⣿⣿⣿⣿⣿⡿⠟⠁
⠀⠀⠀⢀⣴⣿⣿⡿⣿⣿⣿⣿⣿⣽⣯⣉⠁
⢀⣤⣾⠽⠿⠿⠛⠛⠉⠀⠉⠛⠛⠿⠿⠿⣿⣷⣶⣶⣤⣤⣤⣤⣤⣀⣀
⢺⠉⠷⠉⡯⢉⠳⢊⠉⡏⢹⣿⠉⡗
⠺⠐⢿⡿⠿⠿⠿⠿⣶⣿⣶⣷⠒⠁
⠰⡏⠉⢩⣭⠉⢻⡍⠉⠳⣄⡴⠋⠉⣭⠉⢩⣿⣏⠉⢹⠆
⢀⡇⠀⢰⣦⣀⣹⣇⣀⣦⣈⣤⣂⣀⣻⣀⡘⠿⠇⠀⣸
⠈⠓⠉⠹⡷⠾⠶⠾⠚⠓⠚⠶⠯⢯⣽⣽⣯⡽⠿⠉
⢠⣟⠉⠉⢉⣉⡛⠛⢿⡉⠉⠙⢦⡀⣰⠟⠉⠉⣉⠉⠉⣹⣿⣏⠉⠉⣻⡄
⠀⣾⠀⠀⢙⣉⠁⠐⢾⡇⠀⢤⡈⠛⠁⣠⠀⠀⣿⠀⠀⣿⣿⣿⠀⠀⡗
⢠⡾⢀⣀⣽⣿⠶⣶⠚⢳⠲⣾⠻⢶⠾⢷⢶⣦⣿⣶⣤⣬⣉⣅⣀⡴⠃
⠀⠉⠉⠀⠸⠿⠾⠟⠛⠛⠋⠉⠛⠛⠓⠺⠾⠶⢽⣬⣿⣤⠿⠿⠂
⣄⠀⠀⠀⠀⣠⣤⣤⡀⠀⠀⠉⠙⣿
⣿⠀⠀⠀⠀⣈⣉⠁⠀⠀⠀⢤⣶⣿
⠛⠀⠀⠀⠀⠙⣿⡗⠀⠀⠀⠀⠙⠛
⠀⠀⠀⠀⠀⠀⠀⠀⠀⠀⠀⠀⠀⠀⠀⠀⠈⠉⠙⠻⣿⣿
⣿⡇⠀⠀⠀⠀⠀⠀⣿⣿⣿⣿⠿⠆⠀⠀⠀⠀⠀⠀⣸⣿
⣿⡇⠀⠀⠀⠀⠀⠀⠀⠀⠀⠀⠀⠀⠀⠀⠀⣤⣴⣾⣿⣿
⣿⡇⠀⠀⠀⠀⠀⠀⣿⣿⣿⣦⣀⠀⠀⠀⠀⠀⠙⢿⣿⣿
⠀⠀⠀⠀⠀⠀⠀⠀⠀⢸⣿⡇
⠀⠀⠀⠀⠀⠀⠀⠀⠀⠀⠀⠀⠀⠀⠀⠀⠀⠀⠀⠀⠀⠉⠉⠛⠿⣿⣿⣿
⣶⣶⠀⠀⠀⠀⠀⠀⠀⠀⢰⣶⣶⣶⣶⣶⣦⠀⠀⠀⠀⠀⠀⠀⠀⠈⣿⣿
⣿⣿⠀⠀⠀⠀⠀⠀⠀⠀⠈⠉⠉⠉⠉⠉⠁⠀⠀⠀⠀⠀⠀⢀⣠⣼⣿⣿
⣿⣿⠀⠀⠀⠀⠀⠀⠀⠀⢠⣤⣤⣄⡀⠀⠀⠀⠀⠀⠀⠐⠿⣿⣿⣿⣿⣿
⠿⠿⠀⠀⠀⠀⠀⠀⠀⠀⠸⠿⣿⣿⣿⠦⠄⠀⠀⠀⠀⠀⠀⠈⠙⠿⠿⠿
⠀⠀⠀⠀⠀⠀⠀⠀⠀⠀⠀⠀⢸⣿⣿
⢠⡤⣤⠒⠿⠫⣽⣿⠿⣿⣶⠶⣦⡄
⣴⣿⠀⣄⠀⢲⠄⠡⡖⠂⣹⣿⣿⣦
⠘⣿⣧⣬⠻⣄⠘⠃⣠⣿⣿⣿⣿⠋
⠀⠀⠉⠉⠛⠶⢭⡿⠿⠛⠉⠉
⠀⢀⣀⠤⠤⣤⣶⡶⠞⠛⠳⢞⣳⣶⣶⣶⣤⣄⣀⣀⡀
⠀⢻⣅⠷⠗⠀⠬⠛⠚⠛⢿⡿⠛⠛⠛⢿⣿⣭⣉⣿⡟
⢠⣾⣿⡅⠀⡠⠀⠐⠲⣦⠀⠀⣠⠖⠂⠀⢼⣿⣿⣿⣷⡄
⠿⣿⣿⣠⠐⠳⣤⣠⠐⠧⣄⣠⠼⠆⣄⣤⣾⣿⣿⣿⣿⠿
⠀⢻⣿⣿⣦⣤⠈⢻⡦⠀⠐⠃⠀⢴⣿⣿⣿⣿⣿⣿⡿
⠀⠀⠙⠻⢿⠿⣷⣤⣉⡛⠲⣶⣿⣿⣿⣿⠿⡿⠟⠋
⠀⠀⠀⠀⠀⠀⠈⠙⠛⠿⢷⡿⠿⠛⠋⠁
⠀⠀⢀⣀⣀⣀⣠⣴⣶⠶⠶⠛⠻⠶⠶⢷⣶⣶⣶⣶⣤⣤⣀⣀⣀⡀
⠀⢺⣿⠱⣶⡶⠆⢈⡹⠽⠶⠞⠿⣷⣿⠿⠛⠿⠿⢿⣷⣿⣋⠋⣹⣿⡗
⠀⣠⣿⡷⡂⠀⠀⡀⠀⢠⢄⣀⡀⠈⠁⠀⣀⡠⡄⠀⢙⣿⣿⣿⣿⣿⣄
⣾⣿⣿⣿⠁⠀⣾⣁⠀⠀⠀⣸⠃⠀⠀⠘⣇⠀⠀⠀⣈⣿⣿⣿⣿⣿⣿⣷
⠉⣿⣿⣿⣾⡀⠀⠉⢻⣾⡀⠉⠈⢲⡖⠃⠉⠀⣷⣿⣿⣿⣿⣿⣿⣿⣿⠉
⠀⠘⢿⣿⣿⣿⣶⣧⡀⠈⣿⣀⡁⠀⠀⢈⣀⣿⣿⣿⣿⣿⣿⣿⣿⡿⠃
⠀⠀⠀⠈⠙⠻⠟⠿⣿⣶⣤⣌⣉⠛⣿⣿⣿⣿⣿⣿⠿⠻⠟⠋⠁
⠀⠀⠀⠀⠀⠀⠀⠀⠀⠉⠙⠛⠿⢿⡿⠿⠛⠋⠉
⣹⣿⣿⣿⣿⣿⣿⣿⣿⣿⣿⣿⣿⣿
⠈⠉⠉⢉⣿⣛⣉⣭⡟⢻⡟⠉⠉⠁
⠀⠀⠀⠑⠾⣾⣿⣧⠘⠿⠃
⠉⣏⣿⣿⣟⣻⣽⣿⣿⢯⣟⣿⢯⡿⣽⡟⡽⣿⣿⣻⡟⡟
⠘⠿⠷⠾⠿⠿⣾⣾⣿⠾⠾⠿⠾⢿⢿⣿⡷⠿⠷⠿⠯⠇
⠀⠀⠀⠀⠀⡤⠞⡕⢤⣤⣬⣽⠿⢇⣐⣧⡇
⠀⠀⠀⠀⠀⠙⠳⠭⢿⣿⣿⣷⡤⠨⠝⠓⠁
⠉⢫⢹⣿⡿⠿⢿⣯⣻⡝⣿⣿⢩⡝⣿⣿⢹⡟⣽⣿⢫⡝⣿⣿⠿⠿⠏⡿
⢠⢼⣮⣛⡿⢿⣶⡯⣿⢹⣿⡇⣿⢸⣿⣇⣿⣣⣿⡟⣾⢸⣿⡟⣿⣿⣰⡇
⠈⠓⠿⠿⠿⠿⠟⠺⣟⢿⣿⡟⠛⠋⠙⠛⠻⢟⠿⣾⣻⠿⠿⠿⠿⠿⠽⠃
⠀⠀⠀⠀⠀⠀⢀⣠⠞⡣⢀⣀⣀⣉⣂⣶⡿⠄⠀⣖⢾⠁
⠀⠀⠀⠀⠀⠀⠹⣄⠀⢧⣍⣛⣛⣛⣟⣃⣀⣲⣶⣞⡻
⠀⠀⠀⠀⠀⠀⠀⠈⠙⠲⠾⢿⣿⣿⣿⡷⠦⠔⠒⠉
⠒⠶⠦⢤⣴⣶⣶⣶⣶⣿⠿⠷⠷⣄
⠀⠀⠀⠀⠈⠙⠧⢿⡛⠓
⠦⢤⣤⣤⣄⣀⣀⣤⣤⣤⣤⣤⣤⣴⣾⣶⣿⣶⣶⣾⣤⡀
⠀⠀⠀⠀⠀⠈⠻⠿⣿⣿⠻⠿⢿⣿⣿⡋⠁⠀⠀⠈⠙⠓
⠀⠀⠀⠀⠀⠀⠀⠀⠈⠩⠿⠻⢯⡁⠈⠁
⢤⣀⣀⣀⣀⡀⠀⠀⢀⣀⣀⣀⣀⣀⣀⣀⣠⣶⣿⣶⣶⣶⣶⣦⣼⣧⡀
⠀⠈⠉⠉⠉⠙⠛⢿⣿⣿⣿⣿⣿⣿⣿⣿⣿⣿⣿⡿⠛⠛⠉⠉⠛⠻⢿⣦
⠀⠀⠀⠀⠀⠀⠀⠀⠈⠙⠻⣿⣧⣈⣭⣉⣿⡟⢿⣇
⠀⠀⠀⠀⠀⠀⠀⠀⠀⠀⠀⠀⠔⠛⠛⠿⣤⡀⠀⠁
⢀⣀⠀⣴⣶⡛⣽⠿⠿⠛⠛⠁
⠿⠋⠔⠈⠙⠛⠾⠶⣤⣄⡀⠔⣨⣶
⠀⣠⣴⣿⣤⣤⣤⣶⣤⠿⠟⠀⠉⠁
⠀⠀⠀⠀⠀⣠⣤⣶⡶⠞⣛⣫⣭⣭⣭⣿⣶⠖⠂
⣠⣶⣿⡄⠘⢿⣿⣿⣤⣙⠿⠉⠁⠀⠀⠀⠀⠀⠀⠀⣀
⢿⣿⢁⠴⠒⠂⠈⠙⠛⠿⠿⣶⣶⣤⣄⡀⠠⠤⠖⢁⣿⣷
⠀⠈⠀⠀⣀⣴⠀⠀⠀⠀⠀⢀⣉⠛⣿⣿⣷⡄⠘⣿⠿⠋
⠀⢀⣴⣾⣿⣿⣿⣿⣿⣿⣿⣿⡷⠾⠿⠛⠋
⠀⠀⠀⠀⠀⠀⢀⣠⣤⣴⣶⡶⠾⢛⣛⣛⣭⣭⣭⣭⣽⣶⠶⠂
⠀⣠⣴⣦⠀⠀⣿⣿⣿⣿⣅⠐⢿⣿⠟⠛⠉⠉⠉⠉⠉
⣾⣿⡿⠋⣁⣠⣈⡙⠻⠿⣿⣿⣶⣬⣄⣀⡀⠀⠀⠀⠀⠀⢀⣀⡄⢸⣶⣄
⠘⠻⡇⠘⠉⠀⠀⠀⠀⠀⠀⠈⠉⠙⠛⠿⣿⣿⣶⣦⣌⡉⠉⢉⣤⣾⣿⡿
⠀⠀⠀⠀⢀⣠⣶⣏⣀⠀⠀⠀⣀⣀⣀⣤⠄⢙⣿⣿⣿⣿⠀⠀⠻⠟⠋
⠀⠀⣤⣾⣿⣿⣿⣿⣿⣿⣿⣿⣿⣿⣿⡷⠾⠿⠟⠛⠋⠁
⠀⢀⣴⠒⠶⢀⣶⢠⡶⢠⡶⢠⡶
⠀⠵⢬⠿⠃⠾⠩⠿⠡⠿⡵⠟⠁
⠀⠀⡀⣀⣤⠤⣤⣮⠐⣡⣤⠆⣠⣤⠆⣠⣤⠆⣠⣤⢆⠃
⠀⡰⠔⠿⠿⣦⣦⠅⣰⣿⠿⣴⣿⠏⣼⣿⠋⣰⣿⢏⠂
⠨⢐⠿⠿⠶⠟⡋⠴⠿⠋⠴⠿⠋⢘⠿⠷⠴⠟⠃
⠀⠀⢀⠄⣀⣤⡤⢤⣤⣦⡕⠁⣤⣤⠄⢀⣤⣤⠆⣠⣤⡤⠂⣠⣤⡴⡠⠃
⠀⡀⠧⠒⠿⠿⢷⣤⣦⠍⢀⣾⣿⠿⢦⣾⡿⠃⣴⣿⡟⠁⣴⣿⠟⡔⠁
⠐⠄⠺⠿⠿⠦⠾⢻⠋⠰⠿⠟⠁⠰⠿⠟⡡⠚⠿⠿⠦⠾⠛⠋⠊
⢀⣶⣧⣄
⠀⠙⠻⠿⢿⣷⣶⣄⣀
⠀⠀⠀⠸⣿⡿⠿⠿⢿⣶⣶⣷⠶⠂
⠀⠠⣧⣾⡀⣀
⠀⠛⢿⣿⣿⣿⣷⣦⣤⣀⣀
⠀⠀⠀⠈⠉⢙⣛⣻⣿⣿⣿⣿⣶⣶⡄⠀⢀⣀⠀⠀⣀
⠀⠀⠀⠀⠀⠘⠿⣿⡿⠿⠛⠻⠿⠿⢿⢿⡿⣿⡿⠟⠋
⠀⠠⣐⣆⣾⡀⢀
⠀⢻⣶⣿⣿⣿⣿⣷⣤⣀⡀
⠀⠀⠈⠙⠻⠿⢿⣿⣿⣿⣿⣿⣷⣶⣤⣀
⠀⠀⠀⠀⠀⠀⢀⣤⣬⣽⣿⣿⣿⣿⣿⣿⣿⣿⣥⣤⣤⣤⣴⣂⣀⣠⣆
⠀⠀⠀⠀⠀⠀⠀⠻⠿⠿⠿⠿⠟⠛⠛⠻⠿⠿⠿⠿⣿⠿⣿⠿⠟⠋⠁
⢀⡶⢤⡀⢰⠼⠏⠛⢲⡄⢀⡤⢶⡀
⠸⣕⢶⡋⠑⠦⠤⢤⡶⠞⢛⣾⣾⠇
⠛⢦⡈⠉⠒⠦⢤⣤⠴⠖⠋⢁⡼⠛
⠀⠀⠉⠓⠦⢄⣀⣁⡤⠴⠚⠉
⠀⢠⣤⣀⠀⠀⠀⣤⣄⣻⠟⠛⠲⣦⣀⠀⠀⠀⣀⣤⡄
⠀⣾⠁⣈⢙⣦⠤⠚⠀⠈⠀⠀⠀⠈⠻⠤⣴⡋⣡⡘⣷
⠀⢿⣌⠟⢋⠀⠈⠉⠛⠢⠔⠲⢼⠛⠛⠉⠀⣙⠿⣥⡿
⠺⣯⡀⠀⠉⠑⠲⠤⣄⣀⣀⣀⣀⣠⡤⠖⠚⠉⠃⣀⣽⠗
⠀⠀⠙⠳⢤⣀⠀⠀⠀⠀⠩⠭⠃⠀⠀⠀⣀⡤⠞⠋
⠀⠀⠀⠀⠀⠈⠙⠒⠤⢄⣀⣀⡤⠴⠒⠋⠁
⠀⠀⣤⣀⡀⠀⠀⠀⢀⣀⣀⣘⣿⠛⠛⠲⢦⣄⣀⡀⠀⠀⠀⢀⣀⣤
⠀⢰⡿⠀⠉⠳⢦⣀⣀⠽⠀⠉⠉⠀⠀⠀⠀⠙⢿⣄⣀⣴⠞⠉⠉⢿⡆
⠀⣿⡇⠸⠿⠶⠛⠉⠐⠶⠦⠤⠄⣀⣀⡠⠤⢶⣶⠒⠍⠛⠶⠿⠇⢸⣿
⣀⣬⠟⠋⠉⠴⢦⣀⠀⠀⠀⠀⠉⠀⠀⠉⠉⠀⠀⠀⣀⡴⠦⡉⠛⠻⣥⣀
⠈⠻⢷⣄⡀⠀⠀⠀⠉⠙⠒⠶⠤⢤⣤⠤⠶⠖⠛⠉⠁⠀⠀⢀⣤⡾⠟⠁
⠀⠀⠀⠈⠛⠶⢤⣀⠀⠀⠀⠀⠀⠒⠒⠉⠀⠀⠀⢀⣀⡤⠾⠛⠁
⠀⠀⠀⠀⠀⠀⠀⠈⠉⠓⠲⠤⢄⣀⣀⡤⠤⠖⠚⠉⠁
⢀⣠⡤⢤⣄⣿⢧⡴⢿⣇⣤⢤⣤⡀
⠨⠭⣭⡭⠷⣋⣷⣶⣝⠧⠤⠤⠤⠄
⠀⠀⠀⠀⠀⠻⣿⣿⠿⠃
⠀⠀⢀⣀⣀⣀⣀⠈⣿⢿⣄⣠⡼⣿⡏⢀⣀⣀⣀⣀⡀
⠐⠻⠿⠭⠤⠭⢭⣝⡻⢦⣌⣋⡤⢿⣟⠉⠉⠉⠉⠉⡉⠁
⠈⠉⠛⠛⠒⠛⠛⠉⣶⣾⢿⣿⣷⣶⡌⠉⠛⠛⠛⠛⠉⠁
⠀⠀⠀⠀⠀⠀⠀⠀⠛⠿⣾⣷⡿⠟⠁
⠀⠀⠀⠀⠀⠀⠀⠀⠀⠈⣿⣿⣧⣀⢀⣠⣿⣿⡏
⠠⣴⣾⣛⣛⣛⣛⣛⡛⠶⢿⣧⣈⠛⠿⢋⣀⣿⡷⠞⠛⠛⠛⠛⠛⠻⠖⠂
⠠⠴⣦⣬⣉⣉⣉⣭⣽⡿⠗⣈⣹⣷⣾⣿⣉⡛⠷⢦⣤⣤⣀⣠⣤⣴⠦⠄
⠀⠀⠀⠀⠀⠀⠀⠀⠀⠀⣿⣿⣿⢹⡿⢿⣿⣿⡇
⠀⠀⠀⠀⠀⠀⠀⠀⠀⠀⠙⠻⠿⢷⣷⠿⠿⠛⠁
⣤⠟⣲⣤⣄⣀⣠⣤⣤⣀⣀
⠉⠉⢩⣽⣿⣫⣭⢩⣛⠿⢿⡷⣄
⠀⠀⢺⣿⣧⣝⠺⠿⠿⠛⠛⠓⠒⠿
⠀⠀⠀⠙⣿⣿⢿⣿⡷⣦
⠀⠀⠀⠀⠈⠛⢷⡭⠶⠏
⣀⣜⣛⠲⢤⣄⣀⡀⠀⠀⣀⣀⣀⡀
⠾⠷⠄⠚⠛⣻⣿⣿⣿⠿⠿⠿⣿⣿⣿⣿⣶⣦⣄
⠀⠀⠀⢀⣾⣿⡿⢿⣴⠻⣿⣐⣦⣬⣙⡛⠻⣟⡚⠧⣄⡀
⠀⠀⠀⠸⣿⣿⣿⣦⣝⠓⠶⠦⠽⠿⠟⠛⠛⠓⠒⠒⠲⠿
⠀⠀⠀⠀⠙⢿⣿⣿⣿⣿⣶⣾⣶⣦⣦⡀
⠀⠀⠀⠀⠀⠀⠙⢿⣿⣍⡻⢿⡿⢏⣿⡇
⠀⠀⠀⠀⠀⠀⠀⠈⠉⠙⢿⡤⠶⠿⠛
⠀⣐⡿⠿⠦⣄⣀⡀
⣘⣛⣛⣛⣒⣒⣾⣿⣿⣶⣶⣶⣶⣿⣿⣿⣿⣷⣶⣶⣤⣄⣀
⠉⠉⠉⠀⠀⢀⣴⣿⣿⣿⠟⣋⣭⣭⠉⣛⠻⢿⣿⣿⣿⠺⠭⢳⡄
⠀⠀⠀⠀⢠⣿⣿⣿⣏⢻⣿⣏⠹⢿⣤⣿⣷⣶⣬⣉⣙⣛⣉⣉⡛⠲⣦⡀
⠀⠀⠀⠀⠸⣿⣿⣿⣿⣦⣍⡛⠻⠶⠶⠶⠶⠾⠿⠛⠓⠒⠒⠒⠒⠒⠾⠿
⠀⠀⠀⠀⠀⠙⢿⣿⣿⣿⣿⣿⣷⣄⣰⣶⣤⣀⣄
⠀⠀⠀⠀⠀⠀⠀⠙⢿⣿⣿⡿⢿⣿⣿⣿⣿⡿⣿⣧
⠀⠀⠀⠀⠀⠀⠀⠀⠀⠻⣿⢿⣦⡈⠻⠟⢋⣴⣿⡟
⠀⠀⠀⠀⠀⠀⠀⠀⠀⠀⠀⠀⠙⢿⡶⠾⠛⠟⠋
⠀⣴⣿⣟⣛⡿⠟⢀
⣴⣾⣭⣭⢯⣿⣤⣿⢜⣇⣐⣿⣿⠛
⠀⠀⠀⠀⠀⢀⣤⣿⣯⠉⣽⣿⡇
⠀⠀⣴⣶⣿⡿⠿⠿⣿⣿⡟
⠀⠘⢿⣿⣿⣶⣶⡶⢶⡄⢀⣤⡤⠀⣀⠀⠀⣀⣀⣀⣀⣀
⢰⣶⣶⣦⣤⣤⡾⣀⣿⣧⣤⣿⣶⢉⣭⠀⠐⣻⣿⣿⠟⠋
⠉⠉⠉⠉⠉⠉⠁⠉⠉⠉⢛⣻⣭⡶⠾⠿⢿⣿⣿⡟
⠀⠀⠀⠀⠀⠀⠀⠀⠀⣤⣾⣿⣿⣧⠀⢀⣾⣿⣿⡧
⠀⠀⢀⣴⣶⣿⣿⡿⠿⢿⣿⣿⣿⡟
⠀⠀⣿⣿⣿⣿⣧⣤⣤⣤⣭⣉⠉⠀⢀⣀⡀
⠀⣀⣈⣉⠉⠛⠛⠛⣿⠋⣵⣶⠄⠘⣛⣛⡀⠶⠞⠁⠀⣰⣶⣶⣶⣶⣶⡖
⣼⣿⣿⣿⣿⣿⣿⣿⠋⣴⣾⣿⣿⣿⣿⣿⠇⣚⣛⣁⣀⣀⣿⣿⣿⡟
⠀⠀⠀⠀⠀⠀⠀⠀⠀⠀⠀⠀⠀⢩⣽⣶⣿⠟⠛⠛⠛⣿⣿⣿⡿
⠀⠀⠀⠀⠀⠀⠀⠀⠀⠀⠀⢠⣶⣿⣿⣿⣿⡶⠀⠀⣼⣿⣿⣿⣷⠆
⠀⠀⠀⠀⠀⠀⠀⢐⣾⠈⢰⠒⠲⢄
⠀⠀⢀⡀⠀⠤⠖⠉⠈⠁⠻⠶⢿⠉
⠀⢰⠉⣤⣄⣠⠀⢀⣴⣂⣠⡤⡞
⣔⣱⠊⣵⣻⣹⣀⣏⠉⠉⢽⣰⡁
⠀⠀⠀⠀⠀⠀⠀⠀⠀⠀⠀⠀⢶⣪⠀⠉⢥⡤⠲⠴⣄
⠀⠀⠀⠀⠀⠀⠀⠀⠀⠀⢀⠴⠏⠻⠄⢀⣰⣀⣀⣜⣡⠷
⠀⠀⠀⢀⣀⡀⠠⠤⠒⠞⠁⠀⠀⠀⠀⠀⠐⠻⠿⠻⡄
⠀⠀⢠⠎⢀⣀⡀⠀⢀⡄⠀⠀⢀⣠⡤⠀⢀⣀⣀⣴⠃
⠀⣠⡏⣀⡠⢏⣿⣿⣿⡇⠀⣰⣿⠿⠾⠿⢿⠟⢉⠏
⣼⣁⣸⡅⠀⣟⣉⣻⢨⣃⣀⣻⡀⠀⠀⠀⢾⣀⣛⣤
⠀⠀⠀⠀⠀⠀⠀⠀⠀⠀⠀⠀⠀⠀⠀⢤⡔⣫⠀⠘⢉⣁⡀⠤⣄⣤
⠀⠀⠀⠀⠀⠀⠀⠀⠀⠀⠀⠀⠀⠀⢀⣤⠻⣏⠀⠀⠀⡩⠀⠀⢀⡾⢓⢦
⠀⠀⠀⠀⠀⠀⠀⠀⠀⠀⠀⠀⣀⡴⠛⠃⠀⠈⠃⠐⠲⠷⣶⣶⣯⡶⠛⠋
⠀⠀⠀⠀⢀⣀⠤⠤⠔⠒⠋⠹⠏⠀⠀⠀⠀⠀⠀⠀⠈⠙⠻⠟⠉⢷
⠀⠀⠀⣠⠞⠁⡀⠀⠀⠀⠀⢀⠀⠀⠀⠀⠀⣀⣠⠀⠀⠀⠀⠀⣠⡿
⠀⠀⢠⠟⠀⠀⣿⢿⣶⣦⣴⣿⠀⠀⠀⣴⣿⣿⣥⣤⣶⣾⣷⠟⣻⠃
⠀⡤⠞⣠⠤⠖⢋⣼⣿⣿⠟⣿⠀⠀⣼⠛⠛⠛⠋⠉⢹⡟⠀⣰⠋
⣜⣁⣀⣻⡄⠀⣼⣉⣀⣹⡄⣎⣠⣀⣙⡆⠀⠀⠀⠀⠸⣇⣀⣍⣰⡄
⠀⠀⣤⣤⣿⣿⣭⣿⣇⣀
⠒⠒⣿⡷⠸⠿⠶⢶⣄⣿⡷⠶⠶⠂
⠀⠀⠛⠛⣾⣏⣛⣿⡏⠉
⠀⠀⢀⣀⣀⣀⣸⣿⣿⣛⣛⢻⣿⠇
⣀⣀⣀⣻⣿⣯⠉⣿⣿⣍⣉⣘⣛⠘⢿⣷⣦⣀⣀⣀⣀⡀
⠀⠀⠈⣽⣿⣟⡀⣭⣍⣉⣉⣹⣿⣤⣾⡿⠟⠉⠉⠉⠉
⠀⠀⠀⠉⠉⠉⢱⣿⣧⣭⣭⣽⣿⡇
⠀⠀⠀⠀⠀⠀⠀⠀⢹⣿⣿⡿⠛⠛⢻⣿⣿⠁
⠀⠀⠀⠘⣿⣿⣿⡟⢻⣿⣿⣟⠛⠛⠼⠿⠏⢶⣶⣦⣄⡀
⠲⠶⠲⠶⢿⣿⣿⡇⠀⠿⠿⠿⠶⠶⢶⣶⣆⠀⣹⣿⣿⣿⠶⠿⠿⠷⠶⠂
⠀⠀⠀⢠⣿⣿⣿⣥⢄⣶⣶⢢⣤⣤⣼⣿⣷⠾⠿⠟⠋⠁
⠀⠀⠀⠀⠀⠀⠀⠀⣸⣿⣿⣤⣤⣤⣼⣿⣿⡄
⠀⠀⠀⣨⠟⠉⠉⢩⣭⣉⣱
⠀⢀⡼⠉⢿⡦⠀⠀⢈⡯⠤⠤⠤⣄
⠚⠛⠒⠒⠒⢲⠖⠒⢋⡴⠃⠀⣠⠟
⠀⠀⠀⣠⣴⣋⣀⣀⣉⣀⣠⡴⠋
⠀⠀⠀⠀⠀⠈⣹⠏⠉⠉⠉⠉⣉⣉⠉⠉⢳⡄
⠀⠀⠀⠀⣠⠾⣧⣄⠀⠀⠀⠈⠛⢿⡶⠾⠛⠁
⠀⠀⢀⣼⠃⠀⠐⠿⠿⠆⠀⠀⠀⢀⣿⠒⠒⠒⠒⠒⠲⣄
⠶⠾⠭⠤⠤⠤⠤⠤⠤⣤⡤⠤⠶⠟⣡⡶⠂⠀⠀⠀⣴⡟
⠀⠀⠀⠀⠀⠀⠀⢀⡴⠋⠀⠀⢀⡴⠟⠀⠀⠀⢠⣾⠋
⠀⠀⠀⠀⠠⣤⣶⣯⣥⣤⣤⣤⣤⣤⣤⣤⣤⡴⠟⠁
⠀⠀⠀⠀⠀⠀⠀⠉⣻⠏⠉⠉⠉⠉⠉⠉⣉⠉⠉⠉⠛⣦
⠀⠀⠀⠀⠀⢀⣤⣾⣇⠀⠀⠀⠀⠀⠐⠿⢿⣿⣤⣴⡾⠟
⠀⠀⠀⠀⢰⡿⠁⠈⢹⣿⣶⣤⠀⠀⠀⠀⠀⢹⣷⣤⣤⣤⣤⣤⣤⣤⣀
⢀⣠⣤⠶⠛⠁⠀⠀⠀⠉⠉⠁⠀⠀⠀⢀⣠⣾⠟⣀⣀⠀⠀⠀⠀⠀⣸⣷
⠉⠙⠛⠛⠛⠛⠛⠛⠛⠛⠛⣻⡿⠛⠛⠛⠉⢁⣾⡿⠁⠀⠀⠀⢀⣴⡿⠋
⠀⠀⠀⠀⠀⠀⠀⠀⠀⢀⣼⠋⠀⠀⠀⠀⠴⠟⠋⠀⠀⠀⠀⣠⣿⠟
⠀⠀⠀⠀⠀⠀⠴⣶⣾⣯⣤⣤⣤⣤⣤⣤⣤⣤⣤⣤⣤⣴⠾⠟⠁
⠀⠀⠀⠐⣻⣿⣏⣹⣿⣯⠄
⠀⠀⠀⠀⣻⣿⣿⠭⠛⠛
⠀⠀⠀⠀⠀⠈⠉⠁
⠀⠀⠀⠀⠀⠀⢾⣿⣿⣿⣉⣉⣛⣛⣛⣃
⠀⠀⠀⠀⠀⠀⠒⠒⠒⠒⠒⠒⠛⠛⠛⠛
⠀⠀⠀⠀⠀⠀⠉⣿⣿⣿⣯⣭⣭⠉⠉⠉
⠀⠀⠀⠀⠀⠀⠉⠛⠛⠻⠷⠄
⠀⠀⠀⠀⠀⠀⠀⢰⣶⣿⣿⣿⡟⠛⠛⠻⠿⠿⠿⠿
⠀⠀⠀⠀⠀⠀⠀⢀⣉⣉⣉⣉⣉⣉⣉⣻⣿⣿⣿⣿⡆
⠀⠀⠀⠀⠀⠀⠀⢀⣭⣭⣭⣭⣭⣭⣭⣭⣭⣭⣭⣭⡄
⠀⠀⠀⠀⠀⠀⠀⠀⠉⣿⣿⣿⣿⣯⣉⣉⣉⠉⠉⠉⠁
⠀⠀⠀⠀⠀⠀⠀⠐⠿⠿⣿⣿⣿⣏⣀
⠀⠀⠀⠀⠀⠀⠀⠀⠀⠀⠀⠀⠉⠉⠉
⢠⣔⠲⠌⠛⠁⠛⠁⠻⠂⡤⢄⡀
⠀⠀⢀⡴⠟⠛⠛⠻⢷⡢⡄⠉⠽⢦
⠀⠰⢫⠭⠟⠋⠀⠀⠀⣽⠘⡀⢬⡽
⠀⢠⡯⠤⠴⠒⠚⠀⠒⠚⠓⠊⠉
⠀⣀⠠⢴⣶⠀⠻⢿⠁⠙⠿⠋⠐⣷⠶⠂⣤⣀
⠈⠙⠓⠀⠈⢀⣀⣤⣤⣤⣤⣤⣄⣀⡀⠘⠉⢩⡾⠶⢄
⠀⠀⠀⠀⣠⠾⠛⠋⠉⠉⠉⠙⠓⠲⣍⠳⣄⠀⠐⠒⠛⣇
⠀⠀⢠⡞⣋⣉⣩⠽⠟⠀⠀⠀⠀⠀⢘⣷⢸⠀⢀⣉⣛⡛
⠀⠀⠉⣰⡟⠀⠀⠀⠀⢀⣠⠀⣀⣈⡙⢧⣄⠐⠦⣬⠝⠁
⠀⠀⣰⡿⠴⠶⠒⠚⠋⠉⠁⠀⠈⠉⠉⠉⠉⠙⠂
⠀⠀⠀⣀⣤⣴⡄⠒⢾⣿⠇⠈⢻⣿⠟⠁⢲⣶⣦⠄⢀⣀
⠰⠾⣷⡄⠉⠙⠃⠀⠀⠈⠀⠀⠀⠁⠀⠀⠘⠉⠀⠠⠿⠟⠛⣢⣄⡀
⠀⠀⠀⠈⠀⠀⠠⣴⣶⣾⣿⣿⣿⣿⣛⣓⠲⠦⣄⡀⠀⠀⠚⠛⠛⣛⣤
⠀⠀⠀⠀⠀⣠⡾⠛⠉⠁⠀⠀⠀⠀⠀⠉⠙⠳⣦⡙⢷⡀⠀⠐⠛⠛⢛⣃
⠀⠀⠀⢠⡾⠛⠒⢛⣛⣻⡶⠖⠀⠀⠀⠀⠀⠀⠘⣿⠀⣷⠀⠀⠘⠛⠛⠿
⠀⠀⠰⠛⢀⣿⠏⠉⠉⠀⠀⠀⠀⠀⠀⠀⠀⠲⢾⣟⠀⠁⣀⡈⠛⠻⡿⠃
⠀⠀⠀⢀⣾⠏⠀⠀⠀⢀⣀⣀⣤⡾⠀⠢⣤⣤⣤⣭⣿⣦⣈⠙⠻⠋
⠀⠀⢀⡾⠿⠶⠒⠛⠋⠉⠉⠁⠀⠀⠀⠀⠀⠀⠀⠀⠀⠀⠉⠁
⠀⠀⠀⠀⣤⣾⡟⠛⠛⠛⠛⢾⣿⣿
⣤⣶⡿⠛⣿⣿⡟⢻⣿⣿⠀⠈⠉⠁
⠛⢿⣧⣤⣿⣿⣧⣤⣤⣀
⠀⠀⠀⠀⠻⢿⣧⣼⣿⣿⣤⣾⠿⠛
⣿⣿⣷⣤⣤⣤⣤⣼⡿⠟
⠀⠀⠀⠀⠀⠀⢀⣤⣶⣿⠿⠿⠿⠿⠿⠿⠿⠶⣿⣿⣿⡇
⠀⢀⣠⣤⣤⣤⣿⣿⣿⣿⣤⣤⣤⣤⣤⣤⠀⠐⠛⠛⠛⠃
⢸⣿⣿⣿⠉⠉⣿⣿⣿⣿⠉⠉⠿⠿⠿⠿
⠘⠿⣿⣿⣦⣤⣿⣿⣿⣿⣤⣤⣤⣤⣀
⠀⠀⠀⠉⠉⠉⢿⣿⣿⣿⣉⣉⣿⣿⣿⣷⣀⣀⣿⣿⣿⡇
⢀⣤⣤⣤⠀⠀⠀⠈⠙⠛⠛⠛⣿⣿⣿⣿⠛⠛⠛⠋⠁
⢸⣿⣿⣿⠶⣶⣶⣶⣶⣶⣶⣶⣿⠿⠛⠉
⠀⠀⠀⠀⠀⠀⠀⠀⠀⣀⣴⣾⣿⣿⣿⣿⣿⣿⣿⣿⣿⣷⣦⣿⣿⣿⣿⡆
⠀⠀⠀⠀⠀⠀⠀⠀⣿⣿⣿⣿⡇⠀⠀⠀⠀⠀⠀⠀⠀⠀⢸⣿⣿⣿⣿⡇
⢀⣤⣶⣿⣿⡿⠿⠿⣿⣿⣿⣿⡿⠿⠿⢾⣿⣿⣿⣿
⢸⣿⣿⣿⣿⡇⠀⠀⣿⣿⣿⣿⡇⠀⠀⠘⠛⠛⠛⠛
⠘⠻⢿⣿⣿⣧⣤⣤⣿⣿⣿⣿⣧⣤⣤⣤⣤⣄⡀
⠀⠀⠀⠈⠉⠉⠉⠉⣿⣿⣿⣿⡏⠉⠉⢹⣿⣿⣿⣷⠀⠀⢰⣶⣶⣶⣶⡆
⠀⠀⠀⠀⠀⠀⠀⠀⠙⠻⢿⣿⣷⣶⣶⣾⣿⣿⣿⣿⣶⣶⣾⣿⣿⠿⠛⠁
⢰⣶⣶⣶⣶⡆⠀⠀⠀⠀⠀⠀⠀⠀⠀⢸⣿⣿⣿⣿
⠸⣿⣿⣿⣿⠿⢿⣿⣿⣿⣿⣿⣿⣿⣿⣿⡿⠟⠋⠁
⡔⣤⣶⠶⠶⠶⢶⣦⠐⢄⣀⠀⢀⠄
⠓⢙⣛⠶⣿⣧⣈⡁⠀⣿⣿⢰⠁
⡇⢶⣶⣠⣿⣯⣹⣿⠀⣿⣿⢸
⠀⠀⠀⠌⠻⠿⠶⠶⠶⠿⠟⠜
⣠⠒⣩⣭⣭⣭⣭⣭⣭⣭⣭⣭⡑⢢⡀
⣇⠸⣿⣿⣇⣀⣶⣶⣶⠀⡿⠿⠛⠀⢰⣶⣶⡆⢠⠜⠉⠁
⠈⡓⠨⣍⣛⠻⣿⣿⣿⣦⣤⣀⡀⠀⢸⣿⣿⡇⢸
⡏⢰⣶⣶⡆⠀⣿⣿⣿⠉⣿⣿⣿⠀⢸⣿⣿⡇⢸
⠙⠤⣙⡛⠿⠿⣿⣿⣿⠿⠿⠛⠋⠀⣸⣿⣿⡇⢸
⠀⠀⠀⠀⠈⠣⢍⣛⣛⣛⣛⣛⣛⣛⣛⣛⣋⠥⠋
⢀⡴⠒⣋⣭⣭⣭⣭⣭⣭⣭⣭⣭⣭⣍⡓⠢⣄
⣿⠀⣾⣿⣿⣿⠛⣛⣛⣛⣛⡛⠛⣿⣿⣿⡆⠘⢓⣒⣒⣒⡒⠒⢒⡲⠖⠂
⢻⡀⠻⢿⣿⣿⣦⣼⣿⣿⣿⡇⠀⠛⠉⠉⠀⠀⢸⣿⣿⣿⠀⢸⠁
⣀⣈⣓⣲⣬⣍⡛⢻⣿⣿⣿⣷⣶⣤⣄⣀⠀⠀⢸⣿⣿⣿⠀⢸
⣿⠀⣤⣤⣤⣤⠀⢸⣿⣿⣿⡏⠙⣿⣿⣿⡇⠀⢸⣿⣿⣿⠀⢸
⢿⡀⠻⣿⣿⣿⣶⣾⣿⣿⣿⣷⣶⣿⣿⣿⠃⠀⢸⣿⣿⣿⠀⢸
⠀⠉⠒⠦⠭⠭⡍⠹⣿⣿⣿⣯⣭⣭⣥⣤⣤⣤⣼⣿⣿⣿⠀⣸
⠀⠀⠀⠀⠀⠀⠙⠲⢬⣙⣛⣛⣛⣛⣛⣛⣛⣛⣛⣛⣋⠥⠞⠁
⠀⠀⠀⠀⠀⠀⣠⣴⣶⣶⣤⣄
⠀⠀⠿⠿⠷⣾⣿⣿⡿⢯⣭⣭⠃
⠀⠀⠀⠀⠀⣋⣿⣿⡧⠤⢍⣀⡀
⠀⠀⠀⠀⠀⠀⠀⠉⠛⠒
⠀⠀⠀⠀⠀⠀⠀⠀⠀⠀⢀⣠⣤⣤⣤⣤⣄⣀
⠀⠀⢀⣠⣤⣤⣄⣀⣠⣾⣿⣿⣿⣿⡿⢿⣿⣿⣷⡄
⠀⠀⠀⠒⠛⠛⠛⢻⣽⣿⣿⣯⣭⡟⠻⣷⣶⣶⡤⠄
⠀⠀⠀⠀⠀⠀⠀⠰⠟⢻⣿⣿⣿⣇⣀⣈⠉⠁
⠀⠀⠀⠀⠀⠀⠀⠈⠒⠚⠛⠿⣿⣯⡉⢉⠉⠙⠛⠋
⠀⠀⠀⠀⠀⠀⠀⠀⠀⠀⠀⠀⠈⠙⠋⠁
⠀⠀⠀⠀⠀⠀⠀⠀⠀⠀⠀⠀⠀⠀⣀⣀⣤⣤⣤⣤⣀⣀
⠀⠀⠀⠀⢀⣀⣀⣀⡀⠀⠀⣠⣾⣿⣿⣿⣿⣿⣿⣿⣿⣿⣿⣶⡄
⠀⠀⠀⢚⣩⡭⠿⠿⠿⠿⢿⣿⣿⣿⣿⡟⢿⡿⣭⣭⣭⣍⣉⣙⠛
⠀⠀⠀⠀⠀⠀⠀⠀⠀⠈⣿⣿⣿⣿⣿⣿⣿⡇⠈⠛⢿⡿⠟⠋⠁
⠀⠀⠀⠀⠀⠀⠀⠀⠀⢈⡃⠈⣻⣿⣿⣿⣿⠶⠶⢤⣤⣄⣀⣀⣀⡤
⠀⠀⠀⠀⠀⠀⠀⠀⠀⠀⠉⠉⠉⠉⠻⢿⣿⣶⣄⣀⠀⠀⠀⠉
⠀⠀⠀⠀⠀⠀⠀⠀⠀⠀⠀⠀⠀⠀⠀⠀⠈⠉⠉
⠀⠀⠀⢀⡾⣉⢿⡯⢍⣹⣿⣦
⠀⠀⠀⠀⡟⠑⠄⢁⠴⠧⠹⢳
⠀⢤⡤⣤⢽⢶⡦⣤⡄⢤⢶⡥⠤⣤
⠀⢸⣓⣏⣟⣼⣱⣿⣰⣘⣼⣡⣇⣿
⠀⠀⠀⠀⠀⠀⢰⣖⠋⢩⣿⣍⣉⠉⢙⣛⣿⣲⠆
⠀⠀⠀⠀⠀⠘⢻⡴⢞⠀⢙⠏⠉⠐⡾⠋⡷⣬⠛
⠀⠀⠀⠀⠀⠀⣾⠁⠈⠒⠄⠤⡐⠚⠻⠆⠘⠉⣷
⠀⣀⣀⣀⣀⣀⣈⣛⣦⣤⣀⣈⠀⢒⣂⣩⣴⣚⣁⣀⣀⣀
⠀⠀⢨⣟⡀⠶⣤⡟⢀⡿⠀⠶⡿⢁⡀⡿⢠⡿⢁⡖⢠⣿
⠀⠀⢾⣍⣙⣃⣼⣃⣸⣃⣘⣻⣇⣼⣇⣁⣼⣁⣬⣅⣸⡇
⠀⠀⠀⠀⠀⠀⠀⠀⢠⣶⠚⠋⢛⣒⣛⠛⠉⠙⠛⠛⢿⡓⣦⡄
⠀⠀⠀⠀⠀⠀⠀⢴⣞⢋⣠⠆⠹⢿⡿⠟⠃⣤⣜⡿⢿⣇⢛⣦⠄
⠀⠀⠀⠀⠀⠀⠀⠀⣹⡟⠡⡄⠀⠔⠃⠀⢀⣠⣏⡀⠺⢹⢿⡅
⠀⠀⠀⠀⠀⠀⠀⠰⣿⠀⠀⠈⠓⠂⠤⠬⠉⠓⠋⠟⡐⠁⢀⣿
⠀⠀⠀⠀⠀⠀⠀⠀⠙⠻⢦⣄⣀⠀⠒⠁⠤⠔⠒⢈⣡⡴⠚⠁
⠀⠉⠙⢻⣿⠉⢩⡍⠉⣿⠉⢩⡟⠉⣩⣷⡖⠚⠉⣿⠏⢩⣿⠋⢉⠉⢹⣿
⠀⠀⠀⣼⣷⣤⣈⠛⢻⡇⠀⣼⠁⢀⣭⣿⠁⣸⠀⠻⠀⣾⠏⠀⡿⠀⢸⡏
⠀⠀⠀⢿⣤⣈⣁⣤⣿⣀⣰⣏⣀⣈⣹⣏⣠⣿⣄⣀⣰⣏⣀⣶⣦⣀⣼⡇
⢀⣤⡶⠒⠛⠿⠉⠉⠉⠭⠅⠒⠤⡀
⣿⢸⠌⣠⠀⠀⠀⢒⡶⠶⢶⡿⠴⠋
⠈⠳⠷⠿⣽⡗⠒⠭⠞⠓⠚⠟
⠀⢀⣠⢄⡤⠖⠒⠼⢿⠉⠉⠉⠉⠉⣩⣁⡐⠂⠤⢀
⣴⠏⣴⠋⢄⠀⠀⠀⠀⠀⠀⠀⠠⠤⠤⠤⠤⢤⠤⠀⣸⠖
⠻⣆⠻⣔⢀⣶⣄⣀⣀⠀⠀⢠⡶⢎⡉⠉⢉⡗⡙⠋
⠀⠈⠙⠪⠗⠿⠦⣾⡉⠉⠑⠒⠬⠭⠍⠉⠉⠠⠃
⠀⠀⠀⣀⠤⣀⡤⠔⠲⣐⣿⡭⠉⠉⠉⠉⠉⠉⣉⡁⠒⠂⠤⢄⡀
⢀⣴⠋⣡⠚⡁⠀⠀⠀⠀⠀⠁⠀⠀⠀⠀⠀⠀⠉⠉⠉⠀⠀⠀⠀⠁⣦⡤
⣿⡇⠰⡇⢒⠑⠂⣠⠀⠀⠀⠀⠀⠀⠈⠉⣉⡩⠭⠭⠭⢭⢉⣭⣡⠔⠋⠁
⠘⠳⣄⡙⢄⡀⢾⡿⠦⠤⣤⣄⣀⠀⠰⢟⣑⣦⣄⣀⣀⡼⡅⡄
⠀⠀⠀⠉⠒⠩⠛⠳⠦⢿⡇⠀⠈⠉⠙⠒⠲⠤⠤⠀⠀⠀⠐⠁
⠿⠛⠉⠀⣀⣀⣀⣀⣀⣀⡀⠈⠙⠻
⠀⠀⠀⠊⠈⣹⡋⠉⠉⠙⣛⢲⣶⣶
⠀⠀⠐⣀⣀⣉⣀⣀⣀⣀⣀⠙⠿⠿
⣶⣤⣀⠈⠉⠉⠉⠉⠉⠉⠁⢀⣠⣴
⣿⣿⠿⠛⠉⠀⠀⠀⠀⠀⠀⠀⠀⠀⠀⠀⠀⠈⠙⠻⢿⣿
⠉⠀⠀⠀⢀⣲⠒⠲⣶⡶⡶⠶⠶⠖⣶⣶⣶⣀⣀⣀⣀⣈
⠀⠀⡈⠀⠀⠁⠆⠡⣸⣏⠁⠀⠀⠀⠀⣈⣉⣉⣹⣿⣿⣿
⠀⠀⠀⠀⣤⠀⠀⠈⠉⠁⠀⠀⠀⠀⠀⠀⠐⠒⠶⢿⣿⣿
⣀⠀⠀⠀⠀⠿⠷⠷⠿⠿⠷⠶⠿⠿⠿⠿⠿⠉⠉⠉⠉⢉
⣿⣿⣶⣤⣀⠀⠀⠀⠀⠀⠀⠀⠀⠀⠀⠀⠀⢀⣠⣴⣾⣿
⣿⣿⣿⡿⠟⠋⠁⠀⠀⠀⠀⠀⠀⠀⠀⠀⠀⠀⠀⠀⠀⠀⠉⠛⠿⣿⣿⣿
⠟⠋⠁⠀⠀⠀⢀⣀⣄⣀⣀⣀⣀⣀⣀⣀⣀⣀⣀⣀⣀⡀⠀⠀⠀⠀⠉⠛
⠀⠀⠀⣀⠀⠠⢐⠂⠠⡍⡻⣿⣹⡟⠉⠉⠉⠉⠯⠿⣿⣷⣶⣶⣶⣶⣶⣶
⠀⢀⢀⡄⠀⢀⠊⢰⠀⠡⣣⣿⡄⠀⠀⠀⠀⠀⠀⢀⣤⣄⣀⡼⠿⣿⣿⣿
⠀⠀⠀⠆⢀⣀⠀⢀⠀⠀⠛⠋⠀⠀⠀⠀⠀⠀⠀⠀⠀⠤⠶⣶⣿⣿⣿⣿
⠀⠀⠀⠀⠀⠀⢰⣴⣲⣤⣤⣤⣤⣤⣀⣴⣶⣦⣤⣤⣤⡤⠤⠶⠶⠿⠿⠿
⣦⣄⡀⠀⠀⠀⠈⠉⠉⠉⠉⠉⠉⠉⠉⠉⠉⠉⠉⠉⠉⠁⠀⠀⠀⠀⣀⣤
⣿⣿⣿⣷⣦⣄⡀⠀⠀⠀⠀⠀⠀⠀⠀⠀⠀⠀⠀⠀⠀⠀⣀⣤⣶⣿⣿⣿
⣿⠟⠛⠉⠀⠀⠀⠀⠀⠀⠉⠛⠻⣿
⡇⠀⠀⠀⢰⣼⣪⡿⠿⣤⣤⣤⣤⣼
⣿⣶⣌⡉⠁⠄⠀⠀⠀⠀⢈⡛⠻⢿
⡟⠛⠻⠿⠿⣦⣤⣤⣤⡶⠤⣀⠀⢸
⣷⣦⣤⣀⠀⠀⠀⠀⠈⠀⣀⣨⣴⣾
⣿⣿⣿⠿⠟⠛⠉⠉⠉⠉⠉⠉⠉⠉⠉⠉⠛⠻⠿⣿⣿⣿
⣷⡇⠀⠀⠀⠀⠀⣤⠠⣤⡴⣦⣖⣶⠀⠀⠀⠀⠀⠀⠈⣾
⣿⡇⠀⠀⣀⣀⣨⠿⠿⠯⠝⠟⠛⠺⠷⠶⣶⣶⣶⣶⣾⣿
⣿⣿⣶⣦⣌⠉⠉⠰⡆⢔⡂⠀⠀⠀⠀⠀⠀⠙⠛⠿⢿⡿
⢿⠿⠿⢿⣿⡷⠾⢦⣀⣀⠀⠀⠀⣀⣤⣄⠈⠉⠁⠀⠀⡇
⢸⡀⠀⠈⠉⠛⠋⠙⠿⠿⠿⠿⠿⠿⠟⠋⠉⠽⠶⠀⠀⡇
⣿⣿⣿⣶⣤⣄⡀⠀⠀⠀⠀⠀⠀⠀⠀⢀⣠⣤⣶⣾⣿⣿
⣿⣿⣿⣿⣿⡿⠿⠛⠋⠉⠉⠉⠉⠉⠉⠉⠉⠉⠉⠉⠛⠿⢿⣿⣿⣿⣿⣿
⡏⡟⠋⠉⠀⠀⠀⠀⠀⢀⡀⠀⠀⣀⣀⡠⢄⣀⠀⠀⠀⠀⠀⠀⠉⠙⢻⢹
⡇⡇⠀⠀⠀⠀⠀⠀⢠⡿⢌⡻⡿⣥⣿⣷⣿⢹⣀⣀⣀⣀⣀⣀⣀⣀⣸⢸
⡇⣇⠀⠀⠀⢠⣤⣤⣴⠙⠛⠻⠖⠋⠛⠉⠉⠙⠛⠛⠿⢿⣿⣿⣿⣿⣿⣿
⣿⣿⣿⣷⣶⡌⠉⠉⠁⠰⢔⢰⠒⡂⠀⠀⠀⠀⠀⠀⠀⠀⠛⠻⠿⢿⣿⢿
⣿⣿⣿⣿⣿⣿⣷⣶⣶⣤⠉⠀⠉⠀⠀⠀⠀⠀⣀⣀⠀⠉⠛⠃⠀⠀⠈⡇
⢸⡋⠉⠉⠙⠿⣿⣭⣭⣽⣷⣶⣶⣦⣤⣶⣶⢾⣿⣿⠶⠶⣤⣀⡀⠀⠀⡇
⣜⣧⣄⣀⠀⠀⠀⠀⠀⠀⠛⠚⠛⠛⠛⠛⠛⠚⠁⠀⠀⠐⠛⠛⢃⣀⣤⣇
⣿⣿⣿⣿⣿⣶⣦⣤⣀⣀⣀⣀⣀⣀⣀⣀⣀⣀⣀⣀⣠⣴⣶⣿⣿⣿⣿⣿
⠀⠀⠀⣼⣿⣿⣿⠃⢠⣿⣿⣿⠏
⠎⠘⡀⣻⣹⣉⠱⢃⣏⣉⣏⡜⠀⠰
⠀⠐⠿⣿⣿⣿⣿⣿⣿⠿⠛
⠀⠀⠀⠀⠀⣰⣿⣿⣿⣿⣿⠏⠀⢠⣿⣿⣿⣿⣿⡟
⢠⠒⣲⠖⢲⣟⡿⢿⠿⠿⢯⡔⢒⡿⢿⠿⣿⠛⡿⠤⠄⢤
⠃⠀⠁⣰⣥⣮⣴⣯⣼⣖⣛⣢⣿⣤⣷⣴⣧⡜⠃⠚⠐⠁
⠀⠀⠈⠻⠿⣿⣿⣿⣿⣿⣿⣿⣿⡿⠿⠟⠋
⠀⠀⠀⠀⠀⠀⢀⣼⣿⣿⣿⣿⣿⣿⡟⠀⠀⢠⣿⣿⣿⣿⣿⣿⣿⠃
⠀⡠⠀⣀⡄⠀⣾⣿⣿⣿⣿⣿⣿⡟⢀⠄⣰⣿⣿⣿⣿⣿⠿⣿⠃
⡜⠁⠰⠟⢀⡔⠒⠶⢀⡼⠅⡌⠐⣾⠃⢠⡞⠁⡜⠀⣼⠃⢰⡏⢁⡍⢀⡝
⠈⠉⠉⢉⣽⣶⣿⣿⣿⣿⣿⣯⣤⣤⣼⣿⣿⣿⣿⣿⣿⡿⠁⠀⠁⠈
⠀⠀⠀⠈⠛⠿⢿⣿⣿⣿⣿⣿⣿⣿⣿⣿⡿⠿⠿⠛⠋
⠀⠀⣀⡠⣖⣿⡳⡼⣳⣲⢄⡀
⡔⣹⣏⣞⠋⠭⠥⠘⠿⢿⣇⣹⣟⢆
⠳⣝⠿⣿⠻⠆⠨⢙⣿⠀⡿⢿⡯⠞
⠀⠣⣻⣿⣿⣷⣶⣶⣶⣾⣿⡼⠃
⠀⠀⠀⠀⠀⠀⣠⠔⣺⡝⣦⢠⠖⣒⠦⡄
⠀⠀⣀⡤⣤⢚⣥⣶⣶⣦⡙⠞⣠⣽⣶⣭⠳⣤⢤⣀
⣰⠋⠵⠇⠀⡿⠛⢉⣉⣉⣁⠘⠻⣿⣿⣿⡇⠀⠷⠎⢳⡀
⣿⠸⣿⣿⣿⣷⣤⣈⠁⠀⠤⣤⣤⣤⠉⢻⣶⣿⣿⣿⡆⣿
⠘⠧⣝⡻⢿⣟⠛⠻⠇⠀⠦⠀⢉⣿⠀⢸⠿⠿⢟⣫⠴⠃
⠀⢰⡏⢴⣿⣿⣿⣶⣆⣀⣒⣚⣛⣋⣀⣼⣷⡎⢻⡄
⠀⠀⠙⠮⣙⣛⣛⣛⣛⣛⣿⣟⣛⣛⣛⣛⣫⠵⠋
⠀⠀⠀⠀⠀⠀⠀⠀⢀⡤⢖⣛⠳⣄⢀⡴⢒⠶⢤⡀
⠀⠀⠀⠀⠀⠀⣠⠶⢋⣤⣭⣙⡀⢿⣼⠇⢘⣛⣄⡛⢦⣄
⠀⣀⡴⢞⡋⠻⢡⣾⣿⣿⣿⣿⣿⣆⣡⣾⣿⣿⣿⣿⣦⠙⠟⣛⠲⣤⡀
⣴⠏⣐⣛⣃⡀⣸⠛⠉⢠⣤⣤⣤⣤⣀⣙⣻⣿⣿⣿⡿⠀⣀⣛⣓⡈⢷⡄
⣿⠀⣿⣿⣿⣿⣿⣦⣤⣀⠁⠀⠀⢤⣤⣤⣤⡄⠈⢹⣶⣿⣿⣿⣿⣿⠀⣿
⠘⢧⡘⠿⣿⣿⣿⡿⠿⢿⡇⠀⢀⣄⠈⠙⢻⡇⠀⢸⣿⣿⣿⣿⠿⢋⡼⠋
⠀⠀⣩⡷⢂⣤⣿⣶⣄⣈⡉⠉⠉⣉⣀⣤⣾⡇⠀⢸⣯⣍⠡⣶⡚⠉
⠀⠀⢿⡀⢿⣿⣿⣿⣿⣿⣧⣤⣤⣤⣤⣤⣤⣤⣴⣾⣿⣿⠇⣸⠇
⠀⠀⠀⠙⠦⣭⣙⣛⣛⣛⣋⣭⣭⡭⣭⣭⣝⣛⣛⣛⣫⡥⠞⠋
⠀⠀⢀⣠⣤⣤⣽⣳⣶⣿⣷⣦⡀
⠠⠴⠺⠦⠶⢼⣾⣯⢞⡷⣿⣾⡿⢦
⠀⠀⠀⠀⠀⢀⣩⡿⠋⠁
⠀⠀⠀⠀⠀⣀⣀⣤⣤⣌⣛⠶⣶⣶⣾⣿⣶⣶⣄
⣀⢀⣀⣠⣮⣙⣉⣉⠩⡍⣻⡽⢒⣻⣭⣭⣿⢫⣿⣶⣤⡀
⠈⠉⠛⠐⠋⠙⠛⠓⠛⢳⣿⣵⢏⣶⡾⠜⠶⠓⠛⠛⠁⠛
⠀⠀⠀⠀⠀⠀⠀⠀⢀⣔⣠⠿⠛⠁
⠀⠀⠀⠀⠀⠀⠀⠀⣀⣀⣀⣀⣙⠳⣶⣶⣦⣤⣾⣿⣶⣶⡦⡀
⠀⠀⠀⠀⠀⡴⠚⠽⠛⠛⠛⢛⠻⢿⣲⡬⠭⢟⡛⠛⢻⣷⠝⣿⣆⣀
⠲⢶⣶⣒⢛⣻⢶⣶⣶⣒⣪⣽⡃⣿⣟⣠⣖⢋⣹⠫⣟⢥⣘⣻⣿⡾⢷⣄
⠀⠀⠀⠀⠀⠀⠀⠀⠀⠀⠀⠈⠳⡽⣿⢃⣶⡿⠗⠒⠘⠉⠉⠀⠉⠀⠉⠁
⠀⠀⠀⠀⠀⠀⠀⠀⠀⠀⠀⣤⣀⡲⠷⠛⠁
⠀⣀⣠⠤⠀⠀⠀⠀⠀⠀⠀⢠⣄⡀
⠘⠛⢻⣿⡶⠂⠀⣠⣶⠶⠞⠛⠛⠁
⠀⠰⣾⣯⣤⣴⠿⠋
⠀⠀⠀⠀⠀⣀⠀⠀⠀⠀⠀⠀⠀⠀⠀⠀⠀⠀⣀
⠀⣠⣴⣶⣛⡁⠀⠀⠀⠀⠀⠀⠀⠀⠀⠀⠀⣀⣻⣷⣦
⠀⠙⠛⠛⢻⣿⣿⠿⠋⠀⠀⢀⣴⣿⡿⠿⠿⠟⠛⠋⠁
⠀⠀⠀⣠⣿⡿⠇⠀⠀⣤⣶⣿⠟⠋
⠀⠀⠘⠿⠿⠷⠷⠿⠿⠿⠛⠁
⠀⠀⠀⠀⠀⠀⠀⣀⠀⠀⠀⠀⠀⠀⠀⠀⠀⠀⠀⠀⠀⠀⠀⢀
⠀⠀⣀⣤⣴⡶⠞⠉⠀⠀⠀⠀⠀⠀⠀⠀⠀⠀⠀⠀⠀⠀⠀⢿⣷⣤⣀
⠀⠾⣿⣿⣿⣷⣶⣶⣶⣶⡶⠂⠀⠀⠀⠀⣠⣦⣴⣶⣶⣶⣶⣿⣿⠿⠋
⠀⠀⠀⠀⠈⣽⣿⣿⡟⠋⠀⠀⠀⢀⣴⣿⣿⡿⠟⠉⠉⠉⠁
⠀⠀⠀⢀⣴⣿⣿⠟⠁⠀⢀⣴⣾⣿⡿⠋⠁
⠀⠀⠀⠙⠿⠿⠿⠿⠿⠿⠿⠿⠛⠋⠁
⠀⠀⢐⣦⣤⣤⣤⣤⣀⣀⣀
⠀⠰⠶⣿⣿⣿⣿⣿⣿⣿⣿⣟⣳⡦
⠀⠀⠚⠹⠟⠛⠉⠉⠁
⠀⠀⠀⠀⢤⣄⣀⣀⣀
⠀⠀⠀⠐⠒⢿⣿⣿⣿⣿⣿⣿⣿⣿⣶⣶⣶⣤⣄⡀
⠀⠠⠶⣿⣿⣿⣿⣿⣿⣿⣿⣿⣿⣿⣿⣿⣛⣛⡫⣽⣶⣦
⠀⠀⠀⣀⣬⣿⣿⣿⣿⣿⠿⠿⠿⠛⠉⠉⠉⠉⠉⠉⠉⠁
⠀⠀⠀⠁⠀⠰⠛⠉
⠀⠀⠀⠀⠀⢤⣀⣀⡀
⠀⠀⠀⠀⠤⢤⣽⣿⣿⣿⣿⣿⣷⣶⣶⣶⣶⣶⣤⣤⣤⣄⣀
⠀⠀⣀⣠⣤⣶⣶⣾⣿⣿⣿⣿⣿⣿⣿⣿⣿⣿⣿⣿⣿⣿⣿⠿⠶⢤⣄
⠀⠀⠉⠙⠛⠿⢿⣿⣿⣿⣿⣿⣿⣿⣿⣿⣿⣿⣿⣯⣭⠭⠭⢭⣽⠿⣷⠇
⠀⠀⠀⢀⣤⠶⠿⢟⣿⣿⣿⠿⠿⠟⠛⠛⠋⠁
⠀⠀⠀⠀⠀⠀⠀⠚⠉⠁
⠀⠀⣠⣤⣶⣿⣵⡛⠛⣁⡒⠀⠀⡀
⠀⠉⠻⠿⢿⡟⠴⠊⠁⠉⠙⠓⠀⠉
⠀⠀⠀⠀⣀⣀⣤⣶⣶⣟⣩⡽⠿⠟⠓⠀⠦⠄
⠀⣠⣬⢿⣿⣿⡟⣽⣿⠿⠛⣓⡤⠤⠶⢶⣶⣀⠀⠤⠴⠦
⠀⠀⠀⠈⠻⠛⠿⣿⠿⠐⠾⠁⠀⠀⠀⠀⠀⠈⠉
⠀⠀⠀⠀⠀⠀⠀⢀⣠⣤⣶⣖⡛⣉⣽⣿⡿⠿⠖⠒⣢⣄⡀
⠀⠀⠀⠒⣦⣿⣿⣿⣾⢛⣿⣯⣾⣿⣅⠀⠀⠀⣄⣤⣄⣀⡀⠀⠀⠀⢀⡀
⠀⠒⠚⠛⢹⣿⣿⣿⣇⣿⣿⡟⠁⣀⡴⠒⠛⠁⠈⠛⠿⠳⢦⢭⠉⠑⠉⠉
⠀⠀⠀⠀⠀⠙⠋⠙⠻⢿⡿⠇⠙⠿
⠀⣴⣂⣀⡶⠶⠶⠶⢦⣼⠇⢀⡤
⠚⠒⠚⢟⣁⣚⣿⣶⣚⣃⡴⠏
⠀⠀⣠⠴⠒⢊⣉⣉⣉⣉⣉⣉⣉⣉⢑⣶⡖
⠀⢠⣿⣤⣤⣉⣉⣉⣉⣉⣉⠉⠛⢻⣿⡟⠒⢒⣶⡶⠒
⣰⣯⣄⣉⣉⣹⠃⢀⣼⣿⣉⣠⣤⣿⡟⠀⢀⣾⠏
⠀⠀⠀⠀⠘⠷⠤⣄⣈⣉⣉⣉⣉⣭⡤⠴⠟⠋
⠀⠀⠀⣀⡤⠴⠒⠒⠋⣉⣉⣉⣉⡉⠉⠉⠉⠙⠒⣶⣶⠆
⠀⠀⠰⣏⡀⠀⠘⠛⠛⠛⠛⠛⠛⠻⠿⠿⢿⣿⣾⡿⠧⠤⠤⣤⣤⣤⠤
⠀⣰⠟⠛⠿⠿⢿⣷⡖⠒⢒⣶⣶⠶⠆⠀⢀⣿⣿⠏⠀⠀⣴⣿⠋
⠼⠿⠶⠶⠤⢤⣤⠏⠀⠠⣾⣿⣧⣶⣶⣾⣿⣿⠋⠀⢀⣾⡿⠃
⠀⠀⠀⠀⠀⠀⠛⠶⠤⢤⣤⣄⣀⣀⣠⣤⣤⣤⠴⠶⠟⠋⠁
⠀⣀⣴⣶⣾⣭⣽⣿⣭⣭⣓⡶⣄
⠈⠙⠛⠛⠛⠻⠿⣿⠿⠷⠒⠶⢤⡿
⠀⠀⠀⢀⣤⣴⠶⣒⣛⣉⣭⣭⣭⣉⣛⠓⠲⢦⣤⡄
⢀⣴⣾⣿⣷⣿⣿⣿⣷⣶⣶⣶⣿⣾⣿⠛⠛⠉⠉⠑⠲⣄
⠀⠀⠀⠉⠉⠉⠉⠙⠛⠛⠿⣿⠿⠿⠛⠛⠛⠛⠓⠶⡼⠟
⠀⠀⠀⠀⠀⣀⣠⣤⣴⠖⠒⠛⠛⣉⣉⣙⡛⠛⠛⠒⠶⠦⣤⣄⣀
⠀⠀⣀⣤⣶⣛⣭⣵⣶⣖⣛⣛⣩⣭⣍⣛⣯⣿⣷⣶⣤⡤⠿⠛⠯⣄⡀
⠐⠚⠛⢛⣿⣿⣿⣿⣿⣿⣿⣿⣿⣿⣿⣿⣿⣿⠯⢥⣤⣄⣀⡀⠀⠀⣹⣦
⠀⠀⠀⠀⠀⠀⠀⠀⠀⠉⠉⠉⠛⠻⢿⡿⠗⠚⠋⠉⠉⠉⠉⠙⠛⢶⠿⠋
⠀⠀⢀⣠⠴⠒⠿⢍⡍⠉⠙⠲⡄
⠀⠴⢿⣿⡶⢂⣼⠏⠭⠛⠛⠛⠃
⠀⠀⠀⠀⠀⠀⢀⣠⡤⠖⣚⣛⠋⠉⠛⠛⠒⣦⡀
⠀⠀⠀⠀⣠⣶⠟⠁⠀⢍⠍⢩⣈⣉⡉⠀⠀⠀⢙⡷
⠀⠀⣤⣾⣿⣯⣵⡤⠤⠤⠿⠿⠿⠛⠿⢿⣿⣾⡿⠶⠤
⠠⠶⠛⠛⣻⠿⠿⠶⠒⠶⠾⠗⠒⠛⠉⠉⠁
⠀⠀⠀⠀⠀⠀⠀⠀⠀⢀⣠⣤⠶⠖⠛⠛⠛⠛⠛⠛⠒⠶⣤⡀
⠀⠀⠀⠀⠀⠀⣀⣴⡾⠛⠁⢐⠟⠛⠿⠁⠶⠶⠒⠀⠈⠉⠉⠻⣦⡀
⠀⠀⠀⠀⣀⣾⣿⡯⠀⠀⠀⠈⠊⣥⣬⣽⣿⣶⣦⣤⣤⣄⣠⡴⠛⠁
⠀⠀⢴⣾⣿⣿⣿⠾⢿⡚⠛⠒⠉⢛⡛⠉⠉⢙⣛⣻⣿⠿⠿⠛⠛⠋⠉⠁
⠠⠒⠛⠛⠛⣫⠿⠿⠿⠒⠚⡻⠿⠟⠓⠛⠉⠉⠁
⣔⣲⢰⣹⣸⠶⡇⡗⠿⢸⣸⠀⠴⡀
⠓⣬⣆⣧⣿⡷⢶⡶⢾⣿⣽⣱⣴⠚
⠀⠘⠿⣋⠉⣹⣋⣙⣏⠉⣙⠿⠃
⠀⠀⠀⠈⠓⠮⣟⣻⠵⠚⠁
⣤⠤⣤⢠⡖⢰⡆⣿⢦⣿⠀⣿⢦⣿⢸⡇⢰⣖⠂⣤⠤⢄
⣾⣂⡿⠘⢳⠺⢧⣿⣄⣉⣀⣉⣈⣩⣼⡷⠞⡇⠄⢈⡑⣶
⠉⠀⣶⡿⣂⡿⣚⣭⣛⠛⢿⡿⠛⣛⣭⣓⢾⣑⢿⣶⠀⠁
⠀⠀⠹⣿⣿⠚⠋⠛⢻⡿⠜⠣⢿⡟⠛⠙⠓⣿⣷⠟
⠀⠀⠀⠀⠈⠳⣧⡀⠿⣕⣶⣶⣎⠿⢀⣼⠞⠋
⠀⠀⠀⠀⠀⠀⠀⠙⠓⠦⣤⣤⠴⠚⠋
⣀⡤⠤⣄⢠⡖⠒⣶⠀⣿⣦⣸⣿⠀⣿⢦⣸⡇⢸⣿⠀⣶⠒⠲⢠⡤⢤⣀
⢸⡗⠲⣯⠸⢧⡤⣿⣤⣿⣂⠙⠛⠀⠛⠀⠛⢃⣸⣿⣤⢿⡭⣀⠘⠓⠢⣤
⠚⠓⢨⣥⣴⡄⢳⣤⡽⠿⠿⢿⣷⣿⣿⣶⡿⠿⠿⢯⣤⡾⢡⣦⣬⡍⠒⠛
⠀⠀⠸⣿⣣⣶⣟⣵⡶⣿⣳⣦⣄⢹⡏⣠⣴⣞⣿⠶⣮⣻⣶⣜⣿⠇
⠀⠀⠀⠙⠟⢿⣅⢀⠀⠀⣨⣿⢛⠀⠀⠛⣿⣅⠀⠀⡀⣨⡿⠻⠏
⠀⠀⠀⠀⠀⠀⠙⠻⢷⣄⡙⠦⣽⣿⣿⣯⠴⢋⣠⡾⠟⠋
⠀⠀⠀⠀⠀⠀⠀⠀⠀⠈⠙⠳⠶⣤⣤⠶⠞⠋⠉
⠟⠉⠀⠀⡀⠀⠀⠀⢽⣿⣿⣿⣿⣿
⣄⡀⠀⠈⠉⠐⠒⠂⣤⠀⠀⠀⢀⣤
⠉⠉⠉⠰⠶⠀⠀⠀⢨⠀⠀⠀⢸⣿
⣤⣤⡄⠀⠀⠀⠀⣴⣿⠀⠀⠀⢸⣿
⣿⣿⣷⣶⣄⣀⠀⠀⠁⠀⢀⣠⣾⣿
⣿⠟⠋⠁⠀⠀⠀⠀⠀⠀⠀⠀⠀⣿⣿⣿⣿⣿⣿⣿⣿⣿
⠁⠀⠀⠀⠀⢠⣶⣤⠀⠀⠀⠀⠀⠛⠛⠛⠛⠛⠛⠛⠛⠛
⣦⡀⠀⠀⠀⠀⠀⠈⠉⠉⠛⠻⢤⣤⠀⠀⠀⠀⠀⢠⣤⣤
⡿⠿⠟⠶⠶⢤⣤⣄⡀⠀⠀⠀⠀⠹⡀⠀⠀⠀⠀⢸⣿⣿
⡇⠀⠀⠀⠀⠈⠛⠋⠁⠀⠀⠀⠀⣸⠁⠀⠀⠀⠀⢸⣿⣿
⣇⣀⣀⣀⠀⠀⠀⠀⠀⠀⠀⣴⣾⣿⠀⠀⠀⠀⠀⢸⣿⣿
⣿⣿⣿⣿⣀⣀⠀⠀⠀⠀⠀⠙⠻⠛⠀⠀⠀⠀⠀⣸⣿⣿
⣿⣿⣿⣿⣿⣿⣷⣤⣄⣀⠀⠀⠀⠀⠀⢀⣀⣤⣶⣿⣿⣿
⣿⡿⠟⠋⠉⠀⠀⠀⠀⠀⠀⠀⠀⠀⠀⠀⢹⣿⣿⣿⣿⣿⣿⣿⣿⣿⣿⣿
⠋⠀⠀⠀⠀⠀⠀⣀⣀⣀⠀⠀⠀⠀⠀⠀⠸⠿⠿⠿⠿⠿⠿⠿⠿⠿⠿⠿
⡀⠀⠀⠀⠀⠀⠀⠛⠛⠿⠦⠤⣤⣤⣤
⣿⣦⣄⡀⠀⠀⠀⠀⠀⠀⠀⠀⠀⠀⠉⠒⢶⣶⠀⠀⠀⠀⠀⠀⠀⣶⣶⣶
⡟⠛⠛⠛⠛⠒⢲⣦⣤⣤⡀⠀⠀⠀⠀⠀⠀⢹⠀⠀⠀⠀⠀⠀⠀⣿⣿⣿
⡇⠀⠀⠀⠀⠀⠀⠙⠛⠛⠁⠀⠀⠀⠀⠀⠀⣼⠀⠀⠀⠀⠀⠀⠀⣿⣿⣿
⡇⠀⠀⠀⠀⠀⠀⠀⠀⠀⠀⠀⠀⠀⣀⣤⣾⣿⠀⠀⠀⠀⠀⠀⠀⣿⣿⣿
⣷⣶⣶⣶⣶⠀⠀⠀⠀⠀⠀⠀⠀⠀⣿⣿⣿⣿⠀⠀⠀⠀⠀⠀⠀⣿⣿⣿
⣿⣿⣿⣿⣿⣤⣤⣄⠀⠀⠀⠀⠀⠀⠈⠉⠉⠁⠀⠀⠀⠀⠀⠀⣰⣿⣿⣿
⣿⣿⣿⣿⣿⣿⣿⣿⣿⣶⣤⣀⣀⠀⠀⠀⠀⠀⠀⢀⣀⣠⣴⣾⣿⣿⣿⣿
⡶⣠⣤⣤⣤⣶⣮⣵⣶⣤⣤⣤⣄⢶
⢧⢻⣧⣴⠖⢒⡆⢰⣒⠲⣦⣼⡟⡼
⠈⢮⡻⣿⠦⠭⡅⢨⠭⠉⣿⢟⡵⠁
⠀⠀⠉⠚⠽⢿⣷⣼⡿⠯⠓⠉
⣤⠤⣄⣀⣀⣀⣠⠤⠤⢖⣚⣓⡲⠤⠤⣄⣀⣀⣀⣠⠤⣤
⣿⠀⣷⡖⠒⠒⠛⠛⠛⠛⠛⠛⠛⠛⠛⠛⠒⠒⢲⣾⠀⣿
⢻⡄⢿⣷⣶⣾⠛⠉⣉⣻⠀⠀⣏⣉⠉⠛⣷⣶⣿⡿⢠⡟
⠀⠻⣌⢻⣿⣿⣤⣀⣉⣉⡀⢈⣉⣉⠉⠛⣿⣿⡟⣡⠟
⠀⠀⠉⠳⣍⡻⢦⣤⣭⡽⠀⠀⢯⣭⣤⡴⢟⣩⠞⠉
⠀⠀⠀⠀⠀⠉⠓⠪⠭⢝⣛⣛⡫⠭⠕⠚⠉
⣠⣀⣀⡀⠀⠀⠀⠀⣀⣀⣀⡤⠴⢚⡓⠦⢤⣀⣀⣀⠀⠀⠀⠀⢀⣀⣀⣄
⣿⡇⢩⣭⣭⣭⣭⣭⣭⣥⣶⣶⣿⣿⣿⣿⣶⣶⣬⣭⣭⣭⣭⣭⣭⡍⢸⣿
⣿⡇⢸⣿⣇⠀⢀⣤⣤⣤⣤⣤⣤⠀⠀⣤⣤⣤⣤⣤⣤⠀⠀⣿⣿⡇⢸⣿
⢹⣧⠘⣿⣿⣿⣿⡟⠉⠉⣉⣉⣿⠀⠀⣿⣉⣉⠉⠙⣿⣿⣿⣿⣿⠃⣼⡏
⠀⠻⣧⠘⣿⣿⣿⣯⣀⠀⠛⠛⠛⠒⠒⠛⠛⠛⠛⠛⣿⣿⣿⣿⠃⣼⠟
⠀⠀⠙⢷⣌⠻⣿⣿⡉⠉⠛⠛⣿⠉⠉⡿⠛⠛⠀⢀⣿⣿⠟⣡⡾⠋
⠀⠀⠀⠀⠉⠳⢦⣍⡻⠿⣿⣿⣋⣀⣀⣛⣿⣿⠿⢟⣩⡴⠞⠉
⠀⠀⠀⠀⠀⠀⠀⠈⠉⠓⠲⠬⢭⣙⣋⡭⠥⠖⠚⠉⠁
⡀⣠⣴⣾⣿⣿⡟⢻⣿⣿⣷⣦⣄⢀
⡇⣿⣿⣿⡿⠟⠀⠀⠻⢿⣿⣿⣿⢸
⡇⣿⣿⣿⣋⡁⠀⠀⢀⣀⣤⣄⡀
⠀⠈⠛⠿⠛⠀⠀⠀⠈⢹⣿⣿⣿⢸
⡇⣶⣶⣆⣠⣤⡄⢀⣀⣈⣻⣿⣿⢸
⠁⠙⠻⢿⠿⠛⠁⠈⠛⠿⡿⠟⠋⠈
⠀⢀⠠⣐⣭⣿⣿⣿⣿⣿⡿⢿⣿⣿⣿⣿⣿⣭⣂⠄⡀
⡎⣵⣿⣿⣿⣿⣿⣿⣿⡟⠁⠈⢻⣿⣿⣿⣿⣿⣿⣿⣮⢱
⡇⣿⣿⣿⣿⣿⣿⠿⠓⠂⠀⠀⠈⠽⠿⠿⠿⠿⠿⠿⠿⢸
⡇⣿⣿⣿⣿⣿⡿⠛⣉⠀⠀⠀⠈⠓⠀⢉⣠⣠⢄⡀
⠧⣛⠿⣿⣿⣿⣿⠿⠗⠂⠀⠀⠠⢭⣿⣾⣿⣿⣷⣮⣕⢢
⠀⠀⠉⠚⠝⠻⢟⣋⡁⠀⠀⠀⠀⢐⠲⢽⣿⣿⣿⣿⣿⢸
⡏⣵⣿⣿⣿⡷⠋⣀⣀⣠⠀⠀⠀⠀⠉⠻⢿⣿⣿⣿⣿⢸
⢇⡻⣿⣿⣿⣿⣿⣿⣿⣿⠀⠀⣿⣿⣿⣷⣾⣿⣿⣿⢟⡸
⠀⠈⠐⠩⣛⣿⣿⢟⣋⣀⣀⣀⣈⣙⠻⣿⣿⣛⠭⠂⠁
⠀⠀⢀⡠⢔⣪⣭⣭⣭⣭⣭⣭⣭⡭⣭⣭⣭⣭⣭⣭⣭⣭⣕⡢⢄⡀
⡴⢪⣵⣾⣿⣿⣿⣿⣿⣿⣿⣿⠟⠁⠈⢿⣿⣿⣿⣿⣿⣿⣿⣿⣷⣮⡕⢦
⡇⢸⣿⣿⣿⣿⣿⣿⣿⣿⣿⣛⡀⠀⠀⠀⠿⢿⣿⣿⣿⣿⣿⣿⣿⣿⡇⢸
⡇⢸⣿⣿⣿⣿⣿⣿⣟⣉⣡⠤⠀⠀⠀⠀⣉⡉⠛⢻⠿⠿⠿⠿⠿⠿⠧⠼
⡇⢸⣿⣿⣿⣿⣿⣿⠏⣉⣀⡀⠀⠀⠀⠀⣀⠁⠐⢲⣶⣶⣒⠢⣄⡀
⠧⣜⠻⢿⣿⣿⣿⣿⣿⡿⠶⠒⠀⠀⠀⠀⠬⣭⣽⣿⣿⣿⣿⣿⣶⣭⡓⢤
⠀⠀⠉⠒⠭⣛⣛⣛⡛⠒⠒⠀⠀⠀⠀⠀⠀⠤⢬⣹⣿⣿⣿⣿⣿⣿⡇⢸
⡤⢀⣀⣀⣀⣀⣀⣀⠛⠉⠉⠀⠀⠀⠀⠀⠀⠓⠒⣺⣿⣿⣿⣿⣿⣿⡇⢸
⡇⢸⣿⣿⣿⣿⣿⣡⣤⣶⣶⣶⣿⠀⠀⣤⣤⣤⣤⣀⡙⣿⣿⣿⣿⣿⡇⢸
⠳⢌⡻⢿⣿⣿⣿⣿⣿⣿⣿⡿⠟⠀⠀⢿⣿⣿⣿⣿⣿⣿⣿⣿⡿⢟⡣⠞
⠀⠀⠈⠑⠪⢝⣛⣛⣛⣛⣉⣀⣀⣀⣀⣀⣈⣙⣛⣛⣛⣛⡫⠕⠊⠁
⠀⠀⢠⣶⣶⣶⣾⣄⣀⣀
⠀⠀⠤⣿⣯⣿⣿⣯⣽⣿⣤⠀⠠
⠀⠀⠀⠀⠀⠿⢿⣷⣿⣿⣿⣆⡠⠐
⠀⠀⠀⠀⠀⠀⠈⠙⠉⠙⡋⠉⠁
⠀⠀⠀⢠⣤⣴⢷⡶⢶⣶⣾⣄
⠀⠀⠀⢈⣛⣿⢿⠛⣯⣿⣿⢻⢻⡿⠿⡿⢀⠀⠀⠀⢲
⠉⠀⠀⡈⠙⠛⠛⠛⣿⣿⣿⣻⣻⣯⣿⣿⣽⣅⠀⠉⠀⢱
⠀⠀⠀⠁⠀⠀⠂⠈⠋⠙⢭⣿⣿⣿⢳⡞⣿⣿⡦⡎⠁⠁
⠀⠀⠀⠀⠀⠀⠀⠀⠀⠀⠈⠉⠫⠉⠁⢹⡉⠉⠉⠁
⠀⠀⠀⠀⠀⣀⣤⣼⣤⣤⣤⣤⣤⣸⣄
⠀⠀⠀⠀⠸⣸⣿⣿⣸⣤⡤⣷⣿⣿⣾⣦⣤⣤⣤⡤⡄⠀⠀⠀⠀⢀⡀
⠀⠀⠀⠀⢠⢢⣵⣟⢻⣉⣹⡎⣿⣿⣱⣏⣱⢌⣉⣑⣃⢄⠀⠀⢀⡀⢇
⠉⠒⠄⢀⠀⠉⠛⠛⠛⠛⣻⠇⣿⣿⢩⣋⡻⣸⣿⣿⣯⢺⡀⠀⠈⠁⠀⢱
⠀⠀⠀⠀⠣⠄⠀⢀⠄⠐⠧⠿⣿⠟⣻⢎⣾⣿⣯⣬⣿⣷⡕⢄⣠⠖⠐⠃
⠀⠀⠀⠀⠀⠀⠀⠀⠀⠀⠀⠀⠀⢯⠰⡿⠿⠗⡼⢱⡸⠿⠿⠖⡽
⠀⠀⠀⠀⠀⠀⠀⠀⠀⠀⠀⠀⠀⠀⠀⠑⠄⠀⠀⠘⣄
⠀⠀⠀⣠⣴⠶⠒⠶⢶⣶⣶⣶⣾⠃
⠀⠠⠴⠭⢥⣤⣄⣀⠀⢀⠈⠛⠃
⠀⣰⣶⣤⡤⠀⠉⢉⣿⣷⣶⠦⠄
⣰⡿⠿⠿⠷⠶⠶⠿⠿⠟⠋
⠀⠀⠀⠀⠀⢀⣠⣤⣶⣶⣶⣶⣶⣶⣶⣶⣶⣶⣶⣶⡾⠁
⠀⠀⠀⠀⠰⠿⢿⠟⠁⠀⠀⠀⠉⠙⠋⠙⠻⣿⣿⡿⠁
⠀⠐⠛⠛⠛⠿⠶⣶⣶⣤⣤⣐⡒⠤⠤⣀⡀⠉⠙⠁
⠀⠀⣠⣤⣤⣄⣀⡀⠀⠉⠉⠛⢻⣿⣷⣶⣤⣤⣄⣀⣀
⠀⣰⣿⣿⣿⣿⣿⣃⣀⣀⣀⣠⣿⣿⣿⣿⣿⠃
⣰⡿⠿⠿⠿⠿⠿⠿⠿⠿⠿⠿⠿⠿⠛⠋⠁
⠀⠀⠀⠀⠀⠀⠀⠀⣀⣠⣤⣤⣶⣶⣶⣶⣶⣶⣶⣶⣶⣶⣶⣶⣶⣶⡾
⠀⠀⠀⠀⠀⠀⣴⣿⣿⣿⠟⠋⠉⠉⠙⠛⠿⣿⡿⠿⣿⣿⣿⣿⣿⡿⠁
⠀⠀⢀⣀⣀⣘⣛⣛⡛⠁⠀⠀⠀⠀⠀⠀⠀⠀⠀⠀⠀⢹⣿⣿⡿⠁
⠀⠈⠉⠉⠉⠛⠛⠻⠿⢿⣿⣷⣶⣦⣭⣙⡒⠶⠤⣄⣀⠀⠀⠉⠁
⠀⠀⠀⣠⣤⣀⣀⡀⠀⠀⠀⠈⠉⠛⠛⠿⣿⣿⣶⣦⣬⣄⣀⣀
⠀⠀⣰⣿⣿⣿⣿⣿⣿⡗⠀⠀⠀⠀⠀⣰⣿⣿⣿⣿⣿⣿⠏⠉⠉⠉⠉
⠀⣰⣿⣿⣿⣿⣿⣿⣿⣶⣶⣶⣶⣶⣾⣿⣿⣿⣿⣿⡿⠏
⣰⠿⠿⠿⠿⠿⠿⠿⠿⠿⠿⠿⠿⠿⠿⠿⠟⠛⠋⠉
⢿⣙⡿⣿⣿⣿⣿⣿⣿⡿⣿⡿⣳⠆
⠀⠈⠙⠳⢽⡻⢿⣿⡿⣷⣯⢹⡏
⠀⠀⠀⠀⠾⣴⣾⣿⣷⣿⠽⠚⠁
⢿⣟⠻⣿⣿⣿⣿⣿⣿⣿⣿⣿⣿⣿⣿⣿⣿⣿⣛⢒⣶⠆
⠀⠉⠙⠷⢬⣟⡻⢿⣿⣿⣿⣿⣿⣿⣯⣔⣒⠶⣥⡿⠃
⠀⠀⠀⠀⠀⠈⢉⣿⠂⡙⠿⣭⡭⠟⣿⣿⣿⠗⣸⡟
⠀⠀⠀⠀⠀⠀⠸⠿⢬⣿⣛⣛⣛⣿⣯⠭⠶⠛⠁
⣿⣟⠛⣛⣛⣛⣛⣛⣛⣛⣛⣛⣛⣛⣛⣛⣛⣛⣛⣛⣛⣛⣛⣓⠲⢶⣤⠄
⠈⠛⠳⢶⣬⣙⠿⠿⠿⠿⠿⠿⠿⠿⣿⣿⣿⣿⡟⠩⢭⣭⣝⣋⣴⡿⠃
⠀⠀⠀⠀⠈⠉⠛⠷⣬⣭⡉⠭⣭⣭⣿⣿⣿⣿⣿⣿⣶⣶⡍⢻⣿
⠀⠀⠀⠀⠀⠀⠀⠀⢰⣿⠃⣤⣐⣒⣒⣒⣒⣠⣿⣿⡿⠟⣡⣾⠟
⠀⠀⠀⠀⠀⠀⠀⠀⠺⠿⠦⢭⣭⣭⣭⣭⣭⣭⡭⠴⠶⠛⠉
⠀⠀⠀⠀⢀⣀⣀⡾⢦⣤⣤⣶⡄
⢀⣴⣶⣿⣛⣋⣩⡷⠿⣿⣿⢿⣷
⠘⠉⠉⠉⠀⠹⠿⠛⠚⠻⢽⣷⡿⠋
⠀⠀⠀⠀⠀⠀⠀⠀⠀⠀⠀⣸⣶⣄⣀⣀⣀⣰⣦⡄
⠀⠀⢀⣀⣤⣤⣶⣿⠿⠿⠿⢿⣤⣿⣿⡿⣿⢿⣿⣯
⠠⣼⣿⣿⣿⠭⠥⠤⢤⣤⣾⣿⠉⠩⠽⣿⣿⣏⡻⢿⣦⣀
⠈⠉⠀⠀⠀⠀⠀⠀⠩⠟⠛⠛⠛⠛⠛⠲⢬⣿⣽⡿⠋⠁
⠀⠀⠀⠀⠀⠀⠀⠀⠀⠀⠀⠀⠀⠀⣸⣶⣤⡀⠀⠀⠀⠀⣶⣦⡀
⠀⠀⠀⠀⠀⠀⣀⣀⣠⣶⣶⣶⣿⣿⣿⡋⡘⣿⣿⣿⣿⣿⣿⣿⣿
⠀⠠⣴⣶⣿⣿⣿⠿⠿⠛⠋⠉⠉⣩⣭⣿⠿⢿⣿⣿⣽⣯⣽⣿⣿⡷
⢐⣾⣿⠿⠿⠟⠛⠛⠛⠛⢻⣿⣿⣿⣿⣖⣀⣐⣛⠿⢿⣿⣦⣍⣻⣿⣷⡦
⠈⠀⠀⠀⠀⠀⠀⠀⠀⠀⠀⠞⠛⠛⠉⠉⠉⠉⠉⠛⠷⣭⣽⣾⡿⠟⠁
⣤⣶⣿⣿⣿⣿⣿⣿⣿⣿⣿⣿⣶⣤
⣿⣿⣿⣿⣿⡏⠉⠉⠹⢿⣿⡿⠿⠿
⠻⢿⣿⣿⣿⣿⣿⣿⣿⣿⣿⣿⣷⣦
⣶⣶⣾⣿⣿⣆⣀⣀⣸⣿⣿⣿⣿⣿
⠛⠿⣿⣿⣿⣿⣿⣿⣿⣿⣿⣿⠿⠛
⠀⣠⣴⣾⣿⣿⣿⣿⣿⣿⣿⣿⣿⣿⣿⣿⣿⣿⣷⣤⣀
⣿⣿⣿⣿⣿⣿⣿⣿⣿⣿⣿⣿⣿⣿⣿⣿⣿⣿⣿⣿⣿⣿
⣿⣿⣿⣿⣿⣿⣿⣿⡇⠀⠀⠀⠀⠸⠿⠿⠿⠿⠿⠿⠿⠿
⣿⣿⣿⣿⣿⣿⣿⣿⣿⣿⣿⣿⣿⣿⣿⣿⣿⣿⣷⣤⣀
⠀⠉⠛⢿⣿⣿⣿⣿⣿⣿⣿⣿⣿⣿⣿⣿⣿⣿⣿⣿⣿⣿
⣶⣶⣶⣶⣶⣶⣶⣶⡆⠀⠀⠀⠀⢸⣿⣿⣿⣿⣿⣿⣿⣿
⣿⣿⣿⣿⣿⣿⣿⣿⣿⣿⣿⣿⣿⣿⣿⣿⣿⣿⣿⣿⣿⣿
⠀⠙⠻⢿⣿⣿⣿⣿⣿⣿⣿⣿⣿⣿⣿⣿⣿⣿⡿⠛⠉
⠀⠀⣀⣤⣶⣿⣿⣿⣿⣿⣿⣿⣿⣿⣿⣿⣿⣿⣿⣿⣿⣿⣿⣶⣤⣀
⣶⣿⣿⣿⣿⣿⣿⣿⣿⣿⣿⣿⣿⣿⣿⣿⣿⣿⣿⣿⣿⣿⣿⣿⣿⣿⣿⣶
⣿⣿⣿⣿⣿⣿⣿⣿⣿⣿⡟⠛⠛⠛⠛⠛⠛⢻⣿⣿⣿⣿⣿⣿⣿⣿⣿⣿
⣿⣿⣿⣿⣿⣿⣿⣿⣿⣿⣇⣀⣀⣀⣀⣀⣀⣘⣛⣛⣛⣛⣛⠛⠛⠛⠛⠛
⢿⣿⣿⣿⣿⣿⣿⣿⣿⣿⣿⣿⣿⣿⣿⣿⣿⣿⣿⣿⣿⣿⣿⣿⣶⣤⣀
⠀⠉⠛⠿⣿⣿⣿⣿⣿⣿⣿⣿⣿⣿⣿⣿⣿⣿⣿⣿⣿⣿⣿⣿⣿⣿⣿⣷
⣤⣤⣤⣤⣤⣭⣭⣭⣭⣭⡍⠉⠉⠉⠉⠉⠉⢹⣿⣿⣿⣿⣿⣿⣿⣿⣿⣿
⣿⣿⣿⣿⣿⣿⣿⣿⣿⣿⣧⣤⣤⣤⣤⣤⣤⣼⣿⣿⣿⣿⣿⣿⣿⣿⣿⣿
⠿⣿⣿⣿⣿⣿⣿⣿⣿⣿⣿⣿⣿⣿⣿⣿⣿⣿⣿⣿⣿⣿⣿⣿⣿⣿⣿⠿
⠀⠀⠉⠛⠿⣿⣿⣿⣿⣿⣿⣿⣿⣿⣿⣿⣿⣿⣿⣿⣿⣿⣿⠿⠛⠉
⣶⣶⣾⠿⠇⣾⠛⠻⠶⢻⣿⠂⣶⣦
⠀⣼⠿⠆⠀⠛⠓⠚⠋⠘⠿⢦⡿⠃
⣤⣤⣶⣶⣶⣾⣿⢠⣶⡿⠟⠿⣷⣦⠸⣿⣶⡶⢰⣦⣤⣄
⠛⠛⢹⣿⡇⠀⠀⢸⣿⣧⣀⣠⣦⣤⠀⣿⣿⡀⠀⣿⣿⠉
⠀⢰⡾⠿⠟⠃⠀⠀⠈⠉⠉⠙⠉⠀⠀⠈⠻⠿⠶⠿⠛
⣀⣠⣤⣤⣶⣶⣶⣾⣿⢀⣴⣾⣿⠿⢿⣿⣦⣄⢸⣷⣶⣶⣦⢠⣤⣤⣀⣀
⣿⣿⡿⣻⣿⣿⠘⠛⠉⢸⣿⣿⡇⠀⠀⣙⣛⡋⠀⣿⣿⣿⠉⠈⣿⣿⣿⠿
⠁⠀⠀⣿⣿⣿⣤⠀⠀⠘⢿⣿⣷⣶⣶⣿⡿⠟⠀⢿⣿⣿⣄⣀⣿⣿⣿
⠀⠀⣿⠿⠿⠛⠛⠀⠀⠀⠀⠈⠉⠉⠉⠉⠀⠀⠀⠀⠙⠛⠻⠿⠿⠛⠉
⠀⠀⠀⣄⣃⣀⣀⣀⣀⣀⣀⣀
⢤⡀⠀⠛⠛⠋⢻⣿⡏⠙⠛⠛
⠀⠉⠢⢄⡠⢤⣸⣿⣇⠀⠀⣀⡤
⠀⠀⠀⠀⠀⠘⠛⠻⢟⣀⡎
⠀⠀⠀⠀⢀⣀⣗⣀⣀⣀⣀⣀⣀⣀⣀⣀⣀⣀⣀
⠀⠀⠀⠀⢸⣿⣿⣿⡿⠿⣿⣿⣿⠛⠟⢿⣿⣿⣿
⠈⠓⢦⣄⠀⠀⠀⠀⠀⠀⣿⣿⣿
⠀⠀⠀⠉⠓⠲⠴⠚⢙⣆⣿⣿⣿⣤⡄⠀⣀⡤⠴⠒⠃
⠀⠀⠀⠀⠀⠀⠀⠀⠈⠛⠛⠛⠿⣟⣃⣘⣯
⠀⠀⠀⠀⠀⠀⠀⢸⡧⠀⠀⠀⠀⠀⠀⠈
⠀⠀⠀⠀⠀⢸⣷⣶⣶⣶⣶⣶⣶⣶⣶⣶⣶⣶⣶⣶⣶⣶⣶⣶
⢀⣀⠀⠀⠀⠸⠿⠿⠿⠿⠿⠉⢹⣿⣿⣿⣿⠈⠉⠹⠿⠿⠿⠿⠄
⠀⠙⠷⣤⡀⠀⠀⠀⠀⠀⠀⠀⢸⣿⣿⣿⣿
⠀⠀⠀⠈⠻⠦⣄⣀⣀⡴⠶⣤⠸⣿⣿⣿⣿⠀⠀⠀⠀⠀⠀⣀⣠⠤⠄
⠀⠀⠀⠀⠀⠀⠀⠈⠉⠀⠀⣿⣾⣿⣿⣿⣿⣿⡇⠀⣤⠖⠋⠉
⠀⠀⠀⠀⠀⠀⠀⠀⠀⠀⠀⠈⠉⠉⠉⠛⠯⢭⣭⣀⣿⡄
⣿⡟⢛⣛⣛⣛⡛⢛⣛⣛⣛⡛⢻⣿
⠿⠇⠸⠿⠉⣿⡇⢸⣿⠉⠿⠇⠸⠿
⠀⠀⠀⠀⠀⣿⡇⢸⣿
⠀⠀⠀⣀⣀⣿⡇⢸⣿⣀⡀
⠀⠀⠀⣩⣩⣍⣥⣬⣭⣭⣍
⣿⣿⠛⠛⠛⠛⠛⠛⠛⠛⠛⠛⠛⠛⠛⠛⠛⠛⠛⠛⣿⣿
⣿⣿⠀⠀⣿⣿⠛⠛⣿⣿⠀⠀⣿⣿⠛⠛⣿⣿⠀⠀⣿⣿
⠛⠛⠀⠀⠛⠋⠀⠀⣿⣿⠀⠀⣿⣿⠀⠀⠙⠋⠀⠀⠛⠛
⠀⠀⠀⠀⠀⠀⠀⠀⣿⣿⠀⠀⣿⣿
⠀⠀⠀⠀⠀⠀⠀⠀⣿⣿⠀⠀⣿⣿
⠀⠀⠀⠀⢠⣤⣤⣤⣿⣿⠀⠀⣿⣿⣤⣤⣤
⠀⠀⠀⠀⢠⣤⣤⣤⣤⣤⣤⣤⣤⣤⣤⣤⣤
⣿⣿⡿⠿⠿⠿⠿⠿⠿⠿⠿⠿⠿⠿⠿⠿⠿⠿⠿⠿⠿⠿⠿⠿⠿⢿⣿⣿
⣿⣿⡇⠀⠀⣶⣶⣶⣶⣶⣶⣶⡆⠀⠀⢴⣶⣶⣶⣶⣶⣶⣦⠀⠀⢸⣿⣿
⣿⣿⡇⠀⠀⣿⣿⡇⠀⠀⣿⣿⡇⠀⠀⢸⣿⣿⠀⠀⢸⣿⣿⠀⠀⢸⣿⣿
⠀⠀⠀⠀⠀⠀⠀⠀⠀⠀⣿⣿⡇⠀⠀⢸⣿⣿
⠀⠀⠀⠀⠀⠀⠀⠀⠀⠀⣿⣿⡇⠀⠀⢸⣿⣿
⠀⠀⠀⠀⠀⠀⠀⠀⠀⠀⣿⣿⡇⠀⠀⢸⣿⣿
⠀⠀⠀⠀⠀⠀⠀⠀⠀⠀⣿⣿⡇⠀⠀⢸⣿⣿
⠀⠀⠀⠀⠀⠀⠿⠿⠿⠿⠿⠿⠇⠀⠀⠺⠿⠿⠿⠿⠿⠟
⠀⠀⠀⠀⠀⠀⣶⣶⣶⣶⣶⣶⣶⣶⣶⣶⣶⣶⣶⣶⣶⣦
⠀⠀⠀⢀⠆⠁⡄⢈⠩⣄⡈⠻⢄
⠀⠀⣀⡸⢜⣚⣚⢂⡚⠵⠤⢤⡲⠃
⠉⠉⢿⣧⣸⣿⣿⣿⠍⢷⣦⣁⣼⡿
⠀⠀⠀⠀⠀⠀⢶⣒⠒⠐⡩⠽⠟⡟⡩⡉⢙⣻⣿⣀
⠀⠀⠀⠀⠀⣴⠏⣴⢰⡘⣇⡸⡦⢽⣿⠷⠂⠁⠘⠛⢢⡀
⠀⠀⠀⣀⣀⣹⣧⠙⠮⢽⣚⠻⠄⠻⣍⢷⣰⡶⣮⢻⡾
⠶⠶⠶⣿⣿⣿⢨⣿⣿⣿⣿⣿⡿⠷⣬⣍⣀⠬⠋⢹⣶⣶
⠀⠀⠀⠻⣿⣿⣤⣽⣿⣿⣿⣿⡿⠂⠺⣿⣿⣤⣤⣾⣿⠟
⠀⠀⠀⠀⠀⠀⠀⠰⣖⠲⠶⣖⠒⢋⡭⢟⠿⡭⢉⠉⠙⠛⠯⣿⡀
⠀⠀⠀⠀⠀⠀⠀⣠⠼⢋⡅⡄⢸⡏⢠⡅⠘⢤⣧⣜⣈⡒⠃⢻⣿⣆
⠀⠀⠀⠀⠀⠀⢸⣿⠀⣾⠀⣷⠘⢧⣬⡭⢛⣽⣿⠛⠁⠀⠀⠀⣌⡩⣳
⠀⠀⠀⠀⣀⣀⣈⣿⣄⠙⠷⠭⠽⠛⠻⠤⠉⢻⣍⣻⣆⣶⣶⣦⠽⣿⡏
⣤⣤⣤⣤⣿⣿⣿⡇⠙⣷⣶⣿⣿⣭⣽⣷⣶⣄⡙⠒⠛⠙⢚⡿⢺⣥⣤⣤
⠋⠉⠉⠙⣿⣿⣿⡇⠸⢿⣿⣿⣿⣿⣿⣿⣛⠛⣿⣿⣶⡎⠉⠀⢸⣿⣿⣿
⠀⠀⠀⠀⠻⢿⣿⣿⣶⣾⣿⣿⣿⣿⣿⡿⠟⠀⠻⢿⣿⣷⣶⣶⣿⣿⡿⠟
⠀⠀⠀⣠⡶⠞⠛⣿⣟⣓⣂⢤
⣠⣤⣤⣿⣧⣤⣼⣿⢿⣯⣭⣭⣤⣀
⢿⣧⡴⠿⠤⠾⠿⠦⠿⠿⠦⠼⣤⠿
⠀⠀⠀⠀⠀⠀⢤⣴⣶⠖⠛⣿⣟⣛⣶⣶⣄⣀
⠀⠀⠀⠀⠠⣾⣿⠏⠀⠀⢠⣽⣯⣤⣤⡴⢦⣬⡿
⠀⣤⡤⣤⠼⣿⠿⣤⡤⣤⡬⣽⣿⣿⡿⣤⡤⣥⠤⣴⡆
⣾⣭⡍⠉⣭⣽⠋⠉⠭⠭⣿⠉⠩⢭⡭⣽⠉⠉⣛⠉⠉⣷
⠻⢿⣷⠾⠿⠿⠽⠿⠿⠿⠿⠽⠿⠿⠿⠿⠿⠿⠿⢶⡶⠟
⠀⠀⠀⠀⠀⠀⠀⠀⣠⣤⣴⡶⠶⠛⣛⣛⣛⣓⣲⣶⣄⣀
⠀⠀⠀⠀⠀⠀⣠⣶⣿⡛⠉⠀⠀⠀⣛⣿⣋⣉⣉⣡⣍⣉⡙⣷⡄
⠀⠀⡀⠀⠀⢀⣿⣿⣯⠀⠀⠀⠀⠨⢿⡿⣿⣿⣿⡉⠉⠙⠛⠋⢀⣀
⢀⣸⣿⣍⣿⣏⣿⣿⣽⣻⣏⣟⣻⣛⣿⣿⡿⢻⠯⣟⣏⣹⣿⣉⣿⣿⣀⡀
⢸⣷⣶⠀⠀⢰⣶⣿⣀⣀⣐⣒⣒⣯⣀⣀⣒⣛⣛⣺⣇⣀⢀⣭⡁⠀⢸⡇
⠘⠿⣭⠿⠯⠿⠯⠿⠟⠛⠚⠓⠛⠓⠒⠛⠒⠛⠚⠛⠿⠯⠿⠭⠿⣽⠟⠃
⣿⣿⣿⣿⣿⣿⣿⣿⣿⣿⣿⣿⣿⣿
⠉⠉⠀⠀⠀⢸⣿⣿⡇⠀⠀⠀⠉⠉
⠀⠀⠀⠀⠀⢸⣿⣿⡇
⠀⠀⠀⢠⣴⣿⣿⣿⣿⣦⡄
⣿⣿⣿⣿⣿⣿⣿⣿⣿⣿⣿⣿⣿⣿⣿⣿⣿⣿⣿⣿⣿⣿
⣿⣿⣿⠟⠛⠉⠉⠛⢿⣿⣿⣿⣿⡿⠛⠉⠉⠛⠻⣿⣿⣿
⠀⠀⠀⠀⠀⠀⠀⠀⢸⣿⣿⣿⣿⡇
⠀⠀⠀⠀⠀⠀⠀⠀⢸⣿⣿⣿⣿⡇
⠀⠀⠀⠀⠀⠀⠀⠀⣸⣿⣿⣿⣿⣇
⠀⠀⠀⠀⠀⣶⣶⣿⣿⣿⣿⣿⣿⣿⣿⣶⣶
⣿⣿⣿⣿⣿⣿⣿⣿⣿⣿⣿⣿⣿⣿⣿⣿⣿⣿⣿⣿⣿⣿⣿⣿⣿⣿⣿⣿
⣿⣿⣿⣿⡿⠿⠛⠛⠛⠿⢿⣿⣿⣿⣿⣿⣿⡿⠿⠛⠛⠛⠿⢿⣿⣿⣿⣿
⠉⠉⠉⠁⠀⠀⠀⠀⠀⠀⠀⣿⣿⣿⣿⣿⣿⠀⠀⠀⠀⠀⠀⠀⠈⠉⠉⠉
⠀⠀⠀⠀⠀⠀⠀⠀⠀⠀⠀⣿⣿⣿⣿⣿⣿
⠀⠀⠀⠀⠀⠀⠀⠀⠀⠀⠀⣿⣿⣿⣿⣿⣿
⠀⠀⠀⠀⠀⠀⠀⠀⠀⣀⣴⣿⣿⣿⣿⣿⣿⣦⣀
⠀⠀⠀⠀⠀⠀⢰⣿⣿⣿⣿⣿⣿⣿⣿⣿⣿⣿⣿⣿⣿⡆
⠀⠸⠿⠟⠛⠛⣿⢹⠛⠛⠻⠯⠇
⠀⣼⣿⣧⡀⠀⣿⢸⠀⣿⠳⣴⢿⡏
⠉⠉⠀⠈⢩⣤⣿⣼⣤⡍⠁⠀⠈⠉
⠀⠀⢸⣿⣭⣭⠭⠭⠭⣭⣭⠍⡭⠭⠭⠭⣭⣽⠛⡇
⠀⠀⢈⣉⣉⣁⠀⠀⠀⢸⣿⠀⡇⢀⣀⣀⡉⠉⠉⣁⣀⣀
⠀⢀⣼⣟⣻⣷⡀⠀⠀⢸⣿⠀⡇⠀⢸⣿⢿⣦⣾⠟⣿⡇
⠴⠾⠿⠉⠉⠽⠿⠶⠄⢸⣿⠀⡇⠠⠾⠿⠄⠙⠁⠴⠿⠧
⠀⠀⠀⠀⠀⠀⠀⢸⣿⣿⣿⣶⣿⣛⡇
⠀⠀⠀⣿⣯⣭⣭⣭⣭⣭⣭⣭⣭⣭⡭⣭⣭⣭⣭⣭⣭⣭⣽⠛⣿
⠀⠀⠀⠛⠛⠛⠻⠃⠀⠀⠀⠀⣿⣿⡇⣿⠀⠀⠀⠀⠘⠟⠛⠶⠟
⠀⠀⠀⣻⣿⣿⣿⡃⠀⠀⠀⠀⣿⣿⡇⣿⠀⠘⣿⣿⣿⣦⡀⣠⣾⣿⣿⠛
⠀⢀⣾⡿⠿⠾⠿⣿⣆⠀⠀⠀⣿⣿⡇⣿⠀⠀⣿⣿⠉⠻⣿⡿⠋⣿⣿
⠛⠛⠛⠓⠀⠀⠐⠛⠛⠛⠃⢀⣿⣿⡇⣿⡀⠘⠛⠛⠛⠀⠈⠀⠘⠛⠛⠛
⠀⠀⠀⠀⠀⠀⠀⠀⠀⢸⣿⣿⣿⣿⣷⣿⣿⣹⡇
⠉⡽⠒⠒⠒⠒⠒⠒⠒⠒⠒⠒⢺⡍
⠀⣿⠀⠀⠀⠀⠀⠀⠀⠀⠀⠀⢸⡇
⣤⣭⠙⠃⠀⠀⠀⠤⢤⣤⣀⡋⢭⣤
⣿⡁⠀⠀⠀⠀⠀⠀⠀⠙⠋⠋⠀⣿
⠿⢟⣠⡄⠀⠀⠀⠀⠀⠀⠠⣄⣺⠿
⠀⣿⠀⠀⠀⠀⠀⠀⠀⠀⠀⠀⢸
⠀⠿⢴⣖⣒⣒⣒⣒⣒⣒⣲⡦⠼
⠉⢩⣭⠭⠥⠤⠤⠶⠶⠶⠶⠶⠶⠶⠶⠦⠤⠤⠭⢭⣍⠉
⠀⢸⡇⠀⠀⠀⠀⠀⠀⠀⠀⠀⠀⠀⠀⠀⠀⠀⠀⠀⣿
⠀⢸⣇⣀⣀⡀⠀⠀⠀⠀⠀⠀⠀⠀⠀⠀⠀⣀⣀⣀⣿
⣤⣬⣭⠁⠿⠇⠀⠀⠀⠠⠤⠤⢤⣄⣀⣀⡀⠿⠀⣭⣥⣤
⣿⣿⠋⠔⠀⠀⠀⠀⠀⠀⠀⠀⠠⠀⠿⣿⠿⡿⠦⠈⢻⣿
⣿⣷⣌⠂⠀⠀⠀⠀⠀⠀⠀⠀⠀⠀⠀⠀⠀⠀⠀⢂⣼⣿
⠿⠿⠟⢀⣶⡆⠀⠀⠀⠀⠀⠀⠀⠀⠀⠀⠀⣶⡀⠻⠿⠿
⠀⢸⣿⠉⠉⠁⠀⠀⠀⠀⠀⠀⠀⠀⠀⠀⠀⠉⠉⢹⡇
⠀⢸⣿⠀⠀⠀⠀⠀⠀⠀⠀⠀⠀⠀⠀⠀⠀⠀⠀⢸⡇
⠀⠘⢛⣒⣒⣛⣛⣛⣛⣛⣉⣉⣙⣛⣛⣛⣛⣓⣒⡚⠓
⠋⠉⣉⣉⣩⣭⣭⣤⣤⣤⡤⠤⠤⠤⠤⠤⠤⠤⢤⣤⣤⣬⣭⣭⣉⣉⡉⠙
⠀⠀⣿⡇⠀⠀⠀⠀⠀⠀⠀⠀⠀⠀⠀⠀⠀⠀⠀⠀⠀⠀⠀⠀⠀⢹⡇
⠀⠀⣿⡇⠀⠀⠀⠀⠀⠀⠀⠀⠀⠀⠀⠀⠀⠀⠀⠀⠀⠀⠀⠀⠀⢸⡇
⠀⠀⣿⣇⣠⣤⣤⠀⠀⠀⠀⠀⠀⠀⠀⠀⠀⠀⠀⠀⠀⢀⣤⣤⣄⣼⡇
⣤⣤⣥⡄⠀⢸⠿⠀⠀⢀⣀⣀⣀⣀⣀⣀⣀⣀⣀⡀⠀⠸⢿⠀⢠⣤⣤⣄
⣿⣿⡿⠃⡀⠀⠀⠀⠀⠀⠀⠀⠀⠀⠀⠀⡀⠉⣿⣿⣿⣷⣶⣄⠘⠻⣿⣿
⣿⣿⡁⢸⠀⠀⠀⠀⠀⠀⠀⠀⠀⠀⠀⠀⠁⠈⠉⠘⠉⠙⠉⠈⠀⠀⣹⣿
⣿⣿⣷⡄⠑⠀⠀⠀⠀⠀⠀⠀⠀⠀⠀⠀⠀⠀⠀⠀⠀⠀⠀⠀⢡⣴⣿⣿
⠿⠿⠿⠃⠀⢸⣶⠀⠀⠀⠀⠀⠀⠀⠀⠀⠀⠀⠀⠀⠀⢰⣶⠀⠘⠿⠿⠿
⠀⠀⣿⡟⠋⠉⠉⠀⠀⠀⠀⠀⠀⠀⠀⠀⠀⠀⠀⠀⠀⠈⠉⠉⠛⣿⡆
⠀⠀⣿⡇⠀⠀⠀⠀⠀⠀⠀⠀⠀⠀⠀⠀⠀⠀⠀⠀⠀⠀⠀⠀⠀⣿⡇
⠀⠀⣿⡇⠀⠀⠀⣀⣀⣀⣀⣀⣀⣀⣀⣀⣀⣀⣀⣀⣀⡀⠀⠀⠀⣿⡇
⠀⠀⢛⣛⣉⣉⣉⣉⣉⣩⣭⣭⣭⣭⣭⣭⣭⣭⣍⣉⣉⣉⣉⣉⣛⡛⠃
⠀⠉⠑⠲⣤⣤⣤⣤⣤⣤⠖⠊⠉
⠀⠀⠀⠀⠀⠈⣿⣿⠁
⠉⠉⠉⠓⠲⢤⣄⣀⣀⣀⣀⣀⣀⣀⣀⣠⡤⠖⠚⠉⠉⠉
⠀⠀⠀⠀⠀⠀⠙⠛⠙⣿⣿⣿⣿⠋⠛⠋
⠀⠀⠀⠀⠀⠀⠀⠀⠀⠸⣿⣿⠇
⠉⠉⠉⠛⠲⠦⣤⣀⡀⠀⠀⢀⣀⣀⣀⣀⡀⠀⠀⢀⣀⣤⠴⠖⠛⠉⠉⠉
⠀⠀⠀⠀⠀⠀⠀⠩⢽⡿⠿⣿⣿⣿⣿⣿⣿⠿⢿⡯⠍
⠀⠀⠀⠀⠀⠀⠀⠀⠀⠀⠀⠙⢿⣿⣿⣿⠋
⠀⠀⠀⠀⠀⠀⠀⠀⠀⠀⠀⠀⢾⣿⣿⡷
⠀⠀⠀⣠⠿⠿⠿⠇⣀⣀⣄⣀
⢤⣤⣤⣱⣶⣿⡇⠀⣹⣿⣷⣿⣾⣇
⠀⠘⣯⣿⡿⣿⠇⠀⢿⡏⢸⣿⢸⠛
⠀⠀⠉⠉⠉⠉⠈⠻⢿⣿⡋⠉⠁
⠀⠀⠀⠀⠀⣀⣿⣿⣿⣿⣿⣇⣀⡀⣀⣀⣀⡀
⠀⠀⠀⠀⠀⢧⣤⣤⣤⣴⡄⠀⠨⣻⣯⣚⢖⣽⣭⣴⣶
⠉⠛⠿⡿⢟⣿⣟⣿⣿⣿⡇⠀⢰⣾⣿⠿⢿⣾⡿⢿⣿⣷
⠀⠀⠀⣵⠾⣿⡯⣙⢯⡟⠃⠀⠘⢛⣿⣇⢿⣿⢇⣸⠉⠁
⠀⠀⠀⠀⠀⠀⠀⠀⠀⠀⠀⠙⠿⠿⣿⣿⡁
⠀⠀⠀⠀⠀⠀⠀⢸⣿⣿⣿⣿⣿⣿⡇
⠀⠀⠀⠀⠀⠀⢰⠚⠛⠛⠛⠛⠛⠛⠛⠒⢒⣔⡶⣙⣛⡓⢶⠦⠄⣀⡀
⣀⣀⣀⣀⣀⣀⣘⣲⣶⣶⣿⣿⣿⠀⠀⠀⣉⡼⢞⣍⡛⡤⣿⣿⣷⣿⣷
⠉⠛⠿⢿⡿⠿⣿⣿⡿⠿⣿⣿⣿⠀⠀⠀⣶⣿⣿⠿⠿⣿⣾⠿⠿⢿⣿⣷
⠀⠀⠀⠈⢧⣄⣛⣛⡛⠻⡟⣻⣿⠀⠀⠀⣿⣿⣿⡇⢸⣿⣿⡇⠀⡿⠛⠋
⠀⠀⠀⠀⠓⠬⠭⠭⠥⠔⠃⠧⠤⠤⢤⣤⣤⣼⣿⣷⡬⠭⠭⠥⠖⠃
⠀⠀⠀⠀⠀⠀⠀⠀⠀⠀⠀⠀⠀⠀⠀⠙⠿⠿⣿⣿⡆
⠀⠀⠀⢦⣄⡀
⠀⠀⣀⣤⣽⣿⣿⣿⣶⣶⣤⣄⡀
⠠⢞⣿⣿⣿⣿⣿⣿⣿⠿⠿⢿⣿⣦
⠚⠉⠉⠉⠉⠀⠉⢹⣿⡶⠂⠈⠉⠁
⠀⠀⠀⠀⠰⣄⡀
⠀⠀⠀⠀⠘⠻⣿⣶⣤⣄⣀⡀
⠀⠀⠀⠀⠀⣀⣨⣿⣿⣿⣿⣿⣿⣷⣶⣦⣤⣄⡀
⠀⠀⣠⣶⣿⣿⣿⣿⣿⣿⣿⣿⣿⣿⣿⣿⣿⣿⣿⣷⡀
⢀⠾⢛⣻⣿⣿⣿⣿⣿⣿⣿⣿⣿⣿⣿⠿⠿⢿⣿⣿⣿⣦
⢠⡾⠿⠟⠛⠛⠛⠛⠉⠒⠿⠿⣿⣿⣄⣀⣀⠀⠼⠟⠛⠁
⠀⠀⠀⠀⠀⠀⠀⠀⠀⠀⠀⠶⣿⣿⣿⠟⠁
⠀⠀⠀⠀⠀⠐⣦⡀
⠀⠀⠀⠀⠀⠐⠿⣿⣷⣦⣄⣀⡀
⠀⠀⠀⠀⠀⠀⠀⠈⠛⣿⣿⣿⣿⣿⣷⣶⣶⣤⣤⣀⣀
⠀⠀⠀⢀⣠⣴⣶⣿⣿⣿⣿⣿⣿⣿⣿⣿⣿⣿⣿⣿⣿⣿⣿⣶⣤⡀
⠀⢀⣴⣿⣿⣿⣿⣿⣿⣿⣿⣿⣿⣿⣿⣿⣿⣿⣿⣿⣿⣿⣿⣿⣿⣷⣄⡀
⠠⠟⣋⣥⣶⣿⣿⣿⣿⣿⣿⡿⢿⣿⣿⣿⣿⡿⠟⠛⠛⠛⠻⢿⣿⣿⣿⡷
⣠⠾⠟⠛⠛⠋⠉⠉⠉⠉⠁⠚⠛⠛⠻⣿⣿⣷⣦⣤⣤⡤⠀⠚⠛⠛⠉
⠀⠀⠀⠀⠀⠀⠀⠀⠀⠀⠀⠀⠀⠒⠒⣻⣿⣿⡿⠿⠃
⣿⣿⣿⣿⢿⣿⣿⣿⣿⡿⣿⣿⣿⣿
⠉⠉⣿⣶⣶⣿⣿⣿⣿⣶⣶⣿⠉⠉
⠀⠀⠀⠀⢀⣿⣿⣿⣿⡀
⠀⠀⠀⢸⣿⣿⣿⣿⣿⣿⡇
⣿⣿⣿⣿⣿⣿⣿⣿⣿⣿⣿⣿⣿⣿⣿⣿⣿⣿⣿⣿⣿⣿
⠿⠿⠿⠿⠿⠏⠉⢹⣿⣿⣿⣿⣿⣿⡏⠉⠙⠿⠿⠿⠿⠿
⠀⠀⠀⣿⣿⣿⡿⢿⣿⣿⣿⣿⣿⣿⡿⢿⣿⣿⣿
⠀⠀⠀⠀⠀⠀⠀⢸⣿⣿⣿⣿⣿⣿⡇
⠀⠀⠀⠀⠀⠀⣶⣾⣿⣿⣿⣿⣿⣿⣷⣶
⠀⠀⠀⠀⠀⠀⣿⣿⣿⣿⣿⣿⣿⣿⣿⣿
⣿⣿⣿⣿⣿⣿⣿⣿⣿⣿⣿⣿⣿⣿⣿⣿⣿⣿⣿⣿⣿⣿⣿⣿⣿⣿⣿⣿
⣿⣿⣿⣿⣿⣿⣿⠿⠿⢿⣿⣿⣿⣿⣿⣿⣿⣿⡿⠿⠿⣿⣿⣿⣿⣿⣿⣿
⠉⠉⠉⠉⣉⣉⣉⣀⣀⣸⣿⣿⣿⣿⣿⣿⣿⣿⣇⣀⣀⣉⣉⣉⠉⠉⠉⠉
⠀⠀⠀⠀⣿⣿⣿⣿⡿⢿⣿⣿⣿⣿⣿⣿⣿⣿⡿⢿⣿⣿⣿⣿
⠀⠀⠀⠀⠀⠀⠀⠀⠀⢸⣿⣿⣿⣿⣿⣿⣿⣿⡇
⠀⠀⠀⠀⠀⠀⠀⢀⣀⣸⣿⣿⣿⣿⣿⣿⣿⣿⣇⣀⡀
⠀⠀⠀⠀⠀⠀⠀⢸⣿⣿⣿⣿⣿⣿⣿⣿⣿⣿⣿⣿⡇
⠀⠀⠀⠀⠀⠀⠀⢸⣿⣿⣿⣿⣿⣿⣿⣿⣿⣿⣿⣿⡇
⣴⠚⠉⡭⠭⠭⠭⠭⠭⠭⢭⠉⠓⣦
⣿⠀⠀⡇⠀⢲⡶⠷⡖⠀⢈⣉⣉⣉
⠻⢤⣀⣓⣒⣒⣒⣒⣒⣒⣚⣀⡤⠟
⣀⡤⠖⠋⠉⠉⠉⠉⠉⠉⠉⠉⠉⠉⠉⠉⠉⠉⠙⠲⢤⣀
⣿⠀⠀⠀⢸⡟⠉⠉⠉⠉⢉⡍⠉⠉⠉⠉⢻⣇⣀⣀⣀⣿
⣿⠀⠀⠀⢸⡇⠀⠐⠒⣶⣾⣿⣶⠒⠂
⣿⠀⠀⠀⢸⣧⣀⣀⣈⣉⣀⣀⣈⣁⣀⣀⣼⠏⠉⠉⠉⣿
⠉⠓⠦⣄⣀⣀⣀⣀⣀⣀⣀⣀⣀⣀⣀⣀⣀⣀⣠⠴⠚⠉
⢀⣀⡤⠖⠋⠉⠉⠉⠉⠉⠉⠉⠉⠉⠉⠉⠉⠉⠉⠉⠉⠉⠉⠙⠲⢤⣀⡀
⣿⡇⠀⠀⠀⠀⣶⠖⠒⠒⠒⠒⠒⠒⠒⠒⠒⠒⠒⠒⢲⣶⠀⠀⠀⠀⢸⣿
⣿⡇⠀⠀⠀⠀⣿⡇⠀⠀⣀⣀⣀⣼⣿⣄⣀⣀⡀⠀⠈⠋⠛⠛⠛⠛⠋⠉
⣿⡇⠀⠀⠀⠀⣿⡇⠀⠀⠀⣨⠿⠟⠛⠿⢯⡀⠀⠀⢀⣤⣤⣤⣤⣤⢤⣤
⣿⡇⠀⠀⠀⠀⠿⠦⠤⠤⠤⠤⠤⠤⠤⠤⠤⠤⠤⠤⠼⠿⠀⠀⠀⠀⢸⣿
⠈⠉⠓⠦⣄⣀⣀⣀⣀⣀⣀⣀⣀⣀⣀⣀⣀⣀⣀⣀⣀⣀⣀⣠⠴⠚⠉⠁
⠀⢀⣀⣠⡶⣲⣾⣿⠿⢟⣛⡉⣀⣀
⠈⢹⡿⠿⠿⠿⠤⠿⠵⠿⠿⠿⠿⠋
⠀⠀⠀⠀⠀⠀⢤⣤⠖⣶⣶⣲⣾⣯⡭⠿⠟⠛⠉
⠀⠶⣶⣶⣺⣿⢯⣥⣿⡟⠉⣽⣷⡘⣰⡶⣲⣶⣴⡖⣶⡶
⠀⠀⣿⣿⠿⠿⠼⠟⠛⠓⠒⠛⠓⠒⠛⠓⠛⠛⠛⠚⠛
⠀⠀⠀⠀⠀⠀⠀⢀⣀⣤⡤⢴⣶⠶⠶⣒⣚⣛⣫⣭⡿⠿⠛⠉
⠀⣀⣀⣀⣠⣤⡤⢶⣖⣛⣠⠾⣿⠿⢻⣿⡯⠭⢩⣤⡤⣤⣄⢀⣀⣤⣀⣀
⠀⠉⢹⣿⣿⣸⣿⡏⣿⣿⣿⣿⡇⠀⣿⣿⠓⢂⣿⡿⣰⣿⣿⣿⠞⣴⣿⠏
⠀⠀⠘⣿⣿⠻⠿⠷⠟⠛⠛⠛⠛⠛⠉⠉⠉⠋⠉⠉⠉⠉⠛⠛⠚⠛⠁
⠀⠤⣴⣶⣿⣿⠟⣿⣿⣿⣶⣶⣤⡄
⠀⠀⠀⠈⠉⠉⠙⠓⠧⣿⡶⠈⠉
⠀⠀⣀⣀⠤⢤⣶⢶⣿⣿⠟⢿⣟⠿⢷⣶⣶⡦⢤⣄⡀
⠀⠀⠈⠙⠛⠻⠿⠭⢶⣆⣴⡞⣩⠞⣫⡿⠛⠒⠿⠿⠟⠁
⠀⠀⠀⠀⠀⠀⠀⠀⠀⠀⠀⠉⠙⠲⣭⠭⠟
⠀⠀⠀⠀⠤⢄⣀⣒⣶⣶⣒⣒⣻⠝⣿⡿⢛⣒⣶⣶⡶⠤⣤⣀⡀
⠀⠀⠈⠭⢗⣒⣶⡿⠷⠖⢚⣋⠁⢀⣨⠝⠂⡤⠬⠿⣿⣟⣁⣦⠭⢿⡶⠄
⠀⠀⠀⠀⠀⠀⠈⠉⠉⠙⠛⠓⠲⠿⢯⣤⡞⠀⣞⣿⣁⣀⠀⠛⠉⠉
⠀⠀⠀⠀⠀⠀⠀⠀⠀⠀⠀⠀⠀⠀⠀⠀⠉⠳⡦⠤⠼⠋
⠛⢯⣩⠽⠿⣿⠉⣿⡿⠿⠯⣍⡽⠛
⠀⠀⠀⠀⠀⣿⠀⣿⣿
⠀⠀⠀⠀⠀⣿⠀⣿⣿
⠀⠀⠀⠀⠀⠹⢄⡿⠏
⠻⣯⣉⠉⣉⣭⣭⣭⣭⠉⠉⣭⣭⣭⣭⣭⣭⣉⠉⣉⣽⠟
⠀⠀⠉⠓⠻⠀⠀⠀⢸⠀⠀⣿⣿⡇⠀⠀⠀⠟⠚⠉
⠀⠀⠀⠀⠀⠀⠀⠀⢸⠀⠀⣿⣿⡇
⠀⠀⠀⠀⠀⠀⠀⠀⢸⠀⠀⣿⣿⡇
⠀⠀⠀⠀⠀⠀⠀⠀⢸⠀⠀⣿⣿⡇
⠀⠀⠀⠀⠀⠀⠀⠀⠈⠳⢄⡿⠞⠁
⠻⣯⣉⡉⢉⡉⣉⣉⣉⣉⣉⡉⠉⠉⣉⣉⣉⣉⣉⣉⣉⣉⢉⡉⢉⣉⣽⠟
⠀⠈⠛⠷⣤⣿⠋⠉⠉⠉⢹⡇⠀⠀⣿⣿⣿⡏⠉⠉⠉⠙⣿⣤⠾⠛⠁
⠀⠀⠀⠀⠀⠈⠀⠀⠀⠀⢸⡇⠀⠀⣿⣿⣿⡇⠀⠀⠀⠀⠁
⠀⠀⠀⠀⠀⠀⠀⠀⠀⠀⢸⡇⠀⠀⣿⣿⣿⡇
⠀⠀⠀⠀⠀⠀⠀⠀⠀⠀⢸⡇⠀⠀⣿⣿⣿⡇
⠀⠀⠀⠀⠀⠀⠀⠀⠀⠀⢸⡇⠀⠀⣿⣿⣿⡇
⠀⠀⠀⠀⠀⠀⠀⠀⠀⠀⠸⣇⠀⠀⣿⣿⣿⠇
⠀⠀⠀⠀⠀⠀⠀⠀⠀⠀⠀⠈⠳⢤⡽⠟⠁
⠀⠀⠀⠀⠀⣠⣴⣶⣿⣿⣿⣿⣶⣄
⣠⢔⡆⢠⣾⣿⣿⣿⣿⣿⣿⡯⡉⠉
⠉⢶⣾⠵⠻⢛⡿⠛⠻⠿⠿⠍⠄
⠀⠀⠀⠀⠀⠀⠀⠀⠀⣠⣴⣶⣾⣿⣿⣿⣿⣿⣷⣶⣤⡀
⠀⠀⣀⣀⠀⠀⢀⣴⣿⣿⣿⣿⣿⣽⣿⣿⣿⣿⠟⠻⠿⠟
⢴⣏⠡⢲⢭⡒⡻⣿⣿⣿⣿⣿⣿⣿⣿⣿⣿⣾⣍⠶
⠀⠸⢼⣿⡶⠾⠛⠳⢉⣿⡯⠙⠛⠛⠛⠿⠿⠧⠬⠂
⠀⠀⠀⠀⠀⠀⠀⠀⠀⠀⠀⠀⣀⣤⣶⣶⣾⣿⣿⣿⣿⣿⣿⣶⣶⣤⣀
⠀⠀⠀⠀⠀⠀⠀⠀⠀⢀⣴⣿⣿⣿⣿⣿⡿⣿⣿⣿⣿⣿⣿⣿⢿⣿⣿⡷
⢀⣤⡶⢖⣒⠦⣄⣠⣾⣿⣿⣿⣿⣿⣿⣻⣿⣿⣿⣿⣿⡟⣫⣥⣈⠉⠉
⠻⠯⣤⣋⡹⠓⠶⣩⣟⡿⣿⣿⣿⣿⣿⣿⣿⣿⣿⣿⣿⣿⣷⣶⡜⠁
⠀⠘⠷⣾⣿⡿⠿⠒⠚⠻⠥⣽⣿⡯⠉⠉⠉⠛⠛⠛⠿⠿⠦⠤⠋
⠀⠀⠀⠀⢧⠲⣶⣶⣶⣆
⠀⣈⠽⣫⢍⡭⣹⣾⣟⢽⣇⡤⣠⡄
⠈⠁⠀⠉⠀⢹⡄⠹⠿⠿⠟⠁⠈
⠀⠀⠀⠀⠀⠀⢹⡐⢤⣤⣤⣶⣦⣤⣄
⠀⠀⣠⣤⣤⣀⣀⣇⣀⣙⡟⡻⢟⣻⡛⣦
⠀⠀⢀⣴⠟⣡⡤⢈⣤⠄⣩⣾⡭⢚⡡⣽⠃⣀⡤⢔⣤⠄
⠀⠒⠛⠁⠘⠛⠒⠛⢳⡚⠛⠒⣮⣽⣶⣿⣻⡟⠒⠛⠓
⠀⠀⠀⠀⠀⠀⠀⠀⠘⣷⡀⠠⠛⠛⠛⠛⠁
⠀⠀⠀⠀⠀⠀⠀⠈⢻⠐⢤⣤⣤⣤⣤⣤⣄⣀⣀
⠀⠀⠀⠀⠀⠀⠀⠀⠘⣧⠀⠙⢿⡿⣿⣿⡿⠿⢿⣄
⠀⠀⠈⠉⢉⣽⡿⠛⠛⠻⠟⠛⠛⠵⣪⡴⢛⡿⠃⢿⣇⠀⠀⠀⢀⡀
⠀⠀⣀⣴⠟⠋⣴⡿⣋⣴⡾⢋⣠⣾⠿⣚⣩⣴⠚⣻⣇⣠⣶⠛⣩⣽⡟⠁
⠈⠉⠉⠁⠀⠀⠉⠉⠁⠈⠩⣿⡀⠉⠉⣵⣶⣾⣭⣭⣽⠶⠍⠉⠀⠉⠁
⠀⠀⠀⠀⠀⠀⠀⠀⠀⠀⠀⢻⣧⠀⠠⠛⠛⠛⠛⠛⠁
⣠⣤⣾⣿⣿⣿⣶⣶⣦⣤
⠙⢿⣿⣿⣯⣛⡿⢿⠿⠻⠲⠦⠴⠂
⠀⠀⠀⠉⠉⠛⠛⠷⡄
⠀⣀⣀⣤⣿⣿⣿⣷⣶⣦⣤⣄⣤⣄⣀⡀
⢼⣿⣿⣿⣿⣿⣿⣿⣯⣿⣿⣶⡦⠿⣿⡃
⠘⠿⣿⣿⣿⣿⣯⣍⡛⠳⢿⣛⣿⣶⠶⠬⠽⠶⠦⠴⠶⠤
⠀⠀⠈⠉⠛⠿⠿⣿⣿⣿⣶⣤⡁
⠀⠀⠀⠀⠀⠀⠀⠀⠀⠉⠉⠛⠻⠆
⠀⠀⣀⣀⣠⣿⣿⣷⣿⣷⣶⣶⣤⣤⣀⣀⣀⡀⢀⡀
⣰⣿⣿⣿⣿⣿⣿⣿⣿⣛⣟⣻⣻⣹⣍⣍⣹⣿⣿⡧
⠸⣿⣿⣿⣿⣿⣿⣿⠿⠿⢿⣽⣻⢿⡿⣿⣥⣩⣝⡓⠦⣤⣀⣀⣀⣀⣄
⠀⠈⠛⠿⣿⣿⣿⣿⣿⣶⣦⣤⣙⡛⠶⠾⠿⠋⠉⠛⠉⠛⠋⠉⠉⠉⠉⠉
⠀⠀⠀⠀⠀⠉⠉⠛⠛⠿⠿⣿⣿⣿⣷⣦⡀
⠀⠀⠀⠀⠀⠀⠀⠀⠀⠀⠀⠀⠀⠉⠉⠛⠻⡄
⠀⠀⠀⣴⢿⡆⠀⠀⢰⡿⣦
⠀⢠⣾⢟⢸⡇⠀⠀⢸⡇⡻⣷⡄
⣴⣿⢇⣙⣜⠷⢶⡶⠾⣣⣋⡸⣿⣦
⢹⣶⣋⣬⣥⣄⠀⠀⣠⣬⣥⣙⣶⡏
⠀⣿⣽⣟⣋⡁⠀⠀⢈⣙⣻⣯⣿
⢰⡿⣿⣿⠋⢶⣿⣿⡷⠙⣿⣿⢿⡆
⠀⠉⠛⢿⣤⣤⡿⢿⣤⣤⡿⠛⠉
⠀⠀⠀⠀⠀⣠⡟⢻⡆⠀⠀⠀⠀⢰⡟⢻⣄
⠀⠀⠀⠀⣴⣿⡇⢸⡇⠀⠀⠀⠀⢸⡇⢸⣿⣦
⠀⠀⢠⣾⣿⠏⠀⢸⡇⠀⠀⠀⠀⢸⡇⠀⠹⣿⣷⡄
⢀⡴⣿⣿⠁⠾⠇⢼⣇⣀⣀⣀⣀⣸⡧⠸⠷⠈⣿⣿⢦⡀
⣾⡙⠟⢇⡤⢶⡾⠖⠂⠀⠸⠇⠀⠐⠲⢷⡶⢤⡸⠻⢋⣷
⢈⣷⣾⡋⢠⣤⣠⣤⣀⡀⠀⠀⢀⣀⣤⣄⣤⡄⢙⣷⣾⡁
⠀⢹⣿⡰⣿⣷⡿⢿⠟⠁⠀⠀⠈⠻⡿⢿⣾⣿⢆⣿⡏
⠀⢘⣿⣿⣎⣩⣴⣤⠄⠀⠀⠀⠀⠠⣤⣦⣍⣱⣿⣿⡃
⠀⣿⢻⣏⣿⣿⠿⠁⣴⣿⣿⣿⣽⣶⠈⠿⣿⣿⣹⡟⣿
⠀⠛⢧⣙⣿⣿⠑⠀⠈⢻⣿⣿⡟⠁⠀⠊⣿⣿⣋⡼⠛
⠀⠀⠀⠈⠙⢿⣷⣶⡤⠾⠿⠿⠷⢤⣶⣾⡿⠋⠁
⠀⠀⠀⠀⠀⠀⠀⣴⡟⢻⡆⠀⠀⠀⠀⠀⠀⢰⡟⢻⣦
⠀⠀⠀⠀⠀⢀⣼⣿⡇⢸⡇⠀⠀⠀⠀⠀⠀⢸⡇⢸⣿⣧⡀
⠀⠀⠀⠀⣠⣿⣿⡟⠀⢸⡇⠀⠀⠀⠀⠀⠀⢸⡇⠀⢻⣿⣿⣄
⠀⠀⢀⣼⣿⣿⠏⢀⠀⢸⡇⠀⠀⠀⠀⠀⠀⢸⡇⠀⡀⠹⣿⣿⣧⡀
⠀⣴⢿⣿⣿⠁⠸⠿⠀⢸⣇⣀⣀⣀⣀⣀⣀⣸⡇⠀⠿⠇⠈⣿⣿⡿⣦
⣼⡏⢾⢿⡏⢀⣠⣴⣶⣤⠤⠀⠀⢸⡇⠀⠀⠤⣤⣶⣦⣄⡀⢹⡿⡷⢹⣧
⠙⣷⣀⣴⡾⠋⠀⠋⠁⠀⠀⠀⠀⠈⠁⠀⠀⠀⠀⠈⠙⠀⠙⢷⣦⣀⣾⠋
⠀⢿⣿⣧⢆⣤⣿⢶⣯⣿⣶⣤⠀⠀⠀⠀⣤⣶⣿⣽⡶⣿⣤⡰⣼⣿⡿
⠀⠀⣿⣿⡘⢿⣿⣿⠟⠻⠟⠁⠀⠀⠀⠀⠈⠻⠟⠻⣿⣿⡿⢃⣿⣿
⠀⠀⢻⣿⣿⣮⣋⣥⣴⣤⡤⠀⠀⠀⠀⠀⠀⢤⣤⣦⣬⣙⣵⣿⣿⡟
⠀⣴⡿⣿⡛⢿⣿⣿⣿⠁⣠⣴⣶⣶⣶⠒⢦⣄⠈⣿⣿⣿⡿⢛⣿⢿⣦
⠀⢿⣧⠙⢿⣾⣿⣿⡈⠀⠙⢿⣿⣿⣿⣿⡿⠋⠀⢁⣿⣿⣷⡿⠋⣼⡿
⠀⠀⠙⠳⢦⣿⣿⣗⠀⠀⠀⠀⣽⣿⣿⣯⠀⠀⠀⠀⣺⣿⣿⡴⠞⠋
⠀⠀⠀⠀⠀⠈⠻⢿⣷⣾⡥⠾⠿⠿⠿⠿⠷⢬⣷⣾⡿⠟⠁
⠀⠀⣀⣤⡶⠞⠛⢛⡛⠛⠳⠶⣦⡀
⠰⢾⣿⣇⠀⠀⣰⠯⢿⣄
⠀⠀⠉⠛⠷⢶⣤⣤⣤⣤⡶⠾⠛⠁
⠀⠀⠀⠀⢀⣠⣤⣶⡶⠿⠿⠟⠛⠛⠿⠿⠷⣶⣦⣤⣀
⢀⣠⣴⣾⣿⡟⠉⠀⠀⠀⢠⣾⠿⣷⡀⠀⠀⠀⠈⠉⠉⠁
⠀⠉⠻⢿⣿⣧⣄⡀⠀⠰⠿⠛⠛⠛⠿⠆⠀⠀⣀⣀⣀⡀
⠀⠀⠀⠀⠈⠙⠛⠿⠿⣶⣶⣶⣶⣶⣶⣶⡾⠿⠟⠛⠉
⠀⠀⠀⠀⠀⠀⢀⣀⣤⣴⣶⣶⡿⠿⠿⠿⠿⠿⠿⢿⣷⣶⣶⣤⣄⣀
⠀⠀⢀⣠⣴⣾⣿⡿⠛⠉⠁⠀⠀⠀⣴⣶⣶⣄⠀⠀⠀⠀⠉⠛⠿⠿⠷⠆
⠐⠾⣿⣿⣿⣿⣿⠀⠀⠀⠀⠀⢠⣾⣿⣥⣽⣿⣦⡀
⠀⠀⠀⠙⠻⢿⣿⣷⣦⣄⣀⠀⠉⠉⠀⠀⠀⠈⠉⠉⠀⣀⣠⣤⣶⣶⡶⠆
⠀⠀⠀⠀⠀⠀⠈⠉⠛⠻⠿⠿⣿⣿⣷⣶⣶⣾⣿⣿⠿⠿⠟⠛⠋⠁
⠀⠀⠘⣿⡟⠠⣤⣤⠄⠹⣿⠋
⣠⡴⠶⣿⡟⠛⢻⡟⠛⢛⣿⠒⠶⠂
⠈⠛⠶⣿⡧⣤⢼⡧⣤⣬⣿⠴⠶
⠀⠀⠀⠙⠷⣬⣿⣿⣧⠼⠟
⠀⠀⠀⠘⠛⣿⣿⠛⠀⣀⣀⣀⣀⠀⠛⢻⣿⡟⠃
⠀⠀⠀⠀⢀⣿⣿⣀⣀⣍⣿⣿⢩⣥⣀⣸⣿⣃⣀⡀
⢠⣴⡾⠛⠛⣿⣯⠉⠉⠁⣿⣿⠀⠈⠉⢹⣿⡍⠉⠛⠋
⠈⠻⠷⣦⣤⣿⣟⣀⣀⡀⣿⣿⢀⣀⣀⣸⣿⣇⣤⣤⣤
⠀⠀⠀⠀⠀⣿⣯⠉⠉⣉⣿⣿⣌⡉⠉⣹⣿⠏
⠀⠀⠀⠀⠀⠈⠛⠷⠶⣦⣤⣤⣤⠶⠾⠟⠋
⠀⠀⠀⠀⠰⠿⣿⣿⡿⠿⠂⠀⠀⠀⠀⠀⠀⠀⠿⢿⣿⣿⠿⠇
⠀⠀⠀⠀⠀⠀⣿⣿⡇⠀⠀⠸⠿⣿⣿⡿⠷⠀⠀⢸⣿⣿
⠀⠀⠀⣀⣠⣤⣽⣿⣷⣶⡶⠶⠆⣿⣿⡇⠶⠶⠶⣶⣿⣿⣶⣤⣤⣤⣀
⢠⣶⣿⠟⠋⠉⣽⣿⡇⠀⠀⠀⠀⣿⣿⡇⠀⠀⠀⢸⣿⣿⠀⠈⠉⠉⠁
⠈⠻⣿⣶⣤⣄⣻⣿⡇⠀⠀⠀⠀⣿⣿⡇⠀⠀⠀⠸⣿⣿⣀⣀⣀⣤⡀
⠀⠀⠀⠈⠉⠙⣻⣿⡿⠿⠿⠿⠇⣿⣿⡇⠿⠿⠿⢿⣿⣿⠛⠛⠛⠉⠉
⠀⠀⠀⠀⠀⠀⠻⣿⣷⣀⠀⠰⠶⠿⠿⠷⠶⠀⢀⣼⣿⡿
⠀⠀⠀⠀⠀⠀⠀⠈⠛⠻⠿⠷⢶⣶⣶⡶⠾⠿⠟⠛⠉
⢸⣿⡆⠀⣿⣿⠀⢸⣿⡿⠻⣿⣶
⢸⣿⡇⠀⣿⣿⠶⢸⣿⡷⣶⣿⠟
⠘⠿⠷⠶⣿⣿⠀⢈⣉⡁⠈⠻⠷⠄
⠀⠀⠀⠀⠻⣿⣦⣾⡿⠃
⢰⣶⣶⡆⠀⠀⣶⣶⣶⠀⠀⠀⣶⣶⣶⣶⣶⣶⣶⣦⡄
⢸⣿⣿⡇⠀⠀⣿⣿⣿⡀⠀⠀⣿⣿⣿⠀⠀⣸⣿⣿⡇
⢸⣿⣿⡇⠀⠀⣿⣿⣿⠿⠿⠀⣿⣿⣿⠿⢿⣿⣿⠛⠁
⠘⠿⣿⣷⣶⣶⣿⣿⣿⠀⠀⠀⠛⠛⠋⠀⠈⠻⣿⣷⣄
⠀⠀⠀⠀⠀⠀⣿⣿⣿⠀⠀⠀⣶⣶⣶
⠀⠀⠀⠀⠀⠀⠙⠻⠿⠿⠿⠿⠿⠟⠋
⠀⣶⣶⣶⡆⠀⠀⠀⣶⣶⣶⡆⠀⠀⠀⣶⣶⣶⣶⣶⣶⣶⣶⣶⣦⣄
⠀⣿⣿⣿⡇⠀⠀⠀⣿⣿⣿⡇⠀⠀⠀⣿⣿⣿⣿⠀⠀⠀⢹⣿⣿⣿
⠀⣿⣿⣿⡇⠀⠀⠀⣿⣿⣿⣷⣶⣶⡆⣿⣿⣿⣿⣶⣶⣶⣿⣿⣿⠿
⠀⣿⣿⣿⣇⠀⠀⢀⣿⣿⣿⡏⠁⠀⠀⣿⣿⣿⡿⠀⠈⢿⣿⣿⣦⡀
⠀⠉⠻⠿⠿⠿⠿⠿⣿⣿⣿⡇⠀⠀⠀⠀⠀⠀⠀⠀⠀⠀⠙⠿⠿⠷⠄
⠀⠀⠀⠀⠀⠀⠀⠀⣿⣿⣿⣇⠀⠀⠀⣿⣿⣿⣿
⠀⠀⠀⠀⠀⠀⠀⠀⠉⠛⠿⠿⠿⠿⠿⠿⠿⠛⠁
⠀⠀⠀⢀⣴⡆⠀⠀⠠⣤⣤⣶⡶⠃
⠀⢀⣴⡿⠛⠃⣀⣴⣾⠿⠛⠛⠁
⠀⠙⢻⣷⣶⣿⡛⠉⣠⣤⣤⡤⠤
⠠⣾⠟⠋⠉⠛⠿⠛⠋⠉
⠀⠀⠀⠀⠀⠀⢀⣴⡆⠀⠀⠀⠀⠀⣀⣀⣠⣤⣤⣶⡶⠃
⠀⠀⠀⠀⢀⣴⣿⣿⡇⠀⠀⠀⢀⣩⣿⣿⣿⣿⢟⠟⠁
⠀⠀⣠⣶⣿⡿⠋⠉⠛⣀⣤⣶⣿⣿⠿⠛⠉⠙⠋
⠀⠘⠛⠿⣿⣷⣦⣴⣿⣿⠿⠛⠉⢤⣤⣄⣀⣀⣀⣀⣀
⠀⠀⣀⣤⣾⣿⡿⢿⣿⣷⣤⣤⣴⣶⡿⠿⠛⠛⠉⠁
⠐⠻⡿⠟⠋⠁⠀⠀⠈⠻⠟⠛⠉
⠀⠀⠀⠀⠀⠀⠀⠀⢀⣠⡆⠀⠀⠀⠀⠀⠀⠀⠀⢀⣀⣀⣤⣤⣴⣶⡶
⠀⠀⠀⠀⠀⠀⢀⣴⣿⣿⢿⠀⠀⠀⠀⠀⠀⢛⣿⣿⣿⣿⣿⡿⣻⠏
⠀⠀⠀⠀⣠⣾⣿⣿⠟⠻⠼⠀⠀⢀⣠⣴⣾⣿⣿⡿⠟⠛⠯⠜⠁
⠀⠀⣴⣾⣿⣿⣯⣁⠀⢀⣠⣴⣾⣿⣿⡿⠟⠋⠁
⠀⠀⠀⠉⠙⠻⣿⣿⣿⣿⣿⣿⠟⠋⠁⠀⠀⢲⣶⣶⣶⣶⣶⣶⠶⠶⠂
⠀⠀⣀⣤⣶⣿⣿⠿⠛⠻⢿⣿⣿⣶⣶⣾⣿⡿⠿⠛⠛⠉⠁
⠀⠛⠿⠿⠛⠉⠀⠀⠀⠀⠀⠉⠛⠒⠋⠉
⡿⠟⠛⠋⠀⠀⠀⠀⠀⠀⠙⠛⠻⢿
⣦⣤⣤⡀⠀⠈⠀⠀⠁⠀⢀⣤⣤⣴
⣿⢧⣿⡾⢰⣯⡉⣴⣿⠇⣾⣿⢫⣿
⣿⣿⡿⠿⠿⠟⠉⠀⠀⠀⠀⠀⠀⠀⠀⠉⠻⠿⠿⢿⣿⣿
⣁⠀⠀⠀⠀⠀⠐⠆⠠⠄⠠⠄⠠⠄⠰⠂⠀⠀⠀⠀⠀⣈
⣿⣿⡿⣷⡶⣆⣀⢀⣀⣀⣀⠀⣀⣀⣀⡀⣰⣶⣾⡿⣿⣿
⣿⣿⢱⠿⠷⠿⠃⠿⠯⠬⠄⠼⠿⠿⠿⠠⠿⠿⠿⢃⣿⣿
⣿⣿⣿⣿⣿⡿⠿⠏⠉⠁⠀⠀⠀⠀⠀⠀⠀⠀⠈⠉⠹⠿⢿⣿⣿⣿⣿⣿
⠛⠉⠁⠀⠀⠀⠀⠀⢀⡀⢀⣀⠀⢀⡀⠀⣀⠀⣀⡀⠀⠀⠀⠀⠀⠈⠉⠛
⣷⣦⣤⣤⣀⣀⣀⠀⠀⠀⠀⠉⠀⠈⠁⠀⠁⠀⠀⠀⠀⣀⣀⣀⣤⣤⣴⣾
⣿⣿⣿⢋⣭⣭⢩⣥⡄⣠⣤⡤⣤⣤⠄⣤⣤⣤⣤⡤⢨⣭⣭⣭⣭⠛⣿⣿
⣿⣿⠏⠼⠿⠧⠿⠿⡁⠿⠿⠴⠦⠄⠼⠿⠿⠿⠿⠠⠿⠿⠿⠿⢇⣼⣿⣿
⠈⡽⠩⣽⡟⡩⣽⣥⡤⣄⡀
⠘⠳⠿⠿⣵⠡⣼⡿⠓⢛⣷⣶⣶⠶
⠀⠀⠀⠀⠈⠉⠉⣽⣃⣱⠛⠛⠁
⠈⠙⣿⠋⠉⢹⣿⡟⠉⠉⣿⠃
⠀⣰⠏⠀⢠⣿⡿⠀⠀⠘⢫⣭⣭⠉⠙⢲⡆
⠀⠛⠦⢤⠬⢭⢥⡴⠀⠀⣼⣿⠟⠛⠛⢛⣛⣛⣛⣛⣻⡗
⠀⠀⠀⠀⠀⠀⠘⠳⠦⠤⠭⢭⣴⠀⠀⢀⣩⣭⣹⡟
⠀⠀⠀⠀⠀⠀⠀⠀⠀⠀⠀⣼⣇⣀⣠⡟
⠈⠙⠛⣿⠋⠉⠉⣹⣿⡿⠉⠉⢉⣿⠃
⠀⠀⣼⠇⠀⠀⣰⣿⡿⠁⠀⠀⠾⠛⠒⠒⠒⠒⠲⢦⣄
⠀⣼⣏⡀⠀⠰⠿⠿⠃⢀⠀⠀⠀⢩⣿⣿⣧⣤⣤⣼⣯⣤⣤⣤⣤⣤⣤⡤
⠀⠀⠈⠙⠛⠛⠛⠛⣻⡟⠀⠀⠠⠿⠿⠏⠉⠀⠀⠐⢶⣶⣶⣶⣶⡶⠿⠁
⠀⠀⠀⠀⠀⠀⠀⠀⠈⠉⠛⠒⠒⠒⠒⣶⠏⠀⠀⢠⡶⠶⠶⠶⠟
⠀⠀⠀⠀⠀⠀⠀⠀⠀⠀⠀⠀⠀⠀⣼⣯⣠⣤⣤⡿⠁
⠊⣽⠆⣰⡟⠀⠀⠀⣠⣞⠝
⢸⣏⡠⣿⡠⣾⣉⢡⣟⡡⣾⣡⣿⡡
⠶⠛⣿⣶⠀⢠⣾⡟⠀⠀⠀⠀⠀⢀⣶⠟⣹⠂
⠀⣼⣿⠃⢠⣿⡟⠀⣠⡤⣶⡤⢠⣿⡿⠚⣡⡴⠶⣤⣶
⠰⣿⣧⡤⠿⣿⣤⠼⣿⣧⣤⠴⢿⣯⣤⠾⣿⣥⠼⣿⣥⠴
⣴⠞⢻⣿⣦⠀⠀⣰⣿⡿⠀⠀⠀⠀⠀⠀⠀⢀⣴⣿⠟⣿
⠈⠀⣼⣿⠏⠀⢰⣿⡿⠁⠀⠀⣀⣀⡀⠀⢠⣿⣿⣡⠞⠁⣀⣀⠀⢀⣀
⠀⣼⣿⡏⠀⢠⣿⣿⠁⢀⣶⣿⠋⠿⠟⢠⣿⡿⠋⢁⣴⣿⠟⢉⣿⣿⠏
⠀⢿⣿⣦⡴⠻⣿⣷⡤⠞⢿⣿⣤⡤⠶⠻⣿⣧⡴⠞⠿⣿⣤⠾⣿⣧⠴⠖
⠀⠀⢠⢖⡕⢄⣀⣀⡠⢪⡲⡄
⠀⣠⣿⣿⣶⠿⡿⢿⠿⣶⣿⣿⣄
⢺⡟⠉⠙⠑⠶⠃⠘⠶⠊⠋⠉⢻⡗
⠀⠙⠶⣤⣄⢄⣲⣖⡠⣠⣤⠶⠋
⠀⠀⠀⠈⠙⠧⣭⣭⠼⠋⠁
⠀⠀⠀⠀⢀⠴⣚⠲⣄⠀⠀⠀⠀⣠⠶⣓⠦⡀
⠀⠀⠀⣰⣫⣾⣏⣀⣽⣿⣿⣿⣿⣯⣀⣹⣷⣜⣦
⠀⢀⣴⣿⣿⣿⣿⠿⠛⢻⡏⢹⡟⠛⠿⣿⣿⣿⣿⣦⡀
⠰⣿⡛⠁⠈⠙⠀⠛⢷⠜⠃⠘⠣⡾⠛⠀⠋⠁⠈⢛⣿⠇
⠀⠙⢿⣤⣄⢀⡀⢀⠀⢠⣤⣤⡄⠀⡀⢀⡀⣀⣤⡿⠋
⠀⠀⠀⠉⠙⠷⣿⣦⡹⡶⣾⣷⢶⢎⣴⣿⠾⠋⠉
⠀⠀⠀⠀⠀⠀⠀⠉⠻⠦⣬⣭⠴⠟⠉
⠀⠀⠀⠀⠀⠀⣠⡴⠺⢦⡀⠀⠀⠀⠀⠀⠀⢀⡴⠗⢦⣄
⠀⠀⠀⠀⢠⡾⣡⣾⠟⠀⢹⣦⣴⣶⣶⣶⣴⡏⠀⠻⣷⣌⢳⡄
⠀⠀⠀⢀⣿⣾⣿⣿⣴⣶⣿⣿⣿⡿⢿⣿⣿⣿⣷⣦⣿⣿⣷⣿⡄
⠀⢀⣼⣿⣿⣿⣿⣿⠿⠟⠉⠉⢻⡇⠸⡟⠉⠉⠻⠿⣿⣿⣿⣿⣿⣧⡀
⠸⣿⣿⠛⠀⠀⠈⠣⠈⠙⢻⡦⠟⠀⠀⠻⢴⡟⠋⠁⠜⠁⠀⠀⠛⣻⣿⠇
⠀⠘⢿⣧⣀⡀⠀⠀⠀⠀⠀⠀⢀⣀⣀⡀⠀⠀⠀⠀⠀⠀⠀⣀⣼⡿⠃
⠀⠀⠀⠹⠟⢿⣦⣽⣦⡈⢢⣀⣙⣻⣟⣋⣀⡴⢁⣴⣯⣴⡿⠻⠏
⠀⠀⠀⠀⠀⠀⠉⠛⠿⣿⣦⠫⢙⣻⣟⡋⠝⣰⣿⠿⠛⠉
⠀⠀⠀⠀⠀⠀⠀⠀⠀⠀⠙⠻⠶⣶⣶⠶⠟⠋
⣿⡿⢉⣽⠞⣩⡷⠋⣽⠞⢩⣭⣉⣿
⣿⣀⣚⣃⡴⣟⣠⠞⣇⣐⣛⣩⣿⣿
⣿⢟⡵⠋⢉⢝⠵⠋⢉⢝⠔⠉⢉⢝⠔⠊⣉⢭⣍⡉⣹⢝
⣵⣏⣀⣐⣑⣁⡠⢖⣕⣁⣠⠔⠱⣁⣀⣘⣑⣉⣩⣟⣴⣿
⣿⣿⠟⡡⠂⠀⢀⠖⡠⠂⠀⢀⠖⡠⠂⠀⢀⡖⡠⠒⠂⢀⡀⡀⠀⠐⢪⠙
⡿⣡⠊⠀⢀⡴⣡⠎⠀⢀⡴⣡⠎⠀⠀⡴⣫⠞⠁⠀⡴⢋⠜⠷⠖⡔⢋⣾
⣄⡣⠄⠀⠈⠈⠁⠠⠴⠋⠼⠁⠀⠠⠊⠀⠧⠀⠀⠈⠁⠁⠀⠤⣊⣴⣿⣿
⠀⠀⠀⠀⢸⣶⡄
⢸⡇⠀⣻⢸⣿⣧⣄⡀⣽⢧⣠⢾⡇
⠀⠉⠈⢁⣰⣿⣏⣉⣁⣽⠊⠁⠈⠁
⠀⠀⠀⠀⠀⠀⠀⣿⡦⣄
⠠⣤⡄⠀⠀⣤⠀⣿⡇⣿⠀⠀⠀⠀⢠⣤⣄⠀⠀⣠⣤
⠀⢿⣇⣀⣀⡿⠀⠻⣇⣿⣻⣷⣲⠀⣸⡇⠻⣦⠞⢹⣿⡀
⠀⠀⠀⠀⠀⢀⣀⣾⣿⣿⣅⣀⣀⣀⣤⡾
⠀⠀⠀⠀⠀⠀⠀⠀⠀⣿⣦⣄⡀
⢀⣀⣀⡀⠀⢀⣀⣀⡀⣿⡯⢸⡇⠀⠀⠀⠀⠀⣀⣀⡀⠀⠀⠀⠀⣀⣀⡀
⠀⣿⣿⠀⠀⠀⢸⡇⠀⣿⣟⢸⣷⡤⢤⣀⠀⠀⢸⡟⢿⣦⡀⣠⠞⣿⣿
⠀⠙⠿⠦⠤⠤⠞⠁⠀⢙⣷⣼⣿⣿⠿⠮⠗⠠⠼⢧⡀⠹⠿⠃⠠⠿⠿⠄
⠀⠀⠀⠀⠀⠀⠀⣀⣠⣿⣿⣾⣯⣤⣤⣤⣤⣤⣴⣿⠃
⣠⠤⡖⣲⠉⠳⠋⢹⡍⠉⢲⠒⠤⣄
⢹⢀⣃⣾⣤⣷⣷⣾⣧⣯⣼⣄⡛⣯
⠀⠁⠻⢿⣿⣿⣿⣿⣿⣿⡟⠋⠈⠁
⠀⠀⠀⠀⠀⠛⠿⠛⠛⠛⠛⠂
⢀⣀⡤⡤⠖⢲⡒⠛⠲⡴⠋⢉⣿⠙⢓⡒⠲⡤⠤⢤⣀⡀
⢹⡆⠀⡿⠀⣿⠇⢀⣦⣠⣆⣠⣿⣀⣰⡂⢘⡇⠀⣷⣤⡗
⠘⠧⠴⢲⣾⣿⣿⣿⣿⣿⣿⣿⣿⣿⣿⣿⣿⣿⡖⠢⠤⠟
⠀⠀⠀⠈⠙⠛⠿⢿⣿⣿⣿⣿⣿⣿⣿⣿⣯⡀
⠀⠀⠀⠀⠀⠀⠀⠐⠛⠻⠟⠛⠛⠛⠋⠛⠉⠓
⠀⠀⢀⣀⣠⡤⠤⣶⠒⠒⠲⣄⡾⠛⠛⣻⡛⠒⠒⠲⠶⣤⣤⣄⣀
⢰⡟⠉⢩⡇⠀⢰⣿⡆⠀⡀⠉⢀⡀⠀⣿⡇⠀⢘⡃⠀⣼⠀⠀⣬⠉⢳⡆
⠈⣿⠀⠸⠇⠀⣸⣿⣁⣀⣿⣶⣿⣶⣶⣾⣥⣤⣬⣅⣀⣸⡀⠀⠿⠻⢿⡅
⠀⠻⠤⠶⢺⣿⣿⣿⣿⣿⣿⣿⣿⣿⣿⣿⣿⣿⣿⣿⣿⣿⣿⡗⠲⠤⠼⠃
⠀⠀⠀⠀⠘⠿⣿⣿⣿⣿⣿⣿⣿⣿⣿⣿⣿⣿⣿⣿⡿⠋⠉⠁
⠀⠀⠀⠀⠀⠀⠀⠀⠀⠸⣿⣿⣿⣿⣿⣿⣿⣿⣿⣿⢿⣷⡄
⠀⠀⠀⠀⠀⠀⠀⠀⠀⠈⠉⠉⠟⠋⠉⠉⠉⠉⠁⠈⠁⠀⠉
⠀⠀⢠⣤⣴⣾⣿⣿⣿⠿⡿⣶⣶⡄
⠀⠀⠚⠛⠛⢻⢻⠛⠛⠓⠲⠞⠋⠟
⠀⠀⠀⠀⣀⣀⣤⣤⣴⣿⣿⣿⣿⣿⣿⣿⣿⣶⣶⣦⣄
⠀⠀⠒⣩⣿⣿⣿⣿⣿⣿⣿⣿⣿⣿⣍⣛⣓⣚⣻⣿⣿⣧
⡌⢈⣈⣉⣙⣙⢋⡟⢹⡏⢸⠋⡙⣋⣛⢫⢋⡟⡏⠁⠛⠁
⠀⠀⠀⠀⠀⢀⣀⣠⣤⣤⣤⣾⣿⣿⣿⣿⣿⣿⣿⣿⣿⣷⣶⣶⣦⣤⣀
⠀⠀⠀⠊⣩⣿⣿⣿⣿⣿⣿⣿⣿⣿⣿⣿⣿⣿⣍⣋⣛⣒⣛⣻⣿⣿⣿⣦
⡜⠀⣁⢉⡛⡙⡋⡻⣉⡟⣉⣿⠁⢼⠋⣙⠋⡋⣫⢋⡟⢹⠋⣏⠁⠘⠛⠁
⢀⣴⣿⣿⣿⣟⣛⠛⠛⡓⢶⣦
⣼⣿⡿⠉⠁⠉⡩⠛⣹⣙⣏⣝⢳⣄
⠻⣟⡻⣤⣜⠀⠀⣰⣁⣀⣀⣼⣿⠟
⠀⠀⠉⠛⠚⠛⠛⢯⣙⣩⠇
⠀⠀⣰⣿⣿⣿⣾⣿⡿⠿⠿⠷⠶⠶⠶⢶⣶⣶⡄
⠰⣿⣿⣿⣿⡿⠿⠛⢿⣷⠶⠦⣤⣤⣼⣦⣾⣿⣿⣄⡀
⣴⣿⣿⣿⠋⠀⠀⢀⠀⠀⡔⠋⢀⡴⢤⣼⠦⡴⣌⢻⣿⣆
⢻⣿⡙⢿⣧⣀⣠⡏⠀⠈⠀⠀⡞⠀⠀⠀⠀⢀⣼⣾⣿⡿
⠀⠉⠻⠶⣭⣝⣛⣷⣤⣀⣠⣾⠷⢶⠶⣿⡿⠛⠛⠛⠉
⠀⠀⠀⠀⠀⠈⠉⠉⠉⠉⠙⠿⣬⣍⣥⠾⠋
⠀⠀⢀⣴⣿⣿⣿⣷⣾⣿⣿⡿⠿⠿⠶⠶⠶⠶⢶⣶⣶⣶⣦⡄
⢠⣶⣿⣿⣿⣿⣿⣿⣿⡿⣿⣶⢦⣤⣄⣀⣀⣀⣰⣤⣭⣿⣿⣿⣆
⢀⣼⣿⣿⣿⡿⠋⠁⠀⠀⠈⠉⠉⣡⠖⠚⠉⣽⡋⣙⣏⣉⣉⡙⢿⣷⣦⡀
⣿⣿⡛⣿⣿⣇⠀⠀⠀⡴⠃⠀⠸⠁⠀⢠⡖⠫⠙⠛⠒⠛⠊⢳⣄⣿⣿⣷
⠘⢿⣷⣌⡻⢿⣷⣤⣼⡇⠀⠀⠀⠀⢀⡿⠀⠀⢀⣀⣄⣀⣴⣿⣿⣿⣿⠟
⠀⠀⠈⠙⠻⠷⣦⣭⣭⣻⣶⣤⣤⣶⣿⠟⢛⣟⠛⢻⣿⡋⠉⠉⠉⠁
⠀⠀⠀⠀⠀⠀⠀⠀⠀⠉⠉⠉⠉⠙⠻⢶⣭⣬⣤⠾⠟⠁
⠀⠀⠀⠐⠛⣿⣿⢿⣶⣄
⠀⠀⠀⠀⠰⢯⣭⣿⣟⣿
⣜⣹⣟⣽⣩⣚⣹⣋⣿⣷⣏⣿⣻⠏
⠀⠀⠀⠀⠀⠐⠒⠿⣿⣿⣿⣿⣷⣦⣄
⠀⠀⠀⠀⠀⠀⠀⢰⡿⠿⠗⢲⣽⣿⣿⡇
⠀⣀⣀⡀⣀⣀⣀⣚⢛⣿⣿⣿⡿⠷⢽⣷⣄⣀⣀⣀⣀⣀
⣼⣃⣚⣓⣃⣼⣃⡤⣝⣋⣼⣁⣚⣛⣓⣾⣃⣾⣿⣋⡿⠁
⠀⠀⠀⠀⠀⠀⠀⠤⢶⣾⣿⣿⣿⣿⣿⣶⣦⣄⡀
⠀⠀⠀⠀⠀⠀⠀⠀⠀⠈⡹⠿⣟⣛⠛⢻⣿⣿⣿⣆
⠀⠀⠀⠀⠀⠀⠀⠀⠀⢼⡵⠛⠒⠀⢙⡲⣿⢿⣿⡏
⠀⠀⠀⠀⠀⠀⠀⠀⠀⠾⠷⢲⡶⣾⣿⣿⣿⣥⣙⠷⠄
⠀⣼⠋⣹⠏⣼⠋⣹⠏⠓⢦⣾⠟⢻⡟⢉⣉⣉⣉⣉⣿⠋⣩⣭⣭⣭⣽⠏
⢾⣁⣈⣉⣉⣁⣴⣏⣠⡶⢤⣈⣠⣿⣀⣈⣉⣉⣉⣿⣇⣘⣛⣛⣃⣼⠏
⠀⠀⠀⢀⣤⣤⡾⢷⣤⣤⡀
⠈⠻⣿⣿⣏⡙⠄⠰⢋⣹⣿⣿⠟⠁
⠀⠀⠈⠛⢿⣿⡞⢻⣿⡿⠛⠁
⠀⠀⠀⠀⠀⠙⢿⡿⠋
⠀⠀⠀⠀⠀⠀⢀⣠⣄⣴⣾⣷⣦⣠⣄⡀
⠠⣤⣤⣤⣤⣴⣿⡿⣿⡟⠁⠈⢻⣿⢿⣿⣦⣤⣤⣤⣤⠄
⠀⠈⠻⢿⣿⣿⣿⣧⣈⠛⢀⡀⠛⣁⣼⣿⣿⣿⡿⠟⠁
⠀⠀⠀⠀⠙⠿⣿⣿⣿⡷⡟⢳⢾⣿⣿⣿⠿⠋
⠀⠀⠀⠀⠀⠀⠈⠻⣿⣿⣆⣰⣿⣿⠟⠁
⠀⠀⠀⠀⠀⠀⠀⠀⠀⠙⢿⡿⠋
⠀⠀⠀⠀⠀⠀⠀⠀⠀⣀⣄⣠⣴⣾⣷⣦⣄⣠⣀
⢀⣀⣀⣀⣀⣀⣀⣴⣿⣿⣿⣿⠟⠋⠙⠻⣿⣿⣿⣿⣦⣀⣀⣀⣀⣀⣀⡀
⠀⠙⠿⣿⣿⣿⣿⣿⣿⡇⠙⠿⡆⠀⠀⢸⠿⠋⢹⣿⣿⣿⣿⣿⣿⠿⠋
⠀⠀⠀⠈⠙⢿⣿⣿⣿⣿⣳⣦⣀⣴⣦⣀⣴⡞⣿⣿⣿⣿⡿⠋⠁
⠀⠀⠀⠀⠀⠀⠈⠻⢿⣿⣿⣿⡛⠋⠙⢛⣿⣿⣿⡿⠟⠁
⠀⠀⠀⠀⠀⠀⠀⠀⠀⠙⠻⣿⣿⣦⣴⣿⣿⠟⠋
⠀⠀⠀⠀⠀⠀⠀⠀⠀⠀⠀⠈⠙⢿⡿⠋⠁
⡉⠉⡅⢠⠀⠀⠀⢠⠀⣠⠌⠉⠉⢛
⡇⠀⢁⣌⣤⣤⣤⣤⣤⣍⣀⠀⢀⣿
⠛⠛⠉⡉⠉⢀⡀⠀⠀⠀⠀⢀⡄⠀⢠⣄⡉⠉⠉⠙⠛⠻
⡆⠀⠀⡇⠀⢸⠇⠀⠤⠀⠀⠸⠇⠀⠸⡏⠁⠀⠈⠀⢀⣶
⣇⠀⠀⢁⣠⣦⣤⣶⣶⣷⣶⣶⣶⣶⣤⣤⣄⡀⠀⢀⣾⣿
⠿⠟⠛⠛⠉⠉⠉⢀⠀⠀⠀⠁⠀⠀⠀⣀⠀⠀⢀⣈⠉⠉⠉⠙⠛⠻⠿⢿
⣤⠀⠀⢰⡷⠀⠀⣸⠀⠀⠀⠀⠀⠀⠀⡇⠀⠀⢸⣿⠷⠀⠀⠐⠆⠀⠀⣀
⡿⠀⠀⢸⠇⠀⠀⠛⠀⠀⠈⢠⠀⠀⠀⠁⠀⠀⠘⠋⠀⠀⠀⠀⠀⠀⣼⣿
⣧⡀⠀⠀⣀⣤⣾⣶⣶⣾⣿⣿⣿⣿⣿⣿⣿⣷⣶⣶⣤⣤⠀⠀⠀⣼⣿⣿
⣤⣶⣿⠿⠿⠿⠿⢿⣷⣦
⠻⠿⣿⣶⣶⣶⣶⣶⣤⣄
⢶⣶⣶⣀⣶⣿⣿⣿⣿⣿⠿⣿⣷⣦
⠀⠈⠉⠉⣿⣿⡏⠉⠉
⠀⠀⠀⠀⠻⢿⣷⣶⣶⣶⣶⣿⠿⠛
⢀⣤⣴⣾⣿⣿⣿⣿⣿⣿⣿⣿⣿⣶⣤⣀
⢸⣿⣿⣿⡏⠀⠀⠀⠀⠀⠀⠸⠿⠿⠿⠿
⠘⠿⣿⣿⣿⣶⣶⣶⣶⣶⣶⣶⣶⣶⣤⣀
⢠⣤⣤⣬⡍⠉⢉⣩⣽⣿⣿⣿⣿⣿⣿⣿⢰⣶⣶⣤⣄⡀
⠘⠿⣿⣿⣷⡆⣿⣿⣿⣿⣯⣾⣿⣿⡿⠟⠈⢹⣿⣿⣿⡇
⠀⠀⠀⠉⠉⠁⣿⣿⣿⣿⡏⠉⠉⠁
⠀⠀⠀⠀⠀⠀⣿⣿⣿⣿⡇⠀⠀⠀⠀⠀⠀⣰⣶⣶⣶⡆
⠀⠀⠀⠀⠀⠀⠉⠛⠿⣿⣿⣿⣿⣿⣿⣿⣿⣿⣿⠟⠛⠁
⠀⢀⣠⣴⣾⣿⣿⣿⣿⣿⣿⣿⣿⣿⣿⣿⣷⣦⣄⡀
⢸⣿⣿⣿⣿⣿⠛⠛⠛⠛⠛⠛⠛⠛⠛⣿⣿⣿⣿⣿⡆
⢸⣿⣿⣿⣿⣿⠀⠀⠀⠀⠀⠀⠀⠀⠀⠛⠛⠛⠛⠛⠃
⠘⠻⢿⣿⣿⣿⣿⣿⣿⣿⣿⣿⣿⣿⣿⣿⣿⣶⣤⣀
⠀⡀⠀⠈⠉⡉⠉⠉⠉⠉⣉⣽⣿⣿⡏⣿⣿⣿⣿⣿⡇⣤⣤⣤⣄⡀
⢸⣿⣿⣿⣿⣿⣀⢠⣶⣿⣿⣿⣿⢿⣇⣿⣿⣿⣿⣿⡇⠿⣿⣿⣿⣿⣷⡄
⠈⠛⠿⣿⣿⣿⣿⡷⣿⣿⣿⣿⣿⢸⣿⣿⣿⡿⠟⠋⠁⠀⠿⠿⠿⠿⠿⠇
⠀⠀⠀⠀⠉⠉⠉⢸⣿⣿⣿⣿⣿⠈⠉⠉⠉
⠀⠀⠀⠀⠀⠀⠀⢸⣿⣿⣿⣿⣿⠀⠀⠀⠀⠀⠀⠀⠀⠀⣤⣤⣤⣤⣤⡄
⠀⠀⠀⠀⠀⠀⠀⠸⣿⣿⣿⣿⣿⣤⣤⣤⣤⣤⣤⣤⣤⣤⣿⣿⣿⣿⣿⡇
⠀⠀⠀⠀⠀⠀⠀⠀⠈⠙⠻⢿⣿⣿⣿⣿⣿⣿⣿⣿⣿⣿⣿⡿⠟⠋⠁
⠀⠀⢀⣤⠴⠶⠖⠒⠂
⠀⢶⡿⠁⠀⠀⢀⡖⠂
⠀⠀⠉⠀⠀⠀⠀⠁
⠀⠀⠀⠀⢀⣀⣰⣶⣶⠶⠶⠶⠶⠇
⢀⣀⣠⣴⡿⠛⡩⠂⠀⠀⠀⣀⣠⡄⠀⠀⠀⠁⠑⠄
⠀⠙⠻⢿⡇⠘⠀⠀⠀⠀⠸⣏⠀⠀⠀⠀⠒⠤⡀⢀⠀⠐
⠀⠀⠀⠀⠉⠀⠀⠀⠀⠈⠒⠀⠁⠀⢄
⠀⠀⠀⠀⠀⠀⠀⠀⠠⣤⣤⣤⣤⣤⣤⣤⣼⠒⢄
⠀⠀⠀⠀⠤⣶⣶⣿⠿⢛⡋⠉⠉⠀⠀⠀⠀⠀⠀⠀⠀⢑⡂⢄
⢀⣀⣠⣶⣿⣿⠋⢀⠖⠁⠀⠀⠀⠀⣠⣤⣶⠂⠀⠀⠀⠀⠈⠈⠂⢄
⠀⠘⠿⣿⣿⡇⠀⡎⠀⠀⠀⠀⠀⢸⡟⠉⠈⠁⠒⠀⠤⢤⣀⠀⠀⠀⠉⢢
⠀⠀⠀⠀⠙⠷⢄⡀⠀⠀⠀⠀⢆⠀⠑⠤⣀⠀⠀⠀⠀⠀⠈⠢⠘⠃⠘⠁
⠀⠀⠀⠀⠀⠀⠀⠀⠀⠀⠉⠉⠉⠉⠀⠐⠂⠁⠦
⢀⣀⣠⣤⣒⣛⣻⣟⣛⣒⣤⣀⣀⡀
⠀⠉⠻⣿⣿⣯⠟⠻⣽⣿⣿⠟⠉
⠀⠀⠀⠀⠉⠑⢼⡧⠊⠉
⠀⠀⠀⠀⠀⡀⣴⠶⠾⢿⢿⡿⡿⠷⠶⣤⢀
⠐⠶⣶⣶⣿⣷⣶⡶⢶⣶⣿⣿⣶⡶⢶⣶⣾⣿⣶⣶⠶⠂
⠀⠀⠈⠻⢿⣿⣿⣷⣷⣬⠿⠿⣥⣾⣾⣿⣿⡿⠛⠁
⠀⠀⠀⠀⠀⠙⠛⠿⢟⡁⢸⡇⢈⡻⠟⠛⠋
⠀⠀⠀⠀⠀⠀⠀⠀⠀⠙⢿⡿⠋
⠀⠀⠀⠀⠀⠀⠀⣠⣤⣶⣶⣿⡿⢿⡿⢿⣿⣶⣶⣤⣀
⠠⣤⣤⣤⣤⣴⣿⣬⣅⣀⣀⣤⣤⡾⣷⣤⣤⣀⣀⣬⣥⣿⣦⣤⣤⣤⣤⠄
⠀⠀⠙⠻⣿⣿⣿⣿⣷⣎⣭⣙⢷⣿⣿⡿⣋⣭⣱⣾⣿⣿⣿⣿⠟⠋
⠀⠀⠀⠀⠈⠙⠿⣿⣿⣿⣿⡿⠛⢩⡍⠛⢿⣿⣿⣿⣿⠿⠋⠁
⠀⠀⠀⠀⠀⠀⠀⠈⠉⠙⠫⢅⡀⣼⣇⢀⡨⠟⠋⠉⠁
⠀⠀⠀⠀⠀⠀⠀⠀⠀⠀⠀⠀⠙⢿⡿⠋
⠀⠀⠀⢸⠉⠉⠳⠤⠀⠀⠄⣀
⠸⠿⣿⢿⣿⡿⠿⠿⠿⠿⠿⣿⠿⠋
⠀⠀⠀⠉⠀⠈⠢⣀⣠⡒⠉
⠀⠀⠀⠀⠀⢸⠉⠉⠉⠉⣇
⢀⣀⣀⣀⣀⣸⣄⣀⣀⣀⣈⣉⣉⣉⣉⣉⣉⣑⣆⣀⣀⣀
⠀⣞⣾⣿⣽⢏⣟⣿⣻⣯⣿⣿⣾⣯⣿⣿⣿⣷⣿⣿⠟⠁
⠀⠀⠀⠙⠒⠴⠋⠉⠓⣄⠀⠀⠀⠀⢀⡠⠴⠚⠉
⠀⠀⠀⠀⠀⠀⠀⠀⠀⠀⠹⢄⣴⣐⣇
⠀⠀⠀⠀⠀⠀⠀⣿⠉⠉⠉⠉⢹⡇
⠀⠀⠀⠀⠀⠀⠀⣿⠀⠀⠀⠀⠈⠉⠓⠒⠒⠒⠲⠒⠒⠲⠦⣄
⠈⢹⣟⣿⣿⢟⣿⢿⡿⣿⡿⣿⢿⣿⣿⣿⣿⢞⣿⣿⣿⣿⣟⣿⣿⣿⡿⠋
⠀⠛⠾⠿⢿⡛⠋⠾⣷⣿⣱⠿⠾⠛⠾⠿⠿⠾⠿⠿⠟⠛⣷⡿⠞⠋
⠀⠀⠀⠀⠀⠉⠙⠋⠁⠀⠈⠱⢤⡀⠀⠀⠀⢀⣠⠴⠚⠉⠁
⠀⠀⠀⠀⠀⠀⠀⠀⠀⠀⠀⠀⠀⠹⢤⣴⣂⣸⣄
⠀⠠⠤⠶⠶⠶⣾⠷⠒⣒⠒⢒⣀⣀
⢈⣿⠏⣸⡟⢰⡏⢨⣿⢏⠁⣽⠟⠋
⠸⠿⠶⠟⢠⡿⠀⠛⠉⠉⠀⠁
⠀⠀⢀⣤⡤⠤⠤⠤⣶⣶⣶⣷⡶⠶⠶⠶⠤⠤⠤⠤
⠠⠶⣶⣶⠆⢀⣶⡶⠀⣼⡟⠀⢶⣶⣖⡒⠂⢐⣿⣟⣻⠇
⠀⣼⣿⠏⢀⣾⡿⠁⣰⡿⠁⣠⣿⣿⣭⣤⠀⠼⠟⠉
⠈⠻⠿⠿⠿⠛⠁⠰⠿⠃⠈⠉⠉
⠀⠀⠀⢀⣀⣀⣠⣤⣤⣤⣤⣴⣶⣶⣾⣶⣶⣤⣤⣤⣤⣤⣤⣤⣀⣀
⠀⢀⣤⣥⣤⡤⠀⢀⣤⣤⠍⠉⣽⣿⠉⣩⣤⣤⣤⣤⡤⠀⣤⣴⣶⣶⣶⡆
⠈⠉⣽⣿⡿⠁⢀⣾⣿⠏⠀⣸⣿⠃⠀⢨⣿⣿⣶⠆⠀⠀⣰⣿⠷⠞⠋
⠀⣼⣿⣿⣁⣠⣼⣿⠏⠀⣰⣿⠏⢀⣴⣾⣿⠷⠶⠾⠇⠐⠛⠋
⠀⠙⠿⠿⠿⠛⠛⠁⠀⠤⠿⠟
⠀⣀⣴⣶⣿⣿⣿⣶⣤⣀
⠀⠀⠛⠛⠻⠿⣿⡿⠯⠽⠒⠒⠒⠂
⠀⠀⢀⣐⣲⣶⣿⣿⣿⣿⣶⣶⣤⣀
⠀⠐⣒⣺⣿⣿⣿⣿⣿⣿⣿⣏⣿⡿⠷⠶⠦⠤⠤⢄⣀
⠀⠀⠀⠀⠉⠉⠙⠛⠿⢿⣿⡿⠿⠟⠛⠛⠛⠉⠉⠉⠉⠁
⠀⠀⠀⠀⠠⠤⢤⣬⣭⣿⣿⣿⣶⣶⣦⣤⣀
⠀⠤⢬⣭⣽⣿⣿⣿⣿⣿⣿⣿⣿⣿⡿⣿⣿⣷⣤⣄⣀⡀
⠀⠀⠠⠤⠿⢿⣿⣿⣿⣿⣿⣿⣿⣿⣷⣾⣟⣋⣉⣉⣉⣉⣉⣉⣓⣲⣤⡀
⠀⠀⠀⠀⠀⠀⠀⠀⠉⠙⠛⠿⢿⣿⠿⠿⠓⠒⠋⠉⠉⠉
⠀⢹⣿⣿⣿⠇⠀⠀⠀⣿⣿⣿⡿
⣿⠾⠷⠀⣿⠡⠟⠙⠧⣹⡇⢹⣏⣋
⠀⠸⠿⣿⣿⣧⣤⣤⣴⣿⣿⠿⠟
⠀⠀⣿⣿⣿⣿⣿⣿⣿⠀⠀⠀⠀⢸⣿⣿⣿⣿⣿⣿⡇
⣶⣖⣒⣿⡍⠛⢻⣿⠒⣲⣶⢲⣦⡒⢺⣿⠟⠛⣿⣗⣒⡒
⠛⠓⣚⣿⣥⣤⣬⣭⣌⠉⠀⠀⠈⢩⣬⣭⣤⣤⣿⣗⡒⠒
⠀⠀⠛⠿⠿⣿⣿⣿⣿⣶⣶⣶⣶⣾⣿⣿⣿⡿⠿⠟⠃
⠀⠀⢸⣽⣿⣿⣿⣿⣿⣿⢹⠀⠀⠀⠀⠀⠀⢸⢹⣿⣿⣿⣿⣿⣿⣽⠂
⠀⠀⠸⠻⠿⠿⠿⠿⠿⠿⠸⠀⠀⠀⠀⠀⠀⠸⠸⠿⠿⠿⠿⠿⠿⠻⠂
⣿⣿⣉⣹⣿⣃⠉⠉⣿⣿⠉⢉⣵⣟⣙⣿⣏⠉⢹⣿⡏⠉⠙⣿⣯⣉⣉⡉
⠶⠿⠤⠾⠛⢋⣀⣀⣛⣛⢀⠛⠋⠉⠉⠉⠛⢓⢈⣛⣃⣀⣀⠛⠷⠦⠤⠤
⠀⠀⢸⢿⣿⣿⣿⣿⣿⣿⣼⣄⠀⠀⠀⠀⢀⡼⣼⣿⣿⣿⣿⣿⣿⢿⠆
⠀⠀⠀⠑⠻⠿⠿⣿⣿⣿⣿⣿⣿⣿⣿⣿⣿⣿⣿⣿⣿⡿⠿⠿⠓⠁
⢺⣿⣿⠀⠚⢻⣿⣿⠛⣿⣿⡟⠛⠋
⠸⣿⣿⣤⣤⣼⣿⣿⠀⣿⣿⡇
⢴⣿⣿⣿⡇⠀⠸⠿⢿⣿⣿⣿⡿⠿⢿⣿⣿⣿⡿⠿⠿⠋
⢰⣿⣿⣿⡇⠀⠀⠀⢸⣿⣿⣿⠀⠀⢸⣿⣿⣿
⠘⢿⣿⣿⣷⣶⣶⣶⣾⣿⣿⣿⠀⠀⢸⣿⣿⣿
⣠⣟⣿⣿⣿⡇⠀⠀⢸⣟⣿⣿⣿⣿⣿⣿⣿⣿⣿⣿⣿⣿⣿⣿⣿⣿⣿⠏
⠀⣿⣿⣿⣿⡇⠀⠀⠀⠀⠈⣿⣿⣿⣿⡇⠀⠀⢸⣿⣿⣿⣿
⠀⣿⣿⣿⣿⡇⠀⠀⠀⠀⢀⣿⣿⣿⣿⡇⠀⠀⢸⣿⣿⣿⣿
⠀⠻⣿⣿⣿⣿⣿⣿⣿⣿⣿⣿⣿⣿⣿⡇⠀⠀⢸⣿⣿⣿⣿
⡄⠀⠀⡼⠿⠿⠿⡄⠀⠀⡼⠿⠿⠿
⣇⠀⠀⠷⠀⠀⠰⠇⠀⠀⣷⠀⠀⢰
⣿⣷⣶⣶⣄⠀⠐⠒⠒⠛⠛⠀⢀⣼
⠀⠀⠀⠀⠀⢀⣿⣿⣿⣿⣟⠀⠀⠀⠀⠀⢸⣿⣿⣿⣿⣿
⣿⠀⠀⠀⢸⡏⠉⠉⠉⠉⠉⣽⠀⠀⠀⢸⠉⠉⠉⠉⠉⠉
⣿⠀⠀⠀⠸⣿⡇⠀⠀⠀⣿⣿⠀⠀⠀⢸⣿⡆⠀⠀⠀⣿
⣿⣦⣄⣀⣀⣀⡀⠀⠀⠀⣀⣀⣀⣀⣤⣾⣿⡇⠀⠀⠀⣿
⣿⣿⣿⣿⣿⣿⣧⣄⡀⠀⠈⠉⠉⠁⠀⠀⠀⠀⠀⣀⣤⣿
⠀⠀⠀⠀⠀⠀⠀⢸⣿⣿⣿⣿⣿⡇⠀⠀⠀⠀⠀⠀⠀⣿⣿⣿⣿⣿⣿⣿
⣶⡆⠀⠀⠀⠀⣶⠚⠛⠛⠛⠛⠛⠓⢶⠀⠀⠀⠀⢰⡶⠛⠛⠛⠛⠛⠛⠛
⣿⡇⠀⠀⠀⠀⣿⢀⠀⠀⠀⠀⠀⣀⣸⠀⠀⠀⠀⢸⣇⡀⠀⠀⠀⠀⠀⣀
⣿⡇⠀⠀⠀⠀⣿⣿⡇⠀⠀⠀⠀⣿⣿⠀⠀⠀⠀⢸⣿⣿⠀⠀⠀⠀⢸⣿
⣿⣇⡀⠀⠀⠀⠈⠉⠀⠀⠀⠀⠀⠉⠉⠀⠀⠀⢀⣸⣿⣿⠀⠀⠀⠀⢸⣿
⣿⣿⣿⣷⣦⣤⣤⣤⡄⠀⠀⠀⠀⠤⠤⠤⠴⠾⠿⠿⠿⠿⠀⠀⠀⠀⢸⣿
⣿⣿⣿⣿⣿⣿⣿⣿⣷⣤⣀⠀⠀⠀⠀⠀⠀⠀⠀⠀⠀⠀⠀⠀⣀⣤⣾⣿
⢲⠔⢶⣿⣿⣿⣶⣷⣶⣄⣀⣤⡀
⢳⣀⠈⠔⠛⣿⠋⠟⠋⣧⢤⣙⡻⡶
⠀⠁⠳⢤⠦⠎⠉⠉⠙⣦⡤⠄⠋
⠲⣖⡲⢶⣶⣾⣿⣿⣿⣧⣬⣷⠶⣤⣄⠀⠀⢄⣀
⢶⠉⠀⠠⠒⢛⣿⠿⣿⣿⡿⣛⣿⡿⢿⡙⠓⠻⢿⣧⣤⣄
⠈⠳⠔⣄⠀⠁⡀⠘⢹⣇⣊⣉⣤⣁⡘⠋⠛⠦⠤⣬⠽⠉
⠀⠀⠀⠈⠳⢤⠛⠶⠋⠀⠀⠀⠀⠈⢳⣤⠤⠄⠒⠉
⢶⣖⠒⢶⣶⣶⣶⣾⣿⣿⣭⣭⣭⣭⣽⣯⣭⣄⡀⠒⠠⢄⣀
⢠⠜⠋⠀⢘⣩⠽⠿⢿⣿⣿⣿⣿⣿⣿⠷⢼⣿⣿⠶⠶⠤⣿⣿⣦⣀
⠘⣧⡀⣠⠀⠀⠰⠞⠋⢉⡿⣿⠟⡩⢶⠟⠻⠉⢹⣦⢤⡄⠈⠙⠙⠿⢿⡷
⠀⠈⠻⠙⢦⡀⠀⢠⡀⠈⢀⡿⠬⠴⠶⠶⠶⣶⡂⠁⠈⠉⠙⠛⣻⡝⠋
⠀⠀⠀⠀⠀⠙⠳⠞⠛⠳⠏⠀⠀⠀⠀⠀⠀⠈⢻⣴⠶⠶⠒⠊⠁
⢸⠏⢹⠋⣩⠋⣩⣉⡟⢉⡟⢩⠟
⢸⣀⣠⣾⣇⣘⣉⣽⣀⣊⡠⠏
⠘⣿⠛⢛⣿⠟⠛⣻⠟⠛⣛⠛⢛⡿⠛⢛⡿⠛⢛⡿⠋
⢀⣿⠀⠘⠃⢀⣼⠏⠀⣼⠿⢿⡿⠁⢠⡿⠁⢠⡟
⢸⣧⣤⣤⣴⣿⠯⣤⣤⣥⣤⡾⢧⣤⣬⣤⠴⠟
⠀⢿⡟⠛⠛⣿⡿⠛⠛⣻⡿⠛⢛⣛⠛⠛⣻⡟⠛⢛⣿⠟⠛⢛⡿⠟⠃
⠀⣿⠇⠀⠸⠋⠀⣠⣾⠏⠀⢠⡾⠿⢿⣿⠏⠀⢀⣾⠃⠀⣠⡟⠁
⠠⣿⣤⣤⣤⣤⢾⣽⢧⣤⣤⣭⣥⣤⡾⠧⣤⣤⣬⣥⡤⠶⠋
⠀⠀⢀⡀⠻⢿⣦⣴⡿⠟⢀⡀
⠀⣠⣾⠟⠀⠀⠉⠉⠀⠀⠻⣷⣄
⠛⠛⠛⠃⠀⠀⠀⠀⠀⠀⠘⠛⠛⠛
⠀⠀⠀⠀⠀⢀⣤⣤⣤⣄⠀⠀⣠⣤⣤⣤⡀
⠀⠀⠀⠀⣀⡀⠙⠻⠻⣿⣷⣾⣿⠟⠟⠋⢀⣀
⠀⠀⢀⣴⣿⣿⠂⠀⠀⠈⠙⠋⠁⠀⠀⠐⣿⣿⣦⡀
⣀⣠⣿⣿⣿⣁⠀⠀⠀⠀⠀⠀⠀⠀⠀⠀⣈⣿⣿⣿⣄⣀
⠉⠉⠉⠉⠉⠉⠀⠀⠀⠀⠀⠀⠀⠀⠀⠀⠉⠉⠉⠉⠉⠉
⠀⠀⠀⠀⠀⠀⠀⠀⢀⣀⣀⠀⠀⠀⠀⠀⠀⣀⣀⡀
⠀⠀⠀⠀⠀⠀⠀⠰⣿⣿⣿⣷⣦⡀⢀⣴⣾⣿⣿⣿⠆
⠀⠀⠀⠀⠀⣠⣄⠀⠈⠛⠙⢿⣿⣿⣿⣿⡿⠋⠛⠁⠀⣠⣄
⠀⠀⠀⢀⣴⣿⣿⣷⠀⠀⠀⠀⠙⠻⠟⠋⠀⠀⠀⠀⣾⣿⣿⣦⡀
⠀⠀⣠⣾⣿⣿⡟⠁⠀⠀⠀⠀⠀⠀⠀⠀⠀⠀⠀⠀⠈⢻⣿⣿⣷⣄
⣶⣶⣿⣿⣿⣿⣶⡆⠀⠀⠀⠀⠀⠀⠀⠀⠀⠀⠀⠀⢰⣶⣿⣿⣿⣿⣶⣶
⠉⠉⠉⠉⠉⠉⠉⠀⠀⠀⠀⠀⠀⠀⠀⠀⠀⠀⠀⠀⠀⠉⠉⠉⠉⠉⠉⠉
⠰⣆⡾⣼⣷⡀⣿⠀⢸⣯⠷⣶⠒⣦
⠀⠉⠉⢉⣈⣁⠁⠈⢉⣁⡀⠈⠉⠉
⠀⠀⠀⢸⡉⠋⠀⣠⡾⢉⡇
⠀⠀⠀⠀⠉⠲⠼⠿⠔⠋
⠰⣶⠂⣲⡖⣰⡶⣦⠀⢸⣿⠀⠀⠘⣶⠒⣲⣦⣶⠲⢶⡄
⠀⠹⣷⡿⢰⠿⠛⠿⡆⠸⠟⠠⠤⢠⠿⠍⠉⠹⢿⣄⣼⡇
⠀⠀⠀⠀⠀⠂⣤⣤⣤⡀⠀⠀⠀⢠⣤⣤⡄
⠀⠀⠀⠀⠀⠀⡇⠹⠟⠁⠀⠀⣠⣾⠟⢸⡇
⠀⠀⠀⠀⠀⠢⠳⢄⡀⠀⣠⣾⡿⢃⣠⠞⠁
⠀⠀⠀⠀⠀⠀⠀⠀⠉⠓⠻⠿⠒⠉
⠠⣤⡶⠀⣶⡶⢂⣶⣶⣦⠀⠀⢲⣾⠂⠀⠀⢲⣶⠒⢲⣶⣤⣶⠶⠶⣤⡀
⠀⠸⣿⣤⣿⢃⣾⡿⠾⣿⣆⠀⣸⣿⢀⣀⡀⣸⣿⡛⠛⠛⢹⣿⡀⢀⣿⡇
⠀⠀⠉⠉⠁⠈⡩⠁⠀⠉⠉⠈⠁⠀⠀⠈⠁⠉⠉⠁⠀⢠⠀⠉⠉⠉⠉⠁
⠀⠀⠀⠀⠀⠀⡇⢸⡟⢿⣿⡿⠂⠀⠀⠀⢀⣿⣿⠟⣿⢸
⠀⠀⠀⠀⠀⠀⡇⢸⡇⠈⠋⠀⠀⠀⢀⣴⣿⡟⠁⠀⣿⢸
⠀⠀⠀⠀⠀⠀⠈⠢⢝⠦⣄⡀⢠⣾⣿⡿⢋⣠⠴⡊⠕⠁
⠀⠀⠀⠀⠀⠀⠀⠀⠀⠈⠀⠉⠓⠛⠟⠛⠉
⠈⠻⡉⠉⠹⡅⠀⠀⢨⠏⠉⢉⠟⠁
⠀⠀⠙⢦⠀⠙⢦⡴⠋⠀⡰⠋
⠀⠀⠀⠈⠳⣄⣈⣁⣠⠞⠁
⠈⠙⢯⡉⠉⠉⠉⣿⡁⠀⠀⠀⠀⠈⣿⠉⠉⠉⢉⡽⠋⠁
⠀⠀⠀⠻⣆⠀⠀⠈⠳⣄⠀⠀⣠⠞⠁⠀⠀⣰⠟
⠀⠀⠀⠀⠈⠳⣄⠀⠀⠈⠳⠞⠁⠀⠀⣠⠞⠁
⠀⠀⠀⠀⠀⠀⠈⠳⣄⣀⣀⣀⣀⣠⠞⠁
⠈⠙⢿⣍⠉⠉⠉⠉⠉⣿⠉⠀⠀⠀⠀⠀⠀⠉⣿⠉⠉⠉⠉⠉⣩⡿⠋⠁
⠀⠀⠀⠙⢷⡀⠀⠀⠀⠈⢷⣄⠀⠀⠀⠀⣠⡾⠃⠀⠀⠀⢀⡾⠋
⠀⠀⠀⠀⠀⠙⢦⡀⠀⠀⠀⠙⢷⣄⣠⡾⠋⠀⠀⠀⢀⡴⠋
⠀⠀⠀⠀⠀⠀⠈⠻⣦⡀⠀⠀⠀⠙⠋⠀⠀⠀⢀⣴⠟⠁
⠀⠀⠀⠀⠀⠀⠀⠀⠈⠻⣦⣀⣀⣀⣀⣀⣀⣴⠟⠁
⠀⠀⢨⣭⣭⣭⡝⢲⡄⢠⣤⣤⣤⡄
⠀⠀⠀⠼⣿⢛⣷⣶⣿⣦⣿⡿⠁
⣤⣦⠤⠄⠛⢻⣿⣿⣿⣿⡿⠷⣄
⠀⠀⠀⠀⠀⢰⣿⣿⣿⣿⡆⠀⠈⠉
⠀⠀⠀⢐⣛⣉⣉⣉⣉⣛⠲⢦⣄⠀⠀⣀⣀⣀⣀⣀⣀⡀
⠀⠀⠀⠸⠟⢿⣿⣿⣿⣿⣀⡀⣿⣷⡀⠟⣿⣿⣿⡿⠻⠇
⠀⠀⠀⠀⠐⠛⣯⣿⢃⣹⣿⣿⣿⣿⣿⣾⣿⣿⠟
⣀⣤⣄⣀⣠⠤⠼⠿⠿⣿⣿⣿⡿⣻⣿⣿⣿⣿⣦⡀
⠙⠛⠋⠉⠀⠀⠉⠉⠙⣿⣿⣿⣿⣿⣿⣿⠋⠈⠉⠻⣷⣠
⠀⠀⠀⠀⠀⠀⠀⠀⢸⣿⣿⣿⣿⣿⣿⣿⣷
⠀⠀⠀⠀⢐⣒⣛⣋⣉⣉⣛⣛⡓⠶⣦⣄⡀⠀⠀⣀⣀⣀⣀⣀⣀⣀⣀⡀
⠀⠀⠀⠀⢸⣿⣿⣿⣿⣿⣿⡿⡧⠀⠈⢻⣿⣆⠀⣿⣿⢿⣿⣿⣿⣿⣿⠇
⠀⠀⠀⠀⠀⠀⢤⣿⡿⣿⡟⠛⣿⣿⣶⣞⣿⣿⣦⣠⣾⣿⣿⣿⠋
⠀⠀⠀⠀⠀⠀⠀⠈⢿⣿⣵⣶⣿⣿⣿⣿⣿⣿⡿⣷⣿⡿⣿⡁
⣤⣶⣷⣶⣶⡒⣒⣚⣛⣙⣛⣻⣿⣿⣿⣿⣭⣞⣿⣿⣟⠿⠿⢿⣦⣄⡀
⠀⠉⠉⠀⠀⠀⠀⠀⠀⠀⢀⣹⡿⣿⣿⡿⣯⣿⣿⢿⢋⠀⠀⠀⠈⠻⠯⠦
⠀⠀⠀⠀⠀⠀⠀⠀⠀⠀⢸⣿⣿⣿⣿⣿⣿⣿⣿⣿⣿⡇
⠁⡙⣷⣿⣿⡘⡀⢀⢃⣿⣿⣾⢋⠈
⠀⠈⠊⢻⣿⣿⣎⣱⣿⣿⡟⠑⠁
⠀⠀⠀⢑⠙⡿⡿⢿⢿⠋⡊
⠣⡐⢶⣶⣤⢶⣶⣶⢠⠃⠀⠀⠘⡄⣶⣶⡶⣤⣶⡶⢂⠜
⠀⠈⢦⠹⣿⣿⡻⣿⣦⡑⡄⢠⢊⣴⣿⢟⣿⣿⠏⡴⠁
⠀⠀⠀⠱⡘⢿⣿⣟⢿⣷⣌⣡⣾⡿⣻⣿⡿⢃⠎
⠀⠀⠀⠀⠈⢆⠻⣿⣷⡻⣿⣿⢟⣾⣿⠟⡰⠁
⠀⠀⠀⠀⠀⠀⡇⠸⠿⠿⠞⠳⠿⠿⠇⢸
⠯⣁⠠⣤⣤⣄⢤⣤⣤⣤⠈⡽⠂⠀⠀⠐⢯⠁⣤⣤⣤⡤⣠⣤⣤⠄⣈⠽
⠀⠈⢢⡘⢿⣿⣷⡙⣿⣿⣦⡙⢄⠀⠀⡠⢋⣴⣿⣿⢋⣾⣿⡿⢃⡔⠁
⠀⠀⠀⠙⢄⠹⣿⣿⣮⠻⣿⣷⣌⠣⠜⣡⣾⣿⠟⣵⣿⣿⠏⡠⠋
⠀⠀⠀⠀⠈⠣⡈⢿⣿⣷⣝⢿⣿⣦⣴⣿⡿⣫⣾⣿⡿⢁⠜⠁
⠀⠀⠀⠀⠀⠀⠙⢆⠙⣿⣿⣧⡻⣿⣿⢟⣼⣿⣿⠋⡰⠋
⠀⠀⠀⠀⠀⠀⠀⢰⣃⠘⠛⠛⠛⠚⠓⠛⠛⠛⠃⣘⡆
⠀⠀⠀⠙⢿⣷⣄⣠⣾⡿⠋
⠀⢀⠀⠀⠀⠙⢿⡿⠋⠀⠀⠀⡀
⠀⢤⣬⡭⠷⠶⠶⠶⠶⠾⢭⣥⡤
⠀⠀⠀⠀⠈⠻⣿⣿⣿⣄⠀⠀⣠⣿⣿⣿⠟⠁
⠀⠀⠀⠀⠀⠀⠈⠻⣿⣿⣧⣼⣿⣿⠟⠁
⠀⣀⠀⠀⠀⠀⠀⠀⠙⢿⣿⣿⡿⠋⠀⠀⠀⠀⠀⠀⣀
⠀⠀⠉⠓⠲⠤⢤⣀⣀⡀⠙⠋⢀⣀⣀⡤⠤⠖⠚⠉
⠀⠰⢶⣶⣶⡶⠒⠒⠛⠛⠉⠉⠛⠛⠒⠒⢶⣶⣶⡶⠆
⠀⠀⠀⠀⠀⠀⠙⢿⣿⣿⣿⣇⠀⠀⠀⠀⣸⣿⣿⣿⡿⠋
⠀⠀⠀⠀⠀⠀⠀⠀⠙⢿⣿⣿⣷⣄⣠⣾⣿⣿⡿⠋
⠀⠀⠀⠀⠀⠀⠀⠀⠀⠈⠻⣿⣿⣿⣿⣿⣿⠟⠁
⠀⠂⠤⣄⣀⠀⠀⠀⠀⠀⠀⠈⠻⣿⣿⠟⠁⠀⠀⠀⠀⠀⠀⣀⣠⠤⠐
⠀⠀⠀⠀⠈⠉⠛⠒⠶⠤⢤⣄⣀⣈⣁⣀⣠⡤⠤⠶⠒⠛⠉⠁
⠀⠐⠒⢶⣖⣲⡾⠗⠛⠛⠛⠉⠉⠉⠉⠉⠉⠛⠛⠛⠻⢷⣖⣲⡶⠒⠂
⠈⠻⣷⣤⣾⡿⠛⠛⣿⣿⠟⠛⠛⠁
⠀⠀⠙⠿⠋⠀⣠⣾⠟⠁
⠀⠻⣿⣷⣄⠀⣠⣾⣿⣿⣿⣿⣿⣿⣿⣿⣿⣿⣿⡿⠟
⠀⠀⠈⠻⣿⣿⣿⡿⠁⠀⠀⢀⣴⣿⡿⠋
⠀⠀⠀⠀⠈⠿⠋⠀⠀⠀⣴⣿⡿⠋
⠀⠘⣿⣿⣷⡄⠀⠀⢀⣴⣿⣿⣿⣿⣿⣿⣿⣿⣿⣿⣿⣿⣿⣿⣿⣿⠃
⠀⠀⠈⠻⣿⣿⣦⣴⣿⣿⠟⠉⠉⠉⠉⠉⣵⣿⣿⡟⠉⠉⠉⠉⠉⠁
⠀⠀⠀⠀⠈⠻⣿⣿⡿⠃⠀⠀⠀⠀⣠⣾⣿⡿⠋
⠀⠀⠀⠀⠀⠀⠙⠋⠀⠀⠀⢀⠠⠾⠿⠿⠋
⠀⠀⢀⣽⣿⣛⠋⠉⠉⠩⢭⣖⡤⡀
⠀⠀⠀⠀⠀⠀⠈⠉⠻⠿⠶⠛⡯⠟
⠀⠀⠀⠀⠈⢭⣿⣿⡿⠯⠍⠉⠉⠉⢉⣙⣒⠲⠤⣄
⠀⠀⠀⠀⠚⠛⠓⠒⠒⠒⠦⢤⣤⣤⣤⣤⡉⢻⣽⣦⢽⣆
⠀⠀⠀⠀⠀⠀⠀⠀⠀⠀⠀⠀⠈⠙⠻⠟⠛⠛⠛⡷⠞⠁
⠀⠀⠀⠀⠀⠉⢉⣛⣿⣿⣿⣯⣍⠉⠉⠉⠉⠛⠛⠓⠒⠶⠤⣄⡀
⠀⠀⠀⠀⠀⡤⠶⠿⢯⣭⣍⣉⣉⡀⠀⣀⠀⠀⡈⠉⠛⠷⣶⠦⣍⠳⣄
⠀⠀⠀⠀⠀⠀⠀⠀⠀⠀⠀⠀⠈⠉⠛⠲⢭⣳⣿⣿⣶⣄⣾⣿⣟⡛⣻⡇
⠀⠀⠀⠀⠀⠀⠀⠀⠀⠀⠀⠀⠀⠀⠀⠀⠀⠉⠻⠛⠋⠉⠉⠉⠿⠟⠋
⠙⣿⡇⢈⣿⣯⠀⣹⣏⣀⣀⣀⣀⣀
⠀⠘⣿⡾⠉⢿⣷⠃⢸⣿⣇⣠⡄⠙
⠀⠀⠈⠁⠀⠈⠁⢀⣸⣿⣇⡈⠁
⠉⢿⣿⣏⠀⠈⢻⣿⣿⠁⠈⢉⣿⠋⠁
⠀⠈⢻⣿⣆⣰⡟⠻⣿⣧⣠⡿⠋⢹⣿⣿⡏⠉⠉⠉⠙⢿
⠀⠀⠀⢻⣿⠟⠀⠀⠹⣿⡿⠁⠀⢸⣿⣿⡗⠒⢿⠇
⠀⠀⠀⠀⠀⠀⠀⠀⠀⠀⠀⢀⣀⣸⣿⣿⣇⣀
⠉⢻⣿⣿⣏⠁⠈⠙⣿⣿⣿⡋⠀⠈⠙⣿⡿⠋⠁
⠀⠀⢻⣿⣿⣆⠀⣰⣿⢿⣿⣿⡄⢀⣼⡿⠛⣿⣿⣿⣿⠞⠛⠛⠛⠓⢿⣿
⠀⠀⠀⠹⣿⣿⣾⡿⠁⠈⢻⣿⣿⣾⡟⠀⠀⣿⣿⣿⣿⣀⣀⣴⡆⠀⠈⠉
⠀⠀⠀⠀⠹⣿⠟⠀⠀⠀⠀⠻⣿⠏⠀⠀⠀⣿⣿⣿⣿⠉⠉⠻⠇
⠀⠀⠀⠀⠀⠀⠀⠀⠀⠀⠀⠀⠀⠀⠀⣀⣀⣿⣿⣿⣿⣀⣀
⠸⢿⣿⣿⠿⠀⣰⣿⣧⠀⠻⣿⡿⠇
⠀⠀⢿⣿⣇⣰⡿⢿⣿⣇⣸⡿
⠀⠀⠈⣿⣿⣿⠃⠘⣿⣿⡿⠁
⠰⠿⣿⣿⣿⣿⡿⠿⠀⠀⣴⣿⣿⣆⠀⠀⠿⢿⣿⣿⠿⠆
⠀⠀⠘⣿⣿⣿⣧⠀⠀⣼⣿⣿⣿⣿⣆⠀⢀⣾⣿⠃
⠀⠀⠀⠘⣿⣿⣿⣧⣼⣿⠏⠹⣿⣿⣿⣦⣾⣿⠃
⠀⠀⠀⠀⠘⢿⣿⣿⣿⠏⠀⠀⠹⣿⣿⣿⡿⠃
⢰⣶⣶⣶⣶⣶⣶⣶⣶⣶⠀⠀⠀⣴⣶⣶⣶⡄⠀⠀⣶⣶⣶⣶⣶⣶⣶⡆
⠀⠀⠀⢻⣿⣿⣿⣿⡄⠀⠀⠀⣼⣿⣿⣿⣿⣷⡀⠀⠀⢀⣾⣿⡟
⠀⠀⠀⠀⢻⣿⣿⣿⣿⡄⢀⣾⣿⡿⢿⣿⣿⣿⣷⡀⢀⣾⣿⡟
⠀⠀⠀⠀⠀⢻⣿⣿⣿⣿⣾⣿⡿⠁⠈⢿⣿⣿⣿⣷⣾⣿⡟
⠀⠀⠀⠀⠀⠀⠻⠿⠿⠿⠿⠿⠁⠀⠀⠈⠿⠿⠿⠿⠿⠟
⠀⠀⠀⠀⠀⢀⡀⣀⣤⣤⣤⣤⡄
⠀⠀⢀⣤⢻⣿⢸⣿⡞⠉⠉⠙
⠀⣠⣮⣹⡿⣿⣇⢿⣧⢠⣀⣀⣤
⠈⠠⠟⠯⢦⣽⣵⣿⡿⣂⠉⠉⠁
⠀⠀⠀⠀⠀⠀⠀⠀⠀⠀⠀⠀⢀⣎⣜⣀⣀⣀⠀⣀
⠀⠀⠀⠀⠀⠀⣀⣤⣶⡖⣰⣾⢟⣛⣻⡿⠿⢿⡿⠛⠂
⠀⠀⠀⢀⣴⣶⡉⢹⣿⡇⢿⣿⣿⡏⠀⠀⠀⠀⠈
⠀⠀⣠⣶⡍⢹⣿⣿⣿⣿⡌⣿⣿⣧⢠⡀⠀⠀⠀⣠
⠠⠶⠛⣿⣿⣿⠟⡉⣿⣿⠇⣸⣿⣿⡆⠙⢿⣶⣿⠿
⠀⠀⠴⠛⠩⠴⠿⠷⢶⣶⣾⣿⣿⠿⣣⡄
⠀⠀⠀⠀⠀⠀⠀⠀⠀⠀⠀⠀⠀⠀⠀⠀⢠⢇⡜
⠀⠀⠀⠀⠀⠀⠀⠀⠀⣀⣠⣤⠖⣠⣶⣾⠿⠿⠿⣿⣿⣿⣿⣿⠿⠧
⠀⠀⠀⠀⠀⢀⣤⡘⠿⢿⣿⣿⠰⣿⣿⣴⣾⡟⠋⠉⠁⠉⠉⠛
⠀⠀⠀⠀⣐⠿⢿⣿⣦⣼⣿⣿⣆⢹⣿⣿⣿⡀
⠀⠀⣠⣾⣿⣧⣀⣿⣿⣿⣿⣿⣿⡆⢻⣿⣿⣧⠘⣦⣀⣀⣀⣀⣼⡇
⠐⠚⠛⢉⣿⣿⣿⠿⣋⡄⢿⣿⠿⢃⣼⣿⣿⣿⡆⠈⠛⠿⠿⠿⠟⠁
⠀⠀⠠⠞⠛⠩⠴⠾⠿⠷⠶⢶⣾⣿⣿⣿⠿⠟⣡⣆
⠀⠀⠐⢦⣤⣴⣶⣤⣶⣤⣤⠆
⠀⠀⠀⠸⣿⠏⢣⣿⠍⣻⡷
⠀⠹⣿⣿⣿⣿⣯⣿⣿⣿⣿⣟⡿⠁
⠀⠀⠀⠀⢰⣦⣤⣀⣠⣤⢤⣤⣤⢤⣤⣤⣤⡴⠂
⠀⠀⠀⠀⠀⢺⣿⣯⣯⢿⡛⣳⡟⡻⣷⣿⣟
⠀⣀⣀⣀⣀⣈⣻⣿⣥⣠⣽⣿⣟⣥⣬⣿⣏⣀⣀⣀⣀
⠀⠀⠹⣯⣭⣿⣽⡭⠿⠽⠭⠿⠧⠿⠼⢭⣿⣽⣭⣿⠁
⠀⠀⠀⠀⠀⠰⣦⣄⣀⣀⣀⣠⣤⣤⣀⣠⣤⣄⣀⣀⣀⣀⣤⠆
⠀⠀⠀⠀⠀⠀⢩⣷⡾⢛⣹⢶⡶⠾⣆⣘⠷⣾⣯⣿⣿⠟⠁
⠀⠀⠀⠀⠀⠀⠠⢾⡗⣿⡿⠉⠳⣤⢾⢷⡴⠉⠟⣿⣿⠦
⠀⠠⢤⣤⣤⣤⡤⡤⣿⣿⣾⡶⣶⢾⣿⣿⢵⣦⢷⣾⣯⡤⣤⢤⣤⣤⠤
⠀⠀⠀⠹⣧⣴⣴⡧⠽⠦⠼⠤⠿⠴⠾⠿⠬⠷⠼⠵⠬⠧⣿⣤⣿⠇
⣿⣿⣿⠟⠛⠉⠉⠁⠀⠀⠉⣉⣿⣿
⣿⡟⠀⠀⠀⠀⠀⠀⠀⠀⠈⠙⠻⣿
⣿⣧⠀⠀⠀⠀⠀⠀⠀⠀⠀⠀⠀⢹
⣿⡿⠀⠀⠀⠀⠀⠀⠀⠀⠀⠀⠀⣻
⣿⣶⣶⣶⣶⣶⣤⣄⣀⣀⣄⣠⣴⣿
⣿⣿⣿⣿⣿⣿⡿⠿⠛⠛⠉⠉⠉⠉⠉⠉⠉⠙⢛⣿⣿⣿
⣿⣿⣿⡿⠋⠁⠀⠀⠀⠀⠀⠀⠀⠀⠀⠀⢀⣴⣿⣿⣿⣿
⣿⣿⡏⠀⠀⠀⠀⠀⠀⠀⠀⠀⠀⠀⠀⠀⠀⠈⠙⠿⣿⣿
⣿⣿⡇⠀⠀⠀⠀⠀⠀⠀⠀⠀⠀⠀⠀⠀⠀⠀⠀⠀⠘⣿
⣿⣿⣿⡆⠀⠀⠀⠀⠀⠀⠀⠀⠀⠀⠀⠀⠀⠀⠀⠀⠀⣿
⣿⣿⣿⠃⠀⠀⠀⠀⠀⠀⠀⠀⠀⠀⠀⠀⠀⠀⠀⠀⠘⣿
⣿⣿⠃⣀⣀⣀⡀⠀⣀⠀⠀⠀⠀⠀⠀⠀⠀⠀⠀⢀⣼⣿
⣿⣿⣿⣿⣿⣿⣿⣿⣿⣿⣷⣶⣤⣤⣄⣠⣦⣠⣴⣿⣿⣿
⣿⣿⣿⣿⣿⣿⣿⣿⣿⡿⠿⠟⠛⠋⠉⠉⠉⠉⠉⠉⠉⠛⠛⠛⣿⣿⣿⣿
⣿⣿⣿⣿⣿⡿⠟⠉⠁⠀⠀⠀⠀⠀⠀⠀⠀⠀⠀⠀⠀⢀⣤⣾⣿⣿⣿⣿
⣿⣿⣿⡿⠋⠀⠀⠀⠀⠀⠀⠀⠀⠀⠀⠀⠀⠀⠀⠀⠀⠛⠿⣿⣿⣿⣿⣿
⣿⣿⣿⠁⠀⠀⠀⠀⠀⠀⠀⠀⠀⠀⠀⠀⠀⠀⠀⠀⠀⠀⠀⠀⠙⢿⣿⣿
⣿⣿⣿⡀⠀⠀⠀⠀⠀⠀⠀⠀⠀⠀⠀⠀⠀⠀⠀⠀⠀⠀⠀⠀⠀⠀⢹⣿
⣿⣿⣿⣿⡄⠀⠀⠀⠀⠀⠀⠀⠀⠀⠀⠈⠁⠀⠀⠀⠀⠀⠈⠀⠀⠀⢸⣿
⣿⣿⣿⣿⠇⠀⠀⠀⠀⠀⠀⠀⠀⠀⠀⠀⠀⠀⠀⠀⠀⠀⠀⠀⠀⠀⣾⣿
⣿⣿⣿⠏⠀⠀⠀⠀⠀⠀⠀⠀⠀⠀⠀⠀⠀⠀⠀⠀⠀⠀⠀⠀⠀⠀⣼⣿
⣿⣿⣇⣤⣤⣤⣤⣴⣆⣒⣦⣤⣀⡀⠀⠀⠀⠀⠀⠀⠀⠀⠀⠀⣠⣾⣿⣿
⣿⣿⣿⣿⣿⣿⣿⣿⣿⣿⣿⣿⣿⣿⣿⣶⣶⣤⣤⣤⣾⣤⣴⣾⣿⣿⣿⣿
⠀⢲⡖⣶⢻⡍⡏⢹⠏⡟⣓⢲⡖
⠀⢸⡇⠿⢸⣇⣀⣆⣰⣇⠿⢹⡇
⠐⢾⠿⠛⠛⠛⠛⠛⠛⠛⠛⠿⡷⠂
⠀⠀⢤⡤⠤⣤⠽⢿⠉⢻⡏⠉⣿⠉⣹⠿⠤⠤⢤⡤
⠀⠀⢸⡇⠀⣿⠀⢸⣇⠘⠀⡄⠉⠀⡇⠀⣿⠷⢼⡇
⠀⠀⣸⣧⣀⣉⣤⣾⣿⣤⣴⣷⣤⣼⣷⣤⣍⣁⣸⣇
⠈⠛⠿⡿⠛⠛⠛⠉⠉⠉⠉⠉⠉⠉⠉⠛⠛⠻⠿⠿⠛⠁
⠀⠀⢤⣤⣤⣤⣤⣬⣿⢿⡙⠙⣿⠟⠛⢿⡟⠙⣹⣿⣧⣤⣤⣤⣤⡄
⠀⠀⠀⢹⡇⠀⢸⣿⠀⢸⣧⠀⠻⠀⠀⠸⠇⢀⡏⠀⣶⣶⣄⣸⡏
⠀⠀⠀⢸⡇⠀⢸⡿⠀⢸⣿⡄⠀⢀⣧⠀⠀⣸⡇⠀⠿⣷⠀⢹⡇
⠀⣀⣠⣼⣷⢶⣶⣶⣶⣿⣿⣿⣿⣿⣿⣿⣿⣿⣿⣷⣶⣶⣦⢼⣧⣄⣀
⠀⠉⠛⠿⠟⠛⠉⠉⠉⠉⠉⠉⠀⠀⠀⠀⠈⠉⠉⠉⠉⠉⠛⠻⠿⠛⠉
⠿⠿⢿⣷⣄⣀⣴⣦⣄⣠⣾⡿⠿⠿
⠀⠀⠀⠙⢿⣿⠟⡻⣿⡿⢋⣀⣀⣀
⠀⠀⠀⠀⠀⠑⢾⣿⣮⣴⣿⠟⠛⠛
⠀⠀⠀⠀⠀⠀⠀⠙⢿⡟⠁
⠿⠿⠿⣿⣿⣦⣄⠀⠀⣠⣶⣶⣄⠀⠀⣠⣴⣿⣿⠿⠿⠿
⠀⠀⠀⠈⠙⢿⣿⣿⣿⣿⡿⢿⣿⣿⣿⣿⡿⠋⠁
⠀⠀⠀⠀⠀⠀⠈⠻⠟⣉⣴⣦⣉⠻⠟⣉⣴⣶⣶⣶⣶⣶
⠀⠀⠀⠀⠀⠀⠀⠀⠀⠙⠿⣿⣿⣷⣾⣿⣿⠟⠁
⠀⠀⠀⠀⠀⠀⠀⠀⠀⠀⠀⠈⠛⢿⡿⠋
⣿⣿⣿⣿⣿⣿⣶⣄⠀⠀⠀⠀⣠⣶⣶⣄⠀⠀⠀⠀⣠⣶⣿⣿⣿⣿⣿⣿
⠉⠉⠉⠉⠻⢿⣿⣿⣿⣦⣤⣾⣿⣿⣿⣿⣷⣦⣴⣿⣿⣿⡿⠟⠉⠉⠉⠉
⠀⠀⠀⠀⠀⠀⠙⢿⣿⣿⣿⣿⣿⠟⠻⣿⣿⣿⣿⣿⡿⠋
⠀⠀⠀⠀⠀⠀⠀⠀⠈⠻⠿⠋⣠⣴⣶⣄⠙⠿⠟⢁⣤⣶⣿⣿⣿⣿⣿⣿
⠀⠀⠀⠀⠀⠀⠀⠀⠀⠀⠀⠘⢿⣿⣿⣿⣷⣦⣴⣿⣿⣿⡿⠋⠉⠉⠉⠉
⠀⠀⠀⠀⠀⠀⠀⠀⠀⠀⠀⠀⠀⠙⠻⣿⣿⣿⣿⣿⡿⠋
⠀⠀⠀⠀⠀⠀⠀⠀⠀⠀⠀⠀⠀⠀⠀⠈⠻⢿⡿⠋
⣄⢰⡆⠰⢁⢾⢡⠀⡊⢻⢀⠆⡆⢠
⠈⠦⠘⠂⣪⣾⣶⣿⣶⣯⣂⠁⠡⠂
⠀⠀⠀⠘⢿⠿⠟⠻⠿⠿⠉
⣠⠤⢰⣴⠒⢲⡎⢉⣽⠋⢩⠍⠩⠍⠺⣏⠀⡶⠠⡆⠤⣄
⠉⢣⠈⠃⣴⣀⣁⠾⣼⣤⣘⣲⣶⣋⣵⠧⣀⠣⠤⠇⢀⡏
⠀⠀⠉⠉⠀⢀⣴⣿⣿⣿⣿⣿⣿⣿⣿⣿⣦⠄⠉⠉⠉
⠀⠀⠀⠀⠀⠈⠛⡿⠟⠛⠛⠛⠻⠿⠿⠛
⣀⣀⠤⢤⣤⠖⠲⣴⡎⠉⣩⡗⠋⣩⠭⠭⣍⣙⣲⣏⠒⢒⡆⠀⡤⠤⢄⣀
⠛⢦⡀⠹⠏⢠⡀⠙⠁⣸⠃⣇⠀⠻⢤⣤⠴⠒⢢⣿⠀⢸⣇⠀⣿⠀⢰⡟
⠀⠈⢳⠤⠤⠏⠓⠒⢚⣡⣿⣿⣿⣿⣾⣿⣿⣾⣷⣬⡑⠒⠤⠭⠭⠤⠜⠃
⠀⠀⠀⠀⠀⠀⠀⣾⣿⣿⣿⣿⣿⣿⣿⣿⣿⣿⣿⣿⡿⠟
⠀⠀⠀⠀⠀⠀⠀⠐⠋⠿⠟⠛⠛⠉⠉⠛⠻⠷⠟⠛⠁
⢤⣶⣿⡶⠟⠉⡽⣯⣝⡛⣶⣀
⠰⣏⣥⠖⣿⢻⡟⣙⣻⣿⣿⣿⣷⣄
⠐⠛⣿⣶⣤⣤⣿⣥⣬⣭⠖⠖⠛⠁
⡄⣤⣤⣠⢨⣭⡍⣭⣤⣤⣠⣄⡄⣤
⠀⣀⡤⢒⣶⢤⣖⠒⠚⠛⢚⣛⠙⠛⠿⢶⣦
⠸⢴⣾⣏⠛⠀⠙⠀⠀⣀⣋⠸⣿⠢⣄⣠⣙⣷⣦
⠀⢾⡁⢀⣠⠴⢚⡵⠋⣱⡏⠙⠒⢤⡼⣏⣩⣻⣏⣱⣦
⠀⣺⣿⣿⣅⠀⠈⠁⠀⢿⡦⠖⠋⢩⠴⠖⠒⠒⠒⣶⢶⠃
⠀⠉⠙⣿⣿⣷⣦⣤⣤⣼⣷⣦⣤⣤⣤⡴⠛⠒⠒⠋⠁
⠀⠀⠀⠉⠀⠈⠙⠿⠟⠛⠛⠿⠏⠉⠉⠁
⣶⠀⣖⢰⢶⠐⡆⣶⣖⣶⡀⣶⡆⣶⡆⣶⢰⣖⢰⣶⢰⣶
⠀⢀⣀⡤⠖⣲⣤⣤⡶⠒⠒⠚⠓⠒⠒⠙⠛⠻⠿⣶⣶⡄
⠰⣭⠭⣶⡟⠿⠇⠈⠛⠀⠀⠀⠐⠋⢹⣟⡦⣄⡀⢀⡙⠓⡲⢤
⠀⢰⡞⠉⠉⠁⣀⣤⠴⣖⡴⠖⣫⠿⠢⢭⣑⡊⣹⡿⠟⠿⢿⡿⠶⣀⡀
⠀⢨⡳⣤⣴⡞⠉⠀⠸⠏⠀⢰⣿⣁⣀⣤⠤⠞⢓⣛⣉⣉⣉⣉⣉⣁⣓⡆
⠀⠬⠿⣳⣝⡷⣄⡀⠀⠀⠀⠀⢿⡏⠁⠀⠀⠘⠉⠉⣠⣤⠀⢀⣹⡭⠇
⠀⠀⠀⠨⣯⠿⢻⣿⣿⣷⣶⣾⣿⣿⣿⣶⣶⣶⣶⡟⠉⠈⠉⠉
⠀⠀⠀⠀⠀⠀⠀⠀⠈⠚⠛⠈⠉⠑⠻⠛⠀⠀⠀⠁
⣾⡀⢸⣇⢸⢿⡆⢹⠁⣿⢼⢐⣯⠀⡿⣗⢸⢶⡇⣿⡁⢾⣙⢰⡷⡃⣾⣿
⠀⣀⣤⣶⠲⠺⢻⠻⣛⢻⢻⣿⣷⠖
⣰⣿⣿⠿⠿⠿⠿⢿⣾⣶⣾⣿⠏
⠙⠻⢿⣿⣶⡶⠋⠀⠀⠈⠉⠁
⠀⠀⠀⣀⣤⣤⡶⢶⠾⡿⣿⢿⠿⡿⢿⡿⢿⣿⣿⣶⣶⠆
⢀⣴⣿⣿⣿⣿⣷⣤⣦⣤⣯⣴⣬⣿⣘⣃⣾⣿⣿⣿⠃
⣼⢿⣿⣟⣫⣉⣉⠉⠉⣉⡙⠛⠛⠻⠿⣿⣿⡿⠟⠁
⠈⠙⠛⠿⢿⣿⣿⣿⣿⠟⠁
⠀⠀⠀⠀⢀⣀⣤⣤⣴⣶⣶⣾⣿⣿⣿⣿⣿⣿⣿⣿⣿⣿⣿⣿⣶⣶⣶⠆
⠀⢀⣴⣾⣿⣿⣿⣿⣆⣘⣀⣘⣰⡗⢀⡁⠾⡇⠀⡇⢠⣿⣿⣿⣿⡿⠁
⠀⣿⣿⣿⣿⣿⠿⠿⠿⠿⠿⣿⣿⣿⣿⣿⣿⣿⣶⣶⣾⣿⣿⣿⡿⠁
⠺⣙⢿⣿⣦⣭⣶⣤⣤⣄⣀⣠⣤⡆⠀⠈⠉⠉⠛⠻⠿⡿⠟⠉
⠀⠈⠉⠙⠻⠿⣿⣿⣿⣿⣿⠟⠋
⠀⠀⠀⡀⠰⢀⣀⣬⢴⣦⣆⣄⡀
⢀⡐⣂⠤⠾⠏⠁⠴⠊⠉⠀⠉⠝⠐
⠀⠀⠀⠀⠀⠀⢀⣤⠤⠰⠖⢒⣒⣲⣶⣲⡖⢤⡀
⠀⠀⣀⣠⠽⠋⠐⣢⣴⡿⠟⠛⣋⠹⣿⣿⠛⠿⠿⣧⣄⡀
⠀⣠⣔⣩⡤⠶⠿⠟⠃⠀⠤⠾⠯⠤⠂⠀⠉⠁⠒⠶⠥⠏
⠀⠀⠀⠀⠀⠀⠀⠀⣀⣤⡤⠄⠶⠖⢲⣒⣒⣾⣦⣒⣶⠂⢤
⠀⠀⢀⣀⣠⠭⠟⠁⠐⣲⣤⣾⠿⠟⠛⢛⣉⠹⣿⣿⠟⠻⠿⠿⢷⣤⣄⡀
⠀⣠⣤⣒⣩⡤⠴⠾⠿⠟⠋⠀⠠⠴⠾⠯⠥⠴⠂⠀⠈⠉⠀⠓⠲⠬⠴⠋
⠀⠀⠐⢲⣤⠤⠤⢞⣯⣄⣤⠤⠄
⣀⣰⣶⣮⣿⣿⣯⣿⣛⣿⠯⠁⠉⠃
⠉⠙⠻⢤⣼⣿⡿⠿⠿⢿⣧⡕
⠀⠀⠀⠠⢤⣤⣀⡀⣀⣀⣀⣤⣖⣛⡁⠀⠀⣀⣀⣀
⠀⠀⠀⠀⠀⢰⣿⣏⣭⣡⣬⡤⣬⣭⣭⣽⣿⣭⠍⣁⣀
⠀⢀⣙⣛⣳⣶⣺⣿⣯⣼⣤⠶⠶⠒⣶⡶⢷⠀⠀⠈⠉⠁
⠻⠿⣿⣿⡿⠉⠛⢻⠿⣶⣿⣿⣿⣭⣿⡥⢄⠢⡄
⠀⠀⠀⠈⠙⠷⣾⣿⣿⣷⡯⠟⠋⠛⠻⢿⣷⡷⠋
⠀⠀⠀⠀⢀⣀⣀⣀⡀⠀⠀⢀⡀⢀⣠⡶⠾⠛⠁⠀⠀⠀⢀
⠀⠀⠀⠀⠀⠀⢉⣹⣿⠿⢛⡛⢋⣉⢉⡉⣛⣛⢛⣲⣶⣿⣛⠛⠋⠁
⠀⠀⠠⣤⣤⣤⣄⣛⣹⣿⡿⠟⣯⠯⣯⣍⣙⣏⣉⣛⣹⡝⠋⠉⠛⠿⠶⠄
⣠⣤⣶⣶⣶⣶⣿⣷⣾⣿⣽⣓⢿⣿⣭⣍⣥⡴⠿⡭⠭⠗
⠙⠛⠿⠿⣿⣿⡁⠈⠡⣸⣟⣛⡿⣿⣿⣿⣶⣾⣿⣶⣻⣍⠑⣦
⠀⠀⠀⠀⠀⠘⠻⠿⣿⣿⣿⣿⣾⠽⠛⠉⠉⠛⠛⢿⣿⣿⠿⠁
⠀⢻⣦⡶⣦⣼⣟⣀
⠀⠀⠉⠀⢈⣿⣿⣿⣶⡂⠀⢀⡀
⠀⠀⠀⠀⠀⠉⠉⢩⣿⠻⡾⠻⣷
⠀⠰⣶⣦⣀⣴⣦⣀⣰⣶⡖
⠀⠀⠙⣿⣿⠟⠛⢿⣿⣿⢿⣶⣦⢀
⠀⠀⠀⠈⠁⠀⠀⢠⣿⢿⣿⡿⣿⣿⠃⠀⠀⠀⢀
⠀⠀⠀⠀⠀⠀⠀⠘⠻⠿⣿⡿⢿⣿⣿⣦⣠⣾⣿⣧
⠀⠀⠀⠀⠀⠀⠀⠀⠀⠀⠀⠠⠿⠿⠋⠻⠿⠋⠻⠿⠧
⠀⠐⢶⣶⣦⠀⣠⣴⣦⡀⢠⣶⣶⡖
⠀⠀⠈⢿⣿⣿⣿⠟⢿⣿⣿⣿⣿⣶⣦⣤⡀
⠀⠀⠀⠈⠻⠟⠁⠀⠀⠙⢻⣿⣧⣲⣿⣿⣥⣶⡦
⠀⠀⠀⠀⠀⠀⠀⠀⠀⢸⣿⣯⣾⣿⣭⣹⣿⣷⣄⠀⠀⠀⣀⣴⣆
⠀⠀⠀⠀⠀⠀⠀⠀⠀⠀⠙⠛⠿⠿⠿⢛⣿⣿⣿⣿⣦⣾⣿⣿⣿⡆
⠀⠀⠀⠀⠀⠀⠀⠀⠀⠀⠀⠀⠀⠀⠀⠾⠿⠿⠀⠙⠿⠛⠁⠹⠿⠿⠄
⠀⣠⡖⠒⠒⠒⠒⢒⠲⣦⣄⣀
⠀⣽⣏⠀⠀⣀⣀⣀⣭⣤⣀⣉⣿⠆
⠀⠰⠟⠛⠉⠉⠀⠀⠀⠀⠈⠉⠁
⠀⠀⠀⣴⡦⢤⣤⣤⣤⣤⣤⣤⣤⣤⣀⡀
⠀⠀⠾⣯⡄⠀⠀⠀⠀⠀⠀⠠⠤⠤⠭⠟⠷⢦⣤⣀
⠀⠀⣼⣟⡀⠀⠀⠀⠀⠀⢀⣀⣀⣀⣀⣀⡀⠀⠈⣻⡷
⠀⠀⠁⣿⣧⣤⡴⠶⠚⠛⠋⠉⠉⠉⠉⠉⠙⠻⠞⠋⠁
⠀⠀⠀⠋⠉
⠀⠀⠀⠀⣠⣤⣤⣤⣤⣤⣄⣀⣀⣀⣀⣀⣀⣀⡀
⠀⠀⢠⣾⡟⠁⠀⠀⠀⠀⠉⠉⠉⠉⠉⣉⣉⣉⣙⣿⢶⣄⣀⣀
⠀⠀⠈⣽⣿⠃⠀⠀⠀⠀⠀⠀⠀⠀⠀⠈⠉⠉⠁⠀⠀⠈⠉⠙⢿⣦⡀
⠀⠀⠸⠿⣧⣤⠀⠀⠀⢀⣀⣀⣤⣤⣤⠶⠶⠶⠶⠶⣦⣤⣀⣀⣼⡿⠃
⠀⠀⠀⢠⣿⣷⡶⠾⠛⠛⠉⠉⠀⠀⠀⠀⠀⠀⠀⠀⠀⠈⠙⠉⠁
⠀⠀⠀⠈⠉
⣿⡿⠟⠛⢻⠋⠉⠁⠀⠁⠀⠀⠀⢀
⠃⠀⠀⠀⡤⠀⠀⠀⠸⠀⠀⠀⢠⣾
⣶⡀⠀⠀⠀⠀⢀⠀⠀⠀⠀⢠⣿⣿
⣿⣷⡄⣀⣤⣴⣾⣶⣶⣶⣶⣿⣿⣿
⣿⣿⣿⡿⠿⠟⠛⣻⠛⠉⠉⠉⠁⠀⡏⠀⠀⠀⠀⠀⠀⢠
⡟⠉⠀⠀⠀⠀⢀⡇⠀⠀⠀⠀⠀⣼⡄⠀⠀⠀⠀⠀⣠⣾
⢁⠀⠀⠀⠀⠀⠘⠃⠀⠀⠀⠀⠀⠈⠀⠀⠀⠀⢀⣼⣿⣿
⣿⣷⡄⠀⠀⠀⠀⠀⠀⠀⣤⠀⠀⠀⠀⠀⠀⢠⣾⣿⣿⣿
⣿⣿⣿⣦⠀⣠⣤⣶⣶⣿⣿⣿⣿⣿⣿⣿⣿⣿⣿⣿⣿⣿
⣿⣿⣿⣿⣿⣿⣿⠿⠿⢿⠿⠛⠋⠉⠉⠉⠉⢁⡏⠁⠀⠀⠀⠀⠀⠀⠀⢀
⣿⡿⠟⠋⠉⠀⠀⠀⠀⡟⠀⠀⠀⠀⠀⠀⠀⢸⠀⠀⠀⠀⠀⠀⠀⠀⠀⣸
⡏⠀⠀⠀⠀⠀⠀⠀⣠⣇⠀⠀⠀⠀⠀⠀⠐⣿⠃⠀⠀⠀⠀⠀⠀⣠⣿⣿
⠃⠀⠀⠀⠀⠀⠀⠀⠹⠃⠀⠀⠀⠀⠀⠀⠀⠁⠀⠀⠀⠀⠀⠀⣰⣿⣿⣿
⣿⣿⡄⠀⠀⠀⠀⠀⠀⠀⠀⠀⠀⡀⠀⠀⠀⠀⠀⠀⠀⠀⠀⣼⣿⣿⣿⣿
⣿⣿⣿⣆⠀⠀⠀⠀⠀⠀⠀⣀⣤⣿⣄⣀⣀⣀⣀⣀⣀⣠⣾⣿⣿⣿⣿⣿
⣿⣿⣿⣿⣧⡀⣠⣴⣶⣿⣿⣿⣿⣿⣿⣿⣿⣿⣿⣿⣿⣿⣿⣿⣿⣿⣿⣿
⠀⠀⠀⢀⣴⣞⠀⣠⣶⡁
⠀⠀⠀⢼⣿⣿⣟⢛⠷⣦⢉⣣⡀
⣤⣶⣶⣿⣿⣿⣿⠟⢋⡀⠀⢈⠁
⠀⠉⠛⠿⠿⣿⣿⣶⡿⠿⠋
⠀⠀⠀⠀⠀⠀⣀⣤⣶⠃⠀⢀⣤⣶⠋
⠀⠀⠀⠀⠀⢰⣿⣿⣿⣤⣤⣿⣿⣛⡒⠲⢤⣄⡀
⠀⠀⠀⠀⠀⣿⣿⣿⣿⣿⣭⢉⣽⠻⣿⡦⠀⣈⣸⣤
⢀⣤⣤⣤⣶⣿⣿⣿⣿⣿⣿⣷⠶⠋⠁⠀⠀⠁⠉⠅⠀⠘
⠙⠿⣿⣿⣿⣿⣿⣿⣿⣿⣿⣇⠠⠶⣚⣥⣄⠨⠔⠂
⠀⠀⠀⠉⠙⠛⠿⠿⣿⣿⣿⣿⣿⡿⠿⠟
⠀⠀⠀⠀⠀⠀⠀⠀⢀⣠⣴⡖⠀⠀⠀⣀⣤⣶⠋
⠀⠀⠀⠀⠀⠀⠀⣰⣿⣿⣿⡄⠀⢀⣴⣿⣿⣿⣄⣀⡀
⠀⠀⠀⠀⠀⠀⢠⣿⣿⣿⣿⣿⣿⣿⣿⣿⣶⣶⣄⠈⠉⠻⡶⢂⡀
⠀⠀⠀⠀⠀⠀⢸⣿⣿⣿⣿⣿⣷⣶⠀⣬⡭⢛⣿⣷⠀⢀⣤⣭⣤⡄⠀⢀
⠀⣀⣤⣤⣤⣤⣾⣿⣿⣿⣿⣿⣿⣿⣷⣶⠶⠛⠉⠀⠀⠈⠁⠉⢋⠀⠀⠘
⢾⣿⣿⣿⣿⣿⣿⣿⣿⣿⣿⣿⣿⣿⡟⠁⢀⣠⣤⠤⠀⠀⠤⢄⡀⠈⠄
⠀⠉⠛⠿⣿⣿⣿⣿⣿⣿⣿⣿⣿⣿⣧⣌⣛⣭⣶⣾⠗⠒⠋⠉
⠀⠀⠀⠀⠀⠉⠙⠛⠻⠿⢿⣿⣿⣿⣿⣿⡿⠿⠿⠟--- ncaaw/ALA md: 7 rows x 28 cells ---
wrote packages/core/src/art/ncaaw/ala.xs.txt
wrote packages/core/src/art/ncaaw/ala.sm.txt
wrote packages/core/src/art/ncaaw/ala.md.txt
--- ncaaw/ALST xs: 2 rows x 13 cells ---
--- ncaaw/ALST sm: 3 rows x 20 cells ---
--- ncaaw/ALST md: 3 rows x 26 cells ---
wrote packages/core/src/art/ncaaw/alst.xs.txt
wrote packages/core/src/art/ncaaw/alst.sm.txt
wrote packages/core/src/art/ncaaw/alst.md.txt
--- ncaaw/ALCN xs: 3 rows x 14 cells ---
--- ncaaw/ALCN sm: 5 rows x 22 cells ---
--- ncaaw/ALCN md: 7 rows x 28 cells ---
wrote packages/core/src/art/ncaaw/alcn.xs.txt
wrote packages/core/src/art/ncaaw/alcn.sm.txt
wrote packages/core/src/art/ncaaw/alcn.md.txt
--- ncaaw/AMER xs: 3 rows x 14 cells ---
--- ncaaw/AMER sm: 5 rows x 22 cells ---
--- ncaaw/AMER md: 6 rows x 28 cells ---
wrote packages/core/src/art/ncaaw/amer.xs.txt
wrote packages/core/src/art/ncaaw/amer.sm.txt
wrote packages/core/src/art/ncaaw/amer.md.txt
--- ncaaw/APP xs: 4 rows x 14 cells ---
--- ncaaw/APP sm: 7 rows x 21 cells ---
--- ncaaw/APP md: 8 rows x 27 cells ---
wrote packages/core/src/art/ncaaw/app.xs.txt
wrote packages/core/src/art/ncaaw/app.sm.txt
wrote packages/core/src/art/ncaaw/app.md.txt
--- ncaaw/ASU xs: 7 rows x 14 cells ---
--- ncaaw/ASU sm: 11 rows x 21 cells ---
--- ncaaw/ASU md: 14 rows x 27 cells ---
wrote packages/core/src/art/ncaaw/asu.xs.txt
wrote packages/core/src/art/ncaaw/asu.sm.txt
wrote packages/core/src/art/ncaaw/asu.md.txt
--- ncaaw/ARIZ xs: 3 rows x 14 cells ---
--- ncaaw/ARIZ sm: 5 rows x 22 cells ---
--- ncaaw/ARIZ md: 7 rows x 28 cells ---
wrote packages/core/src/art/ncaaw/ariz.xs.txt
wrote packages/core/src/art/ncaaw/ariz.sm.txt
wrote packages/core/src/art/ncaaw/ariz.md.txt
--- ncaaw/ARK xs: 2 rows x 14 cells ---
--- ncaaw/ARK sm: 3 rows x 22 cells ---
--- ncaaw/ARK md: 3 rows x 28 cells ---
wrote packages/core/src/art/ncaaw/ark.xs.txt
wrote packages/core/src/art/ncaaw/ark.sm.txt
wrote packages/core/src/art/ncaaw/ark.md.txt
--- ncaaw/ARST xs: 4 rows x 14 cells ---
--- ncaaw/ARST sm: 6 rows x 22 cells ---
--- ncaaw/ARST md: 8 rows x 28 cells ---
wrote packages/core/src/art/ncaaw/arst.xs.txt
wrote packages/core/src/art/ncaaw/arst.sm.txt
wrote packages/core/src/art/ncaaw/arst.md.txt
--- ncaaw/UAPB xs: 3 rows x 14 cells ---
--- ncaaw/UAPB sm: 5 rows x 22 cells ---
--- ncaaw/UAPB md: 6 rows x 28 cells ---
wrote packages/core/src/art/ncaaw/uapb.xs.txt
wrote packages/core/src/art/ncaaw/uapb.sm.txt
wrote packages/core/src/art/ncaaw/uapb.md.txt
--- ncaaw/ARMY xs: 4 rows x 14 cells ---
--- ncaaw/ARMY sm: 7 rows x 22 cells ---
--- ncaaw/ARMY md: 8 rows x 28 cells ---
wrote packages/core/src/art/ncaaw/army.xs.txt
wrote packages/core/src/art/ncaaw/army.sm.txt
wrote packages/core/src/art/ncaaw/army.md.txt
--- ncaaw/AUB xs: 3 rows x 14 cells ---
--- ncaaw/AUB sm: 5 rows x 22 cells ---
--- ncaaw/AUB md: 6 rows x 28 cells ---
wrote packages/core/src/art/ncaaw/aub.xs.txt
wrote packages/core/src/art/ncaaw/aub.sm.txt
wrote packages/core/src/art/ncaaw/aub.md.txt
--- ncaaw/APSU xs: 4 rows x 14 cells ---
--- ncaaw/APSU sm: 6 rows x 21 cells ---
--- ncaaw/APSU md: 8 rows x 27 cells ---
wrote packages/core/src/art/ncaaw/apsu.xs.txt
wrote packages/core/src/art/ncaaw/apsu.sm.txt
wrote packages/core/src/art/ncaaw/apsu.md.txt
--- ncaaw/BYU xs: 2 rows x 14 cells ---
--- ncaaw/BYU sm: 4 rows x 22 cells ---
--- ncaaw/BYU md: 5 rows x 28 cells ---
wrote packages/core/src/art/ncaaw/byu.xs.txt
wrote packages/core/src/art/ncaaw/byu.sm.txt
wrote packages/core/src/art/ncaaw/byu.md.txt
--- ncaaw/BALL xs: 5 rows x 14 cells ---
--- ncaaw/BALL sm: 8 rows x 22 cells ---
--- ncaaw/BALL md: 10 rows x 28 cells ---
wrote packages/core/src/art/ncaaw/ball.xs.txt
wrote packages/core/src/art/ncaaw/ball.sm.txt
wrote packages/core/src/art/ncaaw/ball.md.txt
--- ncaaw/BAY xs: 4 rows x 14 cells ---
--- ncaaw/BAY sm: 7 rows x 22 cells ---
--- ncaaw/BAY md: 9 rows x 28 cells ---
wrote packages/core/src/art/ncaaw/bay.xs.txt
wrote packages/core/src/art/ncaaw/bay.sm.txt
wrote packages/core/src/art/ncaaw/bay.md.txt
--- ncaaw/BELL xs: 5 rows x 14 cells ---
--- ncaaw/BELL sm: 8 rows x 22 cells ---
--- ncaaw/BELL md: 10 rows x 28 cells ---
wrote packages/core/src/art/ncaaw/bell.xs.txt
wrote packages/core/src/art/ncaaw/bell.sm.txt
wrote packages/core/src/art/ncaaw/bell.md.txt
--- ncaaw/BEL xs: 4 rows x 14 cells ---
--- ncaaw/BEL sm: 5 rows x 22 cells ---
--- ncaaw/BEL md: 7 rows x 28 cells ---
wrote packages/core/src/art/ncaaw/bel.xs.txt
wrote packages/core/src/art/ncaaw/bel.sm.txt
wrote packages/core/src/art/ncaaw/bel.md.txt
--- ncaaw/BCU xs: 4 rows x 13 cells ---
--- ncaaw/BCU sm: 6 rows x 21 cells ---
--- ncaaw/BCU md: 8 rows x 27 cells ---
wrote packages/core/src/art/ncaaw/bcu.xs.txt
wrote packages/core/src/art/ncaaw/bcu.sm.txt
wrote packages/core/src/art/ncaaw/bcu.md.txt
--- ncaaw/BING xs: 3 rows x 14 cells ---
--- ncaaw/BING sm: 5 rows x 22 cells ---
--- ncaaw/BING md: 6 rows x 28 cells ---
wrote packages/core/src/art/ncaaw/bing.xs.txt
wrote packages/core/src/art/ncaaw/bing.sm.txt
wrote packages/core/src/art/ncaaw/bing.md.txt
--- ncaaw/BOIS xs: 3 rows x 14 cells ---
--- ncaaw/BOIS sm: 5 rows x 22 cells ---
--- ncaaw/BOIS md: 6 rows x 28 cells ---
wrote packages/core/src/art/ncaaw/bois.xs.txt
wrote packages/core/src/art/ncaaw/bois.sm.txt
wrote packages/core/src/art/ncaaw/bois.md.txt
--- ncaaw/BC xs: 3 rows x 14 cells ---
--- ncaaw/BC sm: 5 rows x 22 cells ---
--- ncaaw/BC md: 7 rows x 28 cells ---
wrote packages/core/src/art/ncaaw/bc.xs.txt
wrote packages/core/src/art/ncaaw/bc.sm.txt
wrote packages/core/src/art/ncaaw/bc.md.txt
--- ncaaw/BU xs: 3 rows x 14 cells ---
--- ncaaw/BU sm: 5 rows x 22 cells ---
--- ncaaw/BU md: 6 rows x 28 cells ---
wrote packages/core/src/art/ncaaw/bu.xs.txt
wrote packages/core/src/art/ncaaw/bu.sm.txt
wrote packages/core/src/art/ncaaw/bu.md.txt
--- ncaaw/BGSU xs: 4 rows x 14 cells ---
--- ncaaw/BGSU sm: 5 rows x 22 cells ---
--- ncaaw/BGSU md: 7 rows x 28 cells ---
wrote packages/core/src/art/ncaaw/bgsu.xs.txt
wrote packages/core/src/art/ncaaw/bgsu.sm.txt
wrote packages/core/src/art/ncaaw/bgsu.md.txt
--- ncaaw/BRAD xs: 4 rows x 14 cells ---
--- ncaaw/BRAD sm: 7 rows x 22 cells ---
--- ncaaw/BRAD md: 9 rows x 28 cells ---
wrote packages/core/src/art/ncaaw/brad.xs.txt
wrote packages/core/src/art/ncaaw/brad.sm.txt
wrote packages/core/src/art/ncaaw/brad.md.txt
--- ncaaw/BRWN xs: 5 rows x 14 cells ---
--- ncaaw/BRWN sm: 7 rows x 22 cells ---
--- ncaaw/BRWN md: 9 rows x 28 cells ---
wrote packages/core/src/art/ncaaw/brwn.xs.txt
wrote packages/core/src/art/ncaaw/brwn.sm.txt
wrote packages/core/src/art/ncaaw/brwn.md.txt
--- ncaaw/BRY xs: 3 rows x 14 cells ---
--- ncaaw/BRY sm: 5 rows x 22 cells ---
--- ncaaw/BRY md: 6 rows x 28 cells ---
wrote packages/core/src/art/ncaaw/bry.xs.txt
wrote packages/core/src/art/ncaaw/bry.sm.txt
wrote packages/core/src/art/ncaaw/bry.md.txt
--- ncaaw/BUCK xs: 3 rows x 14 cells ---
--- ncaaw/BUCK sm: 4 rows x 22 cells ---
--- ncaaw/BUCK md: 5 rows x 28 cells ---
wrote packages/core/src/art/ncaaw/buck.xs.txt
wrote packages/core/src/art/ncaaw/buck.sm.txt
wrote packages/core/src/art/ncaaw/buck.md.txt
--- ncaaw/BUF xs: 4 rows x 14 cells ---
--- ncaaw/BUF sm: 6 rows x 22 cells ---
--- ncaaw/BUF md: 7 rows x 28 cells ---
wrote packages/core/src/art/ncaaw/buf.xs.txt
wrote packages/core/src/art/ncaaw/buf.sm.txt
wrote packages/core/src/art/ncaaw/buf.md.txt
--- ncaaw/BTLR xs: 4 rows x 14 cells ---
--- ncaaw/BTLR sm: 6 rows x 22 cells ---
--- ncaaw/BTLR md: 7 rows x 28 cells ---
wrote packages/core/src/art/ncaaw/btlr.xs.txt
wrote packages/core/src/art/ncaaw/btlr.sm.txt
wrote packages/core/src/art/ncaaw/btlr.md.txt
--- ncaaw/CP xs: 4 rows x 14 cells ---
--- ncaaw/CP sm: 6 rows x 22 cells ---
--- ncaaw/CP md: 7 rows x 28 cells ---
wrote packages/core/src/art/ncaaw/cp.xs.txt
wrote packages/core/src/art/ncaaw/cp.sm.txt
wrote packages/core/src/art/ncaaw/cp.md.txt
--- ncaaw/CSUB xs: 3 rows x 13 cells ---
--- ncaaw/CSUB sm: 4 rows x 21 cells ---
--- ncaaw/CSUB md: 5 rows x 27 cells ---
wrote packages/core/src/art/ncaaw/csub.xs.txt
wrote packages/core/src/art/ncaaw/csub.sm.txt
wrote packages/core/src/art/ncaaw/csub.md.txt
--- ncaaw/CSUF xs: 6 rows x 14 cells ---
--- ncaaw/CSUF sm: 9 rows x 22 cells ---
--- ncaaw/CSUF md: 11 rows x 28 cells ---
wrote packages/core/src/art/ncaaw/csuf.xs.txt
wrote packages/core/src/art/ncaaw/csuf.sm.txt
wrote packages/core/src/art/ncaaw/csuf.md.txt
--- ncaaw/CSUN xs: 6 rows x 14 cells ---
--- ncaaw/CSUN sm: 9 rows x 22 cells ---
--- ncaaw/CSUN md: 11 rows x 28 cells ---
wrote packages/core/src/art/ncaaw/csun.xs.txt
wrote packages/core/src/art/ncaaw/csun.sm.txt
wrote packages/core/src/art/ncaaw/csun.md.txt
--- ncaaw/CBU xs: 2 rows x 14 cells ---
--- ncaaw/CBU sm: 2 rows x 22 cells ---
--- ncaaw/CBU md: 3 rows x 28 cells ---
wrote packages/core/src/art/ncaaw/cbu.xs.txt
wrote packages/core/src/art/ncaaw/cbu.sm.txt
wrote packages/core/src/art/ncaaw/cbu.md.txt
--- ncaaw/CAL xs: 3 rows x 14 cells ---
--- ncaaw/CAL sm: 5 rows x 22 cells ---
--- ncaaw/CAL md: 6 rows x 28 cells ---
wrote packages/core/src/art/ncaaw/cal.xs.txt
wrote packages/core/src/art/ncaaw/cal.sm.txt
wrote packages/core/src/art/ncaaw/cal.md.txt
--- ncaaw/CAM xs: 2 rows x 14 cells ---
--- ncaaw/CAM sm: 3 rows x 22 cells ---
--- ncaaw/CAM md: 4 rows x 28 cells ---
wrote packages/core/src/art/ncaaw/cam.xs.txt
wrote packages/core/src/art/ncaaw/cam.sm.txt
wrote packages/core/src/art/ncaaw/cam.md.txt
--- ncaaw/CAN xs: 4 rows x 14 cells ---
--- ncaaw/CAN sm: 6 rows x 22 cells ---
--- ncaaw/CAN md: 7 rows x 28 cells ---
wrote packages/core/src/art/ncaaw/can.xs.txt
wrote packages/core/src/art/ncaaw/can.sm.txt
wrote packages/core/src/art/ncaaw/can.md.txt
--- ncaaw/CARK xs: 2 rows x 11 cells ---
--- ncaaw/CARK sm: 5 rows x 17 cells ---
--- ncaaw/CARK md: 6 rows x 27 cells ---
wrote packages/core/src/art/ncaaw/cark.xs.txt
wrote packages/core/src/art/ncaaw/cark.sm.txt
wrote packages/core/src/art/ncaaw/cark.md.txt
--- ncaaw/CCSU xs: 4 rows x 14 cells ---
--- ncaaw/CCSU sm: 6 rows x 21 cells ---
--- ncaaw/CCSU md: 8 rows x 27 cells ---
wrote packages/core/src/art/ncaaw/ccsu.xs.txt
wrote packages/core/src/art/ncaaw/ccsu.sm.txt
wrote packages/core/src/art/ncaaw/ccsu.md.txt
--- ncaaw/CMU xs: 3 rows x 14 cells ---
--- ncaaw/CMU sm: 4 rows x 21 cells ---
--- ncaaw/CMU md: 5 rows x 27 cells ---
wrote packages/core/src/art/ncaaw/cmu.xs.txt
wrote packages/core/src/art/ncaaw/cmu.sm.txt
wrote packages/core/src/art/ncaaw/cmu.md.txt
--- ncaaw/COFC xs: 5 rows x 14 cells ---
--- ncaaw/COFC sm: 7 rows x 22 cells ---
--- ncaaw/COFC md: 9 rows x 28 cells ---
wrote packages/core/src/art/ncaaw/cofc.xs.txt
wrote packages/core/src/art/ncaaw/cofc.sm.txt
wrote packages/core/src/art/ncaaw/cofc.md.txt
--- ncaaw/CHSO xs: 3 rows x 14 cells ---
--- ncaaw/CHSO sm: 4 rows x 22 cells ---
--- ncaaw/CHSO md: 5 rows x 28 cells ---
wrote packages/core/src/art/ncaaw/chso.xs.txt
wrote packages/core/src/art/ncaaw/chso.sm.txt
wrote packages/core/src/art/ncaaw/chso.md.txt
--- ncaaw/CLT xs: 5 rows x 14 cells ---
--- ncaaw/CLT sm: 7 rows x 22 cells ---
--- ncaaw/CLT md: 9 rows x 28 cells ---
wrote packages/core/src/art/ncaaw/clt.xs.txt
wrote packages/core/src/art/ncaaw/clt.sm.txt
wrote packages/core/src/art/ncaaw/clt.md.txt
--- ncaaw/UTC xs: 3 rows x 14 cells ---
--- ncaaw/UTC sm: 5 rows x 22 cells ---
--- ncaaw/UTC md: 6 rows x 28 cells ---
wrote packages/core/src/art/ncaaw/utc.xs.txt
wrote packages/core/src/art/ncaaw/utc.sm.txt
wrote packages/core/src/art/ncaaw/utc.md.txt
--- ncaaw/CHST xs: 4 rows x 14 cells ---
--- ncaaw/CHST sm: 6 rows x 22 cells ---
--- ncaaw/CHST md: 7 rows x 28 cells ---
wrote packages/core/src/art/ncaaw/chst.xs.txt
wrote packages/core/src/art/ncaaw/chst.sm.txt
wrote packages/core/src/art/ncaaw/chst.md.txt
--- ncaaw/CIN xs: 6 rows x 14 cells ---
--- ncaaw/CIN sm: 9 rows x 21 cells ---
--- ncaaw/CIN md: 11 rows x 27 cells ---
wrote packages/core/src/art/ncaaw/cin.xs.txt
wrote packages/core/src/art/ncaaw/cin.sm.txt
wrote packages/core/src/art/ncaaw/cin.md.txt
--- ncaaw/CLEM xs: 4 rows x 14 cells ---
--- ncaaw/CLEM sm: 6 rows x 22 cells ---
--- ncaaw/CLEM md: 7 rows x 28 cells ---
wrote packages/core/src/art/ncaaw/clem.xs.txt
wrote packages/core/src/art/ncaaw/clem.sm.txt
wrote packages/core/src/art/ncaaw/clem.md.txt
--- ncaaw/CLE xs: 4 rows x 14 cells ---
--- ncaaw/CLE sm: 6 rows x 22 cells ---
--- ncaaw/CLE md: 8 rows x 28 cells ---
wrote packages/core/src/art/ncaaw/cle.xs.txt
wrote packages/core/src/art/ncaaw/cle.sm.txt
wrote packages/core/src/art/ncaaw/cle.md.txt
--- ncaaw/CCU xs: 4 rows x 14 cells ---
--- ncaaw/CCU sm: 6 rows x 22 cells ---
--- ncaaw/CCU md: 8 rows x 28 cells ---
wrote packages/core/src/art/ncaaw/ccu.xs.txt
wrote packages/core/src/art/ncaaw/ccu.sm.txt
wrote packages/core/src/art/ncaaw/ccu.md.txt
--- ncaaw/COLG xs: 4 rows x 13 cells ---
--- ncaaw/COLG sm: 5 rows x 22 cells ---
--- ncaaw/COLG md: 7 rows x 28 cells ---
wrote packages/core/src/art/ncaaw/colg.xs.txt
wrote packages/core/src/art/ncaaw/colg.sm.txt
wrote packages/core/src/art/ncaaw/colg.md.txt
--- ncaaw/COLO xs: 3 rows x 14 cells ---
--- ncaaw/COLO sm: 4 rows x 22 cells ---
--- ncaaw/COLO md: 5 rows x 28 cells ---
wrote packages/core/src/art/ncaaw/colo.xs.txt
wrote packages/core/src/art/ncaaw/colo.sm.txt
wrote packages/core/src/art/ncaaw/colo.md.txt
--- ncaaw/CSU xs: 4 rows x 14 cells ---
--- ncaaw/CSU sm: 6 rows x 22 cells ---
--- ncaaw/CSU md: 7 rows x 28 cells ---
wrote packages/core/src/art/ncaaw/csu.xs.txt
wrote packages/core/src/art/ncaaw/csu.sm.txt
wrote packages/core/src/art/ncaaw/csu.md.txt
--- ncaaw/COLU xs: 4 rows x 14 cells ---
--- ncaaw/COLU sm: 7 rows x 22 cells ---
--- ncaaw/COLU md: 8 rows x 28 cells ---
wrote packages/core/src/art/ncaaw/colu.xs.txt
wrote packages/core/src/art/ncaaw/colu.sm.txt
wrote packages/core/src/art/ncaaw/colu.md.txt
--- ncaaw/COPP xs: 2 rows x 14 cells ---
--- ncaaw/COPP sm: 4 rows x 22 cells ---
--- ncaaw/COPP md: 5 rows x 28 cells ---
wrote packages/core/src/art/ncaaw/copp.xs.txt
wrote packages/core/src/art/ncaaw/copp.sm.txt
wrote packages/core/src/art/ncaaw/copp.md.txt
--- ncaaw/COR xs: 5 rows x 14 cells ---
--- ncaaw/COR sm: 7 rows x 22 cells ---
--- ncaaw/COR md: 9 rows x 28 cells ---
wrote packages/core/src/art/ncaaw/cor.xs.txt
wrote packages/core/src/art/ncaaw/cor.sm.txt
wrote packages/core/src/art/ncaaw/cor.md.txt
--- ncaaw/CREI xs: 4 rows x 14 cells ---
--- ncaaw/CREI sm: 6 rows x 22 cells ---
--- ncaaw/CREI md: 7 rows x 28 cells ---
wrote packages/core/src/art/ncaaw/crei.xs.txt
wrote packages/core/src/art/ncaaw/crei.sm.txt
wrote packages/core/src/art/ncaaw/crei.md.txt
--- ncaaw/DART xs: 5 rows x 14 cells ---
--- ncaaw/DART sm: 7 rows x 22 cells ---
--- ncaaw/DART md: 9 rows x 28 cells ---
wrote packages/core/src/art/ncaaw/dart.xs.txt
wrote packages/core/src/art/ncaaw/dart.sm.txt
wrote packages/core/src/art/ncaaw/dart.md.txt
--- ncaaw/DAV xs: 4 rows x 14 cells ---
--- ncaaw/DAV sm: 6 rows x 22 cells ---
--- ncaaw/DAV md: 8 rows x 28 cells ---
wrote packages/core/src/art/ncaaw/dav.xs.txt
wrote packages/core/src/art/ncaaw/dav.sm.txt
wrote packages/core/src/art/ncaaw/dav.md.txt
--- ncaaw/DAY xs: 2 rows x 14 cells ---
--- ncaaw/DAY sm: 4 rows x 22 cells ---
--- ncaaw/DAY md: 5 rows x 28 cells ---
wrote packages/core/src/art/ncaaw/day.xs.txt
wrote packages/core/src/art/ncaaw/day.sm.txt
wrote packages/core/src/art/ncaaw/day.md.txt
--- ncaaw/DEP xs: 4 rows x 14 cells ---
--- ncaaw/DEP sm: 6 rows x 22 cells ---
--- ncaaw/DEP md: 8 rows x 28 cells ---
wrote packages/core/src/art/ncaaw/dep.xs.txt
wrote packages/core/src/art/ncaaw/dep.sm.txt
wrote packages/core/src/art/ncaaw/dep.md.txt
--- ncaaw/DEL xs: 3 rows x 14 cells ---
--- ncaaw/DEL sm: 4 rows x 22 cells ---
--- ncaaw/DEL md: 5 rows x 28 cells ---
wrote packages/core/src/art/ncaaw/del.xs.txt
wrote packages/core/src/art/ncaaw/del.sm.txt
wrote packages/core/src/art/ncaaw/del.md.txt
--- ncaaw/DSU xs: 3 rows x 14 cells ---
--- ncaaw/DSU sm: 5 rows x 22 cells ---
--- ncaaw/DSU md: 6 rows x 28 cells ---
wrote packages/core/src/art/ncaaw/dsu.xs.txt
wrote packages/core/src/art/ncaaw/dsu.sm.txt
wrote packages/core/src/art/ncaaw/dsu.md.txt
--- ncaaw/DEN xs: 1 rows x 14 cells ---
--- ncaaw/DEN sm: 2 rows x 22 cells ---
--- ncaaw/DEN md: 2 rows x 28 cells ---
wrote packages/core/src/art/ncaaw/den.xs.txt
wrote packages/core/src/art/ncaaw/den.sm.txt
wrote packages/core/src/art/ncaaw/den.md.txt
--- ncaaw/DETM xs: 3 rows x 14 cells ---
--- ncaaw/DETM sm: 4 rows x 22 cells ---
--- ncaaw/DETM md: 5 rows x 28 cells ---
wrote packages/core/src/art/ncaaw/detm.xs.txt
wrote packages/core/src/art/ncaaw/detm.sm.txt
wrote packages/core/src/art/ncaaw/detm.md.txt
--- ncaaw/DRKE xs: 4 rows x 14 cells ---
--- ncaaw/DRKE sm: 6 rows x 22 cells ---
--- ncaaw/DRKE md: 8 rows x 28 cells ---
wrote packages/core/src/art/ncaaw/drke.xs.txt
wrote packages/core/src/art/ncaaw/drke.sm.txt
wrote packages/core/src/art/ncaaw/drke.md.txt
--- ncaaw/DREX xs: 3 rows x 14 cells ---
--- ncaaw/DREX sm: 4 rows x 21 cells ---
--- ncaaw/DREX md: 5 rows x 28 cells ---
wrote packages/core/src/art/ncaaw/drex.xs.txt
wrote packages/core/src/art/ncaaw/drex.sm.txt
wrote packages/core/src/art/ncaaw/drex.md.txt
--- ncaaw/DUKE xs: 3 rows x 14 cells ---
--- ncaaw/DUKE sm: 5 rows x 22 cells ---
--- ncaaw/DUKE md: 6 rows x 28 cells ---
wrote packages/core/src/art/ncaaw/duke.xs.txt
wrote packages/core/src/art/ncaaw/duke.sm.txt
wrote packages/core/src/art/ncaaw/duke.md.txt
--- ncaaw/DUQ xs: 8 rows x 14 cells ---
--- ncaaw/DUQ sm: 12 rows x 22 cells ---
--- ncaaw/DUQ md: 15 rows x 28 cells ---
wrote packages/core/src/art/ncaaw/duq.xs.txt
wrote packages/core/src/art/ncaaw/duq.sm.txt
wrote packages/core/src/art/ncaaw/duq.md.txt
--- ncaaw/ECU xs: 4 rows x 14 cells ---
--- ncaaw/ECU sm: 6 rows x 22 cells ---
--- ncaaw/ECU md: 8 rows x 28 cells ---
wrote packages/core/src/art/ncaaw/ecu.xs.txt
wrote packages/core/src/art/ncaaw/ecu.sm.txt
wrote packages/core/src/art/ncaaw/ecu.md.txt
--- ncaaw/ETSU xs: 4 rows x 13 cells ---
--- ncaaw/ETSU sm: 6 rows x 21 cells ---
--- ncaaw/ETSU md: 7 rows x 27 cells ---
wrote packages/core/src/art/ncaaw/etsu.xs.txt
wrote packages/core/src/art/ncaaw/etsu.sm.txt
wrote packages/core/src/art/ncaaw/etsu.md.txt
--- ncaaw/ETAM xs: 4 rows x 14 cells ---
--- ncaaw/ETAM sm: 6 rows x 22 cells ---
--- ncaaw/ETAM md: 7 rows x 28 cells ---
wrote packages/core/src/art/ncaaw/etam.xs.txt
wrote packages/core/src/art/ncaaw/etam.sm.txt
wrote packages/core/src/art/ncaaw/etam.md.txt
--- ncaaw/EIU xs: 3 rows x 14 cells ---
--- ncaaw/EIU sm: 5 rows x 22 cells ---
--- ncaaw/EIU md: 6 rows x 28 cells ---
wrote packages/core/src/art/ncaaw/eiu.xs.txt
wrote packages/core/src/art/ncaaw/eiu.sm.txt
wrote packages/core/src/art/ncaaw/eiu.md.txt
--- ncaaw/EKU xs: 1 rows x 14 cells ---
--- ncaaw/EKU sm: 2 rows x 22 cells ---
--- ncaaw/EKU md: 2 rows x 28 cells ---
wrote packages/core/src/art/ncaaw/eku.xs.txt
wrote packages/core/src/art/ncaaw/eku.sm.txt
wrote packages/core/src/art/ncaaw/eku.md.txt
--- ncaaw/EMU xs: 4 rows x 14 cells ---
--- ncaaw/EMU sm: 7 rows x 22 cells ---
--- ncaaw/EMU md: 8 rows x 28 cells ---
wrote packages/core/src/art/ncaaw/emu.xs.txt
wrote packages/core/src/art/ncaaw/emu.sm.txt
wrote packages/core/src/art/ncaaw/emu.md.txt
--- ncaaw/EWU xs: 4 rows x 14 cells ---
--- ncaaw/EWU sm: 5 rows x 22 cells ---
--- ncaaw/EWU md: 7 rows x 28 cells ---
wrote packages/core/src/art/ncaaw/ewu.xs.txt
wrote packages/core/src/art/ncaaw/ewu.sm.txt
wrote packages/core/src/art/ncaaw/ewu.md.txt
--- ncaaw/ELON xs: 4 rows x 14 cells ---
--- ncaaw/ELON sm: 6 rows x 22 cells ---
--- ncaaw/ELON md: 8 rows x 28 cells ---
wrote packages/core/src/art/ncaaw/elon.xs.txt
wrote packages/core/src/art/ncaaw/elon.sm.txt
wrote packages/core/src/art/ncaaw/elon.md.txt
--- ncaaw/EVAN xs: 3 rows x 14 cells ---
--- ncaaw/EVAN sm: 5 rows x 21 cells ---
--- ncaaw/EVAN md: 6 rows x 27 cells ---
wrote packages/core/src/art/ncaaw/evan.xs.txt
wrote packages/core/src/art/ncaaw/evan.sm.txt
wrote packages/core/src/art/ncaaw/evan.md.txt
--- ncaaw/FAIR xs: 3 rows x 14 cells ---
--- ncaaw/FAIR sm: 5 rows x 22 cells ---
--- ncaaw/FAIR md: 6 rows x 28 cells ---
wrote packages/core/src/art/ncaaw/fair.xs.txt
wrote packages/core/src/art/ncaaw/fair.sm.txt
wrote packages/core/src/art/ncaaw/fair.md.txt
--- ncaaw/FDU xs: 3 rows x 14 cells ---
--- ncaaw/FDU sm: 5 rows x 22 cells ---
--- ncaaw/FDU md: 7 rows x 28 cells ---
wrote packages/core/src/art/ncaaw/fdu.xs.txt
wrote packages/core/src/art/ncaaw/fdu.sm.txt
wrote packages/core/src/art/ncaaw/fdu.md.txt
--- ncaaw/FAMU xs: 3 rows x 14 cells ---
--- ncaaw/FAMU sm: 4 rows x 22 cells ---
--- ncaaw/FAMU md: 5 rows x 28 cells ---
wrote packages/core/src/art/ncaaw/famu.xs.txt
wrote packages/core/src/art/ncaaw/famu.sm.txt
wrote packages/core/src/art/ncaaw/famu.md.txt
--- ncaaw/FAU xs: 2 rows x 14 cells ---
--- ncaaw/FAU sm: 3 rows x 22 cells ---
--- ncaaw/FAU md: 4 rows x 27 cells ---
wrote packages/core/src/art/ncaaw/fau.xs.txt
wrote packages/core/src/art/ncaaw/fau.sm.txt
wrote packages/core/src/art/ncaaw/fau.md.txt
--- ncaaw/FLA xs: 2 rows x 14 cells ---
--- ncaaw/FLA sm: 4 rows x 22 cells ---
--- ncaaw/FLA md: 5 rows x 28 cells ---
wrote packages/core/src/art/ncaaw/fla.xs.txt
wrote packages/core/src/art/ncaaw/fla.sm.txt
wrote packages/core/src/art/ncaaw/fla.md.txt
--- ncaaw/FGCU xs: 3 rows x 14 cells ---
--- ncaaw/FGCU sm: 4 rows x 22 cells ---
--- ncaaw/FGCU md: 5 rows x 28 cells ---
wrote packages/core/src/art/ncaaw/fgcu.xs.txt
wrote packages/core/src/art/ncaaw/fgcu.sm.txt
wrote packages/core/src/art/ncaaw/fgcu.md.txt
--- ncaaw/FIU xs: 4 rows x 14 cells ---
--- ncaaw/FIU sm: 6 rows x 22 cells ---
--- ncaaw/FIU md: 8 rows x 28 cells ---
wrote packages/core/src/art/ncaaw/fiu.xs.txt
wrote packages/core/src/art/ncaaw/fiu.sm.txt
wrote packages/core/src/art/ncaaw/fiu.md.txt
--- ncaaw/FSU xs: 4 rows x 14 cells ---
--- ncaaw/FSU sm: 6 rows x 22 cells ---
--- ncaaw/FSU md: 7 rows x 28 cells ---
wrote packages/core/src/art/ncaaw/fsu.xs.txt
wrote packages/core/src/art/ncaaw/fsu.sm.txt
wrote packages/core/src/art/ncaaw/fsu.md.txt
--- ncaaw/FOR xs: 4 rows x 14 cells ---
--- ncaaw/FOR sm: 6 rows x 22 cells ---
--- ncaaw/FOR md: 7 rows x 28 cells ---
wrote packages/core/src/art/ncaaw/for.xs.txt
wrote packages/core/src/art/ncaaw/for.sm.txt
wrote packages/core/src/art/ncaaw/for.md.txt
--- ncaaw/FRES xs: 3 rows x 14 cells ---
--- ncaaw/FRES sm: 4 rows x 22 cells ---
--- ncaaw/FRES md: 5 rows x 28 cells ---
wrote packages/core/src/art/ncaaw/fres.xs.txt
wrote packages/core/src/art/ncaaw/fres.sm.txt
wrote packages/core/src/art/ncaaw/fres.md.txt
--- ncaaw/FUR xs: 4 rows x 13 cells ---
--- ncaaw/FUR sm: 6 rows x 21 cells ---
--- ncaaw/FUR md: 7 rows x 27 cells ---
wrote packages/core/src/art/ncaaw/fur.xs.txt
wrote packages/core/src/art/ncaaw/fur.sm.txt
wrote packages/core/src/art/ncaaw/fur.md.txt
--- ncaaw/GWEB xs: 3 rows x 14 cells ---
--- ncaaw/GWEB sm: 5 rows x 22 cells ---
--- ncaaw/GWEB md: 7 rows x 28 cells ---
wrote packages/core/src/art/ncaaw/gweb.xs.txt
wrote packages/core/src/art/ncaaw/gweb.sm.txt
wrote packages/core/src/art/ncaaw/gweb.md.txt
--- ncaaw/GMU xs: 3 rows x 14 cells ---
--- ncaaw/GMU sm: 4 rows x 22 cells ---
--- ncaaw/GMU md: 6 rows x 28 cells ---
wrote packages/core/src/art/ncaaw/gmu.xs.txt
wrote packages/core/src/art/ncaaw/gmu.sm.txt
wrote packages/core/src/art/ncaaw/gmu.md.txt
--- ncaaw/GW xs: 3 rows x 14 cells ---
--- ncaaw/GW sm: 4 rows x 22 cells ---
--- ncaaw/GW md: 5 rows x 28 cells ---
wrote packages/core/src/art/ncaaw/gw.xs.txt
wrote packages/core/src/art/ncaaw/gw.sm.txt
wrote packages/core/src/art/ncaaw/gw.md.txt
--- ncaaw/GTWN xs: 3 rows x 13 cells ---
--- ncaaw/GTWN sm: 5 rows x 21 cells ---
--- ncaaw/GTWN md: 7 rows x 26 cells ---
wrote packages/core/src/art/ncaaw/gtwn.xs.txt
wrote packages/core/src/art/ncaaw/gtwn.sm.txt
wrote packages/core/src/art/ncaaw/gtwn.md.txt
--- ncaaw/UGA xs: 2 rows x 14 cells ---
--- ncaaw/UGA sm: 4 rows x 22 cells ---
--- ncaaw/UGA md: 5 rows x 28 cells ---
wrote packages/core/src/art/ncaaw/uga.xs.txt
wrote packages/core/src/art/ncaaw/uga.sm.txt
wrote packages/core/src/art/ncaaw/uga.md.txt
--- ncaaw/GASO xs: 2 rows x 14 cells ---
--- ncaaw/GASO sm: 3 rows x 22 cells ---
--- ncaaw/GASO md: 4 rows x 28 cells ---
wrote packages/core/src/art/ncaaw/gaso.xs.txt
wrote packages/core/src/art/ncaaw/gaso.sm.txt
wrote packages/core/src/art/ncaaw/gaso.md.txt
--- ncaaw/GAST xs: 3 rows x 14 cells ---
--- ncaaw/GAST sm: 5 rows x 22 cells ---
--- ncaaw/GAST md: 6 rows x 28 cells ---
wrote packages/core/src/art/ncaaw/gast.xs.txt
wrote packages/core/src/art/ncaaw/gast.sm.txt
wrote packages/core/src/art/ncaaw/gast.md.txt
--- ncaaw/GT xs: 2 rows x 14 cells ---
--- ncaaw/GT sm: 4 rows x 22 cells ---
--- ncaaw/GT md: 5 rows x 28 cells ---
wrote packages/core/src/art/ncaaw/gt.xs.txt
wrote packages/core/src/art/ncaaw/gt.sm.txt
wrote packages/core/src/art/ncaaw/gt.md.txt
--- ncaaw/GONZ xs: 3 rows x 14 cells ---
--- ncaaw/GONZ sm: 5 rows x 22 cells ---
--- ncaaw/GONZ md: 6 rows x 28 cells ---
wrote packages/core/src/art/ncaaw/gonz.xs.txt
wrote packages/core/src/art/ncaaw/gonz.sm.txt
wrote packages/core/src/art/ncaaw/gonz.md.txt
--- ncaaw/GRAM xs: 2 rows x 14 cells ---
--- ncaaw/GRAM sm: 4 rows x 22 cells ---
--- ncaaw/GRAM md: 5 rows x 28 cells ---
wrote packages/core/src/art/ncaaw/gram.xs.txt
wrote packages/core/src/art/ncaaw/gram.sm.txt
wrote packages/core/src/art/ncaaw/gram.md.txt
--- ncaaw/GCU xs: 2 rows x 14 cells ---
--- ncaaw/GCU sm: 2 rows x 22 cells ---
--- ncaaw/GCU md: 3 rows x 28 cells ---
wrote packages/core/src/art/ncaaw/gcu.xs.txt
wrote packages/core/src/art/ncaaw/gcu.sm.txt
wrote packages/core/src/art/ncaaw/gcu.md.txt
--- ncaaw/GB xs: 3 rows x 14 cells ---
--- ncaaw/GB sm: 5 rows x 22 cells ---
--- ncaaw/GB md: 6 rows x 28 cells ---
wrote packages/core/src/art/ncaaw/gb.xs.txt
wrote packages/core/src/art/ncaaw/gb.sm.txt
wrote packages/core/src/art/ncaaw/gb.md.txt
--- ncaaw/HAMP xs: 3 rows x 14 cells ---
--- ncaaw/HAMP sm: 5 rows x 22 cells ---
--- ncaaw/HAMP md: 6 rows x 28 cells ---
wrote packages/core/src/art/ncaaw/hamp.xs.txt
wrote packages/core/src/art/ncaaw/hamp.sm.txt
wrote packages/core/src/art/ncaaw/hamp.md.txt
--- ncaaw/HARV xs: 5 rows x 14 cells ---
--- ncaaw/HARV sm: 7 rows x 22 cells ---
--- ncaaw/HARV md: 9 rows x 28 cells ---
wrote packages/core/src/art/ncaaw/harv.xs.txt
wrote packages/core/src/art/ncaaw/harv.sm.txt
wrote packages/core/src/art/ncaaw/harv.md.txt
--- ncaaw/HAW xs: 3 rows x 13 cells ---
--- ncaaw/HAW sm: 4 rows x 21 cells ---
--- ncaaw/HAW md: 6 rows x 27 cells ---
wrote packages/core/src/art/ncaaw/haw.xs.txt
wrote packages/core/src/art/ncaaw/haw.sm.txt
wrote packages/core/src/art/ncaaw/haw.md.txt
--- ncaaw/HPU xs: 2 rows x 14 cells ---
--- ncaaw/HPU sm: 3 rows x 22 cells ---
--- ncaaw/HPU md: 4 rows x 28 cells ---
wrote packages/core/src/art/ncaaw/hpu.xs.txt
wrote packages/core/src/art/ncaaw/hpu.sm.txt
wrote packages/core/src/art/ncaaw/hpu.md.txt
--- ncaaw/HOF xs: 3 rows x 14 cells ---
--- ncaaw/HOF sm: 5 rows x 22 cells ---
--- ncaaw/HOF md: 6 rows x 28 cells ---
wrote packages/core/src/art/ncaaw/hof.xs.txt
wrote packages/core/src/art/ncaaw/hof.sm.txt
wrote packages/core/src/art/ncaaw/hof.md.txt
--- ncaaw/HC xs: 4 rows x 14 cells ---
--- ncaaw/HC sm: 7 rows x 22 cells ---
--- ncaaw/HC md: 9 rows x 28 cells ---
wrote packages/core/src/art/ncaaw/hc.xs.txt
wrote packages/core/src/art/ncaaw/hc.sm.txt
wrote packages/core/src/art/ncaaw/hc.md.txt
--- ncaaw/HCU xs: 4 rows x 14 cells ---
--- ncaaw/HCU sm: 6 rows x 22 cells ---
--- ncaaw/HCU md: 8 rows x 28 cells ---
wrote packages/core/src/art/ncaaw/hcu.xs.txt
wrote packages/core/src/art/ncaaw/hcu.sm.txt
wrote packages/core/src/art/ncaaw/hcu.md.txt
--- ncaaw/HOU xs: 4 rows x 14 cells ---
--- ncaaw/HOU sm: 5 rows x 22 cells ---
--- ncaaw/HOU md: 7 rows x 28 cells ---
wrote packages/core/src/art/ncaaw/hou.xs.txt
wrote packages/core/src/art/ncaaw/hou.sm.txt
wrote packages/core/src/art/ncaaw/hou.md.txt
--- ncaaw/HOW xs: 3 rows x 14 cells ---
--- ncaaw/HOW sm: 5 rows x 22 cells ---
--- ncaaw/HOW md: 6 rows x 28 cells ---
wrote packages/core/src/art/ncaaw/how.xs.txt
wrote packages/core/src/art/ncaaw/how.sm.txt
wrote packages/core/src/art/ncaaw/how.md.txt
--- ncaaw/IUIN xs: 4 rows x 14 cells ---
--- ncaaw/IUIN sm: 6 rows x 22 cells ---
--- ncaaw/IUIN md: 7 rows x 28 cells ---
wrote packages/core/src/art/ncaaw/iuin.xs.txt
wrote packages/core/src/art/ncaaw/iuin.sm.txt
wrote packages/core/src/art/ncaaw/iuin.md.txt
--- ncaaw/IDST xs: 4 rows x 14 cells ---
--- ncaaw/IDST sm: 6 rows x 22 cells ---
--- ncaaw/IDST md: 7 rows x 28 cells ---
wrote packages/core/src/art/ncaaw/idst.xs.txt
wrote packages/core/src/art/ncaaw/idst.sm.txt
wrote packages/core/src/art/ncaaw/idst.md.txt
--- ncaaw/IDHO xs: 4 rows x 14 cells ---
--- ncaaw/IDHO sm: 6 rows x 22 cells ---
--- ncaaw/IDHO md: 8 rows x 28 cells ---
wrote packages/core/src/art/ncaaw/idho.xs.txt
wrote packages/core/src/art/ncaaw/idho.sm.txt
wrote packages/core/src/art/ncaaw/idho.md.txt
--- ncaaw/ILL xs: 5 rows x 14 cells ---
--- ncaaw/ILL sm: 8 rows x 22 cells ---
--- ncaaw/ILL md: 10 rows x 28 cells ---
wrote packages/core/src/art/ncaaw/ill.xs.txt
wrote packages/core/src/art/ncaaw/ill.sm.txt
wrote packages/core/src/art/ncaaw/ill.md.txt
--- ncaaw/ILST xs: 2 rows x 14 cells ---
--- ncaaw/ILST sm: 4 rows x 22 cells ---
--- ncaaw/ILST md: 4 rows x 28 cells ---
wrote packages/core/src/art/ncaaw/ilst.xs.txt
wrote packages/core/src/art/ncaaw/ilst.sm.txt
wrote packages/core/src/art/ncaaw/ilst.md.txt
--- ncaaw/UIW xs: 2 rows x 14 cells ---
--- ncaaw/UIW sm: 3 rows x 22 cells ---
--- ncaaw/UIW md: 4 rows x 28 cells ---
wrote packages/core/src/art/ncaaw/uiw.xs.txt
wrote packages/core/src/art/ncaaw/uiw.sm.txt
wrote packages/core/src/art/ncaaw/uiw.md.txt
--- ncaaw/IU xs: 5 rows x 14 cells ---
--- ncaaw/IU sm: 7 rows x 22 cells ---
--- ncaaw/IU md: 9 rows x 28 cells ---
wrote packages/core/src/art/ncaaw/iu.xs.txt
wrote packages/core/src/art/ncaaw/iu.sm.txt
wrote packages/core/src/art/ncaaw/iu.md.txt
--- ncaaw/INST xs: 3 rows x 14 cells ---
--- ncaaw/INST sm: 5 rows x 22 cells ---
--- ncaaw/INST md: 6 rows x 28 cells ---
wrote packages/core/src/art/ncaaw/inst.xs.txt
wrote packages/core/src/art/ncaaw/inst.sm.txt
wrote packages/core/src/art/ncaaw/inst.md.txt
--- ncaaw/IONA xs: 3 rows x 14 cells ---
--- ncaaw/IONA sm: 5 rows x 22 cells ---
--- ncaaw/IONA md: 6 rows x 28 cells ---
wrote packages/core/src/art/ncaaw/iona.xs.txt
wrote packages/core/src/art/ncaaw/iona.sm.txt
wrote packages/core/src/art/ncaaw/iona.md.txt
--- ncaaw/IOWA xs: 2 rows x 14 cells ---
--- ncaaw/IOWA sm: 4 rows x 22 cells ---
--- ncaaw/IOWA md: 5 rows x 28 cells ---
wrote packages/core/src/art/ncaaw/iowa.xs.txt
wrote packages/core/src/art/ncaaw/iowa.sm.txt
wrote packages/core/src/art/ncaaw/iowa.md.txt
--- ncaaw/ISU xs: 3 rows x 14 cells ---
--- ncaaw/ISU sm: 4 rows x 22 cells ---
--- ncaaw/ISU md: 5 rows x 28 cells ---
wrote packages/core/src/art/ncaaw/isu.xs.txt
wrote packages/core/src/art/ncaaw/isu.sm.txt
wrote packages/core/src/art/ncaaw/isu.md.txt
--- ncaaw/JKST xs: 2 rows x 13 cells ---
--- ncaaw/JKST sm: 4 rows x 21 cells ---
--- ncaaw/JKST md: 5 rows x 28 cells ---
wrote packages/core/src/art/ncaaw/jkst.xs.txt
wrote packages/core/src/art/ncaaw/jkst.sm.txt
wrote packages/core/src/art/ncaaw/jkst.md.txt
--- ncaaw/JAX xs: 2 rows x 14 cells ---
--- ncaaw/JAX sm: 4 rows x 22 cells ---
--- ncaaw/JAX md: 5 rows x 28 cells ---
wrote packages/core/src/art/ncaaw/jax.xs.txt
wrote packages/core/src/art/ncaaw/jax.sm.txt
wrote packages/core/src/art/ncaaw/jax.md.txt
--- ncaaw/JXST xs: 3 rows x 14 cells ---
--- ncaaw/JXST sm: 4 rows x 22 cells ---
--- ncaaw/JXST md: 5 rows x 28 cells ---
wrote packages/core/src/art/ncaaw/jxst.xs.txt
wrote packages/core/src/art/ncaaw/jxst.sm.txt
wrote packages/core/src/art/ncaaw/jxst.md.txt
--- ncaaw/JMU xs: 1 rows x 14 cells ---
--- ncaaw/JMU sm: 2 rows x 22 cells ---
--- ncaaw/JMU md: 3 rows x 28 cells ---
wrote packages/core/src/art/ncaaw/jmu.xs.txt
wrote packages/core/src/art/ncaaw/jmu.sm.txt
wrote packages/core/src/art/ncaaw/jmu.md.txt
--- ncaaw/KC xs: 4 rows x 14 cells ---
--- ncaaw/KC sm: 5 rows x 22 cells ---
--- ncaaw/KC md: 7 rows x 28 cells ---
wrote packages/core/src/art/ncaaw/kc.xs.txt
wrote packages/core/src/art/ncaaw/kc.sm.txt
wrote packages/core/src/art/ncaaw/kc.md.txt
--- ncaaw/KU xs: 3 rows x 14 cells ---
--- ncaaw/KU sm: 5 rows x 22 cells ---
--- ncaaw/KU md: 6 rows x 28 cells ---
wrote packages/core/src/art/ncaaw/ku.xs.txt
wrote packages/core/src/art/ncaaw/ku.sm.txt
wrote packages/core/src/art/ncaaw/ku.md.txt
--- ncaaw/KSU xs: 3 rows x 14 cells ---
--- ncaaw/KSU sm: 4 rows x 22 cells ---
--- ncaaw/KSU md: 5 rows x 28 cells ---
wrote packages/core/src/art/ncaaw/ksu.xs.txt
wrote packages/core/src/art/ncaaw/ksu.sm.txt
wrote packages/core/src/art/ncaaw/ksu.md.txt
--- ncaaw/KENN xs: 4 rows x 13 cells ---
--- ncaaw/KENN sm: 5 rows x 21 cells ---
--- ncaaw/KENN md: 7 rows x 26 cells ---
wrote packages/core/src/art/ncaaw/kenn.xs.txt
wrote packages/core/src/art/ncaaw/kenn.sm.txt
wrote packages/core/src/art/ncaaw/kenn.md.txt
--- ncaaw/KENT xs: 2 rows x 14 cells ---
--- ncaaw/KENT sm: 3 rows x 22 cells ---
--- ncaaw/KENT md: 4 rows x 28 cells ---
wrote packages/core/src/art/ncaaw/kent.xs.txt
wrote packages/core/src/art/ncaaw/kent.sm.txt
wrote packages/core/src/art/ncaaw/kent.md.txt
--- ncaaw/UK xs: 3 rows x 14 cells ---
--- ncaaw/UK sm: 5 rows x 22 cells ---
--- ncaaw/UK md: 6 rows x 28 cells ---
wrote packages/core/src/art/ncaaw/uk.xs.txt
wrote packages/core/src/art/ncaaw/uk.sm.txt
wrote packages/core/src/art/ncaaw/uk.md.txt
--- ncaaw/NOLA xs: 4 rows x 14 cells ---
--- ncaaw/NOLA sm: 6 rows x 22 cells ---
--- ncaaw/NOLA md: 7 rows x 28 cells ---
wrote packages/core/src/art/ncaaw/nola.xs.txt
wrote packages/core/src/art/ncaaw/nola.sm.txt
wrote packages/core/src/art/ncaaw/nola.md.txt
--- ncaaw/LSU xs: 1 rows x 14 cells ---
--- ncaaw/LSU sm: 2 rows x 22 cells ---
--- ncaaw/LSU md: 3 rows x 28 cells ---
wrote packages/core/src/art/ncaaw/lsu.xs.txt
wrote packages/core/src/art/ncaaw/lsu.sm.txt
wrote packages/core/src/art/ncaaw/lsu.md.txt
--- ncaaw/LAS xs: 4 rows x 14 cells ---
--- ncaaw/LAS sm: 6 rows x 22 cells ---

⠀⠀⠀⠀⢀⣤⣾⡗⢾⢣⡀
⣀⣀⣀⣴⣿⣿⣤⣶⣶⣖⣋
⠙⣆⣼⡤⠯⠦⠷⠼⠿⠾⠿⠽⠷⠦
⠀⠀⠀⠀⠀⠀⠀⠀⣀⣴⣾⡷⠶⡶⠦⣀
⠀⠀⠀⠀⠀⢀⣴⣿⣿⠋⠉⣩⣀⣭⣥⣭⡶⠆
⢤⡄⠴⠖⣖⢛⢿⢻⠛⣻⡻⠿⡿⣿⢷⣶⢤⢤⣀⡀
⠀⣻⣀⣦⡼⠴⠮⠦⠧⠥⠧⠦⠿⠼⠿⠽⠮⠧⠵⠽⠮⠦
⠀⠀⠀⠀⠀⠀⠀⠀⠀⠀⠀⣀⡴⣾⣷⡤⠤⡶⣆⡀
⠀⠀⠀⠀⠀⠀⠀⠀⣠⣶⣿⡷⠞⠛⠳⠂⠘⠒⠂⠛⢤⣤⡀
⠀⠀⠀⠀⣀⣀⣠⣾⣿⣽⣿⣯⣤⣤⣺⣷⣾⢿⣟⡛⠛⠁
⠚⢿⡙⠋⠋⢹⠉⠍⢫⠹⡍⢭⢻⡙⠝⢯⠹⣟⣻⣿⡛⣖⠲⣦⢤⠀⡀
⠀⢸⣇⣤⡧⠼⠧⠽⠼⠷⠿⠖⠒⠓⠛⠚⠓⠛⠛⠒⠛⠚⠒⠚⠢⠷⠼⠶
⠀⠀⠀⠀⠀⢀⡲⠿⠷⠄
⢀⣤⣤⡄⠀⠈⣳⣾⣿⡛⠃
⣺⣯⣾⣷⣶⣶⣾⣿⣿⣧
⠠⣼⣿⣿⠟⣿⣿⣿⣿⣿⣾⣄
⠀⠀⠙⠻⣇⠈⠈⢿⡏⢟⣻⣿⣿⡆
⠀⠀⠀⠀⠀⠀⠀⠸⣇⠛⠛⠉⠉
⠀⠀⠀⠀⠀⠀⠀⠀⠀⠶⣶⣾⣷⣦⣄
⠀⠀⠀⠀⠀⠀⠀⠀⢤⣶⡛⢉⣉⣩⣥⣤⣀
⠀⣠⣴⣦⣤⡀⠀⠀⠀⠙⣿⣿⣿⣿⡛⠋⠉
⢠⣿⡟⢙⣿⣇⣀⣀⣀⠀⣿⣿⣿⣿⣧
⢸⠟⣶⣿⣿⣿⣿⣿⣿⣿⣿⣿⣿⣼⣿⠶
⠀⢀⣽⣿⣿⣿⣿⢿⣿⣿⣿⣿⣿⣿⣿⣷⣾⣄
⠈⠛⠛⣷⣿⣿⣅⠘⢿⡿⢿⣿⣿⣿⣿⣿⣿⣿⣷⣄⡀
⠀⠀⠀⠈⠙⠳⣿⡁⠀⠀⠘⢿⣿⠉⢹⡟⢿⣿⣿⣿⣿⠄
⠀⠀⠀⠀⠀⠀⠙⠃⠀⠀⠀⠈⣿⢀⣼⣷⣿⣿⡿⠟⠛⠁
⠀⠀⠀⠀⠀⠀⠀⠀⠀⠀⠀⠀⠻⣧⠉⠉
⠀⠀⠀⠀⠀⠀⠀⠀⠀⠀⠀⠠⣶⣶⣶⣿⣶⣄⣀
⠀⠀⠀⠀⠀⠀⠀⠀⠀⠀⢀⣠⣴⠿⠛⠛⠛⢛⣋⣀
⠀⠀⠀⣀⣀⠀⠀⠀⠀⠀⠈⠻⢿⣶⣶⣾⣶⣿⣿⡿⠿⠂
⠀⢰⣾⣿⣿⣿⣷⠀⠀⠀⠀⠀⢸⣿⣿⣿⣿⣿⡄
⢠⣿⣿⢃⣨⣿⣿⣶⣶⣤⣤⣄⣈⣿⣿⣿⡟⣿⣷
⢸⡟⢳⣿⣿⣿⣿⣿⣿⣿⣿⣿⣿⣿⣿⣿⣷⣼⣿⡶⠆
⠀⠀⢈⣻⣿⣿⣿⣿⣿⣿⣿⣿⣿⣿⣿⣿⣿⣿⣿⣷⣼⣧⡀
⠀⠾⠿⢿⣯⣿⣿⣿⠋⠰⣿⣿⣿⣿⣿⣿⣿⣿⣿⣿⣿⣿⣿⣦⣀
⠀⠀⠀⠀⠛⠿⣯⣽⠿⠄⠈⠉⠈⢹⣿⣿⡿⠿⢿⡿⣿⣿⣿⣿⣿⣷⡢
⠀⠀⠀⠀⠀⠀⠈⠹⣿⡆⠀⠀⠀⠀⠹⣿⡇⠀⢸⡇⣨⣿⣿⣿⣿⣿⣯⠁
⠀⠀⠀⠀⠀⠀⠀⠀⠀⠀⠀⠀⠀⠀⠀⢹⣧⢰⣾⣿⣿⠿⠿⠟⠋⠉⠉
⠀⠀⠀⠀⠀⠀⠀⠀⠀⠀⠀⠀⠀⠀⠀⠘⠿⡆⠈
⠀⠀⠛⢿⣿⣧⡀⢀⣼⣿⡿⠛
⠀⠀⠀⠀⣹⣿⣿⣿⣿⣏
⠀⠀⣤⣾⣿⠟⠁⠈⠻⣿⣷⣤
⠀⠀⠀⠲⣶⣶⣶⣶⣖⠀⠀⠀⠀⣲⣶⣶⣶⣶⠖
⠀⠀⠀⠀⠀⠙⢿⣿⣿⣷⣄⣠⣾⣿⣿⡿⠋⠁
⠀⠀⠀⠀⠀⠀⠀⣹⣿⣿⣿⣿⣿⣿⣏
⠀⠀⠀⠀⢀⣠⣾⣿⣿⡿⠋⠙⢿⣿⣿⣷⣄⡀
⠀⠀⠀⠴⠿⠿⠿⠿⠯⠀⠀⠀⠀⠽⠿⠿⠿⠿⠦
⠀⠀⠀⠐⠶⣶⣶⣶⣶⣶⣖⠂⠀⠀⠀⠀⠐⣲⣶⣶⣶⣶⣶⠶⠂
⠀⠀⠀⠀⠀⠈⠻⢿⣿⣿⣿⣷⣄⡀⢀⣠⣾⣿⣿⣿⡿⠟⠁
⠀⠀⠀⠀⠀⠀⠀⠀⠙⢿⣿⣿⣿⣿⣿⣿⣿⣿⡿⠋
⠀⠀⠀⠀⠀⠀⠀⠀⣠⣾⣿⣿⣿⣿⣿⣿⣿⣿⣷⣄
⠀⠀⠀⠀⠀⢀⣴⣾⣿⣿⣿⡿⠋⠁⠈⠙⢿⣿⣿⣿⣷⣦⡀
⠀⠀⠀⠠⠶⠿⠿⠿⠿⠿⠯⠄⠀⠀⠀⠀⠠⠽⠿⠿⠿⠿⠿⠶⠄
⠟⠿⢿⣿⣿⣿⠃⠘⣿⣿⣿⡿⠿⠻
⠀⠀⠀⠈⠛⢿⣷⣾⡿⠛⠁
⠀⠀⠀⣤⣶⣾⣿⣿⣷⣶⣤
⡇⣿⣿⣿⣿⣿⣿⣿⣿⢹⠀⠀⡏⣿⣿⣿⣿⣿⣿⣿⣿⢸
⠀⠀⠀⠑⠻⡻⣿⣷⣽⡤⡀⢀⢤⣯⣾⣿⢟⠟⠊
⠀⠀⠀⠀⠀⠈⠑⠽⡿⣿⣿⣿⣿⢿⠯⠊⠁
⠀⠀⠀⠀⠀⠀⠀⠀⢸⢸⣿⣿⡇⡇
⠀⠀⠀⠀⠀⣇⣿⣿⣿⣿⣿⣿⣿⣿⣿⣿⣸
⡏⣿⣿⣿⣿⣿⣿⣿⣿⣿⣿⡏⡇⠀⠀⢸⢹⣿⣿⣿⣿⣿⣿⣿⣿⣿⣿⢹
⠓⠛⠛⠛⢝⡻⣿⣿⣿⣍⠯⡃⠃⠀⠀⠘⢘⠽⣩⣿⣿⣿⢟⡫⠛⠛⠛⠚
⠀⠀⠀⠀⠀⠉⠪⣛⢿⣿⣿⣮⣓⢄⡠⣚⣵⣿⣿⡿⣛⠕⠉
⠀⠀⠀⠀⠀⠀⠀⠈⠑⢭⡻⣿⣿⣷⣾⣿⣿⢟⡭⠊⠁
⠀⠀⠀⠀⠀⠀⠀⠀⠀⠀⢸⡎⣿⣿⣿⣿⢱⡇
⠀⠀⠀⠀⠀⠀⢠⢤⣤⣤⣼⣃⣿⣿⣿⣿⣘⣧⣤⣤⡤⡄
⠀⠀⠀⠀⠀⠀⢸⣸⣿⣿⣿⣿⣿⣿⣿⣿⣿⣿⣿⣿⣇⡇
⠛⠻⢿⣿⣿⣿⣿⣇⣿⣿⣿⡿⠟⠛
⠀⠀⠀⢠⣿⣿⣿⣿⣿⣿⠄
⣿⣽⣿⣿⣿⣿⣿⣿⡿⣿⡏⣿⢀⡏⣿⠿⣿⣿⣿⣿⣯⣿
⠉⠉⠉⠛⠿⣿⣿⣿⣿⣾⣿⣷⣴⣿⣿⣾⣿⠿⠛⠉⠉⠉
⠀⠀⠀⠀⠀⠀⣉⣛⣿⢻⣿⣿⣿⣽⣛⣉
⠀⠀⠀⠀⠀⠀⣿⣺⣿⣿⣿⣿⣿⣿⣗⣿
⣿⢩⣭⣭⣭⣭⣭⣭⣭⣭⣭⣭⣭⡍⣿⠀⢸⡏⣯⣭⣭⣭⣭⣭⣭⣭⡍⣿
⠛⠚⠛⠲⢭⣛⠿⣿⣿⣿⣷⣤⣓⠶⣟⣀⣸⢷⣛⣴⣾⠿⣛⡭⠖⠛⠓⠛
⠀⠀⠀⠀⠀⠈⠙⠲⢭⣛⠿⣿⣿⣿⣶⣽⣾⠿⣛⡭⠖⠋⠁
⠀⠀⠀⠀⠀⠀⠀⢠⡤⠬⠿⢈⣿⣿⣿⣿⡁⠿⠥⢤⡄
⠀⠀⠀⠀⠀⠀⠀⢸⣇⣛⣛⣛⣛⣛⣛⣛⣛⣛⣛⣸⡇
⠀⠀⠀⠀⠀⣀⣨⣷⣶⣶⣤⣀
⠀⣤⢞⣩⡉⠻⢿⠿⣿⣿⣷⣟⣃
⠈⠉⠉⠉⠛⠦⠯⢽⣃⣸⣃⡼⠁
⠀⠀⠀⠀⠀⠀⠀⠀⠀⠀⣐⣶⣶⣶⣦⣤⣀⡀
⠀⠀⠀⣀⡤⠖⡒⠲⣾⣿⣿⣟⣻⣿⣿⣿⣟⣻⣷⠄
⠀⠬⠿⠭⠤⠮⢥⡄⠉⢩⣭⣭⣭⡿⠿⣿⡿⠧⣤⡤⠄
⠀⠀⠀⠀⠀⠀⠈⠓⠒⠒⠲⠶⢿⣄⣐⣛⣀⡴⠏
⠀⠀⠀⠀⠀⠀⠀⠀⠀⠀⠀⠀⠀⠐⣶⣶⣤⣤⣤⣄⣀
⠀⠀⠀⠀⠀⢀⣀⣀⣀⣠⣤⣶⣾⣿⡿⠿⣿⣿⣿⣿⠿⠿⣷⣦
⠀⠀⢦⣤⠶⠋⠁⠴⠀⠀⠻⠿⠿⠿⠿⠶⢿⣿⣿⣿⢿⣶⠾⠛⠉⠁
⠀⠒⠛⠓⠒⠚⠛⠛⣻⡖⠀⠀⠾⠿⠶⢶⡾⠉⠉⣿⡿⠋⠉⣽⠟⠛⠁
⠀⠀⠀⠀⠀⠀⠀⠀⠉⠉⠉⠛⠛⠛⠻⠿⢥⣤⣬⣭⣥⣤⠼⠏
⠀⠀⢠⣿⣿⡄
⠀⢠⣿⣧⣼⣿⡄⠒⣶⡶⠒⠒⠲⠶
⠶⠿⠷⠀⠐⠾⠿⠶⣿⡷⠶⠶⠇
⠀⠀⠀⠀⠀⠀⠀⢠⣿⣧⡄
⠀⠀⠀⠀⣰⣿⣿⣷⡀
⠀⠀⠀⣰⣿⡿⠙⣿⣷⡀⠀⢀⣀⣀⣀⣀⣀⣀⣀⣀⣀⣀
⠀⠀⣰⣿⣿⣦⣤⣼⣿⣷⡄⠘⠛⣿⣿⠛⠛⠛⠛⠛⠿⠿
⣤⣴⣿⣿⣥⠀⠀⢠⣼⣿⣿⣤⣴⣿⣿⣤⣤⣤⣶⣶
⠀⠀⠀⠀⠀⠀⠀⠀⠀⠀⠀⠀⠀⣿⣿⠀⠀⠀⠉⠉
⠀⠀⠀⠀⠀⠀⠀⠀⠀⠀⠀⢠⣴⣿⣿⣦⡄
⠀⠀⠀⠀⠀⢀⣾⣿⣿⣷⡀
⠀⠀⠀⠀⢠⣿⣿⡟⢻⣿⣿⡄
⠀⠀⠀⣠⣿⣿⣟⣀⣀⣹⣿⣿⣆⠀⠸⠿⢿⣿⣿⡿⠿⠿⠿⠿⠿⣿⣿⣿
⠀⠀⣰⣿⣿⡟⠛⠛⠛⠛⠻⣿⣿⣆⠀⠀⢸⣿⣿⡇⠀⠀⠀⣀⣀⡈⠉⠉
⠿⠿⠿⠿⠿⠿⠇⠀⠀⠸⠿⠿⠿⠿⠿⠿⢿⣿⣿⡿⠿⠿⠿⣿⣿⡇
⠀⠀⠀⠀⠀⠀⠀⠀⠀⠀⠀⠀⠀⠀⠀⠀⢸⣿⣿⡇
⠀⠀⠀⠀⠀⠀⠀⠀⠀⠀⠀⠀⠀⠀⢰⣶⣾⣿⣿⣷⣶
⠀⠀⠀⠈⣉⡿⠟⠛⢶⣄
⢀⣀⣤⣾⣋⠉⠉⠉⢉⣉⣿⣦⣀
⠀⠀⠀⠀⠀⠐⠛⢛⣻⣿⠟⠻⢷⣦⡀
⠀⠀⠀⠀⠀⣠⣴⣿⣯⣥⣤⣤⣤⣽⡿⣷⣄⡀
⠀⣠⣤⣴⣾⣿⣥⣤⠄⠀⠀⠀⠀⢀⣤⣬⣽⣿⣶⣤⡤
⠀⠀⠀⠀⠀⠀⠠⠾⠿⠿⢿⣿⣿⡿⠿⣿⣦⣄
⠀⠀⠀⠀⠀⠀⠀⠀⣠⣶⣿⠟⠉⠀⠀⠈⠛⢿⣷⣤⡀
⠀⠀⠀⠀⠀⢀⣴⣾⡿⠿⠷⠶⠶⠶⠶⠶⠶⠶⠛⠻⣿⣶⣄
⠀⢠⣶⣶⣾⣿⣿⣷⣶⣶⠖⠀⠀⠀⠀⠀⠀⢠⣶⣶⣾⣿⣿⣿⣶⣶⠖
⠀⣶⣾⣟⣶⣶⣶⠒⠒⠒⠻⢝⣲
⠀⣾⣾⣿⣿⣻⣿⠾⠖⡲⢇⠀⢵
⠸⡟⣿⣿⣿⣿⣿⠁⠈⢣⡀⢀⣨⠇
⠀⠈⠙⠩⠿⠻⡟⠶⠖⠯⠏⠋⠁
⠀⢠⢖⣶⣖⡶⢶⣤⣴⣦⡤⠤⠴⠶⠤⠖⢒⣒⠲⠲⡄
⠀⠘⣿⢛⡽⣿⣿⣿⣿⣻⣿⣀⡄⠀⣀⣀⡀⠉⠛⣶⠃
⠀⢀⣷⣿⢟⣼⣿⣯⣭⣿⣻⡟⠿⠋⡉⠛⠧⡀⠀⢼⡁
⠀⣟⢸⣿⣿⡿⣿⣽⣿⣿⢾⡁⠐⠚⠳⣄⠀⠁⠀⠀⣿
⠀⠙⠢⢽⡿⠷⣿⣵⣾⣿⣷⠀⠀⣀⣸⣾⡦⢤⡮⠔⠋
⠀⠀⠀⠀⠉⠒⠛⠦⠽⠻⠍⠿⠭⠯⠙⠒⠓⠉
⢀⠄⣠⠤⠴⣶⢶⡶⣤⣄⣤⣤⣤⣀⣀⣤⠤⣤⣤⡤⠖⡒⠶⢦⠤⣄⠠⡀
⢠⠸⣷⣿⡿⢟⣫⣴⣿⣿⣿⣿⣿⣧⠀⠀⠀⠀⠀⠀⠀⠙⠷⣦⣤⣼⠃⠅
⠀⡄⣰⣏⣴⣿⡻⣿⣻⣿⣿⣭⣷⣿⣶⣾⣤⣤⣤⣖⡶⠂⠀⠀⢻⣆⢨
⢀⠇⣽⢿⣿⡟⣵⣿⣿⣯⣶⣞⣿⢻⡟⠛⠓⠒⡠⠉⠑⢦⠀⠀⠺⣏⠸⡀
⡆⣼⠇⣿⣿⣿⣿⣿⢟⣽⣽⣿⣿⣾⠓⠒⠒⠫⢿⡀⠀⠈⠀⠀⠀⢸⣧⢰
⠣⠹⣧⡙⢿⣿⡿⣱⣿⢟⣭⣿⣷⣮⠉⠀⠀⠀⠠⣼⣆⠀⢀⡰⢃⡼⠏⠜
⠀⠀⠀⠉⠻⢟⣛⢛⣿⠶⢿⣿⣿⣿⣀⣠⣤⡤⣶⠟⣿⢛⡻⠟⠉
⠀⠀⠀⠀⠀⠀⠈⠉⠛⠓⠒⠛⠳⠄⠿⠲⠙⠃⠙⠛⠉⠁
⠀⠀⠀⠀⠀⠀⠀⠓⠶⢶⣶⣶⡿⠃
⠀⠀⠀⠀⠀⠀⠀⢀⣴⠟⢡⣿⠁
⠀⠀⠀⠀⠀⢙⣶⠟⠛⠛⣿⡟⠙⠁
⠻⣤⣤⣤⡴⠟⠁⠀⠀⠀⢿⣧⣤⠤
⠀⠀⠀⠀⠀⠀⠀⠀⠀⠀⠐⠷⣤⣤⣤⣤⣤⣤⣶⣾⡿⠂
⠀⠀⠀⠀⠀⠀⠀⠀⠀⠀⠀⠀⠀⢀⣠⣾⠟⣻⣿⡟
⠀⠀⠀⠀⠀⠀⠀⠀⢀⡀⠀⢀⣴⣿⠟⠁⢰⣿⣟⣀
⠀⠀⠀⠀⠀⠀⠀⠀⠻⢷⣶⣿⠿⠿⠿⠿⣿⣿⠟⠻⠟
⣠⡆⠀⠀⠀⠀⠀⢀⣴⣿⠟⠁⠀⠀⠀⢸⣿⣿
⠙⠿⣶⣤⣤⣶⡾⠟⠋⠁⠀⠀⠀⠀⠀⠈⠿⣿⣶⣤⠶⠖
⠀⠀⠀⠀⠀⠀⠀⠀⠀⠀⠀⠀⠀⠰⣷⣤⣤⣤⣀⣀⣠⣤⣤⣴⣾⣿⡗
⠀⠀⠀⠀⠀⠀⠀⠀⠀⠀⠀⠀⠀⠀⠀⠀⠀⠉⢉⣭⣿⡿⣿⣿⣿⠏
⠀⠀⠀⠀⠀⠀⠀⠀⠀⠀⠀⠀⠀⠀⠀⢀⣠⣾⡿⠟⠁⣰⣿⣿⠃
⠀⠀⠀⠀⠀⠀⠀⠀⠀⠀⢠⣶⣀⣀⣴⣿⣿⣏⣤⣤⣴⣿⣿⣿⣶⣦⡄
⠀⠀⠀⠀⠀⠀⠀⠀⠀⠀⠈⢛⣿⣿⡿⠛⠛⠛⠉⠉⣿⣿⣿⠉⠉⠉⠁
⣴⣿⡀⠀⠀⠀⠀⠀⠀⣠⣴⣿⡿⠋⠀⠀⠀⠀⠀⠀⣿⣿⣿
⠙⠻⢿⣶⣶⣶⣶⣾⠿⠟⠋⠁⠀⠀⠀⠀⠀⠀⠀⠀⠻⢿⣿⣷⣶⡶⠶⠛
⠀⢠⣤⡀⣠⣤⡄⣠⣤⣤⣀⡈⡁
⣰⡟⠸⢿⣙⣛⣳⣿⣟⣹⡿⠁
⠀⠀⠀⠀⠀⠀⠀⠀⠀⠀⠀⠀⠀⢀⠀⠀⡀⠠⠊
⠀⢠⣾⠟⢿⣆⢾⣟⣉⣉⣀⣸⣿⣪⠧⣳⣶⡗⡀⠉
⣠⣿⠋⠐⠚⢿⣦⣭⣭⣭⣿⠿⢿⣬⣤⣾⠿⠁
⠀⠀⠀⠀⠀⠀⠀⠀⠀⠀⠀⠀⠀⠀⠀⠀⠀⢀⠀⡀⢀⠀⡠⠚
⠀⢀⣴⣿⠟⢿⣧⡰⣿⣿⣉⣉⣉⣁⣸⣿⣿⣨⠧⣽⣶⣼⠗⡀⠉⠂
⣠⣾⡿⠁⠐⠚⠻⣿⣤⣭⣭⣭⣭⣿⠿⢿⣧⣭⣤⣼⡿⠟
⠀⠀⠀⠀⠀⣠⣾⣷⣄
⠀⠀⠀⠀⠚⠛⠙⠛⠛⠓⠂
⣀⣀⣴⣶⣀⠀⠀⢀⣰⣶⣶⣶⣄⣀
⠀⠀⠀⠀⠀⠀⠀⠀⠀⣠⣾⣷⣄
⠀⠀⠀⠀⠀⠀⠀⣠⣾⣿⣿⣿⣿⣷⣄
⠀⠀⠀⠀⠀⠀⠚⠛⠛⠁⠙⠛⠛⠛⠛⠓⠂
⠀⠀⠈⠂⠀⠀⠀⠃⠀⠀⠃⠀⠀⠁⠃
⣀⣠⣤⣾⣿⣿⣥⡄⠀⠀⠀⢀⣤⣽⣿⣿⣿⣿⣿⣶⣤⣄
⠀⠀⠀⠀⠀⠀⠀⠀⠀⠀⠀⠀⢠⣾⣿⣄
⠀⠀⠀⠀⠀⠀⠀⠀⠀⠀⢀⣴⣿⣿⣿⣿⣷⣄
⠀⠀⠀⠀⠀⠀⠀⠀⢀⣴⣿⣿⣿⣿⣿⣿⣿⣿⣷⣄
⠀⠀⠀⠀⠀⠀⠀⠰⠿⠿⠟⠋⠀⠙⠿⠿⠿⠿⠿⠿⠷
⠀⢀⠄⠱⡀⠀⣇⠀⠰⡆⠀⠀⠀⣆⠀⠀⠱⠀⡇⠸⡀⠀⢈⠐⠤⣘
⠀⠀⠀⠀⣠⣤⣤⣤⠄⠀⠀⠀⠀⠀⠀⠀⢤⣤⣤⣤⣤⣤⣤⣤⡀
⣤⣤⣴⣾⣿⣿⣿⣷⣦⣤⠀⠀⠀⠀⢠⣤⣤⣿⣿⣿⣿⣿⣿⣿⣿⣷⣦⣤
⠀⠀⠀⣠⣿⣿⣿⣿⣦⡀
⣀⣴⣾⣿⣿⣿⣿⣿⣿⣿⣶⣶⣂⣀
⠿⠿⠟⠛⠛⠿⣿⣿⣿⣿⡿⠿⠿⠿
⠀⠀⠀⠀⠀⠀⡼⣫⣿⣿⣿⣯⣯⡀
⠀⠀⠀⠀⣠⣮⣾⣿⣻⣿⣮⣿⣿⣟⢦⡀
⠀⢠⣴⣾⣿⣿⣿⣯⣹⣿⣿⣽⣽⣿⣷⣽⣿⡟⣽⠋
⣿⣿⢛⣛⣏⣟⣍⣏⣿⣿⣽⣽⣯⣯⣿⣟⣻⣻⣛⡟⣿⣿
⠛⠛⠛⠋⠉⠉⠉⠉⠳⢿⣿⣿⣿⣿⣿⣿⠿⠟⠛⠛⠛⠛
⠀⠀⠀⠀⠀⠀⠀⢀⣽⢏⣿⣿⢿⣿⣯⡻⣅
⠀⠀⠀⠀⠀⢀⣴⢟⣵⣿⢟⣵⣷⡝⢿⣿⣮⢳⡄
⠀⠀⠀⢀⡴⣟⣵⣿⡿⣟⢛⣛⣛⣛⠛⡻⣿⣷⣝⡦⣤⣤⡤⢤⡤⠄
⣠⣴⣾⣿⣶⣿⣿⣿⣷⣿⣧⣿⡿⣿⡾⣿⣿⣿⣿⣵⣿⣿⣧⣿⣤⣤⣤⣀
⣿⢸⣟⣽⣭⣧⣴⣥⣦⣧⡼⣿⣷⣾⡶⣷⣾⣼⡿⣿⣵⣧⣽⣵⣝⣹⡇⣿
⠛⠛⠉⠉⠉⠉⠉⠁⠀⠈⠛⠮⠿⣿⣿⣿⣿⣿⣿⣿⡿⠿⠚⠉⠉⠉⠛⠛
⠀⠀⠀⠀⠰⣶⣶⣶⣶⠆
⠀⠀⠀⢀⣴⣿⠏⠹⣿⣦⡀
⠀⠀⣠⣾⡭⠿⠿⠿⠿⣿⣷⣄
⠰⠾⠿⠿⠷⠀⠀⠀⠀⠾⠿⠿⠷⠆
⠀⠀⠀⠀⠀⠀⠀⣶⣶⣶⣶⣶⣶⣶⣶
⠀⠀⠀⠀⠀⠀⠀⠉⣽⣿⣿⣿⣿⣯⠉
⠀⠀⠀⠀⠀⠀⢠⣾⣿⣿⠋⠙⣿⣿⣷⡄
⠀⠀⠀⠀⠀⣰⣿⣿⣿⣁⣀⣀⣈⣿⣿⣿⣆
⠀⠀⠀⢀⣼⣿⣴⡦⠬⠭⠼⠯⠭⠬⢬⣯⣽⣧⡀
⠀⣀⣠⣿⣿⣿⣿⣁⠀⠀⠀⠀⠀⠀⣈⣿⣿⣿⣿⣄⣀
⠀⠿⠿⠿⠿⠿⠿⠿⠀⠀⠀⠀⠀⠀⠿⠿⠿⠿⠿⠿⠿
⠀⠀⠀⠀⠀⠀⠀⠀⠀⣶⣶⣶⣶⣶⣶⣶⣶⣶⣶
⠀⠀⠀⠀⠀⠀⠀⠀⠀⠛⢻⣿⣿⣿⣿⣿⣿⡟⠛
⠀⠀⠀⠀⠀⠀⠀⠀⢀⣴⣿⣿⣿⠟⠻⣿⣿⣿⣦⡀
⠀⠀⠀⠀⠀⠀⠀⣠⣾⣿⣿⡿⠋⠀⠀⠙⢿⣿⣿⣷⣄
⠀⠀⠀⠀⠀⢀⣴⡟⠛⠛⠿⠷⡶⠶⡶⠶⠾⠿⠿⡿⡿⣦⡀
⠀⠀⠀⠀⣠⣿⣿⣿⣿⡟⠛⠛⠛⠛⠛⠛⠛⠛⢻⣿⣷⣿⣿⣄
⠀⢠⣤⣼⣿⣿⣿⣿⣯⣤⡄⠀⠀⠀⠀⠀⠀⢠⣤⣽⣿⣿⣿⣿⣧⣤⡄
⠀⠸⠿⠿⠿⠿⠿⠿⠿⠿⠃⠀⠀⠀⠀⠀⠀⠘⠿⠿⠿⠿⠿⠿⠿⠿⠇
⠀⠀⠀⠀⠀⢀⡜⢣⡀
⠐⢶⡤⣄⡀⠞⡆⢰⠳⢀⣠⢤⡶⠂
⠀⠀⠙⣞⢯⠀⡇⢸⠀⡽⣳⠋
⠀⠀⠀⢹⣬⣓⡃⢘⣚⣥⡏
⠀⠀⠀⠀⢸⡿⡿⢿⢿⡇
⠀⠀⠀⠀⠀⠁⢷⡾⠈
⠀⠀⠀⠀⠀⠀⠘⠃
⠀⠀⠀⠀⠀⠀⠀⠀⠀⢀⡴⢦⡀
⠀⠀⠀⠀⠀⠀⠀⠀⢠⠏⠀⠀⠹⡄
⠀⠙⢿⡒⠦⣄⡀⠀⠟⢺⠀⠀⡗⠻⠀⢀⣠⠴⢒⡿⠋
⠀⠀⠀⠙⣦⠐⢟⠒⠀⢸⠇⠀⡇⠀⠒⡻⠂⣴⠋
⠀⠀⠀⠀⠘⣇⠈⢧⡀⢸⠀⠀⡇⠀⡼⠁⣸⠃
⠀⠀⠀⠀⠀⢹⣄⣈⣛⠛⠀⠀⠛⣚⣁⣠⡏
⠀⠀⠀⠀⠀⠘⠉⣿⣿⣿⣤⣤⣿⣿⣿⠉⠃
⠀⠀⠀⠀⠀⠀⠀⢸⡇⢿⡛⢛⡿⢸⡇
⠀⠀⠀⠀⠀⠀⠀⠀⠁⠸⡇⢸⠇⠈
⠀⠀⠀⠀⠀⠀⠀⠀⠀⠀⢻⡟
⠀⠀⠀⠀⠀⠀⠀⠀⠀⠀⠈⠁
⠀⠀⠀⠀⠀⠀⠀⠀⠀⠀⠀⠀⢀⡴⢦⡀
⠀⠀⠀⠀⠀⠀⠀⠀⠀⠀⠀⣠⠏⠀⠀⠹⣄
⠀⠠⣤⣀⡀⠀⠀⠀⠀⠀⣰⣏⣤⠀⠀⣤⣹⣆⠀⠀⠀⠀⠀⢀⣀⣤⠄
⠀⠀⠈⠳⣍⠙⠲⢤⣀⠀⠉⠁⣿⠀⠀⣿⠈⠉⠀⣀⡤⠖⠋⣩⠞⠁
⠀⠀⠀⠀⠘⢧⡀⠹⣟⠓⠀⠀⣿⠀⠀⣿⠀⠀⠚⣻⠏⢀⡼⠃
⠀⠀⠀⠀⠀⠈⣷⠀⠘⣧⠀⠀⣿⠀⠀⣿⠀⠀⣴⠃⠀⣾⠁
⠀⠀⠀⠀⠀⠀⠸⣇⠀⠘⠧⣤⡿⠀⠀⢿⣤⠼⠃⠀⣸⠇
⠀⠀⠀⠀⠀⠀⠀⣿⢶⣶⣦⣤⡀⠀⠀⢀⣤⣴⣶⡶⣿
⠀⠀⠀⠀⠀⠀⠀⠁⠀⣿⣿⣿⣷⣶⣶⣾⣿⣿⣿⠀⠈
⠀⠀⠀⠀⠀⠀⠀⠀⠀⢸⡏⢸⣿⠛⠛⣿⡇⢹⡇
⠀⠀⠀⠀⠀⠀⠀⠀⠀⠀⠇⠀⢿⡄⢠⡿⠀⠸
⠀⠀⠀⠀⠀⠀⠀⠀⠀⠀⠀⠀⠘⣇⣸⠃
⠀⠀⠀⠀⠀⠀⠀⠀⠀⠀⠀⠀⠀⢻⡟
⠀⠀⠀⠀⠀⠀⠀⠀⠀⠀⠀⠀⠀⠈⠁
⠀⠀⢸⢸⣟⠛⣻⣟⠛⣻⡇⡇
⠀⠀⢌⡾⢃⣴⣏⣹⣦⡘⢷⡡
⡗⣿⣭⣤⣭⣴⠄⠠⣦⣭⣤⣭⣿⢊
⠀⠀⠀⠀⡏⢰⣶⠶⠶⠶⢶⡶⠶⠶⠶⣶⡆⢹
⠀⠀⠀⠀⢧⢘⣿⡿⠁⣠⣾⣷⣄⠈⢿⣿⡃⡼
⠀⠀⠀⡴⣡⣾⠋⢀⣴⣟⣁⣈⣻⣦⡀⠙⣷⣌⢦
⡆⣠⣬⣴⠟⠁⣠⣿⠋⠀⠀⠀⠀⠙⢿⣄⠈⠻⣦⣥⣤⢰
⡇⠻⠿⠶⠶⠶⠶⠶⠾⠿⠀⠀⠿⠷⠶⠶⠶⠶⠶⠿⠟⢸
⠀⠀⠀⠀⠀⣿⢩⣭⣭⣭⣭⣭⣭⣭⣭⣭⣭⣭⣭⣭⣭⡍⣿
⠀⠀⠀⠀⠀⣿⢸⣿⣿⣤⡤⠀⢀⣴⣦⡀⠀⢤⣤⣿⣿⡇⣿
⠀⠀⠀⠀⠀⣹⠆⣴⣿⠟⠀⢠⣾⡿⢿⣷⡄⠀⠻⣿⣦⠰⣟
⠀⠀⠀⠀⡴⢁⣾⡿⠃⠀⣴⣿⠟⠀⠀⠻⣿⣦⠀⠘⢿⣷⡈⢦
⡤⠤⠤⠞⣠⣿⠟⠀⢀⣾⡿⠋⠉⠉⠉⠉⠙⢿⣷⡀⠀⠻⣿⣄⠳⠤⠤⢤
⡇⢸⣿⡟⠛⠋⠀⠐⠛⠛⢠⣤⡄⠀⠀⢠⣤⡄⠛⠛⠂⠀⠙⠛⢻⣿⡇⢸
⣇⣘⣛⣛⣛⣛⣛⣛⣛⣛⣛⣛⣃⣀⣀⣘⣛⣛⣛⣛⣛⣛⣛⣛⣛⣛⣃⣸
⢀⣀⣠⣤⣴⣶⣾⣿⣿⣿⣶⣄⡀
⠀⠀⠹⣿⠿⠿⣿⣿⡿⠛⠛⠛⠛⠉
⠀⠀⠀⠀⢀⣀⣠⣤⣴⣶⣾⣿⣿⣷⣾⣶⣦⣄
⠐⠶⠚⢿⣿⣿⣿⣿⣿⣿⣿⣿⣿⣿⣿⣿⣿⣟⣿⣶⣦⠤
⠀⠀⠀⠀⢿⣿⠿⠟⠻⠿⣿⣿⣿⠿⠋⠉⠉⠉⠉⠉⠁
⠀⠀⠀⠀⠀⢀⣀⣀⣠⣤⣤⣶⣶⣾⣿⣿⣿⣾⣾⣷⣦⣤⣀
⠐⠲⠖⠻⢿⣿⣿⣿⣿⣿⣿⣿⣿⣿⣿⣿⣿⣿⣿⣿⣿⣿⣟⣿⣶⣶⣤⠤
⠀⠀⠀⠀⠀⢹⣿⡿⠿⠟⠻⠿⢿⣿⣿⣿⡿⠟⠋⠉⠉⠉⠉⠉⠉⠉
⣿⠋⠈⠉⠙⠋⠋⠙⠙⠋⠉⠁⠙⣿
⠟⠁⠀⠀⠀⠀⠀⠀⠀⠀⠀⠀⠈⠻
⣇⣀⠀⠀⠀⠀⠀⠀⠀⠀⠀⠀⣀⣸
⣿⣿⣷⣶⣶⣀⠀⠀⣀⣶⣶⣾⣿⣿
⣿⣿⠋⠀⠉⠛⠛⠿⠛⠛⠛⠛⠛⠛⠿⠛⠛⠉⠀⠙⣿⣿
⣿⣿⡄⠀⠀⠀⠀⠀⠀⠀⠀⠀⠀⠀⠀⠀⠀⠀⠀⢠⣿⣿
⡋⠁⠀⠀⠀⠀⠀⠀⠀⠀⠀⠀⠀⠀⠀⠀⠀⠀⢀⠀⠀⢙
⣗⠉⠀⠀⠀⠀⠀⠀⠀⠀⠀⠀⠀⠀⠀⠀⠀⠀⠀⠀⠉⣺
⣿⣷⣶⣤⡀⣀⣀⡀⠀⠀⠀⠀⠀⠀⢀⣀⣀⢀⣤⣶⣾⣿
⣿⣿⣿⣿⣿⣿⣿⣿⣄⣀⡀⢀⣀⣠⣿⣿⣿⣿⣿⣿⣿⣿
⣿⣿⡿⠋⠈⠙⠛⠛⠿⣿⠿⠿⠿⠟⠻⠿⠿⠿⣿⠿⠛⠛⠋⠁⠙⢿⣿⣿
⣿⣿⡇⠀⠀⠀⠀⠀⠀⠀⠀⠀⠀⠀⠀⠀⠀⠀⠀⠀⠀⠀⠀⠀⠀⢸⣿⣿
⣿⡿⠟⠀⠀⠀⠀⠀⠀⠀⠀⠀⠀⠀⠀⠀⠀⠀⠀⠀⠀⠀⠀⠀⠀⠻⢿⣿
⡯⠀⠀⣀⡀⠠⠤⠄⠀⠀⠀⠀⠀⠀⠀⠀⠀⠀⠀⠀⠠⠤⠄⢀⣀⠀⠀⢽
⡷⠚⠉⠀⠀⠀⠀⠀⠀⠀⠀⠀⠀⠀⠀⠀⠀⠀⠀⠀⠀⠀⠀⠀⠀⠉⠓⢾
⣿⣶⣀⣀⠀⠀⠀⠀⠀⠀⠀⠀⠀⠀⠀⠀⠀⠀⠀⠀⠀⠀⠀⠀⣠⣀⣶⣿
⣿⣿⣿⣿⣿⣦⣤⣴⣶⣄⠀⠀⠀⠀⠀⠀⠀⠀⣠⣶⣦⣤⣴⣿⣿⣿⣿⣿
⣿⣿⣿⣿⣿⣿⣿⣿⣿⣿⣧⣄⣀⡀⢀⣀⣠⣼⣿⣿⣿⣿⣿⣿⣿⣿⣿⣿
⢀⣀⣠⡤⣶⣤⡶⣿⢶⣶⣤⣄⡀
⠈⠙⢧⣝⢦⡜⠧⣿⣾⣿⣿⣴⣿⡧
⠀⠀⠚⠻⠶⠾⣿⣿⣿⣿⡿⠿⠛⠉
⠀⠀⠀⠀⠀⣀⢠⡤⢄⣠⠶⣟⣶⡤⣤⡤⣀
⢠⠴⣶⣒⠺⣌⠉⠉⠛⣶⡌⢷⡈⠙⣯⢙⡤⠏⠑⢦⡀⡀
⠀⠀⠈⢿⣤⡘⠷⣤⡀⠻⣴⣾⣷⡄⣓⣿⣴⣆⠾⣸⡝⡅
⠀⠀⠀⠀⣼⡿⠁⠈⣁⣤⣤⣾⢻⣷⣼⣿⣯⣿⡟⣛⡡⠇
⠀⠀⠀⠉⠉⠙⠛⠉⠛⠳⠾⢽⣿⣿⣽⣿⡿⠟⠋
⠀⠀⠀⠀⠀⠀⢀⡀⢠⣄⣀⣀⣤⢦⣞⠦⠤⢤⡀⢀⣀
⠀⣀⣠⡤⠤⢴⡏⠛⠚⠓⠲⢦⣅⠐⢮⠉⠙⠳⣍⠻⠆⣹⠎⠢⣄
⠈⠉⠉⢹⣷⠀⠘⢦⣀⠀⠀⢸⡿⢀⡰⣟⠀⠐⣏⣰⡏⣁⠀⣠⡎⡷⣴
⠀⠀⠀⠀⠛⠿⣦⡤⠉⠛⡶⠀⠙⠛⢛⣮⣿⠂⢲⡿⣿⣛⣖⣈⣰⡷⠘⡇
⠀⠀⠀⠀⣀⣚⣿⢃⣀⣀⣤⡤⢶⣾⣽⣏⡿⣿⣾⣿⣶⣶⡾⣜⣉⠤⠚⠃
⠀⠀⠀⠀⠀⠀⠈⠉⠉⠉⠉⠙⠳⠶⠭⣭⣾⣿⣽⣯⣽⠟⠋⠋
⢳⣭⣲⡲⢶⣒⣒⣒⣒⣲⠶⣶⣶⣶
⠸⣿⣿⣿⣛⡉⠀⠀⠈⠙⣿⣦⢹⣿
⠀⢿⣉⣀⣀⣀⣠⣤⣀⣾⣽⣣⢾⠃
⠀⠀⠈⠙⠻⠿⢧⣬⠿⠟⠛⠉⠉
⢯⢍⡓⠶⣶⣶⣶⣶⣶⡶⠶⠶⠶⢶⣶⣶⣶⣶⣶⣶⣶⢰
⢸⢸⣯⣶⣿⣬⣙⠦⣶⣶⡦⠧⣾⣴⣢⢌⣍⠛⢿⣿⣿⢸
⢸⢸⣿⣿⣿⣿⠿⠛⠁⠀⠀⠀⠀⠀⠉⠳⣝⣷⡄⢹⣿⢸
⠘⡜⣿⣿⠭⠒⠛⠛⠉⠁⠀⠀⠀⠀⠀⣠⣏⣾⠃⣸⡿⡸
⠀⠵⣯⣄⣀⣀⣀⣀⣀⣠⣤⣶⣤⣄⣻⣷⣬⣑⠶⣟⡱⠁
⠀⠀⠈⠑⢝⡿⣿⣿⣿⣿⠛⠈⢻⣿⣿⣿⡿⢟⠟⠂⠃
⠀⠀⠀⠀⠀⠈⠁⠛⠛⠿⠿⡿⠿⠟⠛⠋⠈
⢯⣍⡙⠲⢤⣤⠴⣶⣤⣤⣤⣤⣤⣤⣤⣤⣤⣤⣤⣤⣤⣤⣤⣤⣤⣤⣤⢰
⠀⡇⣿⣓⡴⣲⣭⣙⠻⢭⣠⣤⢲⣆⣶⣰⡆⡤⢈⡍⣙⠻⢿⣿⣿⣿⣿⢸
⠀⡇⣿⣿⣿⣿⣿⣿⣿⠶⠘⠉⠉⠁⠀⠈⠉⠉⠛⢮⣝⢶⣤⠈⠻⣿⣿⢸
⠀⡇⣿⣿⣿⠿⣛⡭⠤⠤⠤⠆⠀⠀⠀⠀⠀⠀⠀⠀⣹⠆⣿⡇⠀⣿⡿⢸
⠀⠳⣹⡿⠟⠋⠁⠀⠀⠀⠀⠀⠀⠀⠀⠀⠀⢀⣠⣖⠻⢼⣟⢀⣴⣿⢃⠏
⠀⠚⠛⢶⡶⣦⣤⣤⣤⣤⣤⣶⣶⣿⢿⣷⣶⣶⣾⣿⣿⣶⣬⣙⠻⢵⠃
⠀⠀⠀⠀⠉⠪⢝⡻⢿⣿⣿⣿⣭⢉⣀⠩⣽⣿⣿⣿⡿⢟⠫⠛⠙⠚⠁
⠀⠀⠀⠀⠀⠀⠀⠀⠁⠘⠉⠛⠛⠿⣿⠿⠛⠛⠉⠂⠈
⣛⠛⠛⡛⠟⠁⢀⡀⠈⠻⢛⠛⠛⣛
⡿⠀⠀⠀⠠⣤⣬⣥⣤⠄⠀⠀⠀⢿
⣶⣤⣀⣀⠒⠚⠛⠛⠓⠒⣀⣀⣤⣶
⠿⠿⠿⠿⠿⠿⢿⡿⠋⠀⠀⠀⠀⠙⢿⡿⠿⠿⠿⠿⠿⠿
⣶⡄⠀⠀⠀⠤⠀⠀⠀⢀⣴⣦⡀⠀⠀⠀⠤⠀⠀⠀⢠⣶
⣿⡇⠀⠀⠀⠀⠀⣠⣤⣤⣤⣤⣤⣤⣄⠀⠀⠀⠀⠀⢸⣿
⣃⡀⠀⠀⠀⠀⣀⣀⣸⣿⣿⣿⣿⣇⣀⣀⠀⠀⠀⠀⢀⣘
⣿⣿⣶⣤⣄⣀⣀⡀⠈⠉⠉⠉⠉⠁⢀⣀⣀⣠⣤⣶⣿⣿
⡿⠿⠿⠿⠿⠿⠿⠿⣿⡿⠛⠁⠀⠀⠀⠀⠈⠛⢿⣿⠿⠿⠿⠿⠿⠿⠿⢿
⣀⣀⠀⠀⠀⠀⢀⡀⠈⠀⠀⠀⠀⣠⣄⠀⠀⠀⠀⠁⢀⡀⠀⠀⠀⠀⣀⣀
⣿⣿⠀⠀⠀⠀⠀⠀⠀⠀⠀⠀⠈⠉⠉⠁⠀⠀⠀⠀⠀⠀⠀⠀⠀⠀⣿⣿
⠿⠿⠀⠀⠀⠀⠀⠀⠀⠴⠿⣿⣿⣿⣿⣿⣿⠿⠦⠀⠀⠀⠀⠀⠀⠀⠿⠿
⣥⣤⡀⠀⠀⠀⠀⠠⠤⢤⣤⣿⣿⣿⣿⣿⣿⣤⡤⠤⠄⠀⠀⠀⠀⢀⣤⣬
⣿⣿⣿⣶⣤⣤⣀⣀⣀⣀⠀⠀⠀⠀⠀⠀⠀⠀⣀⣀⣀⣀⣤⣤⣶⣿⣿⣿
⠀⠀⠀⠀⢾⣹⣿⣿⣿⡗
⠀⠀⠀⣻⣿⠛⠛⢿⣻⣿⣟
⠈⠻⣿⣿⣿⡗⢨⡿⢛⣿⣿⣿⠟⠁
⠀⠀⠀⠙⠛⠿⢾⡷⠿⠛⠋
⠀⠀⠀⠀⠀⠀⢰⣶⢺⣿⣿⣿⣿⣶⣶⡆
⠀⠀⠀⠀⢀⣠⣤⣿⣾⣿⣿⣿⣿⣿⣿⣤⣄⡀
⠀⠀⠀⠀⢀⣉⣿⡟⠉⠋⢋⡹⢭⣭⣿⣿⣉⡀
⠀⠻⣿⣿⣿⣿⣿⣟⠢⢌⣙⣿⡷⠖⣻⣿⣿⣿⣿⣿⠟
⠀⠀⠀⠙⠻⣿⣿⣿⣯⣕⣲⣖⣪⣽⣿⣿⣿⠟⠋
⠀⠀⠀⠀⠀⠀⠉⠙⠻⠿⢿⡿⠿⠟⠋⠉
⠀⠀⠀⠀⠀⠀⠀⠀⢴⣶⠒⣶⣶⣶⣶⣶⣶⣶⣶⡦
⠀⠀⠀⠀⠀⠀⠀⠀⢸⣿⣀⣿⣿⣿⣿⣿⣿⣿⣿⡇
⠀⠀⠀⠀⠀⠀⢶⣿⣿⣿⣿⡿⢿⣿⣿⡿⢿⣿⣿⣿⣿⣶
⠀⠀⠀⠀⠀⣀⣀⣬⡿⣏⠀⠉⠉⢁⡸⠧⢤⣼⣿⣽⣥⣀⣀
⠀⠙⢿⣿⣿⣿⣿⣿⣿⣷⢦⣄⠈⠛⣿⣷⣶⡶⣾⣿⣿⣿⣿⣿⣿⡿⠋
⠀⠀⠀⠙⢿⣿⣿⣿⣿⣿⣒⠦⢭⣙⣋⡭⠴⣒⣿⣿⣿⣿⣿⡿⠋
⠀⠀⠀⠀⠀⠈⠛⠿⣿⣿⣿⣿⣶⣼⣧⣶⣿⣿⣿⣿⠿⠛⠁
⠀⠀⠀⠀⠀⠀⠀⠀⠀⠉⠙⠛⠿⠿⠿⠿⠛⠋⠉
⣠⣴⣖⣈⡉⠉⠽⣿⠯⢉⣑⣲⣦⣄
⠙⠻⠿⢿⣿⣓⣀⣀⣚⣿⡿⠿⠟⠋
⠀⠀⣀⣤⡴⠶⠖⠚⠛⠛⣿⣿⣿⡟⠓⠲⠶⢦⣤⣀
⣴⣿⣿⣿⣶⣶⣤⡀⠀⠉⠻⢿⠿⠋⢀⣠⣶⣤⣿⣿⣿⣦
⠻⣿⣿⣿⣿⣿⣿⣿⣷⡄⠀⠀⢠⣶⣿⣿⣿⣿⣿⣿⣿⠟
⠀⠀⠉⠛⠻⠿⠿⣿⣤⣤⣤⣤⣤⣤⣽⠿⠿⠟⠛⠉
⠀⠀⠀⢀⣀⣤⣴⠶⠶⠾⠛⠛⠻⣿⣿⣿⣿⠿⠷⠶⢶⣦⣤⣀⡀
⢀⣴⣾⣿⣿⣅⣠⣄⠀⠀⠀⠘⠻⣿⣿⣿⣿⠖⠀⠀⣠⣀⣉⣿⣿⣷⣦⡀
⣿⣿⣿⣿⣿⣿⣿⣿⣿⣦⣄⠀⠀⠀⠙⠋⠀⣠⣴⣿⣿⣿⣿⣿⣿⣿⣿⣿
⠈⠻⢿⣿⣿⣿⣿⣿⣿⣿⡿⠿⠀⠀⠀⠀⠿⠿⣿⣿⣿⣿⣿⣿⣿⡿⠟⠁
⠀⠀⠀⠈⠉⠛⠻⠿⠿⢿⣤⣤⣤⣤⣤⣤⣤⣤⡿⠿⠿⠟⠛⠉⠁
⠀⠀⠀⣀⢤⣄⡀
⠀⠸⣇⣿⣿⣿⣿⣷⣤⣀
⣿⣿⣿⣿⣿⣿⣿⣿⣿⣿⣿⣦⣄⡀
⠿⣿⣿⣿⣿⡟⠨⣿⣿⡿⠿⣿⣿⠖
⠀⠈⠛⢛⣥⣾⣿⠿⠟⣛⣲⣦⣤⣱
⠀⠀⠀⠀⡄⠀⣇⣀
⠀⠀⡆⣄⠃⣷⣼⣿⣿⣦⣄⡀
⠀⠀⡇⣿⡇⣿⡿⣿⣿⣿⣿⣿⣷⣤⣀
⣷⣿⣶⣿⣟⣿⣿⣿⣿⣿⣿⣿⣿⣿⣿⣷⣦⣄⡀
⣿⣿⣿⣿⣿⣿⣿⣿⣽⠛⣿⣿⣿⣿⣿⣿⣿⣿⣿⣶⡴⡀
⡿⣿⣧⣽⣿⣿⣿⣿⡿⠃⣙⣿⣾⣽⣿⣿⣿⣿⣿⣿⣷⠎
⠑⠍⠻⣿⣿⣿⡿⠟⣓⣤⣬⣿⣿⣯⣭⡭⢍⣉⠉⠉⠳⡄
⠀⠀⠀⠪⠭⠥⠶⠿⠿⠿⠿⠿⠿⠯⢥⣉⣙⣺⣽⣒⠤⣿
⠀⠀⠀⠀⠀⣄⠀⢸⢁⡀
⠀⠀⢠⠤⢀⡇⣤⣌⢸⣿⣶⣤⣀⠄⡀
⠀⠀⢸⢸⣷⡄⣿⣿⢸⣿⣿⣿⣿⣷⣦⣔⡠⢀
⡀⠀⠸⠘⣿⣇⢻⣿⡸⣿⣿⣿⣿⣿⣿⣿⣿⣶⣤⣂⠄⡀
⡇⣿⣿⢸⣿⣭⣛⡿⣿⣿⣿⣿⣿⣿⣿⣿⣿⣿⣿⣿⣷⣮⣔⡠⢀
⡇⣿⣿⢸⣿⣿⣿⣿⣿⣿⣭⡛⠿⣿⣿⣿⣿⣿⣿⣿⣿⣿⣿⣿⣶⣕⢦
⡇⣿⣿⣜⢿⣿⣿⣿⣿⣿⣿⣷⡀⠿⢿⣏⣻⢿⣿⣛⣛⣛⣛⣛⣛⣛⣡⡇
⢇⠻⢿⣿⣿⣾⣿⣿⣿⣿⣿⣀⠀⠻⢿⣿⣿⡿⠿⠿⠿⠿⠿⠿⠿⢿⡋⠁
⠀⠑⠢⡺⢽⣿⣿⡿⠛⢉⣠⣴⣾⣿⣿⣿⣿⣿⠿⢽⣒⠦⢄⣀⠀⠀⠹⣄
⠀⠀⠀⠈⠒⠤⠤⠶⠾⠿⠿⠿⠿⠿⠿⠟⠻⠤⠤⢤⣌⣉⣓⣮⣝⡒⠦⣿
⠛⣿⣟⠛⠛⠛⠛⢛⣷⡦
⠀⣿⣿⢛⣛⣛⣛⠛⣿⡧⢀⣤⣤⣀
⠶⠿⠿⠶⢾⣿⡷⠾⠟⠃⠀⢹⣿
⠀⠀⠀⠀⠸⢿⣧⣤⣤⣤⣤⣼⠿
⠿⢿⣿⣿⠿⠿⠿⠿⠿⠿⠿⠿⣿⣶⣤⡀
⠀⢸⣿⣿⣇⣀⣀⣀⣀⣀⣀⣀⣼⣿⣿⠇
⠀⢸⣿⣿⡟⠛⣛⣛⣛⣛⣛⠛⢿⣿⣷⡄⢀⣀⣀⣀⣀⣀
⠀⢸⣿⣿⡇⠘⠻⡿⠿⡿⠛⠀⣸⣿⣿⡇⠘⠻⣿⣿⡟⠛
⠿⠿⠿⠿⠿⠿⠿⣿⣿⣿⠿⠿⠿⠛⠉⠀⠀⠀⣿⣿⡏
⠀⠀⠀⠀⠀⠀⠀⣿⣿⣿⠀⠀⠀⠀⠀⠀⠀⠀⣿⣿⡇
⠀⠀⠀⠀⠀⠀⠀⠙⠿⣿⣷⣶⣶⣶⣶⣶⣶⣾⡿⠟⠃
⣿⣿⣿⣿⣿⣿⣿⣿⣿⣿⣿⣿⣿⣿⣿⣿⣷⣦⣄
⠀⠀⣿⣿⣿⡆⠀⠀⠀⠀⠀⠀⠀⠀⠀⢹⣿⣿⣿⡇
⠀⠀⣿⣿⣿⣷⣶⣶⣶⣶⣶⣶⣶⣶⣶⣿⣿⣿⡟⠁
⠀⠀⣿⣿⣿⡏⠉⣉⣉⣉⣉⣉⣉⣉⠉⢻⣿⣿⣿⡆⠀⣀⣀⣀⣀⣀⣀⣀
⠀⠀⣿⣿⣿⡇⠀⠻⠿⣿⣿⣿⡿⠿⠀⢸⣿⣿⣿⡇⠀⠿⢿⣿⣿⣿⠿⠿
⣿⣿⣿⣿⣿⣿⣿⣿⣿⣿⣿⣿⣿⣿⣿⣿⣿⠿⠛⠁⠀⠀⢸⣿⣿⣿⡇
⠀⠀⠀⠀⠀⠀⠀⠀⠈⣿⣿⣿⡇⠀⠀⠀⠀⠀⠀⠀⠀⠀⢸⣿⣿⣿⡇
⠀⠀⠀⠀⠀⠀⠀⠀⠀⣿⣿⣿⣇⠀⠀⠀⠀⠀⠀⠀⠀⠀⣸⣿⣿⣿⡇
⠀⠀⠀⠀⠀⠀⠀⠀⠀⠙⠻⢿⣿⣿⣿⣿⣿⣿⣿⣿⣿⣿⣿⡿⠟⠋
⠀⠀⠀⠀⣰⡖⠒⠒⠒⠒⣶⣿
⠀⠀⢀⡾⠿⠉⣉⣉⣉⡉⠉⢻⣦
⠘⢿⡛⠚⢓⡨⠗⠋⣯⣤⣶⡿⠋
⠀⠈⠛⢺⣥⣶⣶⣿⣿⣿⣿⣿⣦⡀
⠀⠀⠀⡿⠟⠛⠉⠉
⠀⠀⠀⠀⠀⠀⠀⣤⡴⠶⠶⠶⢤⣤⣤⣤⣶⣶⣿
⠀⠀⠀⠀⠀⣀⣼⡿⣃⣠⡤⠤⠤⠤⠤⢼⣿⣿⣋
⠀⠀⠀⠀⣨⣿⠿⢯⣁⣀⣀⣀⣤⣀⡀⠀⠀⠉⢿⣷⡀
⠰⣶⣤⣾⣿⣥⠤⠤⠤⢖⣋⠭⢞⡷⢃⣀⣠⣴⣿⡿⠁
⠀⠘⢿⣦⡀⠀⣀⣠⠖⠋⠀⠀⣸⣿⣿⣿⣿⣿⡋
⠀⠀⠈⠻⠿⢿⣥⣴⣶⣶⣿⣿⣿⠿⠿⣿⣛⣛⣿⣶⣄
⠀⠀⠀⠀⢀⣾⣿⣿⣿⣿⡿⠶⠟⠛⠛⠉⠉⠉⠉⠉⠙⠃
⠀⠀⠀⠀⢸⠿⠛⠋⠉
⠀⠀⠀⠀⠀⠀⠀⠀⠀⣠⣤⣤⣶⣦⣤⣤⣤⣤⣤⣤⣤⣴⣶⣾⠁
⠀⠀⠀⠀⠀⠀⠀⢀⣸⣿⣯⠀⠀⠀⠀⣀⣈⣉⠉⠡⣾⣿⣿⡿⠁
⠀⠀⠀⠀⠀⠠⣴⣿⣿⡷⠶⠚⠋⠉⠉⠉⠉⠉⠉⠉⠙⠛⢿⣶⣤⡀
⠀⠀⠀⠀⢀⣴⣿⠟⠙⠒⠶⠤⠤⢤⣶⣶⣶⢦⡄⠀⠀⠀⠀⣹⣿⣷
⠘⢶⣶⣶⠿⠿⡥⠶⠶⠦⠴⠒⣋⣩⠴⠒⣯⠞⢁⣀⣠⣤⣶⣿⣿⠇
⠀⠈⢻⣿⣦⠀⠀⠀⠀⣀⡴⠞⠉⠀⠀⢰⣿⣿⣿⣿⣿⣿⣿⠟⠁
⠀⠀⠀⠙⣿⣷⣶⣞⣋⣉⣀⣤⠤⣶⣶⣿⠿⢿⣛⣛⣛⣛⣿⣷⣦⡀
⠀⠀⠀⠀⠈⠉⢉⣿⣿⠿⣖⣺⠭⢗⣒⣻⣯⣭⣥⣶⡶⠶⠶⠾⠿⣿⣦⡀
⠀⠀⠀⠀⠀⠀⣾⣿⣿⣯⣷⡾⠿⠛⠛⠉⠉
⠀⠀⠀⠀⠀⢰⠿⠛⠋⠉
⠀⠀⠀⣠⡷⣁⡔⣮⣝⢷⠄⣄⡀
⠀⠀⢰⡿⣷⣭⣸⡻⣿⣿⣷⡏
⣦⣶⢻⡟⣿⠹⣿⣿⡿⣿⣿⡿⢶⣦
⠟⠛⢛⠛⣛⢛⡟⠛⢛⡛⣃⠃⠚⠂
⠀⠀⠀⠀⠀⢀⣿⠶⡱⡐⡖⠶⣍⡷⣧⢦⠤⣀⠀⡀
⠀⠀⠀⠀⣠⣿⣿⣌⡳⠙⡔⢿⣿⡿⣴⡿⣖⣼⠟⠁
⠀⠀⠀⢠⣿⣶⣽⣾⠿⣷⣽⣶⣴⣾⣭⣿⣿⣿⡄
⢳⣿⢽⡇⣿⢍⢹⡏⡀⡿⣷⢿⡷⡏⢹⢾⡷⣼⠘⢹⡏⠗
⠓⠛⠛⠛⣛⠛⢋⡙⠙⣙⠚⢋⠓⢋⡛⠚⣓⠚⠒⠚⠓
⠀⠀⠀⠀⠀⠀⠀⠰⣯⣬⠑⡖⠲⡦⣲⣍⢻⡜⣃⣄⢀⡀
⠀⠀⠀⠀⠀⠀⣰⣿⣿⠁⢷⠘⣌⢡⣧⣶⣶⡮⢍⡼⢅⡀⢳⣦⠆
⠀⠀⠀⠀⠀⢴⡿⣿⡻⣶⣤⣁⠰⡆⠟⡿⠿⠗⣿⣞⣭⣴⣿⠋
⠀⠀⠀⠀⣠⣿⣿⣮⣽⣶⠿⣿⣷⣽⣶⣶⣶⣫⣵⢿⣿⣿⣿⡄
⢦⢰⣖⣲⠎⣿⡟⠟⢻⡟⠀⢸⣿⣧⣿⡟⣽⡟⢻⡍⣿⣇⣻⠱⠖⣶⢲⣎
⡸⢸⣏⣹⣇⣿⣏⣶⣸⣧⣴⣸⡍⠿⣹⣧⠻⣇⡼⢃⣷⠘⢿⠀⢀⣿⡨⠁
⠉⠉⠉⠉⠉⣭⡍⠉⣭⡍⠉⢩⣩⠉⢩⡍⠉⣭⡍⠉⢩⣍⠉⠉⠉⠉⠉
⠀⢀⣀⢰⣶⡶⣶⣶⣶⣶⣄⣀⡀
⠀⣿⡟⢹⣿⣏⣉⣉⣹⣿⠏⠹⠿
⠀⣿⣇⣸⣿⣏⣉⣉⣹⣿⣆⣴⣶
⠀⠈⠉⠹⠿⠿⠿⠿⠾⠿⠃⠉⠁
⠀⠀⠀⠀⠀⢠⣶⣶⣶⣶⣶⣶⣶⣶⣦⣄⡀
⠀⢠⣴⣶⣶⢸⣿⣿⡇⣿⣿⣿⣿⣿⣿⣿⣶⣶⣶⣦⡄
⠀⢸⣿⣿⠀⢸⣿⣿⣧⣤⣤⣤⣤⣼⣿⡿⠂⠀⠛⠛⠃
⠀⢸⣿⣿⠀⠸⣿⣿⡟⠙⠛⠛⠋⢻⣿⣷⡆⠀⣤⣤⡄
⠀⠘⠻⠿⠿⠿⣿⣿⣿⣿⣿⣿⣿⢸⣿⣿⡇⠿⠿⠿⠃
⠀⠀⠀⠀⠀⠘⠿⠿⠿⠿⠿⠿⠿⠿⠟⠋⠁
⠀⠀⠀⠀⠀⠀⠀⣤⣤⣤⣤⣤⣤⣤⣤⣤⣤⣤⣤⣀
⠀⠀⠀⣀⣤⣤⡄⣿⣿⣿⣿⢻⣿⣿⣿⣿⣿⣿⣿⣿⣿⣤⣤⣤⣀
⠀⢰⣿⣿⣿⡿⠇⣿⣿⣿⣿⠸⠿⠿⠿⠿⠿⣿⣿⣿⣿⠿⢿⣿⣿⣿⡆
⠀⢸⣿⣿⣿⡇⠀⣿⣿⣿⣿⣤⣤⣤⣤⣤⣤⣿⣿⡿⠛⠀⠈⠉⠉⠉⠁
⠀⢸⣿⣿⣿⡇⠀⣿⣿⣿⣿⠛⠛⠛⠛⠛⠛⣿⣿⣿⣦⠀⢀⣀⣀⣀⡀
⠀⠸⣿⣿⣿⣷⣶⣿⣿⣿⣷⣶⣶⣶⣶⣶⡆⣿⣿⣿⣿⢰⣾⣿⣿⣿⠇
⠀⠀⠀⠉⠛⠛⠛⣿⣿⣿⣿⣿⣿⣿⣿⣿⣧⣿⣿⣿⣿⠘⠛⠛⠋⠁
⠀⠀⠀⠀⠀⠀⠀⠛⠛⠛⠛⠛⠛⠛⠛⠛⠛⠛⠛⠉
⠀⠀⠸⣀⠀⠀⠀⣀⡀⠀⠀⢀⣶⡄
⠀⢀⠔⠁⠀⢠⣤⠀⠀⠀⣺⡟⠋
⠠⣯⣤⣤⣤⣤⣤⣤⣤⠾⠟⠁
⠀⠀⠀⠐⡏⠉⠉⠉⠉⠉⠉⠉⠉⠉⠉⠉⠉⠑⠒⣤⣀
⠀⠀⠀⠀⢙⡿⠛⠋⠁⠀⢠⠾⠟⠛⠁⠀⢀⣀⣴⣿⡿⠃
⠀⠀⠀⣠⠎⠀⠀⠀⢀⣴⣤⡀⠀⠀⠀⠙⣿⣿⡛⠉⠁
⠀⢀⡜⠁⠀⠀⠀⠀⠛⠛⠋⠀⠀⠀⣀⣼⣿⡿⠃
⠐⠿⣶⣶⣶⣶⣶⣶⣶⣶⣶⣶⣶⠿⠿⠟⠋
⠀⠀⠀⠀⠀⣿⠉⠉⠉⠉⠉⠉⠉⠉⠉⠉⠉⠉⠉⠉⠉⠑⠒⠒⢤⣀
⠀⠀⠀⠀⠀⠹⢶⡶⠶⠖⠒⠀⠀⢀⣴⣶⠶⠶⠒⠀⠀⠀⠀⣠⣾⣿⣿⠂
⠀⠀⠀⠀⠀⣠⠞⠀⠀⠀⠀⠀⣀⠉⠁⠀⠀⠀⠀⠤⣴⣶⣾⣿⠿⠟⠁
⠀⠀⠀⢠⠞⠁⠀⠀⠀⠀⢠⣾⣿⣷⠆⠀⠀⠀⠀⠀⣼⣿⣷⡄
⠀⢀⡴⠋⠀⠀⠀⠀⠀⠀⠉⠉⠁⠀⠀⠀⠀⣀⣤⣾⣿⣿⠋
⠀⠻⠶⣶⣶⣶⣶⣶⣶⣶⣶⣶⣶⣶⣾⡿⠿⠿⠿⠛⠋
⣿⠿⠟⠋⠉⠁⠀⠀⠈⠉⠉⠻⣿⣿
⡗⠀⠀⠀⠀⠀⠀⣀⣀⡀⠀⠀⠈⢙
⣷⣤⣀⡀⠀⠀⠀⠀⣉⣛⣷⣶⣾⣿
⣿⣿⣿⣿⣿⠯⠉⠉⠉⠉⠉⠁⠉⠉⠉⠉⠛⢿⣿⣿⣿⣿
⡿⠛⠉⠁⠀⠀⠀⠀⠀⠀⠀⠀⠀⠠⠀⠀⠀⠀⠙⢿⣿⣿
⡟⠁⠀⠀⠀⠀⠀⠀⠀⠀⠀⣀⣀⡀⠀⠀⠀⠀⠀⠀⠈⢙
⣧⡀⠀⠀⠀⠀⠀⠀⠀⠀⠀⠉⠻⢿⣿⣶⣤⣤⣤⣤⣴⣾
⣿⣿⣶⣤⣀⣀⡀⠀⠀⠀⠀⠀⢀⣀⣀⣭⣽⣿⣿⣿⣿⣿
⣿⣿⣿⣿⣿⣿⣿⡏⠉⠉⠉⠉⠉⠉⠁⠉⠉⠉⠉⠉⠛⠻⣿⣿⣿⣿⣿⣿
⣿⣿⠿⠛⠉⠁⠀⠀⠀⠀⠀⠀⠀⠀⠀⠀⠀⢀⠀⠀⠀⠀⠈⠻⣿⣿⣿⣿
⣿⠖⠀⠀⠀⠀⠀⠀⠀⠀⠀⠀⠀⠀⠀⠀⠀⠈⠁⠀⠀⠀⠀⠀⠈⠙⠻⢿
⡏⠀⠀⠀⠀⠀⠀⠀⠀⠀⠀⠀⠀⠀⢤⣤⣤⣤⣄⣀⠀⠀⠀⠀⠀⠀⠀⣰
⣿⣄⠀⠀⠀⠀⠀⠀⠀⠀⠀⠀⠀⠀⠀⠉⠛⠿⠿⣿⣷⣶⣶⣶⣶⣾⣿⣿
⣿⣿⣿⣶⣤⣤⣀⣀⡀⠀⠀⠀⠀⠀⠀⢀⣀⣀⣤⣤⣶⣿⣿⣿⣿⣿⣿⣿
⠀⠀⣠⣾⣿⣟⣛⣻⣿⡿⠗⣀
⠠⠾⠿⠿⢿⣿⣿⣿⡿⡿⠿⠿⠶⠂
⠀⠀⢀⣴⣿⣿⣭⣭⣽⣾⠶⠂
⠀⠀⠀⠀⣠⣾⣿⣿⡿⠿⠿⠿⢿⣿⣿⣿⡷
⠀⠀⣠⣾⣿⣿⣿⣿⣿⣿⣿⣿⣿⣿⣿⣋⣠⣤⣾
⣠⣾⣿⣿⣿⣿⣿⣿⣿⣿⣿⣿⣿⣿⣿⡿⣿⣿⣿⣿⠟⠉
⠀⠀⠀⠀⠀⠀⣠⣾⣿⣛⠿⠿⠿⢷⣸⣦⣤⣤⡄
⠀⠀⠀⠀⣠⣾⣿⣿⣿⣷⣶⣶⣶⣾⣿⡿⠟⠋
⠀⠀⠀⠀⠀⠀⣠⣾⣿⣿⣿⣿⣿⣿⣿⣿⣿⣿⣿⣿⣿⡦
⠀⠀⠀⠀⣠⢾⣿⣿⣿⣷⣯⣤⣤⣤⣤⣴⣿⣿⣿⡿⠞⠁⠀⣠⠆
⠀⠀⢀⣼⣵⣿⣿⣿⣿⣿⣿⣿⣿⣿⣿⣿⣿⣯⣿⣤⣴⣶⣿⣿⣃⣀⣀⣀
⢀⡴⣿⣿⣿⣿⣿⣷⣿⣿⣿⣿⣿⣿⣿⣿⣿⣿⣿⣿⢿⡿⣿⣿⣿⣿⠞⠁
⠉⠉⠉⠉⠉⠉⠉⠉⢉⣽⣿⣿⣿⣿⣿⣿⣿⡍⢩⣥⠈⠉⠉⠉⠉⠁
⠀⠀⠀⠀⠀⠀⢀⡴⣻⣿⣿⣷⠞⠙⠋⠉⠛⣻⣾⣿⣿⣿⡽⠃
⠀⠀⠀⠀⠀⣠⣾⣾⣿⣿⣷⣿⣿⣿⣿⣿⣿⣿⣿⡿⠟⠋
⠻⣿⡟⠛⢻⣷⡌⢻⣿⡟⠘⢻⣿⠟
⠀⣿⡟⠛⢻⣿⣷⣾⢻⡇⠀⢸⣿
⠾⠿⠷⠶⠾⠟⢁⣤⡤⠶⠶⠾⠟
⠿⣿⣿⣿⡿⠿⠿⣿⣷⣦⠸⢿⣿⣿⣿⠿⠸⢿⣿⣿⣿⠿
⠀⣿⣿⣿⣄⣀⣠⣿⣿⡿⣀⢰⣿⣿⡇⠀⠀⠀⣿⣿⣿
⠀⣿⣿⣿⠛⠛⠛⣿⣿⣿⣷⣾⡟⢻⡇⠀⠀⠀⣿⣿⣿
⣀⣿⣿⣿⣀⣀⣀⣿⣿⣟⠛⠛⠉⠙⢃⣀⣀⣀⣿⣿⣿
⠛⠛⠛⠛⠛⠛⠛⠛⠫⠅⣉⡵⢿⠟⠛⠛⠛⠛⠛⠋⠁
⣿⣿⣿⣿⣿⣿⣿⣿⣿⣿⣿⣶⡄⢸⣿⣿⣿⣿⣿⣿⠀⣿⣿⣿⣿⣿⣿⣿
⠀⢸⣿⣿⣿⡇⠀⠀⢀⣿⣿⣿⡇⠀⠀⣿⣿⣿⡏⠀⠀⠀⢸⣿⣿⣿⡇
⠀⢸⣿⣿⣿⣿⣿⣿⣿⣿⣿⣯⣶⣊⣀⡿⣿⣿⡇⠀⠀⠀⢸⣿⣿⣿⡇
⠀⢸⣿⣿⣿⡇⠀⠀⠀⣿⣿⣿⣿⣟⣿⣯⡄⣽⡇⠀⠀⠀⢸⣿⣿⣿⡇
⣤⣼⣿⣿⣿⣧⣤⣤⣴⣿⣿⣽⣏⣉⡉⠀⢀⣙⣡⣤⣤⣤⣼⣿⣿⣿⡇
⠛⠛⠛⠛⠛⠛⠛⠛⠛⠛⠛⠢⠄⣀⡽⠿⠿⠛⠛⠛⠛⠛⠛⠛⠋⠁
⠘⢯⡉⣩⣭⣍⢱⣶⣾⣿⣿⣿⣦⣄
⠀⢸⡇⣬⠭⡁⠘⠿⢿⣿⣿⡿⠉⠉
⠰⠿⠤⣤⠠⣥⣚⠓⢾⠿⠿⠅
⠀⠀⠀⢿⣈⣛⣛⣃⣸
⠘⠿⣿⡛⠛⣛⣛⣛⣛⠛⢳⣦⣴⣶⣿⣿⣿⣿⣿⢦⣄⡀
⠀⠀⣾⡇⠀⣛⣛⣛⣛⠀⢼⣿⣿⣿⣿⣿⣿⣿⡿⠛⠛⠟
⠀⣠⡿⠇⠀⠿⠁⠠⠶⠀⣠⣦⡀⣿⣿⣿⣿⡿⠁
⠈⠉⠉⠉⢹⣿⠀⢸⣿⣭⣭⡍⠉⣿⡏⠛⠛⠃
⠀⠀⠀⠀⠘⠿⣤⣈⣉⣉⣉⣁⣀⣿⡇
⠘⢿⣿⡛⠛⠛⠛⠛⠛⠛⠛⠛⠳⢶⣄⣠⣴⣶⣾⣿⣿⣿⣿⣿⣦⣀
⠀⠀⠉⣿⡇⠀⢸⣿⣿⣿⣿⡇⠀⢸⣿⣿⣿⣿⣿⣿⣿⣿⣿⣿⣭⣭⣻⣦
⠀⠀⠀⣿⡇⠀⢠⣤⣤⠤⠤⠄⠀⠻⠿⠿⢿⣿⣿⣿⣿⣿⣿⡟⠁⠀⠉⠁
⠀⢀⣤⡿⠇⠀⠸⠏⠀⠰⠶⠆⠀⢰⣦⡀⢸⣿⣿⣿⣿⣿⡟
⠰⠿⠿⠶⠶⠶⣶⡆⠀⢰⣶⣒⠚⠛⠛⠛⢻⣿⡿⠿⠿⠿⠦
⠀⠀⠀⠀⠀⠀⣿⡇⠀⢸⣿⣿⣿⣿⡇⠀⢸⣿⡇
⠀⠀⠀⠀⠀⠀⠛⠷⣤⣤⣤⣤⣤⣤⣤⣤⣼⣿⡇
⣤⠒⠒⣉⣉⣉⣉⣉⣉⣉⡙⠒⠲⣤
⣿⠀⠀⢨⡇⢸⣏⣉⣿⢀⡿⠀⠀⣿
⣿⠀⠀⣸⡇⢸⣯⣭⣿⣀⡷⠀⠀⣿
⠈⠑⠲⠭⠭⣍⣉⣉⣩⠭⠤⠖⠊⠁
⢀⣀⣤⠤⠶⠒⠚⠛⠛⠉⠉⠉⠉⠛⠛⠓⠒⠶⠤⣤⣀⡀
⣿⡇⠀⠀⠀⢶⣶⡒⢒⣒⣒⣒⣒⣒⡲⢦⣄⠀⠀⠀⢸⣿
⣿⡇⠀⠀⠀⠀⣿⡇⢸⣿⠉⠉⠉⣿⡇⢸⣿⠀⠀⠀⢸⣿
⣿⡇⠀⠀⠀⠀⣿⡇⢨⣭⠭⠭⢭⣭⡅⢺⣭⠀⠀⠀⢸⣿
⣿⡇⠀⠀⠀⢀⣿⡇⢸⣿⣀⣀⣠⣿⡇⢸⣿⠀⠀⠀⢸⣿
⠈⠻⣤⣀⠀⠛⠛⠒⠒⠒⠒⠒⠒⠒⠚⠋⠁⠀⣀⣤⠟⠁
⠀⠀⠀⠈⠉⠛⠒⠲⠦⢤⣤⣤⡤⠴⠖⠒⠛⠉⠁
⠀⠀⣀⣀⣤⡤⠶⠶⠖⠛⠛⠛⠛⠛⠛⠛⠛⠛⠓⠲⠶⠶⢤⣤⣀⣀
⣾⡟⠉⠁⠀⠀⢠⣤⣤⣤⣤⣤⣤⣤⣤⣤⣤⣤⣤⣀⠀⠀⠀⠀⠉⠉⢻⣶
⣿⡇⠀⠀⠀⠀⠘⢻⣷⡆⢠⣶⡶⠶⠶⠶⢶⣶⡎⢹⣿⡆⠀⠀⠀⠀⢸⣿
⣿⡇⠀⠀⠀⠀⠀⢸⣿⡇⢸⣿⣇⣀⣀⣀⣸⣿⡇⢸⣿⡇⠀⠀⠀⠀⢸⣿
⣿⡇⠀⠀⠀⠀⠀⢸⣿⡇⢠⣭⣭⣭⣭⣭⣭⣭⡅⢺⣯⡄⠀⠀⠀⠀⢸⣿
⣿⡇⠀⠀⠀⠀⠀⢸⣿⡇⢸⣿⡇⠀⠀⠀⢸⣿⡇⢸⣿⡇⠀⠀⠀⠀⢸⣿
⠹⣷⣄⠀⠀⠀⢰⣾⣟⣃⣈⣛⣛⣛⣛⣛⣛⣛⣡⣼⠿⠃⠀⠀⠀⣠⣾⠏
⠀⠈⠛⠷⣦⣄⣈⣉⠉⠉⠉⠉⠉⠉⠉⠉⠉⠉⠉⠀⣀⣀⣠⣴⠾⠛⠁
⠀⠀⠀⠀⠀⠀⠉⠉⠛⠛⠲⠶⠦⣤⣤⠴⠶⠖⠛⠛⠉⠉
⠀⡆⠀⠀⠀⠀⠀⠀⠀⠀⠀⠪⢙⠿
⣤⡅⡆⠀⠀⠀⡂⣶⢔⠀⠀⠀⢸
⣿⡇⡇⠀⠀⠀⡀⠀⢀⠀⠀⠐⢍⠺
⠛⡃⠇⠀⠀⠀⠇⠿⠪⠀⠀⠀⢸
⠀⠇⠀⠀⠀⠀⠀⠀⠀⠀⠀⢔⣪⣴
⠀⢰⠒⠒⠒⠒⠒⠒⠒⠒⠒⠒⠒⠒⠒⠒⠒⠦⣍⠛⠿⣿
⠀⠸⠀⢀⠀⠀⠀⠀⠀⣀⠀⠀⠀⢀⡀⠀⠀⠀⠀⢹⡆⢸
⣶⣶⠀⢸⠀⠀⠀⠀⠀⢿⣘⠿⠿⣸⡇⠀⠀⠀⠀⢸⡇⢸
⣿⣿⠀⢸⠀⠀⠀⠀⠀⠀⠀⠀⠀⠀⠀⠀⠀⠐⠪⢅⡐⠺
⠿⠿⠀⢸⠀⠀⠀⠀⠀⣾⢡⣶⣶⢸⡇⠀⠀⠀⠀⠀⡇
⠀⢸⠀⠈⠀⠀⠀⠀⠀⠉⠀⠀⠀⠈⠁⠀⠀⠀⠀⢀⡇
⠀⠸⠤⠤⠤⠤⠤⠤⠤⠤⠤⠤⠤⠤⠤⠤⠤⠔⣊⣥⣶⣿
⠀⠀⡤⠤⠤⠤⠤⠤⠤⠤⠤⠤⠤⠤⠤⠤⠤⠤⠤⠤⠤⠤⢄⡉⠛⢿⣿⣿
⠀⠀⡇⠀⠀⠀⠀⠀⠀⠀⠀⠀⠀⠀⠀⠀⠀⠀⠀⠀⠀⠀⠀⠉⠓⣤⠈⢹
⣀⣀⡓⠒⢲⡄⠀⠀⠀⠀⠀⠀⡖⢂⣤⣤⡔⢲⡆⠀⠀⠀⠀⠀⠀⣿⠀⢸
⣿⣿⣿⠀⢸⡇⠀⠀⠀⠀⠀⠀⠧⠜⠛⠛⠣⠸⠇⠀⠀⠀⠀⠀⣀⡿⠀⢸
⣿⣿⣿⠀⢸⡇⠀⠀⠀⠀⠀⠀⠀⠀⠀⠀⠀⠀⠀⠀⠀⠀⠐⠯⣅⡀⠒⠿
⣿⣿⣿⠀⢸⡇⠀⠀⠀⠀⠀⠀⡆⢠⣤⣤⡄⢰⡆⠀⠀⠀⠀⠀⠀⢸⡆
⠉⠉⡥⠤⠼⠃⠀⠀⠀⠀⠀⠀⠧⠬⠭⠭⠥⠼⠃⠀⠀⠀⠀⠀⠀⢸⡇
⠀⠀⡇⠀⠀⠀⠀⠀⠀⠀⠀⠀⠀⠀⠀⠀⠀⠀⠀⠀⠀⠀⠀⢀⡠⠜⠁⣀
⠀⠀⠓⠒⠒⠒⠒⠒⠒⠒⠒⠒⠒⠒⠒⠒⠒⠒⠒⠒⠒⠒⠊⣁⣤⣶⣿⣿
⠀⠀⠀⠀⣐⣿⣷⣶⣶⣼⣿⣟
⠀⡠⢴⠿⠿⠿⡿⣿⡿⣯⢽⣿⢦⣤
⣰⣃⣾⣶⣻⣾⣗⣻⣷⣻⣳⣟⣾⠃
⠀⠀⠀⠀⠀⠀⠀⠴⣶⣿⣶⣶⣖⣲⣒⡾⣿⣿⡗⠂
⠀⠀⠀⠀⢀⡠⣴⣶⡿⣿⣿⣿⣿⣿⣿⣿⣿⣿⡦
⠀⠀⣠⠴⠷⠿⢿⣿⣿⣿⣿⣿⣿⣿⣽⣭⣽⣿⣯⣷⣀⣀
⠀⣰⠃⠠⠍⢀⣮⣤⣤⣾⣤⣽⡭⣤⣼⡵⣤⣵⣿⣤⣿⠃
⣰⣋⣉⣟⣹⣫⣋⣿⣋⣿⣋⣏⣝⣹⣩⣋⣙⣟⣉⣹⠃
⠀⠀⠀⠀⠀⠀⠀⠀⠀⠤⣶⣶⣶⣶⣤⣔⠲⢶⠢⡶⢿⣿⣿⡶⠆
⠀⠀⠀⠀⠀⠀⠀⢀⣠⣤⣿⡿⣻⣿⣿⣿⣿⣿⣿⣿⣿⣿⣿⣥
⠀⠀⠀⠀⢀⡖⣯⣽⣟⣿⡿⣼⣷⣿⣿⣷⣯⡿⠿⡻⠟⣻⣻⣷⣤
⠀⠀⣰⠟⠉⢩⠍⠉⡻⠛⠟⠛⣟⠛⠿⣺⠖⠛⢿⡞⠛⢻⠟⣿⠛⢓⣲⡖
⠀⣰⣏⣀⣐⣃⣀⣼⣷⣾⣲⣾⣻⣶⣾⣖⣻⣖⣾⣖⣳⣶⣾⣿⣶⣿⡟
⣰⣏⣉⣉⣏⣹⣟⣝⣉⣿⣏⣸⣿⣉⣏⣹⣉⣟⣩⣏⣉⣩⣏⣉⣩⠟
⠀⠀⣀⠀⢀⣴⣿⣿⣿⣷⣶⣶⣦⡀
⠀⣴⣻⣿⣿⣿⣿⣿⣿⣿⣿⣿⣅⡀
⢀⣏⣽⠿⠽⣯⣽⡷⠿⠾⠾⠷⠟⠋
⠀⠀⠀⠀⠀⠀⠀⢀⣤⣶⣿⣿⣿⣿⣶⣶⣶⣶⣦⣤⡀
⠀⠀⣀⣸⣷⣦⣶⣿⣿⣿⣿⣿⣿⣿⣿⣿⣿⣿⣿⠟⠉
⠀⠨⣷⢶⢿⣿⣿⣿⣿⠿⣿⡿⢿⣿⢻⣿⢻⣿⢳⣶⣤⣄
⠀⣰⣧⠦⠧⠾⠶⠾⢿⣶⡽⠾⠶⠷⠾⠷⠾⠛⠛⠋⠉⠁
⠀⠀⠀⠀⠀⠀⠀⠀⠀⠀⣠⣤⣶⣾⣿⣿⣿⣷⣶⣶⣶⣶⣤⣤⣄⡀
⠀⠀⠀⠀⢴⣦⣄⢀⣤⣾⣿⣿⣿⣿⣿⣿⣿⣿⣿⣾⣿⣿⣿⣿⣿⠿⠃
⠀⠀⢤⡖⢋⣽⣿⣿⣿⣿⣿⣿⣿⣿⣿⣿⣿⣿⣿⣿⣿⣿⣿⣛⣁⡀
⠀⠀⢺⡟⡿⣹⠟⣿⡻⢻⣟⡟⠻⣿⣏⡉⢏⡟⣙⢷⠃⡾⡟⢰⢿⣿⣷⡦
⠀⣠⠿⠴⠧⠯⠼⠷⠷⠿⢾⣶⠷⠾⠾⠿⠾⠿⠿⠛⠛⠛⠛⠛⠛
⣴⣯⡀⠀⠀⠀⠀⠀⠀⠀⠀⢀⣹⣦
⠨⣿⣿⣿⣿⣿⣿⣿⣿⣿⣿⣿⣿⠅
⠀⠀⠸⢷⣾⣿⣿⣿⣿⣷⡾⠇
⠀⠀⠀⠀⠸⢿⣿⣿⡿⠇
⣠⣶⡟⠁⠀⠀⠀⠀⠀⠀⠀⠀⠀⠀⠀⠀⠀⠀⠈⢻⣶⣄
⠻⣿⣿⣶⣶⣦⣴⣶⣶⣶⣦⣴⣶⣶⣶⣦⣤⣶⣶⣿⣿⠟
⠐⠶⣿⣿⣿⣿⣿⢿⣿⣿⣿⣿⣿⣿⡿⣿⣿⣿⣿⣿⠶⠂
⠀⠀⠀⠀⣿⣷⣬⣝⢿⣿⣿⣿⣿⡿⣫⣥⣾⣿
⠀⠀⠀⠀⠀⠉⠛⢿⣇⣿⣿⣿⣿⣸⡿⠛⠉
⠀⠀⠀⠀⠀⠀⠀⠻⠶⣮⣿⣿⣵⠶⠟
⣠⣴⣾⡏⠁⠀⠀⠀⠀⠀⠀⠀⠀⠀⠀⠀⠀⠀⠀⠀⠀⠀⠀⠈⠹⣷⣦⣄
⢿⣿⣿⣷⣦⣤⣤⣀⣤⣤⣤⣤⣤⣄⣠⣤⣤⣤⣤⣤⣀⣤⣤⣤⣾⣿⣿⡿
⠠⣭⣿⣿⣿⣿⣿⣿⣿⣿⣿⣿⣿⣿⣿⣿⣿⣿⣿⣿⣿⣿⣿⣿⣿⣿⣭⠄
⠀⠈⠉⠛⠛⣿⣿⡓⠺⢽⣻⣿⣿⣿⣿⣿⣿⣟⡯⠗⢚⣿⣿⠛⠛⠉⠁
⠀⠀⠀⠀⠀⠻⢿⣿⣿⣶⣝⢿⣿⣿⣿⣿⡿⣫⣶⣿⣿⡿⠟
⠀⠀⠀⠀⠀⠀⠀⠀⠉⣻⣿⣼⣿⣿⣿⣿⣧⣿⣟⠉
⠀⠀⠀⠀⠀⠀⠀⠀⠀⠙⠷⢶⣮⣿⣿⣵⡶⠾⠋
⣤⠜⢭⡉⠒⠒⠒⠒⠒⠒⢉⡭⠣⣤
⠈⡧⠔⠋⣷⢾⣦⣴⡷⣾⠙⠢⢼⠁
⠀⢳⡠⠚⢡⠊⠞⠳⠑⡌⠓⢄⡞
⠀⠀⠓⠤⣙⣄⣀⣀⣠⣋⠤⠚
⢀⣀⡴⢋⡙⠓⠲⠴⠲⠦⠤⠤⠴⠖⠦⠖⠚⢋⡙⢦⣀⡀
⠙⢦⠀⠈⣻⣡⣄⣀⠠⣄⠀⠀⣠⠄⣀⣠⣌⣟⠁⠀⡴⠋
⠀⢘⡷⠒⠉⠁⢺⣿⢿⣷⣶⣶⣾⡿⣿⡗⠈⠉⠒⢾⡃
⠀⠘⢧⠀⡠⠲⡋⣠⣖⣲⠶⠶⣖⣲⣄⢙⠖⢄⠀⡼⠃
⠀⠀⠈⣷⠁⠀⢠⡗⠒⠀⠀⠀⠀⠒⢺⡄⠀⠈⣾⠁
⠀⠀⠀⠈⠙⠲⢤⣍⣦⣤⢤⡤⣤⣴⣩⡤⠖⠋⠁
⠀⢀⣀⡴⠛⣛⠓⠲⠦⠤⠤⠤⠤⣄⣠⠤⠤⠤⠤⠴⠖⠚⣛⠛⢦⣀⡀
⠸⢯⡁⠀⠘⢻⠒⠀⠀⠀⠀⣀⠀⠀⠀⠀⣀⠀⠀⠀⠀⠒⡟⠃⠀⢈⡽⠇
⠀⠈⢷⣀⡠⠞⠚⠉⣿⡷⣶⠬⣥⣀⣀⣬⠥⣶⢾⣿⠉⠓⠳⢄⣀⡾⠁
⠀⠀⣾⠁⠀⠀⢀⣠⡾⠛⢉⣛⠋⣻⣟⠙⣛⡉⠛⢷⣄⡀⠀⠀⠈⣷
⠀⠀⠈⢷⡀⡜⠁⠻⠀⣴⠛⠀⡛⠉⠙⢛⠀⠛⣦⠀⠟⠈⢣⢀⡾⠁
⠀⠀⠀⠀⢿⣀⠀⠀⠰⡏⠉⠁⠀⠀⠀⠀⠈⠉⢹⠆⠀⠀⣀⡿
⠀⠀⠀⠀⠀⠉⠛⠲⠤⣬⣱⠤⡤⠤⠤⢤⠤⣎⣥⠤⠖⠛⠉
⠀⣰⠚⠉⠉⡉⠉⠉⢙⣆⣀⣀
⣰⠇⠀⠀⣼⠿⠯⢭⣭⣭⠉⠉⠉⡷
⠻⠤⠤⠤⢤⠄⠴⠾⠿⠃⠀⢀⡼⠁
⠀⠀⢀⣴⣏⣀⣀⣰⠋⠉⠉⠉
⠀⠀⣠⡶⠚⠛⠉⠉⠉⠉⠉⠉⠙⠛⣶
⠀⣰⡟⠀⠀⠀⠀⣰⣿⣤⠤⠤⠤⠼⠿⠶⠶⠶⠶⠶⢤⣄
⣰⡿⠀⠀⠀⠀⢰⡿⠿⠿⠧⠤⣤⣤⣤⡤⠀⠀⠀⠀⣸⡟
⠿⣧⣀⣀⣀⣀⣀⣀⣀⣀⣠⣴⣿⣿⡟⠁⠀⠀⠀⣰⡟
⠀⠀⠀⠀⠀⠀⣠⡿⠁⠀⠀⠀⣀⣠⣤⣠⣤⣤⠶⠛
⠀⠀⠀⠀⣠⣴⣟⣀⣀⣀⣀⣴⡟⠁
⠀⠀⠀⣠⡴⠞⠛⠛⠛⠛⠛⠛⠛⠛⠛⠛⠛⠳⣶⡄
⠀⠀⣼⡟⠁⠀⠀⠀⠀⢠⣶⣆⣀⣀⣀⣀⣀⣼⣿⣥⣤⣤⣤⣤⣤⣄⣀
⠀⣼⡟⠀⠀⠀⠀⠀⢠⣿⣿⣿⣿⣀⣀⣀⣀⣀⣀⣀⠀⠀⠀⠀⠀⠀⣹⡷
⣼⡟⠀⠀⠀⠀⠀⠀⠛⠋⠀⠀⠀⠉⠉⣽⣿⣿⣿⠏⠀⠀⠀⠀⠀⣰⡿⠁
⠙⠛⠶⠶⠶⠶⠶⠶⠶⣶⡶⠒⠒⠒⠛⠛⠛⠛⠋⠀⠀⠀⠀⠀⣴⡿⠁
⠀⠀⠀⠀⠀⠀⠀⢀⣼⡟⠀⠀⠀⠀⠀⢠⣤⠤⠤⠤⠤⠶⠶⠛⠋
⠀⠀⠀⠀⠀⣀⣴⣿⣯⣤⣤⣤⣤⣤⣤⣿⠃
⠘⣦⣶⣄⣠⣄⣀
⠀⣈⡙⠛⠿⣿⣿⣿⣿⣶⡀
⠀⠈⠉⠙⣿⡽⠟⠛⠒⠶⠿⠶⠦
⠀⢷⣤⣰⣄⣀⠀⢀
⠀⠈⠻⠿⣿⣿⣿⣿⣿⣿⣶⣶⣶⣦⣤⡀
⠀⠤⠤⣤⣤⣄⣈⣙⣿⣟⣯⢽⡿⠶⡿⠿⢦⡀
⠀⠀⠀⠀⠀⠉⢹⡿⠥⠟⠙⠛⠛⠛⠓⠒⠒⠛⠛⠒⠒
⠀⢸⣦⣀⢠⣄⡀
⠀⠀⠻⣿⣿⣿⣿⣷⣶⣾⣷⣶⣤⣤⣤⣤⣄⣀⡀
⠀⠀⠀⠀⠉⠙⠛⠛⠿⢿⣿⣿⣿⡿⠿⣟⣟⣛⡿⣷⡀
⠀⠒⠒⠒⠲⠶⢶⣶⣦⡤⣿⢿⣹⣿⡿⣿⣓⡛⠏⠉⠙⠶⣄⡀
⠀⠀⠀⠀⠀⠀⠀⠀⢹⡿⠵⠚⠋⠉⠉⠉⠉⠉⠉⠛⠛⠛⠛⠛⠛⠛⠃
⠈⠻⣿⣿⣿⣿⣿⣿⣿⣿⣿⣿⣿⣿
⠀⠀⢸⣿⣿⣿⣿⡏⠉⠉⠉⠙⠛⠿
⠀⢀⣼⣿⣿⣿⣿⣧⣴⣶⣾
⠀⠙⢻⣿⣿⣿⣿⡿⠿⢿⣿
⠀⠀⢸⣿⣿⣿⣿⡇
⢀⣴⣾⣿⣿⣿⣿⣷⣦⣀
⠈⠻⢿⣿⣿⣿⣿⣿⣿⣿⣿⣿⣿⣿⣿⣿⣿⣿⣿⣿⣿⣿
⠀⠀⠀⠙⣿⣿⣿⣿⣿⣿⣿⣿⣿⣿⣿⣿⣿⣿⣿⣿⣿⣿
⠀⠀⠀⠀⣿⣿⣿⣿⣿⣿⣿⣿⠀⠀⠀⠀⠀⠀⠈⠉⠛⠿
⠀⠀⠀⢀⣿⣿⣿⣿⣿⣿⣿⣿⣠⣤⣤⣶⣶⡆
⠀⠠⣶⣿⣟⣿⣿⣿⣿⣿⣿⣿⣿⣿⣿⣿⣿⡇
⠀⠀⠀⠙⣿⣿⣿⣿⣿⣿⣿⣿⠛⠿⠿⢿⣿⡇
⠀⠀⠀⠀⣿⣿⣿⣿⣿⣿⣿⣿
⠀⠀⠀⢀⣿⣿⣿⣿⣿⣿⣿⣿⡀
⢀⣤⣾⣿⣿⣿⣿⣿⣿⣿⣿⣿⣿⣶⣤⡀
⠈⠛⢿⣿⣿⣿⣿⣿⣿⣿⣿⣿⣿⣿⣿⣿⣿⣿⣿⣿⣿⣿⣿⣿⣿⣿⣿⣿
⠀⠀⠀⠙⠻⣿⣿⣿⣿⣿⣿⣿⣿⣿⣿⣿⣿⣿⣿⣿⣿⣿⣿⣿⣿⣿⣿⣿
⠀⠀⠀⠀⠀⣿⣿⣿⣿⣿⣿⣿⣿⣿⣿⠉⠉⠉⠉⠉⠉⠉⠛⠻⠿⣿⣿⣿
⠀⠀⠀⠀⠀⣿⣿⣿⣿⣿⣿⣿⣿⣿⣿⠀⠀⠀⠀⠀⠀⢀⠀⠀⠀⠀⠈⠉
⠀⠀⠀⠀⢀⣿⣿⣿⣿⣿⣿⣿⣿⣿⣿⣤⣴⣶⣶⣿⣿⣿
⠀⠠⣴⣾⣿⣿⣿⣿⣿⣿⣿⣿⣿⣿⣿⣿⣿⣿⣿⣿⣿⣿
⠀⠀⠀⠉⠛⣿⣿⣿⣿⣿⣿⣿⣿⣿⣿⠿⠿⣿⣿⣿⣿⣿
⠀⠀⠀⠀⠀⣿⣿⣿⣿⣿⣿⣿⣿⣿⣿⠀⠀⠀⠀⠉⠉⠛
⠀⠀⠀⠀⠀⣿⣿⣿⣿⣿⣿⣿⣿⣿⣿
⠀⠀⠀⢀⣠⣿⣿⣿⣿⣿⣿⣿⣿⣿⣿⣄⡀
⢀⣤⣾⣿⣿⣿⣿⣿⣿⣿⣿⣿⣿⣿⣿⣿⣿⣷⣦⣀
⠀⠀⠀⠀⠀⠀⠀⠀⠐⢺⣻⣿⠓
⠀⠀⠀⠀⠀⠀⢀⣞⣿⣿⣭⢻⣝⡶
⠀⠀⠀⠀⠀⢀⣿⡟⢠⠏⠉⣹⣿⠁
⠀⠀⠀⠀⢀⣾⡟⠀⢸⡇⣸⡿⠃
⠀⠀⠀⢠⣾⣿⣿⣶⡿⣰⠟
⢀⣠⣶⣿⣿⣿⣿⣿⣇⣻⣄⣀
⠀⠀⠀⠀⠀⠀⠀⠀⠀⠀⠀⠀⠀⠠⢶⡾⢿⣿⣷⣶⠆
⠀⠀⠀⠀⠀⠀⠀⠀⠀⠀⠀⢠⣴⣶⣶⣿⠾⢿⡧⢤⣀⡀
⠀⠀⠀⠀⠀⠀⠀⠀⠀⠀⣠⡞⣵⡿⣿⣯⠻⠀⣿⣆⣸⠟
⠀⠀⠀⠀⠀⠀⠀⠀⠀⣰⢯⣾⠋⢀⡼⠋⠉⠉⢻⣿⡟
⠀⠀⠀⠀⠀⠀⠀⠀⢀⣟⣿⠃⠀⢸⡇⠀⠀⣶⣿⡿
⠀⠀⠀⠀⠀⠀⠀⣠⣿⣿⠁⠀⠀⢸⡇⠀⣼⣿⠟
⠀⠀⠀⠀⠀⠀⣰⣿⣿⣿⣷⣶⣶⡟⠁⣾⡿⠃
⠀⠀⠀⠀⣠⣾⣿⣿⣿⣿⣿⣿⣿⡏⢹⡏
⢀⣀⣴⣾⣿⣿⣿⣿⣿⣿⣿⣿⣿⣥⣘⣳⣤⣤⣀⣀⡀
⠀⠀⠀⠀⠀⠀⠀⠀⠀⠀⠀⠀⠀⠀⠀⠀⠀⢠⣶⣾⣿⣿⣿⣷⣶⣦⡄
⠀⠀⠀⠀⠀⠀⠀⠀⠀⠀⠀⠀⠀⠀⠀⣀⣀⣤⣤⣿⣤⣿⣿⣟⣁
⠀⠀⠀⠀⠀⠀⠀⠀⠀⠀⠀⠀⠀⠀⣸⡟⣻⣶⣾⣿⢭⡄⠙⣿⡍⠛⣷⣶
⠀⠀⠀⠀⠀⠀⠀⠀⠀⠀⠀⠀⢀⣾⢫⣾⡿⠛⢿⣿⣈⣭⣤⣿⣿⣴⣿⠁
⠀⠀⠀⠀⠀⠀⠀⠀⠀⠀⠀⢀⡾⣳⣿⠏⠀⣠⡾⠉⠀⠀⠀⢹⣿⣿⠉
⠀⠀⠀⠀⠀⠀⠀⠀⠀⠀⢀⣸⡛⣿⠃⠀⠀⣿⡇⠀⠀⢈⣶⣿⣿⠃
⠀⠀⠀⠀⠀⠀⠀⠀⠀⢀⣾⣿⡟⠁⠀⠀⠀⣸⡇⠀⢠⣿⣿⡿⠃
⠀⠀⠀⠀⠀⠀⠀⠀⢠⣿⣿⣿⣿⣦⣄⣠⣤⡿⠇⣀⣾⣿⠋
⠀⠀⠀⠀⠀⠀⢀⣴⣿⣿⣿⣿⣿⣿⣿⣿⣿⣥⣤⣿⠛⠁
⠀⠀⠀⠀⢀⣤⣾⣿⣿⣿⣿⣿⣿⣿⣿⣿⣿⠀⢸⣿
⢀⣀⣤⣶⣿⣿⣿⣿⣿⣿⣿⣿⣿⣿⣿⣿⣿⣄⣉⣛⣲⣤⣤⣀⣀⣀⡀
⣴⡟⠛⠷⠀⣿⣛⣻⡆⠘⣿⠀⢻⡇
⠻⣧⣤⡶⠀⣿⣭⣽⠇⠀⢿⣤⣼⠇
⢰⣾⠛⠛⠻⠶⠀⠘⣿⣟⣛⣛⣷⡆⠀⢻⣿⠃⠀⢻⣿⠃
⠸⢿⣤⣤⣴⠶⠀⢠⣿⣯⣭⣭⡿⠇⠀⠸⢿⣤⣤⣼⠿
⢠⣶⡿⠿⠿⢿⣷⣦⠀⠐⢿⣿⡿⠿⠿⣷⣦⡀⠀⢾⣿⡿⠂⠀⢺⣿⣿⠂
⢸⣿⡇⠀⠀⠀⠀⠀⠀⠀⢸⣿⡷⠶⠶⣿⣯⡀⠀⢸⣿⡿⠀⠀⢸⣿⣿
⠘⠿⣷⣶⣶⣾⡿⠟⠀⠠⣾⣿⣷⣶⣶⡿⠟⠁⠀⠘⠻⣿⣶⣶⣾⡿⠛
⠀⢀⣠⡴⠖⠫⠭⠃⠀⠀⠀⣠⠴⡶
⢰⣿⡏⠀⢀⣤⠖⣲⡶⢀⣾⡷⠊
⣈⣩⣿⣶⣭⣿⣯⣿⣷⣭⣭⡷⠶
⠀⠀⠀⠀⢀⣠⣤⡶⠚⣋⣉⡿⠀⠀⠀⠀⠀⠀⠀⣀⣤⣤
⠀⢀⣤⣾⣿⠟⠁⠀⠀⠉⠁⠀⠀⠀⠀⠀⢀⣴⡿⢋⡼⠃
⢠⣿⣿⣿⠁⠀⠀⢀⣠⣴⠖⢒⣶⡶⠂⢰⣿⣿⠴⠋
⠘⠿⣿⣿⣤⣠⠴⢿⣿⣧⡤⣿⣿⣁⡤⠾⢿⣧⣀
⣀⣤⠴⠶⠶⠶⠶⠶⠶⠶⠶⠶⠶⠶⢶⠶⠶⠶⠾⠛⠁
⠀⠀⠀⠀⠀⠀⢀⣠⣤⣶⠶⠛⠛⢛⣿⠆⠀⠀⠀⠀⠀⠀⠀⠀⢀⣀⣤⣄
⠀⠀⠀⣠⣴⣾⣿⠟⠉⠀⠀⠚⠛⠋⠁⠀⠀⠀⠀⠀⠀⢀⣤⣾⠿⢋⣽⠋
⠀⣠⣾⣿⣿⠟⠁⠀⠀⠀⠀⠀⣀⣠⣤⣄⣤⣤⡄⠀⣴⣿⡿⣣⡴⠛⠁
⠰⣿⣿⣿⣿⠀⠀⠀⠀⣠⣾⣿⠟⠁⣠⣿⣿⠋⠀⢸⣿⣿⡟⠋
⠀⠙⠻⠿⠿⠶⠶⠶⠚⠻⠿⠿⠶⠞⠿⠿⠧⠴⠖⠛⠛⠿⠷⣤⣄⣀⡀
⣠⣤⠶⠶⠾⠿⠿⠿⠿⠿⠿⠿⠿⠿⠿⠿⠿⠿⠿⠿⠷⠶⠶⠟⠛⠉
⠒⠒⣲⣶⣾⣽⣭⣷⣶⣶⠾⠛⠛⠒
⢴⡟⠉⠀⢹⡷⠿⠏⠉⠉⠙⠒⠂
⠴⠦⠤⠤⢤⣤⣴⣖⣹⣛⣩⣶⣶⣦⣤⣤⣴⡶⠿⠷⠶⠶
⠀⢀⣤⠶⠿⠛⠿⣿⡟⢛⣿⣿⠿⠿⠿⢯⣥⣀⡀
⠰⣿⠏⠀⠀⠀⠀⢬⣿⠛⠛⠓⠀⠀⠀⠀⠀⠈⠉⠉
⢤⣦⣄⣀⣀⣀⣀⣠⣤⣶⢚⡿⡟⢓⣶⣦⣤⣤⣀⣀⣠⣶⣶⣿⣷⣶⣶⣦
⠀⠈⠁⢀⣠⣴⣿⣿⣿⣿⣿⣿⣷⣿⣿⣿⣿⣿⣿⣿⠛⠋⠁
⠀⢠⣾⡿⠋⠉⠉⠈⠙⠿⣷⣤⣬⣿⡿⠛⠉⠉⠙⠛⠻⠷⣦⣤⣤⡄
⠸⢿⡿⠀⠀⠀⠀⠀⠀⢶⣿⠏⠉⠙⠋⠁
⠐⠶⣯⣿⣽⣷⣶⣤⣤⣤⣤⣤
⠠⠄⠀⣉⣽⣛⣻⡹⣍⣉⠠⡄
⢰⡾⢶⣿⣶⣿⣭⢽⡿⣯⣿⣿⣿⡷
⢸⣷⠞⠛⠛⠛⠛⠛⠛⠿⠿⠿⢿⣿
⠠⢄⡐⠂⠈⢁⡀⠀⡀⠀⢄⢀⠀⠀⠀⠠⢀⣀
⠀⠀⠈⠑⠂⠤⡍⡒⠬⣓⣼⠿⠷⠶⠷⠖⠒⠒⠋
⠀⠤⠄⠀⠀⠀⠀⠉⣁⠀⣤⡀⠀⣄⣠⠄⠠⠤
⠀⣤⢶⣦⣰⣶⡄⣤⠟⡉⣉⢉⡲⣖⢊⡉⣽⢩⡶⣿⢳⣦
⠀⣿⢀⣉⢹⠲⡇⣿⠳⡇⢸⢈⡑⣦⢸⡇⣿⢸⡇⣛⢶⣤
⠀⣿⠼⠟⠘⠈⠁⠉⠀⠉⠉⠉⠉⠉⠛⠓⠛⠛⠳⠿⢼⣿
⠠⣤⡄⠒⠒⠈⠉⣁⠀⠀⡀⠀⠤⣀⠀⠀⠀⣀⣀⣀⣀⣀
⠀⠀⠉⠙⠶⠤⣀⣉⠓⠦⣌⡳⢦⣸⣷⣷⣶⣶⣶⣴⠶⠤⠭⠗
⢀⣀⡀⠀⠀⠀⠀⠈⠉⠳⠒⠈⠉⡉⠁⠀⠀⠀⠀⠀⠀⣀⡀
⠀⠀⠈⠂⠀⢀⣐⡀⠀⠀⢴⣦⠶⠿⢦⣀⣈⣛⣿⠥⢤⡬⢥⣀⣤⣤⡀
⠀⣿⡏⠹⠿⢰⡖⢾⡆⣶⣏⣷⡆⣶⡦⣶⡺⠯⢱⡆⢸⡇⣶⡏⣿⡏⠽⠿
⠀⣿⡇⢠⣤⢸⡏⢻⡇⣿⡏⣿⡇⣿⡧⣤⣹⣶⢸⡇⢸⡇⣿⡇⣭⡝⢻⣦
⠀⣿⡧⠼⠟⠈⠁⠈⠁⠉⠁⠉⠉⠉⠉⠉⠉⠉⠉⠙⠛⠛⠛⠓⠿⠷⢾⣿
⠀⠀⠀⢀⣿⣷⣶⣶⣶⣿⣆
⠀⠀⠀⠈⠻⠿⣿⣿⠿⠿⠃
⠀⠀⠀⠀⠠⠀⠀⠐⠀⠂⠀⠂
⠀⠀⠀⠀⠀⠀⢂⣀⡀⠀⠀⠀⠀⢀⣀⡀
⠀⠀⠀⠀⠀⢀⣿⣿⣿⣿⣿⣿⣿⣿⣿⣿⡇
⠀⠀⠀⠀⠀⠸⣿⣿⣿⣯⣿⣟⣯⣿⣿⣿⡟
⠀⠀⠀⠀⠀⠀⠙⠛⠿⢿⣿⣿⡿⠿⠟⠋
⠀⠀⠀⠀⠀⠀⡀⠀⠀⠰⠀⠰⠀⠀⠆⠀⠠⠀⠐⠀⠀⠀⡄⠀⡄
⠀⠀⢁⠀⡄⢀⠀⠰⠀⠆⠀⠆⠀⠆⠀⠆⠀⠆⠐⠀⢀⠀⡄⠀⡄⠈⠁
⠘⠀⠈⠀⠀⠀⠀⢠⣶⣶⣶⣶⣶⣶⣶⣶⣶⣶⣶⣶⣦
⠀⠀⠀⠀⠀⠀⠀⣼⣿⣿⣿⣿⣿⣿⣿⣿⣿⣿⣿⣿⣷⡄
⠀⠀⠀⠀⠀⠀⠈⢻⣿⣿⣿⣿⣾⣽⣿⣿⣾⣿⣿⣿⣿⠁
⠀⠀⠀⠀⠀⠀⠀⠀⠉⠛⠛⠻⢿⣿⣿⣿⠿⠛⠛⠋⠁
⠀⠀⢀⣠⣤⣤⣶⣴⡒⠹⣇⡠⣄
⢀⢰⣿⣿⡟⠿⣿⡛⠉⠩⣬⣍⢫⡀
⠈⣻⡿⣿⣿⣷⡀⠉⠀⠤⢬⣀⡼⠆
⠈⠉⠉⠉⠉⠉⠉⠛⠓⠶⠦⣿⡄
⠀⠀⠀⠀⠀⠀⣀⣀⣤⣤⣤⣤⣤⠶⠒⣶⡖⠀⣠⡀
⠀⠀⠀⣤⣾⣿⣿⣿⣿⣿⣿⣿⣿⣦⣤⠼⠿⢿⣥⡿⠂
⠀⣀⢸⣿⣿⣿⣿⡉⠛⠻⣿⣇⠀⠀⠀⠰⣽⣦⡌⢹⣦
⠀⠹⣿⣿⣿⣿⣿⣿⣶⠒⠈⠉⠙⠂⢄⣀⠈⠀⢀⣘⣷
⠀⡵⠾⠷⠼⠿⠿⠿⠿⢷⣦⣤⣄⣀⡉⠉⠉⢽⣾⠋
⠀⠀⠀⠀⠀⠀⠀⠀⠀⠀⠀⠀⠉⠉⠛⠻⠿⠿⠿⠦
⠀⠀⠀⠀⠀⠀⠀⠀⠀⠀⣀⣀⣀⣀⣀⣀⣤⡴⠶⢶⣶⠂⠀⢀
⠀⠀⠀⠀⠀⣠⣴⣶⣿⣿⣿⣿⣿⣿⣿⣿⣅⠀⠀⢙⣿⣦⣴⠟⢻⣦
⠀⠀⠀⢠⣿⣿⣿⣿⣿⣿⣿⣿⣿⣿⡿⠿⠿⠿⠛⢋⣉⡙⠛⠿⣿⡁
⠀⢀⣀⢻⣿⣿⣿⣿⣷⡀⠉⠙⢻⣿⣇⠀⠀⠀⠀⠐⢶⣻⣷⡤⢈⣿⡄
⠀⠘⣿⣿⣿⣿⣿⣿⣿⣿⣶⡦⠆⠈⠉⠛⠒⢀⡀⠀⠀⠉⠀⡀⠈⢿⡆
⠀⠀⣈⣿⠯⣛⣿⣿⣿⣿⣿⣷⣄⡀⠀⠀⠀⠀⠖⠛⠷⠶⢤⣬⡿⠋⠛
⠀⠚⠛⠉⠉⠉⠉⠉⠉⠉⠙⠛⠛⠿⠿⢷⣶⣦⣤⣄⣀⣉⣻⣿
⠀⠀⠀⠀⠀⠀⠀⠀⠀⠀⠀⠀⠀⠀⠀⠀⠀⠈⠉⠛⠛⠿⠿⠿⠷⠄
⠀⠀⠤⠤⣤⣶⣿⣿⠛⣻⣿⣿⣿⠆
⠀⠯⢛⣿⣿⣿⣟⣁⣴⣶⣶⡶
⢠⣤⣬⣭⣭⣭⣭⣭⣭⣭⣭⡄
⠀⠀⠀⠀⠀⠀⠀⣠⣶⣶⣿⣿⡿⠿⠿⣿⣿⣿⣿⣿⡶
⠀⠤⠤⠤⠤⣤⣾⣿⣿⣿⣿⠟⠀⣀⣘⣙⣛⣛⣋⠋
⠀⠐⠒⠒⢾⣿⣿⣿⣿⣿⣥⣤⣼⣿⣿⣿⡿⠟⠁
⠠⠤⠤⠤⠤⠤⠭⠭⠭⠭⠭⠭⠭⠭⠤⠤⠤⠤
⠀⠀⠀⠀⣀⣀⣀⣀⣀⣠⣤⣶⣶⣿⣿⣿⡿⣿⡿⣿⣿⣿⣿⣿⣿⣶⡦
⠀⠀⣀⣀⣀⣀⣀⣀⣼⣿⣿⣿⣿⣿⣿⠋⠀⠀⠴⠿⠿⠿⠿⠿⠿⠟
⠀⢈⣉⣉⣉⣉⣽⣿⣿⣿⣿⣿⣿⠟⠁⠀⣴⣶⣶⣶⣶⣶⣶⠖
⠀⠀⠀⠀⠀⠛⠿⣿⣿⣿⣿⣿⣿⣿⣿⣿⣿⣿⠿⠿⠟⠛⠋
⠤⠶⠶⠶⠶⠶⠶⠶⠶⠶⠶⠶⠶⠶⠶⠶⠶⠶⠶⠶⠶⠶⠶
⠀⠀⣠⠴⠚⠉⠉⠉⠋⠉⠉⣿
⠀⢸⡇⠀⠀⣿⠉⠙⠧⠤⠤⠿
⣿⣻⣏⣟⣻⣹⣿⣏⣯⣿⣽⣿⣉⣿
⠀⢸⡇⠀⠀⣿⣀⣠⡖⠒⠒⣶
⠀⠀⠙⠲⢤⣀⣀⣀⣀⡴⠞⠉
⠀⠀⠀⠀⣀⣤⠶⠛⠛⠛⠛⠛⠛⠛⠛⠛⠛⢻⣿
⠀⠀⢰⣿⠉⠀⠀⠀⣤⣤⣤⣤⣤⡄⠀⠀⠀⢸⣿
⣀⣀⣸⣿⣀⣀⣀⣀⣿⣇⣀⣀⣚⣓⣒⣒⣒⣚⣛⣀⣀⣀
⣿⣏⣿⣏⣋⣟⣙⣏⣉⣏⣹⣏⣹⣏⣙⣏⣽⣹⣹⣉⣹⣿
⠉⠉⢹⣿⠉⠉⠉⠉⣿⡏⠉⠉⢭⡭⠭⠭⠭⢭⣭⠉⠉⠉
⠀⠀⠸⣿⣀⠀⠀⠀⠛⠛⠛⠛⠛⠃⠀⠀⢀⣸⡿
⠀⠀⠀⠀⠉⠛⠶⣤⣤⣤⣤⣤⣤⣤⡴⠞⠋⠁
⠀⠀⠀⠀⠀⠀⢀⣠⡴⠞⠛⠛⠛⠛⠛⠛⠻⠟⠛⠛⠛⠛⢻⣿
⠀⠀⠀⢠⣶⠟⠋⠁⠀⠀⠀⠀⠀⠀⠀⠀⠀⠀⠀⠀⠀⠀⢸⣿
⠀⠀⠀⢸⣿⠀⠀⠀⠀⠀⢸⣿⠋⠉⠉⢻⣿⣇⣀⣀⣀⣀⣸⣿
⣀⣀⣀⣸⣿⣀⣀⣀⣀⣀⣼⣿⣀⣀⣀⣈⣉⣉⣉⣉⣉⣉⣉⣉⣀⣀⣀⣀
⣿⣿⠰⢾⡇⡇⢸⢃⡘⡇⢀⢹⡇⠿⡇⠐⢾⠡⢘⣷⢰⣏⠰⢸⢈⡁⣿⣿
⠉⠉⠉⢹⣿⠉⠉⠉⠉⠉⢻⣿⠉⠉⠉⢉⣉⣉⣉⣉⣉⣉⣉⣉⠉⠉⠉⠉
⠀⠀⠀⢸⣿⠀⠀⠀⠀⠀⢸⣿⣤⣤⣤⣼⣿⡏⠉⠉⠉⠉⢹⣿
⠀⠀⠀⠘⠿⢦⣄⡀⠀⠀⠀⠀⠀⠀⠀⠀⠀⠀⠀⠀⣀⣤⡾⠟
⠀⠀⠀⠀⠀⠀⠈⠙⠳⢶⣤⣤⣤⣤⣤⣤⣤⣴⠶⠛⠉
⠀⣠⣤⣔⣒⣲⣴⣶⣿⣿⣿⣿⣯⣤
⠉⠀⠀⣴⣿⣿⣿⢿⠿⠻⣿⠟⠉⠁
⠀⠀⠈⠉⠁⠙⠻⠿⢷⣤⣞⠁
⠀⠀⢀⡀⠤⠤⠄⠀⢀⣀⣤⣶⣶⣿⣿⣿⣷⣶⣿⣟⣀⣤
⠔⠚⠁⠈⠉⢉⣵⣿⣿⣿⣿⣿⣿⣿⢿⡿⣿⣿⡿⠿⠟⠋
⠀⠀⠀⢀⣐⣛⣟⡻⢽⣿⣯⣩⣿⡉⠀⠛⣓⣊
⠀⠀⠀⠀⠀⠀⠀⠀⠀⠉⠛⠛⠛⠿⣷⣼⣯⡁
⠀⠀⠀⠀⣀⣀⠀⠤⠤⠤⠤⠤⢤⣤⣴⣶⣾⣿⣿⣿⣿⣶⣶⣶⣶⠂⣀⣀
⢀⡤⠦⠭⠤⠰⠤⠶⣢⣴⣶⣿⣿⣿⣿⣿⣿⣿⣿⣿⣿⣿⣿⣿⣿⣿⡿⠟
⠀⠀⠀⠀⠀⢀⣴⣾⣿⣿⣿⣿⣿⡿⠿⣶⣶⠖⠒⣶⣞⣛⡿⠋⠉
⠀⠀⠀⠀⠠⠬⠭⠿⠥⠔⠒⣿⣿⣿⣶⣿⣧⣀⠀⠀⣩⣭⠧
⠀⠀⠀⠀⠀⠀⠀⠀⠀⠀⠀⠈⠉⠙⠛⠋⠻⠿⣿⣶⣿⣦⡀
⣿⣿⠋⠉⠀⠀⠀⠀⣠⠀⠀⠀⠈⠙
⣿⡇⠀⠀⠀⠀⣠⣾⠃⠀⠀⠀⠀⣸
⡿⠀⠀⠀⠰⢶⣿⡿⠒⠒⠒⠶⢲⣿
⠇⠀⠀⠀⠀⠈⢿⠃⠀⠀⠀⠀⣼⣿
⣄⠀⠀⠀⠀⠀⠈⠁⠀⠀⣀⣴⣿⣿
⣿⣿⣿⡿⠛⠉⠀⠀⠀⠀⠀⠀⠀⢀⡀⠀⠀⠈⠉⠉⠙⠿
⣿⣿⡟⠀⠀⠀⠀⠀⠀⠀⠀⣠⣶⠟⠀⠀⠀⠀⠀⠀⠀⣰
⣿⣿⠁⠀⠀⠀⠀⠀⠀⢀⣾⣿⡏⠀⠀⠀⠀⠀⠀⠀⢠⣿
⣿⠇⠀⠀⠀⠀⠀⠴⠿⣿⣿⡿⠿⠿⠿⠿⠿⠿⠿⠿⣿⣿
⡿⠀⠀⠀⠀⠀⠀⠀⠀⣿⣿⡇⠀⠀⠀⠀⠀⠀⠀⢸⣿⣿
⠇⠀⠀⠀⠀⠀⠀⠀⠀⠈⢿⡇⠀⠀⠀⠀⠀⠀⠀⣿⣿⣿
⣤⣀⠀⠀⠀⠀⠀⠀⠀⠀⠀⠀⠀⠀⠀⢀⣠⣴⣾⣿⣿⣿
⣿⣿⣿⣿⡿⠟⠛⠉⠀⠀⠀⠀⠀⠀⠀⠀⠀⠀⡀⠀⠉⠉⠉⠉⠉⠙⠻⢿
⣿⣿⣿⡟⠀⠀⠀⠀⠀⠀⠀⠀⠀⠀⠀⢀⣴⡞⠁⠀⠀⠀⠀⠀⠀⠀⠀⢠
⣿⣿⣿⠁⠀⠀⠀⠀⠀⠀⠀⠀⠀⣠⣾⣿⡟⠀⠀⠀⠀⠀⠀⠀⠀⠀⢀⣿
⣿⣿⠇⠀⠀⠀⠀⠀⠀⠀⢀⣀⣴⣿⣿⡟⠀⠀⠀⠀⠀⠀⠀⠀⠀⢀⣼⣿
⣿⡟⠀⠀⠀⠀⠀⠀⠀⠼⠿⣿⣿⣿⣿⠿⠿⠿⠿⠿⠿⠿⠿⠿⠿⢿⣿⣿
⣿⠃⠀⠀⠀⠀⠀⠀⠀⠀⠀⢸⣿⣿⡏⠀⠀⠀⠀⠀⠀⠀⠀⠀⢀⣿⣿⣿
⡟⠀⠀⠀⠀⠀⠀⠀⠀⠀⠀⠈⢿⣿⡇⠀⠀⠀⠀⠀⠀⠀⠀⠀⣸⣿⣿⣿
⠃⠀⠀⠀⠀⠀⠀⠀⠀⠀⠀⠀⠀⠻⡇⠀⠀⠀⠀⠀⠀⠀⠀⢀⣿⣿⣿⣿
⣶⣤⡀⠀⠀⠀⠀⠀⠀⠀⠀⠀⠀⠀⠀⠀⠀⠀⠀⢀⣠⣴⣾⣿⣿⣿⣿⣿
⠀⢠⠖⠋⠉⠉⣩⠭⣭⢉⣉⣉⢩⡏
⢠⡏⠀⠀⠀⣰⠃⠀⠉⠉⠉⠉⠉
⠿⣀⣀⣀⣀⣛⣒⣒⣒⣒⣒⡖
⠀⠀⠀⣠⠴⠒⠛⠉⠉⠉⠉⠉⠉⠉⠉⠉⠉⠉⠉⠉⢩⠏
⠀⠀⣼⠃⠀⠀⠀⠀⠀⢀⡞⠛⠛⣿⣤⣤⣤⣤⣤⣤⠟
⠀⣼⠃⠀⠀⠀⠀⠀⢀⡞
⣸⠏⠀⠀⠀⠀⠀⠀⣾⣥⣤⣤⣤⣤⣤⣤⣤⣄⡄
⠛⠦⣤⣀⣀⣀⣀⣀⣀⣀⣀⣀⣀⣀⣀⣀⣀⡼⠁
⠀⠀⠀⠀⣀⡤⠶⠒⠚⠛⠉⠉⠉⠉⠉⠉⠉⠉⠉⠉⠉⠉⠉⠉⠉⠉⣹⠏
⠀⠀⢀⣾⠋⠀⠀⠀⠀⠀⠀⠀⢀⡶⠶⠶⢶⡶⠀⠀⠀⠀⠀⠀⠀⢰⠏
⠀⠀⣼⠃⠀⠀⠀⠀⠀⠀⠀⢀⡾⠁⠀⠀⠉⠉⠉⠉⠉⠉⠉⠉⠉⠉
⠀⣼⠏⠀⠀⠀⠀⠀⠀⠀⢀⡾⠁
⣼⠏⠀⠀⠀⠀⠀⠀⠀⠀⠺⠷⠶⠶⠶⠶⠶⠶⠶⠶⠶⠶⢶⡆
⠙⠳⠤⣤⣄⣀⣀⣀⣀⣀⣀⣀⣀⣀⣀⣀⣀⣀⣀⣀⣀⣀⡾
⠀⢀⣀⣤⣤⣶⣶⣿⣶⣶⣶⣦⣄⣀
⠘⠻⢿⣿⣿⣿⣿⣿⣿⣿⠟⠻⠿⠋
⠀⠀⠀⢹⣿⣿⡿⠿⠿⢿⡿
⠀⠀⠀⠸⠟⠁
⠀⠀⠀⠀⠀⢀⣀⣀⣴⣶⣴⣿⣷⣶⣦⣤⣤⣤⣀⡀
⢠⣤⣶⣾⣿⣿⣿⣿⣿⣿⣿⣿⣿⣿⣿⣿⣿⣿⣿⣿⣿⡶
⠀⠈⠙⠿⣿⣿⣿⣿⣿⣿⣿⣿⣿⣿⣿⡟⠋⠉⠻⠛⠋
⠀⠀⠀⠀⠈⢻⣿⣿⣿⣿⣿⣿⣿⣿⣿⣷⣶⡇
⠀⠀⠀⠀⠀⠀⣿⣿⠿⠛⠉⠀⠀⠀⠈⠙⠉
⠀⠀⠀⠀⠀⠰⠟⠁
⠀⠀⠀⠀⠀⠀⠀⠀⠀⢀⣠⣶⣤⣴⣿⣷⣶⣶⣤⣤⣤⣤⣀⣀
⠀⣀⣤⣤⣶⣶⣿⣿⣿⣿⣿⣿⣿⣿⣿⣿⣿⣿⣿⣿⣿⣿⣿⣿⣿⣷⣶⣦
⠈⠙⠻⢿⣿⣿⣿⣿⣿⣿⣿⣿⣿⣿⣿⣿⣿⣿⣿⣿⡿⠿⠿⢿⣿⡿⠟⠁
⠀⠀⠀⠀⠈⠻⣿⣿⣿⣿⣿⣿⣿⣿⣿⣿⣿⣿⣿⣏⣀⣠⡄⠀⠁
⠀⠀⠀⠀⠀⠀⠈⢿⣿⣿⣿⣿⣿⡿⠿⠛⠛⠿⢿⣿⣿⠿⠃
⠀⠀⠀⠀⠀⠀⠀⢸⣿⣿⠟⠋⠁⠀⠀⠀⠀⠀⠀⠈⠁
⠀⠀⠀⠀⠀⠀⠀⠾⠋⠁
⠀⠀⠀⠀⠀⣠⣴⢀⣴⣶⠏⣀⣠⠄
⠀⠀⠰⠿⣈⣻⣭⣬⣭⣥⣌⠉⠁
⠀⢠⣴⣿⡿⠋⠁⠀⠀⠈⠃
⢰⣿⣿⣿⠁
⠀⠛⠿⣿⣦⣤⣤⠤⠒
⣠⣶⣶⣶⣶⣶⣶⠆
⠀⠀⠀⠀⠀⠀⠀⠀⠀⣀⡤⠀⢀⣠⣴⣶⡛⠁⠀⠀⢀
⠀⠀⠀⠀⣀⣴⡂⢰⣿⣿⠗⠀⠿⠿⠿⠛⢡⣶⡿⠟⠉
⠀⠀⠀⠀⠛⠛⣁⣠⣤⣴⣶⣶⣶⣶⣶⣶⣤⠄
⠀⠀⠀⣠⣶⣿⣿⣿⠟⠋⠁⠀⠀⠀⠈⠻⠏
⠀⢠⣾⣿⣿⣿⡿⠁
⠀⣿⣿⣿⣿⣿⡃
⠀⠘⢿⣿⣿⣿⣷⣄⣀⣀⣀⣀⣤⠔
⠀⢀⠀⠈⢉⣙⣛⠛⢛⣛⣉⢁
⣠⣿⣿⣿⣿⣿⣿⣿⣿⣿⣿⠏
⠀⠀⠀⠀⠀⠀⠀⠀⠀⠀⠀⠀⣀⣠⠄⠀⢀⣠⣤⣶⡒⠋⠁
⠀⠀⠀⠀⠀⠀⢀⣠⠀⢀⣴⣿⣿⣦⠀⣴⣿⣿⣿⡿⠏⣠⣤⣶⣶⡟⠋
⠀⠀⠀⠀⠀⣼⣿⣿⠆⠈⠛⠛⢋⣁⣀⣈⣉⣉⣁⣀⠀⠙⠛⠉⠁
⠀⠀⠀⠀⠀⠈⣉⣠⣴⣶⣿⣿⣿⠿⠟⠛⠛⠛⠿⣿⣿⡟
⠀⠀⠀⢀⣴⣾⣿⣿⣿⣿⠟⠉⠀⠀⠀⠀⠀⠀⠀⠈⠏
⠀⢀⣴⣿⣿⣿⣿⣿⡿⠁
⠀⢸⣿⣿⣿⣿⣿⣿⠁
⠀⠘⣿⣿⣿⣿⣿⣿⣄⠀⠀⠀⠀⠀⠀⠀⠀⣀⠄
⠀⠀⠈⠙⠻⢿⣿⣿⣿⣿⣶⣶⣶⣶⠶⠞⠋
⠀⢀⣤⣤⣤⣤⣤⣤⣤⣭⣭⣤⣤⣤⣤⡄
⣠⣿⣿⣿⣿⣿⣿⣿⣿⣿⣿⣿⣿⣿⠏
⠀⣀⣠⣄⡀⣴⣾⣿⡗⣀⣀⣀⡀
⠾⣿⡿⠿⢉⣛⣟⡛⢾⣿⣿⡟⠁
⢰⣶⣿⣿⣿⣿⣿⣿⠀⣶⣿⣿⣿⠟
⠀⠙⠻⠿⢿⣿⣿⣿⠷⠈⠛⠉
⠀⠀⠀⠀⢀⡀⠀⠀⣠⣴⣶⣿⣿⡶
⣠⣴⣾⣿⣿⣿⣗⢰⣿⣿⣿⣿⣿⣡⣴⣾⣿⣿⣿⡷
⠻⢿⣿⠿⠿⠟⢁⣀⣉⣹⣩⣉⡐⢿⣿⣿⣿⡿⠋
⢠⣴⣶⣶⣿⣿⣿⣿⣿⣿⣿⣿⡏⠀⣠⣴⣷⣾⣿⣿⣿⡗
⠈⠿⣿⣿⣿⣿⣿⣿⣿⣿⣿⣿⣿⣀⠻⣿⣿⣿⠿⠛⠁
⠀⠀⠈⠉⠛⠿⠿⣿⣿⣿⠿⣿⠿⠟
⠀⠀⠀⠀⠀⠀⠀⠀⠀⠀⢀⣠⣴⣶⣿⣿⣷⡦
⠀⣠⣤⣶⣾⣿⣿⣷⡶⢀⣿⣿⣿⣿⣿⣿⡟⢁⣤⣴⣶⣶⣶⣾⣶⡄
⢾⣿⣿⣿⣿⣿⣿⡿⠃⠈⠻⠿⠿⠿⠿⠛⣵⣿⣿⣿⣿⣿⣿⡿⠏⠁
⠀⠙⡛⣛⣉⣩⣭⣤⣶⣶⣶⣾⣿⣿⣷⣶⠌⠛⠛⠛⣻⣛⣯⣤⣤⣤⣤⡄
⢀⣾⣿⣿⣿⣿⣿⣿⣿⣿⣿⣿⣿⣿⣿⣿⡀⢠⣾⣿⣿⣿⣿⣿⣿⣿⠿⠋
⠀⠙⢿⣿⣿⣿⣿⣿⣿⣿⣿⣿⣿⣿⣿⣿⣧⣄⠹⠿⣿⣿⡿⠟⠋
⠀⠀⠀⠀⠉⠙⠛⠿⠿⢿⣿⣿⣿⢿⣿⠿⠿⠋
⣠⠊⢹⣀⣠⣤⣶⠲⠦⣄⣀⡏⠑⣄
⠙⢦⣼⣿⣿⣿⣿⣤⣤⣄⣽⣦⠴⠋
⠠⣾⢱⠿⣍⢩⣏⣹⡍⣩⢿⡊⣷⠄
⠀⠙⠛⠶⢯⣾⣙⣋⣷⡽⠶⠓⠃
⠀⣠⠞⠙⣷⠀⠀⢀⣠⣤⣤⠤⢤⣄⡀⠀⠀⣾⠋⠳⣄
⢼⡁⠀⠀⣻⣶⣾⣿⣿⣿⣿⠀⠀⠀⠉⠓⢶⣟⠀⠀⢸⡧
⠀⠉⠳⣾⣟⣾⣛⣻⣿⣿⣿⣦⣦⣶⣖⣒⣶⣻⣷⠞⠉
⢀⣤⣼⠋⢵⣿⡉⠉⠉⣛⡏⢹⣛⠉⠉⢉⣿⠮⠙⣧⣤⡀
⠀⠉⣿⣠⡞⢉⢹⡞⣩⠽⣿⣿⠯⣍⢳⡏⡉⢳⢀⡿⠁
⠀⠀⠀⠉⠛⠻⠿⢷⣯⣤⣬⣥⣤⣿⡾⠿⠟⠛⠉
⠀⢀⣴⠞⠙⣷⠀⠀⠀⠀⠀⣀⣠⣤⣤⣄⣀⠀⠀⠀⠀⢀⣾⠋⠳⣦⡀
⢠⡟⠁⠀⠀⣿⣀⣠⣴⣾⣿⣿⣿⣿⠀⠈⠉⠛⠳⢦⣄⣨⣿⠀⠀⠈⢿⡄
⠸⣧⣀⡀⢀⣴⡟⣽⣿⣿⣿⣿⣿⣿⠀⠀⠀⠀⠀⠀⠙⢻⣦⡀⢀⣠⡾⠃
⠀⠀⠉⢻⣿⣟⣾⣏⣭⡽⠿⣭⣭⣽⣯⣭⣭⠿⢭⣭⣵⣖⣻⣿⡟⠉
⠀⣀⣀⡼⠏⣩⢼⣏⠉⠙⠙⠛⢺⠏⠹⡗⠛⠉⠋⠉⣹⢦⣍⠹⢧⣀⣀
⠈⠛⢿⡖⠀⣰⠟⠻⢧⣤⠴⠺⢷⣢⣔⡾⠗⠦⣤⡼⠟⠻⣄⠀⣷⡟⠛⠁
⠀⠀⠘⠿⣬⣷⣠⣤⣾⡇⣰⡟⠛⢿⡿⠋⢻⣆⢸⣧⣤⣀⣿⣴⠿⠃
⠀⠀⠀⠀⠀⠉⠛⠛⠻⠷⣿⣦⣤⣤⣤⣤⣴⣿⠾⠟⠛⠛⠉
⠀⠀⠀⠀⢠⣤⣴⣾⣿⣿⣿⣷⣦
⠀⢀⣴⣶⣿⣿⣿⣿⣿⢿⣷⣶⣅
⠚⠉⠉⠛⠻⢿⣿⣿⣿⣿⣿⣿⣿⣤
⠀⠀⠀⠀⠀⠀⠀⠿⢿⣿⣿⡿⠿⠋
⠀⠀⠀⠀⠀⠀⠀⣀⣀⣀⣠⣶⣾⣿⣿⣿⣿⣿⣶⣄
⠀⠀⠀⠀⠀⢀⣰⣶⣿⣿⣿⣿⣿⣿⣿⣿⣟⣛⠛⠟
⠀⢀⣠⣶⣿⣿⣿⣿⣿⣿⣿⣿⣿⣿⠿⢿⣿⣿⣿⣤⡀
⠐⠛⠛⠛⠛⠻⠿⣿⣿⣿⣿⣿⣿⣿⣿⣿⣿⣿⣿⣿⣧⡀
⠀⠀⠀⠀⠀⠀⠀⠀⠙⠟⠻⢿⣿⣿⣿⣿⣿⣿⣿⣿⣿⣿
⠀⠀⠀⠀⠀⠀⠀⠀⠀⠀⠀⠛⠿⢿⣿⣿⣿⡿⠿⠟⠃
⠀⠀⠀⠀⠀⠀⠀⠀⠀⠀⠀⠀⠀⣀⣤⣶⣾⣿⣿⣿⣿⣿⣷⣶⣄
⠀⠀⠀⠀⠀⠀⠀⠀⢀⣙⣿⣿⣿⣿⣿⣿⣿⣿⣿⣿⣿⣿⠿⢿⣿⡇
⠀⠀⠀⠀⠀⣀⣤⣤⣶⣾⣿⣿⣿⣿⣿⣿⣿⣿⣿⣿⣿⣶⣤⣄⠉
⠀⠀⣀⣴⣿⣿⣿⣿⣿⣿⣿⣿⣿⣿⣿⣿⣿⡿⠿⢷⣿⣿⣿⣿⣷⣄
⠴⠾⠿⠿⠿⠿⠿⢿⣿⣿⣿⣿⣿⣿⣿⣿⣿⣿⣷⣾⣿⣿⣿⣿⣿⣿⡀
⠀⠀⠀⠀⠀⠀⠀⠀⠀⠉⠻⣿⣿⣿⣿⣿⣿⣿⣿⣿⣿⣿⣿⣿⣿⣿⣿⣦
⠀⠀⠀⠀⠀⠀⠀⠀⠀⠀⠀⠈⠁⠉⣩⣿⣿⣿⣿⣿⣿⣿⣿⣿⣿⣿⠿⠟
⠀⠀⠀⠀⠀⠀⠀⠀⠀⠀⠀⠀⠀⠀⠙⠛⠿⢿⣿⣿⣿⣿⠿⠿⠛⠋
⠀⢀⣠⣴⣶⣾⣿⣿⣷⣶⣶⣤⣄
⢠⣿⣿⠋⠁⠀⠀⠀⠀⠀⠉⠙⠉
⠘⣿⣿⣄⡀⠀⠀⠀⠀⠀⣀⣠⣀
⠀⠈⠙⠻⠿⢿⣿⣿⡿⠿⠿⠛⠋
⠀⠀⠀⢀⣠⣤⣴⣶⣶⣶⣶⣷⣶⣶⣶⣶⣤⣤⣄⡀
⠠⢢⣶⣿⣿⠟⠛⠉⠉⠁⠀⠀⠀⠉⠉⠉⠛⠻⠿⠛⠁⠁
⡇⣿⣿⣿⡇⡁
⠐⠜⠿⣿⣿⣮⣤⣀⣀⡀⠀⠀⠀⣀⣀⣀⣤⣴⣶⣤⡀⡀
⠀⠀⠀⠈⠙⠛⠻⠿⠿⠿⠿⠿⠿⠿⠿⠿⠛⠛⠋⠁
⠀⠀⠀⠀⢀⠀⢀⣀⣤⣤⣴⣶⣶⣶⣶⣶⣶⣦⣤⣤⣄⣀⡀
⠀⢀⠔⣪⣴⣿⣿⣿⡿⠿⠛⠛⠛⠛⠛⠛⠛⠛⠻⠿⢿⣿⣿⣿⣶⡮⢐⠄
⡰⢡⣾⣿⣿⣿⢋⠕⠈⠀⠀⠀⠀⠀⠀⠀⠀⠀⠀⠀⠀⠀⠩⠩⠕⠈
⡇⣿⣿⣿⣿⡇⡇
⠑⡜⢿⣿⣿⣿⣬⡢⢀⠀⠀⠀⠀⠀⠀⠀⠀⠀⠀⠀⠀⠀⣐⣐⡢⢀
⠀⠈⠒⢝⡻⢿⣿⣿⣷⣶⣦⣤⣤⣤⣤⣤⣤⣤⣴⣶⣾⣿⣿⣿⠿⢗⠨⠂
⠀⠀⠀⠀⠀⠁⠈⠉⠛⠛⠛⠿⠿⠿⠿⠿⠿⠟⠛⠛⠛⠉⠁
⠀⠀⠀⣀⡀⣰⣞⣛⣻⣶⣦⣤⣀
⠀⣨⣿⣿⣤⡛⢸⣭⡟⣰⣿⣽⣿⠗
⠰⡿⠃⠉⠉⠁⠀⠾⠞⠋⠉⠉
⠀⠀⠀⠀⠀⠀⠀⠀⠐⣒⣒⡚⠻⢶⣶⣦⣄⣀⣀
⠀⠀⠐⣶⣶⣿⡇⠀⣿⠉⢩⠟⢒⡿⠉⣭⣿⠿⢻⣿⣷⡄
⠀⣠⣶⣿⠿⣿⣿⣶⣦⠀⠒⢒⣛⣃⣠⣿⣿⣿⡿⠟⠋
⠘⢿⠿⠃⠀⠀⠀⠀⠀⠀⠐⠟⠛⠛⠉
⠀⠀⠀⠀⠀⠀⠀⠀⠀⠀⠠⠤⠶⠶⠶⠶⢶⣶⣶⣤⣄⡀
⠀⠀⠀⢀⣀⣤⣴⣶⠆⠀⣸⡟⠛⢻⣿⣤⣤⡿⠛⠛⣿⣿⣿⡿⣷⣶⣄
⠀⠀⢀⣰⣿⣿⣿⣿⣄⣀⣛⠁⠀⣘⣁⣠⣾⠃⠀⣾⣿⣿⣥⣾⣿⣿⡿⠃
⠀⣠⣿⣿⡟⠛⠻⠿⠿⠿⠿⠂⠀⠉⣩⣭⣭⣤⣾⡿⠿⠿⠿⠟⠋⠁
⠈⠻⠿⠟⠁⠀⠀⠀⠀⠀⠀⠀⠀⠘⠛⠛⠛⠉
⠀⢀⠤⠴⠶⣾⣿⣿⣷⠶⠦⠤⡀
⡴⠁⢰⣶⣶⣤⣽⣯⣤⣶⣶⡆⠈⢦
⠳⡀⢼⡷⣧⣠⢛⡛⣄⣼⢾⡧⢀⠞
⠀⠈⠓⠩⠾⢿⣷⣾⡿⠷⠍⠚⠁
⠀⠀⠀⢀⣠⢤⣖⣲⣾⣭⣭⣭⣭⣷⣖⣲⡤⣄⡀
⠀⣠⠖⠉⣈⣉⡉⠉⠛⠻⢿⡿⠟⠛⠉⢉⣉⣁⠉⠲⣄
⢰⠃⠀⢀⠿⣿⣛⡿⢦⣤⣾⣷⣤⡴⢿⣛⣿⡿⡀⠀⠘⡆
⠸⡄⠠⣘⢿⣷⢸⡌⠁⡨⠟⠻⢅⠈⢡⡏⣾⡿⣃⠄⢠⠇
⠀⠙⠦⣪⢽⣮⢹⣿⣾⣤⣑⣊⣤⣷⣿⡏⣵⡯⣕⠴⠋
⠀⠀⠀⠈⠙⠒⠯⠽⢟⣛⣛⣛⣛⡻⠯⠽⠒⠋⠁
⠀⠀⠀⠀⠀⢀⣠⠤⢔⣒⣒⣾⣭⣭⣭⣭⣷⣒⣒⡢⠤⣄⡀
⠀⠀⣠⠴⠋⠁⠚⠛⠛⠛⠻⠿⣿⣿⣿⣿⠿⠟⠛⠛⠛⠓⠊⠙⠦⣄
⢀⡾⠁⠀⠐⣲⣿⣷⠶⣦⣄⣀⣀⣽⣯⣀⣀⣠⣴⡶⣾⣿⣖⠒⠀⠈⢷⡀
⢸⡇⠀⠀⢰⣯⣟⡒⣶⠫⠭⠛⢿⣿⣿⡿⠛⠭⠝⣷⢒⣻⣭⡆⠀⠀⢸⡇
⠈⢷⡀⠒⠦⣝⡻⢧⣹⣦⡀⡴⢋⣁⣈⡙⢦⢀⣴⣟⡼⢟⣫⠴⠒⢀⡾⠁
⠀⠀⠙⠲⣕⡢⠿⢇⣹⣿⣿⣷⣦⣬⣥⣴⣾⣿⣿⣏⡸⠿⢔⣪⠖⠋
⠀⠀⠀⠀⠀⠈⠙⠒⠪⠭⠭⢿⣛⣛⣛⣛⡿⠭⠭⠕⠒⠋⠁
⠀⣶⣶⢖⣻⣿⣻⣟⣿⣟⣲⣶⣶
⣼⣿⣿⣾⣏⣿⣭⣭⣿⣹⣷⣿⣿⣧
⠀⢿⣿⣿⣎⣯⣻⣛⣹⣣⣿⣿⡿
⠀⠀⠀⠙⠛⠿⣿⡿⠛⠛⠁
⠀⣀⣠⡤⢴⣤⠶⠶⠛⠟⢳⡞⠻⠛⠶⠶⣤⡤⢤⣄⣀
⢀⣤⣿⣿⡏⠠⠤⡭⣿⡷⢨⣅⢴⣿⢯⠤⠄⢽⣿⣿⣤⡀
⣠⣾⣿⣿⢥⣶⡋⠀⣼⣃⣀⣀⣘⣷⠀⢘⣶⣮⣻⣿⣷⣄
⠛⢿⣿⣿⣷⣿⡛⠳⡮⠭⠿⢿⢭⢵⡾⠻⣫⣿⣿⣿⣿⠛
⠀⠘⢿⣿⣿⣿⣷⡀⢳⡈⡝⠋⡍⣼⠁⣼⣿⣿⣿⡿⠃
⠀⠀⠀⠉⠘⢿⣿⣿⣾⣿⣭⣭⣿⣷⣾⡿⠟⠁⠋
⠀⠀⠀⠀⠀⠀⠀⠈⠙⠿⢿⡿⠛⠁
⠀⢀⣀⣠⣤⠤⣤⣴⣶⠶⠞⠿⠟⢷⣾⠻⠿⠳⠶⣶⣦⣤⠤⣤⣄⣀⡀
⠀⢀⣽⣿⣿⣟⠋⣀⣬⣛⣓⣶⡄⢘⣃⢠⣶⣒⣛⣥⣄⡙⣻⣾⣿⣯⡁
⢀⣭⣿⣿⣿⢟⣠⣤⠄⠉⢨⣿⠂⠉⠉⠀⢿⡇⠉⠡⣤⣤⡛⣿⣿⣿⣭⡀
⣾⣿⣿⣿⣿⣜⣿⣿⣦⣤⣘⠷⠶⣶⣶⠶⠾⢋⣤⣴⣿⢿⣫⣾⣿⣿⣿⣷
⠀⠸⣿⣿⣿⣿⣿⣿⡅⠈⣿⠉⢯⣭⣽⠭⠏⣹⠏⢈⣽⣿⣿⣿⣿⣿⠇
⠀⠀⠙⠿⣿⢿⣿⣿⣿⣄⠸⣧⣸⣤⣤⣦⣴⠿⢀⣾⣿⣿⢿⣿⠿⠋
⠀⠀⠀⠀⠀⠀⠛⠿⣿⢿⣿⣿⣶⣶⣶⣶⣾⡿⣿⠿⠟⠁⠈⠁
⠀⠀⠀⠀⠀⠀⠀⠀⠀⠀⠉⠛⠿⢿⡿⠛⠉
⠁⢠⣤⣤⣏⡀⠦⢤⣼⣄⣠⣧⠄⢼
⡀⠘⠟⢛⡟⠟⠒⠖⣺⣁⠘⠟⠀⣸
⠋⠀⢀⣀⡀⠀⢸⠋⠀⣀⣀⠀⠀⣿⡀⠀⠀⣸⡀⠀⠀⣸
⠀⠀⢸⣿⣿⣿⣿⣶⣄⠻⠿⠿⢿⣿⣇⣠⣴⣿⡷⠟⠁⣿
⠀⠀⢸⣿⣿⣿⣿⣿⣿⣷⣶⡶⡤⣿⡏⠀⠀⣿⡇⠀⠀⣿
⣄⠀⠈⠉⠀⢀⣽⠉⠉⠉⠉⠉⣀⣽⣧⡀⠀⠉⠁⢀⣠⣿
⠛⠁⠀⢀⠀⠀⠀⠀⣿⠋⠁⠀⠀⠀⠀⠀⠀⡇⠀⠀⠀⠀⣿⠀⠀⠀⠀⢸
⠀⠀⠀⣿⣿⣿⣶⡗⣯⣄⡀⢸⣿⣿⣶⣶⣶⣿⡇⠀⣀⣼⣿⣧⣴⡶⢸⣿
⠀⠀⠀⣿⣿⣿⣿⣿⣽⣿⣿⣷⡀⢀⡀⠈⠻⣿⡿⠟⠓⢺⣿⡏⠁⠀⢸⣿
⠀⠀⠀⣿⣿⠿⠿⢿⣿⣿⣿⣿⣿⣿⣯⡛⠳⣿⡇⠀⠀⢸⣿⡇⠀⠀⢸⣿
⣤⡀⠀⠀⠀⠀⢀⣠⣟⠉⠁⠀⠀⠀⠉⢈⣤⣿⣧⣄⠀⠀⠀⠀⠀⣀⣼⣿
⣠⣴⣾⣿⣿⣿⣿⣿⣿⣿⣿⣷⣦⣄
⣿⣿⣿⣿⣿⡏⠉⠉⠹⠿⠿⠿⠿⠿
⣿⣿⣿⣿⣿⡇
⣿⣿⣿⣿⣿⣇⣀⣀⣰⣶⣶⣶⣶⣶
⠙⠻⢿⣿⣿⣿⣿⣿⣿⣿⣿⡿⠟⠋
⢀⣠⣤⣶⣿⣿⣿⣿⣿⣿⣿⣿⣿⣿⣿⣿⣿⣿⣷⣤⣀
⣿⣿⣿⣿⣿⣿⣿⡟⣿⠿⠿⠿⠿⣿⢻⣿⣿⣿⣿⣿⣿⣿
⣿⣿⣿⣿⣿⣿⣿⡇⡇⠀⠀⠀⠀⠘⠚⠛⠛⠛⠛⠛⠛⠛
⣿⣿⣿⣿⣿⣿⣿⡇⡇
⣿⣿⣿⣿⣿⣿⣿⡇⡇⠀⠀⠀⠀⢠⢤⣤⣤⣤⣤⣤⣤⣤
⣿⣿⣿⣿⣿⣿⣿⣧⣿⣶⣶⣶⣶⣾⣼⣿⣿⣿⣿⣿⣿⣿
⠀⠉⠛⠿⣿⣿⣿⣿⣿⣿⣿⣿⣿⣿⣿⣿⣿⣿⠿⠛⠉
⠀⠀⣀⣤⣶⣿⣿⣿⣿⣿⣿⣿⣿⣿⣿⣿⣿⣿⣿⣿⣿⣿⣿⣶⢤⣀
⣶⢻⣿⣿⣿⣿⣿⣿⣿⣿⣿⣿⣿⣿⣿⣿⣿⣿⣿⣿⣿⣿⣿⣿⣿⣿⡝⣶
⣿⢸⣿⣿⣿⣿⣿⣿⣿⡇⣿⠉⠉⠉⠉⠉⠉⣿⣸⣿⣿⣿⣿⣿⣿⣿⣇⣿
⣿⢸⣿⣿⣿⣿⣿⣿⣿⡇⣿⠀⠀⠀⠀⠀⠀⠉⠉⠉⠉⠉⠉⠉⠉⠉⠉⠉
⣿⢸⣿⣿⣿⣿⣿⣿⣿⡇⣿
⣿⢸⣿⣿⣿⣿⣿⣿⣿⡇⣿⠀⠀⠀⠀⠀⠀⣀⣀⣀⣀⣀⣀⣀⣀⣀⣀⣀
⣿⢸⣿⣿⣿⣿⣿⣿⣿⡇⣿⣀⣀⣀⣀⣀⣀⣿⢸⣿⣿⣿⣿⣿⣿⣿⡇⣿
⠿⣼⣿⣿⣿⣿⣿⣿⣿⣿⣿⣿⣿⣿⣿⣿⣿⣿⣿⣿⣿⣿⣿⣿⣿⣿⣧⠿
⠀⠀⠉⠛⠿⣿⣿⣿⣿⣿⣿⣿⣿⣿⣿⣿⣿⣿⣿⣿⣿⣿⡿⠟⠋⠉
⢠⣦⣴⣶⣚⠛⣉⣉⣉⡉⠙⠛⣶
⢘⣿⣿⣿⣿⠟⢩⣛⣻⣷⣖⡚⠋
⠀⢰⡟⠻⢷⣦⣠⣴⠶⠿⢿⡟⠛⠂
⠰⠿⢤⣄⣀⣉⣉⣉⣤⠤⠾⠁
⠀⢠⣤⣀⣤⣴⡶⠶⠚⠛⠛⠛⠛⠛⠛⠛⠛⠳⠶⣶⣤
⢘⣿⣿⣿⣿⣿⣷⣶⣶⣶⣶⣶⣶⣶⣶⣀⣀⣀⣰⣿⠃
⢀⣽⣿⣿⣿⣿⣿⠿⠭⠥⢴⣬⣭⣝⣿⣿⠯⣉⡉⠉
⠀⠀⢠⣿⠟⢿⣿⣶⣤⠀⢀⣠⣤⣶⣶⣟⣛⣒⡚⠛⠒⠂
⠀⢀⣾⡟⠀⠀⠉⠽⠿⠷⠾⠿⠟⠉⠉⠉⣽⡿⠁
⠘⠛⠿⠶⢦⣤⣤⣤⣤⣤⣤⣤⣤⠤⠶⠶⠛⠃
⠀⠀⣤⣄⢀⣠⣤⣤⡶⠶⠶⠾⠛⠛⠛⠛⠛⠛⠛⠛⠻⠷⠶⠶⣶⣤⡄
⠐⣷⣿⣿⣿⣿⣿⣿⣤⣤⣤⣤⣤⣤⣤⣤⣤⣤⣤⠀⠀⠀⠀⢠⣿⡿⠁
⠀⠻⣿⣿⣿⣿⣿⣿⣿⣿⠟⠛⠛⣛⡛⠛⠿⢿⣿⣿⣟⠛⠛⠛⠛⠃
⠐⠛⠛⢻⣿⣿⣿⣿⣿⣉⠉⠉⠀⠙⠚⠛⠛⠛⣛⣿⣯⣝⣒⣲⠤⢄⣀
⠀⠀⠀⣼⣿⠃⠘⠿⣿⣿⣿⣅⡀⣠⣶⣾⣿⣿⣭⣭⣭⣭⣭⠍⠉⠉⠉⠁
⠀⢀⣼⣿⠏⠀⠀⠀⠀⠚⠛⠛⠛⠛⠛⠛⠀⠀⠀⠀⣰⣿⡟
⠈⠛⠛⠿⠶⠶⢶⣦⣤⣤⣤⣤⣤⣤⣤⣤⠶⠶⠶⠖⠛⠛
⢸⡟⠛⠛⠛⠛⠛⠛⠛⠛⠛⠳⢿⡿
⡜⣷⠀⠀⠀⣶⢲⣶⢲⡆⠀⠀⢸⡇
⡇⣿⠀⠀⠀⣿⢸⣿⢸⡇⠀⠀⢸⡇
⢣⡿⠀⠀⠀⠿⠼⠿⠼⠇⠀⠀⢸⡇
⢸⣧⣤⣤⣤⣤⣤⣤⣤⣤⣤⡴⣾⣷
⢰⣶⠒⠒⠒⠒⠒⠒⠒⠒⠒⠒⠒⠒⠒⠒⠒⠲⢮⣝⡻⠿
⢸⣿⣀⠀⠀⠀⠀⠀⣀⣀⣀⣀⣀⣀⣀⠀⠀⠀⠀⠈⣿⡇
⣶⢸⣿⠀⠀⠀⠀⠀⣿⡇⣶⣶⣶⢸⣿⠀⠀⠀⠀⠀⣿⡇
⣿⢸⣿⠀⠀⠀⠀⠀⣿⡇⣿⣿⣿⢸⣿⠀⠀⠀⠀⠀⣿⡇
⠿⢸⣿⠀⠀⠀⠀⠀⣿⡇⠿⠿⠿⢸⣿⠀⠀⠀⠀⠀⣿⡇
⢸⣿⠉⠀⠀⠀⠀⠀⠉⠉⠉⠉⠉⠉⠉⠀⠀⠀⠀⢀⣿⡇
⠸⠿⠤⠤⠤⠤⠤⠤⠤⠤⠤⠤⠤⠤⠤⠤⠤⠴⢞⣫⣵⣶
⢰⣶⡶⠶⠶⠶⠶⠶⠶⠶⠶⠶⠶⠶⠶⠶⠶⠶⠶⠶⠶⠶⢶⣬⣙⠻⢿⣿
⢸⣿⡇⠀⠀⠀⠀⠀⠀⠀⠀⠀⠀⠀⠀⠀⠀⠀⠀⠀⠀⠀⠀⠈⠙⢻⣷⠈
⣐⠛⣿⣶⠀⠀⠀⠀⠀⠀⣶⣶⠖⣒⣒⣒⡒⢶⣶⠀⠀⠀⠀⠀⠀⢸⣿
⣿⡇⣿⣿⠀⠀⠀⠀⠀⠀⣿⣿⠀⣿⣿⣿⡇⢸⣿⠀⠀⠀⠀⠀⠀⢸⣿
⣿⡇⣿⣿⠀⠀⠀⠀⠀⠀⣿⣿⠀⣿⣿⣿⡇⢸⣿⠀⠀⠀⠀⠀⠀⢸⣿
⣿⡇⣿⣿⠀⠀⠀⠀⠀⠀⣿⣿⠀⣿⣿⣿⡇⢸⣿⠀⠀⠀⠀⠀⠀⢸⣿
⠩⣤⣿⠿⠀⠀⠀⠀⠀⠀⠿⠿⠦⠭⠭⠭⠥⠾⠿⠀⠀⠀⠀⠀⠀⢸⣿
⢸⣿⡇⠀⠀⠀⠀⠀⠀⠀⠀⠀⠀⠀⠀⠀⠀⠀⠀⠀⠀⠀⠀⢀⣠⣼⡿⢀
⠸⠿⠷⠶⠶⠶⠶⠶⠶⠶⠶⠶⠶⠶⠶⠶⠶⠶⠶⠶⠶⠶⠾⢛⣩⣴⣾⣿
⠙⣿⡒⢶⣦⣤⣀⣤⣤⣀
⢀⡾⢷⣶⡥⠯⠶⣤⡬⣉⡏⠓⣦
⠘⣷⠋⠁⠀⠉⣭⣿⣿⣯⣀⣑⣞⠽
⠀⠙⠛⠉⠉⠓⠦⣝⣻⣻⣷⠎
⠛⢲⣶⠶⢶⣤⣤⣄⣀⠀⢠⣀⣀⡀
⠀⠈⢻⣇⠀⠈⡿⠹⠿⠟⠓⠛⠛⠿⢿⣶⠤⣄⣀
⠀⣸⡿⠛⢿⣷⡖⠒⠛⠲⠻⣤⢭⠤⢤⣠⡍⠀⠨⢷⡄
⠸⠿⣶⠞⠉⠀⠀⠈⠉⠉⣉⣛⣿⣿⣟⠀⠀⠐⢶⡶⢞⡷
⠀⠈⣿⣆⣠⣤⣤⣄⣀⠈⠻⣿⣿⣿⣿⣽⠝⢋⠻⠕⠋
⠀⠀⠈⠉⠀⠀⠀⠀⠈⠙⠓⢦⣍⣛⣉⣛⡿⠏
⠛⠶⣶⣶⣦⣤⣤⣄⣀⡀⠀⠀⠀⣀
⠀⠀⢻⣷⡂⠈⠉⢿⡯⢻⣿⣷⡦⣬⣽⣿⣿⣶⡦⣄
⠀⠀⣠⣿⠷⣄⣀⠘⠋⠈⢉⡉⢁⣀⠀⢀⣉⠉⠛⠺⢭⡛⠲⢤⣄
⠀⢈⣽⠟⠫⠵⣒⣚⠫⠍⠉⠙⠊⠛⢶⡲⠖⠲⠦⣴⡆⠀⠀⠀⠾⣗⡀
⠰⠿⢷⣶⡾⠋⠁⠀⠀⠉⠩⠭⠭⠭⠭⠭⣽⢷⣛⠂⠈⠀⠦⢤⣤⡤⠟⣷
⠀⠀⢼⣿⠀⠀⠀⠀⠀⠀⠈⠉⢼⣿⣿⣿⣿⣿⣶⢶⠖⣲⠶⢶⠗⣲⠞⠁
⠀⠀⠘⢿⡷⠶⠚⠛⠒⠶⠦⣤⣀⠈⠻⢿⣿⣿⡿⢾⣭⡥⣤⠈⠉
⠀⠀⠀⠀⠀⠀⠀⠀⠀⠀⠀⠀⠈⠙⠲⣤⣈⣉⣀⣉⣩⠟⠁
⠈⠙⠻⣿⣯⣵⢻⣿⣿⠛⠛⢿⣿⣦
⠀⠀⠀⠀⠙⠑⢻⣿⣿⣤⣤⣾⣿⠟
⠈⠻⢿⠿⠿⠿⠿⠟⢫⢴⣿⣿⣿⣿⣿⣿⣿⣿⣿⣷⣦⡄
⠀⠀⠀⠐⠶⠶⠶⠶⠶⠆⠾⠿⠿⠿⠄⠀⠀⠸⠿⠿⠿⠿
⠀⠀⠀⠀⠀⠀⠓⠶⢂⣴⣿⣿⣿⣿⠂⠀⠀⢰⣿⣿⣿⣿
⠀⠀⠀⠀⠀⠀⠀⠀⠀⠀⣾⣿⣿⣿⣿⣿⣿⣿⣿⡿⠟⠃
⠈⠻⢿⣿⣿⣿⣿⣿⣿⡿⠛⣡⣾⣿⣿⣿⣿⣿⣿⣿⣿⣿⣿⣿⣷⣶⣤
⠀⠀⠀⠀⠠⣤⣤⣤⣤⣤⣤⣤⠀⣴⣿⣿⣿⣿⠁⠀⠀⠈⢹⣿⣿⣿⣿⣧
⠀⠀⠀⠀⠀⠈⠉⢉⣉⣉⣉⠉⢀⣉⣉⣉⣉⣉⠀⠀⠀⠀⢈⣉⣉⣉⣉⣉
⠀⠀⠀⠀⠀⠀⠀⠀⠉⠛⠁⠒⠛⢛⣿⣿⣿⣿⡀⠀⠀⢀⣸⣿⣿⣿⣿⡟
⠀⠀⠀⠀⠀⠀⠀⠀⠀⠀⠀⠀⠀⣿⣿⣿⣿⣿⣿⣿⣿⣿⣿⣿⡿⠿⠛
⠋⠛⠉⠉⠀⠀⠀⠀⠀⠀⠉⠙⠛⠙
⣄⠀⠀⠀⠀⠀⠀⠀⠀⠀⠀⠀⠀⣠
⣿⣷⣄⠀⠀⠀⠀⠀⠀⠀⠀⣠⣾⣿
⣿⣿⣿⣿⣶⣄⡀⢀⣠⣴⣿⣿⣿⣿
⡟⠙⡿⠛⠋⠉⠉⠀⠀⠀⠀⠀⠀⠀⠀⠉⠉⠙⠻⢿⠏⢻

⣧⡀⠀⠀⠀⠀⠀⠀⠀⠀⠀⠀⠀⠀⠀⠀⠀⠀⠀⠀⢀⣼
⣿⣿⣦⡀⠀⠀⠀⠀⠀⠀⠀⠀⠀⠀⠀⠀⠀⠀⢀⣴⣿⣿
⣿⣿⣿⣿⣷⣤⣀⠀⠀⠀⠀⠀⠀⠀⠀⣀⣤⣾⣿⣿⣿⣿
⣿⣿⣿⣿⣿⣿⣿⣷⣦⣄⡀⢀⣠⣴⣾⣿⣿⣿⣿⣿⣿⣿
⣿⠋⢿⣿⠿⠛⠋⠉⠉⠁⠀⠀⠀⠀⠀⠀⠀⠀⠉⠉⠉⠛⠛⠿⣿⣿⠋⢿
⠃⠀⠈⠁⠀⠀⠀⠀⠀⠀⠀⠀⠀⠀⠀⠀⠀⠀⠀⠀⠀⠀⠀⠀⠈⠁⠀⠈
⡀⠀⠀⠀⠀⠀⠀⠀⠀⠀⠀⠀⠀⠀⠀⠀⠀⠀⠀⠀⠀⠀⠀⠀⠀⠀⠀⢠
⣷⡄⠀⠀⠀⠀⠀⠀⠀⠀⠀⠀⠀⠀⠀⠀⠀⠀⠀⠀⠀⠀⠀⠀⠀⠀⣠⣿
⣿⣿⣦⣀⠀⠀⠀⠀⠀⠀⠀⠀⠀⠀⠀⠀⠀⠀⠀⠀⠀⠀⠀⠀⣠⣾⣿⣿
⣿⣿⣿⣿⣷⣤⡀⠀⠀⠀⠀⠀⠀⠀⠀⠀⠀⠀⠀⠀⠀⢀⣤⣾⣿⣿⣿⣿
⣿⣿⣿⣿⣿⣿⣿⣷⣤⣀⠀⠀⠀⠀⠀⠀⠀⠀⣀⣤⣾⣿⣿⣿⣿⣿⣿⣿
⣿⣿⣿⣿⣿⣿⣿⣿⣿⣿⣿⣶⣄⡀⢀⣠⣴⣿⣿⣿⣿⣿⣿⣿⣿⣿⣿⣿
⠀⠀⠀⠀⢠⣐⣄⣶⣿⣷⣶⣄
⠀⣀⢠⣮⣾⣿⣿⣿⡋⢻⣽⣟⡄
⠓⠓⠯⠿⢿⣿⣶⣦⠽⣶⣷⣦⠬⠷
⠀⠀⠀⠀⠀⠀⠀⣀⠠⢢⡔⣢⣶⣾⣶⣶⣤⣄⢄
⠀⠀⠀⠀⠀⡴⣠⣷⣿⢟⣿⣿⣿⠿⣿⣛⢿⣿⡇⣣
⣀⠀⣖⣒⣿⣷⣿⣿⣿⡷⠿⠿⠷⣄⣀⢻⡟⠻⠷⢧⣀⡀
⠉⠓⠛⠻⠽⠿⠿⢿⣻⣿⣷⣶⠦⠭⢿⣷⣿⣶⣶⠶⠾⠟
⠀⠀⠀⠀⠀⠀⠀⠀⠀⠀⣀⡴⣢⠐⢒⣬⣶⣶⣶⣦⣤⣀⠠⡀
⠀⠀⠀⠀⠀⠀⠀⡠⢄⣫⣴⣶⡿⠷⣿⠿⢿⣿⣿⣿⣿⣿⣿⣎⢢
⠀⠀⠀⣀⣀⣀⣚⣑⣽⣿⣿⢿⡸⣿⣿⣿⡃⠈⠙⢷⣬⣙⡿⡏⡼⠁
⣤⡀⠚⣥⣤⣶⣿⣿⣿⣷⣻⣯⣉⠉⠉⠉⠙⣒⡀⠈⠟⠉⠓⠁⠙⠲⣤⣄
⠀⠉⠉⠉⠓⠦⠭⠽⠯⠭⣝⣛⣛⣛⣿⠥⠴⠶⠭⢿⣿⣿⣿⡿⠟⠓⠚⠚
⠻⢂⠀⠀⠠⢀⣄⣠⡄⠄⠀⠀⡐⠟
⠀⠀⠉⣩⣴⣿⣿⣿⣿⣦⣉⠉
⠀⠀⠀⠉⣉⣻⣿⡿⠋⠉⠉
⢿⠲⠤⡀⠀⠀⠀⢀⣀⡀⠀⠀⢀⣀⡀⠀⠀⠀⢀⠤⠖⡻
⠀⠙⠒⠦⣤⣀⣈⠉⢰⣿⣿⣿⣿⣦⠉⣁⣀⣤⠴⠒⠋
⠀⠀⠀⠀⠀⢀⣬⣭⣿⣿⣿⣿⣿⣿⣭⣅⡐⠀⠁
⠀⠀⠀⠀⠘⠿⠿⠟⢻⣿⣿⣿⣿⡟⠿⠿⠿⠁
⠀⠀⠀⠀⠀⠠⢀⣀⣻⣿⡿⠿⠛
⣿⠲⢤⣀⠀⠀⠀⠀⠀⠀⠀⠀⠀⠀⠀⠀⠀⠀⠀⠀⠀⠀⠀⠀⣀⡤⠖⣿
⠈⠓⠦⢤⣀⡀⠀⠀⠐⠚⢩⣬⣷⣶⣶⣾⣧⡍⠓⠂⠀⠀⢀⣀⡤⠶⠚⠁
⠀⠀⠀⠐⠪⠍⢛⣓⠒⠲⢼⣿⣿⣿⣿⣿⣿⡷⠖⢒⣚⡛⠩⠕⠂
⠀⠀⠀⠀⠀⢠⣤⣶⣾⣿⣿⣿⣿⣿⣿⣿⣿⣿⣿⣷⣦⣤
⠀⠀⠀⠀⠀⠀⠙⠛⠛⠉⢹⣿⣿⣿⣿⣿⣿⠉⠙⠛⠛⠃
⠀⠀⠀⠀⠀⠀⠀⠤⣄⣀⣸⣿⣿⠿⠿⠛⠁
⣿⡿⠾⠯⠽⠿⠏⠻⠞⠹⠿⠹⠿⡗
⣶⡖⣶⣶⣿⣿⠋⣿⣷⣿⡏⢻⣧⣿⠋⣿⣿⡛⣾⣖⣲⡆
⣿⠧⠿⠛⠛⠓⠒⠛⠋⠛⠃⠈⠛⠋⠀⠛⠓⠒⠻⠟⠿⣅
⣶⣶⢲⣶⣶⣿⣿⡟⠃⣿⣿⣾⣿⡏⢻⣷⣴⣿⠃⣿⣿⣿⠓⣾⣶⣒⣶⡆
⣿⡿⠼⠿⠛⠛⠓⠒⠂⠛⠃⠙⠛⠃⠀⠛⠛⠃⠀⠛⠛⠒⠒⠻⠿⠻⢿⣅
⠐⠲⢤⣠⣄⠄⠒⡈⠛⣷⣦
⠛⣿⣿⣿⣿⣿⣿⣿⣿⣿⣿⣿⣿⡷
⠀⠀⠀⠹⢷⣶⣶⠾⠟⠃⠊⠲⠄
⠐⠶⢤⣄⣀⡀⣠⢀⡠⠄⠒⠂⠛⠻⢷⣶⣤⡀
⢰⣶⣶⣶⡿⣾⡿⣿⣶⣶⡶⣶⣶⣶⣾⣿⣿⡷⣶⣶⣶⡆
⠀⠸⠛⠻⠻⣿⣛⠛⠛⠛⠛⢛⣾⣿⣿⠟⢿⡛⠚⠛⠛⠃
⠀⠀⠀⠀⠀⠙⠿⠿⣶⣾⡿⠿⠛⠛⠉⠉⠒⠒⠑⠦
⠠⠶⣤⣄⣀⠀⠀⣀⣀⠀⢀⣠⠤⠶⠒⠒⠻⠿⣖⣶⣤⡀
⢠⣤⣤⣬⣍⣿⣯⣶⣿⣾⣭⣤⣤⣤⣤⣤⣤⣤⣼⣿⣿⣿⣤⣤⣤⣄⣀⡀
⠘⢛⣿⣿⣿⣿⣼⣿⣽⣿⣿⣿⣿⣯⣿⣿⣿⡿⣿⣿⣾⣿⣿⣻⣷⣿⣿⡇
⠀⠈⠉⠉⠉⠉⢿⣯⣌⡉⠉⠉⢉⣉⣩⣽⣿⣿⣿⣋⡚⠯⢍⡉⠉⠉⠉
⠀⠀⠀⠀⠀⠀⠀⠙⠻⠿⢿⣿⠿⠿⠿⠛⠋⠉⠀⠀⠉⠉⠒⠚⠓
⠀⢀⡠⢤⡶⠾⠛⢉⣉⣑⣦⣄
⣰⢯⠀⠀⠁⠠⢴⣦⣼⣮⣭⣞⣀
⢷⠀⢳⣦⡤⢴⣿⢫⣿⢯⢿⣹⣿⢱
⠾⢄⠽⠂⢚⣿⣵⣿⣯⣿⠿⠿⠛⠁
⠀⠀⠀⠀⣀⣠⣤⣤⣴⣚⠯⠉⠉⠛⠛⢦⠤⡀
⠀⢀⡴⠋⠁⠚⠻⠀⠀⠀⢀⠐⠚⠿⢛⡩⢽⡻⣶
⣰⠏⢶⠀⠀⠀⠀⠀⠔⠚⢾⣷⣶⣯⣵⣶⣶⣾⣥⣀⡀
⢿⠀⠀⢲⣶⣂⣀⣀⣰⣮⣹⠚⣫⣭⣽⢏⠽⡝⣿⣷⣎⢣
⠸⡇⠀⢠⠟⠛⠉⣉⡤⢲⢟⣴⣿⡿⣡⡯⣞⣵⣿⠿⡣⠏
⠛⠦⠤⠤⠟⠉⠉⣡⣋⣷⣾⣿⣿⣶⣶⣿⠿⠽⠒⠉
⠀⠀⠀⠀⠀⠀⠀⣀⣀⣠⣤⠶⠒⣋⠍⠓⠒⠺⠽⢦⣀⡀
⠀⠀⠀⣠⡴⠚⢉⠽⡟⠉⠉⠉⠉⠀⢀⣀⣶⣢⡤⠴⠶⢬⣷⣄
⠀⣠⡞⠁⠀⠀⠀⠀⠉⠀⠀⠀⠀⢠⡀⠀⠀⣃⡤⠖⠋⠣⣬⡿
⣰⠟⠐⢇⠀⠀⠀⠀⠀⠀⠐⠊⠭⢭⣭⡭⠭⢔⣒⣒⣒⣚⣛⡤⠤⣀
⣿⠀⠀⠀⢢⣤⠤⠄⠀⠀⠠⣴⣚⠭⠶⠚⣋⣭⣭⡍⣩⢍⠻⣿⣿⣦⡙⣦
⠘⣧⠀⠀⠈⢻⣿⠿⠿⠛⠛⢉⣩⡽⢂⣾⣿⣿⠏⡴⢃⡼⢃⣿⣿⣿⢃⡿
⣀⡷⠀⠀⠺⣍⣀⣀⣀⡴⢚⣩⠞⣡⣿⣿⡿⠃⠞⣓⣭⣶⣿⠿⣋⠵⠋
⠉⠓⠲⠦⠖⠋⠀⠀⠀⣴⣋⣐⣚⣛⣛⣛⣛⣛⣛⡫⠭⠕⠒⠉⠁
⠀⣠⣶⣷⣄⣀⡀⣤⣀
⣾⣿⣿⠛⢰⣾⣟⡛⠃⠡⡀⢦⣴⠂
⠙⠿⡟⠉⠉⠉⠛⠏⠀⠤⠄⠈⠀⠁
⠀⠀⣠⣴⣾⣷⣄⠀⡀⠀⡀⢠⡀⢀
⣠⣾⣿⣿⣿⣿⠛⣫⣭⣽⣵⣯⣽⡏⠓⡠⠀⢀⠄⢀⣀
⢿⣿⣿⣿⣯⣤⣬⣭⣿⣿⢶⣴⠠⠀⠀⠸⠐⠐⢿⠻⢖
⠀⠙⠻⢿⠁⠀⠈⠀⠀⠈⠉⠃⠁⠐⠲⠶⠄
⠀⠀⠀⣀⣤⣶⣿⣦⡀⠀⠀⠀⠀⠀⢀⡀
⠀⣴⣾⣿⣿⣿⢿⣿⠿⠷⠛⣒⣿⣺⣞⢹⣶⠪⢦⢀⡀
⣾⣿⣿⣿⣿⣿⠗⠃⠠⠾⡿⢿⠿⠛⢛⡉⠛⠄⠀⢲⡄⠀⣻⣡⣴⠞⡋⠁
⠹⣿⣿⣿⣿⣿⠶⠶⣶⠿⠿⢿⣭⣿⠶⣠⠃⠀⠀⠈⠃⠁⠈⠻⠍⠛⠧
⠀⠈⠙⠻⢿⠁⠀⠀⠀⠀⠀⠀⠀⠈⠋⠀⠀⠉⠳⠗⠖
⣷⡄⠀⠀⠀⠀⣴⣾⣦⠀⠀⠀⠀⠉
⣿⡇⠀⠀⠀⠀⣿⣿⣿
⡿⠃⠀⠀⠀⠀⠻⢿⠟⠀⠀⠀⠀⢀
⣷⣄⠀⠀⠀⠀⠀⠀⠀⠀⣠⣶⣦⡀⠀⠀⠀⠀⠀⠀⠉⠙
⣿⣿⡇⠀⠀⠀⠀⠀⠀⢸⣿⣿⣿⣿⡆
⣿⣿⡇⠀⠀⠀⠀⠀⠀⢸⣿⣿⣿⣿⡇
⣿⣿⡇⠀⠀⠀⠀⠀⠀⢸⣿⣿⣿⣿⠇
⡿⠋⠀⠀⠀⠀⠀⠀⠀⠀⠙⢿⠟⠁⠀⠀⠀⠀⠀⠀⢀⣠
⣷⣄⠀⠀⠀⠀⠀⠀⠀⠀⠀⠀⠀⣀⣴⣶⣄⠀⠀⠀⠀⠀⠀⠀⠀⠈⠉⠻
⣿⣿⣿⡆⠀⠀⠀⠀⠀⠀⠀⠀⣾⣿⣿⣿⣿⣷
⣿⣿⣿⡇⠀⠀⠀⠀⠀⠀⠀⠀⣿⣿⣿⣿⣿⣿
⣿⣿⣿⡇⠀⠀⠀⠀⠀⠀⠀⠀⣿⣿⣿⣿⣿⣿
⣿⣿⣿⠇⠀⠀⠀⠀⠀⠀⠀⠀⢿⣿⣿⣿⣿⡿
⡿⠋⠀⠀⠀⠀⠀⠀⠀⠀⠀⠀⠀⠙⠻⠿⠋⠀⠀⠀⠀⠀⠀⠀⠀⢀⣀⣴
⠀⠀⣾⣦⣄⡀
⠀⠀⣿⣿⣿⣿⣷⣦⣄⡀
⠀⠀⣿⣿⣿⣿⡿⠿⣿⣿⣷⣦⣀
⠀⠀⣿⣿⣿⣿⡇⠀⠈⢹⣿⣿⣿⣷
⠀⠀⣿⣿⣿⣿⡇⠀⠀⢸⣿⣿⣿⣿
⢀⣤⣿⣿⣿⣿⠃⠀⠀⢸⣿⣿⣿⣿
⠀⠉⠛⠿⣿⣿⣿⣶⣤⣸⣿⣿⡿⠟
⠀⠀⠀⠀⠀⠉⠛⢿⡿⠟⠋⠁
⠀⠀⠀⢸⣶⣤⣀
⠀⠀⠀⢸⣿⣿⣿⣿⣶⣤⣀
⠀⠀⠀⢸⣿⣿⣿⣿⣿⣿⣿⣿⣶⣤⣀
⠀⠀⠀⢸⣿⣿⣿⣿⣿⣿⣿⣿⣿⣿⣿⣿⣶⣤⣀
⠀⠀⠀⢸⣿⣿⣿⣿⣿⣿⡇⠈⠙⠻⢿⣿⣿⣿⣿⣿⣶⣄
⠀⠀⠀⢸⣿⣿⣿⣿⣿⣿⡇⠀⠀⠀⠀⣿⣿⣿⣿⣿⣿⣿
⠀⠀⠀⢸⣿⣿⣿⣿⣿⣿⡇⠀⠀⠀⠀⣿⣿⣿⣿⣿⣿⣿
⠀⠀⠀⢸⣿⣿⣿⣿⣿⣿⡇⠀⠀⠀⠀⣿⣿⣿⣿⣿⣿⣿
⢠⣴⣾⣿⣿⣿⣿⣿⣿⣛⠁⠀⠀⠀⠀⣿⣿⣿⣿⣿⣿⣿
⠀⠈⠙⠻⢿⣿⣿⣿⣿⣿⣿⣶⣤⣀⠀⣿⣿⣿⣿⣿⣿⠿
⠀⠀⠀⠀⠀⠈⠙⠻⢿⣿⣿⣿⣿⣿⣷⣿⣿⡿⠟⠋⠁
⠀⠀⠀⠀⠀⠀⠀⠀⠀⠈⠙⠻⢿⡿⠟⠋⠁
⠀⠀⠀⠀⢸⣶⣤⣀
⠀⠀⠀⠀⢸⣿⣿⣿⣿⣶⣤⣀
⠀⠀⠀⠀⢸⣿⣿⣿⣿⣿⣿⣿⣿⣶⣤⣀
⠀⠀⠀⠀⢸⣿⣿⣿⣿⣿⣿⣿⣿⣿⣿⣿⣿⣶⣤⣀
⠀⠀⠀⠀⢸⣿⣿⣿⣿⣿⣿⣿⣿⣿⣿⣿⣿⣿⣿⣿⣿⣶⣤⣀
⠀⠀⠀⠀⢸⣿⣿⣿⣿⣿⣿⣿⣿⡇⠈⠙⠻⢿⣿⣿⣿⣿⣿⣿⣿⣶⣤⡀
⠀⠀⠀⠀⢸⣿⣿⣿⣿⣿⣿⣿⣿⡇⠀⠀⠀⠀⠈⣿⣿⣿⣿⣿⣿⣿⣿⣿
⠀⠀⠀⠀⢸⣿⣿⣿⣿⣿⣿⣿⣿⡇⠀⠀⠀⠀⠀⣿⣿⣿⣿⣿⣿⣿⣿⣿
⠀⠀⠀⠀⢸⣿⣿⣿⣿⣿⣿⣿⣿⡇⠀⠀⠀⠀⠀⣿⣿⣿⣿⣿⣿⣿⣿⣿
⠀⠀⠀⠀⢸⣿⣿⣿⣿⣿⣿⣿⣿⡇⠀⠀⠀⠀⠀⣿⣿⣿⣿⣿⣿⣿⣿⣿
⢀⣠⣴⣾⣿⣿⣿⣿⣿⣿⣿⡿⠛⠁⠀⠀⠀⠀⠀⣿⣿⣿⣿⣿⣿⣿⣿⣿
⠈⠙⠛⠿⣿⣿⣿⣿⣿⣿⣿⣿⣷⣦⣄⡀⠀⠀⠀⣿⣿⣿⣿⣿⣿⣿⣿⣿
⠀⠀⠀⠀⠀⠉⠛⠿⣿⣿⣿⣿⣿⣿⣿⣿⣷⣦⣄⣿⣿⣿⣿⣿⣿⠿⠛⠁
⠀⠀⠀⠀⠀⠀⠀⠀⠀⠉⠛⠿⣿⣿⣿⣿⣿⣿⣿⣿⣿⠿⠛⠉
⠀⠀⠀⠀⠀⠀⠀⠀⠀⠀⠀⠀⠀⠉⠛⠿⣿⠿⠛⠉
⠀⠀⢠⣶⢦⣤⣿⣷⣶⣄⡀
⠀⣠⣼⣿⣞⡛⣛⣛⠻⣿⣿⣦⣄⡀
⠄⢙⠟⢙⠉⠑⠈⡥⢢⠿⠿⠛⠋⠓
⠄⠈⠀⠀⠀⠂⠀⠀⠉
⠀⠀⠀⠀⣠⣴⣶⣄⣀⣮⣿⣶⣶⣤⣄⡀
⠀⠀⠀⢸⣿⣿⣏⣿⣏⣿⣯⣿⣿⣿⣿⣿⣦⣀
⠀⣠⣴⣿⣿⣿⣯⣍⣩⢝⣛⣭⡍⠿⣿⣿⣿⣿⣿⣶⣤⡀
⢠⠛⡿⣿⡟⠛⡍⠉⠓⠆⠉⢉⡥⣀⣿⣿⣿⡿⠿⠛⠛⡽
⠈⠁⠲⠓⠀⠀⣇⢉⣁⠁⠁⣛⣡⠼⠉⠁⠀⠀⠀⠀⠈⠁
⠂⣅⠀⡠⠀⠀⠀⠀⠀⠀⠀⠀⠀⠀⠀⠀⠀⠠⣄⢀⡡⠂
⠀⠀⠀⠀⠀⢀⣤⣴⣶⣄⠀⡠⣫⣷⣶⣶⣤⣤⣀
⠀⠀⠀⠀⢰⢳⣿⣿⠿⣿⡿⣻⣿⡟⣻⣟⣿⣿⣿⣷⣤⡀
⠀⠀⠀⠀⡸⣸⣿⣿⣴⣿⡷⣿⠿⠷⠾⣿⣿⣿⣿⣿⣿⣿⣦⣄⡀
⠀⢠⢔⣿⣿⣿⣿⣿⣵⣭⣩⠔⣋⣩⣥⣤⠑⠽⣿⣿⣿⣿⣿⣿⣿⣷⣤⡀
⢀⠼⢼⣿⣿⠿⠿⢿⡙⠛⠽⠶⠈⠉⠉⣁⣄⣀⣻⣿⣿⣿⣿⣿⠿⠿⢷⡱
⠘⠥⢈⡭⣛⠭⠥⢼⡇⠦⠶⠰⠰⢆⣶⠿⠈⣿⠟⠛⣛⠉⠩⠤⢀⡀⠼
⠀⣀⠤⠉⠀⠀⠤⠘⠒⠰⠶⠤⠤⠤⠶⠶⠞⠉⡀⠀⠠⠄⠀⠀⠠⢄⡀
⠛⢤⣀⣀⠴⠂⠉⠁⠀⠀⠀⠀⠀⠀⠀⠀⠀⠀⠀⠀⠉⠁⠒⢄⣐⣀⠄⠃
⠀⠶⣶⣶⣶⡶⠶⠶⠶⠶⢶⣶⡄
⠀⣀⣸⣿⣿⣇⣀⣀⣀⡀⠀⠈⠋
⠀⠉⢹⣿⣿⡏⠉⠉⠁⠀⠀⢀⣀
⠀⠶⠿⠿⠿⠿⠶⠶⠶⠶⠾⠿⠏
⠀⢠⣤⣤⣤⣤⣤⣤⣤⣤⣤⣤⣤⣤⣤⣤⣤⣤⣦
⠀⠀⠈⢹⣿⣿⣿⣿⣿⠉⠉⠉⠉⠉⠉⠉⠉⠻⣿⣷⡀
⠀⠀⣀⣈⣿⣿⣿⣿⣿⣤⣤⣤⣤⣤⣤⠄
⠀⠘⠛⢛⣿⣿⣿⣿⣿⠛⠛⠛⠋⠁
⠀⠀⢀⣸⣿⣿⣿⣿⣿⣀⣀⣀⣀⣀⣀⣀⣀⣤⣾⣿⠏
⠀⠘⠛⠛⠛⠛⠛⠛⠛⠛⠛⠛⠛⠛⠛⠛⠛⠛⠿⠃
⠀⠀⣠⣤⣤⣤⣤⣤⣤⣤⣤⣤⣤⣤⣤⣤⣤⣤⣤⣤⣤⣤⣤⣤
⠀⠈⠉⠉⢻⣿⣿⣿⣿⣿⣿⡏⠛⠛⠛⠛⠛⠛⠛⠛⠛⠻⢿⣿⣷⡀
⠀⠀⠀⠀⠸⠿⠿⠿⠿⠿⠿⠇⠀⠀⠀⠀⠀⠀⠀⠀⠀⠀⠀⠙⠛⠛
⠀⢀⣴⣶⣾⣿⣿⣿⣿⣿⣿⣿⣿⣿⣿⣿⠿⠛⠋⠉
⠀⠀⠀⠀⢰⣶⣶⣶⣶⣶⣶⡆⠀⠀⠀⠀⠀⠀⠀⠀⠀⠀⠀⢀⣀⣀⡀
⠀⠀⣀⣀⣼⣿⣿⣿⣿⣿⣿⣇⣤⣤⣤⣤⣤⣤⣤⣤⣤⣴⣶⣿⣿⠟
⠀⠀⠙⠛⠛⠛⠛⠛⠛⠛⠛⠛⠛⠛⠛⠛⠛⠛⠛⠛⠛⠛⠛⠻⠋
⠀⢀⣠⣴⠶⠚⠛⠛⠓⠲⣦⣄⡀
⢰⣿⡩⠀⠀⠀⠘⠋⠀⠠⠈⢿⣿⡆
⠸⣿⣇⠀⢠⡀⠀⠓⠦⢤⣒⣺⣿⠇
⠀⠈⠙⠻⠿⢿⣧⣤⡼⠷⠟⠋⠁
⠀⠀⠀⠀⣀⣤⣴⣶⠶⠶⠿⠿⠶⠶⢶⣦⣤⣀
⠀⢠⣴⣿⠟⠋⠁⠀⠀⠀⣠⡶⠤⠀⠀⠈⢹⣿⣿⣦⡄
⢰⣿⣿⣡⠞⠁⠀⠀⠀⠀⠉⠁⠀⠀⠐⠒⠀⠙⢿⣿⣿⡆
⠸⣿⣿⣯⠀⠀⠀⡀⠀⠀⠀⠳⣶⣄⣀⠠⠤⠤⣽⣿⣿⠇
⠀⠘⠻⣿⣦⣰⣄⣿⣦⣄⡀⠀⠀⠠⣍⢻⣷⣶⣿⠟⠃
⠀⠀⠀⠀⠉⠛⠻⠿⠿⠿⣷⣶⠾⠾⠿⠟⠛⠉
⠀⠀⠀⠀⠀⢀⣀⣤⣤⣶⣶⣶⣶⣶⣶⣶⣶⣶⣶⣤⣤⣀⡀
⠀⠀⢀⣴⣾⣿⠿⠛⠋⠀⠀⠀⠀⣀⣤⣄⡀⠀⠀⠉⠛⣿⣿⣷⣦⡀
⠀⣴⣿⡿⢋⣠⠔⠀⠀⠀⠀⠀⠠⠿⠋⠀⠀⠀⠠⣤⡈⠙⢿⣿⣿⣿⣦
⢸⣿⣿⣷⡿⠁⠀⠀⠀⠀⠀⠀⠀⠀⣤⢀⠀⠀⠀⠀⠀⠀⠀⢭⣿⣿⣿⡇
⠀⠻⣿⣿⣷⡀⠀⠀⠠⣆⡀⠀⠀⠀⠈⠛⠷⠶⣤⣬⣉⡉⢉⣿⣿⣿⠟
⠀⠀⠈⠻⢿⣿⣦⣽⣦⣿⣿⣶⣤⡀⠀⠀⡀⢱⣦⣸⣿⣿⣿⡿⠟⠁
⠀⠀⠀⠀⠀⠈⠉⠛⠛⠿⠿⠿⠿⠷⠾⠿⠿⠿⠿⠛⠛⠉⠁
⢠⡤⠴⠒⣺⣷⡖⠒⠒⠶⢶⣦⣤⡄
⠈⠳⣤⣘⣿⣿⣧⣤⠈⠓⠲⣹⡟⠁
⠀⠀⠈⠙⠻⠿⣿⣿⠷⠂⠖⠉
⠀⠀⣀⣀⣠⣤⣴⣿⣷⣶⡶⠶⠶⢶⣦⣤⣤⣄⣀⣀
⠸⣿⡍⠁⠀⠀⣾⣿⣿⣿⠉⠀⠀⢄⣈⠙⠛⢿⣿⣿⣿⠇
⠀⠙⢿⣦⣄⡈⢿⣿⢿⣿⣶⣤⣄⠈⠛⠙⠻⡌⢻⡿⠋
⠀⠀⠀⠙⠻⣿⣿⣿⣾⣿⣿⣿⣿⣤⣄⡀⣀⣭⠟⠁
⠀⠀⠀⠀⠀⠀⠉⠙⠛⠿⢿⡿⠿⠛⠓⠒⠋
⠀⠀⠀⠀⢀⣀⣀⣠⣴⣾⣗⢦⣤⠤⠤⢤⣶⣶⣤⣤⣤⣀⣀⡀
⠰⣶⡟⠛⠉⠉⠁⠀⣴⣿⣿⣿⡿⠁⠀⠀⢀⠈⠉⠛⠿⣿⣿⣿⣿⣿⣶⠆
⠀⠹⣿⣦⡀⠀⠀⢾⣿⣿⣿⣿⣧⣀⠀⠀⠀⠹⡷⠶⣦⡄⠹⣿⣿⣿⠏
⠀⠀⠈⠻⣿⣶⣦⣤⣛⣿⣹⣿⣿⣿⣿⣿⠀⠀⠀⠀⠈⠹⣄⣸⡟⠁
⠀⠀⠀⠀⠀⠙⠻⢿⣿⣿⣿⣿⣿⣿⣿⣿⣷⣶⡦⠤⢤⣤⠞⠋
⠀⠀⠀⠀⠀⠀⠀⠀⠈⠉⠛⠛⠿⠿⠿⠿⠛⠛⠉⠉⠉⠁
⢀⠴⢟⠀⠈⠴⠛⠶⠉⠠⠾⠡⠞⠁
⠀⠀⣴⣿⠯⠍⠉⠉⢁⣴⡿⣥⡖⠋⠁⢀⣾⡟⠁⣴⡿⠋
⣀⣚⣛⣓⣒⣒⣀⣀⣛⡋⠀⠙⠛⠀⠀⠛⠛⠒⠚⠋⠁
⠀⠀⢀⣴⣿⠿⠭⠍⠉⠉⠁⣠⣾⢿⣥⣶⠚⠉⠁⢀⣴⣿⠟⠁⣠⣾⡿⠋
⢀⣘⣛⣛⣓⣒⣒⣒⣀⣀⣚⣛⠁⠀⠙⠛⠃⠀⠀⠛⠛⠓⠒⠚⠛⠉
⠿⠿⣿⣿⣿⣿⠿⠿⠿⠿⠿⣿⣿⣿
⠀⠀⣿⣿⣿⣿⣤⣤⣄⡄⠀⠉⠉⠉
⠀⠀⣿⣿⣿⣿⠉⠉⠉⠁⠀⣀⣀⣀
⣶⣶⣿⣿⣿⣿⣶⣶⣶⣶⣶⣿⣿⣿
⣿⣿⣿⣿⣿⣿⣿⣿⣿⣿⣿⣿⣿⣿⣿⣿⣿⣿⣿⣿⣿⣿
⠉⠉⠉⣿⣿⣿⣿⣿⣿⡏⠉⠉⠉⠉⠉⠉⠉⣹⣿⣿⣿⣿
⠀⠀⠀⣿⣿⣿⣿⣿⣿⣇⣀⣀⣀⣀⣀⠀⠀⠈⠉⠉⠉⠉
⠀⠀⠀⣿⣿⣿⣿⣿⣿⣿⣿⣿⣿⣿⣿
⠀⠀⠀⣿⣿⣿⣿⣿⣿⡇⠀⠀⠀⠀⠀⠀⠀⢀⣀⣀⣀⣀
⣀⣀⣀⣿⣿⣿⣿⣿⣿⣇⣀⣀⣀⣀⣀⣀⣀⣹⣿⣿⣿⣿
⣿⣿⣿⣿⣿⣿⣿⣿⣿⣿⣿⣿⣿⣿⣿⣿⣿⣿⣿⣿⣿⣿
⣿⣿⣿⣿⣿⣿⣿⣿⣿⣿⣿⣿⣿⣿⣿⣿⣿⣿⣿⣿⣿⣿⣿⣿⣿⣿⣿⣿
⠉⠉⠉⠙⣿⣿⣿⣿⣿⣿⣿⣿⠉⠉⠉⠉⠉⠉⠉⠉⠉⠉⣿⣿⣿⣿⣿⣿
⠀⠀⠀⠀⣿⣿⣿⣿⣿⣿⣿⣿⠀⠀⠀⠀⠀⠀⠀⠀⠀⠀⠛⠛⠛⠛⠛⠛
⠀⠀⠀⠀⣿⣿⣿⣿⣿⣿⣿⣿⣶⣶⣶⣶⣶⣶⣶⡆
⠀⠀⠀⠀⣿⣿⣿⣿⣿⣿⣿⣿⠛⠛⠛⠛⠛⠛⠛⠃
⠀⠀⠀⠀⣿⣿⣿⣿⣿⣿⣿⣿⠀⠀⠀⠀⠀⠀⠀⠀⠀⠀⣤⣤⣤⣤⣤⣤
⣀⣀⣀⣠⣿⣿⣿⣿⣿⣿⣿⣿⣄⣀⣀⣀⣀⣀⣀⣀⣀⣀⣿⣿⣿⣿⣿⣿
⣿⣿⣿⣿⣿⣿⣿⣿⣿⣿⣿⣿⣿⣿⣿⣿⣿⣿⣿⣿⣿⣿⣿⣿⣿⣿⣿⣿
⣶⣾⣄⡀⠀⠀⠀⠀⠀⠀⠀⠀⣸⣤
⠈⠛⢿⣗⣄⠀⠀⢀⣤⣀⣶⣇⣿⠗
⠀⢀⣠⣿⣷⣢⣶⣽⣿⠻⠟⠉⠁
⠀⢨⠄⡾⠛⠋⠙⢦⠽⠶⠒
⣴⢢⡾⣠⢀⠀⠀⠀⠀⠀⠀⠀⠀⠀⠀⠀⠀⠀⠀⣰⡦⣠
⠈⠺⢷⣿⣿⠯⠄⠀⠀⠀⠀⠀⠀⢀⡀⢀⣤⣴⢠⣿⣿⡏
⠀⠀⠀⠉⠻⣿⣟⣓⡀⠀⡀⢠⣾⣿⣧⣼⣿⡏⠸⠟⠋
⠀⠀⣤⠴⠶⢿⣷⣶⣾⣿⣻⠶⣿⣟⠀⠉⠉
⠀⠀⡤⠤⠴⡾⠛⠉⠓⠈⠙⢷⠦⠽⠟⠛⠋
⣠⡖⣴⡎⢀⡄⠀⠀⠀⠀⠀⠀⠀⠀⠀⠀⠀⠀⠀⠀⠀⠀⠀⠀⠐⣶⡀⢀
⠻⣆⣿⡑⡿⢰⢣⠄⠀⠀⠀⠀⠀⠀⠀⠀⠀⠀⠀⠀⠀⠀⢀⠀⣶⣿⣵⠧
⠀⠈⠙⠿⣿⣿⡟⠓⠂⠀⠀⠀⠀⠀⠀⠀⢀⣠⡄⢰⣶⣾⣿⢠⣿⣿⣿⠇
⠀⠀⠀⠀⠈⠻⣿⣿⣛⣛⣂⠀⠀⠀⢠⣾⣿⣿⣧⣼⣿⣿⡇⢸⡿⠛
⠀⠀⠀⣀⣀⣤⣭⣭⣭⣭⣉⡶⠾⣷⣤⣹⣿⣧⠉⠻⠟⠋⠁
⠀⠀⠈⠛⠉⠉⢉⡿⣫⣿⡛⠙⢿⣶⣉⠛⠽⣦⣤⣤⣀⣀
⠀⠀⢠⠶⠖⠠⣿⠓⠁⠀⠉⠀⠀⠉⠻⠿⠶⠞⠛⠋⠉
⠀⠙⢻⣿⣿⣿⡿⠿⠿⠿⠿⠿⣿⡇
⠀⠀⢸⣿⣿⣿⣇⣀⣀⣤⣴⠀⠀⠁
⠀⠀⢸⣿⣿⣿⡏⠉⠉⠙⠛⠀⠀⣀
⠀⣠⣼⣿⣿⣿⣷⣶⣶⣶⣶⣶⣿⣿
⠀⠙⠻⢿⣿⣿⣿⣿⣿⣿⣿⣿⣿⣿⣿⣿⣿⣿⣿⣿⣿
⠀⠀⠀⠀⣿⣿⣿⣿⣿⣿⠀⠀⠀⠀⠀⠀⠀⠀⠈⠙⠻
⠀⠀⠀⠀⣿⣿⣿⣿⣿⣿⣤⣤⣤⣤⣤⣶⣿⠁
⠀⠀⠀⠀⣿⣿⣿⣿⣿⣿⠛⠛⠛⠛⠛⠻⠿
⠀⠀⠀⠀⣿⣿⣿⣿⣿⣿⡀⠀⠀⠀⠀⠀⠀⠀⢀⣠⣴⡆
⠀⢠⣴⣾⣿⣿⣿⣿⣿⣿⣿⣿⣿⣿⣿⣿⣿⣿⣿⣿⣿⡇
⠀⠈⠻⢿⣿⣿⣿⣿⣿⣿⣿⣿⣿⣿⣿⣿⣿⣿⣿⣿⣿⣿⣿⣿⣿⣿⣷
⠀⠀⠀⠀⠉⣿⣿⣿⣿⣿⣿⣿⣿⠉⠉⠉⠉⠉⠉⠉⠉⠉⠉⠛⠿⣿⣿
⠀⠀⠀⠀⠀⣿⣿⣿⣿⣿⣿⣿⣿⠀⠀⠀⠀⠀⠀⠀⢀⣀⠀⠀⠀⠈⠙
⠀⠀⠀⠀⠀⣿⣿⣿⣿⣿⣿⣿⣿⣶⣶⣶⣶⣶⣶⣿⣿⣿
⠀⠀⠀⠀⠀⣿⣿⣿⣿⣿⣿⣿⣿⠛⠛⠛⠛⠛⠻⠿⣿⣿
⠀⠀⠀⠀⠀⣿⣿⣿⣿⣿⣿⣿⣿⠀⠀⠀⠀⠀⠀⠀⠀⠉⠀⠀⠀⠀⣀⡄
⠀⠀⠀⠀⣀⣿⣿⣿⣿⣿⣿⣿⣿⣤⣀⣀⣀⣀⣀⣀⣀⣀⣀⣤⣶⣿⣿⡇
⠀⢀⣴⣾⣿⣿⣿⣿⣿⣿⣿⣿⣿⣿⣿⣿⣿⣿⣿⣿⣿⣿⣿⣿⣿⣿⣿⡇
⠀⣷⡞⠀⠀⠀⢸⣶⠃
⠀⠿⣧⣀⣀⣀⣸⣿⣈⣉⣉⠉⠙⠃
⠀⠀⠀⠀⠀⠀⣸⣿⣥⣤⣤⣤⣴⠄
⠀⠲⣶⣶⠖⠀⠀⠀⠀⠐⢶⣶⣶⠆
⠀⠀⣿⣿⡇⠀⠀⠀⠀⠀⢸⣿⣿⢠⣤⣤⣤⣤⣤⣤⣤
⠀⠀⣿⣿⣅⠀⠀⠀⠀⢀⣸⣿⡿⠈⠉⠉⠉⠉⠉⠉⠛
⠀⠀⠀⠉⠛⠛⠛⠛⠛⠛⢫⣵⣾⠛⠛⠛⠛⠃
⠀⠀⠀⠀⠀⠀⠀⠀⠀⠠⠾⠿⠿⠶⠶⠶⠶⠶⠶⠾⠿
⠀⠰⢶⣶⣶⡶⠆⠀⠀⠀⠀⠀⠲⣶⣶⣶⡶⠆
⠀⠀⢸⣿⣿⡇⠀⠀⠀⠀⠀⠀⠀⢸⣿⣿⡇
⠀⠀⢸⣿⣿⡇⠀⠀⠀⠀⠀⠀⠀⢸⣿⣿⡇⠛⠛⠛⠛⠛⠛⠛⠛⠿⡇
⠀⠀⠘⠻⢿⣷⣤⣤⣤⣤⣤⣤⣴⣿⠿⢛⣡⣤⣤⣤⣤⣤
⠀⠀⠀⠀⠀⠀⠀⠀⠀⠀⠀⠀⠀⢰⣿⣿⡇⠀⠀⠀⠀⠀⠀⠀⠀⢀⡀
⠀⠀⠀⠀⠀⠀⠀⠀⠀⠀⠀⠀⠴⠿⠿⠿⠿⠿⠿⠿⠿⠿⠿⠿⠿⠿⠇
⠈⠙⣻⣿⣿⣿⣿⠿⠿⠿⠿⢿⣿⠏
⠀⣰⣿⣿⣿⣿⠿⠿⠿⠿⠇
⠠⠿⠿⠿⠿⠃
⠈⠙⠛⢿⣿⣿⣿⣿⣿⣿⣿⣿⣿⣿⣿⣿⣿⣿⣿⣿⣿⡏
⠀⠀⠀⣼⣿⣿⣿⣿⣿⣿⣟⣉⣉⣉⣉⣉⣉⠉⠛⠿⠟
⠀⠀⣰⣿⣿⣿⣿⣿⣿⡿⣿⣿⣿⣿⣿⣿⠏
⠀⣰⣿⣿⣿⣿⣿⣿⡟
⠀⠿⠿⠿⠿⠿⠿⠟
⠈⠉⠛⠿⣿⣿⣿⣿⣿⣿⣿⣿⣿⣿⣿⣿⣿⣿⣿⣿⣿⣿⣿⣿⣿⣿⣿⠏
⠀⠀⠀⠀⣰⣿⣿⣿⣿⣿⣿⣿⣿⡟⠛⠛⠛⠛⠛⠛⠛⠛⠻⠿⣿⣿⡟
⠀⠀⠀⢰⣿⣿⣿⣿⣿⣿⣿⣿⣿⣷⣶⣶⣶⣶⣶⣶⣶⠂⠀⠀⠀⠈
⠀⠀⢠⣿⣿⣿⣿⣿⣿⣿⣿⡿⠛⠛⠛⠛⠛⠛⠛⠛⠋
⠀⢠⣿⣿⣿⣿⣿⣿⣿⣿⡟
⠀⠛⠛⠛⠛⠛⠛⠛⠛⠛
⠀⠀⠀⠀⠀⢀⣼⡀
⣿⣏⣉⠁⢸⣿⣿⢹⣷⠀⣿⡆⢸⣿
⣿⠇⠀⠀⢸⣿⣟⣸⡿⠀⢿⣅⣸⡿
⠀⠀⠀⠀⠀⠀⠀⠀⠀⠀⡏⠂
⣀⣀⣀⣀⣀⡄⠀⢀⣈⣰⣧⣵⣈⠀⠀⢀⣀⡄⠀⠀⣄⣀
⣿⣿⠁⠀⠀⠀⠀⢸⣿⡏⡏⢸⣿⣿⠀⢸⣿⡇⠀⠀⣿⣿
⣿⣿⠛⠛⠛⠀⠀⢸⣿⡇⡇⢸⣿⣿⠀⢸⣿⡇⠀⠀⣿⣿
⢿⡿⠀⠀⠀⠀⠀⢸⣿⣧⣧⣼⡿⠟⠀⠘⠿⣧⣄⣤⡿⠟
⠀⠀⠀⠀⠀⠀⠀⠀⠀⠀⠀⠀⢸⡏⡇
⠀⠀⠀⠀⠀⠀⠀⠀⠀⠀⢠⣤⣸⡇⢇⠀⡄
⣶⣶⣶⣶⣶⣶⡶⠂⠀⢰⣶⣶⣿⣷⣾⣦⣄⡀⠀⠀⣶⣶⡆⠀⠀⢰⣶⣶
⣿⣿⡇⠀⠀⠀⠀⠀⠀⢸⣿⣿⢻⡇⠘⣿⣿⡇⠀⠀⣿⣿⡇⠀⠀⢸⣿⣿
⣿⣿⣷⠶⣶⡶⠂⠀⠀⢸⣿⣿⣱⡇⢈⣿⣿⡇⠀⠀⣿⣿⡇⠀⠀⢸⣿⣿
⣿⣿⡇⠀⠀⠀⠀⠀⠀⢸⣿⣿⣽⡇⠀⣿⣿⡇⠀⠀⣿⣿⡇⠀⠀⢸⣿⣿
⠿⣿⠇⠀⠀⠀⠀⠀⠀⢸⣿⣿⣾⣥⣶⣿⠟⠃⠀⠀⠻⢿⣷⣦⣴⣿⠿⠛
⠀⠀⢀⣤⣶⣶⣶⣿⣿⣿⡿⢿⣿⡖
⢠⣶⣿⣿⣿⣿⢿⣿⣿⣤⣀⠠
⣿⣿⣿⣿⣻⡧⠀⠈⠉⠛⠛⠃
⠀⠀⠀⠀⠀⣠⣴⣶⣶⣶⣶⣿⣿⣿⣿⣿⣿⣿⣷⣿⣷⡦
⠀⢀⣠⣶⣿⣿⣿⣿⡿⣿⣿⣿⣿⣿⡛⠉⠉⠀⠉⠍⡉⠁
⣰⣿⣿⣿⣿⣿⣿⣿⡟⠛⠻⢿⣿⣿⣿⣿⣶⣎⠑⠒⠂
⢿⣿⣿⣿⣿⣿⣯⣻⣷⠄⠀⠀⠀⠈⠉⠙⠛⠋⠁
⠀⠀⠀⠀⠀⠀⠀⣠⣤⣶⣶⣶⣶⣶⣾⣿⣿⣿⣿⣿⣿⣿⣿⣶⣶⣾⣶⡄
⠀⠀⠀⢀⣠⣴⣿⣿⣿⣿⣿⣿⣿⣿⣿⣿⣿⣿⠿⠿⠛⠛⠉⡛⢻⢻⢛
⠀⣠⣾⣿⣿⣿⣿⣿⣿⣿⣿⣽⣿⣿⣿⣿⣿⣷⣦⣤⣀⣀⣰⣁⣁⡘
⣼⣿⣿⣿⣿⣾⣿⣿⢯⣾⣟⠁⠈⠉⠛⠿⢿⣿⣿⣿⣿⣿⣶⡀⠀⠀⠑
⢿⣿⣿⣿⣿⣯⣿⣿⣮⣻⣿⠶⠀⠀⠀⠀⠀⠀⠈⠉⠉⠉⠁
⢀⡤⢶⢶⣶⣶⣶⣶⣶⣶⡶⡶⢤⡀
⠈⠓⠛⠛⠛⠻⠿⠹⠟⠛⠛⠛⠛⠁
⠀⠀⣠⣶⣦⣤⣤⣴⣶⣶⣶⣶⣶⣶⣦⣤⣤⣴⣶⣀
⠰⣿⣏⠼⣿⣽⣿⣿⣿⣿⣿⢿⣿⣿⣿⣿⣯⣿⢧⣹⣿⠆
⠀⠀⠉⠉⠓⠒⠛⠩⠭⠿⠿⠤⠿⠭⠍⠛⠒⠛⠉⠉
⠀⠀⠀⢀⣶⣤⣤⣠⣤⣤⣤⣤⣤⣤⣤⣤⣤⣤⣤⣤⣄⣤⣤⣶⡀
⢀⣴⣶⠟⢩⣿⠟⣿⣿⣿⣿⣿⣿⣿⣿⣿⣿⣿⣿⣿⣿⠻⣿⡝⢻⣶⣤
⠈⠛⠿⣦⣝⣛⠷⠾⠿⠶⢿⣽⡿⣿⠙⢿⣯⡿⠶⠿⠷⠾⣛⣫⣼⠿⠛
⠀⠀⠀⠀⠀⠉⠉⠙⠒⠒⠒⠒⠛⠮⠴⠛⠓⠒⠒⠚⠋⠉⠉
⠟⠛⠉⠀⠀⠀⠀⠀⠈⠉⠉⢉⠉⢉
⣦⣄⣀⡀⠀⠀⠀⠀⠀⠀⣀⣀⣤⣼
⣿⣿⡿⠿⠋⠁⠀⠀⠀⠀⠀⠈⠉⠉⠉⠙⠛⠛⠛⠉⠛⠿
⠟⠁⠀⠀⠀⠀⢀⠀⠀⠀⠀⢀⠀⠄⠠⠄⢀⠀⡴⠢⠂⢰
⣄⠀⠀⠀⠀⠀⠀⠐⠠⠄⠑⠀⠈⠀⠐⠀⠐⠀⠄⠀⢀⣼
⣿⣷⣦⣤⣄⣀⡀⠀⠀⠀⠀⠀⠀⠀⢀⣀⣀⣤⣴⣾⣿⣿
⣿⣿⣿⣿⠿⠟⠉⠀⠀⠀⠈⠀⠀⠀⠈⠉⠉⠉⠙⠛⠛⠟⠛⠛⠛⠛⠻⢿
⡿⠛⠉⠀⠀⠀⠀⠀⠀⠐⠀⠀⠀⠀⠀⠀⠀⠀⠀⠀⠀⠀⠀⣀⡀⣠⡠⣠
⠀⠀⠀⠀⠀⠀⠀⠀⡐⠀⠀⠀⠠⢀⠐⠀⠌⠁⢈⠁⠀⠋⠀⠋⠀⠀⠀⢹
⣦⣀⠀⠀⠀⠀⠀⠀⠀⠈⠀⠉⠀⠀⠀⠀⠀⠀⠀⠀⠀⠁⠀⠁⠁⢁⣴⣿
⣿⣿⣿⣶⣦⣤⣀⣀⣀⠀⠀⠀⠀⠀⠀⠀⠀⠀⢀⣀⣀⣤⣤⣶⣾⣿⣿⣿
⠀⠀⠀⠀⠀⠀⡀⠔⠚⠊⢲⠄
⠀⣀⠠⢀⡤⣼⣿⢟⣧⡞⣩⠟⣩⠟
⣤⣪⡶⠻⠤⠷⠛⠒⠚⠓⠒⠋⠁
⠀⠀⠀⠀⠀⠀⠀⠀⠀⠀⠀⣠⠶⠔⠒⠹⢶⣄
⠀⠀⠀⠀⠀⠀⠀⠀⢠⡚⣥⣴⣖⠀⢤⣴⠞⢣⣤⠤⢠⣤
⠀⠒⣲⠆⠈⣭⠽⢫⡭⢚⡟⠉⠖⣛⣏⠁⠾⢛⣡⡴⠛⠁
⢤⣾⣥⡾⠋⠙⠲⠖⠚⠛⠉⠉⠉⠉⠈⠉⠉⠉
⠀⠀⠀⠀⠀⠀⠀⠀⠀⠀⠀⠀⠀⠀⠀⡴⢤⠔⠶⢛⡶⣤
⠀⠀⠀⠀⠀⠀⠀⠀⠀⠀⠀⣀⠶⣂⣉⣀⠤⠀⠀⣀⣠⣽⣃⡀⣀⣀⣀⡀
⠀⢀⣀⣀⣀⣀⠤⠤⢤⣤⠤⠗⢶⣿⠿⢛⣋⣩⣽⠟⠁⣠⣾⠟⢁⣠⡾⠋
⠀⠀⣩⠟⢀⣀⣲⡶⠋⠰⠞⢉⣱⣇⣀⣉⣩⣭⣇⣀⣈⣉⣥⡴⠟⠋
⢴⣾⣥⡴⠿⠋⠉⠙⠛⠛⠛⠋⠉⠈⠉⠉
⢶⣶⣶⣶⣿⣿⣿⣿⣿⣿⣶⢶⣶⡶
⢠⣿⣿⣿⣾⣿⣿⣿⣿⣿⣿⣯⢻
⠀⠛⠿⢿⣟⣙⣛⣽⣟⣉⡿⠷⠋
⠀⠀⠀⠀⠙⢿⣿⣿⣿⠟
⣤⣦⣤⣤⣤⡴⢖⣲⣿⣿⣿⠿⠋⠛⠛⠒⠦⢤⢤⣤⣴⣦
⠈⠻⣿⢯⣿⣑⡛⢻⣿⣿⣿⡇⠀⠀⠀⠀⣀⣠⠺⣿⠛⠁
⠀⣼⠃⣿⣯⣙⣽⣿⣶⡿⠉⠃⠰⣶⣿⣯⡟⠁⢀⠘⡆
⠀⠙⠷⣬⣿⣿⡻⠍⠙⠻⠯⣙⡭⠍⠋⠩⢿⣷⡤⠞⠁
⠀⠀⠀⠀⠈⠉⠻⣶⣆⣴⣯⣭⣽⣭⢿⡿⠉⠁
⠀⠀⠀⠀⠀⠀⠀⠘⠿⣷⣿⣿⣷⣯⠿⠁
⣠⣤⣄⣀⣀⣀⣤⣤⠴⢖⣚⣿⣿⣿⡿⠟⠛⠛⠒⠲⠤⣤⣀⣀⣀⣠⣤⣄
⠻⢯⣿⣮⡥⣶⡟⣠⣾⠿⢿⣿⣿⣿⡀⠀⠀⠀⠀⠀⠀⠀⠉⣤⣴⣾⡵⠋
⠀⠀⣩⡟⣱⣿⢷⣤⣄⣘⠻⠿⢿⣿⡇⠀⠀⠀⣀⣀⣤⡴⠖⠀⠻⡅
⠀⢰⡟⠰⣿⣿⣄⣓⣮⣯⣿⣿⠗⠀⠁⠀⠺⣿⣿⣯⠚⠁⠀⠀⠀⣿
⠀⠈⢷⣤⣈⣹⣿⡟⣫⣍⠛⠻⠯⣝⡓⢛⣩⠽⠟⢉⣭⣻⣆⣠⡴⠏
⠀⠀⠀⠈⠉⠛⠻⢿⣦⣤⣠⠤⡤⠤⠚⠃⣤⠤⣤⣤⡴⠟⠋⠉
⠀⠀⠀⠀⠀⠀⠀⠀⠙⢿⣷⣾⠿⣭⣿⡭⢿⡞⣱⡟
⠀⠀⠀⠀⠀⠀⠀⠀⠀⠈⠻⢯⣵⣿⣶⣷⣯⡵⠟⠁
⠀⣠⣴⣶⣿⠿⠛⠋⢻⢶⣶⣤⡀
⣾⣿⣿⣿⣷⣤⠀⢈⡥⠈⢉⣿⣿⣧
⢻⣥⣤⢜⠟⠁⠂⢄⣀⣀⣉⣻⣿⠟
⠀⠉⠛⠛⠿⠷⠦⢤⡼⣿⣿⡋⠁
⠀⠀⠀⣀⣤⣶⣶⣿⣿⣿⠿⠏⠻⣷⣶⣶⣤⣤⣀
⢀⣴⣿⣿⣿⣿⣿⡏⠁⠀⠀⠠⡖⠲⠉⢿⡿⣿⣷⣕⢦⡀
⣾⣿⣿⣿⣿⣿⣿⣿⣴⡦⠀⢠⢔⡵⠂⠀⣀⣺⣿⣿⣷⢳
⢻⣿⡐⠒⢒⠹⣿⡿⠒⠦⢄⠀⠀⠀⠀⠈⠛⠻⣿⣿⡟⡜
⠀⠻⢿⣿⣷⣕⣲⣤⣀⠐⠂⢉⡛⢻⣿⣶⣶⣶⣿⡫⠊
⠀⠀⠀⠈⠉⠛⠛⠿⠿⠿⠷⠶⠶⠤⠬⣿⣿⣍⡁
⠀⠀⠀⠀⣀⣠⣴⣶⣶⣾⣿⣿⣿⣿⡯⠻⣿⣷⣶⣶⣦⡤⣀⡀
⠀⢀⣴⣿⣿⣿⣿⣿⣿⡟⠋⠉⠀⠀⢀⣤⠤⢭⠙⢿⣿⣿⣷⣮⣕⢦⡀
⣰⣿⣿⣿⣿⣿⣿⣿⣿⣷⢠⣄⠀⠀⠀⢁⡭⣥⠄⢑⠉⠉⣽⣿⣿⣷⡝⣆
⣿⣿⡿⡛⡛⠛⡻⣿⣿⣿⣟⡋⠃⠀⠐⠁⠚⠁⠀⠈⣶⣶⣿⣿⣿⣿⡇⣸
⠘⣿⣧⣭⣬⣥⢥⡛⠛⠛⠁⠉⠉⠣⢤⣀⣀⣀⣀⣀⠈⠀⢙⣿⣿⡿⡱⠃
⠀⠈⠻⠿⣿⣿⣧⣭⣽⣶⣤⣄⣉⠀⠀⠬⠉⢿⣿⣿⣿⣿⢿⣛⠵⠊
⠀⠀⠀⠀⠀⠈⠉⠛⠛⠿⠿⠿⠿⠿⠿⠶⠶⠶⠶⣿⣿⣾⣅⣀
⠀⠀⠀⠀⠀⣀⡤⣤⣶⡾⠿⣶⡤⠄
⠀⠀⠀⣠⣴⣿⡇⣿⣿⣧⣤⣤
⠀⠀⠈⠀⢸⣿⡇⣿⣿⡇
⠠⠒⠒⠲⢾⣿⠤⠛⠋
⠀⠀⠀⠀⠀⠀⠀⠀⠀⠀⢀⣀⣤⣴⣶⣿⣷⣶⣤⣄⣀⠤
⠀⠀⠀⠀⠀⠀⠀⢠⣶⣿⠉⢹⣿⣿⡇⠀⠈⠉⠉⠉
⠀⠀⠀⠀⢀⣤⣶⣾⣿⣿⠀⢸⣿⣿⣷⣶⣶⣶⣶
⠀⠀⠀⠀⠉⠀⠀⢸⣿⣿⠀⢸⣿⣿⡇
⠀⠀⠀⠀⣀⣀⣀⣸⣿⡟⠀⢸⣿⣿⠇
⠐⠚⠉⠉⠙⠛⠻⢿⣿⠷⠖⠚⠉
⠀⠀⠀⠀⠀⠀⠀⠀⠀⠀⠀⠀⠀⠀⣀⣀⣤⣴⣶⣾⣿⣶⣦⣤⣀⣀⣀⡀
⠀⠀⠀⠀⠀⠀⠀⠀⠀⢀⣤⣶⡞⠋⢹⣿⣿⣿⡇⠈⠉⠛⠛⠛⠛⠋⠁
⠀⠀⠀⠀⠀⠀⠀⣀⣀⣸⣿⣿⡇⠀⢸⣿⣿⣿⣇⣀⣀⣀⣀⣀⡀
⠀⠀⠀⠀⠀⠴⠟⠛⠛⢻⣿⣿⡇⠀⢸⣿⣿⣿⡟⠛⠛⠛⠛⠛⠁
⠀⠀⠀⠀⠀⠀⠀⠀⠀⢸⣿⣿⡇⠀⢸⣿⣿⣿⡇
⠀⠀⢀⣀⣀⣀⣀⣀⣀⣸⣿⡿⠃⠀⢸⣿⣿⡿⠃
⠐⠊⠉⠉⠉⠉⠉⠛⠻⠿⣿⡿⠿⠓⠊⠉
⠀⠀⡶⣦⣿⠲⣤⣤⣄⠀⡀
⡀⢼⣧⣭⣭⢷⣿⣿⡋⠁⢈
⠁⠀⠙⢩⠍⠫⣅⠚⠀⠄⠁⠊⠀⠐
⠀⠀⠀⣦⡶⣄⣸⡶⠧⣤⣄⣀⣀⠀⠀⡀
⠀⠀⣠⣿⡀⡿⠿⠟⣆⣹⣿⣿⣿⠿⠶⠅⠑⠀⡀
⡄⠊⠛⢿⡿⣿⣿⣯⣽⣿⡿⢿⣣⠆⠀⠀⡵⠀⢬⠁⠂⡀
⠈⠢⠀⠀⠁⣒⠠⠐⠚⠦⣐⠊⠉⣀⠔⠊⠀⠘⠃⠂⠀⠘
⠀⠀⠀⢠⣄⡶⣄⢐⣺⣲⢗⣤⣀⣀⣀
⠀⠀⠀⣈⣾⡁⣿⣽⣿⣿⣆⠘⢿⣿⣿⣿⣿⣶⣄⡚⠰⣄
⠀⢀⣴⣿⣿⣦⣼⣭⣭⣤⢾⣷⣿⣿⣿⣿⠋⠁⠀⠈⢢⠀⠈⠢⠤⣀
⢮⠁⠀⠉⠻⣟⠻⠿⠿⠷⠿⡶⠿⠛⢛⢇⡏⠀⠀⢀⡴⠁⢀⡺⠄⠀⠑⢄
⠀⠑⠦⣀⣀⠀⣈⣍⠴⠈⠉⠱⠆⣘⠉⢈⣀⡠⠖⠁⠀⠀⠉⠁⠈⠀⠀⠈
⠀⠀⠀⠀⠀⢀⡴⢦⡀
⠀⣀⣀⣤⣶⣿⢺⣷⣿⣶⣤⣀⣀
⠀⠉⠉⠛⠿⣟⢼⡾⣿⠿⠛⠉⠉
⠀⠀⠀⠀⠀⠈⠳⠞⠁
⠀⠀⠀⠀⠀⠀⠀⠀⠀⠀⣰⣆
⠀⠀⠀⠀⠀⠀⠀⢀⣠⢞⣡⣌⡳⣄⡀
⠀⢀⣀⣠⠤⢴⣚⣭⣶⡉⢩⡭⣙⣶⣭⣓⡦⠤⣄⣀⡀
⠀⠈⠉⠙⠒⠺⢭⣛⠿⣃⣐⣶⣿⠿⣛⡭⠗⠒⠋⠉⠁
⠀⠀⠀⠀⠀⠀⠀⠈⠙⢮⡙⢋⡵⠋⠁
⠀⠀⠀⠀⠀⠀⠀⠀⠀⠀⠹⠏
⠀⠀⠀⠀⠀⠀⠀⠀⠀⠀⠀⠀⠀⣰⣆
⠀⠀⠀⠀⠀⠀⠀⠀⠀⠀⠀⣠⠾⣫⣝⠷⣄
⠀⠀⠀⠀⠀⠀⣀⣠⡤⠖⣋⡵⠾⠿⠿⠷⢮⣙⠲⢤⣄⣀
⠀⠰⠶⠶⣿⣉⣉⠶⢾⣿⣿⣿⠀⢘⡋⣻⣶⣿⣿⡷⠶⣉⣉⣿⠶⠶⠆
⠀⠀⠀⠀⠀⠀⠉⠉⠓⠦⣍⡳⢶⣶⣿⡿⢟⣩⠴⠚⠋⠉
⠀⠀⠀⠀⠀⠀⠀⠀⠀⠀⠀⠙⢶⣝⣫⡶⠋
⠀⠀⠀⠀⠀⠀⠀⠀⠀⠀⠀⠀⠀⠹⠏
⠀⢀⠀⢀⣤⣤⣤⣴⡞⠛⠶⣻⡳⢄
⣠⢃⠰⣿⣿⣿⣿⣿⣷⣶⣿⣿⣋⡉
⠀⠀⠀⠁⠁⠙⢮⣙⣋⠉⠹⢥⠺
⠀⠀⠀⠀⠀⠀⠀⠀⡀⠀⠀⢀⣄⡯⠿⢽⣦⠾⣻⢧⡀
⠀⢀⡴⠊⠉⣵⣿⣿⣿⣿⣽⡏⣽⠉⠀⠉⣉⣜⡯⣯⢉⡿
⢀⡞⢇⣀⣹⣿⣿⣿⣿⣿⣿⣿⣿⣿⣿⣿⣿⣿⣿⢁⡉
⠛⠒⠋⠀⠰⣋⠭⠙⢿⣩⠭⢥⣽⣿⣿⠿⢿⡿⠒⣻⠟
⠀⠀⠀⠀⠀⠀⠀⠀⠀⠉⣟⣠⣑⣤⠄⠀⠈⠳⠦⠼⠃
⠀⠀⠀⠀⠀⠀⠀⠀⠀⠀⠀⠀⠀⠀⠀⡀⠒⣫⣽⣙⢒⣒⣾⢿⣳⡀
⠀⠀⠀⢀⣠⠤⠄⣢⣤⣶⢖⣦⡴⣢⣴⠿⣻⠆⠀⡼⠺⠏⢨⡿⠬⠿⠥⣄
⠀⠀⣴⠋⠀⡀⣼⣿⣿⣿⣿⣿⣗⢿⣧⡸⣇⡀⠀⣀⣠⣞⣥⠞⣹⡗⣸⠞
⠀⣰⠛⠀⢀⣹⣿⣿⣿⣿⣿⣿⣿⣿⣿⣻⣾⡿⣿⢿⡿⣿⣿⣿⢁⡈
⠾⣏⠠⠋⠉⢉⡵⠟⡛⠿⣿⣟⡛⠛⠛⢹⣿⣷⣿⣿⣿⣿⣟⣠⠤⣽⡆
⠀⠀⠀⠀⠀⠈⠓⠒⠋⠀⠘⠷⣞⣋⠉⢿⠛⠛⠛⠉⠉⣿⠋⠀⠰⣇
⠀⠀⠀⠀⠀⠀⠀⠀⠀⠀⠀⠀⠸⢧⣠⣌⣭⡶⠀⠀⠀⠈⠓⠳⠖⠛
⣠⢖⡿⠿⠛⠿⠗
⢿⣸⢧⣀⣸⣿⡏⣽⣲⢤⡴⣺⡍⣿
⠀⠈⠙⠛⠛⢻⡇⣿⠈⠓⠋⢹⡇⣿
⠀⣠⡴⢖⣻⡯⠭⠭⢽⣟⠲⠂
⣾⡏⢼⡏⠀⠀⠀⣶⣶⣶⠶⠶⢤⣀⠀⠀⠀⣀⡤⠶⢶⣤
⠈⠳⢮⣝⣲⡦⠤⠭⢽⣟⠁⣿⡶⢬⣙⠒⣋⡥⢶⣿⢸⣿
⠀⠀⠀⠀⠉⠉⠉⠉⠉⣿⡇⣿⡇⠀⠈⠉⠁⠀⢸⣿⢸⣿
⠀⠀⣀⣤⡶⠶⢛⣛⣛⣛⣛⡓⠶⢦⡄
⢠⣾⠏⣡⣶⠟⠋⠉⠉⠉⠉⠙⠛
⣿⣇⠀⣿⡇⠀⠀⠀⢘⣛⣛⣛⣛⠛⠛⠷⣦⣄⠀⠀⠀⢀⣤⡶⠟⠛⢻⣿
⠘⢿⣦⣈⠻⢶⣤⣀⣈⣉⣩⣽⠿⠀⣿⣶⣤⡙⠻⢶⠾⢛⣡⣴⣿⠀⢸⣿
⠀⠀⠈⠙⠛⠶⠶⠬⣭⡭⠴⢶⣶⠀⣿⣿⠈⠛⠷⣦⡶⠟⠉⢸⣿⠀⢸⣿
⠀⠀⠀⠀⠀⠀⠀⠀⠀⠀⠀⢸⣿⠀⣿⣿⠀⠀⠀⠀⠀⠀⠀⢸⣿⠀⢸⣿
⢀⣤⠖⡻⠭⠿⣲⠟
⣏⠀⢮⣹⣋⣿⠻⣶⣶⢒⡶⢲⡶⠖
⠈⠉⠉⠉⢡⡯⠴⠚⢥⡠⠞⠉
⠀⢀⣠⡴⠶⢚⣋⣭⣝⡲⢖⡾⠋
⣴⠋⠊⢠⠞⢭⡤⠤⢤⣽⣯⣀⣀⣀⣀⣀⣀⣀⣀⣀⣀⡀
⠻⢤⣀⣘⣒⣚⡥⠴⣻⠃⠈⠔⣫⠕⠂⠞⠋⣀⡤⠚⠉
⠀⠀⠀⠀⠀⠀⠀⢰⠧⠖⠒⠛⠳⢤⣠⠴⠋⠁
⠀⠀⠀⣀⣤⡴⠶⠚⢛⣛⣛⡒⠦⠶⣲⠞⠁
⢀⡴⠋⠕⠁⣠⠖⠋⠉⠀⠈⠙⣦⠞⠁
⣿⠀⠀⠀⢼⡁⢈⣹⠍⠉⣩⣿⠛⠻⢒⣶⠶⢒⠒⢒⣶⠶⠒⠲⢒⡲⠖⠂
⠈⠓⠶⠤⠤⠭⠭⠴⠒⠋⣱⠃⠀⠀⢋⣠⠞⠁⠀⠋⠁⣀⠴⠚⠉
⠀⠀⠀⠀⠀⠀⠀⠀⠀⠰⠯⠖⠒⠋⠉⠙⠲⢤⣠⠖⠋⠁
⠀⣠⣴⣶⣶⠿⠿⠿⠿⣶⣶⣤
⢸⣿⣿⣿⠀⠀⠠⠶⠶⢶⣿⣷⣶
⠀⠙⠻⠿⠿⣶⣶⣶⣶⠿⠿⠿⠿
⠀⠀⠀⣀⣤⣤⣶⣶⣶⣿⣿⣿⣷⣶⣶⣶⣤⣄⡀
⠀⣴⣿⣿⣿⣿⡿⠛⠉⠉⠉⠉⠉⠉⠛⠿⣿⡿⠛⠁
⢸⣿⣿⣿⣿⣿⠀⠀⠀⠀⢠⣾⣿⣿⣿⣿⣿⣿⣿⣿⠁
⠀⠻⣿⣿⣿⣿⣷⣤⣀⣀⣀⣀⣀⣀⣤⣿⣿⣿⣿⣿
⠀⠀⠀⠉⠛⠛⠿⠿⠿⣿⣿⣿⣿⠿⠿⠿⠟⠛⠻⠿
⠀⠀⠀⠀⠀⢀⣀⣤⣤⣶⣶⣶⣶⣶⣶⣶⣶⣶⣦⣤⣄⣀
⠀⠀⢀⣴⣾⣿⣿⣿⣿⣿⡿⠿⠿⠛⠛⠿⠿⢿⣿⣿⣿⣿⣿⣶⡄
⠀⣴⣿⣿⣿⣿⣿⡿⠋⠁⠀⠀⠀⠀⠀⣀⣀⣀⣀⣙⣻⣿⣛⣁⣀⣀
⠀⣿⣿⣿⣿⣿⣿⡇⠀⠀⠀⠀⠀⢀⣼⣿⣿⣿⣿⣿⣿⣿⣿⣿⣿⡇
⠀⠻⣿⣿⣿⣿⣿⣷⣄⡀⠀⠀⠀⠈⠀⠀⠀⠀⢀⣹⣿⣿⣿⣿⣿⡇
⠀⠀⠈⠻⢿⣿⣿⣿⣿⣿⣷⣶⣶⣤⣤⣶⣶⣾⣿⣿⣿⣿⣿⣿⣿⡇
⠀⠀⠀⠀⠀⠈⠉⠛⠛⠿⠿⠿⠿⠿⠿⠿⠿⠿⠿⠛⠛⠛⠛⠛⠛⠃
⡿⠛⠋⠉⣩⣤⣤⣤⣤⣍⣉⣉⣻⣿
⣿⣤⣄⣀⡙⠛⠒⠒⠒⣂⣀⣠⣤⣾
⣿⣿⣿⡿⠿⠛⠛⠉⠉⠉⣉⣉⠉⠉⠉⠛⠛⠿⢿⣿⣿⣿
⢯⠟⠁⠀⠀⠀⣴⣶⣿⠿⠿⠿⠿⠿⠶⠦⠤⠤⠤⠬⠿⡽
⣜⣦⡀⠀⠀⠀⠙⠿⣿⣶⣶⣶⣶⣶⠶⠂⠀⠀⠀⢀⣴⣣
⣿⣿⣿⣷⣦⣤⣄⣀⣀⣀⣀⣀⣀⣀⣀⣤⣤⣴⣾⣿⣿⣿
⣿⣿⣿⣿⣿⡿⠿⠟⠛⠛⠛⠉⠉⠉⠉⠉⠉⠛⠛⠛⠻⠿⢿⣿⣿⣿⣿⣿
⡿⣫⠗⠉⠁⠀⠀⠀⣀⣤⣶⣶⣾⣿⣿⣷⣶⣶⣤⣀⣀⣀⣀⣈⣉⣺⣝⢿
⢸⡇⠀⠀⠀⠀⠀⠸⣿⣿⣿⡏⠉⠉⠉⠉⠉⠉⠉⠉⠉⠉⠉⠉⠉⠉⢹⡇
⣷⣝⡦⣄⡀⠀⠀⠀⠈⠛⠻⠿⠿⠿⠿⠿⠿⠟⠋⠁⠀⠀⠀⠀⣀⢴⣫⣾
⣿⣿⣿⣿⣿⣷⣶⣦⣤⣤⣄⣀⣀⣀⣀⣀⣠⣤⣤⣤⣴⣶⣾⣿⣿⣿⣿⣿
⠀⢀⣭⡿⠟⠋⠉⠉⢿⣿⣿⣶⣤⣤
⠠⠞⣷⣫⣛⣽⣯⣝⣽⣝⣫⣫⠟⠁
⠀⠀⠈⢉⣛⣿⠿⠿⠯⠉⠉⠉⠩⠭⣭⣽⣓⣶⣦⣤⣄⡀
⠀⠀⣰⡿⣛⣋⣩⣥⣤⣤⣤⢤⡤⡼⡿⣿⣿⢿⣿⢷⡾⠋
⠠⠚⠋⢽⣏⣱⣂⣡⣊⣣⣦⣞⣐⣜⣴⣂⣱⣃⡢⠞
⠀⠀⠀⠉⠙⠛⢻⣿⣿⣿⣟⡛⠛⠛⠛⣛⣛⣛⣛⣛⣒⠲⣶⣄⣀⣀
⠀⠀⠀⣠⣶⣿⡯⠥⠔⠒⠀⠀⠀⠀⠀⠀⠀⢶⣾⣿⣿⣿⣿⣯⣭⣭⣿⡇
⠀⢀⣤⣾⣫⣥⡶⢒⠶⡿⢚⣻⠗⡻⢛⠖⡛⣛⠟⠻⣻⢛⡷⡛⢛⡿⠉
⠀⠛⠉⠁⠴⣯⢬⢽⡥⡥⣯⢬⠼⡡⢟⠤⡥⡩⠼⡡⡡⢮⢌⠵⠏
⠲⢴⣶⡖⣉⣍⣻⣟⣉⣩⣴⣶⡦⠖
⠀⠀⢧⣾⣏⣉⣷⣾⣿⣟⣿⡿
⠀⠀⠀⠈⠻⣿⣿⣿⣿⠟⠁
⣤⣤⣤⣤⢤⠴⠒⠛⣉⠙⣿⣿⠋⠉⢛⡒⠶⣤⣤⣤⣤⣤
⠀⠙⠳⣮⠟⢋⣴⣾⣿⣶⠿⠿⣶⣻⣶⣿⣿⣿⣿⠟⠋
⠀⠀⠀⢹⡤⣿⣿⡍⠀⣒⣶⣶⣾⣿⣿⡟⣿⣿⡏
⠀⠀⠀⠀⠉⠻⢿⡿⣍⣿⣿⣿⣿⣩⣿⡿⠛⠉
⠀⠀⠀⠀⠀⠀⠀⠻⢿⣗⣒⣶⣾⡿⠟
⣀⣀⣀⣀⣀⣤⠤⠴⠒⠚⢋⠉⢻⣿⣿⡟⠉⠙⠓⠒⠦⠤⣤⣀⣀⣀⣀⣀
⠈⠛⠷⣤⣐⣶⠿⠒⣤⡴⡿⢤⣼⣿⣿⣧⣤⢶⢬⣽⣷⣿⣷⣶⣾⠿⠛⠁
⠀⠀⠀⠀⣿⠁⣠⣿⡿⠟⠋⢉⣉⣀⣀⣉⣿⣿⣿⣾⣿⣿⣿⣿
⠀⠀⠀⠀⠘⢧⣝⣿⣿⣦⡤⢤⡦⠿⠿⢾⡿⢿⣿⣥⣼⣿⡿⠃
⠀⠀⠀⠀⠀⠀⠈⠙⢻⣝⣷⣼⠻⠿⠿⠟⣧⣾⣿⡟⠋⠁
⠀⠀⠀⠀⠀⠀⠀⠀⠀⠙⠮⣿⣛⣛⣿⣿⡿⠿⠋
⣴⣶⡿⠛⠛⢻⣿⣿⣧⣤⣤⣤⣤⣤
⠙⠛⠿⠶⠶⠾⠟⠟⣿⣿⣿⣄⠈⠉
⠀⣠⣴⣶⣿⣿⠿⠿⠿⣿⣶⣿⣿⡇
⣾⣿⣿⡟⠁⠀⠀⠀⢰⣶⣾⣿⣿⣷⣶⣶⣶⣶⣶⣶⣶⣶
⠙⢿⣿⣿⣦⣤⣄⣀⣈⣭⣿⣿⣿⣿⣿⣿⣿⡇⠀⠈⠉⠉
⠀⠀⠈⠉⠉⠛⠛⠛⠛⠉⠉⠉⠉⣷⣿⣿⣿⣷⡆
⠀⠀⣠⣤⣶⣾⣿⣿⣿⣿⣿⣿⣷⣶⣿⣿⣿
⣴⣿⣿⣿⡿⠛⠉⠁⠀⠀⠀⣤⣭⣽⣿⣿⣿⣤⣤⣤⣤⣤⣤⣤⣤⣤⣤⣤
⢿⣿⣿⣿⣧⡀⠀⠀⠀⠀⠀⣿⣿⣿⣻⣿⣿⡟⣿⣿⣿⣿⠟⠛⠛⢿⣿⣿
⠀⠙⠿⢿⣿⣿⣿⣶⣶⣶⣶⣶⣶⣿⣿⣿⣿⡇⣿⣿⣿⣿
⠀⠀⠀⠀⠀⠉⠉⠉⠉⠉⠉⠉⠁⠀⠀⠀⢸⣿⣿⣿⣿⣿⣿⡇
⠀⣴⡾⠟⣳⣶⣶⣖⣶⣦⢀
⠺⣿⣦⢴⡶⢿⣟⣿⣿⣿⣿⣷⣶⣄
⠀⠉⠛⠶⠤⢤⣿⣭⠍⠀⠛⠛⠛⠁
⠀⢀⡲⣶⣫⡭⠗⢦⣤⣤⣤⡤⣖⣦⣄⡀
⠀⣰⣿⠞⠁⠁⠲⠙⣯⣟⣛⣿⣶⣗⣿⣍⣒⣦
⠙⣿⣿⡖⣠⠴⣲⠟⠿⣽⢟⣻⣛⣿⢾⣟⣻⣯⣿⣶⢢⡀
⠀⠸⢿⣽⣧⡀⠁⠀⠀⢹⡖⠖⠛⠛⠛⠛⣓⢶⣮⣭⡶⠚
⠀⠀⠀⠈⠙⠻⠽⠶⠶⠶⠿⣲⠒⠒⠈⠉⠉⠉⠁
⠀⠀⠀⢦⣲⣚⣉⣭⡳⢤⣤⣤⣤⣄⣠⣔⣂⡤⣄
⠀⢀⣽⣯⡽⠋⠙⠀⣄⠺⣟⣿⠿⢿⣶⣤⣛⠭⣿⡻⠤⠤⣀
⠤⣞⣛⣯⣀⠀⠀⣀⣠⣴⢞⡿⣻⣶⣿⣿⡿⣿⣻⣿⣿⣶⠯⣤⣄⣀
⠀⠸⣿⣿⣮⡗⠋⠡⠞⠁⠈⠰⣗⣓⡞⣣⣽⣽⣼⣾⣶⡿⠿⠯⠽⠧⠓⣦
⠀⠀⠋⠲⣾⣷⣄⣀⡀⠀⠀⠀⠻⡍⠉⠁⠉⠉⠁⠈⣉⣍⣙⣿⣟⠽⠋⠁
⠀⠀⠀⠀⠀⠈⠉⠯⠚⠓⠶⠶⠾⠿⣰⡟⠋⠉⠉⠉
⠟⠛⠉⠉⣀⣤⠤⠤⠤⠀⠉⠉⠙⠻
⣦⣤⣀⣀⠉⠑⠒⠒⠒⠀⣀⣀⣤⣴
⣿⣿⠿⠛⠋⠉⠉⠁⠀⠀⠀⠀⠀⠀⠈⠉⠉⠙⠛⠿⣿⣿
⠋⠔⠀⠀⠀⠀⣠⣶⣾⠿⠿⠿⠿⠷⠶⠤⠤⠤⠤⠤⢦⠙
⣄⠢⡀⠀⠀⠀⠙⠻⠿⣤⣤⣤⣤⠤⠔⠀⠀⠀⠀⠀⠔⣠
⣿⣿⣶⣤⣄⣀⣀⡀⠀⠀⠀⠀⠀⠀⢀⣀⣀⣠⣤⣶⣿⣿
⣿⣿⣿⡿⠿⠛⠋⠉⠉⠁⠀⠀⠀⠀⠀⠀⠀⠀⠈⠉⠉⠙⠛⠿⢿⣿⣿⣿
⡿⢋⠅⠂⠁⠀⠀⠀⢀⣠⣤⣶⣶⣶⣶⣶⣶⣤⣄⣀⣀⣀⣀⣈⣐⣨⡙⢿
⠀⣇⠀⠀⠀⠀⠀⠀⣿⣿⣿⡏⠉⠉⠉⠉⠉⠉⠉⠉⠉⠉⠉⠉⠉⠉⣹
⣷⣌⡒⠄⡀⠀⠀⠀⠈⠙⠛⠻⠿⠿⠿⠿⠟⠛⠋⠀⠀⠀⠀⢀⠠⢐⣡⣾
⣿⣿⣿⣷⣶⣤⣄⣀⣀⡀⠀⠀⠀⠀⠀⠀⠀⠀⢀⣀⣀⣠⣤⣶⣾⣿⣿⣿
⠀⣿⠋⠙⠛⣸⠏⠉⠛⢰⡟⠀⣾⠃
⣸⣇⣠⡿⢠⣏⣀⣤⢀⣾⣀⣼⡏
⠀⣸⣿⠋⠉⠙⠛⠋⣼⡿⠋⠉⠙⠛⢃⣿⡟⠁⢀⣾⡿⠁
⣰⣿⣇⣀⣼⣿⠃⣼⣿⣁⣀⣤⡤⢀⣾⣿⣀⣠⣾⡟⠁
⠀⠀⣿⣿⡟⠛⠛⠿⢿⡟⢨⣿⣿⠛⠛⠛⠿⣿⠃⣼⣿⡟⠀⠀⣰⣿⡿⠁
⠀⣼⣿⠟⠀⠠⣤⣤⡄⠠⣿⣿⠃⠀⠀⠀⠀⠀⢸⣿⡟⠀⠀⣰⣿⡿⠁
⣬⣭⣭⣤⣤⣴⣿⡿⢠⣭⣭⣥⣤⣤⣶⣶⠆⢠⣭⣭⣤⣤⣴⣿⡿⠁
⣶⣿⡟⢛⣛⣛⣛⣛⣀⣀⣀⣀⡀
⢿⣿⣇⣈⣉⣩⣿⣿⣉⣉⣉⣹⣿⡷
⠀⠈⠉⠉⠉⠉⣿⣿⣥⣤⣤⣼⣿⠟
⣠⣶⣿⣿⠿⠿⠿⠿⠿⠿⠿⠿⠿
⣿⣿⣿⡇⠀⢰⣶⣶⣶⣶⣶⣶⣶⣶⣶⣶⣶⣶⣦⣦⣄⡀
⣿⣿⣿⣇⣀⣈⣉⣉⣉⣿⣿⣿⣿⣉⣉⣉⣉⣉⣹⣿⣿⡿
⠀⠙⠛⠛⠛⠛⠛⠛⠛⣿⣿⣿⣿⠛⠛⠛⠛⠛⢻⣿⣿⣦
⠀⠀⠀⠀⠀⠀⠀⠀⠀⣿⣿⣿⣿⣶⣶⣶⣶⣶⣿⣿⠿⠋
⣀⣤⣾⣿⣿⣿⣿⣿⣿⣿⣿⣿⣿⣿⣿⣿⡇
⣿⣿⣿⣿⡇⠀⠀⣀⣀⣀⣀⣀⣀⣀⣀⣀⣀⣀⣀⣀⣀⣀⣀⣀⣀⣀
⣿⣿⣿⣿⡇⠀⠀⠿⠿⠿⠿⢿⣿⣿⣿⣿⡿⠿⠿⠿⠿⠿⠿⢿⣿⣿⣷⣦
⠻⢿⣿⣿⣷⣶⣶⣶⣶⣶⣶⣾⣿⣿⣿⣿⣷⣶⣶⣶⣶⣶⣶⣾⣿⣿⡿⠛
⠀⠀⠈⠉⠉⠉⠉⠉⠉⠉⠉⢹⣿⣿⣿⣿⡏⠉⠉⠉⠉⠉⠉⢹⣿⣿⣿⣷
⠀⠀⠀⠀⠀⠀⠀⠀⠀⠀⠀⢸⣿⣿⣿⣿⣿⣿⣿⣿⣿⣿⣿⣿⣿⡿⠛⠉
⢴⣿⣧⣶⣀⣀⠀⢀⣀⣀⣶⣼⣿⡦
⠀⠀⠀⠈⡇⢙⡒⣛⠀⣿⢹⡃
⠀⠀⣀⣼⠷⠛⠣⠝⠒⠯⣼⣁
⣠⣼⠳⣧⣀⣤⠀⠀⠀⠀⠀⠀⠀⠀⠀⠀⣤⣀⣼⠞⣧⣄
⠙⠺⠿⠿⠞⠿⣶⠤⢤⡄⠀⢠⡤⠤⣤⣶⡿⠳⠿⠿⠗⠋
⠀⠀⠀⠀⠀⠀⣿⠀⢘⣛⣉⣛⡃⠀⣿⡏⠉⡏⠁
⠀⠀⠀⠀⠀⣠⣿⣤⣼⣿⠀⢹⣧⣤⣿⠇⢀⡇
⠀⠀⠀⣠⣴⡮⠵⠒⠈⠈⠙⠒⠒⠒⠒⠶⢽⣦⣄
⢀⣤⠿⢶⣦⡀⣀⣀⠀⠀⠀⠀⠀⠀⠀⠀⠀⠀⠀⠀⣀⣀⢀⣴⡶⠿⣤⡀
⠻⢬⣷⣶⣭⣭⣿⣿⣄⣀⣀⣀⠀⠀⠀⣀⣀⣀⣀⣠⣿⣿⣭⣭⣶⣾⡥⠟
⠀⠀⠀⠀⠀⠀⠀⠙⣷⠀⠀⣿⣒⣒⣲⣿⠀⠀⣿⡟⠛⢲⡶⠂
⠀⠀⠀⠀⠀⠀⠀⠀⣿⠀⠀⣤⡄⠀⢤⣤⠀⠀⣿⡇⠀⢸⡇
⠀⠀⠀⠀⠀⠀⠠⣾⡯⠶⠶⣿⣇⠀⠸⠿⠶⠶⠿⠃⢀⣸⠇
⠀⠀⠀⢀⣠⣴⡯⠥⠖⠋⠉⠀⠈⠉⠉⠉⠉⠉⠛⠻⠭⢽⣦⣄⡀
⣿⣿⣿⠛⠛⢛⣿⣿⡛⠛⠛⣿⣿⣿
⣿⣿⣿⡇⠀⠸⠿⠿⠇⠀⢸⣿⣿⣿
⢻⣿⣿⡇⠀⢰⣶⣶⡆⠀⢸⣿⣿⡟
⠀⠹⢿⣦⣤⣤⣿⣿⣤⣤⣴⡿⠏
⠀⠀⠀⠉⠛⠿⢿⡿⠿⠛⠉
⣿⣿⣿⣿⣿⠿⠿⠿⠿⢿⣿⣿⡿⠿⠿⠿⠿⣿⣿⣿⣿⣿
⣿⣿⣿⣿⣿⣦⠀⠀⢰⣿⣿⣿⣿⡆⠀⠀⣴⣿⣿⣿⣿⣿
⣿⣿⣿⣿⣿⣿⠀⠀⠘⠛⠛⠛⠛⠃⠀⠀⣿⣿⣿⣿⣿⣿
⢹⣿⣿⣿⣿⣿⠀⠀⢸⣿⣿⣿⣿⡇⠀⠀⣿⣿⣿⣿⣿⡏
⠀⠙⣿⣿⣿⣁⣀⣀⣈⣻⣿⣿⣟⣁⣀⣀⣈⣿⣿⣿⠏
⠀⠀⠀⠙⠿⣿⣿⣿⣿⣿⣿⣿⣿⣿⣿⣿⣿⠿⠋
⠀⠀⠀⠀⠀⠀⠉⠙⠻⠿⣿⣿⠿⠟⠋⠉
⣿⣿⣿⣿⣿⣿⣿⣿⣿⣿⣿⣿⣿⣿⣿⣿⣿⣿⣿⣿⣿⣿⣿⣿⣿⣿⣿⣿
⣿⣿⣿⣿⣿⣿⣇⡀⠀⠀⢀⣴⣿⣿⣿⣿⣦⡀⠀⠀⢀⣸⣿⣿⣿⣿⣿⣿
⣿⣿⣿⣿⣿⣿⣿⡇⠀⠀⢸⣿⣿⣿⣿⣿⣿⡇⠀⠀⢸⣿⣿⣿⣿⣿⣿⣿
⣿⣿⣿⣿⣿⣿⣿⡇⠀⠀⠀⠀⠀⠀⠀⠀⠀⠀⠀⠀⢸⣿⣿⣿⣿⣿⣿⣿
⠹⣿⣿⣿⣿⣿⣿⡇⠀⠀⢸⣿⣿⣿⣿⣿⣿⡇⠀⠀⢸⣿⣿⣿⣿⣿⣿⠏
⠀⠹⣿⣿⣿⣿⡏⠁⠀⠀⠘⠻⣿⣿⣿⣿⠟⠃⠀⠀⠈⢹⣿⣿⣿⣿⠏
⠀⠀⠈⠻⢿⣿⣿⣿⣿⣿⣿⣿⣿⣿⣿⣿⣿⣿⣿⣿⣿⣿⣿⡿⠟⠁
⠀⠀⠀⠀⠀⠉⠛⠿⣿⣿⣿⣿⣿⣿⣿⣿⣿⣿⣿⣿⠿⠛⠉
⠀⠀⠀⠀⠀⠀⠀⠀⠀⠉⠙⠻⠿⣿⣿⠿⠟⠛⠉
⠀⢲⡶⣶⣶⣿⠀⠀⣿⣶⣶⢶⡖
⠀⢸⡂⣗⣿⣿⠿⠿⣿⣿⣺⢐⡇
⠀⡬⠶⠷⠿⠿⠀⠀⠿⠿⠿⠶⢥
⠀⠠⢤⣶⣶⣶⣶⣶⣿⡇⠀⠀⢸⣿⣶⣶⣶⣶⣶⡤⠄
⠀⠀⢲⣯⢸⢩⣿⣿⣿⣷⣶⣶⣾⣿⣿⣿⡍⡇⣽⡖
⠀⠀⢩⡗⢸⣒⣿⣿⣿⡟⠛⠛⢻⣿⣿⣿⣒⡇⢺⡭
⠀⢠⠴⠿⠾⠿⠿⠿⠟⠃⠀⠀⠘⠻⠿⠿⠿⠷⠿⠦⡄
⠀⠀⣠⡤⣤⣤⣤⣶⣶⣶⢲⣶⠀⠀⠀⠀⣶⡖⣶⣶⣶⣤⣤⣤⢤⣄
⠀⠀⠈⣙⡮⢻⡿⣿⣿⣿⢸⣿⠀⠀⠀⠀⣿⡇⣿⣿⣿⢿⡟⢵⣋⠁
⠀⠀⠈⣙⡦⢸⡇⢴⣿⣿⣾⣿⣿⣿⣿⣿⣿⣷⣿⣿⡦⢸⡇⢴⣋⠁
⠀⠀⠈⣙⡦⢸⡇⠶⣿⣿⢻⣿⠿⠿⠿⠿⣿⡟⣿⣿⠶⢸⡇⢴⣋⠁
⠀⠀⠈⢙⡦⣸⣷⣾⣿⣿⢸⣿⠀⠀⠀⠀⣿⡇⣿⣿⣷⣾⣇⢴⡋⠁
⠀⠠⠶⠯⠾⠿⠛⠛⠛⠛⠛⠋⠀⠀⠀⠀⠙⠛⠛⠛⠛⠛⠿⠷⠽⠶⠄
⠀⠈⡿⣽⡽⣽⢻⡷⣶⡶⡄⡤⣠⣤
⠐⠚⠓⠓⠷⠧⠿⠟⠹⣿⣷⣷⡷⠃
⠀⠀⠐⢲⡏⣻⠏⣽⢩⡿⢹⣯⣤⣤⡤⣄
⠀⢀⣠⡾⣱⣏⣹⣋⣿⢁⣾⢧⣶⣾⡇⣸⠏⣽⢉⡿⣩⠏
⠈⠉⠉⠉⠉⠁⠴⠛⠛⠚⠓⠚⠁⠸⢇⣻⣼⣧⣞⠵⠋
⠀⠀⠀⠒⢶⣖⢒⣾⠛⣻⠋⣩⡍⣩⣿⣀⣀⣀⣀⣀
⠀⠀⠀⠀⣸⠇⣼⠟⣒⡒⢲⡟⠀⣴⣖⣚⣛⣳⠆⠙⣓⠒⣶⠒⣒⡒⢲⡖
⢀⣠⣴⣾⡭⠬⠭⠤⠿⢤⣭⠅⣸⡟⢩⡿⠓⣲⡇⣸⡏⣸⡟⢰⡿⢠⡟⠁
⠀⠀⠀⠀⠀⠀⠀⠒⠚⠛⠓⠒⠛⠛⠉⠁⠀⠻⢦⣛⣓⣒⣒⣫⠵⠛⠁
⠀⠠⠶⢿⡿⠿⡯⣝⠷⠦⡀
⠀⠀⠀⠀⠙⠛⠶⠤⠿⠦⠜⠁
⠗⠛⠺⠝⠺⠛⡻⠗⡹⠃⠟⠇⠞⠳
⠀⠀⠀⣠⣶⣾⣿⣿⣭⣭⣉⠉⠒⠶⢤⡀
⠀⠀⠈⠉⠉⠛⣯⣁⠀⠛⠋⠓⢦⡉⠁⠉⠂⡄
⠀⠀⠀⠀⠀⠀⠈⠉⠙⠻⠦⢄⡼⠿⠧⣄⡺⠁
⣤⣀⣤⣠⠤⢤⡄⣤⣤⠄⣤⣤⠠⢤⡤⢠⣤⣤⠀⢠⣤⡀
⠋⠀⠋⠈⠛⠛⠁⠛⣀⢀⠛⢋⢁⡘⠁⠈⠋⠙⠀⠋⠉⠛
⠀⠀⠀⠀⢠⣴⣶⡾⣿⣿⣭⣭⡉⠉⠙⠓⠶⢤⣄⡀
⠀⠀⠀⠚⠛⠛⠻⣿⣛⠁⠀⠸⠯⠝⠦⢄⡙⠒⠀⠙⠠⢄
⠀⠀⠀⠀⠀⠀⠀⠈⠻⠷⠶⣦⣤⡀⠀⢐⣿⣦⡄⠀⡨⡼⠃
⠀⠀⠀⠀⠀⠀⠀⠀⠀⠀⠀⠀⠙⠉⠓⠚⠉⠉⠉⠓⠖⠁
⣿⡤⢼⡇⣴⡞⠛⣲⡄⣿⡿⡟⠰⠿⣿⡂⠛⣿⡟⠃⣿⣿⣷⠀⢠⣞⣷⡀
⠉⠀⠈⠁⠈⠉⠉⠉⠀⠉⢠⠀⣌⢉⢉⡁⣀⠉⠁⠀⠉⠀⠉⠀⠉⠀⠈⠉
⡄⣤⣤⣤⠶⢶⠶⠶⡶⢶⣤⣤⣤⢠
⠃⣿⡟⢉⡄⠀⠒⠒⠀⣠⣭⣿⣿⠘
⠈⠘⢷⣦⣁⣀⣛⣛⣀⣈⣼⡿⠃⠁
⠀⠀⠀⠉⠛⠿⠿⠿⠿⠛⠉
⡤⢀⣀⣀⣀⣀⣀⣀⣤⣤⣽⣯⣤⣤⣀⣀⣀⣀⣀⣀⡀⢤
⡇⣿⣿⣿⣿⣿⡟⠉⠙⠛⠛⠛⠛⠋⠉⢻⣿⣿⣿⣿⣿⢸
⢧⢸⣿⣿⠋⠁⣠⡄⠀⠸⠿⠿⠇⠀⢠⣄⣬⣿⣿⣿⡇⡼
⠘⡌⣿⣿⡀⠀⠻⠇⠀⢠⣤⣤⡄⠀⠸⠟⠿⣿⣿⣿⢡⠃
⠀⠘⢌⠻⣿⣶⡆⠀⢀⣈⣉⣉⣁⡀⠀⣰⣾⣿⠟⡡⠃
⠀⠀⠀⠑⠬⡻⢿⣿⣿⣿⣿⣿⣿⣿⣿⡿⢟⠥⠊
⠀⠀⠀⠀⠀⠀⠁⠊⠩⠛⡛⢛⠛⠍⠑⠈
⣀⣀⣀⣀⡀⠀⠠⠤⠤⢄⣐⣒⣢⣭⣭⣔⣒⣂⡠⠤⠤⠄⠀⢀⣀⣀⣀⣀
⡇⢰⣶⣾⣿⣿⣿⣿⠿⠿⠻⣿⣿⣿⣿⣿⣿⠟⠿⢿⣿⣿⣿⣿⣷⣶⡆⢸
⣧⢸⣿⣿⣿⣿⡿⠛⠀⠀⠀⢀⣀⣠⣄⣀⠀⠀⠀⠘⠛⢿⣿⣿⣿⣿⡇⣼
⢹⠘⣿⣿⣿⠁⠀⢠⣶⡆⠀⠀⠻⠛⠛⠟⠀⠀⢰⣦⣴⣶⣿⣿⣿⣿⠃⡏
⠈⣇⢹⣿⣿⡀⠀⠘⢿⠇⠀⠀⣤⣤⣤⣤⠀⠀⠸⠿⠿⠿⣿⣿⣿⡏⣸⠁
⠀⠈⢦⠻⣿⣿⣶⣤⡀⠀⠀⠈⠛⠛⠛⠛⠀⠀⠀⢀⣤⣶⣿⣿⠟⡴⠁
⠀⠀⠀⠑⢌⠻⣿⣿⣶⣦⣴⣿⣿⣶⣾⣿⣿⣦⣴⣶⣿⣿⠟⡡⠊
⠀⠀⠀⠀⠀⠙⠢⢝⡻⢿⣿⣿⣿⣿⣿⣿⣿⣿⡿⢟⡫⠔⠋
⠀⠀⠀⠀⠀⠀⠀⠀⠈⠑⠒⠭⢝⣛⣛⡫⠭⠒⠊⠁
⠀⠀⢠⠖⡛⢦⣀⣀⡴⢛⠲⡄
⢀⣴⣿⡤⢟⡛⠏⠹⢛⡻⢤⣿⣦⡀
⢸⣯⠁⠠⣄⠉⢀⡀⠉⣠⠄⠈⣽⡇
⠀⠙⠓⠶⡖⠓⠾⠷⠚⢲⠶⠚⠋
⠀⠀⠀⠀⢀⡴⠞⢷⣦⡀⠀⠀⢀⣴⡾⠳⢦⡀
⠀⠀⠀⣰⣏⠀⢶⣇⣹⣿⡶⢶⣾⣯⣸⡶⠀⢹⣆
⠀⣠⣾⣿⣿⠶⠟⣫⣀⠈⠇⠸⠉⣀⣝⠻⠶⣿⣿⣷⣄
⢸⣿⣟⡭⠀⢀⣀⠈⠉⠉⠀⠀⠉⠉⠁⣀⡀⠀⢭⣻⣿⡇
⠈⠻⣿⣴⡀⡨⠉⣓⣄⠈⢻⡟⠁⣠⣚⠉⢅⢀⣦⣿⠟⠁
⠀⠀⠈⠉⠙⠻⢿⠉⠈⠛⠒⠒⠛⠁⠉⡿⠟⠋⠉⠁
⠀⠀⠀⠀⠀⠀⣀⣴⠾⣷⣤⡀⠀⠀⠀⠀⢀⣤⣾⠷⣦⣀
⠀⠀⠀⠀⢀⣾⠏⢀⣠⠎⢻⣿⣤⣤⣤⣤⣿⡟⠡⣄⡀⠙⣷⡀
⠀⠀⠀⣤⣿⣷⡄⢩⣿⣶⠾⠿⣿⡟⢻⣿⠿⠷⣶⣿⡍⢀⣾⣿⣤
⠀⣠⣼⣿⣿⣿⠿⠿⠛⣥⢄⡀⠘⠇⠰⠃⢀⡠⣬⠛⠿⠿⣿⣿⣿⣯⣄
⢰⣿⣿⠟⣛⡁⠀⠀⠀⠈⠉⠉⠉⠀⠀⠉⠉⠉⠁⠀⠀⠀⠈⣛⡻⣿⣿⡆
⠘⣿⣿⡟⣡⠀⠀⠛⠷⣦⡀⠀⠴⣶⣶⠦⠀⢀⣴⠾⠛⠀⠀⣌⢻⣿⣿⠃
⠀⠀⠛⢿⣿⣦⣴⣇⣤⡤⢷⣤⡤⠼⠧⢤⣤⡾⢤⣤⣘⣦⣴⣿⡿⠟
⠀⠀⠀⠀⠀⠈⠙⠿⢿⠀⠀⠈⠉⠛⠛⠉⠁⠀⠀⡽⠿⠋⠁
⢏⢻⣿⡟⡽⠀⢯⢻⣿⡟⡹
⠀⢸⣿⡏⣦⣤⣴⢹⣿⡇⣦⣤⣤⢰
⠀⠙⠛⠻⣸⣿⣧⣿⣯⣵⣼⣿⡇⠁
⠀⠀⠀⣞⣼⣿⣧⣱⠀⣞⣼⣿⣧⢱
⣏⡿⢿⣿⣿⡿⣏⡇⠀⢸⣉⠿⣿⣿⣿⢿⣹⡇
⠀⣿⢸⣿⣿⡇⣇⣀⣀⣀⣸⠇⣿⣿⣿⢸⣀⣀⣀⣀⣀⣀
⠀⢿⣸⢿⣿⣧⡟⣿⣿⣿⠛⣥⣿⡿⠿⣘⢻⣿⣿⡟⣫⠼
⠀⠀⠀⠉⠉⠉⡇⣿⣿⣿⠟⡿⠿⠿⠿⣿⢻⣿⣿⡇⣿
⠀⠀⠀⠀⠀⣏⣷⣿⣿⣿⣶⣏⡇⠀⢸⣹⣾⣿⣿⣷⣾⣹
⡏⢩⣭⣭⣭⣭⣭⣭⡍⣿⠀⠀⣿⢩⣭⣭⣭⣭⣭⣭⡍⢹
⠉⢲⡆⣿⣿⣿⣿⢰⡖⠋⠀⠀⠙⢲⡆⣿⣿⣿⣿⢰⡖⠋
⠀⢸⡇⣿⣿⣿⣿⢘⣓⣒⣒⣒⣒⣚⡃⣿⣿⣿⣿⢘⣓⣒⣒⣒⣒⣒⡒⢶
⠀⢸⣇⠿⣿⣿⣿⣬⡍⣿⣿⣿⣿⢉⣥⣿⣿⣿⠿⣈⡉⣿⣿⣿⣿⢉⡥⠼
⠀⠀⠈⠉⠒⠛⠛⢻⡅⣿⣿⣿⣿⣶⣿⣿⣿⣶⣶⣿⣶⣿⣿⣿⣿⢸⡇
⠀⠀⠀⠀⠀⠀⣠⠼⠇⣿⣿⣿⣿⠰⠆⣀⠒⠒⣂⠰⠆⣿⣿⣿⣿⠸⠧⣀
⠀⠀⠀⠀⠀⠀⣿⣘⣛⣛⣛⣛⣛⣛⣃⣿⠀⠀⣿⣐⣛⣛⣛⣛⣛⣛⣃⣸
⠀⠀⠀⠀⢀⣀⣠⣶⣿⣿⣿⣿⣶⡄
⠀⠀⢸⣿⣿⣿⣿⣿⣿⣷⣿⣿⠟⠉
⣠⠶⠫⠟⠋⠱⠚⠋⠙⠛⠁
⠀⠀⠀⠀⠀⠀⠀⠀⠀⠀⢀⣤⣶⣶⣿⣿⣿⣿⣶⣶⣄
⠀⠀⠀⢀⣀⣠⣤⣤⣶⣾⣿⣿⣿⣿⣟⠿⣿⣿⣿⣿⣿⣆
⠀⠒⠒⠁⣾⣿⣿⣿⣿⣿⣿⣿⣿⣿⣿⣿⣿⣿⣿⡿⠃⠈
⠀⠀⣠⣴⠿⢿⣿⠿⢛⣛⣻⣿⠿⢛⣻⣿⠟⠋⠉
⣤⡾⠟⠁⠺⠋⠁⠀⠙⠉⠉⠁⠀⠈⠉⠉
⠀⠀⠀⠀⠀⠀⠀⠀⠀⠀⠀⠀⠀⢀⣠⣴⣶⣶⣿⣿⣿⣿⣷⣶⣶⣄⡀
⠀⠀⠀⠀⠀⠀⠀⠀⣀⣀⣠⣤⣶⣿⣿⣿⣿⣿⣿⣿⣿⣿⣿⣿⣿⣿⣧⡀
⠀⢀⣀⡠⠖⣺⣿⣿⣿⣿⣿⣿⣿⣿⣿⣿⣿⣿⣷⣦⣿⣿⣿⣿⣿⣿⡛⠷
⠀⠀⠀⠀⢀⣿⣿⣿⣿⣿⣿⣿⣿⣿⣿⣿⣿⣿⣿⣿⣿⣿⣿⡿⠟⠃
⠀⠀⢠⣶⡿⠟⣛⣿⡿⠛⢉⣭⣬⣽⣿⠟⠉⣩⣽⣿⡟⠁
⢴⣶⠿⠋⠀⠛⠋⠁⠀⠀⠈⠉⠉⠉⠀⠀⠀⠈
⠀⠀⣀⡶⡖⡺⡿⣻⣿⣿⣶⣦⣤⡤
⣀⠞⣣⣶⡶⣾⢿⣿⣿⣿⣿⣿⣿⡄
⠓⢼⡥⢾⡗⢲⣶⣾⣿⣿⣿⣿⡿⠃
⠀⠀⠀⠲⢾⣿⣿⡿⠛⠛⠋⠁
⠀⠀⠀⠀⢀⣤⣤⡴⢲⠶⣻⡿⣭⣿⣗⡲⢦⣤⣀⣀⣀⡀
⠀⠀⣠⣴⢊⠅⠓⠐⣂⣺⣡⣴⣷⡶⣶⣿⣿⣶⣶⣿⠟⠁
⢀⡼⠋⢡⣴⣾⡻⠿⠿⠽⢿⣿⣏⡿⣿⣿⣿⣿⣿⣿⣧
⠻⣌⣿⣉⣀⣯⡿⠤⢴⣶⣶⣶⣿⣿⣿⣿⣿⣿⡟⣽⠿⠃
⠀⠀⠙⠻⠉⠑⠛⣤⣶⣿⣿⣿⣿⣿⣿⣿⣿⡵⠟⠉
⠀⠀⠀⠀⠀⠙⠿⢿⣿⣷⣿⠿⠉⠉⠉⠁
⠀⠀⠀⠀⠀⠀⣠⣤⣤⣤⠶⣶⣖⣻⡿⢛⣻⣿⣒⠲⠦⣤⣀⣀⣀
⠀⠀⠀⣀⣤⠴⢛⡨⠯⠠⠬⠡⢿⢉⣡⣶⣽⣯⣭⣿⣿⣯⣭⣭⣭⣽⠟⠃
⠀⢀⣴⠟⠛⣈⣥⣶⣶⣶⣾⣿⣿⣿⣿⣿⣿⣿⣿⣿⣿⣿⣿⣿⣿⣷⡀
⢰⠏⢤⣤⠼⠛⢻⣿⡏⠉⠉⢉⣉⡙⠛⣻⣿⣽⣿⣿⣿⣿⣿⣿⡿⣿⣿
⠈⠓⢶⣷⣦⣴⣶⡻⡟⠋⠛⣿⣿⣿⣿⣿⣿⢿⣿⣿⣿⣿⡿⣫⣾⠟⠉
⠀⠀⠀⠉⠙⠂⣀⣉⣉⣴⣿⣿⣿⣿⣿⣿⣿⣿⣿⣿⡿⠷⠟⠋⠁
⠀⠀⠀⠀⠀⠀⠈⠙⠿⢿⣿⣛⣿⡽⠿⠍⠁
⠀⢻⡝⣻⣿⣿⣿⣿⣿⣿⣟⢫⡟
⢰⣏⠘⣿⢽⡟⢯⡽⢻⡯⣿⠃⣹⡆
⠈⠛⠷⣤⣌⢯⣿⣿⡽⣡⣤⠾⠛⠁
⠀⠀⠀⠀⠛⠮⣝⣫⠵⠛
⠀⠘⢿⡛⠷⣲⡶⣾⣿⣛⣶⣶⣛⣿⣷⢶⣶⠾⢛⡿⠃
⢀⣠⡴⠋⣠⣾⠿⣮⣽⣿⣿⣿⣿⣯⣵⠿⣷⣄⠙⢦⣄⡀
⢨⣿⢁⡀⠛⣿⠖⣿⡟⠻⢯⡽⠟⢻⣿⠲⣿⠛⢀⡈⣿⡅
⠀⠻⠿⣷⣦⣌⣀⠘⣟⣻⣿⣿⣟⣻⠃⣀⣡⣴⣾⠿⠟
⠀⠀⠀⠀⠉⠉⣻⣇⠸⣏⣻⣟⣹⠇⣸⣟⠉⠉
⠀⠀⠀⠀⠀⠀⠀⠙⠻⠶⣬⣥⠶⠟⠋
⠀⠀⢻⣟⠳⢶⡶⣶⣶⣾⣟⣛⡳⣶⣶⢞⣛⣻⣷⣶⣶⢶⡶⠞⣻⡟
⠀⠀⣀⣽⠟⢂⣼⣶⣧⣍⣛⣯⣿⣻⣟⣿⣽⣛⣩⣼⣶⣧⡐⠻⣯⣀
⠐⣿⡿⠀⠀⠾⣿⣯⣭⣟⣚⣻⣛⡿⢿⣛⣟⣓⣻⣭⣽⣿⠷⠀⠀⢿⣿⠂
⠀⢿⣧⣶⣄⠀⠘⠿⠀⢻⣷⣠⣤⣽⣯⣤⣄⣾⡟⠀⠿⠃⠀⣠⣶⣼⣿
⠀⠈⠋⠙⠻⢿⣶⣦⣶⡄⠻⣤⣿⣿⣿⣿⣤⠟⢠⣶⣴⣶⡿⠟⠋⠙⠁
⠀⠀⠀⠀⠀⠀⠀⠈⣿⣧⣀⠿⢤⣟⣻⡤⠿⣀⣼⣿⠁
⠀⠀⠀⠀⠀⠀⠀⠀⠀⠈⠛⠿⢶⣦⣴⡶⠿⠛⠁
⠀⠀⠀⠺⠭⣭⣭⣭⢩⠭⠿
⡴⣶⢩⣇⢤⢿⡽⡶⣻⣧⢤⢖⡖⡀
⠈⠛⠾⠛⠛⡟⠛⠛⢻⠛⠛⠻⠷⠷
⠀⠀⠀⢴⣒⣃⣀⣀⣘⣛⣶
⠀⠀⠀⠀⠀⣿⣉⣉⡉⠉⠉⠉⠉⢉⣉⣉⣿
⠀⠀⢀⣠⢤⡌⠉⠉⡇⠀⠀⠀⢀⣸⡏⠉⠁⠀⣀⣀
⣴⠻⣷⠆⡾⣄⠤⡔⢳⢲⠖⣿⠋⡼⢳⡖⣲⠞⣡⣞⢀⡀
⠀⠑⢬⣰⣷⠿⠶⠷⡿⠿⠿⠿⠿⢿⡿⠷⠿⢶⣿⣿⡼⣆
⠀⠀⠀⠀⠀⢀⣀⣀⡇⠀⠀⠀⠀⢸⣇⣀⡀⠀⠀⠈⠉⠁
⠀⠀⠀⠀⠀⣿⣉⣉⣁⣀⣀⣀⣀⣈⣉⣉⣿
⠀⠀⠀⠀⠀⠀⢸⡏⠉⠉⠉⠉⠉⠉⠉⠉⠉⠉⠉⠉⢹⡇
⠀⠀⠀⠀⠀⠀⢘⠓⠒⠒⣶⠀⠀⠀⠀⠀⠀⣶⠒⠒⠚⠃
⠀⢀⢠⡴⠒⢋⡟⠀⠀⠀⣿⠀⠀⠀⢀⣀⡴⢻⠆⠀⠀⠀⢀⠤⢠⡄
⢴⡉⢿⣳⠂⡼⢖⣒⢒⡖⢙⡍⢳⠋⣭⠏⣠⠟⣨⡭⢉⣶⠁⣪⣞⠤⣤
⠀⠙⢦⡛⢀⣧⣭⡥⣮⣕⣚⣓⣒⣓⣚⣛⣒⣓⣒⣒⣲⠶⠬⣭⣶⣂⣽⡀
⠀⠀⠀⠈⠛⠉⠉⠁⠀⠀⣿⠀⠀⠀⠀⠀⠀⣾⠀⠀⠀⠈⠉⠑⠒⠋⠐⠋
⠀⠀⠀⠀⠀⠀⢠⡤⠤⠤⠿⠀⠀⠀⠀⠀⠀⠿⠤⠦⢤⡄
⠀⠀⠀⠀⠀⠀⢸⣇⣀⣀⣀⣀⣀⣀⣀⣀⣀⣀⣀⣀⣸⡇
⣿⣿⣿⣿⣿⣿⣿⣿⣿⣿⣿⣿⣿⣿
⠛⠛⠛⣿⣿⣿⣿⣿⣿⣿⣿⠛⠛⠛
⠀⠀⠀⣿⣿⣿⣿⣿⣿⣿⣿
⣠⣤⣤⣿⣿⣿⣿⣿⣿⣿⣿⣤⣤⣄
⣿⣿⣿⣿⣿⣿⣿⣿⣿⣿⣿⣿⣿⣿
⣿⣿⣿⣿⣿⣿⣿⣿⣿⣿⣿⣿⣿⣿⣿⣿⣿⣿⣿⣿⣿⣿
⣿⣟⣿⣿⣿⣿⣿⣿⣿⣿⣿⣿⣿⣿⣿⣿⣿⣿⣿⣿⣻⣿
⠉⠉⠉⠉⠉⣿⣿⣿⣿⣿⣿⣿⣿⣿⣿⣿⣿⠉⠉⠉⠉⠉
⠀⠀⠀⠀⠀⣿⣿⣿⣿⣿⣿⣿⣿⣿⣿⣿⣿
⠀⠀⠀⠀⠀⣿⣿⣿⣿⣿⣿⣿⣿⣿⣿⣿⣿
⣀⣀⣀⣀⣀⣿⣿⣿⣿⣿⣿⣿⣿⣿⣿⣿⣿⣀⣀⣀⣀⣀
⣿⣯⣿⣿⣿⣿⣿⣿⣿⣿⣿⣿⣿⣿⣿⣿⣿⣿⣿⣿⣽⣿
⣿⣿⣿⣿⣿⣿⣿⣿⣿⣿⣿⣿⣿⣿⣿⣿⣿⣿⣿⣿⣿⣿
⣿⣿⣻⣿⣿⣿⣿⣿⣿⣿⣿⣿⣿⣿⣿⣿⣿⣿⣿⣿⣿⣿⣿⣿⣿⣟⣿⣿
⣿⣿⣿⣿⣿⣿⣿⣿⣿⣿⣿⣿⣿⣿⣿⣿⣿⣿⣿⣿⣿⣿⣿⣿⣿⣿⣿⣿
⠿⠿⠿⠿⠿⠿⣿⣿⣿⣿⣿⣿⣿⣿⣿⣿⣿⣿⣿⣿⣿⣿⠿⠿⠿⠿⠿⠿
⠀⠀⠀⠀⠀⠀⣿⣿⣿⣿⣿⣿⣿⣿⣿⣿⣿⣿⣿⣿⣿⣿
⠀⠀⠀⠀⠀⠀⣿⣿⣿⣿⣿⣿⣿⣿⣿⣿⣿⣿⣿⣿⣿⣿
⠀⠀⠀⠀⠀⠀⣿⣿⣿⣿⣿⣿⣿⣿⣿⣿⣿⣿⣿⣿⣿⣿
⠀⠀⠀⠀⠀⠀⣿⣿⣿⣿⣿⣿⣿⣿⣿⣿⣿⣿⣿⣿⣿⣿
⣶⣶⣶⣶⣶⣶⣾⣿⣿⣿⣿⣿⣿⣿⣿⣿⣿⣿⣿⣿⣿⣿⣶⣶⣶⣶⣶⣶
⣿⣿⣿⣿⣿⣿⣿⣿⣿⣿⣿⣿⣿⣿⣿⣿⣿⣿⣿⣿⣿⣿⣿⣿⣿⣿⣿⣿
⣿⣿⣽⣿⣿⣿⣿⣿⣿⣿⣿⣿⣿⣿⣿⣿⣿⣿⣿⣿⣿⣿⣿⣿⣿⣯⣿⣿
⣠⣤⣤⣤⣤⣤⣤⣾⣿⣶⣶⣤⣤⡀
⠀⠀⠸⠿⠿⠿⠿⠿⠿⠿⢿⠞⠛⠚
⠀⠀⠀⠀⠀⠀⠀⠀⠀⠀⠀⢰⣿⣶⣦⣤⣤⣀⣀
⣸⣿⣿⣿⣿⣿⣿⣿⣿⣿⣟⣿⣿⣿⣿⣿⣿⣿⣿⢻⣶
⠉⠉⠉⠉⣿⣿⣿⣿⣿⣿⣿⣿⣿⣿⣽⣿⣿⣭⣑⣫⣥⣽
⠀⠀⠀⠈⠉⠛⠛⠛⠛⠛⠛⠛⠛⠛⠛⠛⠻⡵⠁
⠀⠀⠀⠀⠀⠀⠀⠀⠀⠀⠀⠀⠀⠀⢰⣿⣷⣶⣦⣤⣤⣄⣀⣀
⣠⣧⣿⣯⣿⣿⣻⣿⣟⣿⣯⣿⣿⣟⣿⣿⣿⣯⣿⣿⣿⣿⣿⣿⢛⣿⣆
⠉⠉⠉⠉⠉⣽⣿⣿⣿⣿⣽⣿⣿⣿⣿⣯⣿⣿⣽⣿⣿⣯⣍⣑⣛⣭⣤⡷
⠀⠀⠀⠀⠈⠉⠙⠛⠛⠛⠛⠛⠛⠛⠛⠛⠛⠛⠛⠛⠛⢯⠕⠁
⠀⠒⣶⣾⣿⣿⣿⣿⣿⣿⣶⣦⣄⡀
⠀⠀⠀⠀⠉⠛⣿⡿⠟⠛⠋⠉⠉⠁
⠀⠤⠤⠶⣶⣶⣿⣿⣿⣿⣿⣿⣿⣿⣿⣶⣶⣦⣄⡀
⠀⠀⠈⠉⠙⠛⠻⢿⣿⣿⣿⣿⣿⣿⣿⣿⣿⣿⣿⠿⠷⠦
⠀⠀⠀⠀⠀⠀⠀⠀⠈⠻⣿⠿⠟⠛⠉⠉
⠀⢀⣀⣤⣤⣴⣶⣶⣶⣿⣿⣿⣿⣿⣿⣿⣿⣿⣷⣶⣶⣦⣤⡀
⠀⠀⠀⠴⠶⠾⢿⣿⣿⣿⣿⣿⣿⣿⣿⣿⣿⣿⣿⣿⣿⣿⣿⣿⣿⣶⣤⡀
⠀⠀⠀⠀⠀⠀⠀⠀⠉⠛⠿⣿⣿⣿⣿⣿⣿⣿⣿⡿⠿⠿⠟⠛⠛⠋⠉⠉
⠀⠀⠀⠀⠀⠀⠀⠀⠀⠀⠀⠈⢻⡿⠿⠛⠋⠉
⣀⣀⣀⣀⡈⢹⣿⣿⡏⢁⣀⣀⣀⣀
⠀⣿⣿⡇⠀⢸⣿⣿⡇⠀⢸⣿⣿
⠀⣿⣿⡇⠀⢸⣿⣿⡇⠀⢸⣿⣿
⠀⠻⢿⣿⣶⣾⣿⣿⣷⣶⣿⡿⠟
⠀⠀⠀⠀⢠⣼⣿⣿⣧⡄
⠀⠀⠀⠀⠀⠀⠀⠛⠛⣿⣿⣿⣿⠛⠛
⠛⢻⣿⣿⣿⡟⠛⠀⠀⣿⣿⣿⣿⠀⠀⠛⢻⣿⣿⣿⡟⠛
⠀⢸⣿⣿⣿⡇⠀⠀⠀⣿⣿⣿⣿⠀⠀⠀⢸⣿⣿⣿⡇
⠀⢸⣿⣿⣿⡇⠀⠀⠀⣿⣿⣿⣿⠀⠀⠀⢸⣿⣿⣿⡇
⠀⠸⣿⣿⣿⣷⣤⣤⣴⣿⣿⣿⣿⣦⣤⣤⣾⣿⣿⣿⠇
⠀⠀⠈⠙⠛⠛⠛⠛⠛⣿⣿⣿⣿⠛⠛⠛⠛⠛⠋⠁
⠀⠀⠀⠀⠀⠀⠀⢴⣶⣿⣿⣿⣿⣶⣦
⠀⠀⠀⠀⠀⠀⠀⠀⠀⠻⠿⢿⣿⣿⣿⣿⣿⠿⠿
⠶⠶⣶⣶⣶⣶⣶⡶⢶⠀⠀⣿⣿⣿⣿⣿⣿⠀⠀⡶⢶⣶⣶⣶⣶⣶⠶⠶
⠀⠀⣿⣿⣿⣿⣿⡇⠀⠀⠀⣿⣿⣿⣿⣿⣿⠀⠀⠀⢸⣿⣿⣿⣿⣿
⠀⠀⣿⣿⣿⣿⣿⡇⠀⠀⠀⣿⣿⣿⣿⣿⣿⠀⠀⠀⢸⣿⣿⣿⣿⣿
⠀⠀⣿⣿⣿⣿⣿⡇⠀⠀⠀⣿⣿⣿⣿⣿⣿⠀⠀⠀⢸⣿⣿⣿⣿⣿
⠀⠀⣿⣿⣿⣿⣿⣇⣀⣀⣀⣽⣿⣿⣿⣿⣿⣀⣀⣀⣸⣿⣿⣿⣿⣿
⠀⠀⠙⠻⢿⣿⣿⣿⣿⣿⣿⣿⣿⣿⣿⣿⣿⣿⣿⣿⣿⣿⣿⡿⠟⠋
⠀⠀⠀⠀⠀⠀⠀⠀⠀⠀⠀⢽⣿⣿⣿⣿⣿
⠀⠀⠀⠀⠀⠀⠀⠀⠀⣾⣶⣿⣿⣿⣿⣿⣿⣶⣶
⠀⠀⠀⠀⣿⣿⡟⡛⣿⣿⡀
⠺⠻⠏⠛⣿⣾⠗⠒⣿⣿⠜⠙⠿⠗
⠀⠀⠀⢠⡿⠿⠿⠿⠛⠉
⠀⠀⠀⠀⠀⠀⢰⣶⣶⡟⠿⠿⠟⣿⣿⣿
⢀⣀⣀⡠⡤⡤⣜⣿⠿⣿⠄⠤⢸⢿⢿⢿⢤⡤⣀⣀⣀⡀
⠸⠶⠭⠷⠼⠇⢫⣯⣶⣼⠘⠚⢸⣾⣼⣴⠼⠧⠿⠷⢏⠇
⠀⠀⠀⠀⠀⠀⢸⣿⣿⣧⣶⣶⣦⣿⢿⡿
⠀⠀⠀⠀⠀⠠⠿⠿⠿⠟⠛⠛⠉
⠀⠀⠀⠀⠀⠀⠀⠀⢰⣶⣶⣾⠿⠿⠿⠿⠿⣿⣿⣿⡆
⠀⠀⠀⠀⠀⠀⣀⣀⣺⣿⣿⣿⣇⣀⣀⣀⣿⣿⣿⣿⣇⡀
⢰⣏⡿⢽⣭⢫⣾⠰⡷⣿⢡⣘⣿⣰⣡⣀⣇⡾⢸⠂⡇⢽⠉⡏⣏⣹⢵⡆
⠈⠓⠉⠉⠉⠉⠉⠁⢹⣿⣿⣿⠇⠀⠀⠀⢿⣿⣿⣿⡏⠉⠉⠉⠉⠚⠚⠁
⠀⠀⠀⠀⠀⠀⠀⠀⣼⣿⣿⣿⣿⣿⣿⣿⣿⠿⠿⠿⠃
⠀⠀⠀⠀⠀⠀⠀⠼⠿⠿⠟⠛⠛⠛⠛⠉
⠐⣴⣿⣿⣿⢿⣿⣿⣻⣿⣿⣿⡖
⠐⠛⠻⣿⣿⣿⣿⣿⣿⣿⣿⠟⠛⠂
⠀⠀⠀⠈⠛⠿⣷⣾⠿⠛⠁
⠠⣤⣤⣿⢿⣿⣿⣿⣿⣿⢿⣿⠿⣿⡿⣿⢿⣿⡿⣤⠄
⠀⢸⣿⣿⣿⣿⣹⣿⣹⣿⣿⣟⣿⣾⣿⣿⣿⣿⣿⣧⡀
⠐⠋⠋⠹⣾⣿⣟⣻⣿⣻⣞⣿⣞⣿⣟⣾⣷⡾⠋⠙⠙⠂
⠀⠀⠀⠀⠈⠻⣿⣿⣿⣟⡋⢙⣻⣿⣿⡿⠛⠁
⠀⠀⠀⠀⠀⠀⠀⠉⠛⠿⣿⣿⠿⠛⠉
⢀⣀⢀⣠⣿⡿⣿⣿⣿⣿⣿⣿⡿⣿⣿⡿⢿⣿⣿⢿⢿⣿⣯⣿⢀⡀
⠀⠈⣧⣿⣿⣾⣽⡟⣫⣯⡛⣿⣽⡎⣿⢷⣦⣿⢱⣿⢗⡿⣿⣧⢫⡀
⢀⡤⡫⠿⢿⣝⣮⣿⣶⣷⣾⣯⣞⣱⣷⣛⣯⣻⣘⣣⣿⣝⣹⡿⠷⢕⢤⡀
⠀⠀⠀⠀⠈⠻⣿⣿⣷⣾⣿⣶⣿⡧⢾⣿⣼⣿⣶⣿⣿⡿⠋
⠀⠀⠀⠀⠀⠀⠈⠛⢿⣿⣿⣿⣭⡀⣠⣭⣿⣿⣿⠿⠋
⠀⠀⠀⠀⠀⠀⠀⠀⠀⠈⠙⠻⠿⣿⣿⠿⠛⠉
⠟⠋⠉⠀⢀⡀⢤⡀⠀⣨⣉⡛⠿⣿
⣧⣠⣶⣿⡛⠋⠀⢈⣩⣟⣳⣶⣤⣠
⣿⡿⠟⠛⠉⠉⠀⠀⠀⠀⠀⠀⠀⠈⠉⠉⠛⠿⣿⣿⣿⣿
⣋⠀⠀⠀⠀⠀⢀⣠⡤⠖⢶⣀⠀⠀⣀⣦⣄⣀⠼⠟⠿⣿
⣷⠀⠀⣀⣴⣾⣿⡿⠿⠛⠀⠉⠉⠉⣽⣟⣉⣀⣀⡀⠀⠈
⣿⣧⣾⣿⣿⣿⣇⡀⠀⠀⠀⣀⣤⣾⣿⣭⣉⣻⣿⣿⣦⣾
⣿⣿⣿⠿⠛⠋⠉⠉⠀⠀⠀⠀⠀⠀⠀⠀⠀⠉⠉⠙⠛⠿⢿⣿⣿⣿⣿⣿
⡟⠉⠀⠀⠀⠀⠀⠀⠀⠀⢀⣀⣤⣤⠀⠀⠀⠀⠀⣄⡀⠀⠀⢙⣿⣿⣿⣿
⡖⡀⠀⠀⠀⠀⣀⣤⣶⣿⣯⣥⡌⠛⠷⢦⣤⡴⣾⣿⣿⠷⠚⠉⠀⠀⠉⠻
⣿⣁⠀⢀⣴⣾⣿⣿⡿⠛⠛⠉⠀⠀⠀⠀⠀⣠⣿⣿⣴⣶⣶⣤⣄⡀⠀⢀
⣿⣿⣴⣿⣿⣿⣿⣿⣄⡀⠀⠀⠀⢀⣀⣤⣾⣿⣿⣦⣄⣘⣻⣿⣿⣿⣴⣿
⠀⠀⠀⠀⠸⢿⣿⣿⡿⠃
⣴⣶⡟⢛⣿⣹⣳⣞⣏⣻⡛⢻⢲⡶
⠉⠉⠀⠀⢠⣾⣿⣿⣷⡄⠀⠈⠉⠉
⠀⠀⠀⠀⠀⠀⠀⢿⣿⣿⣿⣿⣿⣿⠟
⣀⣀⣄⣠⢤⠤⡔⡶⠴⡿⢫⡝⣿⠰⢶⢢⠄⡤⣤⢄⣀⢀
⡣⣗⡺⡹⠀⠰⠣⠳⠲⣥⣿⣷⣬⠗⠞⠼⠄⠀⠗⣸⣺⢉
⠁⠀⠀⠀⠀⠀⠀⣼⣿⣿⣿⣿⣿⣿⣧⠀⠀⠀⠀⠀⠀⠈
⠀⠀⠀⠀⠀⠀⠀⠀⠀⢿⣿⣿⣿⣿⣿⣿⣿⣿⡟
⠀⠀⠀⠀⣀⢀⠀⣀⠀⣀⡤⣼⣿⢿⠿⣿⡧⢤⡀⠄⣀⠀⣀⡀
⡖⢽⣋⡷⢾⡘⠈⢹⠀⣇⢉⡹⢃⣚⣃⠘⢯⡉⣹⢸⡏⠁⠃⣗⠰⣏⣯⠴
⣞⠻⠤⠯⠚⠁⠀⠋⠂⠈⠉⢻⣿⣿⣿⣷⡟⠉⠁⠐⠙⠀⠐⠋⠬⠧⠗⣲
⠀⠀⠀⠀⠀⠀⠀⠀⠀⣾⣿⣿⣿⣿⣿⣿⣿⣿⣧
⠀⠀⠀⠉⣿⣟⠁⢸⠀⢰⡓⢾⡇
⠐⠾⢗⣠⡿⠟⠀⢸⠀⠹⣏⣈⡏
⠀⠀⠀⠀⠐⠒⢶⣶⣶⠒⠀⠀⡇⠀⠀⢴⣉⣉⡒⠆
⠀⠀⠀⠀⠀⠀⢸⣿⣿⠀⠀⠀⡇⠀⠀⡦⢈⣉⡹⠇
⠀⣠⣶⣶⡄⠀⢸⣿⣿⠀⠀⠀⡇⠀⠉⣿⡏⠀⠘⡟⠁
⠀⠈⠻⠭⠤⠤⠾⠟⠃⠀⠀⠀⡇⠀⠀⠻⣧⣀⡠⠇
⠀⠀⠀⠀⠀⠀⠶⠶⣶⣶⣶⡶⠶⠀⠀⢸⠀⠀⠀⢠⣖⠉⠑⠲⡆
⠀⠀⠀⠀⠀⠀⠀⠀⣿⣿⣿⡇⠀⠀⠀⢸⠀⠀⠀⣬⡉⠛⠛⠻⣶
⠀⠀⠀⣀⡀⠀⠀⠀⣿⣿⣿⡇⠀⠀⠀⢸⠠⠄⠤⣿⣽⡶⠒⢯⣥⡤⠤⠤
⠀⢰⣿⣿⣿⠷⠀⠀⣿⣿⣿⠇⠀⠀⠀⢸⠀⠀⠀⣿⣿⠀⠀⠀⣿
⠀⠀⠙⠓⠶⠤⠴⠾⠟⠛⠉⠀⠀⠀⠀⢸⠀⠀⠀⠻⢿⣤⣤⡤⠟
⠀⠀⠀⣤⣄⣿⡇⢿⣇⣿⡇
⠴⠴⢤⡄⣤⣤⣠⣤⣬⢤⢤⡄⠄⠶
⠀⠀⠀⠀⠀⠀⠀⠀⣿⣿⡇⣿⣿⡇⢸⣿⡇
⠀⠀⠀⠀⠀⣶⣾⣀⣿⣿⠇⠿⢿⣇⣸⣿⡇
⠀⡀⣀⡀⢀⠀⠉⠉⠀⠀⠀⠀⠈⠉⠉⠁⠀⢀⠀⣀⢀⡤
⠓⠃⠟⠇⠯⡅⡿⡇⣛⡇⣾⣷⢸⢾⠸⡾⢸⠸⠄⠿⠘⠃
⠀⠀⠀⠀⠀⠀⠀⠀⠀⠀⣿⣿⣿⠀⣿⣿⣿⠀⣿⣿⣿⠁
⠀⠀⠀⠀⠀⠀⢠⣤⣤⠀⢿⣿⣿⠀⣿⣿⣿⠀⢿⣿⣿
⠀⠀⠀⠀⠀⠀⠘⠻⠿⠶⠟⠛⠛⠀⠉⠙⠿⠶⠿⠿⠛
⡀⣶⢠⡤⡄⣠⢄⠀⡀⣀⢀⣀⡀⣀⣀⢀⡀⣀⢀⢀⡀⡄⢠⠀⢠⠀⢰⡒
⠛⠛⠘⠋⠇⠻⠴⠀⡟⡇⢸⣲⡆⣏⣸⢸⡿⣿⠸⣾⠁⠇⠸⠤⠸⠂⠘⠒--- ncaaw/LAS md: 7 rows x 28 cells ---
wrote packages/core/src/art/ncaaw/las.xs.txt
wrote packages/core/src/art/ncaaw/las.sm.txt
wrote packages/core/src/art/ncaaw/las.md.txt
--- ncaaw/LAF xs: 4 rows x 14 cells ---
--- ncaaw/LAF sm: 5 rows x 22 cells ---
--- ncaaw/LAF md: 7 rows x 28 cells ---
wrote packages/core/src/art/ncaaw/laf.xs.txt
wrote packages/core/src/art/ncaaw/laf.sm.txt
wrote packages/core/src/art/ncaaw/laf.md.txt
--- ncaaw/LAM xs: 4 rows x 14 cells ---
--- ncaaw/LAM sm: 6 rows x 22 cells ---
--- ncaaw/LAM md: 7 rows x 28 cells ---
wrote packages/core/src/art/ncaaw/lam.xs.txt
wrote packages/core/src/art/ncaaw/lam.sm.txt
wrote packages/core/src/art/ncaaw/lam.md.txt
--- ncaaw/LEM xs: 2 rows x 14 cells ---
--- ncaaw/LEM sm: 3 rows x 22 cells ---
--- ncaaw/LEM md: 4 rows x 28 cells ---
wrote packages/core/src/art/ncaaw/lem.xs.txt
wrote packages/core/src/art/ncaaw/lem.sm.txt
wrote packages/core/src/art/ncaaw/lem.md.txt
--- ncaaw/LEH xs: 4 rows x 14 cells ---
--- ncaaw/LEH sm: 6 rows x 22 cells ---
--- ncaaw/LEH md: 7 rows x 28 cells ---
wrote packages/core/src/art/ncaaw/leh.xs.txt
wrote packages/core/src/art/ncaaw/leh.sm.txt
wrote packages/core/src/art/ncaaw/leh.md.txt
--- ncaaw/LIB xs: 3 rows x 14 cells ---
--- ncaaw/LIB sm: 5 rows x 22 cells ---
--- ncaaw/LIB md: 7 rows x 28 cells ---
wrote packages/core/src/art/ncaaw/lib.xs.txt
wrote packages/core/src/art/ncaaw/lib.sm.txt
wrote packages/core/src/art/ncaaw/lib.md.txt
--- ncaaw/LIN xs: 3 rows x 14 cells ---
--- ncaaw/LIN sm: 4 rows x 22 cells ---
--- ncaaw/LIN md: 5 rows x 28 cells ---
wrote packages/core/src/art/ncaaw/lin.xs.txt
wrote packages/core/src/art/ncaaw/lin.sm.txt
wrote packages/core/src/art/ncaaw/lin.md.txt
--- ncaaw/LIP xs: 4 rows x 14 cells ---
--- ncaaw/LIP sm: 7 rows x 22 cells ---
--- ncaaw/LIP md: 9 rows x 28 cells ---
wrote packages/core/src/art/ncaaw/lip.xs.txt
wrote packages/core/src/art/ncaaw/lip.sm.txt
wrote packages/core/src/art/ncaaw/lip.md.txt
--- ncaaw/LR xs: 4 rows x 14 cells ---
--- ncaaw/LR sm: 6 rows x 22 cells ---
--- ncaaw/LR md: 8 rows x 28 cells ---
wrote packages/core/src/art/ncaaw/lr.xs.txt
wrote packages/core/src/art/ncaaw/lr.sm.txt
wrote packages/core/src/art/ncaaw/lr.md.txt
--- ncaaw/LBSU xs: 5 rows x 14 cells ---
--- ncaaw/LBSU sm: 7 rows x 22 cells ---
--- ncaaw/LBSU md: 9 rows x 28 cells ---
wrote packages/core/src/art/ncaaw/lbsu.xs.txt
wrote packages/core/src/art/ncaaw/lbsu.sm.txt
wrote packages/core/src/art/ncaaw/lbsu.md.txt
--- ncaaw/LIU xs: 4 rows x 14 cells ---
--- ncaaw/LIU sm: 6 rows x 22 cells ---
--- ncaaw/LIU md: 8 rows x 28 cells ---
wrote packages/core/src/art/ncaaw/liu.xs.txt
wrote packages/core/src/art/ncaaw/liu.sm.txt
wrote packages/core/src/art/ncaaw/liu.md.txt
--- ncaaw/LONG xs: 2 rows x 14 cells ---
--- ncaaw/LONG sm: 4 rows x 22 cells ---
--- ncaaw/LONG md: 4 rows x 28 cells ---
wrote packages/core/src/art/ncaaw/long.xs.txt
wrote packages/core/src/art/ncaaw/long.sm.txt
wrote packages/core/src/art/ncaaw/long.md.txt
--- ncaaw/UL xs: 2 rows x 14 cells ---
--- ncaaw/UL sm: 3 rows x 21 cells ---
--- ncaaw/UL md: 4 rows x 27 cells ---
wrote packages/core/src/art/ncaaw/ul.xs.txt
wrote packages/core/src/art/ncaaw/ul.sm.txt
wrote packages/core/src/art/ncaaw/ul.md.txt
--- ncaaw/LT xs: 3 rows x 14 cells ---
--- ncaaw/LT sm: 5 rows x 22 cells ---
--- ncaaw/LT md: 7 rows x 28 cells ---
wrote packages/core/src/art/ncaaw/lt.xs.txt
wrote packages/core/src/art/ncaaw/lt.sm.txt
wrote packages/core/src/art/ncaaw/lt.md.txt
--- ncaaw/LOU xs: 4 rows x 14 cells ---
--- ncaaw/LOU sm: 6 rows x 22 cells ---
--- ncaaw/LOU md: 8 rows x 28 cells ---
wrote packages/core/src/art/ncaaw/lou.xs.txt
wrote packages/core/src/art/ncaaw/lou.sm.txt
wrote packages/core/src/art/ncaaw/lou.md.txt
--- ncaaw/LUC xs: 3 rows x 14 cells ---
--- ncaaw/LUC sm: 5 rows x 22 cells ---
--- ncaaw/LUC md: 6 rows x 28 cells ---
wrote packages/core/src/art/ncaaw/luc.xs.txt
wrote packages/core/src/art/ncaaw/luc.sm.txt
wrote packages/core/src/art/ncaaw/luc.md.txt
--- ncaaw/L-MD xs: 4 rows x 14 cells ---
--- ncaaw/L-MD sm: 6 rows x 22 cells ---
--- ncaaw/L-MD md: 8 rows x 28 cells ---
wrote packages/core/src/art/ncaaw/l-md.xs.txt
wrote packages/core/src/art/ncaaw/l-md.sm.txt
wrote packages/core/src/art/ncaaw/l-md.md.txt
--- ncaaw/LMU xs: 2 rows x 14 cells ---
--- ncaaw/LMU sm: 3 rows x 22 cells ---
--- ncaaw/LMU md: 3 rows x 28 cells ---
wrote packages/core/src/art/ncaaw/lmu.xs.txt
wrote packages/core/src/art/ncaaw/lmu.sm.txt
wrote packages/core/src/art/ncaaw/lmu.md.txt
--- ncaaw/ME xs: 3 rows x 12 cells ---
--- ncaaw/ME sm: 4 rows x 22 cells ---
--- ncaaw/ME md: 6 rows x 28 cells ---
wrote packages/core/src/art/ncaaw/me.xs.txt
wrote packages/core/src/art/ncaaw/me.sm.txt
wrote packages/core/src/art/ncaaw/me.md.txt
--- ncaaw/MAN xs: 3 rows x 14 cells ---
--- ncaaw/MAN sm: 5 rows x 22 cells ---
--- ncaaw/MAN md: 6 rows x 28 cells ---
wrote packages/core/src/art/ncaaw/man.xs.txt
wrote packages/core/src/art/ncaaw/man.sm.txt
wrote packages/core/src/art/ncaaw/man.md.txt
--- ncaaw/MRST xs: 4 rows x 14 cells ---
--- ncaaw/MRST sm: 5 rows x 22 cells ---
--- ncaaw/MRST md: 7 rows x 28 cells ---
wrote packages/core/src/art/ncaaw/mrst.xs.txt
wrote packages/core/src/art/ncaaw/mrst.sm.txt
wrote packages/core/src/art/ncaaw/mrst.md.txt
--- ncaaw/MARQ xs: 3 rows x 14 cells ---
--- ncaaw/MARQ sm: 5 rows x 21 cells ---
--- ncaaw/MARQ md: 6 rows x 27 cells ---
wrote packages/core/src/art/ncaaw/marq.xs.txt
wrote packages/core/src/art/ncaaw/marq.sm.txt
wrote packages/core/src/art/ncaaw/marq.md.txt
--- ncaaw/MRSH xs: 3 rows x 14 cells ---
--- ncaaw/MRSH sm: 4 rows x 22 cells ---
--- ncaaw/MRSH md: 5 rows x 28 cells ---
wrote packages/core/src/art/ncaaw/mrsh.xs.txt
wrote packages/core/src/art/ncaaw/mrsh.sm.txt
wrote packages/core/src/art/ncaaw/mrsh.md.txt
--- ncaaw/UMES xs: 2 rows x 14 cells ---
--- ncaaw/UMES sm: 3 rows x 22 cells ---
--- ncaaw/UMES md: 4 rows x 28 cells ---
wrote packages/core/src/art/ncaaw/umes.xs.txt
wrote packages/core/src/art/ncaaw/umes.sm.txt
wrote packages/core/src/art/ncaaw/umes.md.txt
--- ncaaw/MD xs: 4 rows x 14 cells ---
--- ncaaw/MD sm: 6 rows x 22 cells ---
--- ncaaw/MD md: 8 rows x 28 cells ---
wrote packages/core/src/art/ncaaw/md.xs.txt
wrote packages/core/src/art/ncaaw/md.sm.txt
wrote packages/core/src/art/ncaaw/md.md.txt
--- ncaaw/MASS xs: 3 rows x 14 cells ---
--- ncaaw/MASS sm: 5 rows x 22 cells ---
--- ncaaw/MASS md: 6 rows x 28 cells ---
wrote packages/core/src/art/ncaaw/mass.xs.txt
wrote packages/core/src/art/ncaaw/mass.sm.txt
wrote packages/core/src/art/ncaaw/mass.md.txt
--- ncaaw/MCN xs: 4 rows x 14 cells ---
--- ncaaw/MCN sm: 6 rows x 22 cells ---
--- ncaaw/MCN md: 8 rows x 28 cells ---
wrote packages/core/src/art/ncaaw/mcn.xs.txt
wrote packages/core/src/art/ncaaw/mcn.sm.txt
wrote packages/core/src/art/ncaaw/mcn.md.txt
--- ncaaw/MEM xs: 3 rows x 14 cells ---
--- ncaaw/MEM sm: 5 rows x 22 cells ---
--- ncaaw/MEM md: 6 rows x 28 cells ---
wrote packages/core/src/art/ncaaw/mem.xs.txt
wrote packages/core/src/art/ncaaw/mem.sm.txt
wrote packages/core/src/art/ncaaw/mem.md.txt
--- ncaaw/MER xs: 3 rows x 11 cells ---
--- ncaaw/MER sm: 4 rows x 18 cells ---
--- ncaaw/MER md: 6 rows x 22 cells ---
wrote packages/core/src/art/ncaaw/mer.xs.txt
wrote packages/core/src/art/ncaaw/mer.sm.txt
wrote packages/core/src/art/ncaaw/mer.md.txt
--- ncaaw/MRMK xs: 3 rows x 13 cells ---
--- ncaaw/MRMK sm: 4 rows x 21 cells ---
--- ncaaw/MRMK md: 5 rows x 26 cells ---
wrote packages/core/src/art/ncaaw/mrmk.xs.txt
wrote packages/core/src/art/ncaaw/mrmk.sm.txt
wrote packages/core/src/art/ncaaw/mrmk.md.txt
--- ncaaw/M-OH xs: 3 rows x 14 cells ---
--- ncaaw/M-OH sm: 4 rows x 22 cells ---
--- ncaaw/M-OH md: 6 rows x 28 cells ---
wrote packages/core/src/art/ncaaw/m-oh.xs.txt
wrote packages/core/src/art/ncaaw/m-oh.sm.txt
wrote packages/core/src/art/ncaaw/m-oh.md.txt
--- ncaaw/MIA xs: 2 rows x 14 cells ---
--- ncaaw/MIA sm: 4 rows x 22 cells ---
--- ncaaw/MIA md: 4 rows x 28 cells ---
wrote packages/core/src/art/ncaaw/mia.xs.txt
wrote packages/core/src/art/ncaaw/mia.sm.txt
wrote packages/core/src/art/ncaaw/mia.md.txt
--- ncaaw/MSU xs: 4 rows x 14 cells ---
--- ncaaw/MSU sm: 7 rows x 22 cells ---
--- ncaaw/MSU md: 8 rows x 28 cells ---
wrote packages/core/src/art/ncaaw/msu.xs.txt
wrote packages/core/src/art/ncaaw/msu.sm.txt
wrote packages/core/src/art/ncaaw/msu.md.txt
--- ncaaw/MICH xs: 3 rows x 14 cells ---
--- ncaaw/MICH sm: 4 rows x 22 cells ---
--- ncaaw/MICH md: 5 rows x 28 cells ---
wrote packages/core/src/art/ncaaw/mich.xs.txt
wrote packages/core/src/art/ncaaw/mich.sm.txt
wrote packages/core/src/art/ncaaw/mich.md.txt
--- ncaaw/MTSU xs: 2 rows x 12 cells ---
--- ncaaw/MTSU sm: 3 rows x 19 cells ---
--- ncaaw/MTSU md: 4 rows x 25 cells ---
wrote packages/core/src/art/ncaaw/mtsu.xs.txt
wrote packages/core/src/art/ncaaw/mtsu.sm.txt
wrote packages/core/src/art/ncaaw/mtsu.md.txt
--- ncaaw/MILW xs: 2 rows x 13 cells ---
--- ncaaw/MILW sm: 2 rows x 20 cells ---
--- ncaaw/MILW md: 3 rows x 26 cells ---
wrote packages/core/src/art/ncaaw/milw.xs.txt
wrote packages/core/src/art/ncaaw/milw.sm.txt
wrote packages/core/src/art/ncaaw/milw.md.txt
--- ncaaw/MINN xs: 2 rows x 14 cells ---
--- ncaaw/MINN sm: 4 rows x 22 cells ---
--- ncaaw/MINN md: 4 rows x 28 cells ---
wrote packages/core/src/art/ncaaw/minn.xs.txt
wrote packages/core/src/art/ncaaw/minn.sm.txt
wrote packages/core/src/art/ncaaw/minn.md.txt
--- ncaaw/MSST xs: 2 rows x 14 cells ---
--- ncaaw/MSST sm: 3 rows x 22 cells ---
--- ncaaw/MSST md: 4 rows x 28 cells ---
wrote packages/core/src/art/ncaaw/msst.xs.txt
wrote packages/core/src/art/ncaaw/msst.sm.txt
wrote packages/core/src/art/ncaaw/msst.md.txt
--- ncaaw/MVSU xs: 3 rows x 14 cells ---
--- ncaaw/MVSU sm: 5 rows x 22 cells ---
--- ncaaw/MVSU md: 7 rows x 28 cells ---
wrote packages/core/src/art/ncaaw/mvsu.xs.txt
wrote packages/core/src/art/ncaaw/mvsu.sm.txt
wrote packages/core/src/art/ncaaw/mvsu.md.txt
--- ncaaw/MOST xs: 3 rows x 14 cells ---
--- ncaaw/MOST sm: 5 rows x 22 cells ---
--- ncaaw/MOST md: 6 rows x 28 cells ---
wrote packages/core/src/art/ncaaw/most.xs.txt
wrote packages/core/src/art/ncaaw/most.sm.txt
wrote packages/core/src/art/ncaaw/most.md.txt
--- ncaaw/MIZ xs: 2 rows x 14 cells ---
--- ncaaw/MIZ sm: 3 rows x 22 cells ---
--- ncaaw/MIZ md: 4 rows x 28 cells ---
wrote packages/core/src/art/ncaaw/miz.xs.txt
wrote packages/core/src/art/ncaaw/miz.sm.txt
wrote packages/core/src/art/ncaaw/miz.md.txt
--- ncaaw/MONM xs: 3 rows x 14 cells ---
--- ncaaw/MONM sm: 5 rows x 22 cells ---
--- ncaaw/MONM md: 6 rows x 28 cells ---
wrote packages/core/src/art/ncaaw/monm.xs.txt
wrote packages/core/src/art/ncaaw/monm.sm.txt
wrote packages/core/src/art/ncaaw/monm.md.txt
--- ncaaw/MONT xs: 3 rows x 14 cells ---
--- ncaaw/MONT sm: 4 rows x 22 cells ---
--- ncaaw/MONT md: 5 rows x 28 cells ---
wrote packages/core/src/art/ncaaw/mont.xs.txt
wrote packages/core/src/art/ncaaw/mont.sm.txt
wrote packages/core/src/art/ncaaw/mont.md.txt
--- ncaaw/MTST xs: 3 rows x 14 cells ---
--- ncaaw/MTST sm: 4 rows x 22 cells ---
--- ncaaw/MTST md: 5 rows x 28 cells ---
wrote packages/core/src/art/ncaaw/mtst.xs.txt
wrote packages/core/src/art/ncaaw/mtst.sm.txt
wrote packages/core/src/art/ncaaw/mtst.md.txt
--- ncaaw/MORE xs: 4 rows x 14 cells ---
--- ncaaw/MORE sm: 6 rows x 22 cells ---
--- ncaaw/MORE md: 7 rows x 28 cells ---
wrote packages/core/src/art/ncaaw/more.xs.txt
wrote packages/core/src/art/ncaaw/more.sm.txt
wrote packages/core/src/art/ncaaw/more.md.txt
--- ncaaw/MORG xs: 4 rows x 14 cells ---
--- ncaaw/MORG sm: 5 rows x 22 cells ---
--- ncaaw/MORG md: 7 rows x 27 cells ---
wrote packages/core/src/art/ncaaw/morg.xs.txt
wrote packages/core/src/art/ncaaw/morg.sm.txt
wrote packages/core/src/art/ncaaw/morg.md.txt
--- ncaaw/MSM xs: 2 rows x 14 cells ---
--- ncaaw/MSM sm: 3 rows x 22 cells ---
--- ncaaw/MSM md: 4 rows x 28 cells ---
wrote packages/core/src/art/ncaaw/msm.xs.txt
wrote packages/core/src/art/ncaaw/msm.sm.txt
wrote packages/core/src/art/ncaaw/msm.md.txt
--- ncaaw/MUR xs: 4 rows x 14 cells ---
--- ncaaw/MUR sm: 6 rows x 21 cells ---
--- ncaaw/MUR md: 8 rows x 27 cells ---
wrote packages/core/src/art/ncaaw/mur.xs.txt
wrote packages/core/src/art/ncaaw/mur.sm.txt
wrote packages/core/src/art/ncaaw/mur.md.txt
--- ncaaw/NCSU xs: 5 rows x 14 cells ---
--- ncaaw/NCSU sm: 8 rows x 22 cells ---
--- ncaaw/NCSU md: 10 rows x 28 cells ---
wrote packages/core/src/art/ncaaw/ncsu.xs.txt
wrote packages/core/src/art/ncaaw/ncsu.sm.txt
wrote packages/core/src/art/ncaaw/ncsu.md.txt
--- ncaaw/NJIT xs: 3 rows x 14 cells ---
--- ncaaw/NJIT sm: 5 rows x 22 cells ---
--- ncaaw/NJIT md: 7 rows x 28 cells ---
wrote packages/core/src/art/ncaaw/njit.xs.txt
wrote packages/core/src/art/ncaaw/njit.sm.txt
wrote packages/core/src/art/ncaaw/njit.md.txt
--- ncaaw/NAVY xs: 5 rows x 14 cells ---
--- ncaaw/NAVY sm: 7 rows x 22 cells ---
--- ncaaw/NAVY md: 9 rows x 28 cells ---
wrote packages/core/src/art/ncaaw/navy.xs.txt
wrote packages/core/src/art/ncaaw/navy.sm.txt
wrote packages/core/src/art/ncaaw/navy.md.txt
--- ncaaw/NEB xs: 4 rows x 14 cells ---
--- ncaaw/NEB sm: 6 rows x 21 cells ---
--- ncaaw/NEB md: 7 rows x 28 cells ---
wrote packages/core/src/art/ncaaw/neb.xs.txt
wrote packages/core/src/art/ncaaw/neb.sm.txt
wrote packages/core/src/art/ncaaw/neb.md.txt
--- ncaaw/NEV xs: 2 rows x 14 cells ---
--- ncaaw/NEV sm: 4 rows x 22 cells ---
--- ncaaw/NEV md: 5 rows x 28 cells ---
wrote packages/core/src/art/ncaaw/nev.xs.txt
wrote packages/core/src/art/ncaaw/nev.sm.txt
wrote packages/core/src/art/ncaaw/nev.md.txt
--- ncaaw/UNH xs: 3 rows x 14 cells ---
--- ncaaw/UNH sm: 4 rows x 22 cells ---
--- ncaaw/UNH md: 5 rows x 28 cells ---
wrote packages/core/src/art/ncaaw/unh.xs.txt
wrote packages/core/src/art/ncaaw/unh.sm.txt
wrote packages/core/src/art/ncaaw/unh.md.txt
--- ncaaw/NHVN xs: 3 rows x 14 cells ---
--- ncaaw/NHVN sm: 5 rows x 22 cells ---
--- ncaaw/NHVN md: 6 rows x 28 cells ---
wrote packages/core/src/art/ncaaw/nhvn.xs.txt
wrote packages/core/src/art/ncaaw/nhvn.sm.txt
wrote packages/core/src/art/ncaaw/nhvn.md.txt
--- ncaaw/UNM xs: 5 rows x 14 cells ---
--- ncaaw/UNM sm: 7 rows x 22 cells ---
--- ncaaw/UNM md: 9 rows x 27 cells ---
wrote packages/core/src/art/ncaaw/unm.xs.txt
wrote packages/core/src/art/ncaaw/unm.sm.txt
wrote packages/core/src/art/ncaaw/unm.md.txt
--- ncaaw/NMSU xs: 3 rows x 14 cells ---
--- ncaaw/NMSU sm: 4 rows x 22 cells ---
--- ncaaw/NMSU md: 5 rows x 28 cells ---
wrote packages/core/src/art/ncaaw/nmsu.xs.txt
wrote packages/core/src/art/ncaaw/nmsu.sm.txt
wrote packages/core/src/art/ncaaw/nmsu.md.txt
--- ncaaw/NIA xs: 2 rows x 14 cells ---
--- ncaaw/NIA sm: 2 rows x 22 cells ---
--- ncaaw/NIA md: 3 rows x 28 cells ---
wrote packages/core/src/art/ncaaw/nia.xs.txt
wrote packages/core/src/art/ncaaw/nia.sm.txt
wrote packages/core/src/art/ncaaw/nia.md.txt
--- ncaaw/NICH xs: 2 rows x 13 cells ---
--- ncaaw/NICH sm: 3 rows x 21 cells ---
--- ncaaw/NICH md: 4 rows x 27 cells ---
wrote packages/core/src/art/ncaaw/nich.xs.txt
wrote packages/core/src/art/ncaaw/nich.sm.txt
wrote packages/core/src/art/ncaaw/nich.md.txt
--- ncaaw/NORF xs: 4 rows x 14 cells ---
--- ncaaw/NORF sm: 6 rows x 22 cells ---
--- ncaaw/NORF md: 8 rows x 28 cells ---
wrote packages/core/src/art/ncaaw/norf.xs.txt
wrote packages/core/src/art/ncaaw/norf.sm.txt
wrote packages/core/src/art/ncaaw/norf.md.txt
--- ncaaw/UNA xs: 3 rows x 14 cells ---
--- ncaaw/UNA sm: 4 rows x 22 cells ---
--- ncaaw/UNA md: 5 rows x 28 cells ---
wrote packages/core/src/art/ncaaw/una.xs.txt
wrote packages/core/src/art/ncaaw/una.sm.txt
wrote packages/core/src/art/ncaaw/una.md.txt
--- ncaaw/NCAT xs: 5 rows x 14 cells ---
--- ncaaw/NCAT sm: 7 rows x 22 cells ---
--- ncaaw/NCAT md: 9 rows x 28 cells ---
wrote packages/core/src/art/ncaaw/ncat.xs.txt
wrote packages/core/src/art/ncaaw/ncat.sm.txt
wrote packages/core/src/art/ncaaw/ncat.md.txt
--- ncaaw/NCCU xs: 2 rows x 14 cells ---
--- ncaaw/NCCU sm: 3 rows x 22 cells ---
--- ncaaw/NCCU md: 4 rows x 28 cells ---
wrote packages/core/src/art/ncaaw/nccu.xs.txt
wrote packages/core/src/art/ncaaw/nccu.sm.txt
wrote packages/core/src/art/ncaaw/nccu.md.txt
--- ncaaw/UNC xs: 3 rows x 14 cells ---
--- ncaaw/UNC sm: 5 rows x 22 cells ---
--- ncaaw/UNC md: 6 rows x 28 cells ---
wrote packages/core/src/art/ncaaw/unc.xs.txt
wrote packages/core/src/art/ncaaw/unc.sm.txt
wrote packages/core/src/art/ncaaw/unc.md.txt
--- ncaaw/UND xs: 2 rows x 14 cells ---
--- ncaaw/UND sm: 3 rows x 22 cells ---
--- ncaaw/UND md: 4 rows x 28 cells ---
wrote packages/core/src/art/ncaaw/und.xs.txt
wrote packages/core/src/art/ncaaw/und.sm.txt
wrote packages/core/src/art/ncaaw/und.md.txt
--- ncaaw/NDSU xs: 2 rows x 14 cells ---
--- ncaaw/NDSU sm: 3 rows x 22 cells ---
--- ncaaw/NDSU md: 4 rows x 28 cells ---
wrote packages/core/src/art/ncaaw/ndsu.xs.txt
wrote packages/core/src/art/ncaaw/ndsu.sm.txt
wrote packages/core/src/art/ncaaw/ndsu.md.txt
--- ncaaw/UNF xs: 2 rows x 14 cells ---
--- ncaaw/UNF sm: 4 rows x 22 cells ---
--- ncaaw/UNF md: 5 rows x 28 cells ---
wrote packages/core/src/art/ncaaw/unf.xs.txt
wrote packages/core/src/art/ncaaw/unf.sm.txt
wrote packages/core/src/art/ncaaw/unf.md.txt
--- ncaaw/UNT xs: 4 rows x 14 cells ---
--- ncaaw/UNT sm: 6 rows x 22 cells ---
--- ncaaw/UNT md: 8 rows x 28 cells ---
wrote packages/core/src/art/ncaaw/unt.xs.txt
wrote packages/core/src/art/ncaaw/unt.sm.txt
wrote packages/core/src/art/ncaaw/unt.md.txt
--- ncaaw/NE xs: 5 rows x 14 cells ---
--- ncaaw/NE sm: 7 rows x 22 cells ---
--- ncaaw/NE md: 9 rows x 28 cells ---
wrote packages/core/src/art/ncaaw/ne.xs.txt
wrote packages/core/src/art/ncaaw/ne.sm.txt
wrote packages/core/src/art/ncaaw/ne.md.txt
--- ncaaw/NAU xs: 2 rows x 13 cells ---
--- ncaaw/NAU sm: 2 rows x 19 cells ---
--- ncaaw/NAU md: 2 rows x 25 cells ---
wrote packages/core/src/art/ncaaw/nau.xs.txt
wrote packages/core/src/art/ncaaw/nau.sm.txt
wrote packages/core/src/art/ncaaw/nau.md.txt
--- ncaaw/UNCO xs: 4 rows x 14 cells ---
--- ncaaw/UNCO sm: 6 rows x 22 cells ---
--- ncaaw/UNCO md: 7 rows x 28 cells ---
wrote packages/core/src/art/ncaaw/unco.xs.txt
wrote packages/core/src/art/ncaaw/unco.sm.txt
wrote packages/core/src/art/ncaaw/unco.md.txt
--- ncaaw/NIU xs: 4 rows x 14 cells ---
--- ncaaw/NIU sm: 6 rows x 22 cells ---
--- ncaaw/NIU md: 7 rows x 28 cells ---
wrote packages/core/src/art/ncaaw/niu.xs.txt
wrote packages/core/src/art/ncaaw/niu.sm.txt
wrote packages/core/src/art/ncaaw/niu.md.txt
--- ncaaw/UNI xs: 3 rows x 14 cells ---
--- ncaaw/UNI sm: 4 rows x 22 cells ---
--- ncaaw/UNI md: 5 rows x 28 cells ---
wrote packages/core/src/art/ncaaw/uni.xs.txt
wrote packages/core/src/art/ncaaw/uni.sm.txt
wrote packages/core/src/art/ncaaw/uni.md.txt
--- ncaaw/NKU xs: 2 rows x 14 cells ---
--- ncaaw/NKU sm: 4 rows x 22 cells ---
--- ncaaw/NKU md: 5 rows x 28 cells ---
wrote packages/core/src/art/ncaaw/nku.xs.txt
wrote packages/core/src/art/ncaaw/nku.sm.txt
wrote packages/core/src/art/ncaaw/nku.md.txt
--- ncaaw/NWST xs: 6 rows x 14 cells ---
--- ncaaw/NWST sm: 10 rows x 22 cells ---
--- ncaaw/NWST md: 13 rows x 28 cells ---
wrote packages/core/src/art/ncaaw/nwst.xs.txt
wrote packages/core/src/art/ncaaw/nwst.sm.txt
wrote packages/core/src/art/ncaaw/nwst.md.txt
--- ncaaw/NU xs: 6 rows x 13 cells ---
--- ncaaw/NU sm: 9 rows x 20 cells ---
--- ncaaw/NU md: 11 rows x 25 cells ---
wrote packages/core/src/art/ncaaw/nu.xs.txt
wrote packages/core/src/art/ncaaw/nu.sm.txt
wrote packages/core/src/art/ncaaw/nu.md.txt
--- ncaaw/ND xs: 3 rows x 14 cells ---
--- ncaaw/ND sm: 5 rows x 22 cells ---
--- ncaaw/ND md: 7 rows x 28 cells ---
wrote packages/core/src/art/ncaaw/nd.xs.txt
wrote packages/core/src/art/ncaaw/nd.sm.txt
wrote packages/core/src/art/ncaaw/nd.md.txt
--- ncaaw/OAK xs: 3 rows x 14 cells ---
--- ncaaw/OAK sm: 5 rows x 22 cells ---
--- ncaaw/OAK md: 6 rows x 27 cells ---
wrote packages/core/src/art/ncaaw/oak.xs.txt
wrote packages/core/src/art/ncaaw/oak.sm.txt
wrote packages/core/src/art/ncaaw/oak.md.txt
--- ncaaw/OHIO xs: 2 rows x 14 cells ---
--- ncaaw/OHIO sm: 3 rows x 22 cells ---
--- ncaaw/OHIO md: 4 rows x 28 cells ---
wrote packages/core/src/art/ncaaw/ohio.xs.txt
wrote packages/core/src/art/ncaaw/ohio.sm.txt
wrote packages/core/src/art/ncaaw/ohio.md.txt
--- ncaaw/OSU xs: 4 rows x 14 cells ---
--- ncaaw/OSU sm: 6 rows x 22 cells ---
--- ncaaw/OSU md: 7 rows x 28 cells ---
wrote packages/core/src/art/ncaaw/osu.xs.txt
wrote packages/core/src/art/ncaaw/osu.sm.txt
wrote packages/core/src/art/ncaaw/osu.md.txt
--- ncaaw/OU xs: 5 rows x 14 cells ---
--- ncaaw/OU sm: 7 rows x 22 cells ---
--- ncaaw/OU md: 9 rows x 28 cells ---
wrote packages/core/src/art/ncaaw/ou.xs.txt
wrote packages/core/src/art/ncaaw/ou.sm.txt
wrote packages/core/src/art/ncaaw/ou.md.txt
--- ncaaw/OKST xs: 2 rows x 14 cells ---
--- ncaaw/OKST sm: 3 rows x 22 cells ---
--- ncaaw/OKST md: 4 rows x 28 cells ---
wrote packages/core/src/art/ncaaw/okst.xs.txt
wrote packages/core/src/art/ncaaw/okst.sm.txt
wrote packages/core/src/art/ncaaw/okst.md.txt
--- ncaaw/ODU xs: 3 rows x 14 cells ---
--- ncaaw/ODU sm: 5 rows x 22 cells ---
--- ncaaw/ODU md: 6 rows x 28 cells ---
wrote packages/core/src/art/ncaaw/odu.xs.txt
wrote packages/core/src/art/ncaaw/odu.sm.txt
wrote packages/core/src/art/ncaaw/odu.md.txt
--- ncaaw/MISS xs: 3 rows x 14 cells ---
--- ncaaw/MISS sm: 5 rows x 22 cells ---
--- ncaaw/MISS md: 7 rows x 28 cells ---
wrote packages/core/src/art/ncaaw/miss.xs.txt
wrote packages/core/src/art/ncaaw/miss.sm.txt
wrote packages/core/src/art/ncaaw/miss.md.txt
--- ncaaw/OMA xs: 4 rows x 13 cells ---
--- ncaaw/OMA sm: 6 rows x 21 cells ---
--- ncaaw/OMA md: 7 rows x 27 cells ---
wrote packages/core/src/art/ncaaw/oma.xs.txt
wrote packages/core/src/art/ncaaw/oma.sm.txt
wrote packages/core/src/art/ncaaw/oma.md.txt
--- ncaaw/ORU xs: 2 rows x 14 cells ---
--- ncaaw/ORU sm: 4 rows x 22 cells ---
--- ncaaw/ORU md: 4 rows x 28 cells ---
wrote packages/core/src/art/ncaaw/oru.xs.txt
wrote packages/core/src/art/ncaaw/oru.sm.txt
wrote packages/core/src/art/ncaaw/oru.md.txt
--- ncaaw/ORE xs: 3 rows x 14 cells ---
--- ncaaw/ORE sm: 5 rows x 22 cells ---
--- ncaaw/ORE md: 6 rows x 28 cells ---
wrote packages/core/src/art/ncaaw/ore.xs.txt
wrote packages/core/src/art/ncaaw/ore.sm.txt
wrote packages/core/src/art/ncaaw/ore.md.txt
--- ncaaw/ORST xs: 2 rows x 14 cells ---
--- ncaaw/ORST sm: 3 rows x 22 cells ---
--- ncaaw/ORST md: 4 rows x 28 cells ---
wrote packages/core/src/art/ncaaw/orst.xs.txt
wrote packages/core/src/art/ncaaw/orst.sm.txt
wrote packages/core/src/art/ncaaw/orst.md.txt
--- ncaaw/PAC xs: 3 rows x 14 cells ---
--- ncaaw/PAC sm: 4 rows x 22 cells ---
--- ncaaw/PAC md: 5 rows x 28 cells ---
wrote packages/core/src/art/ncaaw/pac.xs.txt
wrote packages/core/src/art/ncaaw/pac.sm.txt
wrote packages/core/src/art/ncaaw/pac.md.txt
--- ncaaw/PSU xs: 3 rows x 14 cells ---
--- ncaaw/PSU sm: 4 rows x 22 cells ---
--- ncaaw/PSU md: 5 rows x 28 cells ---
wrote packages/core/src/art/ncaaw/psu.xs.txt
wrote packages/core/src/art/ncaaw/psu.sm.txt
wrote packages/core/src/art/ncaaw/psu.md.txt
--- ncaaw/PENN xs: 5 rows x 14 cells ---
--- ncaaw/PENN sm: 7 rows x 22 cells ---
--- ncaaw/PENN md: 9 rows x 28 cells ---
wrote packages/core/src/art/ncaaw/penn.xs.txt
wrote packages/core/src/art/ncaaw/penn.sm.txt
wrote packages/core/src/art/ncaaw/penn.md.txt
--- ncaaw/PEPP xs: 4 rows x 13 cells ---
--- ncaaw/PEPP sm: 7 rows x 21 cells ---
--- ncaaw/PEPP md: 8 rows x 27 cells ---
wrote packages/core/src/art/ncaaw/pepp.xs.txt
wrote packages/core/src/art/ncaaw/pepp.sm.txt
wrote packages/core/src/art/ncaaw/pepp.md.txt
--- ncaaw/PITT xs: 2 rows x 14 cells ---
--- ncaaw/PITT sm: 3 rows x 22 cells ---
--- ncaaw/PITT md: 4 rows x 28 cells ---
wrote packages/core/src/art/ncaaw/pitt.xs.txt
wrote packages/core/src/art/ncaaw/pitt.sm.txt
wrote packages/core/src/art/ncaaw/pitt.md.txt
--- ncaaw/PORT xs: 4 rows x 14 cells ---
--- ncaaw/PORT sm: 5 rows x 22 cells ---
--- ncaaw/PORT md: 7 rows x 28 cells ---
wrote packages/core/src/art/ncaaw/port.xs.txt
wrote packages/core/src/art/ncaaw/port.sm.txt
wrote packages/core/src/art/ncaaw/port.md.txt
--- ncaaw/PRST xs: 5 rows x 14 cells ---
--- ncaaw/PRST sm: 7 rows x 22 cells ---
--- ncaaw/PRST md: 9 rows x 28 cells ---
wrote packages/core/src/art/ncaaw/prst.xs.txt
wrote packages/core/src/art/ncaaw/prst.sm.txt
wrote packages/core/src/art/ncaaw/prst.md.txt
--- ncaaw/PV xs: 4 rows x 14 cells ---
--- ncaaw/PV sm: 6 rows x 22 cells ---
--- ncaaw/PV md: 7 rows x 28 cells ---
wrote packages/core/src/art/ncaaw/pv.xs.txt
wrote packages/core/src/art/ncaaw/pv.sm.txt
wrote packages/core/src/art/ncaaw/pv.md.txt
--- ncaaw/PRES xs: 4 rows x 14 cells ---
--- ncaaw/PRES sm: 6 rows x 22 cells ---
--- ncaaw/PRES md: 7 rows x 28 cells ---
wrote packages/core/src/art/ncaaw/pres.xs.txt
wrote packages/core/src/art/ncaaw/pres.sm.txt
wrote packages/core/src/art/ncaaw/pres.md.txt
--- ncaaw/PRIN xs: 5 rows x 14 cells ---
--- ncaaw/PRIN sm: 7 rows x 22 cells ---
--- ncaaw/PRIN md: 9 rows x 28 cells ---
wrote packages/core/src/art/ncaaw/prin.xs.txt
wrote packages/core/src/art/ncaaw/prin.sm.txt
wrote packages/core/src/art/ncaaw/prin.md.txt
--- ncaaw/PROV xs: 3 rows x 13 cells ---
--- ncaaw/PROV sm: 4 rows x 21 cells ---
--- ncaaw/PROV md: 5 rows x 27 cells ---
wrote packages/core/src/art/ncaaw/prov.xs.txt
wrote packages/core/src/art/ncaaw/prov.sm.txt
wrote packages/core/src/art/ncaaw/prov.md.txt
--- ncaaw/PUR xs: 2 rows x 14 cells ---
--- ncaaw/PUR sm: 3 rows x 22 cells ---
--- ncaaw/PUR md: 4 rows x 28 cells ---
wrote packages/core/src/art/ncaaw/pur.xs.txt
wrote packages/core/src/art/ncaaw/pur.sm.txt
wrote packages/core/src/art/ncaaw/pur.md.txt
--- ncaaw/PFW xs: 4 rows x 14 cells ---
--- ncaaw/PFW sm: 6 rows x 22 cells ---
--- ncaaw/PFW md: 8 rows x 28 cells ---
wrote packages/core/src/art/ncaaw/pfw.xs.txt
wrote packages/core/src/art/ncaaw/pfw.sm.txt
wrote packages/core/src/art/ncaaw/pfw.md.txt
--- ncaaw/QUC xs: 3 rows x 13 cells ---
--- ncaaw/QUC sm: 5 rows x 21 cells ---
--- ncaaw/QUC md: 7 rows x 28 cells ---
wrote packages/core/src/art/ncaaw/quc.xs.txt
wrote packages/core/src/art/ncaaw/quc.sm.txt
wrote packages/core/src/art/ncaaw/quc.md.txt
--- ncaaw/QUIN xs: 4 rows x 14 cells ---
--- ncaaw/QUIN sm: 7 rows x 22 cells ---
--- ncaaw/QUIN md: 8 rows x 28 cells ---
wrote packages/core/src/art/ncaaw/quin.xs.txt
wrote packages/core/src/art/ncaaw/quin.sm.txt
wrote packages/core/src/art/ncaaw/quin.md.txt
--- ncaaw/RAD xs: 4 rows x 14 cells ---
--- ncaaw/RAD sm: 6 rows x 22 cells ---
--- ncaaw/RAD md: 7 rows x 28 cells ---
wrote packages/core/src/art/ncaaw/rad.xs.txt
wrote packages/core/src/art/ncaaw/rad.sm.txt
wrote packages/core/src/art/ncaaw/rad.md.txt
--- ncaaw/URI xs: 4 rows x 13 cells ---
--- ncaaw/URI sm: 8 rows x 21 cells ---
--- ncaaw/URI md: 9 rows x 28 cells ---
wrote packages/core/src/art/ncaaw/uri.xs.txt
wrote packages/core/src/art/ncaaw/uri.sm.txt
wrote packages/core/src/art/ncaaw/uri.md.txt
--- ncaaw/RICE xs: 4 rows x 14 cells ---
--- ncaaw/RICE sm: 7 rows x 22 cells ---
--- ncaaw/RICE md: 9 rows x 28 cells ---
wrote packages/core/src/art/ncaaw/rice.xs.txt
wrote packages/core/src/art/ncaaw/rice.sm.txt
wrote packages/core/src/art/ncaaw/rice.md.txt
--- ncaaw/RICH xs: 5 rows x 14 cells ---
--- ncaaw/RICH sm: 8 rows x 22 cells ---
--- ncaaw/RICH md: 10 rows x 28 cells ---
wrote packages/core/src/art/ncaaw/rich.xs.txt
wrote packages/core/src/art/ncaaw/rich.sm.txt
wrote packages/core/src/art/ncaaw/rich.md.txt
--- ncaaw/RID xs: 2 rows x 13 cells ---
--- ncaaw/RID sm: 3 rows x 21 cells ---
--- ncaaw/RID md: 4 rows x 27 cells ---
wrote packages/core/src/art/ncaaw/rid.xs.txt
wrote packages/core/src/art/ncaaw/rid.sm.txt
wrote packages/core/src/art/ncaaw/rid.md.txt
--- ncaaw/RMU xs: 2 rows x 14 cells ---
--- ncaaw/RMU sm: 3 rows x 22 cells ---
--- ncaaw/RMU md: 4 rows x 28 cells ---
wrote packages/core/src/art/ncaaw/rmu.xs.txt
wrote packages/core/src/art/ncaaw/rmu.sm.txt
wrote packages/core/src/art/ncaaw/rmu.md.txt
--- ncaaw/RUTG xs: 3 rows x 14 cells ---
--- ncaaw/RUTG sm: 5 rows x 22 cells ---
--- ncaaw/RUTG md: 6 rows x 28 cells ---
wrote packages/core/src/art/ncaaw/rutg.xs.txt
wrote packages/core/src/art/ncaaw/rutg.sm.txt
wrote packages/core/src/art/ncaaw/rutg.md.txt
--- ncaaw/SELA xs: 4 rows x 14 cells ---
--- ncaaw/SELA sm: 7 rows x 22 cells ---
--- ncaaw/SELA md: 8 rows x 28 cells ---
wrote packages/core/src/art/ncaaw/sela.xs.txt
wrote packages/core/src/art/ncaaw/sela.sm.txt
wrote packages/core/src/art/ncaaw/sela.md.txt
--- ncaaw/SIUE xs: 3 rows x 14 cells ---
--- ncaaw/SIUE sm: 4 rows x 22 cells ---
--- ncaaw/SIUE md: 6 rows x 28 cells ---
wrote packages/core/src/art/ncaaw/siue.xs.txt
wrote packages/core/src/art/ncaaw/siue.sm.txt
wrote packages/core/src/art/ncaaw/siue.md.txt
--- ncaaw/SMU xs: 2 rows x 14 cells ---
--- ncaaw/SMU sm: 3 rows x 22 cells ---
--- ncaaw/SMU md: 4 rows x 28 cells ---
wrote packages/core/src/art/ncaaw/smu.xs.txt
wrote packages/core/src/art/ncaaw/smu.sm.txt
wrote packages/core/src/art/ncaaw/smu.md.txt
--- ncaaw/SAC xs: 3 rows x 14 cells ---
--- ncaaw/SAC sm: 5 rows x 22 cells ---
--- ncaaw/SAC md: 6 rows x 28 cells ---
wrote packages/core/src/art/ncaaw/sac.xs.txt
wrote packages/core/src/art/ncaaw/sac.sm.txt
wrote packages/core/src/art/ncaaw/sac.md.txt
--- ncaaw/SHU xs: 2 rows x 13 cells ---
--- ncaaw/SHU sm: 3 rows x 22 cells ---
--- ncaaw/SHU md: 3 rows x 28 cells ---
wrote packages/core/src/art/ncaaw/shu.xs.txt
wrote packages/core/src/art/ncaaw/shu.sm.txt
wrote packages/core/src/art/ncaaw/shu.md.txt
--- ncaaw/JOES xs: 3 rows x 14 cells ---
--- ncaaw/JOES sm: 4 rows x 21 cells ---
--- ncaaw/JOES md: 5 rows x 27 cells ---
wrote packages/core/src/art/ncaaw/joes.xs.txt
wrote packages/core/src/art/ncaaw/joes.sm.txt
wrote packages/core/src/art/ncaaw/joes.md.txt
--- ncaaw/SLU xs: 4 rows x 14 cells ---
--- ncaaw/SLU sm: 6 rows x 22 cells ---
--- ncaaw/SLU md: 7 rows x 28 cells ---
wrote packages/core/src/art/ncaaw/slu.xs.txt
wrote packages/core/src/art/ncaaw/slu.sm.txt
wrote packages/core/src/art/ncaaw/slu.md.txt
--- ncaaw/SMC xs: 3 rows x 14 cells ---
--- ncaaw/SMC sm: 4 rows x 22 cells ---
--- ncaaw/SMC md: 5 rows x 28 cells ---
wrote packages/core/src/art/ncaaw/smc.xs.txt
wrote packages/core/src/art/ncaaw/smc.sm.txt
wrote packages/core/src/art/ncaaw/smc.md.txt
--- ncaaw/SPU xs: 5 rows x 14 cells ---
--- ncaaw/SPU sm: 7 rows x 22 cells ---
--- ncaaw/SPU md: 9 rows x 28 cells ---
wrote packages/core/src/art/ncaaw/spu.xs.txt
wrote packages/core/src/art/ncaaw/spu.sm.txt
wrote packages/core/src/art/ncaaw/spu.md.txt
--- ncaaw/SHSU xs: 3 rows x 14 cells ---
--- ncaaw/SHSU sm: 5 rows x 22 cells ---
--- ncaaw/SHSU md: 6 rows x 28 cells ---
wrote packages/core/src/art/ncaaw/shsu.xs.txt
wrote packages/core/src/art/ncaaw/shsu.sm.txt
wrote packages/core/src/art/ncaaw/shsu.md.txt
--- ncaaw/SAM xs: 4 rows x 14 cells ---
--- ncaaw/SAM sm: 6 rows x 22 cells ---
--- ncaaw/SAM md: 8 rows x 28 cells ---
wrote packages/core/src/art/ncaaw/sam.xs.txt
wrote packages/core/src/art/ncaaw/sam.sm.txt
wrote packages/core/src/art/ncaaw/sam.md.txt
--- ncaaw/SDSU xs: 3 rows x 14 cells ---
--- ncaaw/SDSU sm: 4 rows x 22 cells ---
--- ncaaw/SDSU md: 5 rows x 28 cells ---
wrote packages/core/src/art/ncaaw/sdsu.xs.txt
wrote packages/core/src/art/ncaaw/sdsu.sm.txt
wrote packages/core/src/art/ncaaw/sdsu.md.txt
--- ncaaw/USD xs: 4 rows x 14 cells ---
--- ncaaw/USD sm: 6 rows x 22 cells ---
--- ncaaw/USD md: 7 rows x 28 cells ---
wrote packages/core/src/art/ncaaw/usd.xs.txt
wrote packages/core/src/art/ncaaw/usd.sm.txt
wrote packages/core/src/art/ncaaw/usd.md.txt
--- ncaaw/SF xs: 3 rows x 11 cells ---
--- ncaaw/SF sm: 4 rows x 16 cells ---
--- ncaaw/SF md: 6 rows x 21 cells ---
wrote packages/core/src/art/ncaaw/sf.xs.txt
wrote packages/core/src/art/ncaaw/sf.sm.txt
wrote packages/core/src/art/ncaaw/sf.md.txt
--- ncaaw/SJSU xs: 4 rows x 14 cells ---
--- ncaaw/SJSU sm: 6 rows x 22 cells ---
--- ncaaw/SJSU md: 8 rows x 28 cells ---
wrote packages/core/src/art/ncaaw/sjsu.xs.txt
wrote packages/core/src/art/ncaaw/sjsu.sm.txt
wrote packages/core/src/art/ncaaw/sjsu.md.txt
--- ncaaw/SCU xs: 5 rows x 14 cells ---
--- ncaaw/SCU sm: 7 rows x 22 cells ---
--- ncaaw/SCU md: 9 rows x 28 cells ---
wrote packages/core/src/art/ncaaw/scu.xs.txt
wrote packages/core/src/art/ncaaw/scu.sm.txt
wrote packages/core/src/art/ncaaw/scu.md.txt
--- ncaaw/SEA xs: 4 rows x 14 cells ---
--- ncaaw/SEA sm: 6 rows x 22 cells ---
--- ncaaw/SEA md: 8 rows x 28 cells ---
wrote packages/core/src/art/ncaaw/sea.xs.txt
wrote packages/core/src/art/ncaaw/sea.sm.txt
wrote packages/core/src/art/ncaaw/sea.md.txt
--- ncaaw/HALL xs: 4 rows x 13 cells ---
--- ncaaw/HALL sm: 6 rows x 20 cells ---
--- ncaaw/HALL md: 7 rows x 26 cells ---
wrote packages/core/src/art/ncaaw/hall.xs.txt
wrote packages/core/src/art/ncaaw/hall.sm.txt
wrote packages/core/src/art/ncaaw/hall.md.txt
--- ncaaw/SIE xs: 4 rows x 14 cells ---
--- ncaaw/SIE sm: 6 rows x 22 cells ---
--- ncaaw/SIE md: 8 rows x 28 cells ---
wrote packages/core/src/art/ncaaw/sie.xs.txt
wrote packages/core/src/art/ncaaw/sie.sm.txt
wrote packages/core/src/art/ncaaw/sie.md.txt
--- ncaaw/USA xs: 3 rows x 14 cells ---
--- ncaaw/USA sm: 4 rows x 22 cells ---
--- ncaaw/USA md: 5 rows x 28 cells ---
wrote packages/core/src/art/ncaaw/usa.xs.txt
wrote packages/core/src/art/ncaaw/usa.sm.txt
wrote packages/core/src/art/ncaaw/usa.md.txt
--- ncaaw/SC xs: 4 rows x 14 cells ---
--- ncaaw/SC sm: 6 rows x 22 cells ---
--- ncaaw/SC md: 8 rows x 28 cells ---
wrote packages/core/src/art/ncaaw/sc.xs.txt
wrote packages/core/src/art/ncaaw/sc.sm.txt
wrote packages/core/src/art/ncaaw/sc.md.txt
--- ncaaw/SCST xs: 5 rows x 14 cells ---
--- ncaaw/SCST sm: 7 rows x 22 cells ---
--- ncaaw/SCST md: 9 rows x 28 cells ---
wrote packages/core/src/art/ncaaw/scst.xs.txt
wrote packages/core/src/art/ncaaw/scst.sm.txt
wrote packages/core/src/art/ncaaw/scst.md.txt
--- ncaaw/UPST xs: 3 rows x 14 cells ---
--- ncaaw/UPST sm: 4 rows x 22 cells ---
--- ncaaw/UPST md: 5 rows x 28 cells ---
wrote packages/core/src/art/ncaaw/upst.xs.txt
wrote packages/core/src/art/ncaaw/upst.sm.txt
wrote packages/core/src/art/ncaaw/upst.md.txt
--- ncaaw/SDAK xs: 4 rows x 14 cells ---
--- ncaaw/SDAK sm: 7 rows x 22 cells ---
--- ncaaw/SDAK md: 9 rows x 28 cells ---
wrote packages/core/src/art/ncaaw/sdak.xs.txt
wrote packages/core/src/art/ncaaw/sdak.sm.txt
wrote packages/core/src/art/ncaaw/sdak.md.txt
--- ncaaw/SDST xs: 3 rows x 14 cells ---
--- ncaaw/SDST sm: 4 rows x 22 cells ---
--- ncaaw/SDST md: 5 rows x 28 cells ---
wrote packages/core/src/art/ncaaw/sdst.xs.txt
wrote packages/core/src/art/ncaaw/sdst.sm.txt
wrote packages/core/src/art/ncaaw/sdst.md.txt
--- ncaaw/USF xs: 3 rows x 14 cells ---
--- ncaaw/USF sm: 5 rows x 21 cells ---
--- ncaaw/USF md: 6 rows x 27 cells ---
wrote packages/core/src/art/ncaaw/usf.xs.txt
wrote packages/core/src/art/ncaaw/usf.sm.txt
wrote packages/core/src/art/ncaaw/usf.md.txt
--- ncaaw/SEMO xs: 3 rows x 14 cells ---
--- ncaaw/SEMO sm: 5 rows x 22 cells ---
--- ncaaw/SEMO md: 6 rows x 28 cells ---
wrote packages/core/src/art/ncaaw/semo.xs.txt
wrote packages/core/src/art/ncaaw/semo.sm.txt
wrote packages/core/src/art/ncaaw/semo.md.txt
--- ncaaw/SIU xs: 2 rows x 14 cells ---
--- ncaaw/SIU sm: 3 rows x 22 cells ---
--- ncaaw/SIU md: 4 rows x 28 cells ---
wrote packages/core/src/art/ncaaw/siu.xs.txt
wrote packages/core/src/art/ncaaw/siu.sm.txt
wrote packages/core/src/art/ncaaw/siu.md.txt
--- ncaaw/USI xs: 2 rows x 14 cells ---
--- ncaaw/USI sm: 4 rows x 22 cells ---
--- ncaaw/USI md: 5 rows x 28 cells ---
wrote packages/core/src/art/ncaaw/usi.xs.txt
wrote packages/core/src/art/ncaaw/usi.sm.txt
wrote packages/core/src/art/ncaaw/usi.md.txt
--- ncaaw/SOU xs: 2 rows x 13 cells ---
--- ncaaw/SOU sm: 4 rows x 21 cells ---
--- ncaaw/SOU md: 5 rows x 27 cells ---

⣿⣿⡿⠿⠃⠀⠀⠀⠀⠀⠀⠀⣴⣿
⡟⠛⠁⠀⠀⠀⠀⠀⠀⠀⠀⠀⠙⢛
⠁⠀⠀⠀⠀⠀⠀⠀⠀⠀⠀⠀⠀⣼
⣿⣿⣿⣿⣿⣿⡿⠠⠀⠀⢁⠂⠀⠀⡀⢆⠀⠐⠀⣠⣿⣿
⣿⣿⣿⡟⠰⠀⠠⠃⠀⠰⠁⠀⠁⠀⠡⠂⠠⠀⠈⣿⣿⣿
⣟⠡⠀⠀⠀⢀⠀⡀⠀⠀⠠⠂⡀⠀⠀⠄⠀⠀⡔⠀⠠⢴
⠁⠂⠀⠔⠀⡀⠰⠀⠀⠔⠁⠀⠁⠀⠘⠀⠀⠰⠀⠀⢒⣿
⣿⣿⣿⣿⣿⣿⣿⣿⡿⢠⠂⠀⠰⢁⠔⢀⠀⠀⡀⢲⠀⢀⠔⠀⢀⣴⣿⣿
⣿⣿⣿⣿⣿⢉⠍⠉⢁⠎⠀⠀⡠⠋⠀⠜⠀⠀⢃⠜⠀⡀⠀⠐⣿⣿⣿⣿
⣿⡟⢛⠛⠃⠈⠀⠀⠉⢀⠀⠀⠁⠀⣀⠁⠀⠀⠁⠀⠀⠁⠀⢀⠙⠛⠛⢛
⡿⠀⠃⠀⠀⠀⠀⠤⢀⠎⠀⠀⢀⠜⠁⠰⠀⠐⢀⠇⠀⠰⢀⠆⠀⠀⠂⣿
⡀⠊⠀⠠⠎⠀⣠⠀⠜⠀⠀⠠⠊⠀⠀⠅⠀⠀⠎⠀⢀⠃⠜⠀⠀⠈⣹⣿
⣤⣀⣞⣩⣟⣩⣙⣩⣉⣟⣉⣟⣩⠃
⠀⣀⣀⣠⡟⠉⢹⠏⠉⠉⢻⠟⠉⠉⢉⡟⠉⢹⠟⠉⣹⠃
⠸⣅⣀⣋⣀⣠⣏⣀⣰⣆⣀⣴⣀⣀⣾⣀⣀⣋⣀⡠⠃
⠀⠀⠀⠀⢀⣾⠛⠛⢻⡟⠛⠛⠛⣿⡿⠛⠛⠛⠛⣿⠛⠛⢻⡟⠛⠛⣻⠃
⢠⡶⠒⠒⣾⠃⠀⢠⡿⠀⠀⣀⠀⠋⠀⡠⠀⠀⣼⠇⠀⢀⣿⠁⠀⢰⡏
⠸⢧⣤⣤⣥⣤⣤⣾⣥⣤⣤⣿⣤⣤⣾⣥⣤⣴⣿⣤⣤⣤⣥⣤⡴⠟
⠀⠀⠀⠀⠀⠻⣦⣠⣶⠏
⢀⣀⣤⣤⣤⣴⡣⣼⣿⣠⣴⣶⣦
⠻⣿⡿⠻⣿⣷⣼⣿⣿⣿⣿⣿⣿⣧
⠀⠈⠑⠚⠻⠿⣿⣽⣿⠿⠛⠛⠿⠟
⠀⠀⠀⠀⠀⠀⠀⠀⢫⡲⣤⡀⡠⣴⡿⠃
⠀⠀⠀⠀⢀⣀⣀⣀⣀⡽⠍⠹⢿⣿⠄⢀⣀⣤⣤⣄
⣤⣶⣿⣿⣿⣿⣿⣿⣿⠳⡯⣿⣿⣿⣿⣿⣯⣻⣿⣿⣷⡀
⠈⠻⢿⡟⠉⠙⣿⣿⣿⣷⣿⣾⣿⣿⣿⣿⣿⣿⣿⣿⣿⣷
⠀⠀⠀⠈⠉⠘⠙⠛⠿⠿⣇⣯⣿⡿⠿⠛⠋⠉⠛⠻⠿⠋
⠀⠀⠀⠀⠀⠀⠀⠀⠀⠀⢯⡳⣤⣀⠀⢀⣠⣴⣿⠗
⠀⠀⠀⠀⠀⠀⠀⠀⠀⠀⠀⠙⡼⠿⢷⣿⣾⡿⠁
⠀⠀⠀⢀⣀⣀⣤⣤⣤⣤⣤⣽⠓⣂⣈⣻⣿⣿⠁⢀⣤⣴⣶⣶⣶⣄
⣠⣶⣿⣿⣿⣿⣿⣿⣿⣿⣿⡏⢲⢭⣽⣿⣿⣿⣿⣿⣷⣝⣿⣿⣿⣿⣦
⠘⢿⣿⣿⡿⠟⠛⢿⣿⣿⣿⣷⣬⣷⣼⣿⣿⣿⣿⣿⣿⣿⢿⣿⣿⣿⣿⣧
⠀⠀⠉⠛⠧⣀⣀⣸⣿⣿⣿⡿⢿⡟⡿⣟⣿⣿⣿⣿⣿⣿⣿⣿⣿⣿⣿⣿
⠀⠀⠀⠀⠀⠀⠈⠁⠈⠙⠛⠿⠾⣧⣿⣮⡽⠿⠟⠛⠉⠀⠈⠉⠛⠛⠛⠁
⠀⠀⠀⠀⣤⣶⣻⠿⠟⢛⣀⣀⠀⠠
⢠⣾⣾⣶⢾⡿⡿⣿⡿⠶
⠠⠙⠿⠟⠿⠿⠿⠷⢚⠂⠊
⠀⠀⠀⠀⠀⠀⠀⣠⣴⣶⣾⣷⣻⡿⠟⠓⠂
⠀⠀⣀⠀⣀⠀⢸⣿⣿⣷⣗⣈⣉⠁⠤⠶⠶⠶⠆⠤⠄⠈
⠐⣶⣿⣿⣿⣷⠶⣿⡿⣿⡿⣿⣿⣿⣿⡷⠆
⠈⠹⣿⣿⣿⣿⣤⣮⣥⣽⣷⣟⣉⣥⡄⢀⡰
⠠⠉⠡⠙⠋⠉⠹⠿⠛⠛⠻⠿⢃⡨⠔⠈
⠀⠀⠀⠀⠀⠀⠀⠀⠀⢀⣤⣴⣶⣶⣶⢾⣻⣿⠿⠷⠖⠀⠀⠀⠀⠀⠄⡀
⠀⠀⠀⠀⠀⠀⠀⠀⢻⣿⣿⣿⣍⠯⠉⠛⠛⣁⣀⣠⣤⣤⣤⡦⣀⣀⠀⠘
⠀⣀⣬⣷⣦⣾⣦⣄⣸⣿⣿⣿⣿⣿⣿⣶⣶⣶⣤⣤⣀
⠠⣽⣿⣿⣿⣿⣿⣿⢙⡫⣿⢹⣿⡏⣿⣿⡿⠿⠟⠛⠉⡀
⠀⠀⣛⡿⣿⣿⣿⣿⣾⣿⣶⣶⣿⣿⣯⣤⢶⣾⠆⢀⢤⠟
⠲⠬⠥⠤⠭⠩⠭⠭⠝⠿⠛⠉⠉⡻⠻⢍⣀⡤⠒⠉
⠉⠉⠀⠀⠀⠁⠀⠀⠀⠈⠉⠙⠛⠻
⢀⣠⠄⠀⠀⣀⡀⠀⠀⣴⣶⣶⣤⣾
⣿⣇⡀⠀⠸⣿⣄⣤⣤⣠⣤⣾⣿⣿
⠉⠉⠉⠐⠀⠀⠀⠀⠋⠀⠀⠀⠀⠀⠈⠉⠙⠛⠛⠻⠿⢿
⠀⠀⠀⠀⠀⣀⣀⠀⠀⠀⠀⠀⠀⠀⠀⣀⣤⣤⡀⢀⣀⣴
⣠⣴⠖⠋⠁⠀⠀⣀⣤⡶⠒⠂⠀⠀⠛⠿⠿⠛⣿⣿⣿⣿
⣿⣿⣦⣀⡀⠀⠀⠻⣿⣧⣤⣶⣶⣦⣤⣤⣶⣾⣿⣿⣿⣿
⠛⠉⠉⠉⠒⠤⠄⠀⠀⠠⠜⠀⠀⠀⠀⠀⠀⠀⠉⠉⠙⠛⠻⠿⠿⢿⣿⣿
⠀⠀⠀⠀⠀⠀⠀⠀⠀⠀⠀⠀⠀⠀⠀⠀⠀⠀⠀⠀⠀⠀⠀⠀⠀⠀⠀⣩
⠀⠀⢀⣠⡤⠤⠒⠒⠒⠀⠉⠉⣉⣉⣁⣀⣀⣐⣴⣶⣿⣿⣿⣧⣴⣶⣾⣿
⣴⣿⡟⠁⠀⠀⠀⠀⠀⣴⣾⣿⠉⠀⠀⠀⠀⠀⠈⠙⠋⠉⣘⣿⣿⣿⣿⣿
⣿⣿⣿⣦⣄⣀⠀⠀⠀⠻⣿⣿⣦⣴⣶⣿⣷⣶⣤⣴⣶⣿⣿⣿⣿⣿⣿⣿
⠀⣀⣀⣈⣿⣛⣷⣀⣨⠟⣛⣿⡋
⠀⣿⣐⡶⣶⠒⠶⢋⣥⣞⣳⣮⠿
⠀⣶⣻⣯⠿⠤⠶⣌⡓⢶⡶⣏⣿
⠀⠀⠉⢩⣿⣭⡿⠉⢙⣦⣭⣷⣄
⠀⠀⠀⠀⠀⠈⢻⣟⢛⣻⣇⠀⠀⣘⣿⠟⠛⣻⡿⠛⠁
⠀⢸⡟⠉⣩⣭⣭⣭⠭⢭⣭⡽⠟⢉⣤⠶⢯⣍⣛⣳⡆
⠀⢈⣛⣒⣶⠮⢽⡿⠀⢈⡁⠰⢾⣛⣓⣒⣒⡻⠿⢭⡁
⠀⠘⠯⢤⣭⣟⣛⣛⣛⣛⣛⣳⣤⣈⠛⠿⣟⣩⣤⠼⠃
⠀⠀⠀⠀⠀⢀⣼⣯⣤⣼⡇⠀⠀⢩⣿⣦⣬⣽⣶⣤
⠀⠀⠀⠀⠀⠀⠀⠲⣶⡖⠒⠒⣶⡆⠀⠀⠀⠐⣶⡖⠒⠒⢒⣶⡶⠒
⠀⠐⢶⣶⠶⠶⠶⠶⠾⠿⠶⠶⠿⠷⠶⣶⡶⠞⠋⢀⣤⠶⠿⢥⣤⡀
⠀⠀⣿⡇⠀⠰⣶⣿⣿⣿⠛⠛⣿⡿⠟⠉⢀⣤⠾⠛⠛⢶⣦⣤⣸⣿
⠀⠀⠉⠛⠒⠶⠶⠦⢼⣿⠀⠀⣉⠀⠀⢾⣏⣙⣛⡛⠓⠒⠲⠶⢦⣄
⠀⠀⣿⡏⠉⠹⠷⠶⠼⠿⠤⠤⠿⠷⣦⣀⠈⠛⢿⣭⡿⠿⠇⠀⢸⣿
⠀⠀⠈⠉⠛⠛⠛⠓⢲⣶⠒⠒⣶⡖⠒⠛⠳⢦⣀⠈⠛⢿⣟⡛⠉⠁
⠀⠀⠀⠀⠀⠀⠀⠴⠿⠧⠤⠤⠿⠇⠀⠀⠀⠠⠿⠧⠤⠤⠬⠿⠷⠤
⣠⢤⡶⠢⢩⣭⣟⣿⣿⣷⣲⣤⣀
⠙⠻⠀⢠⠾⠟⠻⠿⠮⠉⠋⠑⠫⠡
⠀⣠⣤⠤⠖⠒⠚⣛⣛⣻⡿⣿⣓⣶⣲⡶⢤⣤⣀
⢺⡁⣴⠋⠉⠉⢀⣿⣿⣿⣶⣿⣟⠯⣿⢷⠿⠿⡻⢿⡤⡄
⠀⠉⠛⠦⠄⠠⠾⠿⠿⠁⠼⠿⠿⠷⠄⠉⠁⠀⠈⠹⠆⠼
⠀⠀⣀⣀⣤⠤⠶⠒⠒⠚⠛⠛⢻⣿⡽⠷⠶⠶⣶⡦⠤⣀⣀
⢠⠞⠉⣁⠤⠴⠔⠒⠀⣻⣿⣿⣟⣡⣾⣿⡿⢿⣛⣿⣴⣿⣶⣯⣴⡄
⠘⢦⡐⡇⠀⠀⠀⠀⣰⣿⣿⣿⠿⢿⣿⣿⣌⠛⠿⢉⣛⣛⠛⢪⣟⠓⠚⣄
⠀⠀⠉⠙⠒⠤⠀⠶⠿⠿⠿⠂⠐⠶⠿⠿⠿⠷⠂⠀⠀⠀⠀⠀⠀⠗⠤⠞
⠛⣿⣿⡟⠃⠀⠛⣿⣿⣟⠃
⠀⠻⠿⠿⣻⣿⣿⣾⣿⣿⣿⠿⠛⠛
⠀⠀⠀⣤⣿⣿⣯⡍⠙⣻⣿⣶⣤⣤
⡇⡿⣿⣿⣿⢿⢯⠄⠀⠸⢹⢿⣿⣿⣿⢿⠹
⠀⡇⣿⣿⣿⠸⣀⣀⣀⣀⣠⢹⣿⣿⣿⢇⣀⣀⣀⣀⣀⢀
⠀⠣⢻⣿⣿⣮⠟⣿⣿⣿⢹⣼⣿⡿⣫⣽⣿⣿⣟⠟⠛⠘
⠀⠀⠀⠀⠀⠀⡇⣿⣿⣿⢿⠿⠿⡿⣿⣿⣯⣎⣄⡀
⠀⠀⠀⠀⠐⣳⣷⣿⣿⣿⣾⢰⠀⠀⢱⢽⣿⣿⣿⣾⣶⢸
⡏⣿⢿⣿⣿⣿⡿⢿⢹⠀⠀⠀⣏⢹⢿⣿⣿⣿⣿⢿⢏⡇
⠀⢸⢸⣿⣿⣿⡇⡏⠀⠀⠀⠀⠀⢸⡇⣿⣿⣿⣿⢸
⠀⢸⢸⣿⣿⣿⡇⢾⢿⣿⣿⣿⣿⢿⢀⣿⣿⣿⣿⢸⣿⣿⣿⣿⡿⣿⣿⢹
⠀⠈⠑⠪⠿⠿⠿⢿⢸⣿⣿⣿⣧⣼⣿⣿⣿⣭⣶⣿⣿⢿⡫⠕⠊⠁
⠀⠀⠀⠀⠀⠀⠀⢸⢸⣿⣿⣿⡟⣻⠛⠛⠻⣟⠿⣿⣿⣶⣵⣢⢄⡀
⠀⠀⠀⠀⠀⠀⣏⣾⣾⣿⣿⣿⣿⣾⣈⡇⠀⠀⢹⣸⣿⣿⣿⣿⣿⣾⣿⣸
⠀⢀⣀⣤⢶⣾⠟⣻⣷⣦⣤⣀⡀
⢈⣻⠷⣿⣿⠿⠿⢿⣿⣿⣿⠾⣟⡁
⠹⠒⠒⠻⣿⡾⠷⠿⣿⣿⠟⠒⠒⠏
⠀⠀⠀⠀⠉⠙⢦⡴⠛⠉
⠀⠀⠀⠀⠀⢀⣠⡴⣶⣾⡟⢻⣷⣶⣦⣄⡀
⠠⣶⣶⠶⢛⣫⣵⣾⣿⣷⣄⣻⣿⣿⣿⣿⣿⡛⢶⣶⣶⠄
⠀⣀⡭⠿⠿⣿⣿⡟⠿⠿⠿⢿⠿⠿⣿⣿⣿⠿⠿⢭⣁
⠸⣿⠶⠶⠶⣿⣿⣿⣾⣿⣷⣾⣯⣿⣿⣿⣿⠶⠶⠶⣾⠇
⠀⠀⠀⠀⠀⠀⣽⣿⣷⣉⠀⠀⣸⣿⣿⣯
⠀⠀⠀⠀⠀⠀⠀⠀⠈⠻⠷⠾⠟⠁
⠀⠀⠀⠀⠀⠀⠀⢀⣀⣤⢶⣶⣾⡟⢿⣿⣶⣶⣤⣄⡀
⠀⣤⣤⣤⣤⡶⠾⣛⣩⣶⣿⣿⣆⠠⢾⣿⣿⣿⣿⣿⣿⡷⠶⣤⣤⣤⣤
⠀⠈⠛⠷⣶⣶⣿⣿⣿⣿⣿⣛⣛⣛⣛⣛⣛⣿⣿⣿⣿⣿⣷⣶⠾⠛⠉
⢀⣶⠛⣉⣉⣉⡽⣿⣿⣧⣈⣭⣭⣁⣨⣭⣭⣵⣿⣿⣿⢯⣉⣉⣉⠛⣶⡀
⠀⠻⠛⠉⠉⠛⠛⠿⣿⣿⡟⡻⠿⠿⠿⠿⣷⣿⣿⣿⠿⠛⠛⠉⠉⠛⠟
⠀⠀⠀⠀⠀⠀⠀⠠⠾⠿⢿⣧⣤⠀⠀⣤⣿⡿⠿⠷⠄
⠀⠀⠀⠀⠀⠀⠀⠀⠀⠀⠀⠙⠻⠷⠾⠟⠋
⠀⠸⠿⠿⡧⠤⠶⠒⢒⡁⠸⠿⠇⢀
⠀⠀⢸⣿⣿⣿⡟⠁⠀⠤⠤⠤⠤⠤⡇⠀⠀⣿⣿⡇
⠀⠀⠘⠛⠛⠛⠳⠒⠒⠒⠒⠂⠀⢀⡇⠀⠀⠛⠛⠃⠀⣀
⠀⠀⠀⣽⣿⣿⣿⣿⡟⠉⠀⢀⣀⣀⣀⣀⣀⣀⡇⠀⠀⢸⣿⣿⣿
⠀⠀⠀⢿⣿⣿⣿⣿⣇⣀⣀⣈⣉⣉⣉⠉⠉⠉⡇⠀⠀⢸⣿⣿⣿
⠀⠀⠀⠉⠉⠉⠉⠉⡏⠉⠉⠉⠉⠉⠉⠀⢀⣠⡇⠀⠀⠈⠉⠉⠁⠀⢀⣠
⠀⣿⣟⡛⠛⠛⣛⣿⣷
⣀⢠⡙⢟⠠⣤⡻⡇⢤⡤⢠⣤⢀⡀
⠚⣘⣻⣞⠉⠈⣷⣇⣈⣵⡾⣷⡞⠓
⠀⣿⣯⣥⣤⣤⣬⣭⣭⣥⣤⣿⡇
⠀⢰⣶⡶⠶⠶⠶⠶⠶⠶⠶⢶⣶⡆
⠀⠸⠿⢿⣿⣦⠀⠀⠀⢰⣿⡿⠿⠇
⢠⡄⣴⣤⡛⢵⣐⠪⣷⢊⠱⣿⠉⣷⣶⡆⣶⣴⡖⢠⣤⡄
⠠⠧⠝⢣⣯⣕⠋⠑⠁⢹⣷⡎⠀⠉⢸⣥⣽⣭⣧⡜⠟⠆
⠀⢰⣶⣾⣿⠟⠀⠀⠀⠘⠿⠷⠶⠶⠿⠟⠁⢸⣿⡇
⠀⠸⠿⠷⠶⠶⠶⠶⠶⠶⠶⠶⠶⠶⠶⠶⠶⠾⠿⠇
⠀⠀⣶⣶⣶⣶⣶⣶⣶⣶⣶⣶⣶⣶⣶⣶⣶⡆
⠀⠀⣿⣿⣷⣶⣶⡄⠀⠀⠀⠀⣴⣶⣾⣿⣿⡇
⠀⢀⣀⣀⢘⡿⣛⡣⢤⣄⣤⣠⠟⣍⣥⡄⢠⣄⣠⡤⢤⣄⢀⣀⣀⣀⡀
⠈⣷⠀⣿⡟⣷⢬⣗⣶⣌⣝⣱⣷⣈⡻⣇⣸⣿⣛⣇⣸⣿⠿⡇⢸⣛⣞⡀
⠘⠃⠈⠉⢹⣷⣾⡇⠀⠀⠀⠀⣿⣿⣇⠀⠀⢀⣴⣿⣿⠷⢿⣿⣿⠉⠚⠃
⠀⠀⣿⣿⡿⠿⠿⠃⠀⠀⠀⠀⠙⠻⠿⠿⠿⠿⠟⠛⠁⠀⣿⣿⣿
⠀⠀⠿⠿⠿⠿⠿⠿⠿⠿⠿⠿⠿⠿⠿⠿⠿⠿⠿⠿⠿⠿⠿⠿⠿
⠀⠀⠀⣠⣤⣤⣤⣤⢴⣿⡶⣤⣀⡀
⠀⠀⢼⣿⣿⣿⡿⢟⣻⣿⡟⠻⣿⢧
⠀⢀⣾⣿⣿⣿⣧⣽⣷⣿⣿⣿⠍
⣰⣿⣿⣿⣿⣿⣿⣿⠏⠀⠉⠁
⠀⠀⠀⠀⠀⢀⣤⣀⣀⣀⣀⣤⡤⢤⢼⣵⣶⣤⣀⣀⡀
⠀⠀⠀⢀⡾⣽⣿⣿⣿⣿⢯⡟⢷⢿⣯⣾⡶⠾⣷⣿⣿⡀
⠀⠀⠀⢨⣟⣾⣿⣿⢯⡟⠉⢰⣳⣛⢿⣿⣧⣤⣬⠿⠭⠋
⠀⢀⣠⣿⣾⣿⣿⢯⣿⣿⣿⣿⡾⣿⠧⢟⣛⣛⠿⠂
⢠⣟⣾⣿⣿⣿⣿⣿⣿⣿⣿⣿⣽⠃
⠀⠀⠀⠀⠀⠀⠀⢀⣀⠀⠀⠀⠀⠀⣀⣀⣀⣀⣽⣵⣶⣤⡀
⠀⠀⠀⠀⠀⢠⡴⣾⣾⣿⣿⣷⣿⡿⣾⣶⣰⣭⡭⣍⣟⢏⣿⣏⣗⣖⣦
⠀⠀⠀⠀⢠⣟⡼⣿⣿⣿⣿⡿⣿⣱⠯⡹⠝⣯⣷⣾⣿⠋⠛⢯⣿⣯⡿⣄
⠀⠀⠀⠀⢈⡿⣽⣿⣿⣿⡟⣼⡏⡩⢰⠺⣞⠛⣿⣯⣯⣤⣤⣤⣽⣯⠴⠋
⠀⠀⠀⢀⡾⣽⣿⣿⣿⡟⣼⣿⣷⣶⣮⣭⣾⣷⣎⠿⠯⣿⣿⢿⡆
⠀⢠⡖⣿⣽⣿⣿⣿⣿⣼⣿⣿⣽⣿⣿⣿⣳⠏⠉⠙⠓⠒⠓⠉
⢠⣿⣼⣿⣿⣿⣿⣿⣿⣿⣿⣿⣿⣿⣿⣵⠏
⢯⢻⣿⡟
⢸⢸⣿⡟⡏⢻⣿⠇⠀⠀⠸⡝⣿⡿
⣞⣼⣿⣷⣷⣾⣿⣾⣽⣿⡇⡇⣿⡇
⠀⠀⠀⠉⠫⣝⣿⣷⣶⣶⣾⣷⡿⠇
⣿⡹⣿⣿⣿⣿
⢹⡇⢸⣿⣿⠁⡶⢶⣶⣶⣶⡆⠀⠀⠀⠀⢰⡶⣶⣶⣶⣶
⢸⡇⢸⣿⣿⠀⢳⡎⣿⣿⣿⠃⣀⣀⣀⢀⠘⣷⠉⣿⣿⡟
⣼⢇⣸⣿⣿⣦⣼⣧⣿⣿⣿⣴⣯⣹⣿⣿⡇⣿⠀⣿⣿⡇
⠛⠶⠛⠛⠛⠿⢿⡟⣿⣿⣿⣛⠛⠛⠛⠛⣃⣿⢀⣿⣿⡇
⠀⠀⠀⠀⠀⠀⠘⠳⢬⣙⣿⣿⣿⣿⣿⣿⣿⣿⣿⡿⠛⠁
⣿⠋⣿⣿⣿⣿⣿⡇
⠙⣿⠀⣿⣿⣿⡟⢡⣤⣤⣤⣤⣤⣤⣤⠀⠀⠀⠀⠀⠀⣤⣤⣤⣤⣤⣤⣤
⠀⣿⠀⣿⣿⣿⡇⢸⣧⡜⢿⣿⣿⣿⣿⠀⠀⠀⠀⠀⠀⣿⣄⠻⣿⣿⣿⣿
⠀⣿⠀⣿⣿⣿⡇⠀⣾⡇⢸⣿⣿⣿⠀⣶⠶⣶⣶⣶⡆⢸⣿⠀⣿⣿⣿
⣿⠋⣴⣿⣿⣿⣿⣿⣿⣿⣿⣿⣿⣿⣿⣿⣶⣿⣿⣿⡇⢸⣿⠀⣿⣿⣿
⠛⠛⠛⠛⠛⠛⠻⠟⣻⡟⢻⣿⣿⣿⣟⣛⣛⣛⣛⣋⣃⣼⡟⣠⣿⣿⣿
⠀⠀⠀⠀⠀⠀⠀⠀⠉⠛⠦⣍⣻⣿⣿⣿⣿⣿⣿⣿⣿⣿⣿⣿⡿⠟⠋
⠀⠀⢀⡤⠿⠛⠒⠒⠲⠶⣤⣀
⣆⡟⢰⠆⡀⠶⡖⢺⠏⠖⢰⡗⢶⡰
⠀⠀⠀⠀⠀⢀⣸⣹⡹⠶⠶⠶⢶⣤⣤⣤⣀⡀
⢀⠄⣀⠠⠊⠉⠉⠀⣀⠀⣀⠠⡤⠤⠒⠉⠙⠺⠖⠄⠀⢀
⡎⣸⡛⠂⣾⠋⢠⡘⠛⣿⠛⢘⣿⠃⢹⠁⢋⣟⠑⢻⣅⡜
⠀⠀⠀⠀⠀⠀⠀⠀⣫⢛⡛⣿⣶⣦⣤⣤⣤⣤⣤⣀⣀
⠀⠀⠀⠀⠀⡠⡲⠿⠛⠋⠉⠀⠀⠀⠈⢉⠉⢉⣙⠻⠿⢯⣲⣀
⢰⠊⣵⡎⠉⢀⣤⡀⠀⢠⣤⣄⣤⣤⢌⣷⣯⡉⣥⣩⢀⣬⣉⡅⣩⣄⠀⣲
⣟⣰⣿⣉⣁⣾⣏⣁⣰⣈⣉⣩⡾⣉⣈⣿⣏⣀⣹⣀⣈⡰⣍⣀⣉⣦⣀⠇
⠀⠀⠀⣸⣿⣿⣿⣿⣿⣟⣀
⠀⠛⠛⣿⣿⣿⣿⣿⣿⣿⡿⢿⣷⣦
⠀⠀⢰⣿⣿⣿⣿⠿⠟⣛⣛⠶⠍
⣠⣶⣿⣿⣿⣿⣶⣶⣾⣿⠃
⠀⠀⠀⠀⠀⣼⣿⣿⣿⣿⣿⣿⣿⣿⣿⠏
⢀⣀⣠⣤⣤⣶⣾⣿⣿⣿⣿⣿⣿⣿⣶⣶⣶⣦⣤⡄
⠀⠀⠀⠉⠙⣿⣿⣿⣿⣿⣿⣧⣻⣟⣹⣿⠿⠿⢿⣿⣿⡷
⠀⠀⠀⠀⣰⣿⣿⣿⣿⣿⣿⣿⣿⣿⠿⠿⢿⣶⣦⡙⠉
⠀⠀⠀⣰⣿⣿⣿⣿⣿⡿⠋⠁⠀⣠⣶⣶⡶⠀⠀⠁
⢠⣿⣿⣿⣿⣿⣿⣿⣿⣿⣿⣿⣿⣿⣿⡟⢁
⠀⠀⠀⠀⠀⠀⢠⣿⣿⣿⣿⣿⣿⣿⣿⣿⣿⣿⣿⡟
⠀⠀⠀⢀⣀⣀⣤⣤⣼⣿⣿⣿⣿⣿⣿⣿⣿⣶⣶⣦⣤⣤⣄⣀⡀
⠀⠉⠙⠛⠛⠿⢿⣿⣿⣿⣿⣿⣿⣿⡟⢽⣿⣿⢿⣿⣿⣿⣿⣿⣿⣶⣦⣄
⠀⠀⠀⠀⠀⠀⣼⣿⣿⣿⣿⣿⣿⣿⣿⣷⣶⣶⣿⣿⣯⣍⣉⠙⢻⡿⠟⠋
⠀⠀⠀⠀⠀⣼⣿⣿⣿⣿⣿⣿⣿⣿⡿⠿⠟⠛⣛⣛⣛⡛⠿⠿⢦
⠀⢀⣀⣀⣼⣿⣿⣿⣿⣿⣿⣿⣋⣁⣀⣀⣠⣼⣿⣿⣿⠋
⢠⣿⣿⣿⣿⣿⣿⣿⣿⣿⣿⣿⣿⣿⣿⣿⣿⣿⣿⡿⠁⡀
⢠⣤⣶⣶⠻⠿⣈⡉⠹⢿⡖⠂⣠⣄
⢠⣿⣣⣇⣻⣶⣞⡟⠚⣿⡟⡟⠁⠈
⠉⠉⠉⠉⠹⢿⣼⣤⣾⡿⠜
⠀⠀⣠⣤⣤⣶⡶⣾⣿⡭⠭⠉⠛⢿⣭⣭⣲⣦⣄⣀⡀
⠚⢻⣿⣿⠏⡽⢁⣋⡛⠓⣶⣶⣊⣉⣭⠥⣴⣒⣲⡤⠭⣷
⠀⣾⣿⡟⣼⠃⠚⢻⣿⣿⡟⡿⠐⠛⣿⣿⡿⢹⠇
⠼⠿⠿⠿⠿⠿⠿⣿⣿⡟⣼⠃⠀⣰⣿⣿⢡⡏
⠀⠀⠀⠀⠀⠀⠀⠻⠿⣿⣾⣿⣿⣿⣿⠵⠋
⠀⠀⠀⢀⣀⣠⣤⣤⣶⣶⣾⠟⣉⣉⠉⠭⢭⣭⣙⣓⠒⢦⣄⡀
⣠⣤⣭⣭⣭⣭⠭⣭⢩⣿⣿⣯⣁⣀⣀⣀⡴⢾⠛⠭⠛⠉⡉⠋⠙⠓⢦⡄
⠀⠀⣿⣿⣿⠏⣼⠇⠴⠤⠤⠀⠼⠿⠿⠧⠤⠴⠖⠛⠿⠭⣭⡭⠽⠛⠳⡿
⠀⣸⣿⣿⡟⢰⡏⠐⠛⢿⣿⣿⣿⠏⣽⠃⠚⠻⣿⣿⣿⡏⣹⠏
⢰⣿⣿⣿⣶⣿⣿⣿⣿⣿⣿⣿⡟⣰⡏⠀⠀⢰⣿⣿⡟⢰⡟
⠉⠉⠉⠉⠉⠉⠉⠉⠙⣿⣿⣿⣅⢿⣄⣀⣠⣿⣿⡿⢡⡿
⠀⠀⠀⠀⠀⠀⠀⠀⠀⠙⠻⠿⣿⣿⣿⣿⣿⣿⠭⠖⠋
⠠⢤⣶⣶⣾⣿⣿⣿⣿⣿⣿⣗
⠀⠀⠀⠈⠙⠻⣿⣿⣿⣿⠿⢿⠷⠖
⠀⠀⠀⠀⠀⠀⠘⡿⠋⠉⠉⠉
⢀⣀⣤⣤⣴⣶⣶⣾⣿⣿⣿⣿⣿⣿⣿⣿⣿⣷⠆
⠀⠀⠈⠉⠙⠛⠿⢿⣿⣿⣿⣿⣿⣿⣻⣿⣿⣿⣿⣧⣤⣄
⠀⠀⠀⠀⠀⠀⠀⠀⠉⠻⣿⣿⣿⣿⣿⣿⣉⣭⣹⠙⠉
⠀⠀⠀⠀⠀⠀⠀⠀⠀⠀⠘⡿⠟⠁⠀⠉⠉⠉
⠀⠀⣀⣀⣤⣤⣤⣶⣶⣶⣾⣿⣿⣿⣿⣿⣿⣿⣿⣿⢿⣷⣶⡦
⠈⠉⠙⠛⠛⠿⠿⣿⣿⣿⣿⣿⣿⣿⣿⣿⣿⣿⢿⣿⣿⣿⣿⣖⣦⣀
⠀⠀⠀⠀⠀⠀⠀⠀⠈⠙⠻⣿⣿⣿⣾⣿⣻⣷⣿⣿⣿⣿⢿⢻⢿⣿⠿⠓
⠀⠀⠀⠀⠀⠀⠀⠀⠀⠀⠀⠀⠙⣿⣿⣿⣷⠿⠿⣿⣶⣶⣾⡶⠃
⠀⠀⠀⠀⠀⠀⠀⠀⠀⠀⠀⠀⠀⠈⣿⠟⠁
⣿⣉⣉⠉⠉⠉⣉⣉⡿
⠀⠀⣯⠀⠀⠀⣿
⠀⠀⣿⠀⠀⠀⣿⠀⠀⣰⡖⠒⠒⣶
⣿⣉⣁⣀⣀⣀⣉⣉⣉⣉⣀⣀⣀⣿
⣿⡟⠛⠛⠛⠛⠛⠛⠛⠛⠛⠛⢻⣿
⠛⠷⠶⣶⡤⠄⠀⠀⠀⢠⣴⠶⠾⠛
⠀⠀⠀⣿⡇⠀⠀⠀⠀⢸⣿
⠀⠀⠀⣿⡇⠀⠀⠀⠀⢸⣿
⠀⠀⠀⣿⡇⠀⠀⠀⠀⢸⣿⠀⠀⠀⢀⣿⡟⠛⠛⠛⢻⣿
⣤⡶⠶⠛⠃⠀⠀⠀⠀⠘⠛⠛⠛⠛⠛⠛⠀⠀⠀⠀⢸⣿
⣿⣧⣤⣤⣤⣤⣤⣤⣤⣤⣤⣤⣤⣤⣤⣤⣤⣤⣤⣤⣼⣿
⣿⣿⠛⠛⠛⠛⠛⠛⠛⠛⠛⠛⠛⠛⠛⠛⣿⡇
⣿⣿⣀⣀⣀⣀⠀⠀⠀⠀⠀⠀⢀⣀⣀⣠⣿⡇
⠀⠀⠈⢹⣿⡏⠉⠀⠀⠀⠀⠀⣿⣿⠉⠉
⠀⠀⠀⢸⣿⡇⠀⠀⠀⠀⠀⠀⣿⣿
⠀⠀⠀⢸⣿⡇⠀⠀⠀⠀⠀⠀⣿⣿
⠀⠀⠀⢸⣿⡇⠀⠀⠀⠀⠀⠀⣿⣿⠀⠀⠀⠀⠀⣴⣶⠶⠶⠶⠶⠶⣶⣶
⠀⢀⣀⣸⣿⡇⠀⠀⠀⠀⠀⠀⣿⣿⣤⣤⣤⣤⣴⣿⡏⠀⠀⠀⠀⠀⣿⣿
⣿⣿⠉⠉⠉⠀⠀⠀⠀⠀⠀⠀⠀⠀⠀⠀⠀⠀⠀⠀⠀⠀⠀⠀⠀⠀⣿⣿
⣿⣿⣤⣤⣤⣤⣤⣤⣤⣤⣤⣤⣤⣤⣤⣤⣤⣤⣤⣤⣤⣤⣤⣤⣤⣤⣿⣿
⠀⣀⣤⣶⣾⣿⠿⡿⢿⣿⣶⣦⣤⡀
⣼⣿⣿⢋⠕⠈⠐⠒⠦⣤⣩⡉⠉⠁
⠻⣿⣿⣾⠄⠀⣲⡀⠀⣾⣿⡿
⠐⠚⠛⠛⠿⠥⡀⠻⠷⢾⡟⠁
⠀⠀⠀⢀⣠⣤⣶⣶⣿⣿⣿⣿⣿⣿⣿⣶⣶⣤⣤⣀
⢀⣴⣾⣿⣿⣿⠿⣟⣛⠏⠉⠏⠉⠽⠉⣛⠿⢿⣿⣿⠷⠦
⣾⣿⣿⣿⣿⣁⡖⠉⠀⠈⠉⠉⠙⠛⢶⣦⣑⣦
⠻⣿⣿⣿⣿⣾⣇⠀⠀⠰⣦⠀⠀⠀⣼⣿⣮⣿⣧
⠀⠉⠻⣿⣿⣿⣯⣥⠤⠖⠻⣷⣄⣀⣛⣿⣿⣿
⠈⠉⠉⠉⠉⠙⠛⠛⠶⠤⡀⠘⠿⠿⠿⢦⠭⠅
⠀⠀⠀⠀⠀⢀⣠⣤⣴⣶⣶⣿⣿⣿⣿⣿⣿⣿⣷⣶⣶⣤⣄⣀
⠀⠀⣠⣴⣾⣿⣿⣿⣿⣿⡿⣿⠿⠟⣿⠛⠿⣿⠿⣿⣿⣿⣿⣿⣿⣶⣄⡀
⢀⣾⣿⣿⣿⣿⣿⠟⠛⣢⠤⠚⣃⣉⣭⣍⣉⣉⠒⠶⣏⡉⠻⠿⠟⠛⠋⠉
⣿⣿⣿⣿⣿⣿⣁⣩⠏⠀⠀⠀⠀⠀⠀⠀⠉⠛⢿⣷⣦⣹⣦
⢻⣿⣿⣿⣿⣿⣧⣼⡀⠀⠀⠠⣤⡄⠀⠀⠀⠀⣸⣿⣭⣽⣿⣧
⠀⠙⢿⣿⣿⣿⣿⣿⠿⠂⠀⣀⣴⣿⣄⠀⠀⠸⣿⣿⣿⣿⣿⠉
⢀⣠⣤⣭⣿⣿⣿⣿⣿⣿⡋⠉⠀⠈⢿⣿⣶⣦⡤⠿⠿⢿⠟
⠀⠀⠀⠀⠀⠉⠉⠉⠉⠙⠛⠳⠦⡀⠈⠛⠛⠻⠿⠶⡶⠶⠆
⠈⢻⣾⠋⡀
⠀⣸⣿⡀⠙⣷⡖⠛⠛⠒⣶⣤⡀
⠀⢹⣿⠁⣠⣿⣇⣀⣠⣤⣼⣛
⠀⡼⠿⢦⣬⣿⣯⣤⣤⠀⠉⠹⣿⡆
⠀⠀⠀⠀⡠⠿⠷⠤⠤⠤⠶⠖⠋⠁
⠈⠙⢿⣶⣾⠋⠁
⠀⠀⢸⣿⡇⠀⠲⣦⣄⣀⣤⣤⣤⣤⣤⣀⣀
⠀⢀⣼⣿⣿⣄⠀⠘⣿⣿⡅⠀⠀⠀⠈⠉⣿⣿⣦⡀
⠀⠀⢹⣿⣿⠁⢀⣰⣿⣿⣇⣀⣀⣀⣤⣤⣾⡿⠋
⠀⠀⢸⣿⣿⣄⠈⠻⣿⣿⡛⠉⠉⢉⡉⠉⠛⠛⢿⣶⣤
⠀⠒⠛⠉⠉⠛⠛⠛⣿⣿⠟⠛⠛⠿⠄⠀⠀⠀⣘⣿⡿⠃
⠀⠀⠀⠀⠀⠀⣠⠾⠛⠻⠿⠶⠶⠶⠶⠶⠿⠛⠛⠉
⠈⠙⢿⣶⣶⣶⡿⠋⠁
⠀⠀⠀⢻⣿⣿⠀⠠⣄⣀
⠀⠀⠀⣼⣿⣿⡀⠀⠈⢻⣿⣶⡾⠿⠿⠿⠿⠿⠿⠷⣶⣦⣄⡀
⠀⠀⢴⣿⣿⣿⣷⠄⠀⠀⣿⣿⣿⡀⠀⠀⠀⠀⠀⠀⠼⣿⣿⣿⠦
⠀⠀⠀⢻⣿⣿⠃⠀⠀⣰⣿⣿⣿⣁⣀⣀⣀⣀⣠⣤⣶⣿⠿⠋
⠀⠀⠀⢸⣿⣿⡄⠀⠙⢿⣿⣿⣿⠿⠛⠛⠛⠛⠛⠛⠻⠿⢿⣶⣦⣄⡀
⠀⢀⣠⣿⠿⠿⢿⣶⣦⣤⣿⣿⣿⣦⣤⣤⣶⣾⠁⠀⠀⠀⠀⢬⣿⣿⣷⡄
⠀⠀⠀⠀⠀⠀⠀⠀⠀⢉⣿⣿⣟⣁⠀⠉⠉⠙⠃⠀⢀⣀⣠⣴⣿⡿⠋
⠀⠀⠀⠀⠀⠀⠀⢀⡴⠟⠛⠛⠛⠻⠿⠿⠿⠿⠿⠿⠿⠛⠛⠉⠁
⣿⣿⡇⠀⠀⢸⣿⣿⣿⣿⣿⢸⣿⣿
⠿⠿⠷⠾⢿⣾⣿⣿⠿⢿⣿⠾⠿⠟
⠀⠀⠠⠤⢾⣿⠟⣳⣿⠩⠉
⠀⠀⠀⠀⠀⠉⢿⠋
⣿⣿⣿⣿⠀⠀⠀⠀⠀⣿⣿⣿⡇⣿⣿⣿⣿⠀⣿⣿⣿⣿
⣿⣿⣿⣿⠀⣀⣀⣀⡀⣿⣿⣿⡇⣿⣿⣿⣿⠀⣿⣿⣿⣿
⠿⠿⠿⠿⠿⠿⠝⣿⣷⣻⣿⣿⠧⠿⠿⣟⣛⡛⠻⠟⠛⠋
⠀⠀⠀⠀⣀⣀⣬⣭⣽⣿⠿⢶⣶⣶⠒⢂⠉
⠀⠀⠀⠀⠀⠀⠉⠛⠿⣧⣲⣶⠟⠛⠉⠉
⠀⠀⠀⠀⠀⠀⠀⠀⠀⠙⣿⠁
⣿⣿⣿⡯⣿⠀⠀⠀⠀⠀⠀⣿⢹⣿⣿⣿⢸⣯⣿⣿⣿⡇⠀⣿⢹⣿⣿⣿
⣿⣿⣿⡇⣿⠀⠀⠀⠀⠀⠀⣿⢸⣿⣿⣿⢸⣿⣿⣿⣿⡇⠀⣿⢸⣿⣿⣿
⣿⣿⣿⣗⣿⣤⣴⣶⣶⡖⡆⢹⢸⣿⣿⣿⢸⡿⣿⣿⣿⣧⣤⣿⣸⣿⣿⣿
⠛⠛⠛⠛⠛⠛⠛⠓⢘⣿⣿⣏⣾⣿⣿⠾⠶⠷⠲⣟⣛⣛⡛⠩⠟⠙⠋⠁
⠀⠀⠀⠀⠀⠀⠀⢀⣘⣉⣹⣿⣿⣯⣶⣶⣶⡶⠖⠒⠚⠉
⠀⠀⠀⠀⠒⠉⠉⠙⠿⣿⣿⣿⠋⡨⣭⣽⣿⡿⠖⠒⠂
⠀⠀⠀⠀⠀⠀⠀⠀⠀⠀⠉⢹⣿⣾⡿⠋
⠀⠀⠀⠀⠀⠀⠀⠀⠀⠀⠀⠀⠹⡿
⠀⠀⣼⣿⣯⠴⢖⣒⠒⢦⡤⠄
⢀⣼⣿⣯⣵⣿⣿⡟⠛⠛⠉⠛⠛⠃
⠀⠀⠀⠀⣿⣿⣿⠟⣀⣤⣤⣤⣦⣤⣄⣀
⠀⠀⠀⣼⣿⣿⢏⡼⠛⠉⢁⣀⡀⠀⠲⠮⠏⠑⠦⢄⡀
⠀⠀⣼⣿⣿⠏⠉⣲⣶⣶⢫⣿⡿⠿⡿⠿⠿⢿⣿⣶⣿⠇
⢀⣼⣿⣿⣿⣿⣿⣿⣿⢣⣿⡟
⠀⠀⠀⠀⠀⣿⣿⣿⣿⠟⢀⣠⣤⣤⣤⣦⣤⣤⣄⣀⡀
⠀⠀⠀⢀⣼⣿⣿⡿⣣⡼⠛⠋⠉⢀⣀⣀⠀⠀⠲⠮⢿⠉⠓⠦⢤⣀
⠀⠀⢀⣾⣿⣿⡿⠑⠁⣲⣶⣶⡶⣩⣿⣿⠿⢿⡿⠿⠿⠿⢿⣿⣶⣾⡿⠂
⠀⣤⣿⣿⣿⣿⣿⣿⣿⣿⣿⡟⣵⣿⡿⠁
⠀⣿⢉⣹⡏⡙⡏⠟⣟⢹⢙⢛⡟⠂
⣏⣿⣟⣉⣻⣉⣏⣏⣏⣉⣿⣉⣿⡁
⠀⢐⣲⠒⠀⢒⡶⠒⠒⣶⠒⣀⢲⡖⠒⡖⠒⠖⢺⣿⠷
⣠⠤⠾⢤⡷⠤⢧⣴⡦⣼⠦⡤⢴⡧⢴⠧⣴⠦⠼⢧⡤
⢿⣀⣛⣻⣁⣀⣈⣟⣀⣽⣀⣃⣸⣀⣤⣀⣿⣂⣀⣹⣄
⠀⠐⠲⣖⠒⢒⠒⢶⣶⠒⠒⢶⣖⠒⢒⠒⣶⡖⠲⣶⠒⠲⡖⢲⣿⣷⡆
⠀⠀⢙⣿⠀⣠⡀⢻⡇⢀⣃⠈⣷⡀⠛⠀⣹⡇⢀⣿⠀⣠⡀⢸⡟⠉
⣴⠋⢉⣉⣹⡟⠋⠉⢽⣿⡟⠉⡟⠉⡟⠉⣿⠉⠻⠋⢹⡟⠉⠉⣹⡟⠉
⠿⣄⣘⣉⣹⣁⣨⣄⣘⣟⣁⣰⣧⣀⣃⣠⣿⣀⣦⣀⣸⣏⣐⣀⣘⣧⣀
⠛⠛⣿⣿⢻⣿⢻⣿⣟⠛
⠀⠈⣻⢿⣼⣿⡸⣿⣥⣤⣤⣤
⠀⠀⠛⠛⠛⠻⠿⠛⠿⢿⡿⠷⣶⡀
⠿⠿⠟⣛⣛⣛⢻⣿⣿⡟⣛⣛⣛⡻⠿⠿
⠀⠀⢀⣿⣿⣿⢸⣿⣿⡇⣿⣿⣿⡗
⠀⠀⠀⢹⡿⢿⣸⣿⣿⣇⡿⢿⣯⣤⣤⣤⣤⣤⡄
⠀⠀⠀⢺⣧⣬⣭⣭⣭⣭⣥⣼⣿⣿⣿⣿⣿⣟⢃⣀⣄
⠀⠀⠀⠉⠀⠀⠀⠈⠉⠛⠛⠉⠛⠻⠿⢿⡿⠟⠿⢿⣥⡄
⣿⣿⣿⡿⠿⠿⠿⠿⣿⣿⣿⣿⡿⠿⠿⠿⠿⣿⣿⣿⡇
⠉⠉⠁⢰⣿⣿⣿⡇⢸⣿⣿⣿⢰⣿⣿⣿⣷⡌⠉⠉⠁
⠀⠀⠀⢸⣿⣿⣿⡇⢸⣿⣿⣿⢸⣿⣿⣿⣿⠃
⠀⠀⠀⠀⠹⣿⠿⠇⢸⣿⣿⣿⠸⠿⢿⣿⣥⣤⣤⣤⣤⣤⣤⡄
⠀⠀⠀⠀⣼⣿⠘⠿⠿⠿⠿⠿⠿⠇⢸⣿⣿⣿⣿⣿⣿⣿⣿⡇
⠀⠀⠀⠀⣼⠿⠟⠛⠻⠿⣿⣿⣿⣿⢿⣿⣿⣿⣿⣿⣿⣿⣧⣴⣶⡿⠇
⠀⠀⠀⠀⠀⠀⠀⠀⠀⠀⠀⠈⠉⠙⠁⠈⠙⠛⠛⠿⡿⠛⠛⠛⠿⣷⣶⠤
⠀⠀⣰⣿⣶⣤⣄⣀
⢀⣴⣾⣿⣿⣿⣿⡿⢿⣿⣷⣶⣄
⠙⢿⣿⣿⣿⣿⣿⣿⣟⠩⣷⣶⣦⡽
⠀⠀⠀⠉⠙⠛⠻⠿⣿⠉⠉⠉
⠀⠀⠀⠀⣸⣷⣦⣤⣀⡀
⠀⠀⠀⢸⣿⣿⣿⣿⣿⣿⣿⣶⣶⣤⣤⣄⣀⣀
⠀⣰⣾⣿⣿⣿⣿⣿⣿⣿⣿⣿⠛⣿⡿⣿⣿⡿⢿⣄⣀
⠈⣿⣿⣿⣿⣿⣿⣿⣿⣿⣿⣿⣿⡖⠛⢋⡤⡤⣤⣄⡈⣷
⠀⠈⠙⠛⠿⠿⣿⣿⣿⣿⣿⣿⣿⣷⠤⠬⠽⠿⠿⠛⠛⠋
⠀⠀⠀⠀⠀⠀⠀⠈⠉⠙⠛⠻⠿⣯
⠀⠀⠀⠀⠀⢠⣿⣶⣤⣀⡀
⠀⠀⠀⠀⢰⣾⣿⣿⣿⣿⣿⣷⣶⣤⣤⣀⣀
⠀⠀⠀⣀⣼⣿⣿⣿⣿⣿⣿⣿⣿⣿⣿⣿⣿⣿⣿⣷⣶⣶⣤⣄
⠀⣰⣿⣿⣿⣿⣿⣿⣿⣿⣿⣿⣿⣿⣿⡟⢩⣿⡿⣿⣿⡿⠿⠿⢧⣄⡀
⠚⢻⣿⣿⣿⣿⣿⣿⣿⣿⣿⣿⣿⣿⣿⣿⣷⡶⠞⠛⣁⣠⣤⣄⣀⠀⠹⣷
⠀⠈⠻⢿⣿⣿⣿⣿⣿⣿⣿⣿⣿⣿⣿⣿⣿⣀⠀⠘⠿⢼⣸⣧⣿⣿⣶⠟
⠀⠀⠀⠀⠀⠉⠙⠛⠻⠿⣿⣿⣿⣿⣿⣿⣿⡿⠛⠛⠛⠛⠉⠉⠁
⠀⠀⠀⠀⠀⠀⠀⠀⠀⠀⠀⠀⠉⠙⠛⠻⠿⣧
⠀⢠⣤⣀⣀⣸⣫⠉⠉⢉⣽
⢠⣿⠿⢿⠻⠿⠿⣧⠀⢸⣧⠤⠤⣤
⠈⠙⠛⠾⠷⢪⣐⣉⣀⣈⣁⣀⣀⣸
⠀⠀⣠⣄⡀⠀⠀⠀⢸⡿⢍⠉⠉⠉⠉⠉⣿
⠀⠀⣿⣿⣿⣶⣶⣶⣿⣶⣼⡀⠀⠀⠀⣴⠛
⠀⣾⣿⡿⠿⠯⠿⠽⠿⠿⢿⣿⡀⠀⠀⣿⣄⣀⣀⣀⣀⣀
⠘⠿⣿⣆⢦⣸⣶⣆⡴⠀⣀⡽⡗⠀⠀⠻⠇⠀⠀⠀⠀⣿
⠀⠀⠀⠈⠉⠻⠿⠟⢹⣏⣀⣀⣀⣀⣀⣀⣀⣀⣀⣀⣀⣿
⠀⠀⠀⣀⣀⠀⠀⠀⠀⠀⠀⣿⡏⣉⠉⠉⠉⠉⠉⠉⢹⣿
⠀⠀⢰⣿⣿⣿⣦⣤⣤⣤⣴⣧⣄⣸⠀⠀⠀⠀⠀⢠⣼⠿
⠀⢠⣾⣿⣿⣿⣿⣿⣿⢟⣿⣿⣿⣿⣧⡄⠀⠀⠀⢸⡇
⠠⣾⣿⣿⠛⢉⠉⣩⠉⠉⠉⡉⠛⠛⢿⣦⠄⠀⠀⢸⣷⠖⠒⠒⠒⠒⢲⣶
⠈⠟⠻⠿⣧⣻⣦⣽⣿⣥⢴⡃⣠⢤⠎⠿⠁⠀⠀⠘⠛⠁⠀⠀⠀⠀⢸⣿
⠀⠀⠀⠀⠀⠉⠙⠻⠿⠛⠉⣿⣇⣀⣀⣀⣀⣀⣀⣀⣀⣀⣀⣀⣀⣀⣸⣿
⠀⢀⣟⡹⢿⣿⣿⣿⣿⢏⡿⠁
⠀⠀⣼⢃⣿⣿⣿⣿⢏⡾⠁
⠀⣸⢃⣾⣿⣿⣿⢏⣾⣁⣀⣀⣀⣀
⣰⣏⣾⣿⣿⣿⣿⣶⣿⣿⣿⣟⣹⠏
⠀⠀⠀⣼⡟⢩⣭⣭⣭⣭⣭⣭⣭⣭⡍⢉⣿⠏
⠀⠀⠸⠿⣶⡶⢠⣿⣿⣿⣿⣿⣿⡿⢁⣾⠏
⠀⠀⠀⣰⡿⢡⣿⣿⣿⣿⣿⣿⡿⢁⣾⠏
⠀⠀⣰⡿⢁⣾⣿⣿⣿⣿⣿⡿⢁⣾⠏
⠀⣰⡿⢁⣾⣿⣿⣿⣿⣿⣿⠁⠾⠿⠶⠶⠶⠶⠶⠶⣶⡖
⣰⣿⣁⣙⣛⣛⣛⣛⣛⣛⣛⣛⣛⣛⣛⣛⣛⣛⣋⣼⡟
⠀⠀⠀⠀⣼⣿⠛⣛⣛⣛⣛⣛⣛⣛⣛⣛⣛⣛⣛⠛⣻⣿⠃
⠀⠀⠀⣰⣿⣃⣀⡛⠛⣿⣿⣿⣿⣿⣿⣿⣿⣿⠃⢠⣿⠏
⠀⠀⠀⠉⠉⣽⡿⠁⣼⣿⣿⣿⣿⣿⣿⣿⣿⠇⢠⣿⠏
⠀⠀⠀⠀⣼⡿⠁⣼⣿⣿⣿⣿⣿⣿⣿⣿⠏⢠⣿⠏
⠀⠀⠀⣼⡿⠁⣸⣿⣿⣿⣿⣿⣿⣿⣿⠏⢠⣿⠏
⠀⠀⣼⣿⠃⣰⣿⣿⣿⣿⣿⣿⣿⣿⠏⢠⣿⣏⣀⣀⣀⣀⣀⣀⣀⣀⣀⣀
⠀⣰⣿⠃⣰⣿⣿⣿⣿⣿⣿⣿⣿⣯⣤⣬⣭⣭⣭⣭⣭⣭⣭⣭⠉⣹⣿⠃
⣰⣿⣧⣤⣭⣭⣭⣭⣭⣭⣭⣭⣭⣭⣭⣭⣭⣭⣭⣭⣭⣭⣭⣥⣴⣿⠃
⢐⣿⠀⠀⢸⣷⣤⣾⡗⠐⣿⠀⣿⠂
⠰⠿⠖⠂⠘⠛⠈⠘⠓⠀⠻⠶⠿⠃
⡁⣶⣶⢈⠀⠀⠅⢶⣶⣄⢀⣠⣶⡖⢈⢰⣶⠆⡁⣶⣶⢈
⠀⢸⣿⠠⢀⡀⠄⣸⣿⡙⠿⢋⣿⣇⢠⢸⣿⠀⠀⣿⡇
⡅⠛⠛⠛⠉⠁⠂⠉⠉⠀⠉⠈⠉⠉⠈⠀⠙⠛⠓⠿⠃
⡇⢶⣶⡶⢈⠀⠀⠀⡁⢶⣶⣦⣐⢄⣠⣶⣶⡆⣉⢰⣶⣶⢈⡁⢶⣶⡶⢸
⢸⢸⣿⡇⠠⢀⣀⢠⢃⣼⣿⣏⠻⠿⢋⣿⣿⣅⢻⢸⣿⣿⠸⠀⢸⣿⡇⡇
⡇⠚⠛⠛⠛⠋⠉⠘⠈⠉⠉⠁⠈⠈⠀⠉⠉⠉⠘⠀⠉⠛⠛⠓⠿⠟⠃⠃
⠀⠀⢀⣠⣄⣠⣤⣤⣠⣀⣤⣀
⠀⠀⠈⠛⢿⣿⣿⣿⣿⣿⠛⠁
⠀⠀⠀⠀⠈⠛⢿⣿⠟⠁
⠀⠀⠄⠀⠀⣄⣀⡀⣐⣀⣈⣀⣈⣀⡂⣐⣀⠉⠀⠀⠐⠈
⠀⠀⠈⠀⠺⣿⣿⣿⣿⣿⣿⣿⣿⣿⣿⣿⣿⡽⠃⠀⠀⠈
⠀⠀⠀⠀⠀⠀⠘⢿⣿⣿⣻⣿⣟⣿⣿⡿
⠀⠀⠀⠀⠀⠀⠀⠀⠉⠻⣟⣿⣻⠛⠁
⠈⡄⢀⠈⠀⡰⢁⡀⠀⠁⠈⡤⠁⠈⠄⠈⠁⠀⡌⠪⠄⡄⠁⠀⠀⠐⠦⠸
⡀⠃⠈⣡⠈⣀⣬⣶⣾⣥⣴⣶⣶⣿⣷⣷⣾⣾⣦⣴⣶⣶⢤⡄⠈⠀⠐⢰
⠀⠀⠀⠀⠀⠹⢯⣿⣿⣿⣟⣿⣿⣿⣿⣿⣿⣿⣿⣿⣿⡿⠞⠁
⠀⠀⠀⠀⠀⠀⠀⠀⢹⣿⣿⣿⡿⢿⣿⡿⢿⣿⣿⣿⠇
⠀⠀⠀⠀⠀⠀⠀⠀⠀⠙⢿⣿⣷⣿⣿⣿⣾⣿⠿⠋
⠀⠀⠀⠀⠀⠀⠀⠀⠀⠀⠀⠈⠻⣽⣿⣯⠟⠁
⠘⢻⣿⡿⣿⣦⡀⢀⣼⣿⢿⣿⡟⠃
⢿⣾⣿⣓⣾⣿⣿⣿⡽⠿⢭⣿⣿⣿
⢠⣼⣿⣧⡄⠀⠙⠋⠀⢠⣼⣿⣧⡄
⠀⠿⢿⣿⣿⣿⣿⣿⣦⠀⠀⠀⠀⣴⣿⣿⣿⣿⣿⡿⠿
⣀⣄⠸⠿⠿⠏⠻⠿⠿⢷⣀⣀⣚⣛⣛⣫⣽⣭⣽⣧⣀⡀
⣿⣿⣿⢹⠟⣝⢿⣭⡟⢿⢸⣧⣇⣸⣿⣇⣧⣺⣶⣏⣿⣿
⠈⠉⢻⣟⣛⡟⠛⠉⠉⠩⣭⣿⠆⠀⠀⠀⣶⣶⣶⡆⠘⠉
⠀⣶⣾⣿⣿⣿⣶⠀⠀⠀⠀⠀⠀⠀⠀⣶⣿⣿⣿⣷⣶
⠀⢼⣿⣿⣿⣿⣿⣿⣿⣿⣦⡀⠀⠀⠀⠀⢀⣼⣿⣿⣿⣿⣿⣿⣿⣿⡇
⠀⠀⠀⣿⣿⣿⣿⡛⣿⣿⣿⣿⣄⠀⠀⠠⠿⠿⠿⠿⠛⠿⠿⠿⠟
⣾⣿⣶⡭⢭⣭⡭⢤⣬⠵⣶⣶⡖⢲⡖⣺⠋⣿⣿⡏⢹⢏⣿⣉⡿⢽⣿⣶
⠿⣿⣟⣛⣼⣫⣼⣬⣻⣗⣶⣬⡧⠼⠿⠿⠶⠿⠿⠓⢚⣓⣛⣒⡛⠾⣿⡿
⠀⠀⠀⣶⣶⣶⣶⡄⠀⠀⠀⠀⠺⠿⠿⠟⠁⠀⠀⠀⢸⣿⣿⣿⣿
⠀⢸⣿⣿⣿⣿⣿⣿⣿⠀⠀⠀⠀⠀⠀⠀⠀⠀⠀⣿⣿⣿⣿⣿⣿⣿⡇
⠀⢠⣿⣶⣄⣀⣀⣀⣀⣠⣶⣿⡄
⢠⠤⢣⣟⣿⣿⣿⣿⣿⣿⣿⡜⠤⡄
⠹⣦⣀⣙⡛⢿⣿⣿⡿⢛⣋⣀⣴⠏
⠀⠀⠀⠀⠉⢯⣿⣿⡽⠉
⠀⠀⢠⣾⣷⣦⣄⣀⠀⠀⠀⠀⠀⠀⣀⣠⣴⣾⣷⡀
⠀⢀⣈⡷⣙⣿⣿⣿⣿⣿⣿⣿⣿⣿⣿⣿⣿⡋⢾⣁⡀
⠬⣟⠀⠀⠛⣿⣿⣿⣿⣿⣿⣿⣿⣿⣿⣿⣿⠛⠀⠀⡻⠄
⠀⠻⠶⠤⠤⠤⣭⣍⠹⣿⣿⣿⣿⠏⣩⣭⠤⠤⠤⠶⠟
⠀⠀⠀⠀⠀⠀⠀⠈⠳⣽⣿⣿⣯⠞⠁
⠀⠀⠀⢀⣾⣷⣦⣄⠀⠀⠀⠀⠀⠀⠀⠀⠀⠀⠀⠀⣠⣴⣾⣧⡀
⠀⠀⠀⢸⡏⢿⣿⣿⣿⣶⣶⣶⣶⣶⣶⣶⣶⣶⣶⣿⣿⣿⡿⣹⠇
⠀⣀⣤⠤⠟⣠⣿⣟⣿⣿⣿⣿⣿⣿⣿⣿⣿⣿⣿⣿⣿⣷⣌⠻⠤⣤⣀
⠤⣾⡃⠀⠀⠙⢻⣿⣿⣿⣿⣿⣿⣿⣿⣿⣿⣿⣿⣿⣿⡟⠋⠀⠀⢘⣷⠤
⠀⠾⢧⡤⠀⠀⠈⠙⡛⠛⠛⣿⣿⣿⣿⣿⣿⠛⠛⣛⠋⠁⠀⠀⢤⡼⠶
⠀⠀⠉⠉⠉⠉⠉⠓⠚⠿⣆⠻⣿⣿⣿⣿⠏⣰⠿⠓⠛⠉⠉⠉⠉⠉
⠀⠀⠀⠀⠀⠀⠀⠀⠀⠀⠘⠶⣿⣿⣿⣿⠾⠃
⠀⢻⡏⠉⣉⠓⠚⡉⠉⢹⡟
⠀⣸⣇⣀⣿⠁⠉⣇⣀⣸⠉⠉⣿⠁
⠀⠁⠈⠉⠿⢤⣀⣉⣉⣉⣀⣤⠿
⠀⠙⢿⣟⠛⠛⠛⠛⢶⣴⠞⠛⠛⠛⢛⣿⡿⠃
⠀⠀⢸⣿⠀⠀⢰⣦⣄⢀⣠⣶⠀⠀⢸⣿⣇⣀⣀⣀⣀
⠀⠀⣸⡿⠀⠀⢸⣿⠀⠀⠀⣿⠀⠀⠨⣿⠀⠀⢰⣿⠁
⠀⠚⠛⠛⠛⠛⢻⣿⠀⠀⠀⢿⣿⣿⣿⠿⠀⠀⢸⣿⡀
⠀⠀⠀⠀⠀⠀⠙⠛⠶⣤⣤⣤⣤⣤⣤⣤⣤⣴⠾⠛⠁
⠀⠐⠲⣶⣖⠒⠒⠒⠒⠲⢶⣤⣴⠶⠒⠒⠒⠒⠒⣲⣶⠖⠂
⠀⠀⠀⢸⣿⠀⠀⠀⢠⣄⠀⠈⠀⢀⣠⡄⠀⠀⠀⣿⡇
⠀⠀⠀⢸⣿⠀⠀⠀⢸⣿⠛⠒⠚⠛⣿⡇⠀⠀⠀⣿⡛⠛⠛⢛⣿⡿⠃
⠀⠀⣠⣾⣟⣀⣀⣀⣘⣿⠀⠀⠀⠀⣿⣃⣀⣀⣀⣻⡇⠀⠀⢸⣿⡇
⠀⠈⠉⠉⠉⠉⠉⠉⣹⣿⠀⠀⠀⠀⠻⠿⠿⠿⠿⠟⠁⠀⠀⠘⣿⣇⡀
⠀⠀⠀⠀⠀⠀⠀⠀⠉⠛⠻⠶⠤⠤⠤⠤⠤⠤⠤⠤⠤⠤⠶⠟⠛⠉
⠀⠻⡽⣿⣿⣕⢄⡠⣪⣿⣿⢯⠟
⠶⠶⣿⣽⣽⣭⣿⣽⣭⣯⣝⣿⠶⠶
⠀⣴⣳⣿⣷⣳⣝⣫⣞⣾⣿⣞⣦
⠀⠀⣯⡹⢽⣿⣿⣯⣝⢦⡀⢀⡴⣫⣽⣿⣿⡯⢏⣽
⣤⣤⣤⣽⣸⢿⡿⡿⠿⣷⣽⠯⡾⠿⣿⠿⢿⣧⢯⣤⣤⣤
⠛⠛⠛⣻⢳⣿⣿⡻⣗⢿⣿⣾⡾⣺⢗⣿⣷⡞⣟⠛⠛⠛
⠀⠀⣏⣱⣿⣿⣿⣷⣏⣷⣝⣫⢾⣹⣾⣿⣿⣿⣎⣹
⠀⠀⢸⡏⠭⣭⣭⣭⣭⣭⣝⢦⡀⠀⠀⢀⡴⣋⣭⣭⣭⣭⣭⠭⢹⡇
⠀⠀⠀⠉⣿⢸⣿⣿⣿⣿⣿⣷⣝⢲⡖⣫⣾⣿⣿⣿⣿⣿⡇⣾⠉
⣿⣿⣿⣿⣿⡶⣠⣶⣩⣋⣍⣹⣿⣟⣩⢋⣌⣹⣟⣭⣩⣋⣟⣹⣿⣿⣿⣿
⠀⠀⠀⣀⡿⢸⣿⣿⣿⡅⢷⣝⠿⣿⣿⡿⣫⡾⢩⣿⣿⣿⡇⢿⣀
⠀⠀⢸⣇⣒⣛⣛⣛⣛⣛⣒⣸⡷⣌⣡⢾⣇⣒⣛⣛⣛⣛⣛⣒⣸⡇
⠲⢶⣶⣤⣤⣤⣀⣀⣤⣤⣤⣶⡶⠖
⠀⠀⠉⠉⠉⠙⣿⣿⠋⠉⠉⠉
⠲⣴⣶⣤⣤⣀⣀⣀⣀⠀⠀⠀⠀⣀⣀⣀⣀⣤⣤⣶⣦⠖
⠀⠈⠙⠿⠿⠿⣿⣿⣿⣿⣿⣿⣿⣿⣿⣿⠿⠿⠿⠋⠁
⠀⠀⠀⠀⠀⠀⠀⠀⠀⠼⢿⣿⠧
⢠⣤⣶⣤⣤⣀⣀⠀⠀⠀⠀⠀⠀⠀⠀⠀⠀⠀⠀⠀⠀⣀⣀⣤⣤⣶⣤⡄
⠀⠙⠻⣿⣿⣿⣿⣿⣿⣿⣿⣶⣶⣶⣶⣶⣶⣿⣿⣿⣿⣿⣿⣿⣿⠟⠋
⠀⠀⠀⠀⠉⠙⠛⠛⠛⠻⠿⠿⢿⣿⣿⡿⠿⠿⠛⠛⠛⠛⠋⠉
⠀⠀⠀⠀⠀⠀⠀⠀⠀⠀⠀⠐⠿⢿⡿⠿⠂
⠘⣿⣿⣿⣷⣄⠀⠀⣠⣾⣿⣿⣿⠁
⠀⣿⣿⣿⣿⣿⣦⣴⣿⣿⣿⣿⣿
⠀⣿⣿⣿⡟⢿⣿⣿⡿⢻⣿⣿⣿
⣘⣛⣛⣻⣃⣀⣉⣉⣀⣘⣛⣛⣻⣃
⠈⢯⣿⣿⣿⣿⣿⣦⡀⠀⠀⠀⠀⢀⣴⣿⣿⣿⣿⣿⡟⠁
⠀⠀⣿⣿⣿⣿⣿⣿⣷⣄⠀⠀⣠⣿⣿⣿⣿⣿⣿⣿
⠀⠀⣿⣿⣿⣿⣻⣿⣿⣿⣷⣾⣿⣿⣿⣟⣿⣿⣿⣿
⠀⠀⣿⣿⣿⣿⣿⠻⣿⣿⣿⣿⣿⣿⠟⣿⣿⣿⣿⣿
⢀⣴⣿⣿⣿⣿⣿⠀⠈⠻⠿⠿⠟⠁⠀⣿⣿⣿⣿⣿⣦⡀
⣨⣭⣭⣩⣭⣭⣍⣤⡤⣤⣤⣠⣤⣠⣤⣭⢭⣍⣭⣭⣭⣥
⠈⢯⡻⣿⣿⣿⣿⣿⡿⣄⠀⠀⠀⠀⠀⠀⠀⠀⣰⣫⣿⣿⣿⣿⣿⢯⡟⠁
⠀⠀⢹⢹⣿⣿⣿⣿⣿⣮⣳⡀⠀⠀⠀⠀⣠⢞⣽⣿⣿⣿⣿⣿⣷⡏
⠀⠀⢸⢸⣿⣿⣿⣿⣿⣿⣿⣝⢦⡀⢀⡴⣳⣿⣿⣿⣿⣿⣿⣿⣿⡇
⠀⠀⢸⢸⣿⣿⣿⡯⣹⣿⣿⣿⣷⡷⣯⣾⣿⣿⡿⣋⣿⣿⣿⣿⣿⡇
⠀⠀⢸⢸⣿⣿⣿⡇⣿⢫⡻⣿⣿⣿⣿⣿⣿⢿⠞⣿⣿⣿⣿⣿⣿⡇
⠀⠀⣸⢸⣿⣿⣿⡇⣿⠀⠙⢮⣿⣿⣿⢟⡵⠋⠀⣿⣿⣿⣿⣿⡿⣇
⢠⣞⣵⣿⣿⣿⣿⣇⣿⠀⠀⠀⠙⠛⠛⠋⠀⠀⠀⣿⣿⣿⣿⣿⣿⣮⣳⡄
⣲⣶⣲⣖⣲⣶⣶⣶⣒⣒⡶⢶⣶⡶⣒⣒⣒⣲⣶⣶⣖⣶⣒⣶⣶⣶⣶⣖
⠀⡀⢀⡏⣿⣿⣿⢫⢯⣿⣿⢿⣹⠃
⣠⠃⣄⣉⠀⠴⢋⠉⡿⠉⠩⠋⠀⡔
⠁⠀⠯⣻⣿⣿⣾⣿⣿⣿⠝
⠀⠀⠀⠀⢀⡟⣩⣭⣭⣭⣭⡍⣹⠏⣭⣭⣭⣭⣭⠍⡟
⠀⣠⠀⠀⢾⣤⡩⠟⠛⢻⣿⣰⡏⣸⣿⣿⣿⣏⣭⠜⠁
⢀⡼⠀⢠⡀⢉⡄⠀⣸⡟⠁⠄⠀⣟⣁⡐⠀⣎⢀⠂⠠⡏
⠚⠀⠀⢫⠟⣿⣤⣤⣮⣄⣚⣢⣤⣧⣤⡤⢲⠄⠀⠀⠚
⠀⠀⠀⠘⠦⣛⣛⣛⣛⣛⣛⣛⣛⣛⡫⠵⠋
⠀⠀⠀⠀⠀⠀⣸⠋⣭⣭⣭⣭⣭⣭⡭⢩⣿⢋⣭⣭⣭⣭⣭⣭⡍⢹⠏
⠀⠀⣀⣀⣀⣰⣏⡘⢻⣿⣿⣿⣿⣿⢃⣾⠃⣼⣿⣿⣿⣿⡟⣛⣡⡟
⠀⢘⡇⠀⠀⠈⠻⠗⠉⠀⠀⣴⣿⠓⠚⠛⢺⡿⠛⢛⡛⠛⡖⠛⣒⡒⢒⡖
⢠⠞⠀⠀⡼⣆⣠⣴⠃⠀⢸⠟⠁⣀⡃⠀⢸⠓⠠⠤⠀⠨⠂⠠⠄⠀⣹⠃
⠉⠉⠉⠉⢱⠏⣼⣿⣿⣿⣿⣿⣭⣭⣭⣿⣿⣿⣿⡿⢋⡿⠉⠉⠉⠉⠁
⠀⠀⠀⠀⠈⠳⢬⣛⣛⣛⣛⣛⣛⣛⣛⣛⣛⣛⡭⠔⠋
⠀⠀⣀⢴⣿⣅⣀⠀⠀⠀⣀⡀
⠀⠈⠀⠂⠈⠙⠿⠋⠉⣽⣿⠿⣷⡄
⢴⠟⠒⠢⣤⣽⣾⠃⠀⠴⠛⠁⠈⠉
⠀⠀⠀⠈⢫⠈⠁⠈⠓
⠀⠀⠀⠀⠠⣤⣾⣿⠒
⠀⠀⡤⠒⠉⠉⠻⠿⣿⣿⣶⣶⣦⣤⣤⣴⣶⣶⣦⣄
⠀⠀⠀⠀⠈⡆⠀⠀⠈⠙⠋⠁⠀⠀⢰⣿⣿⡛⢻⣿⣷⡆
⣠⣶⡷⠶⠦⢃⣀⣀⣻⣶⣶⡟⠀⠀⢘⣾⠭⠛⠁⠈⠛⠋
⠈⠁⠀⠀⠀⢀⣽⠿⢻⣿⣏⠠⢄⣀
⠀⠀⠀⠀⠀⠀⠙⣦⠀⠀⠀⠀⠀⠉
⠀⠀⠀⠀⠀⠀⣄⣔⣾⣿⠷⠄
⠀⠀⠀⠀⣠⠴⠞⢿⣿⣿⣶⣦⠤⣄⣀⣀⡀⠀⠀⢀⣀⣤⣤⡄
⠀⠀⠐⠋⠀⠀⡄⠀⠈⠉⠻⣿⣷⣿⡿⠛⠛⠛⠛⣿⣿⣿⣿⣿⣯⣆
⠀⠀⠀⠀⠀⠀⢸⠀⠀⠀⢀⠀⠙⠁⢀⠀⠀⠀⢸⣿⣿⣯⡛⠹⣿⣿⣿⠂
⢀⣶⣶⣶⣶⣤⡜⠀⠀⠀⠘⣷⣤⣴⡟⠀⠀⠀⠸⣴⣋⣩⠟⠂⠀⠙⠛⠓
⠹⡿⠉⠀⠀⠀⠈⠙⢿⣿⣿⣿⣿⡿⠃⠀⠀⠀⠙⠉⠁
⠀⠀⠀⠀⠀⠀⠀⠲⣿⠋⠁⠟⠛⠒⠒⠒⠶⠤
⠀⠀⠀⠀⠀⠀⠀⠀⠈⣷
⢺⣯⣍⣀⣤⣶⣶⣶⣶⣶⣶⣤
⠈⣿⣿⣿⣿⣿⣿⣿⣿⡮⠉⠛⠓⡤
⢠⣿⣿⣿⠛⠟⣿⣿⣿⣦
⢾⣿⣉⡛⠓⠀⠀⣀⣤⣤⣶⣶⣶⣶⣶⣤⣤⣀⡀
⢰⣿⣿⣿⣶⣾⣿⣿⣿⣿⣿⣿⣟⣛⠿⢿⣿⣻⣧⡀
⠈⢹⣾⣿⣿⣿⣿⣿⣿⣿⣿⣿⣿⣿⣯⡀⠉⠙⠻⢝⣲⣦
⠀⢸⣿⣿⣿⡾⣿⣿⣿⣿⢷⣾⣿⣿⡏⠀⠀⠀⠀⠀⠈
⢸⣿⣿⣿⣿⣿⡏⠙⠟⢹⣿⣿⣿⣿⣟⡇
⢴⣾⣛⠛⠛⠒⠀⠀⠀⢀⣀⣠⡤⡤⣶⣶⠶⣦⣤⣤⣀⣀⣀
⠀⡝⣿⣿⣷⣤⢤⣶⣾⣿⣿⣷⣿⣽⣻⡟⡿⢫⣿⣷⣿⡿⣿⣷
⠀⠃⡟⣿⣿⣿⣷⣝⢿⣿⣾⣿⣿⣿⣿⣿⣾⣶⡇⠌⠻⠓⢾⣿⠳⣄⣀
⠀⠀⡇⣿⣿⣿⢛⢿⣿⣯⣫⣾⣿⢟⢻⣿⣿⣯⡿⠕⠀⠀⠀⠀⠑⠢⠿⠗
⠀⣀⡇⣿⣿⣿⢸⣓⣝⢿⣿⣟⣕⣻⢸⣿⣿⡇⣇⡀
⠀⣇⣿⣿⣿⣿⣿⣸⠇⠙⠚⠁⣿⣺⣿⣿⣿⣿⣇⡇
⠀⠀⠀⡶⣲⣀⣠⣆⣀⣖⢶
⠀⠀⠀⠳⢷⣟⣳⣞⣻⡾⠞
⠀⠀⠀⠀⠀⠈⠙⠋⠁
⠀⠀⠀⠀⢠⣴⡶⣄⠀⠀⣤⣤⠀⠀⣠⢶⣦⡄
⠀⠀⠀⠀⠀⣧⣸⡩⣭⢿⣣⣜⡿⣭⢍⣧⣼
⠀⠀⠀⠀⠀⠈⠓⠛⠿⣾⣾⣷⣷⠿⠛⠚⠁
⠀⠀⠀⠀⠀⠀⠀⠀⠀⠀⠉⠉
⠀⠀⠀⠀⠀⠀⣠⢤⣤⡠⠠⠀⠀⣀⣀⠀⠀⠄⢄⣤⡤⣄
⠀⠀⠀⠀⠀⠀⢹⠟⣩⡵⡤⢤⣼⡞⢳⣧⡤⢤⢮⣍⠻⡏
⠀⠀⠀⠀⠀⠀⢸⣆⣿⡄⣷⡶⣎⢤⡤⣱⢶⣾⢠⣿⣰⡇
⠀⠀⠀⠀⠀⠀⠀⠙⠮⣵⣿⣧⣳⠾⠷⣞⣼⣿⣮⠵⠋
⠀⠀⠀⠀⠀⠀⠀⠀⠂⠀⠀⠉⠪⣿⣿⠕⠉⠀⠀⠐
⠀⠀⠀⠀⠀⠀⠀⠀⠀⠀⠀⠀⠀⠀⠀⠀⠀⠀⠄
⠀⠀⢀⣤⣤⢤⣴⣶⣞⣟⣠⡤⡤
⠀⣠⣿⢿⣿⠞⣿⣿⣾⣻⣛⡉⠁
⣰⡿⠿⠚⠛⠋⠳⠿⠿⠛⠚⠁
⠀⠀⠀⠀⢀⣀⣀⣠⣤⣄⡤⣶⣶⡖⣻⠏⣀⣀⣀⣤⡄
⠀⠀⠀⡴⣫⣿⣿⣿⣘⡵⣿⣿⣟⣼⡿⣿⣿⡿⠵⠏
⠀⢀⡞⣱⡟⠸⣿⢟⣋⣼⡟⣻⣿⣟⣱⣿⠖⡶⠂
⣠⡿⠼⠿⠚⠛⠋⠉⠉⠘⠳⠿⠿⠛⠛⠛⠋⠁
⠀⠀⠀⠀⠀⠀⠀⠀⠀⣀⣀⣀⢀⡤⢤⣴⣶⡖⣺⡟⠁⠀⠀⣀⣀⣀
⠀⠀⠀⠀⣠⡞⣻⣭⣽⣿⠈⠟⣫⣾⣿⣿⠟⣰⣛⣲⣿⣯⡭⢏⣽⠋
⠀⠀⠀⣴⢏⣼⡟⣿⣿⣿⣷⠟⣱⣿⣿⣫⣾⣿⢏⣴⢚⣋⣉⡉⠁
⠀⢀⡾⢣⣾⠏⡄⢹⣿⣫⣤⡼⣭⠏⣴⣿⣿⣥⣬⡭⠟⣹⠟
⣠⡿⠥⠿⠒⠚⠉⠉⠉⠀⠀⠀⠉⠓⠚⠛⠚⠛⠋⠉⠉⠁
⣶⣄⠀⠀⠀⠙⢿⡿⠋⠀⠀⠀⣠⣶
⣿⣿⠀⠀⠀⠀⠀⠀⠀⠀⠀⠀⣿⣿
⠿⠋⠀⠀⠀⠑⢦⡰⠊⠀⠀⠀⠙⠿
⣷⣄⠀⠀⠀⠀⠀⠈⠙⢿⣿⣿⡿⠋⠁⠀⠀⠀⠀⠀⣠⣶
⣿⣿⣿⠀⠀⠀⠀⠀⠀⠀⠙⠋⠀⠀⠀⠀⠀⠀⠀⣿⣿⣿
⣿⣿⣿⠀⠀⠀⠀⠀⣄⠀⠀⠀⠀⣠⠀⠀⠀⠀⠀⣿⣿⣿
⡿⠋⠀⠀⠀⠀⠀⠀⠈⠑⢦⡴⠊⠁⠀⠀⠀⠀⠀⠀⠙⢿
⣦⣄⠀⠀⠀⠀⠀⠀⠀⠈⠻⣿⣿⣿⣿⣿⣿⠟⠁⠀⠀⠀⠀⠀⠀⠀⣠⣴
⣿⣿⣷⡄⠀⠀⠀⠀⠀⠀⠀⠈⠛⢿⡿⠛⠁⠀⠀⠀⠀⠀⠀⠀⢠⣾⣿⣿
⣿⣿⣿⡇⠀⠀⠀⠀⠀⠀⠀⠀⠀⠀⠀⠀⠀⠀⠀⠀⠀⠀⠀⠀⢸⣿⣿⣿
⣿⣿⣿⡇⠀⠀⠀⠀⠀⠀⡀⠀⠀⠀⠀⠀⠀⢀⠀⠀⠀⠀⠀⠀⢸⣿⣿⣿
⣿⣿⡿⠃⠀⠀⠀⠀⠀⠀⠛⢦⡀⠀⠀⢀⡴⠛⠀⠀⠀⠀⠀⠀⠘⢿⣿⣿
⠟⠋⠀⠀⠀⠀⠀⠀⠀⠀⠀⠀⠙⢦⡴⠋⠀⠀⠀⠀⠀⠀⠀⠀⠀⠀⠙⠻
⣿⣿⣿⡇⠀⠀⠀⠀⠀⠀⢸⣿⣿⣿
⠿⠿⢿⣇⣀⣀⡀⢀⣀⣀⣼⣿⡿⠿
⣿⣿⣿⣿⣿⡇⠀⠀⠀⠀⠀⠀⠀⠀⠀⠀⢸⣿⣿⣿⣿⣿
⣿⣿⣿⣿⣿⡇⠀⠀⠀⠀⠀⠀⠀⠀⠀⠀⢸⣿⣿⣿⣿⣿
⣿⣿⣿⣿⣿⡇⠀⠀⠀⠀⠀⠀⠀⠀⠀⠀⢸⣿⣿⣿⣿⣿
⠙⠛⠿⠿⠿⠷⣦⣤⣄⣀⡀⢠⣤⣤⣤⣶⣿⣿⠿⠿⠟⠛
⣿⣿⣿⣿⣿⣿⣿⠀⠀⠀⠀⠀⠀⠀⠀⠀⠀⠀⠀⠀⠀⣿⣿⣿⣿⣿⣿⣿
⣿⣿⣿⣿⣿⣿⣿⠀⠀⠀⠀⠀⠀⠀⠀⠀⠀⠀⠀⠀⠀⣿⣿⣿⣿⣿⣿⣿
⣿⣿⣿⣿⣿⣿⣿⠀⠀⠀⠀⠀⠀⠀⠀⠀⠀⠀⠀⠀⠀⣿⣿⣿⣿⣿⣿⣿
⠙⠛⠻⠿⠿⠿⠿⢷⣤⣤⣤⣀⣀⡀⢠⣤⣤⣤⣤⣴⣾⣿⣿⠿⠿⠿⠟⠋
⠀⢀⣠⣴⣶⡾⠿⠿⡿⠿⠿⢿⠖
⣴⣿⢛⣭⠖⣊⣪⣥⣥⣤⣀⡀
⠹⣷⠈⠀⢺⣿⣿⣿⣿⣿⣛⡛⢢⡀
⠠⠛⠀⠀⠐⠛⠛⠛⠛⠻⠿⣿
⠀⠀⠀⠀⢀⣀⣤⣴⣶⣶⣿⣿⣿⣿⣿⣿⣿⣷⣶⣶⠄
⠀⢀⣴⣾⣿⣿⡿⠿⢛⡛⢋⡉⣩⡭⠍⠉⠛⠛⠛⠁
⣰⣿⣿⡿⠋⣅⡲⢝⠢⠙⣈⣃⣉⣀⣀⣀
⣿⣿⡿⢀⡭⠖⠉⣤⣾⣿⣿⣿⣿⣿⣿⣿⣿⣷⣄
⠘⣿⣿⠀⠀⠀⠘⣿⣿⣿⣿⣿⣿⣿⣿⣯⣉⣉⡉⢳⣄
⠀⢸⣿⠃⠀⠀⠀⢸⣿⣿⣿⣿⣿⣿⣿⣿⣿⣿⡇⠈⠉⠁
⠀⠊⠁⠀⠀⠀⠀⠈⠉⠉⠀⠀⠀⠈⠉⠛⠻⠿⣷⡀
⠀⠀⠀⠀⠀⠀⢀⣀⣤⣤⣴⣶⣶⣿⣿⣿⣿⣿⣿⣿⣿⣿⣶⣶⣦⡤
⠀⠀⢀⣤⣶⣿⣿⣿⣿⣿⠿⠿⠟⠛⡛⢛⣛⣛⡛⠛⠛⠿⠿⠿⠋
⢀⣴⣿⣿⣿⠿⠛⢩⣄⠲⣦⡻⣧⠹⠇⠸⠋⠁
⣾⣿⣿⡿⠁⠤⠭⣓⠊⠉⣠⣤⣶⣶⣾⣿⣿⣿⣶⣶⣶⣤⣀
⢹⣿⣿⡇⠐⠟⠉⠁⢠⣾⣿⣿⣿⣿⣿⣿⣿⣿⣿⣿⡿⠿⠿⣿⣆
⠀⠹⣿⣿⠀⠀⠀⠀⠘⣿⣿⣿⣿⣿⣿⣿⣿⣿⣿⣷⣶⣤⣤⡄⠈⣷⣄⡀
⠀⠀⣿⡿⠀⠀⠀⠀⠀⢸⣿⣿⣿⣿⣿⠿⢿⣿⣿⣿⣿⣿⣿⣇
⠀⠚⠁⠀⠀⠀⠀⠀⠀⠈⠉⠀⠀⠀⠀⠀⠀⠀⠉⠙⠛⠻⠿⢿⡄
⣏⡉⠉⠉⠑⢦⡀⢀⡤⠊⠉⠉⢉⣹
⠀⡇⠀⠀⡖⢄⠈⠁⡠⢲⠀⠀⢸
⣏⣁⣀⣀⣉⡆⠑⠊⢰⣉⣀⣀⣈⣹
⡏⠉⠉⠉⠉⠉⠉⠲⢄⡀⠀⠀⢀⡠⠖⠉⠉⠉⠉⠉⠉⢹
⠉⢹⡆⠀⠀⠀⣠⡀⠀⠉⠢⠔⠉⠀⢀⣄⠀⠀⠀⠐⡏⠉
⣀⣸⠇⠀⠀⠀⣿⣈⡓⢄⡀⢀⡠⢚⣁⣿⠀⠀⠀⠠⣇⣀
⣇⣀⣀⣀⣀⣀⣀⣀⡇⠀⠉⠉⠀⢸⣀⣀⣀⣀⣀⣀⣀⣸
⡏⠉⠉⠉⠉⠉⠉⠉⠙⠢⣄⠀⠀⠀⠀⠀⠀⣠⠔⠋⠉⠉⠉⠉⠉⠉⠉⢹
⠓⠒⡆⠀⠀⠀⠀⠀⠀⠀⠀⠙⠢⣄⣠⠔⠋⠀⠀⠀⠀⠀⠀⠀⠀⢰⠒⠚
⠀⠀⡇⠀⠀⠀⠀⠀⡟⠢⣀⠀⠀⠀⠀⠀⠀⣠⠔⢻⠀⠀⠀⠀⠀⢸
⡤⠤⠇⠀⠀⠀⠀⠀⠧⠤⣤⠑⠦⣀⣀⠔⠊⣤⠤⠼⠀⠀⠀⠀⠀⠸⠤⢤
⣇⣀⣀⣀⣀⣀⣀⣀⣀⣀⣿⠀⠀⠈⠁⠀⠀⣿⣀⣀⣀⣀⣀⣀⣀⣀⣀⣸
⠀⣽⣿⣿⣿⣶⣾⣯⣭⣴⣤⣦
⠚⠛⠛⠛⠛⠛⣾⣷⣿⡇⠉⠁
⠀⠉⡟⣿⣿⣿⡻⣶⣦⣤⡽⣖⠉⢉⣩⣥⣀⣒⡂
⢀⢴⣳⣿⡋⡽⡟⣩⣿⣟⣰⣟⣻⣿⢟⡻⠿⠽⠛
⠉⠉⠉⠉⠉⠈⠈⠉⠉⢁⣗⣷⣿⣿⡸
⠀⠉⢉⢟⣿⣿⣿⣟⢿⣧⣭⣭⣍⣻⡶⠚⠛⢉⣉⣩⡁⠰⠦⠄
⠀⠀⣹⢣⣿⡿⠿⣿⣷⠿⣿⣿⡿⣡⣿⣷⣶⣾⣿⣿⣷⣿⢶⠧⠤
⣰⢫⣷⣿⣿⣗⡵⣹⢢⣶⣿⣿⢆⡟⡿⣰⣿⡿⣣⠒⠛⠓⠋
⠉⠁⠀⠀⠀⠈⠀⠉⠁⠀⠀⠀⣹⣫⣶⣿⣿⣗⡼⠁
⣠⠄⣀⣠⣤⣶⣶⣿⣿⣿⣶⣦⡄
⠙⠻⠿⠿⡿⣿⣿⣟⠻⣿⡭⠉
⢀⡤⠀⣀⣀⣠⣤⣤⣶⣶⣶⣾⣿⣿⣿⣷⣶⣶⣦⣤
⠈⠓⠛⠿⠿⠿⡿⢿⣿⣿⣿⣿⠛⠿⣿⣯⡭⠉⠉
⠀⢀⣀⠤⠄⠀⠀⣀⣀⣠⣤⣶⣶⣶⣾⣿⣿⣿⣷⣶⣶⣶⣦⣤⣄
⢰⣿⣠⣴⣾⣿⣿⣿⣿⣿⣿⣿⣿⣿⣿⣿⣿⣿⣿⡿⢿⡿⣿⠾⠿⠆
⠀⠈⠉⠛⠛⠛⠿⠿⠿⠿⢿⣿⣿⣿⣿⣉⠛⠿⣿⣿⡷⠶
⠀⠀⢘⣿⣿⣿⣇⣸⣿⣿⣿⡃
⣤⣴⣿⣿⠐⠿⠿⠿⠿⠂⣿⣿⣦⣤
⠀⠀⠀⠀⣿⣿⢿⣿⡿⣿⡇⢸⣿⢿⣿⣿⣿⣿
⠀⠀⠀⢀⣴⣿⣿⣿⣿⣿⣦⣴⣿⣿⣿⣿⣿⣦⡀
⠀⢀⣴⣿⣿⣿⠋⢸⣿⣿⣿⣿⣿⣿⡇⠙⣿⣿⣿⣦⡀
⣿⣿⣿⣿⣿⣿⡇⠘⠋⠉⠉⠉⠉⠙⠃⢸⣿⣿⣿⣿⣿⣿
⠀⠀⠀⠀⠀⢸⣹⡿⣿⣿⣿⢿⣏⡇⢸⣹⡿⣿⣿⣿⢿⣏⡇
⠀⠀⠀⠀⢀⣴⣯⣿⣿⣻⣿⣿⣷⢄⡠⣾⣿⣿⣟⣿⣿⣽⣦⡀
⠀⠀⣠⣶⣽⣿⣟⡿⠋⢰⢳⣽⣿⣿⣿⣿⣯⡞⡆⠙⢿⣻⣿⣯⣶⣄
⣏⣿⣿⣿⣿⣷⣿⣿⡇⠘⠋⠉⠉⠉⠉⠉⠉⠙⠃⢸⣿⣿⣾⣿⣿⣿⣿⣹
⠀⣀⣘⣿⡠⢴⢆⢤⡔⣶⣤⣶⣀⡀
⠀⠷⣿⣾⡵⠽⠿⠾⠛⠛⠛⠛⠛⠉
⠀⠀⠀⠀⢺⣽⠂⢀⣠⣤⠀⣀⣀⡠⢤⡦⣀⠤⣤
⠀⢠⡖⣩⠿⢏⣷⢀⣼⣇⣾⣁⠽⣤⠼⢥⢿⣯⣕⣒⣲⡦
⠀⠐⠯⠭⢿⣿⠶⠶⠖⠒⠒⠛⠛⠉⠉⠉⠉⠉⠁
⠀⠀⠀⠀⠀⢰⣏⡷⠀⠀⠀⣠⣀⠀⠀⠀⠀⣀⣠⣦⡄⢀⣀⣀
⠀⠀⢀⡤⠤⣤⣿⢷⡄⠈⢉⣿⢉⡴⠒⢲⡗⠀⣸⡇⢼⡯⠴⢚⣁⣀⣀⡀
⠀⠀⢻⣤⣾⣋⣩⠴⠟⠤⠞⠳⠞⢓⣒⣚⣛⣚⣉⣽⣭⣭⠭⠭⠴⠶⠚⠋
⠀⠀⠛⠲⠶⠶⢶⡾⠿⠛⠛⠛⠋⠉⠉⠉⠉
⠀⠀⠀⠀⢤⣴⣿⣿⣷⡶⠋
⠀⣀⣀⣠⢾⣽⣿⣿⣿⣿⣿⣿⠂
⠀⡠⠡⠔⠲⠏⠩⠿⠫⠍⡅⠩⠵⠇
⠀⠀⠀⠀⠀⠀⣀⣀⣠⣶⣿⣿⣷⣶⣴⣶⡞
⠀⠀⠀⠀⠀⠀⠠⣿⣿⣿⣿⣿⣿⣿⣿⣋⣀⣀⢀
⠀⢀⣀⣀⣀⣀⣶⣾⣤⣿⣿⣿⣿⣿⣿⣿⣿⣿⡿⠇
⠀⠈⠛⡹⠋⠉⢁⠉⣿⣿⡿⣿⣿⡿⢏⠷⢋⢾⡵⡣⣤⠄
⠀⠠⠤⠔⠒⠋⠉⠫⠴⠒⠺⠟⠛⠒⠵⢠⠇⠠⠴⠧⠗⠂
⠀⠀⠀⠀⠀⠀⠀⠀⠀⠀⠀⣤⣶⣿⣿⣷⣶⣤⣤⣴⣶⠇
⠀⠀⠀⠀⠀⠀⠀⠈⠛⣿⣾⣿⣿⣿⣿⣿⣿⣿⣿⡿⠋
⠀⠀⠀⠀⠀⠀⠀⠀⠲⢟⡿⣿⣿⣿⣿⣿⣿⣿⣿⣤⣤⣤⣤⣀⡀
⠀⠀⠀⠀⠀⠀⠀⠰⣿⣾⣤⣼⣿⣿⣿⣿⣿⣿⣿⣿⣿⣿⣿⣿⠿
⠀⠈⠻⣽⢿⡯⠟⠛⠩⠝⢻⣿⣻⣿⣿⣿⣿⣿⡟⣫⣽⢟⡭⣧⡴
⠀⠀⠀⢠⠎⠀⣀⣤⡴⣨⠽⠛⠛⣫⣯⢟⡽⢋⡵⠈⡡⠊⠚⠋⣺⢹⡋⠁
⠀⠠⠴⠖⠚⠉⠉⠀⠈⠓⠒⠛⠁⠹⠚⠋⠉⠑⠚⢢⠗⠀⠒⠾⠷⠒⠋⠁
⡋⠁⠀⠈⠀⠀⢀⡀⠀⠀⠁⠀⠈⢙
⡂⠀⠄⠀⠂⡀⠉⠉⢀⠐⠀⠠⠀⢐
⣿⣧⣤⣤⣀⣀⡀⢀⣀⣀⣤⣤⣼⣿
⡟⠋⠁⠀⡀⠈⠁⠀⠀⠀⠀⠂⠀⠀⠀⠈⠁⢀⠀⠈⠙⢻
⠇⡡⠀⢠⠄⠀⠀⠀⠤⢀⣤⣤⡀⠤⠀⠀⠀⠠⡄⠀⢌⠸
⡇⡀⠀⢆⠀⠀⠸⠀⠀⠊⠀⠀⠑⠀⠀⠇⠀⠀⡰⠀⢠⢸
⣷⣦⡀⠀⠁⠀⠀⠀⠙⡀⠁⠈⢀⠋⠀⠀⠀⠈⠀⢀⣴⣾
⣿⣿⣿⣦⣴⣶⣤⣤⣑⣀⡀⢀⣀⣊⣤⣤⣶⣦⣴⣿⣿⣿
⣿⢛⠉⠁⠀⡀⠀⠩⠁⠀⠀⠀⠀⠰⠆⠀⠀⠀⠀⠈⠍⠀⢀⠀⠈⠉⡛⣿
⣇⠨⣀⠈⠀⣉⠤⠀⡀⠒⣒⠀⠤⣀⣀⠤⠀⣒⠒⢀⠀⠤⣉⠀⠁⣀⠅⣸
⣥⢸⠀⠀⡜⠁⠀⠀⡤⠀⠉⢩⠚⠛⠛⠓⡍⠉⠀⢤⠀⠀⠈⢣⠀⠀⡇⢬
⣇⠘⢄⠀⠑⢄⠀⠀⠈⠀⢤⡀⢠⠤⠤⡄⢀⡤⠀⠁⠀⠀⡠⠊⠁⡠⠃⣸
⣿⣿⣷⣕⢄⡀⠁⠀⠀⠀⡄⠣⡀⠄⠠⠀⠜⢀⠀⠀⠀⠈⢀⡠⢪⣾⣿⣿
⣿⣿⣿⣿⣷⣶⣶⣶⣦⣤⣌⣂⣀⡈⢁⣀⣐⣡⣤⣴⣶⣶⣶⣾⣿⣿⣿⣿
⡀⢤⣶⣶⡎⠫⣭⣭⣝⠓⠲⠶⣤⣀
⠉⠛⠷⠦⠍⠁⣈⣈⠙⠓⠲⠾⠛⠉
⠀⣀⣠⣤⣴⣶⣖⠚⢟⣛⣛⣛⣛⢛⠳⠒⢶⣦⣤⣄⣀
⢎⣬⣝⣻⣝⠛⠿⢦⡀⠙⣿⠻⡿⣿⣯⣀⢀⡘⣩⣿⣿⡱
⠀⠉⠙⠛⠻⠿⠷⠀⢀⣀⣬⣤⣀⡉⠀⠙⠩⠟⠛⠋⠉
⠀⠀⢀⣀⣠⣤⣤⣶⡶⠶⣟⡛⠿⠛⠛⠿⠿⠷⠶⠶⢶⣤⣤⣄⣀⡀
⡴⡊⠾⢿⣿⠿⣿⣿⣯⡀⠈⠹⢻⣿⣿⣿⣷⣷⣖⠀⠀⠉⠭⠟⣿⣿⣕⢦
⠳⢝⣿⣶⣶⣥⣤⣉⠉⠛⠲⠀⠘⠿⠈⠻⢹⡿⠷⣲⣄⣴⣬⣾⣿⣿⡫⠞
⠀⠀⠈⠉⠙⠛⠛⠿⠟⢀⣀⣀⣤⣤⣶⣤⣀⡈⡀⠈⠡⠜⠛⠋⠉⠁
⠀⠀⣀⣤⣶⣾⡿⣿⣶⣶⣄
⠀⠘⠷⢒⣾⣿⣿⣿⣿⣿⣿⣷⡀
⠂⠀⠀⠂⠶⠴⢦⣦⡶⠼⠾⠘⠘⠈
⠀⠀⠀⠀⠀⣀⣴⣶⣶⣿⣿⣿⣷⣶⣦⣤
⠀⠀⢀⡴⠚⠙⠝⢿⣿⣟⣛⣿⣿⣿⣿⣿⣶⣄⡀
⠀⠀⠘⢧⠶⠒⢲⣶⣶⣿⣿⣿⣿⣿⣿⣿⣿⣿⣿⠂
⡰⠀⠒⢐⢢⢘⠋⡙⠙⠉⠛⢙⢫⢙⠋⠟⣹⠍⣽⢃⠒⡐
⠁⠁⠁⠈⠀⠉⠘⠛⠛⢛⣿⣿⡿⠿⠛⠻⠛⠉⠁⠈
⠀⠀⠀⠀⠀⠀⠀⢀⣤⣦⣶⣾⣿⣿⣿⣷⣶⣤⣤⣄⡀
⠀⠀⠀⠀⣠⡤⠾⢛⠿⣿⣿⣿⡿⠿⣿⣿⣿⣿⣿⣿⣧⣄
⠀⠀⠀⢸⡃⣀⣤⣤⣤⣬⣽⣛⣶⣾⣿⣿⣿⣿⣿⣿⣿⣿⣿⣶⡄
⠀⠀⠀⡈⠳⡋⢉⣭⣽⣿⣿⣿⣿⣿⣿⣿⣿⣿⣿⣿⣿⣿⣿⣿⣇
⣰⣡⣈⡅⣸⡁⣆⣸⢡⣌⣠⣁⣀⣁⣠⣁⣖⣨⣁⣚⣠⣷⣀⣶⢁⣬⣡⠏
⠀⠀⠀⠀⠀⠀⠀⠀⠚⠛⠛⠛⣛⣿⣿⣿⠿⠟⠋⠹⠟⠋
⠀⣠⡴⠞⠛⣷⠀⣤⣄⢀⡒⢂⣀
⣾⣏⣐⣿⠟⠩⠟⢾⢵⡯⣐⣾⡧⣤
⠠⠽⠿⠶⠿⣿⠿⠛⠛⠙⠛⠉⠉⠁
⠀⠀⢀⣠⣴⠶⠛⢻⣿⡆⠀⣀⣤⠀⠀⠀⠶⠶
⢠⣶⡟⠉⢤⣤⣶⡶⠖⣒⡴⣫⡽⣋⣴⠟⣁⣈⣽⡛⠁
⠻⠿⣤⠴⠶⠟⣋⣀⣘⣩⣤⣭⣭⣭⣭⣭⢴⣖⣿⣯⣽⠷
⠀⠒⠒⠛⠛⠛⠿⠿⣿⠿⠛⠛⠉⠉⠀⠉⠉⠁
⠀⠀⠀⠀⣀⣤⣶⠾⠿⢿⣿⣶⠀⠀⢀⣀⡀⠀⠀⠀⠤⠤⠤
⠀⣠⣴⡿⠟⠉⣀⣀⣠⣬⣭⣭⢄⣠⡿⢛⣷⠖⣠⣶⠖⠂⠴⢶⣶⠶
⣴⣿⡟⠀⠀⣙⣩⣿⡿⠟⢀⣴⡿⠫⢾⡯⠴⠾⡿⠥⠴⢒⣚⣿⣶⠤⣤⣄
⠈⠛⠛⠛⢛⣛⣋⣥⣤⣤⣴⣶⣶⣶⣶⣶⣾⣿⡟⣷⣟⣿⡷⠾⡵⠶⠾⠋
⠐⠒⠛⠛⠛⠛⠛⠛⠻⠿⣿⠿⠟⠛⠉⠉⠀⠀⠀⠈⠉
⠀⠀⠀⠀⠀⣀⣀⣤⣶⣾⣇⣀
⢀⣠⣴⣾⣿⣿⣿⣿⡿⠿⣛⣟⢛⡦
⠉⠉⠉⠉⠉⠙⣿⠛⠓⠢⠷⠊⠁
⠀⠀⠀⠀⠀⠀⠀⠀⠀⠀⠀⣀⣤⣤⣶⣿⠂
⠀⠀⠀⢀⣀⣤⣴⣶⣾⣿⣿⣿⣿⣿⣿⣿⣿⣿⣷⣦⣄
⣠⣴⣾⣿⣿⣿⣿⣿⣿⣿⣿⣿⣟⠛⠉⢩⡽⠟⢦⠤⠼⠛
⠀⠀⠀⠀⠀⠀⠀⠀⠈⠻⡟⠉⠉⠉⠓⠦⠽⠛
⠀⠀⠀⠀⠀⠀⠀⠀⠀⠀⠀⠀⠀⠀⠀⣀⣠⣤⣴⣾⡷
⠀⠀⠀⠀⠀⠀⠀⣀⣀⣤⣤⣴⣶⣶⣿⣿⣿⣿⣿⣿⣷⣶⣶⣤⣄⡀
⠀⠀⢀⣠⣴⣾⣿⣿⣿⣿⣿⣿⣿⣿⣿⣿⣿⣿⡿⠿⠿⠿⠿⠟⠛⠛⢶⣤
⠴⠾⠿⠛⠻⠿⠿⠿⠿⠿⠿⣿⣿⣿⣿⣯⣭⣁⡀⠀⣾⣉⣉⠻⠒⠛⠉
⠀⠀⠀⠀⠀⠀⠀⠀⠀⠀⠀⠙⠿⡟⠁⠀⠀⠀⠉⠒⠒⠚⠁
⠀⠠⣤⠴⠖⠒⢚⡓⠒⠲⢦⣤⠄
⢰⣾⢉⣸⣶⡞⠉⠉⢲⣶⣇⡙⣷⡆
⠘⠛⠓⠛⠿⣷⡄⢠⣾⠿⠛⠚⠛⠃
⠀⠀⠀⠀⠀⠈⠳⠟⠁
⠀⠀⠀⣀⣀⣠⣤⠤⠤⠶⠖⠲⠶⠤⠤⣤⣄⣀⣀
⠀⠀⣈⣽⠯⢀⣀⡀⢀⡠⠴⠦⢄⡀⢀⣀⡈⠿⣯⣁⡀
⠈⣿⡿⠀⣠⣬⡿⠿⡃⠀⠁⠉⠀⢹⠿⢯⣤⡄⠐⣿⣿⠁
⠐⠟⠿⠷⠦⠭⣭⣛⢿⡄⠀⠀⢠⣿⣛⣭⠭⠴⠿⠟⠻
⠀⠀⠀⠀⠀⠀⠀⠈⠻⣿⡄⣰⣿⠋⠁
⠀⠀⠀⠀⠀⠀⠀⠀⠀⠈⠻⠟⠁
⠀⠀⠀⠀⣀⣀⣀⣀⣠⣤⣤⡤⠴⠖⠶⠦⢤⣤⣤⣄⣀⣀⣀⣀
⠀⠀⠀⠘⣿⣟⠋⠉⠀⠀⠀⠀⣀⣠⣄⣀⠀⠀⠀⠀⠉⢛⣿⣿⠋
⠠⢶⣾⣯⠉⠁⠀⣻⣿⣶⣶⠋⠑⠂⠒⠈⠙⣶⣾⣿⣛⠀⠉⢩⣿⣷⡶⠄
⠀⣾⣿⣧⣄⠘⠯⠭⣽⣿⣶⠀⠀⠀⠀⠀⢠⣾⣯⣭⠭⠿⠃⣤⣼⣿⣷
⠀⠉⠉⠉⠉⠉⠛⠛⠲⠶⣽⣷⡄⠀⠀⣠⣾⣭⠶⠖⠛⠋⠉⠉⠉⠉⠉
⠀⠀⠀⠀⠀⠀⠀⠀⠀⠀⠈⠻⣿⣄⣰⣿⠟⠁
⠀⠀⠀⠀⠀⠀⠀⠀⠀⠀⠀⠀⠈⠻⠟⠁
⠠⣶⡿⠓⠚⠛⠓⠛⠛⠓⠚⣿⣶⠄
⢰⡏⠀⠀⢈⠁⣶⣶⠈⣶⣾⣿⣿⡆
⠈⢷⣀⠀⠈⢻⣿⣿⣿⣿⣿⣿⡿⠁
⠀⠀⠈⠓⠲⠬⣿⣷⠿⠟⠛⠉⠁
⠀⣠⣶⣒⣓⠒⠖⠒⠛⠛⠒⠒⠛⠛⠒⠲⠖⣺⣶⣶⣄
⠀⣼⡟⠉⠀⠀⠀⠰⠖⣠⣤⣤⣄⠲⣦⣠⣴⣾⣿⣿⣧
⠸⢿⡆⠀⠀⠀⠀⠻⣤⢶⣿⣿⠶⣤⣿⣿⣿⣿⣿⣿⡿⠇
⠀⠘⠿⢤⣄⡀⠀⠀⢨⡿⣿⣿⢿⣿⣿⣿⣿⣿⣿⡿⠃
⠀⠀⠀⠀⠈⠛⠛⠓⠶⠭⣶⡶⠿⠿⠛⠛⠋⠁
⠀⢀⣤⡶⠶⠶⠶⢶⠶⠶⠶⠶⠶⠶⠶⠶⠶⠶⠶⠶⡶⠶⠶⣶⣶⣄
⠀⠘⣿⣷⠟⠋⠁⠀⠀⠀⡀⣀⠀⠀⠀⠀⣀⣀⠀⠀⠀⢈⣽⣿⣿⣿⠃
⠀⣼⡿⠁⠀⠀⠀⠀⠀⢘⠋⠱⣶⣾⣷⡶⠈⠙⣷⣶⣾⣿⣿⣿⣿⣿⣧
⠐⢿⣷⡀⠀⠀⠀⠀⠀⠻⣦⡶⢶⢒⡒⡶⢶⣴⣿⣿⣿⣿⣿⣿⣿⣿⡿
⠀⠀⢿⣧⡀⠀⠀⠀⠀⠀⠈⣷⣾⣿⣿⣷⣿⣿⣿⣿⣿⣿⣿⣿⣿⡿
⠀⠀⠀⠛⠛⠻⣶⣄⣀⣀⠀⠿⣝⣛⣛⣩⣿⣿⣿⣿⣿⣿⠟⠛⠛
⠀⠀⠀⠀⠀⠀⠈⠈⠉⠙⠛⠷⠶⠿⠿⠿⠿⠛⠋⠉⠁
⣀⣀⣤⣤⢴⣶⠾⣿⢶⣶⣤⣤⣀⣀
⣿⡿⠶⠛⠚⠛⠛⠛⠛⠛⠛⠦⢿⣿
⠀⠀⠀⠀⢀⣀⣠⣤⣤⣶⣾⣿⣶⣶⣤⣤⣀⡀
⣶⡏⣿⠙⡏⣿⢸⢾⣿⣦⣡⣸⣀⡇⡇⢸⢸⣍⠻⣿⢹⣶
⢸⣧⠿⠚⠛⠋⠉⠉⠉⠉⠉⠉⠉⠉⠉⠉⠉⠛⠓⠿⢼⡇
⠀⠀⠀⠀⠀⠀⠀⠀⣀⣀⣤⣤⣶⣼⣿⣶⣶⣤⣄⣀⡀
⣠⠤⢴⣶⠶⡖⢺⡟⢫⣽⣿⡏⠙⢏⢹⡏⢩⠙⡏⢻⡟⣿⠲⡶⣶⡦⠤⣄
⠿⡇⢸⣿⠀⣇⣸⣇⣐⣻⣿⣧⣧⣾⣼⣧⣼⣤⣧⣘⣃⣿⣦⡁⣿⡇⢸⠿
⢰⡧⠼⠟⠋⠉⠉⠀⠀⠀⠀⠀⠀⠀⠀⠀⠀⠀⠀⠀⠀⠉⠉⠙⠻⠧⢼⡆
⠀⠀⠀⠀⠀⣤⡾⢷⣦⡀
⠀⣿⠀⠀⠉⡿⡷⣾⣿⠉⠀⠀⣿
⢀⡇⠀⠀⡷⣽⣾⣿⢫⢾⠀⠀⢸⡀
⠘⠃⠒⠒⠓⠘⣿⠛⠃⠚⠒⠒⠘⠃
⠀⠀⠀⠀⠀⠀⠀⠀⣀⣴⣎⣿⣦⣀
⠀⢲⣶⠶⠶⠶⠶⣼⣿⣽⡏⢹⣿⣿⣧⠶⠶⠶⠶⣶⡖
⠀⢠⣿⠀⠀⠀⠀⠨⣿⢿⠿⣿⣿⣿⠅⠀⠀⠀⠀⣿⡄
⠀⢸⡇⠀⠀⠀⣿⣦⠻⣌⡿⢻⣿⠏⣴⣿⠀⠀⠀⢸⡇
⠀⣿⠇⠀⠀⠀⣿⡉⢳⣿⣷⣾⣧⡞⢉⣿⠀⠀⠀⠸⣿
⠀⠛⠛⠛⠛⠛⠛⠓⠀⠹⡿⠉⠉⠀⠚⠛⠛⠛⠛⠛⠛
⠀⠀⠀⠀⠀⠀⠀⠀⠀⠀⠀⣀⣴⡊⣷⣦⣀
⠀⢀⣀⣀⣀⣀⣀⣀⣀⣠⣞⡽⣿⡻⢟⣿⣿⣷⣄⣀⣀⣀⣀⣀⣀⣀⡀
⠀⠈⢻⣏⠉⠉⠉⠉⠉⠻⣾⣯⣿⣆⣰⣿⣽⣷⠟⠉⠉⠉⠉⠉⣹⡟⠁
⠀⠀⣾⡇⠀⠀⠀⠀⡀⠰⣿⠙⠿⠟⣿⣿⣿⣿⠆⢀⠀⠀⠀⠀⢹⣷
⠀⠀⣿⠇⠀⠀⠀⠀⣿⣄⠙⣧⢸⣿⢿⣻⣿⠃⣠⣿⠀⠀⠀⠀⠸⣿
⠀⢸⣿⠀⠀⠀⠀⢰⣿⠛⣧⡙⣾⡇⣸⣿⢁⣼⠛⣿⡆⠀⠀⠀⠀⣿⡇
⠀⣸⣟⣀⣀⣀⣀⣘⣿⡄⠈⢻⣿⣧⣽⣵⡟⠁⢠⣿⣃⣀⣀⣀⣀⣻⣇
⠀⠉⠉⠉⠉⠉⠉⠉⠉⠉⠀⠀⠾⠷⠀⠀⠀⠀⠉⠉⠉⠉⠉⠉⠉⠉⠉
⣠⣄⡀⠀⣶⣶⣾⣿⣿⣷⣦⣤⡶⡄
⠹⣜⣿⢶⠿⣶⣾⣬⣭⣭⡽⢛⢧⡟
⠀⠘⣿⣔⣺⠗⠹⣻⣿⣟⡛⢿⣼⠏
⠀⠀⠀⠉⢹⣧⣤⣼⣿⣷⣦⠴⠃
⠀⠀⠀⠀⠸⢜⣛⣻⣻⠯⠽
⢀⣀⠀⠀⠀⠀⣤⣶⣶⣶⣶⣿⣿⣿⣷⣦⣄⣀⣀⣴⣆⡀
⣼⠝⢻⣶⣄⢀⣹⣿⠛⠛⣻⠿⠿⡿⡿⠿⢿⣿⣿⡇⢹⣧
⠈⢷⣈⣿⡟⢛⠿⢿⣿⣶⣿⣶⣶⣤⣶⣧⡿⢋⣝⢿⣴⡃
⠀⠀⢹⣿⡇⢎⢬⣷⣮⡽⠿⢿⣻⣿⣯⠵⢶⡷⡸⢢⣿⡗
⠀⠀⠀⠻⢿⣶⣭⣿⡅⠀⠉⢩⣯⣭⣭⡵⠆⠙⢳⡿⠟⠁
⠀⠀⠀⠀⠀⠉⢈⣿⣦⣀⣀⠤⣶⣒⣒⣶⠦⡤⠼⠃
⠀⠀⠀⠀⠀⠀⢀⣿⢛⣿⢻⠿⠿⢿⣻⡟⢻⡄
⠀⠀⠀⠀⠀⠀⠀⠻⠶⣭⢭⣩⠭⣭⠧⠴⠚⠃
⠀⡀⠀⠀⠀⠀⠀⢠⣤⣤⣤⣶⣶⣶⣿⣿⣿⣿⣷⣦⣄⣀⡀⠀⣠⣶⡀
⣸⡟⢷⣶⣤⡀⠀⠈⣿⣿⡿⣿⣿⣿⣿⣿⣿⣿⣿⣿⣿⣿⣿⣿⡿⠙⣿⡇
⠻⣧⠀⢻⣿⣿⣦⣶⣿⣿⣤⣄⣐⣾⠁⡍⡙⠉⡏⡍⢹⣿⡿⣿⣧⡀⢻⡟
⠀⠙⢧⣼⣿⡯⠉⡭⣙⡛⢿⣿⣿⣿⣿⣿⣿⣿⣿⣿⠿⢛⡴⢢⡙⣿⣿⡀
⠀⠀⠀⣿⣿⣧⠸⡁⢦⣿⣷⡬⠽⠿⣟⣛⣛⣿⣧⠶⠿⣿⣞⡰⢃⣿⣿⡟
⠀⠀⠀⠈⢿⣿⣷⣬⣕⣾⣉⠀⠈⠛⣉⣽⣛⣛⣛⣓⣦⠀⠛⢶⣿⡿⠛⠁
⠀⠀⠀⠀⠀⠈⠙⠋⠻⣿⣇⠀⠀⠀⢈⣉⣭⣭⣭⣥⣀⣂⠁⣸⡟
⠀⠀⠀⠀⠀⠀⠀⠀⢘⣿⣿⣿⣶⣾⣭⣿⣷⣷⣶⣾⣧⡼⠋⠉
⠀⠀⠀⠀⠀⠀⠀⠀⠨⣿⡁⢼⣯⣹⣛⣋⣋⣛⣼⡏⠉⣿⡀
⠀⠀⠀⠀⠀⠀⠀⠀⠀⠙⠳⢦⡤⢤⣤⡦⠤⡴⠒⠾⠛⠛⠃
⠀⠀⢀⣤⣴⣶⣿⣿⣹⣶⣠⣄⣀⣀
⢠⡖⠛⢿⠉⣿⡍⢹⡇⢹⣿⠀⡟⠁
⠸⠧⠼⠶⢀⣿⠡⠞⠓⠊⠉⠀⠉
⠀⠀⠀⠀⢀⣀⣀⣤⣴⣶⣿⠿⡟⠳⣶⡄
⠀⠀⠀⣀⣴⣾⣿⣻⣝⣻⣿⣿⣿⣮⠭⣶⠶⠶⠿⣓⣲⡖
⠀⣶⠊⠉⠻⣿⡏⠉⣿⣷⠀⢸⣿⡆⠀⣿⣿⡇⠀⣿⠉
⠀⣿⠀⠀⣦⡈⠁⠀⣿⣿⠀⢸⣿⣇⣀⣿⣿⡥⠤⠿⠄
⠠⠛⠒⠒⠛⠛⠋⣩⣿⠥⠔⠋
⠀⠀⠀⠀⠀⠀⠀⠀⠀⢀⣠⣴⣶⣿⣿⡿⠿⣶⣤⡀
⠀⠀⠀⠀⠀⢐⣒⣾⣿⣿⡿⣿⣿⣿⣦⡿⢂⡼⠿⢛⣒⣒⣒⡲⢤⣀⣀⣀
⠀⠀⠀⢀⡴⠾⣿⣿⣿⣝⣿⣬⡿⠿⠿⣿⡿⠖⠛⣻⣟⣛⠋⠉⣩⣭⣽⠃
⠀⢰⡟⠉⠉⠙⢿⣿⠀⠀⢸⣿⡇⠀⢸⣿⣿⠀⠀⣿⣿⣿⠀⠀⣿⡇
⠀⢸⡇⠀⠀⣄⠀⠙⠀⠀⢸⣿⡇⠀⢸⣿⣿⠀⠀⣿⣿⣿⠀⠀⢿⣇
⠀⢸⡇⠀⠀⣿⣷⣄⣀⣀⣸⣿⠇⠀⣸⠿⠿⠶⠒⠚⠛⠛⠛⠉⠉⠉⠁
⠐⠛⠛⠉⠉⠉⠉⠁⠀⣠⣾⠧⠖⠛⠁
⠀⠀⠀⠀⠀⠀⠀⠀⠀⠀⠐⣶⢷⡖
⠰⣶⣶⣶⣷⣄⠰⢷⣶⣶⠷
⠀⣾⣿⣿⢿⣿⣷⣼⣿⣿
⢰⣾⣿⣿⡦⠙⠿⣿⣿⣿
⣿⣶⣿⣰⣷⣞⣷⡾⠛⣷⡞
⠀⠀⠀⠀⠀⠀⠀⠀⠀⠀⠀⠀⠀⠀⠀⠀⠀⠤⣴⣷⡤⠄
⢀⣤⣤⣤⣤⣤⣤⣀⠀⠀⢠⣤⣤⣤⣤⣤⣄⠘⠉⠉⠙
⠈⠛⣿⣿⣿⣿⣿⣿⣷⣄⠘⢻⣿⣿⣿⡟⠛
⠀⠀⣿⣿⣿⣿⠻⣿⣿⣿⣷⣮⣿⣿⣿⡇
⢀⣀⣿⣿⣿⣿⣀⡈⠙⢿⣿⣿⣿⣿⣿⡇
⣘⣛⢛⣛⣛⠛⣛⣃⢀⣀⡙⣛⣛⣛⣛⣃⣀⡀
⣿⣿⣿⣿⣇⣼⣿⣿⣯⡻⣷⣿⠋⠈⢻⣿⡟⠁
⠀⠀⠀⠀⠀⠀⠀⠀⠀⠀⠀⠀⠀⠀⠀⠀⠀⠀⠀⠀⠀⢠⣤⣤⣿⣤⣤⡄
⠀⠀⠀⠀⠀⠀⠀⠀⠀⠀⠀⠀⠀⠀⠀⠀⠀⠀⠀⠀⠀⠀⠰⠟⠛⠻⠆
⠀⣿⣿⣿⣿⣿⣿⣿⣿⣶⣄⠀⠀⣾⣿⣿⣿⣿⣿⣿⣿⡇
⠀⠉⢹⣿⣿⣿⣿⣿⣿⣿⣿⣷⣄⡈⠉⣿⣿⣿⣿⣿⠉⠁
⠀⠀⢸⣿⣿⣿⣿⡟⠻⣿⣿⣿⣿⣿⣦⣿⣿⣿⣿⣿
⠀⠀⢸⣿⣿⣿⣿⡇⠀⠈⠻⣿⣿⣿⣿⣿⣿⣿⣿⣿
⠀⣿⣿⣿⣿⣿⣿⣿⣿⡆⠀⠀⠙⢿⣿⣿⣿⣿⣿⣿
⣤⣭⣭⣭⣭⣭⠉⣩⣭⣤⡤⣤⣤⡄⣭⣭⡭⢭⣭⣭⣤⣤⠄
⣼⣿⣿⢿⣿⣧⣴⣿⡿⣿⣿⣌⢿⣿⣿⠋⠀⠀⣹⣿⣿⠁
⢸⣿⣿⣿⣷⣤⡀⠀⢰⣿⣿⣿⣿⡇
⠀⢸⣿⣿⡿⣿⣿⣦⡀⢸⣿⣿⡇
⠀⢸⣿⣿⡇⠈⠻⣿⣿⣾⣿⣿⡇
⠸⣿⣿⣿⣿⠇⠀⠈⠛⢿⣿⣿⣿⡇
⠀⣶⣶⣶⣶⣶⣶⣦⣀⠀⠀⠀⠀⢰⣶⣶⣶⣶⣶⣶⣶
⠀⠛⢿⣿⣿⣿⣿⣿⣿⣷⣄⠀⠀⠘⠛⣿⣿⣿⣿⡿⠛
⠀⠀⢸⣿⣿⣿⣿⠿⣿⣿⣿⣷⣦⡀⠀⣿⣿⣿⣿⡇
⠀⠀⢸⣿⣿⣿⣿⠀⠈⠻⢿⣿⣿⣿⣦⣿⣿⣿⣿⡇
⠀⣤⣾⣿⣿⣿⣿⣤⡄⠀⠀⠙⢿⣿⣿⣿⣿⣿⣿⣷⣤
⠀⠿⠿⠿⠿⠿⠿⠿⠇⠀⠀⠀⠀⠉⠻⠿⠿⠿⠿⠿⠿
⡇⣶⣶⣶⣶⣶⣶⣶⣶⣦⣄⠀⠀⠀⠀⠀⠀⣴⣶⣶⣶⣶⣶⣶⣶⣶⣶⢸
⡇⠿⢿⣿⣿⣿⣿⣿⣿⣿⣿⣷⣤⡀⠀⠀⡀⠿⠿⣿⣿⣿⣿⣿⣿⡿⠿⢸
⠀⠀⠀⣿⣿⣿⣿⣿⣿⣿⣿⣿⣿⣿⣦⣄⠀⠀⡆⣿⣿⣿⣿⣿⣿
⠀⠀⠀⣿⣿⣿⣿⣿⣿⢈⠛⢿⣿⣿⣿⣿⣷⣤⡁⣿⣿⣿⣿⣿⣿
⠀⠀⠀⣿⣿⣿⣿⣿⣿⠸⠀⠀⠙⠻⣿⣿⣿⣿⣿⣿⣿⣿⣿⣿⣿
⡇⣶⣾⣿⣿⣿⣿⣿⣿⣶⣶⠈⠀⠀⠈⠛⢿⣿⣿⣿⣿⣿⣿⣿⣿⣷⣶⢸
⡇⠿⠿⠿⠿⠿⠿⠿⠿⠿⠟⠀⠀⠀⠀⠀⠀⠙⠻⠿⠿⠿⠿⠿⠿⠿⠿⢸
⡤⠴⠐⢚⣃⣛⣋⣚⣙⣘⠃⠆⠴⢄
⠀⠀⠚⠛⠛⠛⢿⡿⠿⠿⠿⠓⠂
⢀⡀⣤⠄⣶⡖⣞⠈⢿⣤⡟⣰⡯⣷⡄⣲⡖⢢⡄⢠⣀
⡿⠙⠛⠀⢉⣉⣉⣀⣠⣤⣤⣤⡴⢤⣄⣈⠉⠉⠁⠛⠸⢧
⠀⠀⢀⣈⣭⣭⢽⣿⣿⡿⠿⠿⢿⣾⣿⣿⣿⠷⠦⣄
⠀⠀⠀⠀⠀⠀⠈⠁⠀⠒⢿⠿⠛⠋⠉⠉⠉⠉⠁
⠀⠀⢀⣠⠀⢤⣖⣒⠒⠈⢿⣇⣸⡟⢠⣿⣻⣧⠀⢰⣶⠲⣤⡀⠀⣀
⢺⡟⢾⡿⠀⠞⠓⠚⠛⠀⠀⠉⠉⠀⠉⢉⣈⠉⠁⠘⠛⠒⠛⠃⢼⡯⢿⡄
⠋⠁⠀⠀⠤⠶⠶⠶⠿⣿⣿⣿⣿⣿⣿⣿⣍⣽⣿⣶⣶⣤⣄⠀⠀⠀⠈⠙
⠀⠀⠀⠤⠶⠶⠶⠛⣻⡿⠿⠿⢛⣛⡛⣛⣿⣿⣿⣿⣿⣟⣛⡛⠷⠄
⠀⠀⠀⠀⠀⠀⠀⠀⠀⠀⠀⠈⠛⢿⠟⠛⠉⠉⠁⠀⠀⠀⠀⠉
⠀⠀⠀⠀⢀⣀⡰⠦⢂⠀⢒⡦⠤⣀
⢠⣶⠒⢻⡿⠛⡿⢿⣥⠄⡽⢼⠮⡅
⠾⣇⣀⣚⣁⣴⣁⡾⡄⠼⠠⠾⠴⠃
⠀⠀⠀⠀⠀⠀⠀⠀⠀⣀⣰⣆⡤⠄⠀⠒⠂⢤⣤⣄⣀
⠀⢀⣀⣠⣤⣴⣶⣾⣿⣿⣶⣶⡴⡊⠁⠰⢲⡞⣲⢀⠿⠃
⢀⣿⡿⠁⠀⣸⣿⠃⠉⣹⠋⢉⠟⠲⠋⣹⠋⠉⠿⠉⢹⠂
⠸⠿⣥⣤⣀⣙⣡⡤⠴⠧⠤⠾⠷⠤⠤⠧⠤⠾⠧⠤⠟
⠀⠀⠀⠀⠀⠀⠀⠀⠀⠀⠀⠀⠀⢲⡤⠤⠤⠄⠀⠒⠒⢀⣠⢤⣀⣀
⠀⠀⠀⠀⠀⠀⣀⣀⣤⣤⣶⣾⣭⣁⣩⣍⣠⠔⠂⢀⡤⣤⡭⢍⣉⢹⣟⠆
⠀⢠⣶⣶⠛⠛⠛⢿⣿⡿⠿⠿⢿⠿⣿⢿⡴⣂⡠⠬⣥⠿⠴⣾⡴⠤⢄
⢀⣾⣿⠏⠀⠀⢠⣿⡟⠀⠀⢠⡟⠀⢀⡎⠉⠋⠀⣰⠃⠀⣀⡛⠁⢀⡞
⠘⠿⠿⣤⣤⣤⣬⣭⡤⠤⠴⠿⠤⠤⠾⠿⠦⠤⠴⠿⠤⠴⠿⠷⠶⠾⠃
⠀⠀⢀⣤⡶⢞⡻⢋⣷⣶⠠
⣶⠲⡟⣟⠚⣿⡖⢺⠟⡟⣟⢳⡒⣶
⠿⢳⡿⠿⠿⠿⠿⠿⠿⠿⠿⢿⡟⠾
⠀⠀⠀⠀⠀⢀⣠⣴⣶⠾⠿⠿⢕⣶⣶⠦⢄
⠀⠀⢀⣤⣶⣿⡟⣋⣥⠾⠋⠰⣶⣿⣿⣿⣤⣧⡀
⣶⠒⠖⡖⢒⣖⢛⠻⣳⣶⠻⠞⣿⠓⣟⢻⣻⢛⣳⠒⠖⣶
⣿⢰⣄⣇⣚⣿⣤⣤⢿⡿⣼⡧⣧⡶⣼⣤⣿⣔⣻⣰⡄⣿
⠛⠉⢹⡯⠿⠾⠚⠛⠚⠓⠛⠛⠓⠓⠛⠓⠾⠯⢽⡏⠉⠛
⠀⠀⠀⠀⠀⠀⠀⢀⣠⣤⣶⣶⣿⠿⠿⠕⣒⢦⡦⠤⣀
⠀⠀⠀⠀⢀⣠⡼⣟⡿⠟⢋⣠⣴⠖⠀⡴⣼⣾⣿⣶⣀⠸⡀
⣀⣀⣀⣈⣉⣉⣛⣓⣶⣾⣿⣋⣠⣴⣠⣾⣿⣻⣿⣿⣿⣿⣯⣆⣀⣀⣀⣀
⣿⡇⡈⢠⡇⢐⣺⡆⠃⠘⣸⣿⡇⢸⡃⢾⢃⡀⢧⠘⢰⡇⢐⣺⠂⡘⢰⣿
⣿⣇⣿⣬⣧⣬⡾⣷⢾⡷⠻⣿⢻⢻⡟⣿⢿⠷⣾⡷⡿⣷⣬⣽⣥⣷⣸⣿
⠉⠉⠁⢸⠭⠿⠷⠛⠚⠛⠛⠋⠉⠉⠉⠉⠉⠛⠛⠓⠓⠿⠶⠭⡇⠈⠉⠉
⠀⢀⣴⣶⣶⣾⣿⣿⣷⣶⣶⣦⡀
⠀⢛⣿⣿⣿⣟⠛⠛⣻⣿⣿⣿⡓
⠰⣹⣿⣥⣾⣿⣶⣴⣿⣷⣬⣿⣏⠆
⠀⠈⠙⠯⣿⣿⣿⣿⣿⣿⠽⠋⠁
⠀⠀⠀⠀⠈⠙⢿⡿⠋⠁
⠀⠀⠀⣠⣤⣴⣶⣶⣶⣶⣶⣶⣶⣶⣶⣶⣦⣤⡀
⠀⠠⣾⢿⣿⣿⣿⣿⣿⣿⣿⣿⣿⣿⣿⣿⣿⣿⡿⣆
⠀⠀⣩⣾⣿⡷⠾⣿⣶⠄⠀⠀⠠⣶⣿⠿⢾⣿⣷⣍
⠐⢎⠽⣿⣯⣀⡰⣾⣿⣓⠆⠰⣞⣻⣿⣆⣀⣽⣿⠯⡱⠂
⠀⠀⠙⠲⢭⣛⢿⣾⣿⡼⣷⣾⢧⣿⣷⡿⣛⡭⠖⠋
⠀⠀⠀⠀⠀⠈⠙⠮⣝⠿⣿⣿⠿⣫⠵⠊⠁
⠀⠀⠀⠀⠀⠀⠀⠀⠈⠙⠮⠵⠋⠁
⠀⠀⠀⠀⢀⣠⣤⣤⣤⣶⣶⣶⣶⣶⣶⣶⣶⣶⣶⣦⣤⣤⣄
⠀⠀⢀⣴⣿⣿⣿⣿⣿⣿⣿⣿⣿⣿⣿⣿⣿⣿⣿⣿⣿⣿⣿⣷⣄
⠀⠀⠳⡯⢙⣿⣿⠻⢿⣟⡻⠛⠛⠛⠛⠛⠛⢛⣻⠭⢿⣻⣿⡛⢽⠆
⠀⠀⣀⣴⣿⡿⠿⠛⠛⢿⠿⡳⠀⠀⠀⠀⢞⡿⡿⠛⠛⠿⢿⣿⣶⣄
⠀⠶⡨⢽⣿⣯⣁⣀⠴⣾⣿⣛⡻⡄⢀⢟⡛⣿⣿⡲⢀⣈⣭⣿⡿⠍⠶
⠀⠀⠙⠷⢮⣝⠻⣿⣿⣬⡻⣇⢻⣶⣶⡿⣸⢟⣧⣿⣿⠟⣋⡥⠶⠋
⠀⠀⠀⠀⠀⠈⠙⠶⣍⡻⢿⣼⣽⣿⣿⢧⣯⡿⢟⣩⠶⠛⠁
⠀⠀⠀⠀⠀⠀⠀⠀⠀⠙⠳⣬⡓⢿⡿⢟⣭⠖⠋
⠀⠀⠀⠀⠀⠀⠀⠀⠀⠀⠀⠀⠙⠳⠖⠋
⠀⠀⠀⠀⠀⠲⡞⢿⣷⠂
⠀⠀⢄⡠⣤⣿⣏⣵⣿⠁⣆
⣔⡐⣖⣑⢸⣯⢻⡟⡽⡂⡾⣺⢋⡟
⠀⠀⠀⠀⠀⠀⠀⠀⢤⣴⡾⣿⠿⣦⠴
⠀⠀⠀⡠⠄⠀⢂⠀⣶⣾⠦⠾⣭⣿⠖⠠⡀
⠀⠀⠀⠙⠢⡌⠻⣿⣿⣿⣶⣿⣿⣿⡂⠀⣧⠤⣤⣤⣄⣄
⣸⣡⣙⣸⣣⣝⣍⣽⡿⣝⣻⣿⣩⡾⣩⣉⣿⣡⣿⢃⣷⡏
⠀⠀⠀⠀⠀⠀⠀⠀⠀⠀⣤⣤⣴⣾⣿⣿⣷⣤⡤⠄
⠀⠀⠀⠀⠀⢀⣀⠀⠤⠄⢤⣬⣮⣀⠬⠖⢲⣧⣀⣀
⠀⠀⠀⠀⢎⡁⠐⢠⣲⣠⣿⣿⣇⣊⣨⣽⣿⣿⡠⠀⢹
⢀⣀⣀⣀⣀⣉⣳⣀⣘⣿⣿⣿⣿⣿⣿⣿⣿⢻⣀⣀⣩⣯⡋⣳⣶⣖⠲⣖
⣼⣃⣦⣃⣼⣃⣦⣭⣀⣾⣿⣶⣍⣻⣿⣃⣾⣟⣰⣂⣿⣏⣸⣿⣃⣸⣿⡍
⢹⣿⠻⣦⡽⢛⣽⣿⢟⡛⠄⢻⣿⠁
⠉⠉⠱⡥⠞⠛⠛⠛⠈⠙⠛⠋⠉
⠉⣿⣿⡟⢿⣶⣬⠽⢛⣫⣵⣾⣿⢟⣛⠻⠀⠙⣿⣿⡏⠁
⠉⠉⠉⠉⢶⡥⠶⠚⠓⠛⠛⠋⠓⠈⠉⠛⠛⠛⠉⠉⠁
⠛⢻⣿⣿⣿⣿⣷⣄⣘⣻⠿⠟⢛⣳⣼⣿⣿⠿⠿⢟⠤⠬⠹⣿⣿⣿⠛⠃
⣀⣼⣿⣿⣇⣈⡻⠟⢛⣡⣄⣻⣿⣿⣿⣿⡉⢷⣶⣌⣉⣀⣤⣿⣿⠿
⠀⠀⠀⠀⠀⠸⣴⠟⠛⠋⠉⠉⠉⠉⠉⠈
⣀⣀⣀⣻⣿⣿⣦⣼⣿⣿⣇⣀⣀
⠈⠉⠉⣽⣿⣿⠛⢿⣿⣿⡇
⠀⠀⠀⠀⠀⣿⣿⣿⣿⣷⣤⡰⣿⣿⣿⣿⡿
⠲⢶⣶⣾⠶⢾⣿⣿⣿⢿⣿⣿⣾⣿⣿⣿⠶⠶⠶⠒⠒
⠀⠀⠀⠀⠀⣿⣿⣿⣿⡷⠉⠻⣿⣿⣿⣿⣷
⠀⠀⠀⠀⠀⠀⣿⣿⣿⣿⣿⣿⣦⡀⠀⣿⣿⣿⣿⣿⣿⡇
⣀⣀⣀⣀⣤⣄⣉⣿⣿⣿⣟⣿⣿⣿⣷⣭⣿⣿⣿⣿⣏⣁⣀⣀⣀⣀⡀
⠈⠙⠿⠟⠛⠋⣉⣿⣿⣿⣿⣏⡻⣿⣿⣿⣯⣿⣿⣿⣏⡉⠉⠉⠁
⠀⠀⠀⠀⠀⠀⣿⣿⣿⣿⣿⣿⡇⠀⠙⠿⣿⣿⣿⣿⣿⡇
⠀⡠⢔⠂⠉⠭⠍⣉⣉⣐⣶⠄
⠎⣴⣷⣿⠿⣿⣶⣞⣁⣒⡠⠐⠉⠁
⠀⠘⠛⠿⣿⢿⣿⣿⣛⣿⡷⠄
⠀⠀⠀⠀⠉⠢⠉⠉⠛⠛⠛
⠀⠀⢀⣠⠤⠖⠒⠚⠉⠉⠉⠉⠙⠓⠒⠲⢤⣄⡀
⢀⠔⢉⠤⣒⣉⣉⣉⣉⣉⡉⢉⡳⠖⠚⠛⠛⠒⢒⣢⠤⠄
⠧⢠⣿⣿⣿⣿⠿⠿⣿⣿⡿⣿⣌⣉⣉⣉⡹⠚⠁
⠀⠀⣹⠿⠿⣿⣶⣶⣿⣿⡇⣼⠿⠿⣿⣿⢷⡀
⠀⠀⠀⠀⠀⠀⠹⢟⡉⠙⣷⠿⢷⣶⣿⣿⡇⡇
⠀⠀⠀⠀⠀⠀⠀⠀⠙⡄⠀⠀⠀⠈⠉⠉⠈⠁
⠀⠀⠀⠀⢀⣠⡤⠴⠖⠒⠛⠛⠛⠛⠛⠛⠓⠲⠶⠦⣤⣄⡀
⠀⢀⡴⠚⢉⣀⡤⠴⠒⠒⠒⠒⠒⠶⠦⢤⣤⣀⣤⣴⣶⣟⣉⣉⣀⡀
⣰⠋⢀⣔⣫⣴⣶⣶⣶⣶⣶⣶⣦⣤⣠⣖⣋⣁⣀⣀⣀⡀⢀⡤⠞⠛⠉⠁
⠧⠄⣾⣿⣿⣿⣿⡿⠛⠛⢿⣿⣿⡿⢿⣧⣤⣤⣄⣀⣠⠞⠉
⠀⠀⠈⣻⣿⣿⣿⣿⣶⣶⣿⣿⣿⡇⣼⣿⣿⣿⣿⣿⣿⣆
⠀⠀⠈⠉⠀⠀⠉⠛⣛⣿⠿⠿⣿⣧⣿⣯⣄⣠⣿⣿⡦⢹⠆
⠀⠀⠀⠀⠀⠀⠀⠀⠉⠳⢤⡀⠬⠟⠛⠛⠿⢿⣿⣿⡇⣸⠂
⠀⠀⠀⠀⠀⠀⠀⠀⠀⠀⠈⠳⠀⠀⠀⠀⠀⠈
⢀⠀⣀⣠⣤⣤⡤⠀⠒⠀⢠⣄⠀⡀
⡇⢾⡿⣿⣿⠋⠠⣄⡀⢀⣤⣌⡷⢸
⠈⠀⠁⠈⠛⠧⡀⠸⠷⠶⠛⠋⠀⠁
⠀⠀⣀⠤⠐⣒⣀⣉⣉⣉⣉⣛⠻⠭⡍⠐⣒⣂⠤⣀
⡴⢋⣴⣿⣿⣿⣿⣿⡿⠛⢃⠀⠀⠀⠀⠒⠈⠙⠿⣶⡝⢦
⠳⣜⠿⣿⠛⣿⣿⣿⡀⠀⠙⢷⣶⡄⠀⠶⣿⣿⣶⠿⣣⠞
⠀⠀⠉⠒⠠⠤⠍⣛⣛⣆⣀⣀⣿⣿⣛⠛⠯⠍⠒⠉
⠀⠀⠀⢀⣠⠤⠔⠒⢒⣉⣉⣉⡉⠩⠭⠭⠭⣍⡉⠒⢒⡢⠤⢄⡀
⢀⡴⢊⣥⣶⣾⣿⣿⣿⣿⣿⣿⠿⠍⠉⠉⠂⠀⠀⢀⣘⠛⢿⣶⣬⡑⢦⡀
⣿⠀⣿⣿⣿⣿⣿⣿⣿⣿⠏⠀⠀⣶⣄⣀⡀⠀⠀⢀⣀⣤⣄⢈⣿⣿⠀⣿
⠈⠳⢌⡛⠿⠀⠻⢿⣿⣿⣆⠀⠀⠈⠛⣿⣷⣄⡈⢛⣻⣿⣿⠿⢛⡡⠞⠁
⠀⠀⠀⠈⠑⠒⠢⠤⠬⣉⣛⣓⣂⣀⣀⣚⣛⣛⣛⠭⠭⠕⠒⠊⠁
⠀⠀⠀⠀⣿⠟⠉⠉⠙⣿⡀
⢀⣿⣉⣭⢭⠀⠉⢠⠤⢍⡹⣧
⠘⢛⣿⠃⣘⣂⣒⠚⠀⠀⠘⢿⡄
⣶⣟⣁⣸⣿⠀⠀⢸⣷⣀⣀⣈⣻⣶
⠀⠀⠀⣶⣿⣠⣤⣼⣿⣶
⠀⠀⠀⠀⠀⠀⢸⣿⣿⠛⠛⠛⠛⠛⣿⣿
⠀⢀⣤⡤⠤⠤⠾⠿⠁⠴⠆⠠⠤⠤⠽⠿⢦⣤⡀
⢀⣾⡿⣠⣶⣶⠖⣲⠀⠀⠀⠀⡖⠒⠒⠢⣌⣿⣷
⠈⠙⢛⣿⡿⠃⠀⢙⣒⡒⠒⠒⠳⠀⠀⠀⠈⢻⣿⡅
⣀⣤⣿⠟⠀⢰⣿⣿⠀⠉⠉⠙⣶⣤⠀⠀⠀⠀⠹⣿⣦⣄
⠛⠛⠒⠒⠒⠒⣿⣿⠀⠀⠀⠀⣿⣿⠒⠲⠶⠶⠶⠶⠿⠿
⠀⠀⠀⠀⢸⣿⣿⣯⣤⣤⣤⣤⣽⣿⣿⡇
⠀⠀⠀⠀⠀⠀⠀⠀⢸⣿⣿⠿⠿⠿⠿⠿⠿⢿⣿⣿⡇
⠀⠀⢀⣀⣀⣀⣀⣀⣼⣿⠟⠁⣠⠀⠀⠀⠀⠈⢻⣿⣧⣀⣀
⠀⢀⣿⣿⠋⠛⢛⣛⣛⣛⠒⠛⠛⠛⠚⢛⣛⣛⡛⠛⠉⢿⣿⣆
⠀⣾⣿⣏⣴⣿⣿⡟⠁⣽⠀⠀⠀⠀⠀⣿⠁⠉⠉⠙⠲⣜⣿⣿⡄
⠈⠉⠙⢛⣿⣿⠏⠀⠀⠋⠙⠛⠛⠒⠒⠿⠆⠀⠀⠀⠀⠈⢿⣿⣇
⠀⠀⣴⣿⡿⠃⠀⣴⣿⣿⠉⠉⠙⠛⠒⣦⣤⡀⠀⠀⠀⠀⠈⢻⣿⣦⡀
⣿⣿⣿⣋⣤⣤⣬⣿⣿⣿⠀⠀⠀⠀⠀⣿⣿⣿⣡⣤⣤⣤⣤⣤⣽⣿⣿⣿
⠉⠉⠉⠉⠉⢉⣉⣩⣿⣿⠀⠀⠀⠀⠀⢿⣿⣯⣉⡉⠉⠉⠉⠉⠉⠉⠉⠉
⠀⠀⠀⠀⠀⠀⣿⣿⣿⣷⣶⣶⣶⣶⣶⣶⣿⣿⣿⡇
⠀⠉⠻⢦⡬⠉⡉⠉⠰⠦⣢⣤⣄⡀
⠀⠀⠀⠀⠙⡦⠽⠶⠺⠿⠯⠍⠙⠛
⠀⠉⠛⢻⣯⣭⣉⠉⠉⠉⠛⠛⠁⢠⣖⡂⢤⣀⣀
⠀⠀⠀⠀⠀⠉⠻⣝⢂⢺⣦⠄⣀⣀⣭⣥⠾⠿⠿⢿⣷⣦
⠀⠀⠀⠀⠀⠀⠀⢸⠦⠖⠒⠛⠛⠛⠛⠛⠿⠦⠀⠀⠉⠁
⠀⠐⠛⠛⡻⠭⣍⡉⠉⠉⠉⠛⠛⠛⠛⠒⣒⣒⠢⠤⢄⡀
⠀⠀⠀⠀⠈⠙⠻⢿⣓⠦⡐⢄⠠⡀⠀⠀⠀⠙⠟⠓⣀⣽⣿⣷⣶⣦⣄⡀
⠀⠀⠀⠀⠀⠀⠀⠀⠈⢳⡀⠄⠡⠄⣃⣤⣴⣶⣿⣿⣟⡛⠉⠉⠛⢻⣿⠿
⠀⠀⠀⠀⠀⠀⠀⠀⠀⢨⠷⠒⠛⠉⠉⠉⠉⠉⠉⠛⠛⠚⠒⠂
⢀⣠⣾⣿⣿⣾⣿⡿⠿⣷⣾⣿⣷⣄
⣿⣿⣏⣿⣿⡟⠿⣿⣦⣾⣿⣿⣉⡁
⠈⠙⢿⣿⡿⢷⣶⣾⣿⡿⣿⣿⡿⠋
⠀⠀⠀⣶⣾⣿⣿⣶⣶⣶⣶⣶⣶⣶⣶⣶⣾⣿⣿⣶
⢠⣴⣿⣿⣿⣿⣿⣿⣿⣿⣿⣏⡉⠛⢛⣿⣿⣿⣿⣿⣿⠷
⣿⣿⣿⣿⣹⣿⣿⣿⣿⠻⣿⣿⣿⣷⣼⣿⣿⣿⡇⣉
⠘⠻⣿⣿⣿⣿⣿⣿⣧⣤⣄⣙⣿⣿⣿⣿⣿⣿⣿⣿⣿⡶
⠀⠀⠀⠿⢿⣿⣿⠿⠿⠿⠿⠿⠿⠿⠿⠿⣿⣿⣿⠿
⠀⠀⠀⠀⢴⣶⣿⣿⣿⣶⣶⣶⣶⣶⣶⣶⣶⣶⣶⣶⣶⣿⣿⣷⣶⡦
⠀⣠⣴⣾⣿⣿⣿⣿⣿⣿⣿⣿⣿⣿⡛⠿⠿⠿⠿⣿⣿⣿⣿⣿⣿⣿⣶⣤
⣾⣿⣿⣿⣿⠟⣿⣿⣿⣿⣿⣿⣿⣿⣿⣷⣦⣀⢰⣿⣿⣿⣿⡟⠻⠟⠋
⢿⣿⣿⣿⣿⣦⣿⣿⣿⣿⣿⠀⠙⠻⣿⣿⣿⣿⣿⣿⣿⣿⣿⣧⣴⣦⣀
⠀⠙⠻⢿⣿⣿⣿⣿⣿⣿⣿⣶⣶⣶⣶⣽⣿⣿⣿⣿⣿⣿⣿⣿⣿⣿⠿⠛
⠀⠀⠀⠀⠺⠿⣿⣿⡿⠿⠿⠿⠿⠿⠿⠿⠿⠿⠿⠿⢿⣿⣿⡿⠿⠗
⠈⢹⣿⣶⣤⡀⠀⠉⠈⠙⠻⠛⠿⡶
⠀⠛⠛⠀⠙⠿⡗⠀⠴⠖⠚⠛⠛⠁
⠈⠛⠻⣿⣿⣶⣤⡀⠀⠀⠉⠉⠃⠐⠛⠛⠻⠿⢿⣿⣶⣦
⠀⢀⣾⣿⡿⠛⢿⣿⣷⣤⣀⠀⠀⠀⠀⣀⣈⣡⣤⣬⣿⠃
⠀⠘⠛⠛⠁⠀⠀⠈⠛⢿⠏⠀⠐⠛⠛⠛⠛⠛⠋⠉
⠀⠒⠲⢶⣶⣾⣶⣤⡄⠀⠀⠀⠀⠐⠒⠒⠀⠒⠶⠶⠶⢶⣶⣶⣶⣶⣶⣤
⠀⠀⠀⣼⣿⣿⣿⣿⣿⣶⣦⠀⠀⠀⠀⠀⠀⠀⠀⠀⠐⠒⠂⠉⠙⠻⣿⠏
⠀⠀⣼⣿⣿⡟⠀⠈⠻⢿⣿⣿⣷⡶⠀⠀⢀⣀⣤⣤⣶⣶⣶⣾⣿⡶⠋
⠀⠈⠉⠉⠉⠀⠀⠀⠀⠀⠉⠻⡿⠁⠀⠈⠉⠉⠉⠉⠉⠉⠉⠁
⠀⣀⣠⣤⣶⣿⣿⣿⢷⣶⡶⣶⡄
⠘⠙⠓⠛⠋⠛⢷⡿⠿⠟⠓⠋⠒⠐
⠀⠀⠀⢀⣀⣀⣤⣶⣶⣿⣿⣿⣷⣶⣤⣴⠒⡶⢦⡀
⢀⣾⢷⣾⣫⣿⣻⣿⣻⣿⣟⣿⣏⣾⣿⣿⡍⣹⣿⢋⣀⡀
⠈⠁⠈⠁⠉⠉⠁⠀⠉⠙⣿⠿⠟⠻⠛⠁⠙⠉⠀⠙⠒⠈
⠀⠀⠀⠀⠀⠀⠀⢀⣤⣴⣶⣖⣒⣒⣺⣷⣶⣦⣄⣤⡴⢶⣶⣄
⠀⢠⣤⣄⣴⡿⢿⣿⢿⣿⢿⣿⠿⡿⢿⣿⢛⣿⣿⣿⠒⠞⠷⣝⣷
⠠⠾⠟⢿⠿⢥⠿⠧⠾⠿⢾⣽⣿⣦⣿⣧⣾⣿⣿⡿⣿⣰⡿⠿⢣⡶⠖⣆
⠀⠀⠀⠀⠀⠀⠀⠀⠀⠀⠀⠀⠙⠿⠿⠟⠋⠛⠋⠀⠈⠁⠀⠀⠀⠉⠈
⢤⢀⣼⣬⣹⣽⣯⣯⣇⡿⣭⡧⣀⢄
⠼⠸⣷⣼⠼⠼⠶⠾⠷⠧⣧⣧⠿⠸
⠀⠀⠀⠘⡏⠙⠉⡏⢹⢹⡏⡽⢹⡏⣽⡏⠿⢹
⢲⡖⢢⣼⡧⣿⡴⢷⠾⡼⢧⡷⣼⠧⡿⢧⠿⣼⠛⣡⠒⣦
⢸⡇⢠⣾⡇⠿⣇⢻⣀⣟⣸⣅⣿⢀⣟⠸⠇⣿⠀⣿⠀⣿
⠚⠓⠚⢻⣭⠿⠭⠿⠭⠯⠽⠯⠿⠭⠯⠽⠯⣽⡗⠛⠒⠛
⠀⠀⠀⠀⠘⣯⠉⠻⠙⡟⢩⡍⢻⡏⣩⠙⣯⠉⣽⡏⢹⡏⢻
⢤⡤⠤⠤⢤⣟⣸⣆⣀⣧⣘⣃⣸⣇⣿⣘⣿⣀⣿⣇⣰⣆⣸⠴⠦⠤⢤⣀
⠀⡇⠀⠿⢿⡇⢸⣿⠁⣴⡄⢹⡇⢰⠆⢹⡇⢸⣧⠀⣦⠈⣿⠀⢸⡇⠀⣿
⢀⡇⠀⣿⣿⣇⣘⣻⣄⣙⣡⣼⣧⣼⣦⣽⣧⣼⣏⣀⣛⣀⣿⠀⢸⡇⠀⣿
⠛⠛⠉⠉⢻⡭⠼⠾⠴⠿⠶⠞⠒⠚⠓⠚⠳⠶⠷⠤⠿⠤⢽⡏⠉⠉⠓⠛
⣰⣶⣤⣀⠀⣶⣤⡀
⠽⢿⣿⣿⣿⣿⣿⣿⣷⣦⣀
⠀⠀⠀⢉⣙⣛⣻⣿⣿⣿⣿⣇
⠀⠀⠀⠀⠈⠙⠛⠉⠉⠛⠿⣟⠛⠲
⢠⣶⣤⣀⠀⠀⠀⠰⣦⣄⡀
⠶⣾⣭⣛⡿⣷⣦⣜⡳⢯⣟⡶⣤⣀
⠘⠳⠾⣭⣿⣻⣾⣿⣿⣷⣮⣽⣳⠿⣿⣦⣄
⠀⠀⠀⠀⠈⠉⠙⠛⠿⠿⣿⣿⣿⣿⣶⣭⣛⢷
⠀⠀⠀⠀⠀⠐⠒⠶⣶⣶⣶⣿⣿⣿⣿⣿⣿⣷⣴⣦⣄
⠀⠀⠀⠀⠀⠀⠀⠀⠀⠉⠁⠀⠀⠀⠈⠛⠻⣯⠭⠉⠉⠓
⢀⣴⣤⣀⠀⠀⠀⠀⠀⢠⣦⣄
⣨⣟⡻⠿⣿⣶⣤⣄⡀⢠⣯⣛⠿⣶⣄⡀
⢉⣟⠿⢷⣶⣭⣟⡻⢿⣷⣮⣝⡻⢶⣭⣛⢷⣦⣀
⠈⠛⠻⠷⣶⣭⣝⣻⠿⣾⣭⣟⡿⣷⣮⣝⡻⠾⣽⣿⣦⣄
⠀⠀⠀⠀⠀⠈⠉⠙⠛⠷⢾⣭⣟⣿⢿⣿⣿⣷⣦⣍⡛⢿⣧
⠀⠀⠀⠀⠀⠀⠀⢤⣤⣤⣤⣤⣭⣉⣿⣿⣿⣿⣿⣿⣿⣷⣌⢠⣀
⠀⠀⠀⠀⠀⠀⠀⠀⠀⠙⠻⢿⠿⠿⠿⠟⠛⠿⢿⣿⣿⣿⣿⠿⣿⣿⣶⡀
⠀⠀⠀⠀⠀⠀⠀⠀⠀⠀⠀⠀⠀⠀⠀⠀⠀⠀⠀⠈⠙⠻⡧⠤⠄⠀⠈⠉
⠀⠀⠀⣠⢞⡝⢦⣀⣠⠤⣄
⠀⣠⣼⣋⣼⣶⣟⡫⢭⡙⠛⣆⡀
⣸⣿⡿⢿⣍⠀⠀⠀⠀⠀⠀⣈⣻⠏
⠻⣿⣟⠶⠮⠁⠀⠀⢹⠿⡿⠁
⠀⠀⠉⠛⠿⡶⠦⠴⠖⠛⠁
⠀⠀⠀⠀⠀⢀⣴⢟⣛⢶⣄⠀⠀⢀⣠⣤⡄
⠀⠀⠀⠀⣴⣿⠇⣾⣃⣠⣿⡿⠟⠻⢧⢾⣿⣀
⠀⣠⣴⣿⣯⣵⣶⣿⠿⠿⠯⣄⠒⠒⠦⠀⠀⠿⢧⣤⣄⣀
⢠⣿⣿⣿⡿⣿⣇⠀⠀⠀⠀⠀⠀⠀⢀⣀⣀⢀⣈⣻⡿⠋
⢿⣿⣿⡿⣶⣤⣍⠙⠂⠀⠀⠀⠙⣿⣶⣶⣶⠞⠋⠉
⠀⠙⠻⣿⣶⣬⣉⣉⡂⠀⠀⠀⠀⢚⣉⣥⠟
⠀⠀⠀⠀⠈⠙⠛⠿⡿⠿⠶⠖⠛⠛⠉⠁
⠀⠀⠀⠀⠀⠀⠀⣠⣾⡿⠛⢶⣦⡀⠀⠀⠀⠀⣀⣀⣀
⠀⠀⠀⠀⠀⢀⣴⣿⡏⣼⡟⠂⢙⣿⣶⣶⣶⣾⡋⣍⣿⡇
⠀⠀⠀⢀⣠⣿⡿⠏⢀⣿⣷⣶⣿⡿⠛⣁⣀⡈⠙⠙⠟⢻⣶⡀
⠀⣠⣾⣿⣿⣷⣾⣿⣿⡿⠟⠛⠛⠳⠤⠍⠙⠉⠛⠃⠀⠙⠛⢻⣶⡶⣤⣄
⢀⣿⣿⣿⣿⡿⣿⣿⡒⠀⠀⠀⠀⠀⠀⠀⠀⣀⣀⡀⠀⠀⢀⣈⣙⣿⡿⠁
⣾⣿⣿⣿⣿⣅⣌⢉⠛⠳⠦⠀⠀⠀⠀⠒⣲⣶⣦⣬⣭⣴⠾⠟⠛⠋
⠘⠿⣿⣿⣮⣙⠛⠿⠳⠦⣄⠀⠀⠀⠀⠀⢈⣿⡿⠿⣻⡿
⠀⠀⠈⠙⠻⢿⣿⣶⣴⣶⣤⣀⡀⠀⠀⣀⣠⣤⣦⡾⠟
⠀⠀⠀⠀⠀⠀⠈⠉⠛⠻⢿⠿⠿⠟⠛⠛⠋⠉
⠀⢀⣤⣀⣠⢀⣤⣄⡀⣄⠀⣠⡀
⠀⠈⠁⠈⠉⠉⠀⠈⠉⠉⠉⠉
⠀⠀⢰⣶⢦⣄⣰⣶⠀⣰⡶⢶⣆⠀⣶⡆⠀⢰⣶
⠀⠀⠘⠛⠀⠉⠛⠋⠚⠁⠀⠒⠛⠓⠙⠓⠒⠚⠛
⠀⠀⠀⢲⣶⣶⣤⣀⣶⣶⠀⣀⣶⠶⠲⣦⣀⢰⣶⡆⠀⠀⢰⣶⡆
⠀⠀⠀⠘⠛⠀⠈⠙⠛⠋⠚⠋⠀⠀⠒⠚⠛⠓⠙⠓⠒⠒⠚⠛⠃
⢰⣿⠍⠙⠛⠛⢿⡿⠛⠛⠋⠩⣿⡆
⣼⠇⣄⠀⠐⠂⠀⠀⠐⠂⠀⣠⠸⣧
⠻⣧⣜⣱⣾⣐⣿⣿⣂⣷⣎⣣⣼⠟
⠀⠀⠉⠛⠛⠷⣭⣭⠾⠛⠛⠉
⢠⣶⣛⣍⠙⠓⠒⠚⠛⣻⣷⣾⣟⠛⠓⠒⠚⠋⣩⣛⣶⡄
⠈⣿⡟⠁⠀⠀⠀⠀⠀⠈⠉⠉⠁⠀⠀⠀⠀⠀⠈⢻⣿⠁
⣼⣿⠀⢴⡀⠀⠀⠙⠓⠀⠀⠀⠀⠚⠋⠀⠀⢀⡦⠀⣿⣧
⢻⣿⣄⣈⠻⢡⣠⣾⠠⢶⣿⣿⡶⠄⣷⣄⡌⠟⣁⣠⣿⡟
⠀⠙⠻⢿⣷⣦⣿⣿⣟⠿⣿⡿⠿⣻⣿⣿⣴⣾⡿⠟⠋
⠀⠀⠀⠀⠀⠈⠉⠙⠻⠷⠶⡶⠾⠟⠉⠉⠁
⠀⣴⡾⣛⣛⠛⠛⠲⠖⠒⢒⣒⣲⣶⣶⣖⣒⡒⠒⠲⠖⠛⠛⣙⣛⢷⣦
⠀⢻⣿⡟⠋⠀⠀⠀⠀⠀⠀⠀⠙⠛⠛⠋⠀⠀⠀⠀⠀⠀⠀⠙⢻⣿⡟
⣠⣿⡿⠀⣠⠀⠀⠀⠀⠴⠦⠄⠀⠀⠀⠀⠠⠴⠦⠀⠀⠀⠀⣄⠀⢿⣿⣄
⣿⣿⡇⠀⠻⣷⡤⠀⠀⣠⠀⢀⣀⣤⣤⣀⡀⠀⣄⠀⠀⢤⣾⠟⠀⢸⣿⣿
⠘⢿⣿⣦⣶⣌⠀⢷⣾⣿⣀⣉⣻⣿⣿⣟⣉⣀⣿⣷⡾⠀⣁⣶⣴⣿⡿⠃
⠀⠀⠉⠛⠻⠿⣿⣷⣿⣿⣿⡙⠽⠿⠿⠧⣋⣿⣿⣿⣾⣿⠿⠟⠛⠉
⠀⠀⠀⠀⠀⠀⠀⠀⠉⠉⠛⠻⢿⠿⡿⠿⠿⠛⠉⠉
⠀⠀⠀⠀⣴⣳⣴⣷⢤⠤⡀
⠀⢀⣴⣾⣿⠉⠉⠀⢈⣁⣈⣉⣛⠦
⢠⣾⣽⣿⣷⣾⣵⣶⣾⣿⣧⢤⡄
⠸⢿⣿⣿⣿⣿⣿⣿⣿⣿⣿⣿⠇
⠀⠀⠀⠀⠀⠀⢀⡴⢿⣦⣴⣶⣄⣀⣀⡀
⠀⠀⠀⠀⢀⣠⣼⡷⠶⠿⠿⠛⠋⠭⠭⠙⠶⠤⠤⣄⣀
⠀⠀⢀⣴⣿⣿⣿⣛⠁⠀⠀⠀⠀⢀⣀⣀⣀⣀⣀⣡⡼⠃
⠀⣤⣿⣭⣿⣿⣿⣵⣶⣯⣥⣤⣤⣬⣿⣿⣯⣥⣤⣤
⠀⣿⢸⣿⣿⣿⣿⣿⣼⣿⣷⣿⡷⣿⣿⣿⣿⣇⣿⡇
⠐⠛⣾⣻⣻⣟⣟⣿⣚⣿⣗⣻⣿⣿⣟⣿⣿⣻⡟⠓
⠀⠀⠀⠀⠀⠀⠀⠀⢀⣴⢾⣦⣄⣴⣶⣦⡀⠀⢀
⠀⠀⠀⠀⠀⠀⠀⣀⣸⣧⣴⣾⣿⣿⠿⠿⢛⣉⣋⠙⢦⣄⣀⣀⡀
⠀⠀⠀⠀⣠⣴⣿⣿⣿⡯⠄⠀⠀⠀⠀⠀⠀⠈⠀⠁⠀⠀⠀⠈⠛⢛⣳⡆
⠀⠀⢠⣾⡿⢿⣿⣿⣿⠖⣀⣀⡤⠀⠀⠀⠀⢶⣶⣶⣶⠶⠖⠒⠚⠋⠉
⠀⢲⡞⣷⣶⣿⣿⣿⣿⣿⣿⣿⣶⢻⣿⣿⢳⣶⣾⣿⣿⣶⠲⣶⣶⠂
⠀⢸⡇⣿⣿⣿⣿⣿⣟⣿⢿⣿⣿⢸⣿⣿⡸⣿⣿⣿⣿⣿⣠⣿⣿
⠀⠛⢛⣿⣻⣻⣿⣻⣻⣿⣟⣻⣿⣻⣻⣿⣛⣿⣟⣻⣿⣟⣻⣟⠛⠃
⠀⢀⣾⠟⣰⡿⣣⡾⣿⣶⡟⣱⡿⠃
⠀⠙⠿⢞⣛⠑⠉⣁⡀⠘⠂⢱⡄
⠀⠀⠀⠀⠀⠀⠀⠀⢘⣿⠖⠉⠁
⠀⠀⠀⣰⣿⡿⢃⣴⣿⡟⣡⣾⣿⣿⣇⣼⣿⢏⣴⣿⡿⠁
⠀⠀⣾⣿⣿⣤⣾⡿⣫⣴⠟⠛⠘⠛⢛⣛⡡⠞⣛⠋
⠀⠀⠐⠛⠛⠳⠶⠦⠤⢐⡒⠶⠶⣖⣒⣀⢀⣐⣻⡦
⠀⠀⠀⠀⠀⠀⠀⠀⠀⠀⠈⠉⠢⢌⣻⡿⠟⠉
⠀⠀⠀⠀⣠⣿⣿⡿⠁⣰⣿⣿⡟⢁⣾⣿⣿⣿⡇⣰⣿⣿⠋⣰⣿⣿⡟⠁
⠀⠀⢀⣾⣿⣿⠋⣠⣾⣿⡿⠋⣴⣿⣿⣋⣿⣿⠿⢿⣟⣁⠾⠿⠿⠋
⠀⠀⠈⣛⣿⣿⣿⠟⠛⠛⠚⠛⢋⣀⣀⣀⣀⣀⣐⡒⠒⠈⣉⣲⣆
⠀⠀⠀⠀⠀⠀⠈⠉⠉⠓⠒⠒⠬⢅⣉⠙⠫⢭⣥⣤⣄⣤⣤⠽⠟
⠀⠀⠀⠀⠀⠀⠀⠀⠀⠀⠀⠀⠀⠀⠀⠙⠦⢬⣛⡿⠏⠃
⢀⣀⣠⣆⣺⣿⣿⣿⣟⣇⣶⣄⣀⡀
⠀⢈⣭⡽⡿⠷⠷⠾⠾⢿⣯⣭⡁
⠀⠀⠀⠀⢠⡤⡤⣼⢿⢽⢿⡿⡿⣯⣧⢤⣤⡄
⠠⣤⣤⡤⠾⡴⢤⣇⣻⢼⡖⢺⡿⣗⣹⡤⢿⠷⢤⣤⣤⠄
⠀⠀⠉⠛⠛⢿⢶⡿⠤⠼⠧⠼⠧⠤⢿⡶⡿⠛⠛⠉
⠀⠀⢴⣶⠶⠿⠿⠛⠋⠉⠉⠉⠉⠙⠛⠿⠿⠶⣶⡦
⠀⠀⠀⠀⠀⠀⣀⢤⡠⣼⡯⠭⣽⠭⠽⣯⢿⡽⣧⠤⠠⣀
⠀⠀⠀⠀⠀⣠⠇⣄⢁⡟⠸⢇⣿⣨⣅⣿⡮⠍⢻⡈⣭⡿⣄
⠈⠙⠻⢿⣭⣭⣽⣌⣙⣻⠞⠉⣼⠁⠈⣧⠉⠳⣿⣋⣡⣯⣭⣭⡿⠟⠋⠁
⠀⠀⠀⠀⠀⠉⢩⢽⢻⣉⣛⣓⣛⣒⣒⣛⣚⣛⣉⡟⡯⡍⠉
⠀⠀⠀⢶⣶⠿⠟⠪⠿⠉⠉⠉⠉⠉⠉⠉⠉⠉⠉⠿⠕⠻⠿⣶⡶⠄
⢠⣄⣀⣤⣴⣶⣾⣷⣶⣦⣤⣀⣠⡄
⢨⣿⣿⣽⣻⠟⠿⠿⠻⣟⣯⣿⣿⡅
⠻⣿⠈⠙⠶⠦⠄⠀⠴⠶⠋⠁⣿⠟
⠀⠻⣅⠲⣄⠍⠒⠔⠩⣠⠔⣨⠟
⠀⠀⠈⠳⣌⠓⣔⣢⡚⣡⠞⠁
⠀⠀⠀⠀⠈⠓⠻⠟⠚⠁
⠀⡄⠀⠀⠀⠀⢀⣠⣤⣲⣶⣿⣤⣤⣄⡀⠀⠀⠀⠀⢠
⠀⣿⣦⢴⣾⣽⣿⣿⣿⣿⣿⣿⣿⣿⣿⣿⣿⣷⡦⣴⣿⠃
⠀⣼⣿⣷⣮⣭⣛⣻⡛⠻⢿⡿⠟⢛⣟⣛⣭⣵⣾⣿⣧
⣼⡿⣿⠃⠺⠭⣍⣉⠀⠀⠀⠀⠀⠀⣉⣩⠭⠗⠘⣿⡿⣧
⠘⠷⣽⣀⠀⠀⠚⠛⠛⠓⠀⠀⠚⠛⠛⠓⠀⠀⣀⣯⠾⠃
⠀⠰⣯⡑⠀⣄⣀⣀⡛⠲⠤⡤⠖⢛⣀⣀⣠⠄⢊⣽⠖
⠀⠀⠈⠻⣦⠈⠓⢦⠬⠭⢁⡈⠭⠭⡤⠞⠁⣠⠟⠁
⠀⠀⠀⠀⠈⠳⣄⡀⠙⣒⣒⢒⣒⠊⢀⣠⠞⠁
⠀⠀⠀⠀⠀⠀⠈⢿⣄⣹⣿⣿⣏⣠⡿⠁
⠀⠀⠀⠀⠀⠀⠀⠀⠀⠉⠹⠏⠉
⠀⢀⠀⠀⠀⠀⠀⠀⢀⣀⣠⡴⣴⣶⣾⣇⣦⣄⡀⡀⠀⠀⠀⠀⠀⠀⣀
⠀⣿⣦⡀⢀⣀⣶⣶⣾⣿⣿⣿⣿⣿⣿⣿⣿⣿⣿⣿⣶⣶⣄⡀⢀⣴⣿
⠀⠹⣿⣯⣟⠿⢿⣿⣿⣿⣿⣿⣿⣿⣿⣿⣿⣿⣿⣿⣿⡿⠿⣛⣽⣿⠏
⠀⣸⣿⣿⣿⣿⣶⣦⣭⣙⡏⠙⠛⠿⠿⠛⠋⢹⣏⣩⣴⣶⣿⣿⣿⣿⣇
⣸⡿⣿⣿⠃⠲⢬⣍⣉⡉⠀⠀⠀⠀⠀⠀⠀⠀⢈⣉⣩⡭⠖⠈⣿⣿⣿⣧
⠘⣷⡌⣿⠀⠀⠐⠢⠽⣿⣻⠶⡄⠀⠀⢠⡶⣟⣿⠿⠴⠂⠀⠀⣿⢃⣾⠏
⠀⠀⣹⡿⢖⡂⠀⠀⠀⢀⣤⣄⡀⠀⠀⠀⣀⣤⡀⠀⠀⠀⢐⡲⢿⣏⡁
⠀⠈⠻⣷⡍⠀⠲⣦⡤⢤⣄⣈⣙⠲⠖⣋⣁⣠⡤⢤⣴⠖⠀⢉⣼⠟⠁
⠀⠀⠀⠈⠻⣦⡀⠈⠻⣶⡦⠤⢭⣉⣉⣭⠤⢴⣶⠟⠁⢀⣴⠟⠁
⠀⠀⠀⠀⠀⠈⠻⣦⡀⠈⠹⠦⠴⠶⠶⠶⠴⠟⠁⠀⣴⠟⠁
⠀⠀⠀⠀⠀⠀⠀⠈⠻⣷⠀⠸⣿⣷⣼⣿⠗⠀⣼⠟⠁
⠀⠀⠀⠀⠀⠀⠀⠀⠀⠙⠷⠦⣽⣿⣿⣯⠴⠾⠛
⠀⠀⠀⠀⠀⠀⠀⠀⠀⠀⠀⠀⠀⠙⠏
⠀⠀⠀⠈⠙⢿⣿⣿⣿
⠀⠀⠀⠀⠀⠀⠙⢿⣿⣷⣦⡀
⠀⢸⣦⣀⠀⠀⠀⠀⠙⢿⣿⣿⡆
⠀⠸⣿⣿⣷⣄⠀⠀⠀⠀⠉⠻⡇
⠀⠀⠈⠻⢿⣿⣷⣄
⠀⠀⠀⠀⠀⣿⣿⣿⣷⣄⡀
⠀⠀⠀⠀⠀⠈⠙⢿⣿⣿⣿⣿⣿⣿
⠀⠀⠀⠀⠀⠀⠀⠀⠙⢿⣿⣿⣿⣿⣦⡀
⠀⠀⠀⠀⠀⠀⠀⠀⠀⠀⠈⠻⣿⣿⣿⣿⣷⣄
⠀⠀⢸⣦⣄⠀⠀⠀⠀⠀⠀⠀⠈⠻⢿⣿⣿⣿⣷⡄
⠀⠀⢸⣿⣿⣷⣄⠀⠀⠀⠀⠀⠀⠀⠀⠙⢿⣿⣿⡇
⠀⠀⠘⢿⣿⣿⣿⣷⣦⡀⠀⠀⠀⠀⠀⠀⠀⠙⠻⡇
⠀⠀⠀⠀⠙⠿⣿⣿⣿⣿⣦⡀
⠀⠀⠀⠀⠀⠀⠈⠻⣿⣿⣿⣿⣷⣄
⠀⠀⠀⠀⠀⠀⠀⠀⣿⣿⣿⣿⣿⣿⣷⣄⡀
⠀⠀⠀⠀⠀⠀⠀⠉⠻⣿⣿⣿⣿⣿⣿⣿⣿⣿
⠀⠀⠀⠀⠀⠀⠀⠀⠀⠈⠛⢿⣿⣿⣿⣿⣿⣿⣄
⠀⠀⠀⠀⠀⠀⠀⠀⠀⠀⠀⠀⠙⢿⣿⣿⣿⣿⣿⣷⣤⡀
⠀⠀⠀⢀⠀⠀⠀⠀⠀⠀⠀⠀⠀⠀⠈⠻⣿⣿⣿⣿⣿⣿⣦⣀
⠀⠀⠀⢸⣿⣦⡀⠀⠀⠀⠀⠀⠀⠀⠀⠀⠈⠙⢿⣿⣿⣿⣿⣿⡇
⠀⠀⠀⢸⣿⣿⣿⣦⣄⠀⠀⠀⠀⠀⠀⠀⠀⠀⠀⠙⠻⣿⣿⣿⡇
⠀⠀⠀⢸⣿⣿⣿⣿⣿⣷⣄⡀⠀⠀⠀⠀⠀⠀⠀⠀⠀⠈⠻⢿⡇
⠀⠀⠀⠀⠉⠻⣿⣿⣿⣿⣿⣿⣦⡀⠀⠀⠀⠀⠀⠀⠀⠀⠀⠀⠁
⠀⠀⠀⠀⠀⠀⠈⠛⢿⣿⣿⣿⣿⣿⣷⣄
⠀⠀⠀⠀⠀⠀⠀⠀⠀⠙⣿⣿⣿⣿⣿⣿⣷⣤⡀
⠀⠀⠀⠀⠀⠀⠀⠀⠀⠀⣿⣿⣿⣿⣿⣿⣿⣿⣿⣦⣀
⠿⠿⠧⠄⠀⠈⠻⠿⠤⠀⠀⠠⠿⢿
⣿⠀⠀⡇⠀⢰⣄⠀⠻⠀⠀⣿
⣶⣶⡖⠂⠀⠐⢲⣶⣄⠀⠀⣶⣶⣾
⣿⣿⣿⣿⣀⡀⠀⠀⠈⠻⣿⣿⣟⣀⡀⠀⠀⢀⣀⣿⣿⣿
⣁⡀⠀⠀⢀⡀⠀⠀⠀⠀⠀⠀⢀⣀⡀⠀⠀⢀⡀⠀⠉⠻
⣿⡇⠀⠀⢸⣏⠀⠀⠀⣦⡀⠀⠈⠻⡇⠀⠀⢸⡇
⡉⠁⠀⠀⠈⠁⠀⠀⠀⠉⠉⠀⠀⠀⠀⠀⠀⠈⠁⠀⣀⣴
⣿⣿⣿⣿⠉⠁⠀⠀⠀⠉⢹⣿⣿⣦⡀⠀⠀⢸⣿⣿⣿⣿
⣿⣿⣿⣿⣿⠁⠀⠀⠀⠀⠈⠻⣿⣿⣿⣿⡇⠀⠀⠀⠀⠀⠀⠀⢹⣿⣿⣿
⡟⠛⠛⠛⠛⠓⠒⠂⠀⠀⠀⠀⠈⠛⠛⠛⠓⠒⠂⠀⠀⠀⠒⠒⠛⠻⢿⣿
⣧⣤⠀⠀⠀⢠⣤⡄⠀⠀⠀⡀⠀⠀⠀⠠⣤⣤⡄⠀⠀⠀⣤⣄⠀⠀⠀⢹
⣿⣿⠀⠀⠀⢸⣿⡇⠀⠀⠀⣿⣦⠀⠀⠀⠈⢿⡇⠀⠀⠀⣿⣿⠀⠀⠀⢸
⡟⠛⠀⠀⠀⠘⠛⠃⠀⠀⠀⠛⠛⠓⠀⠀⠀⠀⠁⠀⠀⠀⠛⠋⠀⠀⠀⣸
⣧⣤⣤⣤⣤⡤⠤⠄⠀⠀⠀⠤⠤⣤⣤⣤⣄⠀⠀⠀⠀⠀⣤⣤⣤⣴⣾⣿
⣿⣿⣿⣿⣿⡀⠀⠀⠀⠀⠀⠀⠀⣿⣿⣿⣿⣷⣄⠀⠀⠀⣿⣿⣿⣿⣿⣿
⢰⣟⣿⣿⣿⣿⣿⣿⣿⣿⣿⣿⣻⠆
⠐⣿⣾⣿⣿⣿⣿⣿⣿⣿⣿⣷⣿⠂
⠀⠀⠉⠙⠻⣿⣿⣿⣿⠟⠋⠉
⠠⣴⡶⣿⣿⠟⠶⠒⠛⠛⠓⠚⠛⠛⠒⠶⠻⣿⣿⢶⣦⠄
⠀⢻⣷⠚⢷⡿⣽⣷⣶⣶⣞⣳⣶⣶⣾⣯⢿⡾⠓⣾⡟
⠀⢻⣟⢘⣾⣿⣾⢧⡭⠿⠿⠿⠿⢭⡼⣷⣿⣷⡃⣻⡟
⠀⠀⠙⠳⠯⣿⣿⡾⣿⡾⠿⠿⢷⣿⢷⣿⡿⠽⠞⠋
⠀⠀⠀⠀⠀⠀⠈⠻⣮⣽⣿⣿⣯⣵⠟⠁
⠀⣤⣴⡶⣟⣛⣛⠲⠶⠖⠒⠒⠒⠲⠖⠒⠒⠒⠲⠶⠖⣛⣛⣻⢶⣦⣄
⠀⠻⣿⣄⢼⣯⣴⣾⢲⣦⣤⣄⣠⠴⠦⣄⣠⣤⣴⡖⣷⣦⣽⡧⣠⣿⠟
⠀⢤⣿⣏⢠⣄⣭⣬⣹⡋⠹⠶⢟⣿⣿⡻⠶⠏⢙⣏⣥⣭⣠⡄⣹⣿⡤
⠀⠈⠻⣦⣐⠿⣿⣿⣯⢁⣿⣉⣯⣩⣍⣽⢉⣿⡈⣽⣿⣿⠿⣂⣴⠟⠁
⠀⠀⠀⠈⠉⠛⠲⠯⣽⣂⠿⣟⣻⢛⡛⣟⣿⠿⣐⣯⠽⠖⠛⠉⠁
⠀⠀⠀⠀⠀⠀⠀⠀⠈⠻⢷⣤⣿⣿⣿⣿⣤⡾⠟⠁
⠋⢩⠁⢹⠀⠘⠃⢸⡇⠀⡏⠈⡍⠙
⠀⠘⢀⣸⣀⣸⣆⣸⣇⣀⣇⡀⠃
⠟⠋⢉⠉⠉⢹⡇⠀⠀⣿⠀⠀⣿⠀⠀⢸⡏⠉⠉⡉⠙⠻
⠀⠀⢹⡇⠀⢸⡇⠀⠀⣤⠀⠀⣿⠀⠀⢸⡇⠀⢸⡯
⠀⠀⢈⣁⣀⣼⣇⣠⣤⣿⣤⣤⣿⣤⣄⣸⣧⣀⣈⡉
⡿⠛⠛⠋⠉⠉⠙⣿⡇⠀⠀⣿⡇⠀⠀⢸⣿⠀⠀⢸⣿⠋⠉⠉⠙⠛⠛⢿
⠀⠀⠀⣾⠀⠀⠀⣿⡇⠀⠀⠉⠁⠀⠀⢸⣿⠀⠀⢸⣿⠀⠀⠀⣿
⠀⠀⠀⣿⠀⠀⠀⣿⡇⠀⠀⣾⡇⠀⠀⢸⣿⠀⠀⢸⣿⠀⠀⠀⣿
⡀⠀⠀⣀⣀⣀⣤⣿⣧⣤⣤⣿⣧⣤⣤⣼⣿⣤⣤⣼⣿⣤⣀⣀⣀⠀⠀⢀
⠀⠀⠀⢀⣤⡶⠶⠶⢶⣤⡀
⣀⣀⣤⣽⣽⣦⣾⡳⢲⢻⣯⢤⢄⣀
⡇⡿⡿⢿⣻⠟⢦⣽⠘⣸⡻⢸⢸⡧
⠷⠃⠀⠈⠛⠷⠶⠶⠾⠛⠁⠀⠘⠳
⠀⠀⠀⠀⠀⠀⢀⣠⣴⣶⣶⣶⣶⣦⣄⡀
⠀⠀⠀⠀⠀⣾⣿⡿⠋⢁⣠⣤⡈⠙⢿⣿⣷
⣠⣤⡀⡆⢴⢰⡆⡏⣿⢸⣇⣘⠋⣿⠁⣞⣳⠐⣶⠆⣤⣄
⣿⢸⡇⡟⣻⢸⡇⣧⡿⢠⡌⢹⡇⢿⠀⡯⢹⠀⣿⠀⣿⣀
⣿⢸⡇⠃⠈⢶⣶⣷⣄⡈⠙⠛⢁⣠⣾⣷⡾⠀⠉⠀⣿⠈
⠛⠋⠀⠀⠀⠀⠈⠙⠻⠿⠿⠿⠿⠟⠋⠁⠀⠀⠀⠀⠉⠙
⠀⠀⠀⠀⠀⠀⠀⠀⠀⣀⣤⣤⣤⣤⣤⣤⣤⣤⣀
⠀⠀⠀⠀⠀⠀⢠⣶⣿⣿⠿⠛⠉⢉⡉⠉⠙⠻⣿⣿⣶⡄
⠀⠀⠀⢀⡀⢠⡌⣭⢉⡽⢶⡄⢸⡏⠹⡷⠲⣶⠎⣭⢭⡅⣤⣀⣀
⣾⠋⣿⢸⣧⣼⡇⣿⢸⡇⢸⡇⠘⠳⢶⣦⠀⣿⠀⣿⢶⣿⠀⣿⠀⢸⡏⠓
⣿⠀⣿⢸⡇⢸⠇⠿⣘⣓⠚⠃⢸⣇⣸⡿⠀⠛⣀⣻⡘⠿⠀⣿⠀⢸⡷⠤
⣿⠀⣿⠀⠀⠀⠘⠿⣿⣿⣶⣄⣀⣈⣁⣀⣠⣴⣿⣿⠿⠃⠀⠀⠀⢸⣇
⠉⠉⠁⠀⠀⠀⠀⠀⠀⠉⠛⠛⠛⠛⠛⠛⠛⠛⠉⠀⠀⠀⠀⠀⠀⠀⠈⠙
⣠⣴⣾⠿⠿⠿⠿⢿⣶⣤
⣿⣿⡇⠀⣀⣀⡀⢸⣿⣿⠀⢀⣀⣀
⣿⣿⣇⣀⣿⣿⡇⣸⣿⣿⠀⢸⣿⣿
⠀⠉⠛⠻⣿⣿⡟⠛⠋⠁⠀⢸⣿⣿
⠀⠀⠀⠀⠛⠿⣷⣶⣶⣶⣶⡿⠟⠋
⢀⣠⣤⣶⣿⣿⣿⣿⣿⣿⣿⣿⣷⣦⣄⡀
⣿⣿⣿⣿⠋⠀⠀⠀⠀⠀⠀⠉⣿⣿⣿⣿
⣿⣿⣿⣿⠀⠀⣶⣶⣶⣶⠀⠀⣿⣿⣿⣿⠀⠀⣶⣶⣶⣶
⣿⣿⣿⣿⣀⠀⣿⣿⣿⣿⠀⣀⣿⣿⣿⣿⠀⠀⣿⣿⣿⣿
⠈⠙⠻⢿⣿⣿⣿⣿⣿⣿⣿⣿⡿⠟⠋⠉⠀⠀⣿⣿⣿⣿
⠀⠀⠀⠀⠀⠀⣿⣿⣿⣿⣀⠀⠀⠀⠀⠀⠀⣠⣿⣿⣿⣿
⠀⠀⠀⠀⠀⠀⠈⠙⠻⢿⣿⣿⣿⣿⣿⣿⣿⣿⠿⠟⠋⠁
⠀⢀⣀⣤⣶⣿⣿⣿⣿⣿⣿⣿⣿⣿⣿⣷⣦⣄⡀
⣾⣿⣿⣿⣿⡟⠛⠉⠉⠉⠉⠉⠉⠙⠻⣿⣿⣿⣿⣿⡆
⣿⣿⣿⣿⣿⡇⠀⠀⠀⠀⠀⠀⠀⠀⠀⣿⣿⣿⣿⣿⡇
⣿⣿⣿⣿⣿⡇⠀⢸⣿⣿⣿⣿⣿⠀⠀⣿⣿⣿⣿⣿⡇⠀⢸⣿⣿⣿⣿⣿
⣿⣿⣿⣿⣿⣇⠀⢸⣿⣿⣿⣿⣿⠀⢀⣿⣿⣿⣿⣿⡇⠀⢸⣿⣿⣿⣿⣿
⠙⠛⠿⣿⣿⣿⣿⣾⣿⣿⣿⣿⣿⣾⣿⣿⣿⡿⠟⠛⠁⠀⢸⣿⣿⣿⣿⣿
⠀⠀⠀⠀⠉⠛⠛⢻⣿⣿⣿⣿⣿⠛⠛⠋⠁⠀⠀⠀⠀⠀⢸⣿⣿⣿⣿⣿
⠀⠀⠀⠀⠀⠀⠀⠸⣿⣿⣿⣿⣿⣦⣄⣀⣀⣀⣀⣀⣀⣤⣼⣿⣿⣿⣿⡿
⠀⠀⠀⠀⠀⠀⠀⠀⠀⠈⠙⠻⢿⣿⣿⣿⣿⣿⣿⣿⣿⣿⣿⠿⠛⠉⠁
⠀⣠⣴⣶⣶⣶⣿⣿⣿⣷⣶⣶⣶⠆
⠰⠿⠿⠿⢿⣿⣿⣿⠟⠿⠿⠟⠋
⠀⠀⢀⣠⣤⣤⣤⣤⣤⣶⣿⣿⣿⣿⣿⣶⣤⣤⣤⣤⣤⡄
⠀⣠⣿⣿⣿⣿⣿⣿⣿⣿⣿⣿⣿⣿⣿⣿⣿⣿⣿⣿⠏
⠘⠛⠛⠛⠛⠛⠿⣿⣿⣿⣿⣿⠿⠛⠛⠛⠛⠛⠋⠁
⠀⠀⠀⠀⣀⣀⣀⣀⣀⣀⣀⣠⣶⣿⣿⣿⣿⣿⣷⣶⣄⣀⣀⣀⣀⣀⣀⡀
⠀⠀⣠⣿⣿⣿⣿⣿⣿⣿⣿⣿⣿⣿⣿⣿⣿⣿⣿⣿⣿⣿⣿⣿⣿⣿⠟
⠀⣴⣿⣿⣿⣿⣿⣿⣿⣿⣿⣿⣿⣿⣿⣿⣿⣿⣿⣿⣿⣿⣿⣿⣿⠋
⠈⠉⠉⠉⠉⠉⠉⠙⠿⢿⣿⣿⣿⣿⣿⠿⠛⠉⠉⠉⠉⠉⠉⠉
⠀⠀⣤⢲⡖⣲⣞⣿⣶⣶⣶⣦⡄
⢀⣠⣾⣿⢿⡿⣿⣿⣿⡿⣿⣿⢦⡄
⠻⢼⣿⣿⣧⣿⣿⣿⡽⢧⣿⣿⣼⡇
⠀⠀⠀⠀⣠⡤⢤⣤⠤⢤⡾⠿⣦⡤⢤⣤⠤⣤⣀
⠀⠀⠀⠸⣧⣶⣶⣤⣶⣦⣴⣶⣶⣶⣷⣶⣾⣶⡿⠂
⠀⢀⣠⡼⠿⠿⢿⣿⠿⠿⠿⢿⣿⣿⡿⠿⣿⣿⡿⠤⣤⠄
⢰⡏⣴⣿⣿⣿⣧⢻⣷⢸⣿⣿⡖⣬⡇⢸⣿⣿⣧⢸⣿
⠈⠓⠮⢯⣭⡭⠵⢾⣿⣼⣿⣯⠴⠟⠻⢬⣿⣯⣥⣼⣿⡄
⠀⠀⠀⠀⠀⢀⣀⣤⣄⣀⣠⣄⣰⣞⣻⣶⣄⣤⣄⣀⣠⣤⣀⡀
⠀⠀⠀⠀⢸⣏⢡⣶⣦⣁⣶⣶⣉⣴⣶⣮⣥⣶⣶⣯⣴⣶⣮⣿⠆
⠀⠀⠀⠀⢠⣽⣿⣿⣿⣿⣿⣿⣿⣿⣿⣿⣿⣿⣿⣿⣿⣿⣿⣥⡄
⠀⣠⡴⢚⣫⣭⣭⣝⣛⣿⣭⠩⣭⣭⣛⣛⡻⢿⡍⢩⣿⣿⣿⣏⢩⣿⣿
⠸⣏⠸⣿⣿⣿⣿⣿⡧⢹⣿⡆⣿⣿⣿⡿⢹⣾⣧⢸⣿⣿⣿⣿⢸⣿⣿
⠀⠉⠓⠾⠷⣶⡭⠷⠶⢿⣿⡥⠿⣭⡭⠶⠿⠛⠻⠮⢽⣭⣭⣷⣽⣿⣷⠄
⣠⠖⢋⣽⣶⣾⣣⡄
⠙⠒⣫⢬⣗⣉⣏⣠⡄
⠀⠀⣴⢾⡿⣫⣟⣵⣪⣶⣷⣤⣾⣆
⠀⣠⡴⠾⠛⣿⡇⣠⢶⡿⠃
⣼⡟⠁⢀⣼⢿⣿⠷⣻⣖⡿⡟
⠉⠙⠛⣉⣁⣈⣙⡋⣉⣉⡉⣁⣀⡀
⠀⠀⠀⠉⢁⣴⡿⣿⣿⢟⣿⠟⣋⡴⠂⣠⣤⠀⠀⣠⣤
⠀⠀⠀⢴⠟⢡⡾⠋⢴⣿⣡⣾⣩⠴⣿⣽⣿⠴⣿⣽⣟⠤
⠀⠀⣠⣴⣾⡿⢿⣿⡄⢀⣴⣾⣿
⢠⣾⡿⠁⠀⢀⣾⣿⣵⣟⣵⢟⣡⡤⣤⡄
⣿⣿⡁⢀⣴⣿⠟⣽⣿⠋⣱⣿⡷⢚⡍
⠈⠉⠉⠉⢉⣀⣀⣈⣉⡉⠁⣈⣉⡉⠀⣀⣀
⠀⠀⠀⠀⠛⠋⢉⣴⣿⣷⣿⣿⣿⣶⣿⡿⠋⣤⡀⠀⢀⡀⠀⠀⠀⢀⡀
⠀⠀⠀⠀⠀⣠⣿⠟⣩⣾⡿⢫⣾⠟⣩⣴⠞⢃⣠⡾⣿⡇⠀⣠⡾⣿⡇
⠀⠀⠀⠀⢾⠟⠁⢾⡿⠁⢰⣿⣯⠼⣿⣥⠶⠿⣿⣾⣿⡵⠾⣿⣴⣿⡥⠖
⠀⠀⠀⡀⢀⡤⠖⠒⠒⢒⣒⠶⣤
⠀⢠⣿⢡⡟⠀⠀⠀⠀⢀⣿⢡⡿
⢀⣾⢃⣿⠁⠀⠀⠀⠀⣾⠇⡾⠃
⠈⠛⠶⠭⠥⠤⠤⠶⠞⠋⠈
⠀⠀⠀⠀⠀⠀⠀⢀⣀⣤⣤⠤⠶⠶⠶⠶⠤⣤⣤⣀
⠀⠀⠀⣠⣶⠇⣰⣿⠋⠀⠀⠀⠀⠈⠉⠛⣷⣶⠈⣿⡷
⠀⠀⢰⣿⡏⢰⣿⠏⠀⠀⠀⠀⠀⠀⠀⣼⣿⠃⣼⣿⠃
⠀⢠⣿⡟⢠⣿⡏⠀⠀⠀⠀⠀⠀⠀⣰⣿⠏⣰⣿⠇
⠀⢿⣿⣁⠻⠿⣄⣀⠀⠀⠀⠀⢀⣠⣿⠟⠠⠟⠋
⠀⠀⠉⠛⠛⠷⠶⠶⠶⠶⠾⠛⠛⠋⠁
⠀⠀⠀⠀⠀⠀⠀⠀⠀⠀⢀⣀⣠⣤⣤⣤⣤⣤⣤⣤⣤⣤⣤⣄⣀
⠀⠀⠀⠀⢀⣠⣴⠀⣰⣾⡟⠋⠉⠀⠀⠀⠀⠒⠒⠲⣶⣦⣌⠙⣿⣿⡆
⠀⠀⠀⢠⣿⣿⠃⣰⣿⡿⠀⠀⠀⠀⠀⠀⠀⠀⠀⢀⣿⣿⠏⢠⣿⣿⠁
⠀⠀⢠⣿⣿⠃⣰⣿⡿⠁⠀⠀⠀⠀⠀⠀⠀⠀⢀⣾⣿⠏⢠⣿⣿⠃
⠀⢀⣿⣿⠏⢠⣿⡿⠁⠀⠀⠀⠀⠀⠀⠀⠀⠀⣾⣿⡟⢀⣿⣿⠃
⠀⠸⣿⣿⣄⣙⠛⠿⠦⠤⠀⠀⠀⠀⠀⣀⣠⣾⣿⠟⠀⠞⠋⠁
⠀⠀⠀⠉⠙⠛⠛⠻⠿⠿⠿⠿⠟⠛⠛⠛⠉⠉
⣰⣿⢉⣿⠇⣿⡯⣽⡟⢸⣿⢁⣾⡏
⠀⠀⠀⠒⠒⠯⠀⣀⠰⠤
⢠⣾⣿⠛⢻⣿⣿⠂⣿⣿⡟⠛⣿⣿⠆⣽⣿⡟⠀⣼⣿⡟
⣼⣿⣟⣀⣼⣿⡟⢰⣿⣿⠛⢻⣿⡯⢠⣿⣿⣃⣠⣿⣿⠃
⠈⠉⠉⠉⣤⣤⣤⠴⢒⣂⣀⣀⠰⣂⢄⡀⠀⠉⠉⠉⠁
⠀⠀⠀⠀⠀⠀⠈⠉⠛⠲⢶⡶⠴⠞⠒⠻⠤
⠀⣶⣿⣿⠛⠛⣿⣿⣿⠂⣽⣿⣿⠛⠛⣿⣿⣿⠆⣹⣿⣿⡏⠀⢰⣿⣿⡟
⣸⣿⣿⣏⣀⣸⣿⣿⡏⢰⣿⣿⡟⠛⢻⣿⣿⡅⢠⣿⣿⣿⣀⣀⣿⣿⡿
⠈⠉⠉⠉⠉⣤⣤⣤⣤⠴⠒⣒⣀⣀⣀⡰⢖⣂⢄⡀⠀⠈⠉⠉⠉⠉
⠀⠀⠀⠀⠀⠀⠀⠀⠉⠉⠙⠓⠶⢶⣶⠴⠶⠓⠒⠻⠦⡄
⢠⣴⣶⡾⠛⠉⠉⠉⠉⠛⢷⣶⣦⣄
⣿⣿⣿⡇⠀⠀⠀⠀⠀⠀⢸⣿⣿⣿
⠘⠻⠿⢷⣤⣀⣀⣀⣀⣤⡾⠿⠟⠋
⠀⢀⣠⣤⣶⣶⡶⠟⠛⠛⠛⠛⠛⠛⠻⢶⣶⣶⣤⣄⡀
⣴⣿⣿⣿⣿⡏⠀⠀⠀⠀⠀⠀⠀⠀⠀⠀⢹⣿⣿⣿⣿⣦
⣿⣿⣿⣿⣿⡇⠀⠀⠀⠀⠀⠀⠀⠀⠀⠀⢸⣿⣿⣿⣿⣿
⠻⣿⣿⣿⣿⣇⠀⠀⠀⠀⠀⠀⠀⠀⠀⠀⣸⣿⣿⣿⣿⠟
⠀⠈⠙⠛⠿⠿⢷⣦⣤⣤⣀⣀⣤⣤⣴⡾⠿⠿⠛⠋⠁
⠀⠀⠀⣀⣤⣤⣶⣶⣶⠿⠟⠛⠛⠛⠛⠛⠛⠻⠿⣶⣶⣶⣤⣤⣀⡀
⢠⣶⣿⣿⣿⣿⣿⠋⠀⠀⠀⠀⠀⠀⠀⠀⠀⠀⠀⠀⠙⣿⣿⣿⣿⣿⣶⡄
⣿⣿⣿⣿⣿⣿⣿⠀⠀⠀⠀⠀⠀⠀⠀⠀⠀⠀⠀⠀⠀⣿⣿⣿⣿⣿⣿⣿
⣿⣿⣿⣿⣿⣿⣿⠀⠀⠀⠀⠀⠀⠀⠀⠀⠀⠀⠀⠀⠀⣿⣿⣿⣿⣿⣿⣿
⠘⠿⣿⣿⣿⣿⣿⣄⠀⠀⠀⠀⠀⠀⠀⠀⠀⠀⠀⠀⣠⣿⣿⣿⣿⣿⠿⠃
⠀⠀⠈⠉⠛⠛⠿⠿⠿⣶⣦⣤⣤⣤⣤⣤⣤⣴⣶⠿⠿⠿⠛⠛⠉⠁
⣯⣥⡀⠀⠀⠀⠀⠀⠀⠈⠉⠉⠛⠻
⣿⣿⣷⣦⣄⣀⠀⠀⠀⠀⠀⢖⣤⣾
⣯⣍⣉⠁⠀⠀⠀⠀⠀⠀⠀⠀⠀⠀⠉⠉⠉⠛⠛⠿⢿⣿
⣿⣿⣿⣯⣁⠀⠀⠀⠀⠀⠀⠀⠀⠀⠀⠀⠀⠀⠀⠀⢀⣴
⣿⣿⣿⣿⣿⣷⣦⣤⣄⣀⠀⠀⠀⠀⠀⠀⠠⢞⣩⣶⣿⣿
⣟⣛⡉⠉⠉⠁⠀⠀⠀⠀⠀⠀⠀⠀⠀⠀⠀⠉⠉⠉⠛⠛⠻⠿⢿⣿⣿⣿
⣿⣿⣿⣿⡶⠄⠀⠀⠀⠀⠀⠀⠀⠀⠀⠀⠀⠀⠀⠀⠀⠀⠀⠀⠀⠀⠉⢙
⣿⣿⣿⣿⣿⣶⣆⠀⠀⠀⠀⠀⠀⠀⠀⠀⠀⠀⠀⠀⠀⠀⣀⣀⠀⣠⣶⣿
⣿⣿⣿⣿⣿⣿⣿⣿⣷⣶⣤⣀⣀⡀⠀⠀⠀⠀⠀⠀⠀⠘⣋⣥⣾⣿⣿⣿
⣠⡴⢒⣭⣭⣤⣤⣶⣤⣤⣤⣀⡀
⠻⢧⣄⠻⣿⣿⡉⣴⠊⣴⣿⠖⢻⣦
⠀⠀⠀⠉⠉⠻⠟⠛⠓⣢⡫⠴⠟⠋
⢀⣠⣤⡶⢖⣛⣩⣭⣭⣤⣤⣤⣤⣤⣤⣀⣀⡀
⢿⣿⣇⠀⠻⣿⣿⣿⣿⡿⠟⢛⣛⠛⠛⣛⣿⣫⣛⣿⣄⡀
⠀⠉⠛⠳⠦⢬⣻⣿⣿⣷⡄⢻⣇⡐⠿⢿⣿⠏⠁⣸⣿⡿
⠀⠀⠀⠀⠀⠀⠀⠀⠹⠟⠃⠉⠉⢉⣑⣮⠥⠴⠞⠛⠉
⠀⢀⣀⣤⣴⠶⠖⢚⣋⣉⣉⣉⣀⣀⣤⣤⣄⣀⣀⣀⡀
⣴⣿⣿⠋⠀⠶⣿⣿⣿⣿⣿⣿⣿⣿⡿⠿⠿⢿⣿⠿⠿⣿⠷⠶⣶⡄
⠙⠿⣿⣦⣀⠀⠙⢿⣿⣿⣿⣿⡁⠀⣠⣶⠋⢀⡤⣶⣿⣷⠿⠶⠻⣿⣷⣄
⠀⠀⠀⠈⠉⠛⠓⠲⠽⠿⢿⣿⣿⡆⣸⣿⣤⣈⡛⠫⣿⠟⠀⢀⣠⣿⣿⠟
⠀⠀⠀⠀⠀⠀⠀⠀⠀⠀⠈⠛⠋⠉⠁⠀⢀⣀⣉⣯⠤⠶⠞⠛⠋⠉
⡿⢟⣫⠍⠀⣤⠴⠤⠤⠀⠉⠙⠻⢿
⢰⡟⠀⠀⠀⠀⠀⠀⠀⠁⠐⢦
⣿⣿⣦⣀⡐⠂⠀⠀⠀⠒⣚⣣⣴⣾
⣿⣿⠿⠛⣋⡉⠉⠀⡠⣊⣴⣤⣤⣀⣀⡉⠉⠙⠛⠿⣿⣿
⠋⣠⣶⠋⠁⠀⠀⠀⠉⠉⠀⠀⠀⠀⠒⠠⠥⣀⠀⢀⠀⠙
⣄⢿⣇⠀⠀⠀⠀⠀⠀⠀⠀⠀⠀⠀⠀⠀⣀⣨⡟⠂⠁⣠
⣿⣿⣿⣷⣤⣄⣈⡙⠒⠒⠂⠀⠀⠈⠉⣉⣉⣩⣤⣶⣿⣿
⣿⣿⣿⡿⠿⠛⢋⣉⠉⠁⢀⠔⢁⣢⣀⣀⣀⣀⠈⠉⠉⠙⠛⠿⢿⣿⣿⣿
⡿⠋⣡⣴⡶⠛⠉⠀⠀⠀⠾⠚⠛⠉⠉⠉⠉⢉⣭⣉⠒⠤⠀⡀⠀⠈⠙⢿
⠀⣼⣿⡏⠀⠀⠀⠀⠀⠀⠀⠀⠀⠀⠀⠀⠀⠀⠀⠀⠉⠙⢲⣦⡉⡲
⣷⣜⣿⣧⡀⠀⠀⠀⢀⣀⠀⠀⠀⠀⠀⠀⠀⢀⣀⣀⣠⣤⣾⠍⠁⢀⣠⣾
⣿⣿⣿⣿⣿⣶⣤⣄⣀⣉⠉⠉⠉⠉⠁⠀⠀⠀⢀⣈⣉⣩⣤⣶⣾⣿⣿⣿
⣿⡏⢉⣹⠍⡯⣿⠉⠋⢹⡏⡛⢹⣿
⡿⠛⠛⠛⢛⣛⣛⣛⣛⠛⠛⠛⠛⢻
⢷⡀⠀⠀⠀⢸⣿⣏⣥⡿⠇⠀⢀⡾
⠀⠑⢦⡀⠀⣼⣿⣧⡄⠀⢀⡴⠊
⠀⠀⠀⠈⠓⠦⣄⣠⠴⠚⠁
⣿⣿⡟⠛⠟⢻⣟⠛⠿⣻⣿⡛⠻⠟⢛⣿⡛⠛⢟⢛⣿⣿
⣿⣿⣥⣤⣿⣿⣧⣤⣭⣭⣿⣤⣵⣦⣼⣿⣥⣴⣦⣴⣿⣿
⣿⠀⠀⠀⠀⠀⠀⠠⣤⣤⣤⣤⣤⡤⢄⣠⡀⠀⠀⠀⠀⣿
⢻⡄⠀⠀⠀⠀⠀⠀⠀⣿⣿⢇⣀⣠⣿⡿⠇⠀⠀⠀⢠⡟
⠀⠙⢦⣀⠀⠀⠀⠀⢀⣿⣾⣏⠈⠀⠀⠀⠀⠀⣀⡴⠋
⠀⠀⠀⠉⠓⢦⣄⡘⠛⠛⠛⠛⠛⠀⢀⣠⡴⠚⠉
⠀⠀⠀⠀⠀⠀⠈⠉⠓⠦⣤⣤⠴⠚⠉⠁
⣿⣿⣟⠛⢛⡛⠛⢿⡛⠛⣛⣛⣻⣟⡛⠻⢿⡛⢛⣻⡛⠛⠿⣛⠛⣛⣿⣿
⣿⣿⡿⠀⠀⢶⣶⣿⠇⠀⠶⠞⢻⡿⠃⠰⣄⡁⢸⣿⠟⠀⢦⡈⠀⣿⣿⣿
⣿⡿⠿⠿⠿⠿⠿⠿⠿⠿⠿⠿⠿⠿⠿⠿⠿⠿⠿⠿⠿⠿⠿⠿⠿⠿⢿⣿
⣿⡇⠀⠀⠀⠀⠀⠀⠀⠰⠶⣶⣶⣶⣶⣶⣶⠖⣀⣴⣄⠀⠀⠀⠀⠀⢸⣿
⢻⣧⠀⠀⠀⠀⠀⠀⠀⠀⠀⢸⣿⣿⠟⣀⣀⣼⣿⣿⡿⠀⠀⠀⠀⠀⣼⡟
⠀⠙⢷⣄⠀⠀⠀⠀⠀⠀⠀⢸⣫⣵⣿⠉⠉⠉⠉⠀⠀⠀⠀⠀⣠⡾⠋
⠀⠀⠀⠙⠷⣦⣀⠀⠀⢠⣤⣾⣿⣿⣿⣦⣤⠀⠀⠀⠀⣀⣴⠾⠋
⠀⠀⠀⠀⠀⠀⠙⠳⢦⣄⡀⠀⠀⠀⠀⠀⠀⢀⣠⡴⠞⠋
⠀⠀⠀⠀⠀⠀⠀⠀⠀⠈⠉⠛⠶⢤⡤⠶⠛⠉⠁
⠀⠀⠀⠀⠉⢹⣿⣟⠓⠶⣦⣤⡀
⠀⠀⠀⠀⠀⢸⣿⣿⠀⠤⠾⠟⠋
⠀⠀⠀⠀⠀⠼⠿⠿
⢴⠶⣶⢴⠶⣶⢰⡦⢲⣶⠆⣰⡶
⠀⠀⠀⠀⠀⠀⠉⠉⢙⣛⣛⠳⠶⢶⣦⣤⣄⣀
⠀⠀⠀⠀⠀⠀⠀⠀⢸⣿⣿⣿⠀⠀⠈⠙⢿⣿⣿⣦
⠀⠀⠀⠀⠀⠀⠀⠀⢸⣿⣿⣿⠀⠀⣀⣠⣾⡿⠿⠋
⠀⠀⠀⠀⠀⠀⠀⠀⢸⣿⣿⣿⠉⠉⠉⠁
⠀⠀⠀⠀⠀⠀⠀⠀⣸⣿⣿⣿⣄
⢠⣤⠀⣠⡄⢀⡤⣠⣤⡄⣤⡄⠀⣠⢄⣤⠤⠄⣠⡤⠤
⠸⠿⠋⠿⠗⠭⠚⠛⠿⠇⠿⠷⠋⠡⠿⠭⠅⠤⠭⠿⠃
⠀⠀⠀⠀⠀⠀⠀⠈⠉⠙⠛⣛⡛⠛⠶⠶⣶⣶⣤⣤⣄⣀
⠀⠀⠀⠀⠀⠀⠀⠀⠀⠀⠀⣿⣿⣿⣿⡆⠀⠀⠉⠛⢿⣿⣿⣷⣦⡀
⠀⠀⠀⠀⠀⠀⠀⠀⠀⠀⠀⣿⣿⣿⣿⡇⠀⠀⠀⠀⣀⣿⣿⣿⡿⠃
⠀⠀⠀⠀⠀⠀⠀⠀⠀⠀⠀⣿⣿⣿⣿⡧⠤⠴⠶⠛⠛⠛⠉⠁
⠀⠀⠀⠀⠀⠀⠀⠀⠀⠀⠀⣿⣿⣿⣿⡇
⠀⠀⠀⠀⠀⠀⠀⠀⠀⠀⠴⠿⠿⠿⠿⠷
⢀⣶⡆⣀⣴⡆⢀⡠⢖⣠⢶⣶⠀⣶⡆⠀⣠⠴⣢⣶⣖⠒⢀⣤⣖⡒⠒
⠘⠿⠚⠁⠿⠗⠫⠖⠋⠉⠿⠿⠀⠿⠷⠋⠁⠴⠿⠥⠥⠠⠤⠬⠽⠟⠁
⠴⠖⣿⣿⠛⢻⣶⠀⣀⣤⣀⣤⣄
⠀⠀⢿⣿⠋⢩⣽⣿⣩⢿⣥⢿⣯⠥
⢀⣤⡶⢶⣾⣟⠛⠻⢷⣶⣤⡀⠀⠀⣀⣀⠀⢀⣀⡀
⠈⠉⠀⢸⣿⣿⣧⣤⣴⠿⢿⣥⡴⠶⣿⣿⠖⢺⣿⡷⠦
⠀⠀⠀⠸⢿⣿⠇⠀⠤⣤⡿⠿⣧⣴⠿⣿⣶⠾⠿⣧⠴⠆
⠀⣀⣤⣴⣶⣶⡾⠿⠿⠿⣶⣶⣦⣄
⠘⠛⠛⠁⢾⣿⣿⣿⠀⠀⢀⣿⣿⣿⠇⠀⣀⣰⣿⣿⣧⣤⣾⣿⣿⣄⡀
⠀⠀⠀⠀⢸⣿⣿⣿⡿⠿⠛⠛⠉⣿⣿⣷⠉⢙⣿⣿⡏⠉⣹⣿⡟⠙⠋
⠀⠀⠀⠀⠸⠿⣿⡿⠇⠀⠰⠶⠾⠿⠿⢿⣶⠾⠿⠿⣿⠾⠟⠿⠿⠶⠿⠃
⠀⠀⣤⣀⣀⣤⣼⣧⣤⣀⣀⣤
⠀⢀⣾⠋⠥⠤⢷⡾⠤⠬⠙⣦⡀
⠉⠉⢿⡤⠄⠀⣸⣇⠀⠠⣤⡿⠉⠉
⠀⠀⠀⠙⠒⠶⢿⡿⠶⠒⠋
⠀⠀⠀⣀⡀⠀⠀⣀⣀⣀⣼⣧⣀⣀⣀⠀⠀⢀⣀
⠀⠀⠀⣠⣽⠿⢛⣉⣉⣸⣯⣽⣇⣉⣉⡛⠿⣯⡁
⠤⠤⢴⣿⡇⠀⠀⠉⠉⠉⣿⣿⠉⠉⠉⠀⠀⢸⣿⡦⠤⠤
⠀⠀⠀⠻⢷⣖⡒⠀⠀⢀⣿⣿⡀⠀⠀⢒⣲⡾⠟
⠀⠀⠀⠀⠀⠈⠉⠛⠲⠿⣿⣿⠿⠖⠛⠉⠁
⠀⠀⠀⠀⠀⠀⠀⠀⠀⠀⠀⠀⠀⣺⣟
⠀⠀⠀⠀⠛⢷⣤⣤⣶⠾⠿⠛⣿⠿⠿⣿⠛⠿⠷⣶⣤⣤⡾⠛
⠀⠀⠀⠀⣴⣿⠟⠉⢤⣤⣤⣤⣽⣷⣿⣯⣤⣤⣤⡄⠉⠻⣿⣦
⢤⣤⠤⣼⣿⡏⠀⠀⠀⠀⠀⠀⢀⣿⣿⡁⠀⠀⠀⠀⠀⠀⢹⣿⣧⢤⣤⡤
⠀⠀⠀⠈⢿⣷⣤⣤⣤⠀⠀⠀⢸⣿⣿⡇⠀⠀⠀⣤⣤⣤⣾⡿⠁
⠀⠀⠀⠀⠀⠙⠿⢶⣤⣀⣀⣀⣼⣿⣿⣧⣀⣀⣀⣤⡶⠟⠋
⠀⠀⠀⠀⠀⠀⠀⠀⠈⠉⠙⠛⠿⢿⣿⠿⠛⠋⠉⠁
⣷⠲⠤⣄⣀⠀⠀⠀⠀⣀⣠⠤⠖⣾
⠉⡇⠀⢠⣈⠉⢲⡖⠉⣁⡄⠀⢸⠉
⠀⡇⠀⢈⣠⣤⣾⡗⠦⣄⡉⠓⢺
⠀⢧⡀⢸⣿⣿⣿⡇⠀⠿⠃⢀⡼
⠀⠀⠉⠛⠻⠿⣿⣧⠴⠖⠚⠉
⣿⡶⠦⣤⣀⡀⠀⠀⠀⠀⠀⠀⠀⠀⠀⠀⢀⣀⣤⠴⢶⣿
⠿⢧⡄⠀⠈⠉⠛⠲⠦⣤⣀⣀⣤⠴⠖⠛⠉⠁⠀⢠⡼⠿
⠀⢸⡇⠀⠀⢰⣶⠤⠀⠀⢹⡏⠀⠀⠤⣶⣆⡀⠀⢸⡇
⠀⢸⡇⠀⠀⢀⣀⣤⣤⣶⣿⡿⠶⢤⣤⣀⡈⠉⠛⢻⡇
⠀⢸⡇⠀⠀⢸⣿⣿⣿⣿⣿⡇⠀⠀⢸⣿⡇⠀⠀⢸⡇
⠀⠈⠻⢦⣄⣸⣿⣿⣿⣿⣿⡇⠀⠀⠈⠁⣀⣠⡴⠟⠁
⠀⠀⠀⠀⠀⠉⠙⠛⠿⠿⣿⣿⠶⠾⠛⠋⠉⡀⡀
⣿⣶⣦⣤⣀⡀⠀⠀⠀⠀⠀⠀⠀⠀⠀⠀⠀⠀⠀⠀⠀⠀⢀⣀⣤⣴⣶⣿
⣿⣗⠀⠈⠉⠛⠻⠶⣦⣤⣀⡀⠀⠀⠀⠀⢀⣀⣤⣴⠶⠟⠛⠉⠁⠀⣺⣿
⠈⢹⣿⡇⠀⠀⠀⣀⠀⠈⠉⠛⠻⣶⣶⠟⠛⠉⠁⠀⣀⠀⠀⠀⢸⣿⡏⠁
⠀⢸⣿⡇⠀⠀⠀⣿⠿⠗⠀⠀⠀⣿⣿⠀⠀⠀⠺⠿⣿⣤⣀⡀⢸⣿⡇
⠀⢸⣿⡇⠀⠀⠀⠀⣀⣠⣤⣶⣾⣿⣿⠳⢶⣤⣄⣀⠀⠈⠉⠛⢻⣿⡇
⠀⢸⣿⡇⠀⠀⠀⣿⣿⣿⣿⣿⣿⣿⣿⠀⠀⠀⢹⣿⣿⠀⠀⠀⢸⣿⡇
⠀⠈⢿⣧⡀⠀⠀⣿⣿⣿⣿⣿⣿⣿⣿⠀⠀⠀⠸⠿⠋⠀⠀⢀⣼⡿⠁
⠀⠀⠀⠉⠛⠷⣶⣿⣿⣿⣿⣿⣿⣿⣿⠀⠀⣀⣀⣀⣤⣴⠾⠛⠉
⠀⠀⠀⠀⠀⠀⠀⠈⠉⠙⠛⠿⠿⣿⣿⠿⠿⠛⠋⠉⡅⠠⡀⡄
⠻⣯⠉⢹⠿⢯⡍⢲⡄
⢀⡿⠀⠰⠿⢷⡚⣋⣀⢀⡀
⠈⢩⡽⠻⣆⠘⢧⠟⣴⠿⣤⠤⢤
⠠⠾⠴⠧⠬⢷⣤⠾⠵⠿⠤⠿⠬⠶
⠺⣯⣍⠉⠉⢩⣭⣭⣭⣉⠓⠲⣄
⠀⢸⣿⠀⠀⢘⣓⣒⣚⣋⣀⣠⡿
⢀⣼⠟⠀⠀⠸⠯⠭⠭⣭⠉⣥⡤⠤⠤⣤
⠘⠛⢛⣛⣛⣿⣆⠀⠘⢿⣀⣽⠟⣠⣾⣋⢀⣀⣀⣀⡀
⠀⠀⣸⠟⠠⠀⠙⣷⣄⠀⠙⢡⣾⢗⣤⡀⠛⣥⡄⠸⣇
⠀⠻⠷⠶⠿⠿⠶⠶⠿⣧⡴⠿⠷⠶⠿⠷⠶⠾⠷⠶⠾⠗
⢸⣿⣉⡉⠉⠉⠉⣉⣉⣉⣉⣉⠙⠒⠢⣄
⠀⠈⣿⡇⠀⠀⠀⠿⠭⠭⠭⠿⠃⠀⢀⣼⡇
⠀⠀⣿⡇⠀⠀⠀⣶⠶⠶⠶⠶⠖⠛⠛⠉
⢠⣾⣯⣥⣤⣤⣤⣉⠉⠉⠉⣽⡿⠀⢸⣿⡍⠉⣉⣽⠇
⠀⠀⠀⣴⣖⠒⠚⠻⣧⡀⠀⠈⠳⣤⡾⠋⣠⡞⠛⠲⢤⣴⠖⠒⠒⣦
⠀⠀⣠⡾⠋⣐⣂⡀⠙⢿⣦⡀⠀⠈⣠⣾⠟⢡⣶⣄⠈⠡⣶⣄⠈⠳⣄⡀
⠀⠘⠛⠒⠒⠛⠛⠒⠒⠒⠛⠿⣦⡾⠛⠓⠒⠚⠛⠓⠒⠒⠚⠓⠒⠒⠚⠃
⠿⣿⣿⡟⠛⠛⠛⠛⣿⣶⡀
⠀⣿⣿⣇⣔⣾⣟⣟⣿⡿⠛⢻⠿⢶
⣤⣿⣿⣯⡽⣿⣿⠉⠁
⠁⠉⠉⠉⠑⠿⣯⣦⣤⣤⣤⣮⡿⠟
⣏⡿⣿⣿⡿⣿⣿⣿⣿⣿⣿⣿⢿⣿⣶⢠
⠀⣿⣿⣿⡇⡇⠀⢀⡠⣴⣶⣾⣼⣿⣿⣬⣶⣶⣶⣶⣤⣀
⠀⣿⣿⣿⣧⣧⣤⣯⣿⣿⣧⣿⣼⣿⣿⠴⠉⠉⡇⠿⠿⢸
⣀⡿⣿⣿⡏⣏⡉⡏⣿⣿⣯⡏⠉⠉
⠇⠿⠿⠿⠿⠗⠿⡇⣿⣿⣿⡇⠀⠀⠀⠀⠀⠀⡄⣤⣤⢠
⠀⠀⠀⠀⠀⠀⠀⠓⠻⢿⣷⣿⣿⣿⣿⣿⣿⣿⣷⣿⠿⠚
⡏⢿⣿⣿⣿⣿⣿⣿⣿⣿⣿⣿⣿⣿⣿⣿⣿⣭⣖⠤⡄
⠉⢸⠀⣿⣿⡇⣾⠀⠀⠀⠀⣀⢤⣤⣬⣇⣿⣿⣿⣇⣧⣤⣤⣤⡤⢄⡀
⠀⢸⠀⣿⣿⡇⢿⣀⣀⡖⣭⣶⣿⠫⡿⡏⣿⣿⣿⠏⡟⠛⠻⡏⣿⣷⣮⢱
⠀⢸⠀⣿⣿⡿⢿⣿⣿⡿⣿⣿⣿⠿⣿⣿⣟⠯⠓⠉⠀⠀⠀⠁⠉⠉⠁⠈
⡄⣸⣠⣿⣿⣇⣹⡠⡄⡇⣿⣿⣿⢸⡇
⠃⠙⠛⠛⠛⠛⠛⠁⠃⡇⣿⣿⣿⠸⡇⠀⠀⠀⠀⠀⠀⠀⢀⡇⣶⣶⣦⢸
⠀⠀⠀⠀⠀⠀⠀⠀⠀⠑⠊⠽⣻⣿⣿⣿⣿⣿⣿⣿⣿⣿⣿⣿⣟⠯⠕⠊
⣿⣿⣿⣿⣿⣿⣿⣿⣿⣿⣷⣶⣤⡀
⠀⠀⣿⣿⣿⣿⠀⠀⠀⢉⣿⣿⣿⣷
⠀⠀⣿⣿⣿⣿⣿⣿⣿⣿⡿⠿⠟⠁
⠀⠀⣿⣿⣿⣿
⣿⣿⣿⣿⣿⣿⣿⣿
⣿⣿⣿⣿⣿⣿⣿⣿⣿⣿⣿⣿⣿⣿⣿⣷⣶⣶⣤⣄⡀
⠉⠉⠉⣿⣿⣿⣿⣿⣿⡏⠙⠛⠛⠛⠛⢿⣿⣿⣿⣿⣿⣆
⠀⠀⠀⣿⣿⣿⣿⣿⣿⡇⢀⣀⡀⢀⣀⣼⣿⣿⣿⣿⣿⡿
⠀⠀⠀⣿⣿⣿⣿⣿⣿⣿⣿⣿⣿⣿⣿⣿⣿⣿⠿⠟⠋
⠀⠀⠀⣿⣿⣿⣿⣿⣿⡏⠉⠉⠉⠉⠉⠁
⣤⣀⣀⣿⣿⣿⣿⣿⣿⣇⣀⣀⡀
⣿⣿⣿⣿⣿⣿⣿⣿⣿⣿⣿⣿⡇
⣿⣿⣿⣿⣿⣿⣿⣿⣿⣿⣿⣿⣿⣿⣿⣿⣿⣿⣿⣷⣶⣶⣦⣤⣀
⠿⠿⠿⠿⣿⣿⣿⣿⣿⣿⣿⣿⠿⠿⠿⠿⠿⣿⣿⣿⣿⣿⣿⣿⣿⣿⣦⡀
⠀⠀⠀⠈⣿⣿⣿⣿⣿⣿⣿⣿⡄⠀⠀⠀⠀⠀⠀⠙⣿⣿⣿⣿⣿⣿⣿⣷
⠀⠀⠀⢠⣿⣿⣿⣿⣿⣿⣿⣿⣃⣠⣀⣀⣀⣠⣤⣾⣿⣿⣿⣿⣿⣿⣿⠟
⠀⠀⠀⢸⣿⣿⣿⣿⣿⣿⣿⣿⣿⣿⣿⣿⣿⣿⣿⣿⣿⣿⣿⣿⠿⠛⠁
⠀⠀⠀⠐⣿⣿⣿⣿⣿⣿⣿⣿⠛⠛⠛⠛⠛⠋⠙⠋⠉⠉
⠀⠀⠀⢸⣿⣿⣿⣿⣿⣿⣿⣿
⣶⣶⣶⣾⣿⣿⣿⣿⣿⣿⣿⣿⣶⣶⣶⣶
⣿⣿⣿⣿⣿⣿⣿⣿⣿⣿⣿⣿⣿⣿⣿⣿
⠀⠀⠀⠀⠀⢰⣶⣾⣿⣿⠿⢶⠂
⠀⠀⢀⣀⣤⣾⣿⣿⣿⣯⣄⡎
⠀⠉⠉⠉⠛⠛⠛⠿⠿⡿⠗⠛⠉
⠀⠀⠀⠀⠀⠀⠀⠀⢠⣤⣶⣶⣶⣿⣿⣿⣿⣶⡶⠄
⠀⠀⠀⠀⠀⠀⠀⢀⣸⣿⣿⣿⠿⣻⣿⠃⠀⢡⡗
⠀⢀⣀⣤⣤⣶⣾⣿⣿⣿⣿⣿⣿⣯⣿⣟⡲⠮⣄⣀⡀
⠀⠀⠀⠀⠀⠈⠉⠉⠉⠉⠛⠛⠻⠿⢿⠿⠛⠋⠉
⠀⠀⠀⠀⠀⠀⠀⠀⠀⠀⢠⣤⣤⣤⣶⣶⣶⣿⣿⣿⣿⣶⣶⣦⠤
⠀⠀⠀⠀⠀⠀⠀⠀⠀⠀⠀⣿⣿⣿⣿⢿⡿⣻⣿⣿⠉⠙⣓⣯
⠀⠀⠀⠀⠀⠀⠀⣀⣠⣤⣾⣿⣿⣿⣽⣬⣥⣿⣛⣤⣄⣀⡽⠁
⠀⠠⠤⠶⠶⠿⢿⣿⣿⣿⣿⣿⣿⣿⣿⣿⣿⣿⣶⣾⣭⣙⣓⣶⡦⠤⠄
⠀⠀⠀⠀⠀⠀⠀⠀⠀⠀⠀⠈⠉⠉⠙⠛⠛⠿⢿⠿⠛⠉⠁
⠀⠀⠴⣯⠍⠉⠉⢩⣭⣭⠍⠉⢉⡷
⣠⣖⣒⣃⣀⣀⣒⡶⠒⠒⠒⠋⠉
⠀⠀⠀⢀⣴⣋⡉⠉⠉⠉⠉⠉⣉⣉⣉⣉⡉⠉⠉⠉⠛⣦
⠀⠀⠀⠀⣠⡟⠁⠀⠀⠀⣀⣈⣉⣉⣉⣉⣁⣀⣀⡤⠞⠁
⣠⣞⣉⣉⣉⣀⣀⣀⣀⣀⣉⣽⠏⠁⠁
⠀⠀⠀⠀⠀⣠⠟⠉⠉⠉⠉⠉⠉⠉⠉⠉⠉⠉⠉⠉⠉⠉⠉⠉⠙⠛⠲⣦
⠀⠀⠀⠀⠘⠛⢒⡶⠂⠀⠀⠀⠀⠀⠰⠶⠶⠶⠶⠶⠒⠀⠀⠀⠀⢀⡼⠋
⠀⠀⣤⠤⠤⠴⠟⠁⠀⠀⠀⠀⠠⠤⠤⣤⡤⠤⠤⠤⠤⠤⠤⠶⠚⠋
⣠⣾⣁⣀⣀⣀⣀⣀⣀⣀⣀⣀⣀⣀⣴⠟
⠀⠸⠉⠘⠏⠘⠃⠘⠃⠘⠃⠘⠃
⠀⠀⣠⣴⣶⡒⠒⠒⢒⣶⣶⣤⣤⠄
⣀⠸⣯⣿⣝⣟⠻⠟⢹⣫⣟⣾⠇⣀
⠈⠓⠶⠾⠿⠻⢦⣄⣈⣭⠾⠷⠚⠁
⠀⠀⠯⠟⠃⠻⠿⠇⠸⠿⠇⠸⠿⠗⠸⠿⠝⠸⠽⠏
⠀⠀⠈⠀⠁⠁⠉⠁⠈⣀⣈⣉⣁⠉⠀⠁⠈⠉⠈
⠀⠀⠀⣠⣶⣿⣿⢯⡉⠁⠀⠀⠈⢉⡽⣿⣿⡶⢖⣿⡷
⠀⠀⠸⣿⣿⣿⣕⢿⣿⠻⢿⣿⠟⢿⡿⣪⡟⣱⣿⡇
⠹⣦⣀⡉⠛⠛⣿⣿⣿⡄⠈⠉⠁⠸⣿⠿⣱⣿⢋⣀⣴⠏
⠀⠀⠉⠛⠛⠒⠒⠛⠉⠻⠶⣦⣤⣤⣴⠾⠟⠛⠛⠉
⠀⠀⠀⣏⠿⠝⠸⣹⣼⡽⢸⣹⣏⡇⢸⣹⣏⡇⢸⣹⣏⡇⢸⣹⣿
⠀⠀⠀⠆⠀⠆⠰⠀⠆⠆⠰⠂⠀⠢⠲⠔⠰⠢⠐⠔⠠⠂⠆⠰
⠀⠀⠀⠀⠀⠀⣀⣠⣤⣤⣀⡤⠴⠶⠶⠶⢤⣀⣤⣤⣄⣀⠀⠀⣀⣀
⠀⠀⠀⠀⣠⣿⣿⣿⡿⢷⡀⠀⠀⠀⠀⠀⠀⢀⡾⢿⣿⣿⡷⣫⣽⡿⠷
⠀⠀⠀⣼⣿⣿⣿⣿⠰⣾⣿⡛⡻⠿⢿⣿⢛⣿⣲⠆⣿⡏⣼⣿⣧
⢤⣀⠀⠘⠿⢯⣿⣝⣷⣼⣯⡄⠈⠭⠭⠥⠄⣿⣧⣾⡟⣸⣿⠿⠃⠀⣠⡄
⠀⠛⢷⣦⣤⠤⠤⠭⢟⣿⣿⣿⣤⠀⠀⠀⠐⠚⠛⢋⣴⣿⡿⣤⣴⡾⠋
⠀⠀⠀⠈⠉⠛⠛⠛⠋⠉⠀⠉⠛⠾⢷⣤⣤⣴⣾⠿⠛⠛⠋⠉⠁
⠀⣀⣤⡤⠴⠚⠅⠐⠀⢤⣀
⣾⣿⡏⣀⠂⠦⡄⢨⡉⠊⢽⣿
⠈⠛⠿⠶⢤⣤⣭⣷⠿⠷⣾⣍⣀
⠀⠀⠀⠀⢀⣀⣀⣴⠶⣙⠢⠲⣄⣀⣀
⢀⣤⣶⣿⣿⠟⢉⠙⠂⡓⠩⣑⣒⣀⠩⣽⣿⣦⡀
⣾⣿⣿⡟⢠⠀⠏⠠⠮⣤⠀⢀⣍⠉⠛⠢⣽⣿⣿
⠙⢿⣿⣿⣦⣉⠀⠀⠠⠬⠷⢤⣽⣯⣭⣭⣽⣿⠟
⠀⠀⠉⠛⠛⠿⠿⠿⠷⠶⠶⠿⠿⠿⠿⠿⣿⣷⣤⣄⣀
⠀⠀⠀⠀⠀⠀⠀⠀⠀⣠⣤⡞⠿⣤⠤⣄
⠀⠀⢀⣠⣴⣶⣾⡿⠟⢿⡀⢨⣓⠦⢤⣉⡙⠉⠿⠶⣤⣄
⢀⣴⣿⣿⣿⡿⠛⠁⡠⠀⠈⣠⠌⠑⠲⣠⣭⣭⡐⠺⣿⣿⣷⣄
⣾⣿⣿⣿⡿⠀⡄⠘⠇⠀⡾⢥⡄⠀⢀⣠⡀⠀⠿⠡⣬⣽⣿⣿⡆
⢻⣿⣿⣿⣿⣄⠛⠳⠀⠀⠀⣀⣑⣄⣈⠻⢷⣒⠒⠒⠩⣿⣿⣿⠃
⠀⠙⠻⣿⣿⣿⣷⣦⣤⣀⣈⣀⣈⣉⣛⣿⣿⣿⣿⣿⣿⣿⠛⠁
⠀⠀⠀⠀⠉⠙⠛⠻⠿⠿⠿⠿⠿⠿⠿⠿⠟⠛⠛⠻⠿⣿⣿⣶⣤⣤⡤⠄
⠙⡦⠤⣄⣀⠀⠀⠀⠀⣀⣠⠤⢴⠞
⢠⣜⣃⢀⣻⠏⠿⠿⠙⣟⡁⣐⣣⡄
⢿⠛⠛⢛⠲⣟⢧⡼⣻⠞⠛⠛⠛⡿
⠈⠑⠟⠉⠛⢾⣓⣚⡷⠛⠉⠻⠊⠁
⠺⣦⣄⡀⠀⠀⠀⠀⠀⠀⠀⠀⠀⠀⠀⠀⠀⠀⠀⣀⣤⡾
⠀⠘⣏⡉⠛⠳⣖⣤⣀⣀⣀⣀⣀⣀⣤⣲⠶⠛⠋⣩⠟
⢀⣠⡞⠏⠉⠀⠚⢩⠆⢰⢿⡿⡇⠐⣬⠛⠀⠉⢹⢷⣄⡀
⣸⣏⣿⣶⣶⣘⡋⠗⢦⡴⠀⠀⢤⡴⠺⢽⣃⣴⣶⣾⣙⣇
⢻⡟⠋⠉⠉⠉⠛⢻⣍⡙⢶⡶⢊⣩⡟⠛⠉⠉⠉⠛⢿⡟
⠈⠛⣆⢚⣫⠿⢷⣦⡹⣾⣙⣋⣧⢏⣴⡾⢿⣟⠒⣰⠟⠁
⠀⠀⠈⠛⠀⠀⠀⠈⠻⣌⣉⣉⣱⠟⠁⠀⠀⠈⠛⠁
⠸⣦⣄⣀⠀⠀⠀⠀⠀⠀⠀⠀⠀⠀⠀⠀⠀⠀⠀⠀⠀⠀⠀⠀⠀⣀⣤⡶
⠀⠈⢿⡉⠛⠳⠶⣶⡤⣄⠀⠀⠀⠀⠀⠀⠀⠀⣀⠤⣴⡶⠶⠛⠛⣹⠏
⠀⠀⣈⣽⠶⠒⠂⠠⠿⢟⡩⠉⣹⣿⣿⣯⠉⢭⡛⠿⠅⠀⠒⠶⣿⣁
⠰⣾⢟⣮⣍⣀⠀⣶⠢⣬⡁⠀⠉⠈⠃⡉⠀⣀⣫⠤⡤⠀⣀⣉⣑⡿⣷⠆
⣼⣷⣺⣿⠿⠿⢶⣶⣬⣥⡭⠿⡅⠀⠀⢩⡿⢭⣨⣭⣵⣶⡿⢿⣷⣷⣼⣧
⠈⣟⣁⠀⢀⣀⣀⣀⡈⠙⢷⠤⣍⣻⣟⣩⢤⡾⠋⢁⣀⣀⣀⠀⠀⣈⣻⠏
⠀⠉⠻⣌⣉⡭⠾⠿⠿⣷⣌⠳⡷⣬⣥⢾⠞⣡⣶⠿⠿⠯⢭⣙⣡⠟⠋
⠀⠀⠀⠈⠛⠀⠀⠀⠀⠀⠙⣷⣌⣉⣉⣡⡾⠋⠀⠀⠀⠀⠈⠋⠁
⣤⡦⣶⣷⣿⣿⢸⠋⣿⣷⣾⡶⣴⣤
⠛⢡⣥⣶⣶⣖⣒⣒⠲⣶⣶⣬⡝⠛
⠀⠀⠻⣼⣿⡏⢨⡅⢰⣿⣯⠟
⠀⠀⠀⠈⠸⠻⢿⡿⠛⠇⠁
⢀⡠⣄⢠⡖⣶⢰⡏⣿⠀⣿⡙⠀⡟⢹⡆⣶⢲⡄⢠⣄⡀
⢼⠶⡏⠸⠏⠿⠘⠓⣛⣀⣛⣀⣀⣓⠚⠃⠿⠹⠇⢸⣀⡧
⠈⠀⢰⡖⣾⢉⡇⣿⣋⣉⣭⣥⡈⠉⣿⣼⠉⣷⢲⡆⠈⠁
⠀⠀⠀⠻⣜⢠⡇⣿⣿⠀⢈⡉⠀⢤⣿⣽⡀⣣⠟
⠀⠀⠀⠀⠈⠳⠍⣿⣿⣀⣼⣿⣀⣨⣿⠩⠞⠁
⠀⠀⠀⠀⠀⠀⠀⠛⠉⠳⠾⠷⠞⠉⠛
⠀⣀⣀⡀⢠⡔⢶⡆⢰⡏⢹⡇⢸⣿⣙⠃⢸⡏⢻⡆⢰⡖⢢⡄⢠⣀⣀
⣸⡧⣼⡃⢸⡏⢻⡇⠸⠧⠼⠇⠸⠟⠀⠀⠸⠧⠼⠇⢸⡏⢻⡇⢸⡇⢸⣇
⠘⠃⠈⣁⣬⣤⠴⢶⡆⣶⠶⠾⠟⠛⠛⡛⠓⠶⣶⢰⡶⠦⣤⣅⣈⠑⠚⠃
⠀⠀⠀⠹⣦⢻⡇⢸⡇⣿⣶⠖⠛⠻⠿⠇⠀⢀⣿⢸⡇⢸⠟⣼⠏
⠀⠀⠀⠀⠈⠳⣄⠸⡇⣿⣿⠀⠀⢰⣦⠀⠈⢿⣿⢸⠇⣠⠞⠁
⠀⠀⠀⠀⠀⠀⠈⠛⠀⣿⣿⣤⣤⠾⠿⣧⣤⣼⣿⠐⠛⠁
⠀⠀⠀⠀⠀⠀⠀⠀⠀⠉⠉⠐⠲⠿⠿⠖⠂⠉⠉
⠐⠒⣶⡖⠒⠒⠒⠒⠒⠒⠲⠦⠄
⠀⠀⣿⣇⣀⣛⣻⣿⠛
⠀⠀⣿⡏⠉⠉⠉
⠀⠀⠋⠁
⠀⣶⣶⣶⣶⣶⣶⣶⣶⣶⣶⣶⣶⣶⣶⣶⣶⣦⣄⡀
⠀⠀⠀⣿⣿⡇⠀⠀⣤⣤⣤⣤⣤⣤⡄⠀⠈⠙⠋⠁⡆
⠀⠀⠀⣿⣿⣇⣀⣀⣉⣉⣿⣿⡏⠉⠁⠀⠀⠐⠁⠀⠃
⠀⠀⠀⣿⣿⡿⠿⠿⠿⠻⡟⠉⡄⠀⠄⠀⢀
⠀⠀⠀⣿⣿⡇⠀⠀⠀⠀⡇⠀⡇⠀⠈⢂⠀⠢
⠀⡀⢀⠏⠁⠇⠀⡀⠀⠀⡇⠀⡇⠀⠀⠀⠡⡀⠑⠀⢀
⠀⠃⠀⠀⠀⠀⠀⠃⠀⠀⡇⠀⡇⠀⠀⠀⠀⠐⠀⠀⠘
⠀⠀⠀⠀⠀⠀⠀⠀⠇⠈⠀⠀⠀⠀⠆
⡇⣶⣶⣶⣶⣶⣶⣶⣶⣶⣶⣶⣶⣶⣶⣶⣶⣶⣶⣶⣶⣶⣤⣀
⠁⠀⢰⢸⣿⣿⣿⠀⠀⠄⣀⣀⣀⣀⣀⣀⣀⣀⡀⠄⠈⢙⢻⠛⠉⢰
⠀⠀⢸⢸⣿⣿⣿⠀⠀⠄⠛⠛⢻⣿⣿⣿⠛⠛⠃⠄⠀⠘⡸⠀⠀⢸
⠀⠀⢸⢸⣿⣿⣿⣶⣶⣶⣶⣶⣾⡿⠿⠛⠀⠀⠀⠀⠀⢁⠤⠒⠈
⠀⠀⢸⢸⣿⣿⣿⠀⠀⠀⠀⠀⢸⠀⠀⢸⢀⠊⠣⡀⠀⠣⡀⡀
⠀⠀⢸⢸⣿⡿⢿⠀⠀⠀⠀⠀⢸⠀⠀⢸⠀⠀⠑⠙⢄⠀⠑⢌⢀
⡆⡤⠈⠜⠁⠀⠘⠄⠀⡄⠀⠀⢸⠀⠀⢸⠀⠀⠀⠈⠂⠣⡀⠈⠢⠁⢠⢰
⠃⠁⠀⠀⠀⠀⠀⠀⠀⡁⠀⠀⢸⠀⠀⢸⠀⠀⠀⡀⠀⠑⠈⠀⠀⠀⠈⠘
⠀⠀⠀⠀⠀⠀⠀⠀⠀⡀⠇⠀⠁⠀⠀⠀⠁⠀⠇⡀
⠔⠛⠻⠷⡶⢒⣦⣴⠒⠛⣿⣦
⢀⣀⣸⣿⡇⢸⣿⣿⠀⣠⠿⠋
⠙⠉⢻⣿⡇⢸⣿⠟⠙⣿⣿⣆
⠀⢀⠬⠵⠶⠿⠶⣶⡶⠚⠿⣿⡶⠄
⣠⣴⣶⣿⣶⣶⣶⣦⣤⠴⠂⣀⣠⠴⠶⣿⣿⣶⡄
⠁⠀⠀⠀⣈⣭⣭⠅⢠⣾⣿⣿⠁⠀⠀⠈⣿⣿⣿
⠀⠀⠀⢸⣿⣿⣿⠀⢸⣿⣿⣿⠀⠀⠀⣠⣿⠿⠃
⢼⣿⣿⣿⣿⣿⣿⠀⢸⣿⣿⣿⡤⣴⣾⣿⣄⡀
⠈⠁⠀⢸⣿⣿⣿⠀⢸⣿⣿⡿⠀⠈⢻⣿⣿⣷⡄
⠀⠀⠀⠸⠿⢛⣉⣠⣮⣭⣥⣄⣀⣀⣘⣿⣿⣿⣿⣄
⠀⠀⡠⠶⠚⠛⠛⠛⠛⠻⠿⢿⡿⠟⠉⠈⠻⠿⣿⡿⠋⠁
⢀⣤⣶⣶⣶⣶⣶⣶⣤⣤⣤⣤⡤⠂⠀⣀⣠⡤⣶⣾⣿⣶⣤⡀
⠚⠉⠉⠉⠉⠛⠛⠛⢛⡛⠋⣩⣴⣶⣿⡏⠁⠀⠀⠙⣿⣿⣿⣿
⠀⠀⠀⠀⢠⣶⣿⣿⣿⠁⠀⣿⣿⣿⣿⡇⠀⠀⠀⠀⢸⣿⣿⡿
⠀⢀⣀⣀⣸⣿⣿⣿⣿⠀⠀⣿⣿⣿⣿⡇⠀⠀⠀⣠⣿⠿⠋
⢼⣿⣿⣿⣿⣿⣿⣿⣿⠀⠀⣿⣿⣿⣿⡧⢤⣴⣾⣿⣤⣀
⠈⠋⠉⠉⢹⣿⣿⣿⣿⠀⠀⣿⣿⣿⣿⡇⠀⠙⣿⣿⣿⣿⣧⡀
⠀⠀⠀⠀⢸⣿⣿⣿⠟⠀⢠⠿⠿⠛⠋⠀⠀⠀⢸⣿⣿⣿⣿⣷⡀
⠀⠀⠀⠀⠘⢋⣩⣤⣶⣶⣶⣶⣶⣶⣶⣶⣦⣤⣤⠿⣿⣿⣿⣿⣷⣤⣀⠄
⠀⠀⢀⠴⠞⠛⠛⠋⠉⠉⠛⠛⠛⠿⠿⣿⠿⠋⠀⠀⠈⠻⠿⣿⣿⠟⠁
⠀⠀⠀⡆⠀⠑⠢⡀⠀⢠
⠲⣄⠀⠻⣄⢀⣠⣹⣀⡼⠁
⠀⠀⢉⣳⢾⣿⣿⣿⣿⠿⢭⡓⠢⢄
⠀⠀⠏⠀⣿⠁⠈⠉⠁⠀⠀⠙⡆
⠀⠀⠀⠀⠘⢦⠀⠀⠀⠀⠀⠀⠃
⠀⠀⠀⠀⢀⡄⠀⠀⠑⢦⡀⠀⠀⠀⠀⡄
⡀⠀⠀⠀⠘⣇⠀⠀⠀⠀⠈⢦⡀⠀⠀⣿
⠘⢦⡀⠀⠀⠻⣆⡀⢤⣀⣤⢸⡷⢀⣼⠏
⠀⠀⠈⠓⠶⠤⣬⣿⣶⣿⣿⣿⣿⣿⣖⡒⠶⠦⣄⡀
⠀⠀⠀⢀⣤⠶⢋⣽⡟⢿⣿⣿⣿⡿⠉⠛⠻⢦⣀⠈⠙⠢
⠀⠀⠀⡞⠁⠀⢸⣟⠀⠀⠀⠈⠁⠀⠀⠀⠀⠀⢹⡆
⠀⠀⠈⠀⠀⠀⠈⢿⡀⠀⠀⠀⠀⠀⠀⠀⠀⠀⠈⡇
⠀⠀⠀⠀⠀⠀⠀⠈⠳⣄⠀⠀⠀⠀⠀⠀⠀⠀⠀⠁
⠀⠀⠀⠀⠀⠀⡠⠀⠀⠈⠑⢦⣀⠀⠀⠀⠀⠀⠀⡀
⠀⠀⠀⠀⠀⠀⣷⡀⠀⠀⠀⠀⠈⠳⣄⠀⠀⠀⠀⢿⡀
⢢⡀⠀⠀⠀⠀⢹⣧⠀⠀⠀⠀⠀⠀⢹⣧⠀⠀⢀⣾⠇
⠀⠙⠷⣄⡀⠀⠀⠹⢦⣄⠘⣦⣤⣷⣸⣿⣁⣴⠿⠋
⠀⠀⠀⠈⠙⠻⠶⠶⢦⣽⣿⣿⣿⣿⣿⣿⣿⣿⣚⣛⠓⠲⠶⢤⣄
⠀⠀⠀⠀⠀⣀⣤⠾⠛⣽⣿⢿⣿⣿⣿⣿⣿⡏⠉⠛⠻⣷⣤⡀⠈⠉⠓⢤
⠀⠀⠀⠀⣼⠛⠁⠀⣼⣿⠃⠀⠈⠉⠙⠛⠉⠀⠀⠀⠀⠀⠉⢻⡄
⠀⠀⠀⠰⠃⠀⠀⠀⢿⣿⠀⠀⠀⠀⠀⠀⠀⠀⠀⠀⠀⠀⠀⠘⣷
⠀⠀⠀⠀⠀⠀⠀⠀⠈⠻⣆⠀⠀⠀⠀⠀⠀⠀⠀⠀⠀⠀⠀⠀⣿
⠀⠀⠀⠀⠀⠀⠀⠀⠀⠀⠘⠢⡀
⠀⢴⣶⣿⣿⣿⣿⣿⣷⠆
⢀⣤⡾⠿⠟⠿⠿⣧⣤⣄⣀⣀⣀
⠀⢀⣴⣶⣶⣿⣿⣿⣿⣿⣿⣿⣿⣶⣦
⠀⠈⠙⢛⣿⣷⣿⣿⣿⣿⣿⡿⠟⠛⠉
⢀⣤⣾⠿⠿⠟⠛⠉⠛⠻⠿⠿⣷⣶⣤⣤⣤⣀⣀⣀⣀
⠀⠀⢀⣤⣴⣶⣶⣿⣿⣿⣿⣿⣿⣛⣿⣿⣶⣶⣤⡀
⠀⠀⠿⢿⣿⣿⣿⣩⣿⣿⣿⣿⣿⣿⣿⣿⣿⡿⠟⠁
⠀⠀⠀⢀⣴⣿⣿⡿⣿⣿⣿⣿⣿⣽⣯⣉⠁
⢀⣤⣾⠽⠿⠿⠛⠛⠉⠀⠉⠛⠛⠿⠿⠿⣿⣷⣶⣶⣤⣤⣤⣤⣤⣀⣀
⢺⠉⠷⠉⡯⢉⠳⢊⠉⡏⢹⣿⠉⡗
⠺⠐⢿⡿⠿⠿⠿⠿⣶⣿⣶⣷⠒⠁
⠰⡏⠉⢩⣭⠉⢻⡍⠉⠳⣄⡴⠋⠉⣭⠉⢩⣿⣏⠉⢹⠆
⢀⡇⠀⢰⣦⣀⣹⣇⣀⣦⣈⣤⣂⣀⣻⣀⡘⠿⠇⠀⣸
⠈⠓⠉⠹⡷⠾⠶⠾⠚⠓⠚⠶⠯⢯⣽⣽⣯⡽⠿⠉
⢠⣟⠉⠉⢉⣉⡛⠛⢿⡉⠉⠙⢦⡀⣰⠟⠉⠉⣉⠉⠉⣹⣿⣏⠉⠉⣻⡄
⠀⣾⠀⠀⢙⣉⠁⠐⢾⡇⠀⢤⡈⠛⠁⣠⠀⠀⣿⠀⠀⣿⣿⣿⠀⠀⡗
⢠⡾⢀⣀⣽⣿⠶⣶⠚⢳⠲⣾⠻⢶⠾⢷⢶⣦⣿⣶⣤⣬⣉⣅⣀⡴⠃
⠀⠉⠉⠀⠸⠿⠾⠟⠛⠛⠋⠉⠛⠛⠓⠺⠾⠶⢽⣬⣿⣤⠿⠿⠂
⣄⠀⠀⠀⠀⣠⣤⣤⡀⠀⠀⠉⠙⣿
⣿⠀⠀⠀⠀⣈⣉⠁⠀⠀⠀⢤⣶⣿
⠛⠀⠀⠀⠀⠙⣿⡗⠀⠀⠀⠀⠙⠛
⠀⠀⠀⠀⠀⠀⠀⠀⠀⠀⠀⠀⠀⠀⠀⠀⠈⠉⠙⠻⣿⣿
⣿⡇⠀⠀⠀⠀⠀⠀⣿⣿⣿⣿⠿⠆⠀⠀⠀⠀⠀⠀⣸⣿
⣿⡇⠀⠀⠀⠀⠀⠀⠀⠀⠀⠀⠀⠀⠀⠀⠀⣤⣴⣾⣿⣿
⣿⡇⠀⠀⠀⠀⠀⠀⣿⣿⣿⣦⣀⠀⠀⠀⠀⠀⠙⢿⣿⣿
⠀⠀⠀⠀⠀⠀⠀⠀⠀⢸⣿⡇
⠀⠀⠀⠀⠀⠀⠀⠀⠀⠀⠀⠀⠀⠀⠀⠀⠀⠀⠀⠀⠀⠉⠉⠛⠿⣿⣿⣿
⣶⣶⠀⠀⠀⠀⠀⠀⠀⠀⢰⣶⣶⣶⣶⣶⣦⠀⠀⠀⠀⠀⠀⠀⠀⠈⣿⣿
⣿⣿⠀⠀⠀⠀⠀⠀⠀⠀⠈⠉⠉⠉⠉⠉⠁⠀⠀⠀⠀⠀⠀⢀⣠⣼⣿⣿
⣿⣿⠀⠀⠀⠀⠀⠀⠀⠀⢠⣤⣤⣄⡀⠀⠀⠀⠀⠀⠀⠐⠿⣿⣿⣿⣿⣿
⠿⠿⠀⠀⠀⠀⠀⠀⠀⠀⠸⠿⣿⣿⣿⠦⠄⠀⠀⠀⠀⠀⠀⠈⠙⠿⠿⠿
⠀⠀⠀⠀⠀⠀⠀⠀⠀⠀⠀⠀⢸⣿⣿
⢠⡤⣤⠒⠿⠫⣽⣿⠿⣿⣶⠶⣦⡄
⣴⣿⠀⣄⠀⢲⠄⠡⡖⠂⣹⣿⣿⣦
⠘⣿⣧⣬⠻⣄⠘⠃⣠⣿⣿⣿⣿⠋
⠀⠀⠉⠉⠛⠶⢭⡿⠿⠛⠉⠉
⠀⢀⣀⠤⠤⣤⣶⡶⠞⠛⠳⢞⣳⣶⣶⣶⣤⣄⣀⣀⡀
⠀⢻⣅⠷⠗⠀⠬⠛⠚⠛⢿⡿⠛⠛⠛⢿⣿⣭⣉⣿⡟
⢠⣾⣿⡅⠀⡠⠀⠐⠲⣦⠀⠀⣠⠖⠂⠀⢼⣿⣿⣿⣷⡄
⠿⣿⣿⣠⠐⠳⣤⣠⠐⠧⣄⣠⠼⠆⣄⣤⣾⣿⣿⣿⣿⠿
⠀⢻⣿⣿⣦⣤⠈⢻⡦⠀⠐⠃⠀⢴⣿⣿⣿⣿⣿⣿⡿
⠀⠀⠙⠻⢿⠿⣷⣤⣉⡛⠲⣶⣿⣿⣿⣿⠿⡿⠟⠋
⠀⠀⠀⠀⠀⠀⠈⠙⠛⠿⢷⡿⠿⠛⠋⠁
⠀⠀⢀⣀⣀⣀⣠⣴⣶⠶⠶⠛⠻⠶⠶⢷⣶⣶⣶⣶⣤⣤⣀⣀⣀⡀
⠀⢺⣿⠱⣶⡶⠆⢈⡹⠽⠶⠞⠿⣷⣿⠿⠛⠿⠿⢿⣷⣿⣋⠋⣹⣿⡗
⠀⣠⣿⡷⡂⠀⠀⡀⠀⢠⢄⣀⡀⠈⠁⠀⣀⡠⡄⠀⢙⣿⣿⣿⣿⣿⣄
⣾⣿⣿⣿⠁⠀⣾⣁⠀⠀⠀⣸⠃⠀⠀⠘⣇⠀⠀⠀⣈⣿⣿⣿⣿⣿⣿⣷
⠉⣿⣿⣿⣾⡀⠀⠉⢻⣾⡀⠉⠈⢲⡖⠃⠉⠀⣷⣿⣿⣿⣿⣿⣿⣿⣿⠉
⠀⠘⢿⣿⣿⣿⣶⣧⡀⠈⣿⣀⡁⠀⠀⢈⣀⣿⣿⣿⣿⣿⣿⣿⣿⡿⠃
⠀⠀⠀⠈⠙⠻⠟⠿⣿⣶⣤⣌⣉⠛⣿⣿⣿⣿⣿⣿⠿⠻⠟⠋⠁
⠀⠀⠀⠀⠀⠀⠀⠀⠀⠉⠙⠛⠿⢿⡿⠿⠛⠋⠉
⣹⣿⣿⣿⣿⣿⣿⣿⣿⣿⣿⣿⣿⣿
⠈⠉⠉⢉⣿⣛⣉⣭⡟⢻⡟⠉⠉⠁
⠀⠀⠀⠑⠾⣾⣿⣧⠘⠿⠃
⠉⣏⣿⣿⣟⣻⣽⣿⣿⢯⣟⣿⢯⡿⣽⡟⡽⣿⣿⣻⡟⡟
⠘⠿⠷⠾⠿⠿⣾⣾⣿⠾⠾⠿⠾⢿⢿⣿⡷⠿⠷⠿⠯⠇
⠀⠀⠀⠀⠀⡤⠞⡕⢤⣤⣬⣽⠿⢇⣐⣧⡇
⠀⠀⠀⠀⠀⠙⠳⠭⢿⣿⣿⣷⡤⠨⠝⠓⠁
⠉⢫⢹⣿⡿⠿⢿⣯⣻⡝⣿⣿⢩⡝⣿⣿⢹⡟⣽⣿⢫⡝⣿⣿⠿⠿⠏⡿
⢠⢼⣮⣛⡿⢿⣶⡯⣿⢹⣿⡇⣿⢸⣿⣇⣿⣣⣿⡟⣾⢸⣿⡟⣿⣿⣰⡇
⠈⠓⠿⠿⠿⠿⠟⠺⣟⢿⣿⡟⠛⠋⠙⠛⠻⢟⠿⣾⣻⠿⠿⠿⠿⠿⠽⠃
⠀⠀⠀⠀⠀⠀⢀⣠⠞⡣⢀⣀⣀⣉⣂⣶⡿⠄⠀⣖⢾⠁
⠀⠀⠀⠀⠀⠀⠹⣄⠀⢧⣍⣛⣛⣛⣟⣃⣀⣲⣶⣞⡻
⠀⠀⠀⠀⠀⠀⠀⠈⠙⠲⠾⢿⣿⣿⣿⡷⠦⠔⠒⠉
⠒⠶⠦⢤⣴⣶⣶⣶⣶⣿⠿⠷⠷⣄
⠀⠀⠀⠀⠈⠙⠧⢿⡛⠓
⠦⢤⣤⣤⣄⣀⣀⣤⣤⣤⣤⣤⣤⣴⣾⣶⣿⣶⣶⣾⣤⡀
⠀⠀⠀⠀⠀⠈⠻⠿⣿⣿⠻⠿⢿⣿⣿⡋⠁⠀⠀⠈⠙⠓
⠀⠀⠀⠀⠀⠀⠀⠀⠈⠩⠿⠻⢯⡁⠈⠁
⢤⣀⣀⣀⣀⡀⠀⠀⢀⣀⣀⣀⣀⣀⣀⣀⣠⣶⣿⣶⣶⣶⣶⣦⣼⣧⡀
⠀⠈⠉⠉⠉⠙⠛⢿⣿⣿⣿⣿⣿⣿⣿⣿⣿⣿⣿⡿⠛⠛⠉⠉⠛⠻⢿⣦
⠀⠀⠀⠀⠀⠀⠀⠀⠈⠙⠻⣿⣧⣈⣭⣉⣿⡟⢿⣇
⠀⠀⠀⠀⠀⠀⠀⠀⠀⠀⠀⠀⠔⠛⠛⠿⣤⡀⠀⠁
⢀⣀⠀⣴⣶⡛⣽⠿⠿⠛⠛⠁
⠿⠋⠔⠈⠙⠛⠾⠶⣤⣄⡀⠔⣨⣶
⠀⣠⣴⣿⣤⣤⣤⣶⣤⠿⠟⠀⠉⠁
⠀⠀⠀⠀⠀⣠⣤⣶⡶⠞⣛⣫⣭⣭⣭⣿⣶⠖⠂
⣠⣶⣿⡄⠘⢿⣿⣿⣤⣙⠿⠉⠁⠀⠀⠀⠀⠀⠀⠀⣀
⢿⣿⢁⠴⠒⠂⠈⠙⠛⠿⠿⣶⣶⣤⣄⡀⠠⠤⠖⢁⣿⣷
⠀⠈⠀⠀⣀⣴⠀⠀⠀⠀⠀⢀⣉⠛⣿⣿⣷⡄⠘⣿⠿⠋
⠀⢀⣴⣾⣿⣿⣿⣿⣿⣿⣿⣿⡷⠾⠿⠛⠋
⠀⠀⠀⠀⠀⠀⢀⣠⣤⣴⣶⡶⠾⢛⣛⣛⣭⣭⣭⣭⣽⣶⠶⠂
⠀⣠⣴⣦⠀⠀⣿⣿⣿⣿⣅⠐⢿⣿⠟⠛⠉⠉⠉⠉⠉
⣾⣿⡿⠋⣁⣠⣈⡙⠻⠿⣿⣿⣶⣬⣄⣀⡀⠀⠀⠀⠀⠀⢀⣀⡄⢸⣶⣄
⠘⠻⡇⠘⠉⠀⠀⠀⠀⠀⠀⠈⠉⠙⠛⠿⣿⣿⣶⣦⣌⡉⠉⢉⣤⣾⣿⡿
⠀⠀⠀⠀⢀⣠⣶⣏⣀⠀⠀⠀⣀⣀⣀⣤⠄⢙⣿⣿⣿⣿⠀⠀⠻⠟⠋
⠀⠀⣤⣾⣿⣿⣿⣿⣿⣿⣿⣿⣿⣿⣿⡷⠾⠿⠟⠛⠋⠁
⠀⢀⣴⠒⠶⢀⣶⢠⡶⢠⡶⢠⡶
⠀⠵⢬⠿⠃⠾⠩⠿⠡⠿⡵⠟⠁
⠀⠀⡀⣀⣤⠤⣤⣮⠐⣡⣤⠆⣠⣤⠆⣠⣤⠆⣠⣤⢆⠃
⠀⡰⠔⠿⠿⣦⣦⠅⣰⣿⠿⣴⣿⠏⣼⣿⠋⣰⣿⢏⠂
⠨⢐⠿⠿⠶⠟⡋⠴⠿⠋⠴⠿⠋⢘⠿⠷⠴⠟⠃
⠀⠀⢀⠄⣀⣤⡤⢤⣤⣦⡕⠁⣤⣤⠄⢀⣤⣤⠆⣠⣤⡤⠂⣠⣤⡴⡠⠃
⠀⡀⠧⠒⠿⠿⢷⣤⣦⠍⢀⣾⣿⠿⢦⣾⡿⠃⣴⣿⡟⠁⣴⣿⠟⡔⠁
⠐⠄⠺⠿⠿⠦⠾⢻⠋⠰⠿⠟⠁⠰⠿⠟⡡⠚⠿⠿⠦⠾⠛⠋⠊
⢀⣶⣧⣄
⠀⠙⠻⠿⢿⣷⣶⣄⣀
⠀⠀⠀⠸⣿⡿⠿⠿⢿⣶⣶⣷⠶⠂
⠀⠠⣧⣾⡀⣀
⠀⠛⢿⣿⣿⣿⣷⣦⣤⣀⣀
⠀⠀⠀⠈⠉⢙⣛⣻⣿⣿⣿⣿⣶⣶⡄⠀⢀⣀⠀⠀⣀
⠀⠀⠀⠀⠀⠘⠿⣿⡿⠿⠛⠻⠿⠿⢿⢿⡿⣿⡿⠟⠋
⠀⠠⣐⣆⣾⡀⢀
⠀⢻⣶⣿⣿⣿⣿⣷⣤⣀⡀
⠀⠀⠈⠙⠻⠿⢿⣿⣿⣿⣿⣿⣷⣶⣤⣀
⠀⠀⠀⠀⠀⠀⢀⣤⣬⣽⣿⣿⣿⣿⣿⣿⣿⣿⣥⣤⣤⣤⣴⣂⣀⣠⣆
⠀⠀⠀⠀⠀⠀⠀⠻⠿⠿⠿⠿⠟⠛⠛⠻⠿⠿⠿⠿⣿⠿⣿⠿⠟⠋⠁
⢀⡶⢤⡀⢰⠼⠏⠛⢲⡄⢀⡤⢶⡀
⠸⣕⢶⡋⠑⠦⠤⢤⡶⠞⢛⣾⣾⠇
⠛⢦⡈⠉⠒⠦⢤⣤⠴⠖⠋⢁⡼⠛
⠀⠀⠉⠓⠦⢄⣀⣁⡤⠴⠚⠉
⠀⢠⣤⣀⠀⠀⠀⣤⣄⣻⠟⠛⠲⣦⣀⠀⠀⠀⣀⣤⡄
⠀⣾⠁⣈⢙⣦⠤⠚⠀⠈⠀⠀⠀⠈⠻⠤⣴⡋⣡⡘⣷
⠀⢿⣌⠟⢋⠀⠈⠉⠛⠢⠔⠲⢼⠛⠛⠉⠀⣙⠿⣥⡿
⠺⣯⡀⠀⠉⠑⠲⠤⣄⣀⣀⣀⣀⣠⡤⠖⠚⠉⠃⣀⣽⠗
⠀⠀⠙⠳⢤⣀⠀⠀⠀⠀⠩⠭⠃⠀⠀⠀⣀⡤⠞⠋
⠀⠀⠀⠀⠀⠈⠙⠒⠤⢄⣀⣀⡤⠴⠒⠋⠁
⠀⠀⣤⣀⡀⠀⠀⠀⢀⣀⣀⣘⣿⠛⠛⠲⢦⣄⣀⡀⠀⠀⠀⢀⣀⣤
⠀⢰⡿⠀⠉⠳⢦⣀⣀⠽⠀⠉⠉⠀⠀⠀⠀⠙⢿⣄⣀⣴⠞⠉⠉⢿⡆
⠀⣿⡇⠸⠿⠶⠛⠉⠐⠶⠦⠤⠄⣀⣀⡠⠤⢶⣶⠒⠍⠛⠶⠿⠇⢸⣿
⣀⣬⠟⠋⠉⠴⢦⣀⠀⠀⠀⠀⠉⠀⠀⠉⠉⠀⠀⠀⣀⡴⠦⡉⠛⠻⣥⣀
⠈⠻⢷⣄⡀⠀⠀⠀⠉⠙⠒⠶⠤⢤⣤⠤⠶⠖⠛⠉⠁⠀⠀⢀⣤⡾⠟⠁
⠀⠀⠀⠈⠛⠶⢤⣀⠀⠀⠀⠀⠀⠒⠒⠉⠀⠀⠀⢀⣀⡤⠾⠛⠁
⠀⠀⠀⠀⠀⠀⠀⠈⠉⠓⠲⠤⢄⣀⣀⡤⠤⠖⠚⠉⠁
⢀⣠⡤⢤⣄⣿⢧⡴⢿⣇⣤⢤⣤⡀
⠨⠭⣭⡭⠷⣋⣷⣶⣝⠧⠤⠤⠤⠄
⠀⠀⠀⠀⠀⠻⣿⣿⠿⠃
⠀⠀⢀⣀⣀⣀⣀⠈⣿⢿⣄⣠⡼⣿⡏⢀⣀⣀⣀⣀⡀
⠐⠻⠿⠭⠤⠭⢭⣝⡻⢦⣌⣋⡤⢿⣟⠉⠉⠉⠉⠉⡉⠁
⠈⠉⠛⠛⠒⠛⠛⠉⣶⣾⢿⣿⣷⣶⡌⠉⠛⠛⠛⠛⠉⠁
⠀⠀⠀⠀⠀⠀⠀⠀⠛⠿⣾⣷⡿⠟⠁
⠀⠀⠀⠀⠀⠀⠀⠀⠀⠈⣿⣿⣧⣀⢀⣠⣿⣿⡏
⠠⣴⣾⣛⣛⣛⣛⣛⡛⠶⢿⣧⣈⠛⠿⢋⣀⣿⡷⠞⠛⠛⠛⠛⠛⠻⠖⠂
⠠⠴⣦⣬⣉⣉⣉⣭⣽⡿⠗⣈⣹⣷⣾⣿⣉⡛⠷⢦⣤⣤⣀⣠⣤⣴⠦⠄
⠀⠀⠀⠀⠀⠀⠀⠀⠀⠀⣿⣿⣿⢹⡿⢿⣿⣿⡇
⠀⠀⠀⠀⠀⠀⠀⠀⠀⠀⠙⠻⠿⢷⣷⠿⠿⠛⠁
⣤⠟⣲⣤⣄⣀⣠⣤⣤⣀⣀
⠉⠉⢩⣽⣿⣫⣭⢩⣛⠿⢿⡷⣄
⠀⠀⢺⣿⣧⣝⠺⠿⠿⠛⠛⠓⠒⠿
⠀⠀⠀⠙⣿⣿⢿⣿⡷⣦
⠀⠀⠀⠀⠈⠛⢷⡭⠶⠏
⣀⣜⣛⠲⢤⣄⣀⡀⠀⠀⣀⣀⣀⡀
⠾⠷⠄⠚⠛⣻⣿⣿⣿⠿⠿⠿⣿⣿⣿⣿⣶⣦⣄
⠀⠀⠀⢀⣾⣿⡿⢿⣴⠻⣿⣐⣦⣬⣙⡛⠻⣟⡚⠧⣄⡀
⠀⠀⠀⠸⣿⣿⣿⣦⣝⠓⠶⠦⠽⠿⠟⠛⠛⠓⠒⠒⠲⠿
⠀⠀⠀⠀⠙⢿⣿⣿⣿⣿⣶⣾⣶⣦⣦⡀
⠀⠀⠀⠀⠀⠀⠙⢿⣿⣍⡻⢿⡿⢏⣿⡇
⠀⠀⠀⠀⠀⠀⠀⠈⠉⠙⢿⡤⠶⠿⠛
⠀⣐⡿⠿⠦⣄⣀⡀
⣘⣛⣛⣛⣒⣒⣾⣿⣿⣶⣶⣶⣶⣿⣿⣿⣿⣷⣶⣶⣤⣄⣀
⠉⠉⠉⠀⠀⢀⣴⣿⣿⣿⠟⣋⣭⣭⠉⣛⠻⢿⣿⣿⣿⠺⠭⢳⡄
⠀⠀⠀⠀⢠⣿⣿⣿⣏⢻⣿⣏⠹⢿⣤⣿⣷⣶⣬⣉⣙⣛⣉⣉⡛⠲⣦⡀
⠀⠀⠀⠀⠸⣿⣿⣿⣿⣦⣍⡛⠻⠶⠶⠶⠶⠾⠿⠛⠓⠒⠒⠒⠒⠒⠾⠿
⠀⠀⠀⠀⠀⠙⢿⣿⣿⣿⣿⣿⣷⣄⣰⣶⣤⣀⣄
⠀⠀⠀⠀⠀⠀⠀⠙⢿⣿⣿⡿⢿⣿⣿⣿⣿⡿⣿⣧
⠀⠀⠀⠀⠀⠀⠀⠀⠀⠻⣿⢿⣦⡈⠻⠟⢋⣴⣿⡟
⠀⠀⠀⠀⠀⠀⠀⠀⠀⠀⠀⠀⠙⢿⡶⠾⠛⠟⠋
⠀⣴⣿⣟⣛⡿⠟⢀
⣴⣾⣭⣭⢯⣿⣤⣿⢜⣇⣐⣿⣿⠛
⠀⠀⠀⠀⠀⢀⣤⣿⣯⠉⣽⣿⡇
⠀⠀⣴⣶⣿⡿⠿⠿⣿⣿⡟
⠀⠘⢿⣿⣿⣶⣶⡶⢶⡄⢀⣤⡤⠀⣀⠀⠀⣀⣀⣀⣀⣀
⢰⣶⣶⣦⣤⣤⡾⣀⣿⣧⣤⣿⣶⢉⣭⠀⠐⣻⣿⣿⠟⠋
⠉⠉⠉⠉⠉⠉⠁⠉⠉⠉⢛⣻⣭⡶⠾⠿⢿⣿⣿⡟
⠀⠀⠀⠀⠀⠀⠀⠀⠀⣤⣾⣿⣿⣧⠀⢀⣾⣿⣿⡧
⠀⠀⢀⣴⣶⣿⣿⡿⠿⢿⣿⣿⣿⡟
⠀⠀⣿⣿⣿⣿⣧⣤⣤⣤⣭⣉⠉⠀⢀⣀⡀
⠀⣀⣈⣉⠉⠛⠛⠛⣿⠋⣵⣶⠄⠘⣛⣛⡀⠶⠞⠁⠀⣰⣶⣶⣶⣶⣶⡖
⣼⣿⣿⣿⣿⣿⣿⣿⠋⣴⣾⣿⣿⣿⣿⣿⠇⣚⣛⣁⣀⣀⣿⣿⣿⡟
⠀⠀⠀⠀⠀⠀⠀⠀⠀⠀⠀⠀⠀⢩⣽⣶⣿⠟⠛⠛⠛⣿⣿⣿⡿
⠀⠀⠀⠀⠀⠀⠀⠀⠀⠀⠀⢠⣶⣿⣿⣿⣿⡶⠀⠀⣼⣿⣿⣿⣷⠆
⠀⠀⠀⠀⠀⠀⠀⢐⣾⠈⢰⠒⠲⢄
⠀⠀⢀⡀⠀⠤⠖⠉⠈⠁⠻⠶⢿⠉
⠀⢰⠉⣤⣄⣠⠀⢀⣴⣂⣠⡤⡞
⣔⣱⠊⣵⣻⣹⣀⣏⠉⠉⢽⣰⡁
⠀⠀⠀⠀⠀⠀⠀⠀⠀⠀⠀⠀⢶⣪⠀⠉⢥⡤⠲⠴⣄
⠀⠀⠀⠀⠀⠀⠀⠀⠀⠀⢀⠴⠏⠻⠄⢀⣰⣀⣀⣜⣡⠷
⠀⠀⠀⢀⣀⡀⠠⠤⠒⠞⠁⠀⠀⠀⠀⠀⠐⠻⠿⠻⡄
⠀⠀⢠⠎⢀⣀⡀⠀⢀⡄⠀⠀⢀⣠⡤⠀⢀⣀⣀⣴⠃
⠀⣠⡏⣀⡠⢏⣿⣿⣿⡇⠀⣰⣿⠿⠾⠿⢿⠟⢉⠏
⣼⣁⣸⡅⠀⣟⣉⣻⢨⣃⣀⣻⡀⠀⠀⠀⢾⣀⣛⣤
⠀⠀⠀⠀⠀⠀⠀⠀⠀⠀⠀⠀⠀⠀⠀⢤⡔⣫⠀⠘⢉⣁⡀⠤⣄⣤
⠀⠀⠀⠀⠀⠀⠀⠀⠀⠀⠀⠀⠀⠀⢀⣤⠻⣏⠀⠀⠀⡩⠀⠀⢀⡾⢓⢦
⠀⠀⠀⠀⠀⠀⠀⠀⠀⠀⠀⠀⣀⡴⠛⠃⠀⠈⠃⠐⠲⠷⣶⣶⣯⡶⠛⠋
⠀⠀⠀⠀⢀⣀⠤⠤⠔⠒⠋⠹⠏⠀⠀⠀⠀⠀⠀⠀⠈⠙⠻⠟⠉⢷
⠀⠀⠀⣠⠞⠁⡀⠀⠀⠀⠀⢀⠀⠀⠀⠀⠀⣀⣠⠀⠀⠀⠀⠀⣠⡿
⠀⠀⢠⠟⠀⠀⣿⢿⣶⣦⣴⣿⠀⠀⠀⣴⣿⣿⣥⣤⣶⣾⣷⠟⣻⠃
⠀⡤⠞⣠⠤⠖⢋⣼⣿⣿⠟⣿⠀⠀⣼⠛⠛⠛⠋⠉⢹⡟⠀⣰⠋
⣜⣁⣀⣻⡄⠀⣼⣉⣀⣹⡄⣎⣠⣀⣙⡆⠀⠀⠀⠀⠸⣇⣀⣍⣰⡄
⠀⠀⣤⣤⣿⣿⣭⣿⣇⣀
⠒⠒⣿⡷⠸⠿⠶⢶⣄⣿⡷⠶⠶⠂
⠀⠀⠛⠛⣾⣏⣛⣿⡏⠉
⠀⠀⢀⣀⣀⣀⣸⣿⣿⣛⣛⢻⣿⠇
⣀⣀⣀⣻⣿⣯⠉⣿⣿⣍⣉⣘⣛⠘⢿⣷⣦⣀⣀⣀⣀⡀
⠀⠀⠈⣽⣿⣟⡀⣭⣍⣉⣉⣹⣿⣤⣾⡿⠟⠉⠉⠉⠉
⠀⠀⠀⠉⠉⠉⢱⣿⣧⣭⣭⣽⣿⡇
⠀⠀⠀⠀⠀⠀⠀⠀⢹⣿⣿⡿⠛⠛⢻⣿⣿⠁
⠀⠀⠀⠘⣿⣿⣿⡟⢻⣿⣿⣟⠛⠛⠼⠿⠏⢶⣶⣦⣄⡀
⠲⠶⠲⠶⢿⣿⣿⡇⠀⠿⠿⠿⠶⠶⢶⣶⣆⠀⣹⣿⣿⣿⠶⠿⠿⠷⠶⠂
⠀⠀⠀⢠⣿⣿⣿⣥⢄⣶⣶⢢⣤⣤⣼⣿⣷⠾⠿⠟⠋⠁
⠀⠀⠀⠀⠀⠀⠀⠀⣸⣿⣿⣤⣤⣤⣼⣿⣿⡄
⠀⠀⠀⣨⠟⠉⠉⢩⣭⣉⣱
⠀⢀⡼⠉⢿⡦⠀⠀⢈⡯⠤⠤⠤⣄
⠚⠛⠒⠒⠒⢲⠖⠒⢋⡴⠃⠀⣠⠟
⠀⠀⠀⣠⣴⣋⣀⣀⣉⣀⣠⡴⠋
⠀⠀⠀⠀⠀⠈⣹⠏⠉⠉⠉⠉⣉⣉⠉⠉⢳⡄
⠀⠀⠀⠀⣠⠾⣧⣄⠀⠀⠀⠈⠛⢿⡶⠾⠛⠁
⠀⠀⢀⣼⠃⠀⠐⠿⠿⠆⠀⠀⠀⢀⣿⠒⠒⠒⠒⠒⠲⣄
⠶⠾⠭⠤⠤⠤⠤⠤⠤⣤⡤⠤⠶⠟⣡⡶⠂⠀⠀⠀⣴⡟
⠀⠀⠀⠀⠀⠀⠀⢀⡴⠋⠀⠀⢀⡴⠟⠀⠀⠀⢠⣾⠋
⠀⠀⠀⠀⠠⣤⣶⣯⣥⣤⣤⣤⣤⣤⣤⣤⣤⡴⠟⠁
⠀⠀⠀⠀⠀⠀⠀⠉⣻⠏⠉⠉⠉⠉⠉⠉⣉⠉⠉⠉⠛⣦
⠀⠀⠀⠀⠀⢀⣤⣾⣇⠀⠀⠀⠀⠀⠐⠿⢿⣿⣤⣴⡾⠟
⠀⠀⠀⠀⢰⡿⠁⠈⢹⣿⣶⣤⠀⠀⠀⠀⠀⢹⣷⣤⣤⣤⣤⣤⣤⣤⣀
⢀⣠⣤⠶⠛⠁⠀⠀⠀⠉⠉⠁⠀⠀⠀⢀⣠⣾⠟⣀⣀⠀⠀⠀⠀⠀⣸⣷
⠉⠙⠛⠛⠛⠛⠛⠛⠛⠛⠛⣻⡿⠛⠛⠛⠉⢁⣾⡿⠁⠀⠀⠀⢀⣴⡿⠋
⠀⠀⠀⠀⠀⠀⠀⠀⠀⢀⣼⠋⠀⠀⠀⠀⠴⠟⠋⠀⠀⠀⠀⣠⣿⠟
⠀⠀⠀⠀⠀⠀⠴⣶⣾⣯⣤⣤⣤⣤⣤⣤⣤⣤⣤⣤⣤⣴⠾⠟⠁
⠀⠀⠀⠐⣻⣿⣏⣹⣿⣯⠄
⠀⠀⠀⠀⣻⣿⣿⠭⠛⠛
⠀⠀⠀⠀⠀⠈⠉⠁
⠀⠀⠀⠀⠀⠀⢾⣿⣿⣿⣉⣉⣛⣛⣛⣃
⠀⠀⠀⠀⠀⠀⠒⠒⠒⠒⠒⠒⠛⠛⠛⠛
⠀⠀⠀⠀⠀⠀⠉⣿⣿⣿⣯⣭⣭⠉⠉⠉
⠀⠀⠀⠀⠀⠀⠉⠛⠛⠻⠷⠄
⠀⠀⠀⠀⠀⠀⠀⢰⣶⣿⣿⣿⡟⠛⠛⠻⠿⠿⠿⠿
⠀⠀⠀⠀⠀⠀⠀⢀⣉⣉⣉⣉⣉⣉⣉⣻⣿⣿⣿⣿⡆
⠀⠀⠀⠀⠀⠀⠀⢀⣭⣭⣭⣭⣭⣭⣭⣭⣭⣭⣭⣭⡄
⠀⠀⠀⠀⠀⠀⠀⠀⠉⣿⣿⣿⣿⣯⣉⣉⣉⠉⠉⠉⠁
⠀⠀⠀⠀⠀⠀⠀⠐⠿⠿⣿⣿⣿⣏⣀
⠀⠀⠀⠀⠀⠀⠀⠀⠀⠀⠀⠀⠉⠉⠉
⢠⣔⠲⠌⠛⠁⠛⠁⠻⠂⡤⢄⡀
⠀⠀⢀⡴⠟⠛⠛⠻⢷⡢⡄⠉⠽⢦
⠀⠰⢫⠭⠟⠋⠀⠀⠀⣽⠘⡀⢬⡽
⠀⢠⡯⠤⠴⠒⠚⠀⠒⠚⠓⠊⠉
⠀⣀⠠⢴⣶⠀⠻⢿⠁⠙⠿⠋⠐⣷⠶⠂⣤⣀
⠈⠙⠓⠀⠈⢀⣀⣤⣤⣤⣤⣤⣄⣀⡀⠘⠉⢩⡾⠶⢄
⠀⠀⠀⠀⣠⠾⠛⠋⠉⠉⠉⠙⠓⠲⣍⠳⣄⠀⠐⠒⠛⣇
⠀⠀⢠⡞⣋⣉⣩⠽⠟⠀⠀⠀⠀⠀⢘⣷⢸⠀⢀⣉⣛⡛
⠀⠀⠉⣰⡟⠀⠀⠀⠀⢀⣠⠀⣀⣈⡙⢧⣄⠐⠦⣬⠝⠁
⠀⠀⣰⡿⠴⠶⠒⠚⠋⠉⠁⠀⠈⠉⠉⠉⠉⠙⠂
⠀⠀⠀⣀⣤⣴⡄⠒⢾⣿⠇⠈⢻⣿⠟⠁⢲⣶⣦⠄⢀⣀
⠰⠾⣷⡄⠉⠙⠃⠀⠀⠈⠀⠀⠀⠁⠀⠀⠘⠉⠀⠠⠿⠟⠛⣢⣄⡀
⠀⠀⠀⠈⠀⠀⠠⣴⣶⣾⣿⣿⣿⣿⣛⣓⠲⠦⣄⡀⠀⠀⠚⠛⠛⣛⣤
⠀⠀⠀⠀⠀⣠⡾⠛⠉⠁⠀⠀⠀⠀⠀⠉⠙⠳⣦⡙⢷⡀⠀⠐⠛⠛⢛⣃
⠀⠀⠀⢠⡾⠛⠒⢛⣛⣻⡶⠖⠀⠀⠀⠀⠀⠀⠘⣿⠀⣷⠀⠀⠘⠛⠛⠿
⠀⠀⠰⠛⢀⣿⠏⠉⠉⠀⠀⠀⠀⠀⠀⠀⠀⠲⢾⣟⠀⠁⣀⡈⠛⠻⡿⠃
⠀⠀⠀⢀⣾⠏⠀⠀⠀⢀⣀⣀⣤⡾⠀⠢⣤⣤⣤⣭⣿⣦⣈⠙⠻⠋
⠀⠀⢀⡾⠿⠶⠒⠛⠋⠉⠉⠁⠀⠀⠀⠀⠀⠀⠀⠀⠀⠀⠉⠁
⠀⠀⠀⠀⣤⣾⡟⠛⠛⠛⠛⢾⣿⣿
⣤⣶⡿⠛⣿⣿⡟⢻⣿⣿⠀⠈⠉⠁
⠛⢿⣧⣤⣿⣿⣧⣤⣤⣀
⠀⠀⠀⠀⠻⢿⣧⣼⣿⣿⣤⣾⠿⠛
⣿⣿⣷⣤⣤⣤⣤⣼⡿⠟
⠀⠀⠀⠀⠀⠀⢀⣤⣶⣿⠿⠿⠿⠿⠿⠿⠿⠶⣿⣿⣿⡇
⠀⢀⣠⣤⣤⣤⣿⣿⣿⣿⣤⣤⣤⣤⣤⣤⠀⠐⠛⠛⠛⠃
⢸⣿⣿⣿⠉⠉⣿⣿⣿⣿⠉⠉⠿⠿⠿⠿
⠘⠿⣿⣿⣦⣤⣿⣿⣿⣿⣤⣤⣤⣤⣀
⠀⠀⠀⠉⠉⠉⢿⣿⣿⣿⣉⣉⣿⣿⣿⣷⣀⣀⣿⣿⣿⡇
⢀⣤⣤⣤⠀⠀⠀⠈⠙⠛⠛⠛⣿⣿⣿⣿⠛⠛⠛⠋⠁
⢸⣿⣿⣿⠶⣶⣶⣶⣶⣶⣶⣶⣿⠿⠛⠉
⠀⠀⠀⠀⠀⠀⠀⠀⠀⣀⣴⣾⣿⣿⣿⣿⣿⣿⣿⣿⣿⣷⣦⣿⣿⣿⣿⡆
⠀⠀⠀⠀⠀⠀⠀⠀⣿⣿⣿⣿⡇⠀⠀⠀⠀⠀⠀⠀⠀⠀⢸⣿⣿⣿⣿⡇
⢀⣤⣶⣿⣿⡿⠿⠿⣿⣿⣿⣿⡿⠿⠿⢾⣿⣿⣿⣿
⢸⣿⣿⣿⣿⡇⠀⠀⣿⣿⣿⣿⡇⠀⠀⠘⠛⠛⠛⠛
⠘⠻⢿⣿⣿⣧⣤⣤⣿⣿⣿⣿⣧⣤⣤⣤⣤⣄⡀
⠀⠀⠀⠈⠉⠉⠉⠉⣿⣿⣿⣿⡏⠉⠉⢹⣿⣿⣿⣷⠀⠀⢰⣶⣶⣶⣶⡆
⠀⠀⠀⠀⠀⠀⠀⠀⠙⠻⢿⣿⣷⣶⣶⣾⣿⣿⣿⣿⣶⣶⣾⣿⣿⠿⠛⠁
⢰⣶⣶⣶⣶⡆⠀⠀⠀⠀⠀⠀⠀⠀⠀⢸⣿⣿⣿⣿
⠸⣿⣿⣿⣿⠿⢿⣿⣿⣿⣿⣿⣿⣿⣿⣿⡿⠟⠋⠁
⡔⣤⣶⠶⠶⠶⢶⣦⠐⢄⣀⠀⢀⠄
⠓⢙⣛⠶⣿⣧⣈⡁⠀⣿⣿⢰⠁
⡇⢶⣶⣠⣿⣯⣹⣿⠀⣿⣿⢸
⠀⠀⠀⠌⠻⠿⠶⠶⠶⠿⠟⠜
⣠⠒⣩⣭⣭⣭⣭⣭⣭⣭⣭⣭⡑⢢⡀
⣇⠸⣿⣿⣇⣀⣶⣶⣶⠀⡿⠿⠛⠀⢰⣶⣶⡆⢠⠜⠉⠁
⠈⡓⠨⣍⣛⠻⣿⣿⣿⣦⣤⣀⡀⠀⢸⣿⣿⡇⢸
⡏⢰⣶⣶⡆⠀⣿⣿⣿⠉⣿⣿⣿⠀⢸⣿⣿⡇⢸
⠙⠤⣙⡛⠿⠿⣿⣿⣿⠿⠿⠛⠋⠀⣸⣿⣿⡇⢸
⠀⠀⠀⠀⠈⠣⢍⣛⣛⣛⣛⣛⣛⣛⣛⣛⣋⠥⠋
⢀⡴⠒⣋⣭⣭⣭⣭⣭⣭⣭⣭⣭⣭⣍⡓⠢⣄
⣿⠀⣾⣿⣿⣿⠛⣛⣛⣛⣛⡛⠛⣿⣿⣿⡆⠘⢓⣒⣒⣒⡒⠒⢒⡲⠖⠂
⢻⡀⠻⢿⣿⣿⣦⣼⣿⣿⣿⡇⠀⠛⠉⠉⠀⠀⢸⣿⣿⣿⠀⢸⠁
⣀⣈⣓⣲⣬⣍⡛⢻⣿⣿⣿⣷⣶⣤⣄⣀⠀⠀⢸⣿⣿⣿⠀⢸
⣿⠀⣤⣤⣤⣤⠀⢸⣿⣿⣿⡏⠙⣿⣿⣿⡇⠀⢸⣿⣿⣿⠀⢸
⢿⡀⠻⣿⣿⣿⣶⣾⣿⣿⣿⣷⣶⣿⣿⣿⠃⠀⢸⣿⣿⣿⠀⢸
⠀⠉⠒⠦⠭⠭⡍⠹⣿⣿⣿⣯⣭⣭⣥⣤⣤⣤⣼⣿⣿⣿⠀⣸
⠀⠀⠀⠀⠀⠀⠙⠲⢬⣙⣛⣛⣛⣛⣛⣛⣛⣛⣛⣛⣋⠥⠞⠁
⠀⠀⠀⠀⠀⠀⣠⣴⣶⣶⣤⣄
⠀⠀⠿⠿⠷⣾⣿⣿⡿⢯⣭⣭⠃
⠀⠀⠀⠀⠀⣋⣿⣿⡧⠤⢍⣀⡀
⠀⠀⠀⠀⠀⠀⠀⠉⠛⠒
⠀⠀⠀⠀⠀⠀⠀⠀⠀⠀⢀⣠⣤⣤⣤⣤⣄⣀
⠀⠀⢀⣠⣤⣤⣄⣀⣠⣾⣿⣿⣿⣿⡿⢿⣿⣿⣷⡄
⠀⠀⠀⠒⠛⠛⠛⢻⣽⣿⣿⣯⣭⡟⠻⣷⣶⣶⡤⠄
⠀⠀⠀⠀⠀⠀⠀⠰⠟⢻⣿⣿⣿⣇⣀⣈⠉⠁
⠀⠀⠀⠀⠀⠀⠀⠈⠒⠚⠛⠿⣿⣯⡉⢉⠉⠙⠛⠋
⠀⠀⠀⠀⠀⠀⠀⠀⠀⠀⠀⠀⠈⠙⠋⠁
⠀⠀⠀⠀⠀⠀⠀⠀⠀⠀⠀⠀⠀⠀⣀⣀⣤⣤⣤⣤⣀⣀
⠀⠀⠀⠀⢀⣀⣀⣀⡀⠀⠀⣠⣾⣿⣿⣿⣿⣿⣿⣿⣿⣿⣿⣶⡄
⠀⠀⠀⢚⣩⡭⠿⠿⠿⠿⢿⣿⣿⣿⣿⡟⢿⡿⣭⣭⣭⣍⣉⣙⠛
⠀⠀⠀⠀⠀⠀⠀⠀⠀⠈⣿⣿⣿⣿⣿⣿⣿⡇⠈⠛⢿⡿⠟⠋⠁
⠀⠀⠀⠀⠀⠀⠀⠀⠀⢈⡃⠈⣻⣿⣿⣿⣿⠶⠶⢤⣤⣄⣀⣀⣀⡤
⠀⠀⠀⠀⠀⠀⠀⠀⠀⠀⠉⠉⠉⠉⠻⢿⣿⣶⣄⣀⠀⠀⠀⠉
⠀⠀⠀⠀⠀⠀⠀⠀⠀⠀⠀⠀⠀⠀⠀⠀⠈⠉⠉
⠀⠀⠀⢀⡾⣉⢿⡯⢍⣹⣿⣦
⠀⠀⠀⠀⡟⠑⠄⢁⠴⠧⠹⢳
⠀⢤⡤⣤⢽⢶⡦⣤⡄⢤⢶⡥⠤⣤
⠀⢸⣓⣏⣟⣼⣱⣿⣰⣘⣼⣡⣇⣿
⠀⠀⠀⠀⠀⠀⢰⣖⠋⢩⣿⣍⣉⠉⢙⣛⣿⣲⠆
⠀⠀⠀⠀⠀⠘⢻⡴⢞⠀⢙⠏⠉⠐⡾⠋⡷⣬⠛
⠀⠀⠀⠀⠀⠀⣾⠁⠈⠒⠄⠤⡐⠚⠻⠆⠘⠉⣷
⠀⣀⣀⣀⣀⣀⣈⣛⣦⣤⣀⣈⠀⢒⣂⣩⣴⣚⣁⣀⣀⣀
⠀⠀⢨⣟⡀⠶⣤⡟⢀⡿⠀⠶⡿⢁⡀⡿⢠⡿⢁⡖⢠⣿
⠀⠀⢾⣍⣙⣃⣼⣃⣸⣃⣘⣻⣇⣼⣇⣁⣼⣁⣬⣅⣸⡇
⠀⠀⠀⠀⠀⠀⠀⠀⢠⣶⠚⠋⢛⣒⣛⠛⠉⠙⠛⠛⢿⡓⣦⡄
⠀⠀⠀⠀⠀⠀⠀⢴⣞⢋⣠⠆⠹⢿⡿⠟⠃⣤⣜⡿⢿⣇⢛⣦⠄
⠀⠀⠀⠀⠀⠀⠀⠀⣹⡟⠡⡄⠀⠔⠃⠀⢀⣠⣏⡀⠺⢹⢿⡅
⠀⠀⠀⠀⠀⠀⠀⠰⣿⠀⠀⠈⠓⠂⠤⠬⠉⠓⠋⠟⡐⠁⢀⣿
⠀⠀⠀⠀⠀⠀⠀⠀⠙⠻⢦⣄⣀⠀⠒⠁⠤⠔⠒⢈⣡⡴⠚⠁
⠀⠉⠙⢻⣿⠉⢩⡍⠉⣿⠉⢩⡟⠉⣩⣷⡖⠚⠉⣿⠏⢩⣿⠋⢉⠉⢹⣿
⠀⠀⠀⣼⣷⣤⣈⠛⢻⡇⠀⣼⠁⢀⣭⣿⠁⣸⠀⠻⠀⣾⠏⠀⡿⠀⢸⡏
⠀⠀⠀⢿⣤⣈⣁⣤⣿⣀⣰⣏⣀⣈⣹⣏⣠⣿⣄⣀⣰⣏⣀⣶⣦⣀⣼⡇
⢀⣤⡶⠒⠛⠿⠉⠉⠉⠭⠅⠒⠤⡀
⣿⢸⠌⣠⠀⠀⠀⢒⡶⠶⢶⡿⠴⠋
⠈⠳⠷⠿⣽⡗⠒⠭⠞⠓⠚⠟
⠀⢀⣠⢄⡤⠖⠒⠼⢿⠉⠉⠉⠉⠉⣩⣁⡐⠂⠤⢀
⣴⠏⣴⠋⢄⠀⠀⠀⠀⠀⠀⠀⠠⠤⠤⠤⠤⢤⠤⠀⣸⠖
⠻⣆⠻⣔⢀⣶⣄⣀⣀⠀⠀⢠⡶⢎⡉⠉⢉⡗⡙⠋
⠀⠈⠙⠪⠗⠿⠦⣾⡉⠉⠑⠒⠬⠭⠍⠉⠉⠠⠃
⠀⠀⠀⣀⠤⣀⡤⠔⠲⣐⣿⡭⠉⠉⠉⠉⠉⠉⣉⡁⠒⠂⠤⢄⡀
⢀⣴⠋⣡⠚⡁⠀⠀⠀⠀⠀⠁⠀⠀⠀⠀⠀⠀⠉⠉⠉⠀⠀⠀⠀⠁⣦⡤
⣿⡇⠰⡇⢒⠑⠂⣠⠀⠀⠀⠀⠀⠀⠈⠉⣉⡩⠭⠭⠭⢭⢉⣭⣡⠔⠋⠁
⠘⠳⣄⡙⢄⡀⢾⡿⠦⠤⣤⣄⣀⠀⠰⢟⣑⣦⣄⣀⣀⡼⡅⡄
⠀⠀⠀⠉⠒⠩⠛⠳⠦⢿⡇⠀⠈⠉⠙⠒⠲⠤⠤⠀⠀⠀⠐⠁
⠿⠛⠉⠀⣀⣀⣀⣀⣀⣀⡀⠈⠙⠻
⠀⠀⠀⠊⠈⣹⡋⠉⠉⠙⣛⢲⣶⣶
⠀⠀⠐⣀⣀⣉⣀⣀⣀⣀⣀⠙⠿⠿
⣶⣤⣀⠈⠉⠉⠉⠉⠉⠉⠁⢀⣠⣴
⣿⣿⠿⠛⠉⠀⠀⠀⠀⠀⠀⠀⠀⠀⠀⠀⠀⠈⠙⠻⢿⣿
⠉⠀⠀⠀⢀⣲⠒⠲⣶⡶⡶⠶⠶⠖⣶⣶⣶⣀⣀⣀⣀⣈
⠀⠀⡈⠀⠀⠁⠆⠡⣸⣏⠁⠀⠀⠀⠀⣈⣉⣉⣹⣿⣿⣿
⠀⠀⠀⠀⣤⠀⠀⠈⠉⠁⠀⠀⠀⠀⠀⠀⠐⠒⠶⢿⣿⣿
⣀⠀⠀⠀⠀⠿⠷⠷⠿⠿⠷⠶⠿⠿⠿⠿⠿⠉⠉⠉⠉⢉
⣿⣿⣶⣤⣀⠀⠀⠀⠀⠀⠀⠀⠀⠀⠀⠀⠀⢀⣠⣴⣾⣿wrote packages/core/src/art/ncaaw/sou.xs.txt
wrote packages/core/src/art/ncaaw/sou.sm.txt
wrote packages/core/src/art/ncaaw/sou.md.txt
--- ncaaw/USM xs: 2 rows x 14 cells ---
--- ncaaw/USM sm: 3 rows x 22 cells ---
--- ncaaw/USM md: 4 rows x 28 cells ---
wrote packages/core/src/art/ncaaw/usm.xs.txt
wrote packages/core/src/art/ncaaw/usm.sm.txt
wrote packages/core/src/art/ncaaw/usm.md.txt
--- ncaaw/SUU xs: 2 rows x 13 cells ---
--- ncaaw/SUU sm: 4 rows x 21 cells ---
--- ncaaw/SUU md: 5 rows x 28 cells ---
wrote packages/core/src/art/ncaaw/suu.xs.txt
wrote packages/core/src/art/ncaaw/suu.sm.txt
wrote packages/core/src/art/ncaaw/suu.md.txt
--- ncaaw/SBU xs: 4 rows x 14 cells ---
--- ncaaw/SBU sm: 6 rows x 22 cells ---
--- ncaaw/SBU md: 7 rows x 28 cells ---
wrote packages/core/src/art/ncaaw/sbu.xs.txt
wrote packages/core/src/art/ncaaw/sbu.sm.txt
wrote packages/core/src/art/ncaaw/sbu.md.txt
--- ncaaw/SJU xs: 5 rows x 14 cells ---
--- ncaaw/SJU sm: 8 rows x 22 cells ---
--- ncaaw/SJU md: 10 rows x 28 cells ---
wrote packages/core/src/art/ncaaw/sju.xs.txt
wrote packages/core/src/art/ncaaw/sju.sm.txt
wrote packages/core/src/art/ncaaw/sju.md.txt
--- ncaaw/STMN xs: 4 rows x 14 cells ---
--- ncaaw/STMN sm: 6 rows x 22 cells ---
--- ncaaw/STMN md: 8 rows x 28 cells ---
wrote packages/core/src/art/ncaaw/stmn.xs.txt
wrote packages/core/src/art/ncaaw/stmn.sm.txt
wrote packages/core/src/art/ncaaw/stmn.md.txt
--- ncaaw/STAN xs: 6 rows x 14 cells ---
--- ncaaw/STAN sm: 9 rows x 22 cells ---
--- ncaaw/STAN md: 11 rows x 28 cells ---
wrote packages/core/src/art/ncaaw/stan.xs.txt
wrote packages/core/src/art/ncaaw/stan.sm.txt
wrote packages/core/src/art/ncaaw/stan.md.txt
--- ncaaw/SFA xs: 4 rows x 14 cells ---
--- ncaaw/SFA sm: 5 rows x 22 cells ---
--- ncaaw/SFA md: 7 rows x 28 cells ---
wrote packages/core/src/art/ncaaw/sfa.xs.txt
wrote packages/core/src/art/ncaaw/sfa.sm.txt
wrote packages/core/src/art/ncaaw/sfa.md.txt
--- ncaaw/STET xs: 4 rows x 14 cells ---
--- ncaaw/STET sm: 6 rows x 22 cells ---
--- ncaaw/STET md: 8 rows x 27 cells ---
wrote packages/core/src/art/ncaaw/stet.xs.txt
wrote packages/core/src/art/ncaaw/stet.sm.txt
wrote packages/core/src/art/ncaaw/stet.md.txt
--- ncaaw/STO xs: 3 rows x 14 cells ---
--- ncaaw/STO sm: 4 rows x 22 cells ---
--- ncaaw/STO md: 5 rows x 28 cells ---
wrote packages/core/src/art/ncaaw/sto.xs.txt
wrote packages/core/src/art/ncaaw/sto.sm.txt
wrote packages/core/src/art/ncaaw/sto.md.txt
--- ncaaw/STBK xs: 3 rows x 14 cells ---
--- ncaaw/STBK sm: 4 rows x 22 cells ---
--- ncaaw/STBK md: 5 rows x 28 cells ---
wrote packages/core/src/art/ncaaw/stbk.xs.txt
wrote packages/core/src/art/ncaaw/stbk.sm.txt
wrote packages/core/src/art/ncaaw/stbk.md.txt
--- ncaaw/SYR xs: 5 rows x 14 cells ---
--- ncaaw/SYR sm: 8 rows x 22 cells ---
--- ncaaw/SYR md: 10 rows x 28 cells ---
wrote packages/core/src/art/ncaaw/syr.xs.txt
wrote packages/core/src/art/ncaaw/syr.sm.txt
wrote packages/core/src/art/ncaaw/syr.md.txt
--- ncaaw/TCU xs: 2 rows x 14 cells ---
--- ncaaw/TCU sm: 3 rows x 22 cells ---
--- ncaaw/TCU md: 4 rows x 28 cells ---
wrote packages/core/src/art/ncaaw/tcu.xs.txt
wrote packages/core/src/art/ncaaw/tcu.sm.txt
wrote packages/core/src/art/ncaaw/tcu.md.txt
--- ncaaw/TAR xs: 4 rows x 13 cells ---
--- ncaaw/TAR sm: 5 rows x 21 cells ---
--- ncaaw/TAR md: 7 rows x 27 cells ---
wrote packages/core/src/art/ncaaw/tar.xs.txt
wrote packages/core/src/art/ncaaw/tar.sm.txt
wrote packages/core/src/art/ncaaw/tar.md.txt
--- ncaaw/TEM xs: 5 rows x 14 cells ---
--- ncaaw/TEM sm: 7 rows x 22 cells ---
--- ncaaw/TEM md: 9 rows x 28 cells ---
wrote packages/core/src/art/ncaaw/tem.xs.txt
wrote packages/core/src/art/ncaaw/tem.sm.txt
wrote packages/core/src/art/ncaaw/tem.md.txt
--- ncaaw/TENN xs: 4 rows x 14 cells ---
--- ncaaw/TENN sm: 6 rows x 22 cells ---
--- ncaaw/TENN md: 7 rows x 28 cells ---
wrote packages/core/src/art/ncaaw/tenn.xs.txt
wrote packages/core/src/art/ncaaw/tenn.sm.txt
wrote packages/core/src/art/ncaaw/tenn.md.txt
--- ncaaw/TNST xs: 3 rows x 14 cells ---
--- ncaaw/TNST sm: 5 rows x 22 cells ---
--- ncaaw/TNST md: 7 rows x 28 cells ---
wrote packages/core/src/art/ncaaw/tnst.xs.txt
wrote packages/core/src/art/ncaaw/tnst.sm.txt
wrote packages/core/src/art/ncaaw/tnst.md.txt
--- ncaaw/TNTC xs: 3 rows x 14 cells ---
--- ncaaw/TNTC sm: 5 rows x 22 cells ---
--- ncaaw/TNTC md: 6 rows x 28 cells ---
wrote packages/core/src/art/ncaaw/tntc.xs.txt
wrote packages/core/src/art/ncaaw/tntc.sm.txt
wrote packages/core/src/art/ncaaw/tntc.md.txt
--- ncaaw/TA&M xs: 3 rows x 14 cells ---
--- ncaaw/TA&M sm: 5 rows x 22 cells ---
--- ncaaw/TA&M md: 6 rows x 28 cells ---
wrote packages/core/src/art/ncaaw/ta&m.xs.txt
wrote packages/core/src/art/ncaaw/ta&m.sm.txt
wrote packages/core/src/art/ncaaw/ta&m.md.txt
--- ncaaw/AMCC xs: 7 rows x 14 cells ---
--- ncaaw/AMCC sm: 10 rows x 22 cells ---
--- ncaaw/AMCC md: 13 rows x 28 cells ---
wrote packages/core/src/art/ncaaw/amcc.xs.txt
wrote packages/core/src/art/ncaaw/amcc.sm.txt
wrote packages/core/src/art/ncaaw/amcc.md.txt
--- ncaaw/TEX xs: 2 rows x 13 cells ---
--- ncaaw/TEX sm: 3 rows x 22 cells ---
--- ncaaw/TEX md: 4 rows x 28 cells ---
wrote packages/core/src/art/ncaaw/tex.xs.txt
wrote packages/core/src/art/ncaaw/tex.sm.txt
wrote packages/core/src/art/ncaaw/tex.md.txt
--- ncaaw/TXSO xs: 4 rows x 14 cells ---
--- ncaaw/TXSO sm: 5 rows x 22 cells ---
--- ncaaw/TXSO md: 7 rows x 28 cells ---
wrote packages/core/src/art/ncaaw/txso.xs.txt
wrote packages/core/src/art/ncaaw/txso.sm.txt
wrote packages/core/src/art/ncaaw/txso.md.txt
--- ncaaw/TXST xs: 4 rows x 14 cells ---
--- ncaaw/TXST sm: 7 rows x 22 cells ---
--- ncaaw/TXST md: 8 rows x 28 cells ---
wrote packages/core/src/art/ncaaw/txst.xs.txt
wrote packages/core/src/art/ncaaw/txst.sm.txt
wrote packages/core/src/art/ncaaw/txst.md.txt
--- ncaaw/TTU xs: 4 rows x 14 cells ---
--- ncaaw/TTU sm: 6 rows x 22 cells ---
--- ncaaw/TTU md: 8 rows x 28 cells ---
wrote packages/core/src/art/ncaaw/ttu.xs.txt
wrote packages/core/src/art/ncaaw/ttu.sm.txt
wrote packages/core/src/art/ncaaw/ttu.md.txt
--- ncaaw/TOL xs: 2 rows x 14 cells ---
--- ncaaw/TOL sm: 3 rows x 22 cells ---
--- ncaaw/TOL md: 4 rows x 28 cells ---
wrote packages/core/src/art/ncaaw/tol.xs.txt
wrote packages/core/src/art/ncaaw/tol.sm.txt
wrote packages/core/src/art/ncaaw/tol.md.txt
--- ncaaw/TOW xs: 2 rows x 14 cells ---
--- ncaaw/TOW sm: 3 rows x 22 cells ---
--- ncaaw/TOW md: 4 rows x 28 cells ---
wrote packages/core/src/art/ncaaw/tow.xs.txt
wrote packages/core/src/art/ncaaw/tow.sm.txt
wrote packages/core/src/art/ncaaw/tow.md.txt
--- ncaaw/TROY xs: 4 rows x 14 cells ---
--- ncaaw/TROY sm: 6 rows x 22 cells ---
--- ncaaw/TROY md: 8 rows x 28 cells ---
wrote packages/core/src/art/ncaaw/troy.xs.txt
wrote packages/core/src/art/ncaaw/troy.sm.txt
wrote packages/core/src/art/ncaaw/troy.md.txt
--- ncaaw/TULN xs: 3 rows x 14 cells ---
--- ncaaw/TULN sm: 4 rows x 22 cells ---
--- ncaaw/TULN md: 5 rows x 28 cells ---
wrote packages/core/src/art/ncaaw/tuln.xs.txt
wrote packages/core/src/art/ncaaw/tuln.sm.txt
wrote packages/core/src/art/ncaaw/tuln.md.txt
--- ncaaw/TLSA xs: 3 rows x 14 cells ---
--- ncaaw/TLSA sm: 5 rows x 22 cells ---
--- ncaaw/TLSA md: 6 rows x 28 cells ---
wrote packages/core/src/art/ncaaw/tlsa.xs.txt
wrote packages/core/src/art/ncaaw/tlsa.sm.txt
wrote packages/core/src/art/ncaaw/tlsa.md.txt
--- ncaaw/UAB xs: 3 rows x 14 cells ---
--- ncaaw/UAB sm: 5 rows x 22 cells ---
--- ncaaw/UAB md: 6 rows x 28 cells ---
wrote packages/core/src/art/ncaaw/uab.xs.txt
wrote packages/core/src/art/ncaaw/uab.sm.txt
wrote packages/core/src/art/ncaaw/uab.md.txt
--- ncaaw/UALB xs: 7 rows x 14 cells ---
--- ncaaw/UALB sm: 11 rows x 22 cells ---
--- ncaaw/UALB md: 14 rows x 28 cells ---
wrote packages/core/src/art/ncaaw/ualb.xs.txt
wrote packages/core/src/art/ncaaw/ualb.sm.txt
wrote packages/core/src/art/ncaaw/ualb.md.txt
--- ncaaw/UCD xs: 3 rows x 14 cells ---
--- ncaaw/UCD sm: 4 rows x 22 cells ---
--- ncaaw/UCD md: 5 rows x 28 cells ---
wrote packages/core/src/art/ncaaw/ucd.xs.txt
wrote packages/core/src/art/ncaaw/ucd.sm.txt
wrote packages/core/src/art/ncaaw/ucd.md.txt
--- ncaaw/UCI xs: 4 rows x 14 cells ---
--- ncaaw/UCI sm: 6 rows x 21 cells ---
--- ncaaw/UCI md: 8 rows x 27 cells ---
wrote packages/core/src/art/ncaaw/uci.xs.txt
wrote packages/core/src/art/ncaaw/uci.sm.txt
wrote packages/core/src/art/ncaaw/uci.md.txt
--- ncaaw/UCR xs: 4 rows x 14 cells ---
--- ncaaw/UCR sm: 6 rows x 21 cells ---
--- ncaaw/UCR md: 7 rows x 27 cells ---
wrote packages/core/src/art/ncaaw/ucr.xs.txt
wrote packages/core/src/art/ncaaw/ucr.sm.txt
wrote packages/core/src/art/ncaaw/ucr.md.txt
--- ncaaw/UCSD xs: 4 rows x 14 cells ---
--- ncaaw/UCSD sm: 6 rows x 22 cells ---
--- ncaaw/UCSD md: 7 rows x 27 cells ---
wrote packages/core/src/art/ncaaw/ucsd.xs.txt
wrote packages/core/src/art/ncaaw/ucsd.sm.txt
wrote packages/core/src/art/ncaaw/ucsd.md.txt
--- ncaaw/UCSB xs: 3 rows x 14 cells ---
--- ncaaw/UCSB sm: 4 rows x 22 cells ---
--- ncaaw/UCSB md: 5 rows x 28 cells ---
wrote packages/core/src/art/ncaaw/ucsb.xs.txt
wrote packages/core/src/art/ncaaw/ucsb.sm.txt
wrote packages/core/src/art/ncaaw/ucsb.md.txt
--- ncaaw/UCF xs: 3 rows x 14 cells ---
--- ncaaw/UCF sm: 5 rows x 22 cells ---
--- ncaaw/UCF md: 6 rows x 28 cells ---
wrote packages/core/src/art/ncaaw/ucf.xs.txt
wrote packages/core/src/art/ncaaw/ucf.sm.txt
wrote packages/core/src/art/ncaaw/ucf.md.txt
--- ncaaw/UCLA xs: 2 rows x 14 cells ---
--- ncaaw/UCLA sm: 3 rows x 22 cells ---
--- ncaaw/UCLA md: 4 rows x 28 cells ---
wrote packages/core/src/art/ncaaw/ucla.xs.txt
wrote packages/core/src/art/ncaaw/ucla.sm.txt
wrote packages/core/src/art/ncaaw/ucla.md.txt
--- ncaaw/CONN xs: 5 rows x 14 cells ---
--- ncaaw/CONN sm: 7 rows x 22 cells ---
--- ncaaw/CONN md: 9 rows x 28 cells ---
wrote packages/core/src/art/ncaaw/conn.xs.txt
wrote packages/core/src/art/ncaaw/conn.sm.txt
wrote packages/core/src/art/ncaaw/conn.md.txt
--- ncaaw/UIC xs: 2 rows x 14 cells ---
--- ncaaw/UIC sm: 2 rows x 22 cells ---
--- ncaaw/UIC md: 3 rows x 28 cells ---
wrote packages/core/src/art/ncaaw/uic.xs.txt
wrote packages/core/src/art/ncaaw/uic.sm.txt
wrote packages/core/src/art/ncaaw/uic.md.txt
--- ncaaw/ULM xs: 3 rows x 14 cells ---
--- ncaaw/ULM sm: 4 rows x 22 cells ---
--- ncaaw/ULM md: 5 rows x 28 cells ---
wrote packages/core/src/art/ncaaw/ulm.xs.txt
wrote packages/core/src/art/ncaaw/ulm.sm.txt
wrote packages/core/src/art/ncaaw/ulm.md.txt
--- ncaaw/UMBC xs: 4 rows x 14 cells ---
--- ncaaw/UMBC sm: 5 rows x 22 cells ---
--- ncaaw/UMBC md: 7 rows x 28 cells ---
wrote packages/core/src/art/ncaaw/umbc.xs.txt
wrote packages/core/src/art/ncaaw/umbc.sm.txt
wrote packages/core/src/art/ncaaw/umbc.md.txt
--- ncaaw/UML xs: 2 rows x 14 cells ---
--- ncaaw/UML sm: 3 rows x 22 cells ---
--- ncaaw/UML md: 3 rows x 28 cells ---
wrote packages/core/src/art/ncaaw/uml.xs.txt
wrote packages/core/src/art/ncaaw/uml.sm.txt
wrote packages/core/src/art/ncaaw/uml.md.txt
--- ncaaw/UNCA xs: 4 rows x 14 cells ---
--- ncaaw/UNCA sm: 6 rows x 22 cells ---
--- ncaaw/UNCA md: 7 rows x 28 cells ---
wrote packages/core/src/art/ncaaw/unca.xs.txt
wrote packages/core/src/art/ncaaw/unca.sm.txt
wrote packages/core/src/art/ncaaw/unca.md.txt
--- ncaaw/UNCG xs: 3 rows x 14 cells ---
--- ncaaw/UNCG sm: 4 rows x 22 cells ---
--- ncaaw/UNCG md: 6 rows x 28 cells ---
wrote packages/core/src/art/ncaaw/uncg.xs.txt
wrote packages/core/src/art/ncaaw/uncg.sm.txt
wrote packages/core/src/art/ncaaw/uncg.md.txt
--- ncaaw/UNCW xs: 4 rows x 14 cells ---
--- ncaaw/UNCW sm: 6 rows x 22 cells ---
--- ncaaw/UNCW md: 7 rows x 28 cells ---
wrote packages/core/src/art/ncaaw/uncw.xs.txt
wrote packages/core/src/art/ncaaw/uncw.sm.txt
wrote packages/core/src/art/ncaaw/uncw.md.txt
--- ncaaw/UNLV xs: 2 rows x 14 cells ---
--- ncaaw/UNLV sm: 3 rows x 22 cells ---
--- ncaaw/UNLV md: 4 rows x 28 cells ---
wrote packages/core/src/art/ncaaw/unlv.xs.txt
wrote packages/core/src/art/ncaaw/unlv.sm.txt
wrote packages/core/src/art/ncaaw/unlv.md.txt
--- ncaaw/USC xs: 5 rows x 14 cells ---
--- ncaaw/USC sm: 8 rows x 22 cells ---
--- ncaaw/USC md: 11 rows x 28 cells ---
wrote packages/core/src/art/ncaaw/usc.xs.txt
wrote packages/core/src/art/ncaaw/usc.sm.txt
wrote packages/core/src/art/ncaaw/usc.md.txt
--- ncaaw/UTA xs: 3 rows x 9 cells ---
--- ncaaw/UTA sm: 4 rows x 22 cells ---
--- ncaaw/UTA md: 6 rows x 28 cells ---
wrote packages/core/src/art/ncaaw/uta.xs.txt
wrote packages/core/src/art/ncaaw/uta.sm.txt
wrote packages/core/src/art/ncaaw/uta.md.txt
--- ncaaw/UTM xs: 3 rows x 14 cells ---
--- ncaaw/UTM sm: 5 rows x 22 cells ---
--- ncaaw/UTM md: 6 rows x 28 cells ---
wrote packages/core/src/art/ncaaw/utm.xs.txt
wrote packages/core/src/art/ncaaw/utm.sm.txt
wrote packages/core/src/art/ncaaw/utm.md.txt
--- ncaaw/RGV xs: 3 rows x 14 cells ---
--- ncaaw/RGV sm: 5 rows x 22 cells ---
--- ncaaw/RGV md: 6 rows x 28 cells ---
wrote packages/core/src/art/ncaaw/rgv.xs.txt
wrote packages/core/src/art/ncaaw/rgv.sm.txt
wrote packages/core/src/art/ncaaw/rgv.md.txt
--- ncaaw/UTEP xs: 3 rows x 14 cells ---
--- ncaaw/UTEP sm: 4 rows x 22 cells ---
--- ncaaw/UTEP md: 5 rows x 28 cells ---
wrote packages/core/src/art/ncaaw/utep.xs.txt
wrote packages/core/src/art/ncaaw/utep.sm.txt
wrote packages/core/src/art/ncaaw/utep.md.txt
--- ncaaw/UTSA xs: 2 rows x 14 cells ---
--- ncaaw/UTSA sm: 3 rows x 22 cells ---
--- ncaaw/UTSA md: 4 rows x 28 cells ---
wrote packages/core/src/art/ncaaw/utsa.xs.txt
wrote packages/core/src/art/ncaaw/utsa.sm.txt
wrote packages/core/src/art/ncaaw/utsa.md.txt
--- ncaaw/USU xs: 3 rows x 14 cells ---
--- ncaaw/USU sm: 4 rows x 22 cells ---
--- ncaaw/USU md: 6 rows x 28 cells ---
wrote packages/core/src/art/ncaaw/usu.xs.txt
wrote packages/core/src/art/ncaaw/usu.sm.txt
wrote packages/core/src/art/ncaaw/usu.md.txt
--- ncaaw/UTU xs: 2 rows x 14 cells ---
--- ncaaw/UTU sm: 3 rows x 22 cells ---
--- ncaaw/UTU md: 4 rows x 28 cells ---
wrote packages/core/src/art/ncaaw/utu.xs.txt
wrote packages/core/src/art/ncaaw/utu.sm.txt
wrote packages/core/src/art/ncaaw/utu.md.txt
--- ncaaw/UTAH xs: 3 rows x 14 cells ---
--- ncaaw/UTAH sm: 5 rows x 22 cells ---
--- ncaaw/UTAH md: 7 rows x 28 cells ---
wrote packages/core/src/art/ncaaw/utah.xs.txt
wrote packages/core/src/art/ncaaw/utah.sm.txt
wrote packages/core/src/art/ncaaw/utah.md.txt
--- ncaaw/UVU xs: 3 rows x 14 cells ---
--- ncaaw/UVU sm: 4 rows x 22 cells ---
--- ncaaw/UVU md: 5 rows x 28 cells ---
wrote packages/core/src/art/ncaaw/uvu.xs.txt
wrote packages/core/src/art/ncaaw/uvu.sm.txt
wrote packages/core/src/art/ncaaw/uvu.md.txt
--- ncaaw/VCU xs: 2 rows x 13 cells ---
--- ncaaw/VCU sm: 3 rows x 21 cells ---
--- ncaaw/VCU md: 3 rows x 27 cells ---
wrote packages/core/src/art/ncaaw/vcu.xs.txt
wrote packages/core/src/art/ncaaw/vcu.sm.txt
wrote packages/core/src/art/ncaaw/vcu.md.txt
--- ncaaw/VAL xs: 4 rows x 14 cells ---
--- ncaaw/VAL sm: 6 rows x 22 cells ---
--- ncaaw/VAL md: 7 rows x 28 cells ---
wrote packages/core/src/art/ncaaw/val.xs.txt
wrote packages/core/src/art/ncaaw/val.sm.txt
wrote packages/core/src/art/ncaaw/val.md.txt
--- ncaaw/VAN xs: 3 rows x 14 cells ---
--- ncaaw/VAN sm: 4 rows x 22 cells ---
--- ncaaw/VAN md: 5 rows x 28 cells ---
wrote packages/core/src/art/ncaaw/van.xs.txt
wrote packages/core/src/art/ncaaw/van.sm.txt
wrote packages/core/src/art/ncaaw/van.md.txt
--- ncaaw/UVM xs: 4 rows x 14 cells ---
--- ncaaw/UVM sm: 6 rows x 22 cells ---
--- ncaaw/UVM md: 7 rows x 28 cells ---
wrote packages/core/src/art/ncaaw/uvm.xs.txt
wrote packages/core/src/art/ncaaw/uvm.sm.txt
wrote packages/core/src/art/ncaaw/uvm.md.txt
--- ncaaw/VILL xs: 3 rows x 14 cells ---
--- ncaaw/VILL sm: 5 rows x 22 cells ---
--- ncaaw/VILL md: 6 rows x 28 cells ---
wrote packages/core/src/art/ncaaw/vill.xs.txt
wrote packages/core/src/art/ncaaw/vill.sm.txt
wrote packages/core/src/art/ncaaw/vill.md.txt
--- ncaaw/UVA xs: 3 rows x 13 cells ---
--- ncaaw/UVA sm: 5 rows x 21 cells ---
--- ncaaw/UVA md: 6 rows x 27 cells ---
wrote packages/core/src/art/ncaaw/uva.xs.txt
wrote packages/core/src/art/ncaaw/uva.sm.txt
wrote packages/core/src/art/ncaaw/uva.md.txt
--- ncaaw/VT xs: 2 rows x 14 cells ---
--- ncaaw/VT sm: 3 rows x 21 cells ---
--- ncaaw/VT md: 4 rows x 27 cells ---
wrote packages/core/src/art/ncaaw/vt.xs.txt
wrote packages/core/src/art/ncaaw/vt.sm.txt
wrote packages/core/src/art/ncaaw/vt.md.txt
--- ncaaw/WAG xs: 2 rows x 14 cells ---
--- ncaaw/WAG sm: 3 rows x 22 cells ---
--- ncaaw/WAG md: 4 rows x 28 cells ---
wrote packages/core/src/art/ncaaw/wag.xs.txt
wrote packages/core/src/art/ncaaw/wag.sm.txt
wrote packages/core/src/art/ncaaw/wag.md.txt
--- ncaaw/WAKE xs: 3 rows x 14 cells ---
--- ncaaw/WAKE sm: 4 rows x 22 cells ---
--- ncaaw/WAKE md: 5 rows x 28 cells ---
wrote packages/core/src/art/ncaaw/wake.xs.txt
wrote packages/core/src/art/ncaaw/wake.sm.txt
wrote packages/core/src/art/ncaaw/wake.md.txt
--- ncaaw/WASH xs: 3 rows x 14 cells ---
--- ncaaw/WASH sm: 4 rows x 22 cells ---
--- ncaaw/WASH md: 5 rows x 28 cells ---
wrote packages/core/src/art/ncaaw/wash.xs.txt
wrote packages/core/src/art/ncaaw/wash.sm.txt
wrote packages/core/src/art/ncaaw/wash.md.txt
--- ncaaw/WSU xs: 4 rows x 13 cells ---
--- ncaaw/WSU sm: 6 rows x 21 cells ---
--- ncaaw/WSU md: 7 rows x 26 cells ---
wrote packages/core/src/art/ncaaw/wsu.xs.txt
wrote packages/core/src/art/ncaaw/wsu.sm.txt
wrote packages/core/src/art/ncaaw/wsu.md.txt
--- ncaaw/WEB xs: 3 rows x 14 cells ---
--- ncaaw/WEB sm: 4 rows x 21 cells ---
--- ncaaw/WEB md: 5 rows x 27 cells ---
wrote packages/core/src/art/ncaaw/web.xs.txt
wrote packages/core/src/art/ncaaw/web.sm.txt
wrote packages/core/src/art/ncaaw/web.md.txt
--- ncaaw/UWF xs: 5 rows x 14 cells ---
--- ncaaw/UWF sm: 8 rows x 22 cells ---
--- ncaaw/UWF md: 10 rows x 28 cells ---
wrote packages/core/src/art/ncaaw/uwf.xs.txt
wrote packages/core/src/art/ncaaw/uwf.sm.txt
wrote packages/core/src/art/ncaaw/uwf.md.txt
--- ncaaw/WGA xs: 3 rows x 14 cells ---
--- ncaaw/WGA sm: 4 rows x 22 cells ---
--- ncaaw/WGA md: 5 rows x 27 cells ---
wrote packages/core/src/art/ncaaw/wga.xs.txt
wrote packages/core/src/art/ncaaw/wga.sm.txt
wrote packages/core/src/art/ncaaw/wga.md.txt
--- ncaaw/WVU xs: 4 rows x 14 cells ---
--- ncaaw/WVU sm: 5 rows x 22 cells ---
--- ncaaw/WVU md: 7 rows x 28 cells ---
wrote packages/core/src/art/ncaaw/wvu.xs.txt
wrote packages/core/src/art/ncaaw/wvu.sm.txt
wrote packages/core/src/art/ncaaw/wvu.md.txt
--- ncaaw/WCU xs: 3 rows x 14 cells ---
--- ncaaw/WCU sm: 4 rows x 22 cells ---
--- ncaaw/WCU md: 5 rows x 28 cells ---
wrote packages/core/src/art/ncaaw/wcu.xs.txt
wrote packages/core/src/art/ncaaw/wcu.sm.txt
wrote packages/core/src/art/ncaaw/wcu.md.txt
--- ncaaw/WIU xs: 4 rows x 14 cells ---
--- ncaaw/WIU sm: 7 rows x 22 cells ---
--- ncaaw/WIU md: 8 rows x 28 cells ---
wrote packages/core/src/art/ncaaw/wiu.xs.txt
wrote packages/core/src/art/ncaaw/wiu.sm.txt
wrote packages/core/src/art/ncaaw/wiu.md.txt
--- ncaaw/WKU xs: 3 rows x 14 cells ---
--- ncaaw/WKU sm: 4 rows x 22 cells ---
--- ncaaw/WKU md: 5 rows x 28 cells ---
wrote packages/core/src/art/ncaaw/wku.xs.txt
wrote packages/core/src/art/ncaaw/wku.sm.txt
wrote packages/core/src/art/ncaaw/wku.md.txt
--- ncaaw/WMU xs: 2 rows x 14 cells ---
--- ncaaw/WMU sm: 3 rows x 22 cells ---
--- ncaaw/WMU md: 3 rows x 28 cells ---
wrote packages/core/src/art/ncaaw/wmu.xs.txt
wrote packages/core/src/art/ncaaw/wmu.sm.txt
wrote packages/core/src/art/ncaaw/wmu.md.txt
--- ncaaw/WICH xs: 3 rows x 14 cells ---
--- ncaaw/WICH sm: 5 rows x 22 cells ---
--- ncaaw/WICH md: 6 rows x 28 cells ---
wrote packages/core/src/art/ncaaw/wich.xs.txt
wrote packages/core/src/art/ncaaw/wich.sm.txt
wrote packages/core/src/art/ncaaw/wich.md.txt
--- ncaaw/W&M xs: 3 rows x 13 cells ---
--- ncaaw/W&M sm: 5 rows x 21 cells ---
--- ncaaw/W&M md: 6 rows x 27 cells ---
wrote packages/core/src/art/ncaaw/w&m.xs.txt
wrote packages/core/src/art/ncaaw/w&m.sm.txt
wrote packages/core/src/art/ncaaw/w&m.md.txt
--- ncaaw/WIN xs: 3 rows x 14 cells ---
--- ncaaw/WIN sm: 5 rows x 21 cells ---
--- ncaaw/WIN md: 6 rows x 27 cells ---
wrote packages/core/src/art/ncaaw/win.xs.txt
wrote packages/core/src/art/ncaaw/win.sm.txt
wrote packages/core/src/art/ncaaw/win.md.txt
--- ncaaw/WIS xs: 4 rows x 14 cells ---
--- ncaaw/WIS sm: 5 rows x 22 cells ---
--- ncaaw/WIS md: 7 rows x 28 cells ---
wrote packages/core/src/art/ncaaw/wis.xs.txt
wrote packages/core/src/art/ncaaw/wis.sm.txt
wrote packages/core/src/art/ncaaw/wis.md.txt
--- ncaaw/WOF xs: 4 rows x 13 cells ---
--- ncaaw/WOF sm: 6 rows x 22 cells ---
--- ncaaw/WOF md: 8 rows x 28 cells ---
wrote packages/core/src/art/ncaaw/wof.xs.txt
wrote packages/core/src/art/ncaaw/wof.sm.txt
wrote packages/core/src/art/ncaaw/wof.md.txt
--- ncaaw/WRST xs: 3 rows x 14 cells ---
--- ncaaw/WRST sm: 4 rows x 22 cells ---
--- ncaaw/WRST md: 5 rows x 28 cells ---
wrote packages/core/src/art/ncaaw/wrst.xs.txt
wrote packages/core/src/art/ncaaw/wrst.sm.txt
wrote packages/core/src/art/ncaaw/wrst.md.txt
--- ncaaw/WYO xs: 6 rows x 14 cells ---
--- ncaaw/WYO sm: 10 rows x 22 cells ---
--- ncaaw/WYO md: 12 rows x 28 cells ---
wrote packages/core/src/art/ncaaw/wyo.xs.txt
wrote packages/core/src/art/ncaaw/wyo.sm.txt
wrote packages/core/src/art/ncaaw/wyo.md.txt
--- ncaaw/XAV xs: 3 rows x 12 cells ---
--- ncaaw/XAV sm: 5 rows x 19 cells ---
--- ncaaw/XAV md: 6 rows x 25 cells ---
wrote packages/core/src/art/ncaaw/xav.xs.txt
wrote packages/core/src/art/ncaaw/xav.sm.txt
wrote packages/core/src/art/ncaaw/xav.md.txt
--- ncaaw/YALE xs: 3 rows x 14 cells ---
--- ncaaw/YALE sm: 5 rows x 22 cells ---
--- ncaaw/YALE md: 7 rows x 28 cells ---
wrote packages/core/src/art/ncaaw/yale.xs.txt
wrote packages/core/src/art/ncaaw/yale.sm.txt
wrote packages/core/src/art/ncaaw/yale.md.txt
--- ncaaw/YSU xs: 2 rows x 14 cells ---
--- ncaaw/YSU sm: 4 rows x 22 cells ---
--- ncaaw/YSU md: 5 rows x 28 cells ---
wrote packages/core/src/art/ncaaw/ysu.xs.txt
wrote packages/core/src/art/ncaaw/ysu.sm.txt
wrote packages/core/src/art/ncaaw/ysu.md.txt
nfl: 32 teams
--- nfl/ARI xs: 3 rows x 14 cells ---
--- nfl/ARI sm: 5 rows x 22 cells ---
--- nfl/ARI md: 7 rows x 28 cells ---
wrote packages/core/src/art/nfl/ari.xs.txt
wrote packages/core/src/art/nfl/ari.sm.txt
wrote packages/core/src/art/nfl/ari.md.txt
--- nfl/ATL xs: 4 rows x 14 cells ---
--- nfl/ATL sm: 5 rows x 22 cells ---
--- nfl/ATL md: 7 rows x 27 cells ---
wrote packages/core/src/art/nfl/atl.xs.txt
wrote packages/core/src/art/nfl/atl.sm.txt
wrote packages/core/src/art/nfl/atl.md.txt
--- nfl/BAL xs: 2 rows x 14 cells ---
--- nfl/BAL sm: 3 rows x 22 cells ---
--- nfl/BAL md: 4 rows x 28 cells ---
wrote packages/core/src/art/nfl/bal.xs.txt
wrote packages/core/src/art/nfl/bal.sm.txt
wrote packages/core/src/art/nfl/bal.md.txt
--- nfl/BUF xs: 2 rows x 14 cells ---
--- nfl/BUF sm: 4 rows x 22 cells ---
--- nfl/BUF md: 5 rows x 28 cells ---
wrote packages/core/src/art/nfl/buf.xs.txt
wrote packages/core/src/art/nfl/buf.sm.txt
wrote packages/core/src/art/nfl/buf.md.txt
--- nfl/CAR xs: 2 rows x 13 cells ---
--- nfl/CAR sm: 3 rows x 20 cells ---
--- nfl/CAR md: 4 rows x 26 cells ---
wrote packages/core/src/art/nfl/car.xs.txt
wrote packages/core/src/art/nfl/car.sm.txt
wrote packages/core/src/art/nfl/car.md.txt
--- nfl/CHI xs: 4 rows x 14 cells ---
--- nfl/CHI sm: 6 rows x 22 cells ---
--- nfl/CHI md: 7 rows x 28 cells ---
wrote packages/core/src/art/nfl/chi.xs.txt
wrote packages/core/src/art/nfl/chi.sm.txt
wrote packages/core/src/art/nfl/chi.md.txt
--- nfl/CIN xs: 3 rows x 14 cells ---
--- nfl/CIN sm: 4 rows x 22 cells ---
--- nfl/CIN md: 5 rows x 28 cells ---
wrote packages/core/src/art/nfl/cin.xs.txt
wrote packages/core/src/art/nfl/cin.sm.txt
wrote packages/core/src/art/nfl/cin.md.txt
--- nfl/CLE xs: 3 rows x 11 cells ---
--- nfl/CLE sm: 4 rows x 22 cells ---
--- nfl/CLE md: 6 rows x 28 cells ---
wrote packages/core/src/art/nfl/cle.xs.txt
wrote packages/core/src/art/nfl/cle.sm.txt
wrote packages/core/src/art/nfl/cle.md.txt
--- nfl/DAL xs: 4 rows x 14 cells ---
--- nfl/DAL sm: 5 rows x 21 cells ---
--- nfl/DAL md: 7 rows x 27 cells ---
wrote packages/core/src/art/nfl/dal.xs.txt
wrote packages/core/src/art/nfl/dal.sm.txt
wrote packages/core/src/art/nfl/dal.md.txt
--- nfl/DEN xs: 2 rows x 14 cells ---
--- nfl/DEN sm: 4 rows x 22 cells ---
--- nfl/DEN md: 4 rows x 28 cells ---
wrote packages/core/src/art/nfl/den.xs.txt
wrote packages/core/src/art/nfl/den.sm.txt
wrote packages/core/src/art/nfl/den.md.txt
--- nfl/DET xs: 3 rows x 14 cells ---
--- nfl/DET sm: 4 rows x 21 cells ---
--- nfl/DET md: 6 rows x 27 cells ---
wrote packages/core/src/art/nfl/det.xs.txt
wrote packages/core/src/art/nfl/det.sm.txt
wrote packages/core/src/art/nfl/det.md.txt
--- nfl/GB xs: 3 rows x 14 cells ---
--- nfl/GB sm: 4 rows x 22 cells ---
--- nfl/GB md: 5 rows x 28 cells ---
wrote packages/core/src/art/nfl/gb.xs.txt
wrote packages/core/src/art/nfl/gb.sm.txt
wrote packages/core/src/art/nfl/gb.md.txt
--- nfl/HOU xs: 3 rows x 14 cells ---
--- nfl/HOU sm: 5 rows x 22 cells ---
--- nfl/HOU md: 7 rows x 28 cells ---
wrote packages/core/src/art/nfl/hou.xs.txt
wrote packages/core/src/art/nfl/hou.sm.txt
wrote packages/core/src/art/nfl/hou.md.txt
--- nfl/IND xs: 4 rows x 14 cells ---
--- nfl/IND sm: 6 rows x 22 cells ---
--- nfl/IND md: 8 rows x 28 cells ---
wrote packages/core/src/art/nfl/ind.xs.txt
wrote packages/core/src/art/nfl/ind.sm.txt
wrote packages/core/src/art/nfl/ind.md.txt
--- nfl/JAX xs: 3 rows x 14 cells ---
--- nfl/JAX sm: 4 rows x 22 cells ---
--- nfl/JAX md: 5 rows x 28 cells ---
wrote packages/core/src/art/nfl/jax.xs.txt
wrote packages/core/src/art/nfl/jax.sm.txt
wrote packages/core/src/art/nfl/jax.md.txt
--- nfl/KC xs: 2 rows x 14 cells ---
--- nfl/KC sm: 4 rows x 22 cells ---
--- nfl/KC md: 5 rows x 28 cells ---
wrote packages/core/src/art/nfl/kc.xs.txt
wrote packages/core/src/art/nfl/kc.sm.txt
wrote packages/core/src/art/nfl/kc.md.txt
--- nfl/LV xs: 4 rows x 14 cells ---
--- nfl/LV sm: 6 rows x 21 cells ---
--- nfl/LV md: 8 rows x 27 cells ---
wrote packages/core/src/art/nfl/lv.xs.txt
wrote packages/core/src/art/nfl/lv.sm.txt
wrote packages/core/src/art/nfl/lv.md.txt
--- nfl/LAC xs: 2 rows x 14 cells ---
--- nfl/LAC sm: 2 rows x 22 cells ---
--- nfl/LAC md: 3 rows x 28 cells ---
wrote packages/core/src/art/nfl/lac.xs.txt
wrote packages/core/src/art/nfl/lac.sm.txt
wrote packages/core/src/art/nfl/lac.md.txt
--- nfl/LAR xs: 3 rows x 14 cells ---
--- nfl/LAR sm: 4 rows x 22 cells ---
--- nfl/LAR md: 5 rows x 28 cells ---
wrote packages/core/src/art/nfl/lar.xs.txt
wrote packages/core/src/art/nfl/lar.sm.txt
wrote packages/core/src/art/nfl/lar.md.txt
--- nfl/MIA xs: 3 rows x 14 cells ---
--- nfl/MIA sm: 4 rows x 22 cells ---
--- nfl/MIA md: 5 rows x 28 cells ---
wrote packages/core/src/art/nfl/mia.xs.txt
wrote packages/core/src/art/nfl/mia.sm.txt
wrote packages/core/src/art/nfl/mia.md.txt
--- nfl/MIN xs: 5 rows x 14 cells ---
--- nfl/MIN sm: 7 rows x 22 cells ---
--- nfl/MIN md: 9 rows x 28 cells ---
wrote packages/core/src/art/nfl/min.xs.txt
wrote packages/core/src/art/nfl/min.sm.txt
wrote packages/core/src/art/nfl/min.md.txt
--- nfl/NE xs: 2 rows x 14 cells ---
--- nfl/NE sm: 3 rows x 22 cells ---
--- nfl/NE md: 3 rows x 28 cells ---
wrote packages/core/src/art/nfl/ne.xs.txt
wrote packages/core/src/art/nfl/ne.sm.txt
wrote packages/core/src/art/nfl/ne.md.txt
--- nfl/NO xs: 5 rows x 14 cells ---
--- nfl/NO sm: 7 rows x 22 cells ---
--- nfl/NO md: 9 rows x 28 cells ---
wrote packages/core/src/art/nfl/no.xs.txt
wrote packages/core/src/art/nfl/no.sm.txt
wrote packages/core/src/art/nfl/no.md.txt
--- nfl/NYG xs: 3 rows x 14 cells ---
--- nfl/NYG sm: 5 rows x 22 cells ---
--- nfl/NYG md: 6 rows x 28 cells ---
wrote packages/core/src/art/nfl/nyg.xs.txt
wrote packages/core/src/art/nfl/nyg.sm.txt
wrote packages/core/src/art/nfl/nyg.md.txt
--- nfl/NYJ xs: 1 rows x 13 cells ---
--- nfl/NYJ sm: 2 rows x 21 cells ---
--- nfl/NYJ md: 2 rows x 27 cells ---
wrote packages/core/src/art/nfl/nyj.xs.txt
wrote packages/core/src/art/nfl/nyj.sm.txt
wrote packages/core/src/art/nfl/nyj.md.txt
--- nfl/PHI xs: 3 rows x 14 cells ---
--- nfl/PHI sm: 4 rows x 22 cells ---
--- nfl/PHI md: 5 rows x 28 cells ---
wrote packages/core/src/art/nfl/phi.xs.txt
wrote packages/core/src/art/nfl/phi.sm.txt
wrote packages/core/src/art/nfl/phi.md.txt
--- nfl/PIT xs: 4 rows x 14 cells ---
--- nfl/PIT sm: 6 rows x 22 cells ---
--- nfl/PIT md: 7 rows x 28 cells ---
wrote packages/core/src/art/nfl/pit.xs.txt
wrote packages/core/src/art/nfl/pit.sm.txt
wrote packages/core/src/art/nfl/pit.md.txt
--- nfl/SF xs: 2 rows x 14 cells ---
--- nfl/SF sm: 3 rows x 22 cells ---
--- nfl/SF md: 4 rows x 28 cells ---
wrote packages/core/src/art/nfl/sf.xs.txt
wrote packages/core/src/art/nfl/sf.sm.txt
wrote packages/core/src/art/nfl/sf.md.txt
--- nfl/SEA xs: 2 rows x 14 cells ---
--- nfl/SEA sm: 2 rows x 22 cells ---
--- nfl/SEA md: 3 rows x 28 cells ---
wrote packages/core/src/art/nfl/sea.xs.txt
wrote packages/core/src/art/nfl/sea.sm.txt
wrote packages/core/src/art/nfl/sea.md.txt
--- nfl/TB xs: 3 rows x 14 cells ---
--- nfl/TB sm: 5 rows x 22 cells ---
--- nfl/TB md: 6 rows x 28 cells ---
wrote packages/core/src/art/nfl/tb.xs.txt
wrote packages/core/src/art/nfl/tb.sm.txt
wrote packages/core/src/art/nfl/tb.md.txt
--- nfl/TEN xs: 4 rows x 14 cells ---
--- nfl/TEN sm: 6 rows x 22 cells ---
--- nfl/TEN md: 7 rows x 28 cells ---
wrote packages/core/src/art/nfl/ten.xs.txt
wrote packages/core/src/art/nfl/ten.sm.txt
wrote packages/core/src/art/nfl/ten.md.txt
--- nfl/WSH xs: 2 rows x 13 cells ---
--- nfl/WSH sm: 3 rows x 21 cells ---
--- nfl/WSH md: 4 rows x 27 cells ---
wrote packages/core/src/art/nfl/wsh.xs.txt
wrote packages/core/src/art/nfl/wsh.sm.txt
wrote packages/core/src/art/nfl/wsh.md.txt
nhl: 32 teams
--- nhl/ANA xs: 3 rows x 14 cells ---
--- nhl/ANA sm: 5 rows x 22 cells ---
--- nhl/ANA md: 6 rows x 28 cells ---
wrote packages/core/src/art/nhl/ana.xs.txt
wrote packages/core/src/art/nhl/ana.sm.txt
wrote packages/core/src/art/nhl/ana.md.txt
--- nhl/BOS xs: 4 rows x 14 cells ---
--- nhl/BOS sm: 6 rows x 22 cells ---
--- nhl/BOS md: 7 rows x 28 cells ---
wrote packages/core/src/art/nhl/bos.xs.txt
wrote packages/core/src/art/nhl/bos.sm.txt
wrote packages/core/src/art/nhl/bos.md.txt
--- nhl/BUF xs: 4 rows x 14 cells ---
--- nhl/BUF sm: 6 rows x 22 cells ---
--- nhl/BUF md: 7 rows x 28 cells ---
wrote packages/core/src/art/nhl/buf.xs.txt
wrote packages/core/src/art/nhl/buf.sm.txt
wrote packages/core/src/art/nhl/buf.md.txt
--- nhl/CGY xs: 3 rows x 14 cells ---
--- nhl/CGY sm: 5 rows x 22 cells ---
--- nhl/CGY md: 6 rows x 28 cells ---
wrote packages/core/src/art/nhl/cgy.xs.txt
wrote packages/core/src/art/nhl/cgy.sm.txt
wrote packages/core/src/art/nhl/cgy.md.txt
--- nhl/CAR xs: 2 rows x 14 cells ---
--- nhl/CAR sm: 4 rows x 21 cells ---
--- nhl/CAR md: 5 rows x 27 cells ---
wrote packages/core/src/art/nhl/car.xs.txt
wrote packages/core/src/art/nhl/car.sm.txt
wrote packages/core/src/art/nhl/car.md.txt
--- nhl/CHI xs: 3 rows x 14 cells ---
--- nhl/CHI sm: 5 rows x 22 cells ---
--- nhl/CHI md: 6 rows x 28 cells ---
wrote packages/core/src/art/nhl/chi.xs.txt
wrote packages/core/src/art/nhl/chi.sm.txt
wrote packages/core/src/art/nhl/chi.md.txt
--- nhl/COL xs: 3 rows x 14 cells ---
--- nhl/COL sm: 5 rows x 22 cells ---
--- nhl/COL md: 6 rows x 28 cells ---
wrote packages/core/src/art/nhl/col.xs.txt
wrote packages/core/src/art/nhl/col.sm.txt
wrote packages/core/src/art/nhl/col.md.txt
--- nhl/CBJ xs: 3 rows x 14 cells ---
--- nhl/CBJ sm: 5 rows x 21 cells ---
--- nhl/CBJ md: 6 rows x 27 cells ---
wrote packages/core/src/art/nhl/cbj.xs.txt
wrote packages/core/src/art/nhl/cbj.sm.txt
wrote packages/core/src/art/nhl/cbj.md.txt
--- nhl/DAL xs: 3 rows x 13 cells ---
--- nhl/DAL sm: 5 rows x 21 cells ---
--- nhl/DAL md: 6 rows x 27 cells ---
wrote packages/core/src/art/nhl/dal.xs.txt
wrote packages/core/src/art/nhl/dal.sm.txt
wrote packages/core/src/art/nhl/dal.md.txt
--- nhl/DET xs: 3 rows x 14 cells ---
--- nhl/DET sm: 4 rows x 22 cells ---
--- nhl/DET md: 5 rows x 28 cells ---
wrote packages/core/src/art/nhl/det.xs.txt
wrote packages/core/src/art/nhl/det.sm.txt
wrote packages/core/src/art/nhl/det.md.txt
--- nhl/EDM xs: 4 rows x 14 cells ---
--- nhl/EDM sm: 6 rows x 22 cells ---
--- nhl/EDM md: 7 rows x 28 cells ---
wrote packages/core/src/art/nhl/edm.xs.txt
wrote packages/core/src/art/nhl/edm.sm.txt
wrote packages/core/src/art/nhl/edm.md.txt
--- nhl/FLA xs: 4 rows x 14 cells ---
--- nhl/FLA sm: 6 rows x 22 cells ---
--- nhl/FLA md: 8 rows x 28 cells ---
wrote packages/core/src/art/nhl/fla.xs.txt
wrote packages/core/src/art/nhl/fla.sm.txt
wrote packages/core/src/art/nhl/fla.md.txt
--- nhl/LA xs: 3 rows x 14 cells ---
--- nhl/LA sm: 4 rows x 22 cells ---
--- nhl/LA md: 5 rows x 28 cells ---
wrote packages/core/src/art/nhl/la.xs.txt
wrote packages/core/src/art/nhl/la.sm.txt
wrote packages/core/src/art/nhl/la.md.txt
--- nhl/MIN xs: 3 rows x 13 cells ---
--- nhl/MIN sm: 4 rows x 21 cells ---
--- nhl/MIN md: 5 rows x 27 cells ---
wrote packages/core/src/art/nhl/min.xs.txt
wrote packages/core/src/art/nhl/min.sm.txt
wrote packages/core/src/art/nhl/min.md.txt
--- nhl/MTL xs: 3 rows x 14 cells ---
--- nhl/MTL sm: 4 rows x 22 cells ---
--- nhl/MTL md: 5 rows x 28 cells ---
wrote packages/core/src/art/nhl/mtl.xs.txt
wrote packages/core/src/art/nhl/mtl.sm.txt
wrote packages/core/src/art/nhl/mtl.md.txt
--- nhl/NSH xs: 2 rows x 14 cells ---
--- nhl/NSH sm: 3 rows x 22 cells ---
--- nhl/NSH md: 4 rows x 28 cells ---
wrote packages/core/src/art/nhl/nsh.xs.txt
wrote packages/core/src/art/nhl/nsh.sm.txt
wrote packages/core/src/art/nhl/nsh.md.txt
--- nhl/NJ xs: 4 rows x 14 cells ---
--- nhl/NJ sm: 6 rows x 22 cells ---
--- nhl/NJ md: 7 rows x 28 cells ---
wrote packages/core/src/art/nhl/nj.xs.txt
wrote packages/core/src/art/nhl/nj.sm.txt
wrote packages/core/src/art/nhl/nj.md.txt
--- nhl/NYI xs: 4 rows x 14 cells ---
--- nhl/NYI sm: 6 rows x 22 cells ---
--- nhl/NYI md: 7 rows x 28 cells ---
wrote packages/core/src/art/nhl/nyi.xs.txt
wrote packages/core/src/art/nhl/nyi.sm.txt
wrote packages/core/src/art/nhl/nyi.md.txt
--- nhl/NYR xs: 4 rows x 13 cells ---
--- nhl/NYR sm: 6 rows x 21 cells ---
--- nhl/NYR md: 7 rows x 26 cells ---
wrote packages/core/src/art/nhl/nyr.xs.txt
wrote packages/core/src/art/nhl/nyr.sm.txt
wrote packages/core/src/art/nhl/nyr.md.txt
--- nhl/OTT xs: 3 rows x 14 cells ---
--- nhl/OTT sm: 5 rows x 22 cells ---
--- nhl/OTT md: 6 rows x 28 cells ---
wrote packages/core/src/art/nhl/ott.xs.txt
wrote packages/core/src/art/nhl/ott.sm.txt
wrote packages/core/src/art/nhl/ott.md.txt
--- nhl/PHI xs: 3 rows x 14 cells ---
--- nhl/PHI sm: 4 rows x 22 cells ---
--- nhl/PHI md: 5 rows x 28 cells ---
wrote packages/core/src/art/nhl/phi.xs.txt
wrote packages/core/src/art/nhl/phi.sm.txt
wrote packages/core/src/art/nhl/phi.md.txt
--- nhl/PIT xs: 4 rows x 14 cells ---
--- nhl/PIT sm: 6 rows x 22 cells ---
--- nhl/PIT md: 7 rows x 27 cells ---
wrote packages/core/src/art/nhl/pit.xs.txt
wrote packages/core/src/art/nhl/pit.sm.txt
wrote packages/core/src/art/nhl/pit.md.txt
--- nhl/SJ xs: 3 rows x 14 cells ---
--- nhl/SJ sm: 5 rows x 22 cells ---
--- nhl/SJ md: 6 rows x 28 cells ---
wrote packages/core/src/art/nhl/sj.xs.txt
wrote packages/core/src/art/nhl/sj.sm.txt
wrote packages/core/src/art/nhl/sj.md.txt
--- nhl/SEA xs: 5 rows x 14 cells ---
--- nhl/SEA sm: 7 rows x 22 cells ---
--- nhl/SEA md: 9 rows x 28 cells ---
wrote packages/core/src/art/nhl/sea.xs.txt
wrote packages/core/src/art/nhl/sea.sm.txt
wrote packages/core/src/art/nhl/sea.md.txt
--- nhl/STL xs: 3 rows x 14 cells ---
--- nhl/STL sm: 5 rows x 22 cells ---
--- nhl/STL md: 6 rows x 28 cells ---

⣿⣿⣿⡿⠟⠋⠁⠀⠀⠀⠀⠀⠀⠀⠀⠀⠀⠀⠀⠀⠀⠀⠉⠛⠿⣿⣿⣿
⠟⠋⠁⠀⠀⠀⢀⣀⣄⣀⣀⣀⣀⣀⣀⣀⣀⣀⣀⣀⣀⡀⠀⠀⠀⠀⠉⠛
⠀⠀⠀⣀⠀⠠⢐⠂⠠⡍⡻⣿⣹⡟⠉⠉⠉⠉⠯⠿⣿⣷⣶⣶⣶⣶⣶⣶
⠀⢀⢀⡄⠀⢀⠊⢰⠀⠡⣣⣿⡄⠀⠀⠀⠀⠀⠀⢀⣤⣄⣀⡼⠿⣿⣿⣿
⠀⠀⠀⠆⢀⣀⠀⢀⠀⠀⠛⠋⠀⠀⠀⠀⠀⠀⠀⠀⠀⠤⠶⣶⣿⣿⣿⣿
⠀⠀⠀⠀⠀⠀⢰⣴⣲⣤⣤⣤⣤⣤⣀⣴⣶⣦⣤⣤⣤⡤⠤⠶⠶⠿⠿⠿
⣦⣄⡀⠀⠀⠀⠈⠉⠉⠉⠉⠉⠉⠉⠉⠉⠉⠉⠉⠉⠉⠁⠀⠀⠀⠀⣀⣤
⣿⣿⣿⣷⣦⣄⡀⠀⠀⠀⠀⠀⠀⠀⠀⠀⠀⠀⠀⠀⠀⠀⣀⣤⣶⣿⣿⣿
⣿⠟⠛⠉⠀⠀⠀⠀⠀⠀⠉⠛⠻⣿
⡇⠀⠀⠀⢰⣼⣪⡿⠿⣤⣤⣤⣤⣼
⣿⣶⣌⡉⠁⠄⠀⠀⠀⠀⢈⡛⠻⢿
⡟⠛⠻⠿⠿⣦⣤⣤⣤⡶⠤⣀⠀⢸
⣷⣦⣤⣀⠀⠀⠀⠀⠈⠀⣀⣨⣴⣾
⣿⣿⣿⠿⠟⠛⠉⠉⠉⠉⠉⠉⠉⠉⠉⠉⠛⠻⠿⣿⣿⣿
⣷⡇⠀⠀⠀⠀⠀⣤⠠⣤⡴⣦⣖⣶⠀⠀⠀⠀⠀⠀⠈⣾
⣿⡇⠀⠀⣀⣀⣨⠿⠿⠯⠝⠟⠛⠺⠷⠶⣶⣶⣶⣶⣾⣿
⣿⣿⣶⣦⣌⠉⠉⠰⡆⢔⡂⠀⠀⠀⠀⠀⠀⠙⠛⠿⢿⡿
⢿⠿⠿⢿⣿⡷⠾⢦⣀⣀⠀⠀⠀⣀⣤⣄⠈⠉⠁⠀⠀⡇
⢸⡀⠀⠈⠉⠛⠋⠙⠿⠿⠿⠿⠿⠿⠟⠋⠉⠽⠶⠀⠀⡇
⣿⣿⣿⣶⣤⣄⡀⠀⠀⠀⠀⠀⠀⠀⠀⢀⣠⣤⣶⣾⣿⣿
⣿⣿⣿⣿⣿⡿⠿⠛⠋⠉⠉⠉⠉⠉⠉⠉⠉⠉⠉⠉⠛⠿⢿⣿⣿⣿⣿⣿
⡏⡟⠋⠉⠀⠀⠀⠀⠀⢀⡀⠀⠀⣀⣀⡠⢄⣀⠀⠀⠀⠀⠀⠀⠉⠙⢻⢹
⡇⡇⠀⠀⠀⠀⠀⠀⢠⡿⢌⡻⡿⣥⣿⣷⣿⢹⣀⣀⣀⣀⣀⣀⣀⣀⣸⢸
⡇⣇⠀⠀⠀⢠⣤⣤⣴⠙⠛⠻⠖⠋⠛⠉⠉⠙⠛⠛⠿⢿⣿⣿⣿⣿⣿⣿
⣿⣿⣿⣷⣶⡌⠉⠉⠁⠰⢔⢰⠒⡂⠀⠀⠀⠀⠀⠀⠀⠀⠛⠻⠿⢿⣿⢿
⣿⣿⣿⣿⣿⣿⣷⣶⣶⣤⠉⠀⠉⠀⠀⠀⠀⠀⣀⣀⠀⠉⠛⠃⠀⠀⠈⡇
⢸⡋⠉⠉⠙⠿⣿⣭⣭⣽⣷⣶⣶⣦⣤⣶⣶⢾⣿⣿⠶⠶⣤⣀⡀⠀⠀⡇
⣜⣧⣄⣀⠀⠀⠀⠀⠀⠀⠛⠚⠛⠛⠛⠛⠛⠚⠁⠀⠀⠐⠛⠛⢃⣀⣤⣇
⣿⣿⣿⣿⣿⣶⣦⣤⣀⣀⣀⣀⣀⣀⣀⣀⣀⣀⣀⣀⣠⣴⣶⣿⣿⣿⣿⣿
⠀⠀⠀⣼⣿⣿⣿⠃⢠⣿⣿⣿⠏
⠎⠘⡀⣻⣹⣉⠱⢃⣏⣉⣏⡜⠀⠰
⠀⠐⠿⣿⣿⣿⣿⣿⣿⠿⠛
⠀⠀⠀⠀⠀⣰⣿⣿⣿⣿⣿⠏⠀⢠⣿⣿⣿⣿⣿⡟
⢠⠒⣲⠖⢲⣟⡿⢿⠿⠿⢯⡔⢒⡿⢿⠿⣿⠛⡿⠤⠄⢤
⠃⠀⠁⣰⣥⣮⣴⣯⣼⣖⣛⣢⣿⣤⣷⣴⣧⡜⠃⠚⠐⠁
⠀⠀⠈⠻⠿⣿⣿⣿⣿⣿⣿⣿⣿⡿⠿⠟⠋
⠀⠀⠀⠀⠀⠀⢀⣼⣿⣿⣿⣿⣿⣿⡟⠀⠀⢠⣿⣿⣿⣿⣿⣿⣿⠃
⠀⡠⠀⣀⡄⠀⣾⣿⣿⣿⣿⣿⣿⡟⢀⠄⣰⣿⣿⣿⣿⣿⠿⣿⠃
⡜⠁⠰⠟⢀⡔⠒⠶⢀⡼⠅⡌⠐⣾⠃⢠⡞⠁⡜⠀⣼⠃⢰⡏⢁⡍⢀⡝
⠈⠉⠉⢉⣽⣶⣿⣿⣿⣿⣿⣯⣤⣤⣼⣿⣿⣿⣿⣿⣿⡿⠁⠀⠁⠈
⠀⠀⠀⠈⠛⠿⢿⣿⣿⣿⣿⣿⣿⣿⣿⣿⡿⠿⠿⠛⠋
⠀⠀⣀⡠⣖⣿⡳⡼⣳⣲⢄⡀
⡔⣹⣏⣞⠋⠭⠥⠘⠿⢿⣇⣹⣟⢆
⠳⣝⠿⣿⠻⠆⠨⢙⣿⠀⡿⢿⡯⠞
⠀⠣⣻⣿⣿⣷⣶⣶⣶⣾⣿⡼⠃
⠀⠀⠀⠀⠀⠀⣠⠔⣺⡝⣦⢠⠖⣒⠦⡄
⠀⠀⣀⡤⣤⢚⣥⣶⣶⣦⡙⠞⣠⣽⣶⣭⠳⣤⢤⣀
⣰⠋⠵⠇⠀⡿⠛⢉⣉⣉⣁⠘⠻⣿⣿⣿⡇⠀⠷⠎⢳⡀
⣿⠸⣿⣿⣿⣷⣤⣈⠁⠀⠤⣤⣤⣤⠉⢻⣶⣿⣿⣿⡆⣿
⠘⠧⣝⡻⢿⣟⠛⠻⠇⠀⠦⠀⢉⣿⠀⢸⠿⠿⢟⣫⠴⠃
⠀⢰⡏⢴⣿⣿⣿⣶⣆⣀⣒⣚⣛⣋⣀⣼⣷⡎⢻⡄
⠀⠀⠙⠮⣙⣛⣛⣛⣛⣛⣿⣟⣛⣛⣛⣛⣫⠵⠋
⠀⠀⠀⠀⠀⠀⠀⠀⢀⡤⢖⣛⠳⣄⢀⡴⢒⠶⢤⡀
⠀⠀⠀⠀⠀⠀⣠⠶⢋⣤⣭⣙⡀⢿⣼⠇⢘⣛⣄⡛⢦⣄
⠀⣀⡴⢞⡋⠻⢡⣾⣿⣿⣿⣿⣿⣆⣡⣾⣿⣿⣿⣿⣦⠙⠟⣛⠲⣤⡀
⣴⠏⣐⣛⣃⡀⣸⠛⠉⢠⣤⣤⣤⣤⣀⣙⣻⣿⣿⣿⡿⠀⣀⣛⣓⡈⢷⡄
⣿⠀⣿⣿⣿⣿⣿⣦⣤⣀⠁⠀⠀⢤⣤⣤⣤⡄⠈⢹⣶⣿⣿⣿⣿⣿⠀⣿
⠘⢧⡘⠿⣿⣿⣿⡿⠿⢿⡇⠀⢀⣄⠈⠙⢻⡇⠀⢸⣿⣿⣿⣿⠿⢋⡼⠋
⠀⠀⣩⡷⢂⣤⣿⣶⣄⣈⡉⠉⠉⣉⣀⣤⣾⡇⠀⢸⣯⣍⠡⣶⡚⠉
⠀⠀⢿⡀⢿⣿⣿⣿⣿⣿⣧⣤⣤⣤⣤⣤⣤⣤⣴⣾⣿⣿⠇⣸⠇
⠀⠀⠀⠙⠦⣭⣙⣛⣛⣛⣋⣭⣭⡭⣭⣭⣝⣛⣛⣛⣫⡥⠞⠋
⠀⠀⢀⣠⣤⣤⣽⣳⣶⣿⣷⣦⡀
⠠⠴⠺⠦⠶⢼⣾⣯⢞⡷⣿⣾⡿⢦
⠀⠀⠀⠀⠀⢀⣩⡿⠋⠁
⠀⠀⠀⠀⠀⣀⣀⣤⣤⣌⣛⠶⣶⣶⣾⣿⣶⣶⣄
⣀⢀⣀⣠⣮⣙⣉⣉⠩⡍⣻⡽⢒⣻⣭⣭⣿⢫⣿⣶⣤⡀
⠈⠉⠛⠐⠋⠙⠛⠓⠛⢳⣿⣵⢏⣶⡾⠜⠶⠓⠛⠛⠁⠛
⠀⠀⠀⠀⠀⠀⠀⠀⢀⣔⣠⠿⠛⠁
⠀⠀⠀⠀⠀⠀⠀⠀⣀⣀⣀⣀⣙⠳⣶⣶⣦⣤⣾⣿⣶⣶⡦⡀
⠀⠀⠀⠀⠀⡴⠚⠽⠛⠛⠛⢛⠻⢿⣲⡬⠭⢟⡛⠛⢻⣷⠝⣿⣆⣀
⠲⢶⣶⣒⢛⣻⢶⣶⣶⣒⣪⣽⡃⣿⣟⣠⣖⢋⣹⠫⣟⢥⣘⣻⣿⡾⢷⣄
⠀⠀⠀⠀⠀⠀⠀⠀⠀⠀⠀⠈⠳⡽⣿⢃⣶⡿⠗⠒⠘⠉⠉⠀⠉⠀⠉⠁
⠀⠀⠀⠀⠀⠀⠀⠀⠀⠀⠀⣤⣀⡲⠷⠛⠁
⠀⣀⣠⠤⠀⠀⠀⠀⠀⠀⠀⢠⣄⡀
⠘⠛⢻⣿⡶⠂⠀⣠⣶⠶⠞⠛⠛⠁
⠀⠰⣾⣯⣤⣴⠿⠋
⠀⠀⠀⠀⠀⣀⠀⠀⠀⠀⠀⠀⠀⠀⠀⠀⠀⠀⣀
⠀⣠⣴⣶⣛⡁⠀⠀⠀⠀⠀⠀⠀⠀⠀⠀⠀⣀⣻⣷⣦
⠀⠙⠛⠛⢻⣿⣿⠿⠋⠀⠀⢀⣴⣿⡿⠿⠿⠟⠛⠋⠁
⠀⠀⠀⣠⣿⡿⠇⠀⠀⣤⣶⣿⠟⠋
⠀⠀⠘⠿⠿⠷⠷⠿⠿⠿⠛⠁
⠀⠀⠀⠀⠀⠀⠀⣀⠀⠀⠀⠀⠀⠀⠀⠀⠀⠀⠀⠀⠀⠀⠀⢀
⠀⠀⣀⣤⣴⡶⠞⠉⠀⠀⠀⠀⠀⠀⠀⠀⠀⠀⠀⠀⠀⠀⠀⢿⣷⣤⣀
⠀⠾⣿⣿⣿⣷⣶⣶⣶⣶⡶⠂⠀⠀⠀⠀⣠⣦⣴⣶⣶⣶⣶⣿⣿⠿⠋
⠀⠀⠀⠀⠈⣽⣿⣿⡟⠋⠀⠀⠀⢀⣴⣿⣿⡿⠟⠉⠉⠉⠁
⠀⠀⠀⢀⣴⣿⣿⠟⠁⠀⢀⣴⣾⣿⡿⠋⠁
⠀⠀⠀⠙⠿⠿⠿⠿⠿⠿⠿⠿⠛⠋⠁
⠀⠀⢐⣦⣤⣤⣤⣤⣀⣀⣀
⠀⠰⠶⣿⣿⣿⣿⣿⣿⣿⣿⣟⣳⡦
⠀⠀⠚⠹⠟⠛⠉⠉⠁
⠀⠀⠀⠀⢤⣄⣀⣀⣀
⠀⠀⠀⠐⠒⢿⣿⣿⣿⣿⣿⣿⣿⣿⣶⣶⣶⣤⣄⡀
⠀⠠⠶⣿⣿⣿⣿⣿⣿⣿⣿⣿⣿⣿⣿⣿⣛⣛⡫⣽⣶⣦
⠀⠀⠀⣀⣬⣿⣿⣿⣿⣿⠿⠿⠿⠛⠉⠉⠉⠉⠉⠉⠉⠁
⠀⠀⠀⠁⠀⠰⠛⠉
⠀⠀⠀⠀⠀⢤⣀⣀⡀
⠀⠀⠀⠀⠤⢤⣽⣿⣿⣿⣿⣿⣷⣶⣶⣶⣶⣶⣤⣤⣤⣄⣀
⠀⠀⣀⣠⣤⣶⣶⣾⣿⣿⣿⣿⣿⣿⣿⣿⣿⣿⣿⣿⣿⣿⣿⠿⠶⢤⣄
⠀⠀⠉⠙⠛⠿⢿⣿⣿⣿⣿⣿⣿⣿⣿⣿⣿⣿⣿⣯⣭⠭⠭⢭⣽⠿⣷⠇
⠀⠀⠀⢀⣤⠶⠿⢟⣿⣿⣿⠿⠿⠟⠛⠛⠋⠁
⠀⠀⠀⠀⠀⠀⠀⠚⠉⠁
⠀⠀⣠⣤⣶⣿⣵⡛⠛⣁⡒⠀⠀⡀
⠀⠉⠻⠿⢿⡟⠴⠊⠁⠉⠙⠓⠀⠉
⠀⠀⠀⠀⣀⣀⣤⣶⣶⣟⣩⡽⠿⠟⠓⠀⠦⠄
⠀⣠⣬⢿⣿⣿⡟⣽⣿⠿⠛⣓⡤⠤⠶⢶⣶⣀⠀⠤⠴⠦
⠀⠀⠀⠈⠻⠛⠿⣿⠿⠐⠾⠁⠀⠀⠀⠀⠀⠈⠉
⠀⠀⠀⠀⠀⠀⠀⢀⣠⣤⣶⣖⡛⣉⣽⣿⡿⠿⠖⠒⣢⣄⡀
⠀⠀⠀⠒⣦⣿⣿⣿⣾⢛⣿⣯⣾⣿⣅⠀⠀⠀⣄⣤⣄⣀⡀⠀⠀⠀⢀⡀
⠀⠒⠚⠛⢹⣿⣿⣿⣇⣿⣿⡟⠁⣀⡴⠒⠛⠁⠈⠛⠿⠳⢦⢭⠉⠑⠉⠉
⠀⠀⠀⠀⠀⠙⠋⠙⠻⢿⡿⠇⠙⠿
⣰⣢⣒⣺⣉⣻⣜⣎⣝⣞⣆⣖⣒⣄
⠀⠀⠉⠉⠙⠻⣯⠭⠭⠿⠟⠉
⠀⣤⠤⣶⢲⣲⡘⢋⠿⣍⢿⣭⠏⢯⡹⢶⣐⢲⡖⡤⣄
⢰⣏⣼⣡⣬⣴⣧⣼⣶⣷⣾⣷⣾⣦⣿⣴⣦⣼⣇⣥⣻⡀
⠈⠉⠀⠙⠛⠛⠻⠿⣿⣿⣟⠉⠉⢙⣿⣿⡿⣛⠃⠀⠉⠁
⠀⠀⠀⠀⠀⠀⠀⠀⠈⠹⡿⠛⠒⠚⠛⠛⠉⠁
⠀⢀⡠⡤⣤⢲⠖⣶⢲⠋⣿⣍⢹⣽⣋⣏⢹⣏⢱⢶⡒⠖⢲⠤⢤⢄⡀
⠀⣾⠐⣶⠉⣘⠋⣽⣃⣰⣂⣸⣃⣸⣟⣀⣦⣘⣷⣀⣝⡉⢺⠇⢓⠸⡇
⠸⠷⠶⠛⣿⣿⣽⣽⣽⣿⣾⣶⣾⣶⠷⠿⠾⣷⣿⣿⣿⣭⣿⡟⠛⠷⠾⠇
⠀⠀⠀⠀⠀⠀⠀⠈⠉⠛⠿⣿⣿⣆⣀⠀⠀⢸⣿⣶⣿⣓⡦
⠀⠀⠀⠀⠀⠀⠀⠀⠀⠀⠀⠈⠻⠿⠛⠛⠛⠛⠋⠙⠀⠁
⠀⣴⣂⣀⡶⠶⠶⠶⢦⣼⠇⢀⡤
⠚⠒⠚⢟⣁⣚⣿⣶⣚⣃⡴⠏
⠀⠀⣠⠴⠒⢊⣉⣉⣉⣉⣉⣉⣉⣉⢑⣶⡖
⠀⢠⣿⣤⣤⣉⣉⣉⣉⣉⣉⠉⠛⢻⣿⡟⠒⢒⣶⡶⠒
⣰⣯⣄⣉⣉⣹⠃⢀⣼⣿⣉⣠⣤⣿⡟⠀⢀⣾⠏
⠀⠀⠀⠀⠘⠷⠤⣄⣈⣉⣉⣉⣉⣭⡤⠴⠟⠋
⠀⠀⠀⣀⡤⠴⠒⠒⠋⣉⣉⣉⣉⡉⠉⠉⠉⠙⠒⣶⣶⠆
⠀⠀⠰⣏⡀⠀⠘⠛⠛⠛⠛⠛⠛⠻⠿⠿⢿⣿⣾⡿⠧⠤⠤⣤⣤⣤⠤
⠀⣰⠟⠛⠿⠿⢿⣷⡖⠒⢒⣶⣶⠶⠆⠀⢀⣿⣿⠏⠀⠀⣴⣿⠋
⠼⠿⠶⠶⠤⢤⣤⠏⠀⠠⣾⣿⣧⣶⣶⣾⣿⣿⠋⠀⢀⣾⡿⠃
⠀⠀⠀⠀⠀⠀⠛⠶⠤⢤⣤⣄⣀⣀⣠⣤⣤⣤⠴⠶⠟⠋⠁
⠀⣀⣴⣶⣾⣭⣽⣿⣭⣭⣓⡶⣄
⠈⠙⠛⠛⠛⠻⠿⣿⠿⠷⠒⠶⢤⡿
⠀⠀⠀⢀⣤⣴⠶⣒⣛⣉⣭⣭⣭⣉⣛⠓⠲⢦⣤⡄
⢀⣴⣾⣿⣷⣿⣿⣿⣷⣶⣶⣶⣿⣾⣿⠛⠛⠉⠉⠑⠲⣄
⠀⠀⠀⠉⠉⠉⠉⠙⠛⠛⠿⣿⠿⠿⠛⠛⠛⠛⠓⠶⡼⠟
⠀⠀⠀⠀⠀⣀⣠⣤⣴⠖⠒⠛⠛⣉⣉⣙⡛⠛⠛⠒⠶⠦⣤⣄⣀
⠀⠀⣀⣤⣶⣛⣭⣵⣶⣖⣛⣛⣩⣭⣍⣛⣯⣿⣷⣶⣤⡤⠿⠛⠯⣄⡀
⠐⠚⠛⢛⣿⣿⣿⣿⣿⣿⣿⣿⣿⣿⣿⣿⣿⣿⠯⢥⣤⣄⣀⡀⠀⠀⣹⣦
⠀⠀⠀⠀⠀⠀⠀⠀⠀⠉⠉⠉⠛⠻⢿⡿⠗⠚⠋⠉⠉⠉⠉⠙⠛⢶⠿⠋
⠀⠀⢀⣠⠴⠒⠿⢍⡍⠉⠙⠲⡄
⠀⠴⢿⣿⡶⢂⣼⠏⠭⠛⠛⠛⠃
⠀⠀⠀⠀⠀⠀⢀⣠⡤⠖⣚⣛⠋⠉⠛⠛⠒⣦⡀
⠀⠀⠀⠀⣠⣶⠟⠁⠀⢍⠍⢩⣈⣉⡉⠀⠀⠀⢙⡷
⠀⠀⣤⣾⣿⣯⣵⡤⠤⠤⠿⠿⠿⠛⠿⢿⣿⣾⡿⠶⠤
⠠⠶⠛⠛⣻⠿⠿⠶⠒⠶⠾⠗⠒⠛⠉⠉⠁
⠀⠀⠀⠀⠀⠀⠀⠀⠀⢀⣠⣤⠶⠖⠛⠛⠛⠛⠛⠛⠒⠶⣤⡀
⠀⠀⠀⠀⠀⠀⣀⣴⡾⠛⠁⢐⠟⠛⠿⠁⠶⠶⠒⠀⠈⠉⠉⠻⣦⡀
⠀⠀⠀⠀⣀⣾⣿⡯⠀⠀⠀⠈⠊⣥⣬⣽⣿⣶⣦⣤⣤⣄⣠⡴⠛⠁
⠀⠀⢴⣾⣿⣿⣿⠾⢿⡚⠛⠒⠉⢛⡛⠉⠉⢙⣛⣻⣿⠿⠿⠛⠛⠋⠉⠁
⠠⠒⠛⠛⠛⣫⠿⠿⠿⠒⠚⡻⠿⠟⠓⠛⠉⠉⠁
⣔⣲⢰⣹⣸⠶⡇⡗⠿⢸⣸⠀⠴⡀
⠓⣬⣆⣧⣿⡷⢶⡶⢾⣿⣽⣱⣴⠚
⠀⠘⠿⣋⠉⣹⣋⣙⣏⠉⣙⠿⠃
⠀⠀⠀⠈⠓⠮⣟⣻⠵⠚⠁
⣤⠤⣤⢠⡖⢰⡆⣿⢦⣿⠀⣿⢦⣿⢸⡇⢰⣖⠂⣤⠤⢄
⣾⣂⡿⠘⢳⠺⢧⣿⣄⣉⣀⣉⣈⣩⣼⡷⠞⡇⠄⢈⡑⣶
⠉⠀⣶⡿⣂⡿⣚⣭⣛⠛⢿⡿⠛⣛⣭⣓⢾⣑⢿⣶⠀⠁
⠀⠀⠹⣿⣿⠚⠋⠛⢻⡿⠜⠣⢿⡟⠛⠙⠓⣿⣷⠟
⠀⠀⠀⠀⠈⠳⣧⡀⠿⣕⣶⣶⣎⠿⢀⣼⠞⠋
⠀⠀⠀⠀⠀⠀⠀⠙⠓⠦⣤⣤⠴⠚⠋
⣀⡤⠤⣄⢠⡖⠒⣶⠀⣿⣦⣸⣿⠀⣿⢦⣸⡇⢸⣿⠀⣶⠒⠲⢠⡤⢤⣀
⢸⡗⠲⣯⠸⢧⡤⣿⣤⣿⣂⠙⠛⠀⠛⠀⠛⢃⣸⣿⣤⢿⡭⣀⠘⠓⠢⣤
⠚⠓⢨⣥⣴⡄⢳⣤⡽⠿⠿⢿⣷⣿⣿⣶⡿⠿⠿⢯⣤⡾⢡⣦⣬⡍⠒⠛
⠀⠀⠸⣿⣣⣶⣟⣵⡶⣿⣳⣦⣄⢹⡏⣠⣴⣞⣿⠶⣮⣻⣶⣜⣿⠇
⠀⠀⠀⠙⠟⢿⣅⢀⠀⠀⣨⣿⢛⠀⠀⠛⣿⣅⠀⠀⡀⣨⡿⠻⠏
⠀⠀⠀⠀⠀⠀⠙⠻⢷⣄⡙⠦⣽⣿⣿⣯⠴⢋⣠⡾⠟⠋
⠀⠀⠀⠀⠀⠀⠀⠀⠀⠈⠙⠳⠶⣤⣤⠶⠞⠋⠉
⠟⠉⠀⠀⡀⠀⠀⠀⢽⣿⣿⣿⣿⣿
⣄⡀⠀⠈⠉⠐⠒⠂⣤⠀⠀⠀⢀⣤
⠉⠉⠉⠰⠶⠀⠀⠀⢨⠀⠀⠀⢸⣿
⣤⣤⡄⠀⠀⠀⠀⣴⣿⠀⠀⠀⢸⣿
⣿⣿⣷⣶⣄⣀⠀⠀⠁⠀⢀⣠⣾⣿
⣿⠟⠋⠁⠀⠀⠀⠀⠀⠀⠀⠀⠀⣿⣿⣿⣿⣿⣿⣿⣿⣿
⠁⠀⠀⠀⠀⢠⣶⣤⠀⠀⠀⠀⠀⠛⠛⠛⠛⠛⠛⠛⠛⠛
⣦⡀⠀⠀⠀⠀⠀⠈⠉⠉⠛⠻⢤⣤⠀⠀⠀⠀⠀⢠⣤⣤
⡿⠿⠟⠶⠶⢤⣤⣄⡀⠀⠀⠀⠀⠹⡀⠀⠀⠀⠀⢸⣿⣿
⡇⠀⠀⠀⠀⠈⠛⠋⠁⠀⠀⠀⠀⣸⠁⠀⠀⠀⠀⢸⣿⣿
⣇⣀⣀⣀⠀⠀⠀⠀⠀⠀⠀⣴⣾⣿⠀⠀⠀⠀⠀⢸⣿⣿
⣿⣿⣿⣿⣀⣀⠀⠀⠀⠀⠀⠙⠻⠛⠀⠀⠀⠀⠀⣸⣿⣿
⣿⣿⣿⣿⣿⣿⣷⣤⣄⣀⠀⠀⠀⠀⠀⢀⣀⣤⣶⣿⣿⣿
⣿⡿⠟⠋⠉⠀⠀⠀⠀⠀⠀⠀⠀⠀⠀⠀⢹⣿⣿⣿⣿⣿⣿⣿⣿⣿⣿⣿
⠋⠀⠀⠀⠀⠀⠀⣀⣀⣀⠀⠀⠀⠀⠀⠀⠸⠿⠿⠿⠿⠿⠿⠿⠿⠿⠿⠿
⡀⠀⠀⠀⠀⠀⠀⠛⠛⠿⠦⠤⣤⣤⣤
⣿⣦⣄⡀⠀⠀⠀⠀⠀⠀⠀⠀⠀⠀⠉⠒⢶⣶⠀⠀⠀⠀⠀⠀⠀⣶⣶⣶
⡟⠛⠛⠛⠛⠒⢲⣦⣤⣤⡀⠀⠀⠀⠀⠀⠀⢹⠀⠀⠀⠀⠀⠀⠀⣿⣿⣿
⡇⠀⠀⠀⠀⠀⠀⠙⠛⠛⠁⠀⠀⠀⠀⠀⠀⣼⠀⠀⠀⠀⠀⠀⠀⣿⣿⣿
⡇⠀⠀⠀⠀⠀⠀⠀⠀⠀⠀⠀⠀⠀⣀⣤⣾⣿⠀⠀⠀⠀⠀⠀⠀⣿⣿⣿
⣷⣶⣶⣶⣶⠀⠀⠀⠀⠀⠀⠀⠀⠀⣿⣿⣿⣿⠀⠀⠀⠀⠀⠀⠀⣿⣿⣿
⣿⣿⣿⣿⣿⣤⣤⣄⠀⠀⠀⠀⠀⠀⠈⠉⠉⠁⠀⠀⠀⠀⠀⠀⣰⣿⣿⣿
⣿⣿⣿⣿⣿⣿⣿⣿⣿⣶⣤⣀⣀⠀⠀⠀⠀⠀⠀⢀⣀⣠⣴⣾⣿⣿⣿⣿
⡶⣠⣤⣤⣤⣶⣮⣵⣶⣤⣤⣤⣄⢶
⢧⢻⣧⣴⠖⢒⡆⢰⣒⠲⣦⣼⡟⡼
⠈⢮⡻⣿⠦⠭⡅⢨⠭⠉⣿⢟⡵⠁
⠀⠀⠉⠚⠽⢿⣷⣼⡿⠯⠓⠉
⣤⠤⣄⣀⣀⣀⣠⠤⠤⢖⣚⣓⡲⠤⠤⣄⣀⣀⣀⣠⠤⣤
⣿⠀⣷⡖⠒⠒⠛⠛⠛⠛⠛⠛⠛⠛⠛⠛⠒⠒⢲⣾⠀⣿
⢻⡄⢿⣷⣶⣾⠛⠉⣉⣻⠀⠀⣏⣉⠉⠛⣷⣶⣿⡿⢠⡟
⠀⠻⣌⢻⣿⣿⣤⣀⣉⣉⡀⢈⣉⣉⠉⠛⣿⣿⡟⣡⠟
⠀⠀⠉⠳⣍⡻⢦⣤⣭⡽⠀⠀⢯⣭⣤⡴⢟⣩⠞⠉
⠀⠀⠀⠀⠀⠉⠓⠪⠭⢝⣛⣛⡫⠭⠕⠚⠉
⣠⣀⣀⡀⠀⠀⠀⠀⣀⣀⣀⡤⠴⢚⡓⠦⢤⣀⣀⣀⠀⠀⠀⠀⢀⣀⣀⣄
⣿⡇⢩⣭⣭⣭⣭⣭⣭⣥⣶⣶⣿⣿⣿⣿⣶⣶⣬⣭⣭⣭⣭⣭⣭⡍⢸⣿
⣿⡇⢸⣿⣇⠀⢀⣤⣤⣤⣤⣤⣤⠀⠀⣤⣤⣤⣤⣤⣤⠀⠀⣿⣿⡇⢸⣿
⢹⣧⠘⣿⣿⣿⣿⡟⠉⠉⣉⣉⣿⠀⠀⣿⣉⣉⠉⠙⣿⣿⣿⣿⣿⠃⣼⡏
⠀⠻⣧⠘⣿⣿⣿⣯⣀⠀⠛⠛⠛⠒⠒⠛⠛⠛⠛⠛⣿⣿⣿⣿⠃⣼⠟
⠀⠀⠙⢷⣌⠻⣿⣿⡉⠉⠛⠛⣿⠉⠉⡿⠛⠛⠀⢀⣿⣿⠟⣡⡾⠋
⠀⠀⠀⠀⠉⠳⢦⣍⡻⠿⣿⣿⣋⣀⣀⣛⣿⣿⠿⢟⣩⡴⠞⠉
⠀⠀⠀⠀⠀⠀⠀⠈⠉⠓⠲⠬⢭⣙⣋⡭⠥⠖⠚⠉⠁
⡀⣠⣴⣾⣿⣿⡟⢻⣿⣿⣷⣦⣄⢀
⡇⣿⣿⣿⡿⠟⠀⠀⠻⢿⣿⣿⣿⢸
⡇⣿⣿⣿⣋⡁⠀⠀⢀⣀⣤⣄⡀
⠀⠈⠛⠿⠛⠀⠀⠀⠈⢹⣿⣿⣿⢸
⡇⣶⣶⣆⣠⣤⡄⢀⣀⣈⣻⣿⣿⢸
⠁⠙⠻⢿⠿⠛⠁⠈⠛⠿⡿⠟⠋⠈
⠀⢀⠠⣐⣭⣿⣿⣿⣿⣿⡿⢿⣿⣿⣿⣿⣿⣭⣂⠄⡀
⡎⣵⣿⣿⣿⣿⣿⣿⣿⡟⠁⠈⢻⣿⣿⣿⣿⣿⣿⣿⣮⢱
⡇⣿⣿⣿⣿⣿⣿⠿⠓⠂⠀⠀⠈⠽⠿⠿⠿⠿⠿⠿⠿⢸
⡇⣿⣿⣿⣿⣿⡿⠛⣉⠀⠀⠀⠈⠓⠀⢉⣠⣠⢄⡀
⠧⣛⠿⣿⣿⣿⣿⠿⠗⠂⠀⠀⠠⢭⣿⣾⣿⣿⣷⣮⣕⢢
⠀⠀⠉⠚⠝⠻⢟⣋⡁⠀⠀⠀⠀⢐⠲⢽⣿⣿⣿⣿⣿⢸
⡏⣵⣿⣿⣿⡷⠋⣀⣀⣠⠀⠀⠀⠀⠉⠻⢿⣿⣿⣿⣿⢸
⢇⡻⣿⣿⣿⣿⣿⣿⣿⣿⠀⠀⣿⣿⣿⣷⣾⣿⣿⣿⢟⡸
⠀⠈⠐⠩⣛⣿⣿⢟⣋⣀⣀⣀⣈⣙⠻⣿⣿⣛⠭⠂⠁
⠀⠀⢀⡠⢔⣪⣭⣭⣭⣭⣭⣭⣭⡭⣭⣭⣭⣭⣭⣭⣭⣭⣕⡢⢄⡀
⡴⢪⣵⣾⣿⣿⣿⣿⣿⣿⣿⣿⠟⠁⠈⢿⣿⣿⣿⣿⣿⣿⣿⣿⣷⣮⡕⢦
⡇⢸⣿⣿⣿⣿⣿⣿⣿⣿⣿⣛⡀⠀⠀⠀⠿⢿⣿⣿⣿⣿⣿⣿⣿⣿⡇⢸
⡇⢸⣿⣿⣿⣿⣿⣿⣟⣉⣡⠤⠀⠀⠀⠀⣉⡉⠛⢻⠿⠿⠿⠿⠿⠿⠧⠼
⡇⢸⣿⣿⣿⣿⣿⣿⠏⣉⣀⡀⠀⠀⠀⠀⣀⠁⠐⢲⣶⣶⣒⠢⣄⡀
⠧⣜⠻⢿⣿⣿⣿⣿⣿⡿⠶⠒⠀⠀⠀⠀⠬⣭⣽⣿⣿⣿⣿⣿⣶⣭⡓⢤
⠀⠀⠉⠒⠭⣛⣛⣛⡛⠒⠒⠀⠀⠀⠀⠀⠀⠤⢬⣹⣿⣿⣿⣿⣿⣿⡇⢸
⡤⢀⣀⣀⣀⣀⣀⣀⠛⠉⠉⠀⠀⠀⠀⠀⠀⠓⠒⣺⣿⣿⣿⣿⣿⣿⡇⢸
⡇⢸⣿⣿⣿⣿⣿⣡⣤⣶⣶⣶⣿⠀⠀⣤⣤⣤⣤⣀⡙⣿⣿⣿⣿⣿⡇⢸
⠳⢌⡻⢿⣿⣿⣿⣿⣿⣿⣿⡿⠟⠀⠀⢿⣿⣿⣿⣿⣿⣿⣿⣿⡿⢟⡣⠞
⠀⠀⠈⠑⠪⢝⣛⣛⣛⣛⣉⣀⣀⣀⣀⣀⣈⣙⣛⣛⣛⣛⡫⠕⠊⠁
⠀⠀⢠⣶⣶⣶⣾⣄⣀⣀
⠀⠀⠤⣿⣯⣿⣿⣯⣽⣿⣤⠀⠠
⠀⠀⠀⠀⠀⠿⢿⣷⣿⣿⣿⣆⡠⠐
⠀⠀⠀⠀⠀⠀⠈⠙⠉⠙⡋⠉⠁
⠀⠀⠀⢠⣤⣴⢷⡶⢶⣶⣾⣄
⠀⠀⠀⢈⣛⣿⢿⠛⣯⣿⣿⢻⢻⡿⠿⡿⢀⠀⠀⠀⢲
⠉⠀⠀⡈⠙⠛⠛⠛⣿⣿⣿⣻⣻⣯⣿⣿⣽⣅⠀⠉⠀⢱
⠀⠀⠀⠁⠀⠀⠂⠈⠋⠙⢭⣿⣿⣿⢳⡞⣿⣿⡦⡎⠁⠁
⠀⠀⠀⠀⠀⠀⠀⠀⠀⠀⠈⠉⠫⠉⠁⢹⡉⠉⠉⠁
⠀⠀⠀⠀⠀⣀⣤⣼⣤⣤⣤⣤⣤⣸⣄
⠀⠀⠀⠀⠸⣸⣿⣿⣸⣤⡤⣷⣿⣿⣾⣦⣤⣤⣤⡤⡄⠀⠀⠀⠀⢀⡀
⠀⠀⠀⠀⢠⢢⣵⣟⢻⣉⣹⡎⣿⣿⣱⣏⣱⢌⣉⣑⣃⢄⠀⠀⢀⡀⢇
⠉⠒⠄⢀⠀⠉⠛⠛⠛⠛⣻⠇⣿⣿⢩⣋⡻⣸⣿⣿⣯⢺⡀⠀⠈⠁⠀⢱
⠀⠀⠀⠀⠣⠄⠀⢀⠄⠐⠧⠿⣿⠟⣻⢎⣾⣿⣯⣬⣿⣷⡕⢄⣠⠖⠐⠃
⠀⠀⠀⠀⠀⠀⠀⠀⠀⠀⠀⠀⠀⢯⠰⡿⠿⠗⡼⢱⡸⠿⠿⠖⡽
⠀⠀⠀⠀⠀⠀⠀⠀⠀⠀⠀⠀⠀⠀⠀⠑⠄⠀⠀⠘⣄
⠀⠀⠀⣠⣴⠶⠒⠶⢶⣶⣶⣶⣾⠃
⠀⠠⠴⠭⢥⣤⣄⣀⠀⢀⠈⠛⠃
⠀⣰⣶⣤⡤⠀⠉⢉⣿⣷⣶⠦⠄
⣰⡿⠿⠿⠷⠶⠶⠿⠿⠟⠋
⠀⠀⠀⠀⠀⢀⣠⣤⣶⣶⣶⣶⣶⣶⣶⣶⣶⣶⣶⣶⡾⠁
⠀⠀⠀⠀⠰⠿⢿⠟⠁⠀⠀⠀⠉⠙⠋⠙⠻⣿⣿⡿⠁
⠀⠐⠛⠛⠛⠿⠶⣶⣶⣤⣤⣐⡒⠤⠤⣀⡀⠉⠙⠁
⠀⠀⣠⣤⣤⣄⣀⡀⠀⠉⠉⠛⢻⣿⣷⣶⣤⣤⣄⣀⣀
⠀⣰⣿⣿⣿⣿⣿⣃⣀⣀⣀⣠⣿⣿⣿⣿⣿⠃
⣰⡿⠿⠿⠿⠿⠿⠿⠿⠿⠿⠿⠿⠿⠛⠋⠁
⠀⠀⠀⠀⠀⠀⠀⠀⣀⣠⣤⣤⣶⣶⣶⣶⣶⣶⣶⣶⣶⣶⣶⣶⣶⣶⡾
⠀⠀⠀⠀⠀⠀⣴⣿⣿⣿⠟⠋⠉⠉⠙⠛⠿⣿⡿⠿⣿⣿⣿⣿⣿⡿⠁
⠀⠀⢀⣀⣀⣘⣛⣛⡛⠁⠀⠀⠀⠀⠀⠀⠀⠀⠀⠀⠀⢹⣿⣿⡿⠁
⠀⠈⠉⠉⠉⠛⠛⠻⠿⢿⣿⣷⣶⣦⣭⣙⡒⠶⠤⣄⣀⠀⠀⠉⠁
⠀⠀⠀⣠⣤⣀⣀⡀⠀⠀⠀⠈⠉⠛⠛⠿⣿⣿⣶⣦⣬⣄⣀⣀
⠀⠀⣰⣿⣿⣿⣿⣿⣿⡗⠀⠀⠀⠀⠀⣰⣿⣿⣿⣿⣿⣿⠏⠉⠉⠉⠉
⠀⣰⣿⣿⣿⣿⣿⣿⣿⣶⣶⣶⣶⣶⣾⣿⣿⣿⣿⣿⡿⠏
⣰⠿⠿⠿⠿⠿⠿⠿⠿⠿⠿⠿⠿⠿⠿⠿⠟⠛⠋⠉
⢿⣙⡿⣿⣿⣿⣿⣿⣿⡿⣿⡿⣳⠆
⠀⠈⠙⠳⢽⡻⢿⣿⡿⣷⣯⢹⡏
⠀⠀⠀⠀⠾⣴⣾⣿⣷⣿⠽⠚⠁
⢿⣟⠻⣿⣿⣿⣿⣿⣿⣿⣿⣿⣿⣿⣿⣿⣿⣿⣛⢒⣶⠆
⠀⠉⠙⠷⢬⣟⡻⢿⣿⣿⣿⣿⣿⣿⣯⣔⣒⠶⣥⡿⠃
⠀⠀⠀⠀⠀⠈⢉⣿⠂⡙⠿⣭⡭⠟⣿⣿⣿⠗⣸⡟
⠀⠀⠀⠀⠀⠀⠸⠿⢬⣿⣛⣛⣛⣿⣯⠭⠶⠛⠁
⣿⣟⠛⣛⣛⣛⣛⣛⣛⣛⣛⣛⣛⣛⣛⣛⣛⣛⣛⣛⣛⣛⣛⣓⠲⢶⣤⠄
⠈⠛⠳⢶⣬⣙⠿⠿⠿⠿⠿⠿⠿⠿⣿⣿⣿⣿⡟⠩⢭⣭⣝⣋⣴⡿⠃
⠀⠀⠀⠀⠈⠉⠛⠷⣬⣭⡉⠭⣭⣭⣿⣿⣿⣿⣿⣿⣶⣶⡍⢻⣿
⠀⠀⠀⠀⠀⠀⠀⠀⢰⣿⠃⣤⣐⣒⣒⣒⣒⣠⣿⣿⡿⠟⣡⣾⠟
⠀⠀⠀⠀⠀⠀⠀⠀⠺⠿⠦⢭⣭⣭⣭⣭⣭⣭⡭⠴⠶⠛⠉
⠀⠀⠀⠀⢀⣀⣀⡾⢦⣤⣤⣶⡄
⢀⣴⣶⣿⣛⣋⣩⡷⠿⣿⣿⢿⣷
⠘⠉⠉⠉⠀⠹⠿⠛⠚⠻⢽⣷⡿⠋
⠀⠀⠀⠀⠀⠀⠀⠀⠀⠀⠀⣸⣶⣄⣀⣀⣀⣰⣦⡄
⠀⠀⢀⣀⣤⣤⣶⣿⠿⠿⠿⢿⣤⣿⣿⡿⣿⢿⣿⣯
⠠⣼⣿⣿⣿⠭⠥⠤⢤⣤⣾⣿⠉⠩⠽⣿⣿⣏⡻⢿⣦⣀
⠈⠉⠀⠀⠀⠀⠀⠀⠩⠟⠛⠛⠛⠛⠛⠲⢬⣿⣽⡿⠋⠁
⠀⠀⠀⠀⠀⠀⠀⠀⠀⠀⠀⠀⠀⠀⣸⣶⣤⡀⠀⠀⠀⠀⣶⣦⡀
⠀⠀⠀⠀⠀⠀⣀⣀⣠⣶⣶⣶⣿⣿⣿⡋⡘⣿⣿⣿⣿⣿⣿⣿⣿
⠀⠠⣴⣶⣿⣿⣿⠿⠿⠛⠋⠉⠉⣩⣭⣿⠿⢿⣿⣿⣽⣯⣽⣿⣿⡷
⢐⣾⣿⠿⠿⠟⠛⠛⠛⠛⢻⣿⣿⣿⣿⣖⣀⣐⣛⠿⢿⣿⣦⣍⣻⣿⣷⡦
⠈⠀⠀⠀⠀⠀⠀⠀⠀⠀⠀⠞⠛⠛⠉⠉⠉⠉⠉⠛⠷⣭⣽⣾⡿⠟⠁
⣤⣶⣿⣿⣿⣿⣿⣿⣿⣿⣿⣿⣶⣤
⣿⣿⣿⣿⣿⡏⠉⠉⠹⢿⣿⡿⠿⠿
⠻⢿⣿⣿⣿⣿⣿⣿⣿⣿⣿⣿⣷⣦
⣶⣶⣾⣿⣿⣆⣀⣀⣸⣿⣿⣿⣿⣿
⠛⠿⣿⣿⣿⣿⣿⣿⣿⣿⣿⣿⠿⠛
⠀⣠⣴⣾⣿⣿⣿⣿⣿⣿⣿⣿⣿⣿⣿⣿⣿⣿⣷⣤⣀
⣿⣿⣿⣿⣿⣿⣿⣿⣿⣿⣿⣿⣿⣿⣿⣿⣿⣿⣿⣿⣿⣿
⣿⣿⣿⣿⣿⣿⣿⣿⡇⠀⠀⠀⠀⠸⠿⠿⠿⠿⠿⠿⠿⠿
⣿⣿⣿⣿⣿⣿⣿⣿⣿⣿⣿⣿⣿⣿⣿⣿⣿⣿⣷⣤⣀
⠀⠉⠛⢿⣿⣿⣿⣿⣿⣿⣿⣿⣿⣿⣿⣿⣿⣿⣿⣿⣿⣿
⣶⣶⣶⣶⣶⣶⣶⣶⡆⠀⠀⠀⠀⢸⣿⣿⣿⣿⣿⣿⣿⣿
⣿⣿⣿⣿⣿⣿⣿⣿⣿⣿⣿⣿⣿⣿⣿⣿⣿⣿⣿⣿⣿⣿
⠀⠙⠻⢿⣿⣿⣿⣿⣿⣿⣿⣿⣿⣿⣿⣿⣿⣿⡿⠛⠉
⠀⠀⣀⣤⣶⣿⣿⣿⣿⣿⣿⣿⣿⣿⣿⣿⣿⣿⣿⣿⣿⣿⣿⣶⣤⣀
⣶⣿⣿⣿⣿⣿⣿⣿⣿⣿⣿⣿⣿⣿⣿⣿⣿⣿⣿⣿⣿⣿⣿⣿⣿⣿⣿⣶
⣿⣿⣿⣿⣿⣿⣿⣿⣿⣿⡟⠛⠛⠛⠛⠛⠛⢻⣿⣿⣿⣿⣿⣿⣿⣿⣿⣿
⣿⣿⣿⣿⣿⣿⣿⣿⣿⣿⣇⣀⣀⣀⣀⣀⣀⣘⣛⣛⣛⣛⣛⠛⠛⠛⠛⠛
⢿⣿⣿⣿⣿⣿⣿⣿⣿⣿⣿⣿⣿⣿⣿⣿⣿⣿⣿⣿⣿⣿⣿⣿⣶⣤⣀
⠀⠉⠛⠿⣿⣿⣿⣿⣿⣿⣿⣿⣿⣿⣿⣿⣿⣿⣿⣿⣿⣿⣿⣿⣿⣿⣿⣷
⣤⣤⣤⣤⣤⣭⣭⣭⣭⣭⡍⠉⠉⠉⠉⠉⠉⢹⣿⣿⣿⣿⣿⣿⣿⣿⣿⣿
⣿⣿⣿⣿⣿⣿⣿⣿⣿⣿⣧⣤⣤⣤⣤⣤⣤⣼⣿⣿⣿⣿⣿⣿⣿⣿⣿⣿
⠿⣿⣿⣿⣿⣿⣿⣿⣿⣿⣿⣿⣿⣿⣿⣿⣿⣿⣿⣿⣿⣿⣿⣿⣿⣿⣿⠿
⠀⠀⠉⠛⠿⣿⣿⣿⣿⣿⣿⣿⣿⣿⣿⣿⣿⣿⣿⣿⣿⣿⣿⠿⠛⠉
⣶⣶⣾⠿⠇⣾⠛⠻⠶⢻⣿⠂⣶⣦
⠀⣼⠿⠆⠀⠛⠓⠚⠋⠘⠿⢦⡿⠃
⣤⣤⣶⣶⣶⣾⣿⢠⣶⡿⠟⠿⣷⣦⠸⣿⣶⡶⢰⣦⣤⣄
⠛⠛⢹⣿⡇⠀⠀⢸⣿⣧⣀⣠⣦⣤⠀⣿⣿⡀⠀⣿⣿⠉
⠀⢰⡾⠿⠟⠃⠀⠀⠈⠉⠉⠙⠉⠀⠀⠈⠻⠿⠶⠿⠛
⣀⣠⣤⣤⣶⣶⣶⣾⣿⢀⣴⣾⣿⠿⢿⣿⣦⣄⢸⣷⣶⣶⣦⢠⣤⣤⣀⣀
⣿⣿⡿⣻⣿⣿⠘⠛⠉⢸⣿⣿⡇⠀⠀⣙⣛⡋⠀⣿⣿⣿⠉⠈⣿⣿⣿⠿
⠁⠀⠀⣿⣿⣿⣤⠀⠀⠘⢿⣿⣷⣶⣶⣿⡿⠟⠀⢿⣿⣿⣄⣀⣿⣿⣿
⠀⠀⣿⠿⠿⠛⠛⠀⠀⠀⠀⠈⠉⠉⠉⠉⠀⠀⠀⠀⠙⠛⠻⠿⠿⠛⠉
⠀⠀⠀⣄⣃⣀⣀⣀⣀⣀⣀⣀
⢤⡀⠀⠛⠛⠋⢻⣿⡏⠙⠛⠛
⠀⠉⠢⢄⡠⢤⣸⣿⣇⠀⠀⣀⡤
⠀⠀⠀⠀⠀⠘⠛⠻⢟⣀⡎
⠀⠀⠀⠀⢀⣀⣗⣀⣀⣀⣀⣀⣀⣀⣀⣀⣀⣀⣀
⠀⠀⠀⠀⢸⣿⣿⣿⡿⠿⣿⣿⣿⠛⠟⢿⣿⣿⣿
⠈⠓⢦⣄⠀⠀⠀⠀⠀⠀⣿⣿⣿
⠀⠀⠀⠉⠓⠲⠴⠚⢙⣆⣿⣿⣿⣤⡄⠀⣀⡤⠴⠒⠃
⠀⠀⠀⠀⠀⠀⠀⠀⠈⠛⠛⠛⠿⣟⣃⣘⣯
⠀⠀⠀⠀⠀⠀⠀⢸⡧⠀⠀⠀⠀⠀⠀⠈
⠀⠀⠀⠀⠀⢸⣷⣶⣶⣶⣶⣶⣶⣶⣶⣶⣶⣶⣶⣶⣶⣶⣶⣶
⢀⣀⠀⠀⠀⠸⠿⠿⠿⠿⠿⠉⢹⣿⣿⣿⣿⠈⠉⠹⠿⠿⠿⠿⠄
⠀⠙⠷⣤⡀⠀⠀⠀⠀⠀⠀⠀⢸⣿⣿⣿⣿
⠀⠀⠀⠈⠻⠦⣄⣀⣀⡴⠶⣤⠸⣿⣿⣿⣿⠀⠀⠀⠀⠀⠀⣀⣠⠤⠄
⠀⠀⠀⠀⠀⠀⠀⠈⠉⠀⠀⣿⣾⣿⣿⣿⣿⣿⡇⠀⣤⠖⠋⠉
⠀⠀⠀⠀⠀⠀⠀⠀⠀⠀⠀⠈⠉⠉⠉⠛⠯⢭⣭⣀⣿⡄
⣿⡟⢛⣛⣛⣛⡛⢛⣛⣛⣛⡛⢻⣿
⠿⠇⠸⠿⠉⣿⡇⢸⣿⠉⠿⠇⠸⠿
⠀⠀⠀⠀⠀⣿⡇⢸⣿
⠀⠀⠀⣀⣀⣿⡇⢸⣿⣀⡀
⠀⠀⠀⣩⣩⣍⣥⣬⣭⣭⣍
⣿⣿⠛⠛⠛⠛⠛⠛⠛⠛⠛⠛⠛⠛⠛⠛⠛⠛⠛⠛⣿⣿
⣿⣿⠀⠀⣿⣿⠛⠛⣿⣿⠀⠀⣿⣿⠛⠛⣿⣿⠀⠀⣿⣿
⠛⠛⠀⠀⠛⠋⠀⠀⣿⣿⠀⠀⣿⣿⠀⠀⠙⠋⠀⠀⠛⠛
⠀⠀⠀⠀⠀⠀⠀⠀⣿⣿⠀⠀⣿⣿
⠀⠀⠀⠀⠀⠀⠀⠀⣿⣿⠀⠀⣿⣿
⠀⠀⠀⠀⢠⣤⣤⣤⣿⣿⠀⠀⣿⣿⣤⣤⣤
⠀⠀⠀⠀⢠⣤⣤⣤⣤⣤⣤⣤⣤⣤⣤⣤⣤
⣿⣿⡿⠿⠿⠿⠿⠿⠿⠿⠿⠿⠿⠿⠿⠿⠿⠿⠿⠿⠿⠿⠿⠿⠿⢿⣿⣿
⣿⣿⡇⠀⠀⣶⣶⣶⣶⣶⣶⣶⡆⠀⠀⢴⣶⣶⣶⣶⣶⣶⣦⠀⠀⢸⣿⣿
⣿⣿⡇⠀⠀⣿⣿⡇⠀⠀⣿⣿⡇⠀⠀⢸⣿⣿⠀⠀⢸⣿⣿⠀⠀⢸⣿⣿
⠀⠀⠀⠀⠀⠀⠀⠀⠀⠀⣿⣿⡇⠀⠀⢸⣿⣿
⠀⠀⠀⠀⠀⠀⠀⠀⠀⠀⣿⣿⡇⠀⠀⢸⣿⣿
⠀⠀⠀⠀⠀⠀⠀⠀⠀⠀⣿⣿⡇⠀⠀⢸⣿⣿
⠀⠀⠀⠀⠀⠀⠀⠀⠀⠀⣿⣿⡇⠀⠀⢸⣿⣿
⠀⠀⠀⠀⠀⠀⠿⠿⠿⠿⠿⠿⠇⠀⠀⠺⠿⠿⠿⠿⠿⠟
⠀⠀⠀⠀⠀⠀⣶⣶⣶⣶⣶⣶⣶⣶⣶⣶⣶⣶⣶⣶⣶⣦
⣿⠉⢉⣉⣉⣉⡉⠉⣉⣉⣉⡉⠉⣿
⠉⠉⠉⢠⣆⢽⠯⠽⡟⡦⠀⠉⠉⠉
⠹⠞⠟⠿⠓⢮⣶⠾⣿⣳⠖⠒⠐⠖
⠀⠀⠀⣿⣉⣉⣀⣀⣉⣉⣿
⣿⡟⠛⠛⠛⠛⠛⠛⠛⠛⠛⠛⠛⠛⠛⠛⠛⠛⠛⠛⢻⣿
⣿⣇⣀⣸⣿⠉⣉⢩⡿⡷⠦⠤⣼⣿⡍⠉⠉⣿⣇⣀⣸⣿
⠀⠀⠀⠀⢀⣠⣿⡤⢾⡭⠷⠾⠽⣏⢳⠜
⠸⣧⠾⣗⣳⣽⣻⣇⣞⣱⣲⡖⣟⣻⣶⣶⣶⡶⣶⠒⣶⣶
⠀⠀⠀⠀⢀⣀⣀⣀⣼⡎⠋⠉⢻⣷⣶⣟⣀⡀
⠀⠀⠀⠀⢸⣿⣤⣤⣤⣤⣤⣤⣤⣤⣤⣤⣿⡇
⣿⣿⠛⠛⠛⠛⠛⠛⠛⠛⠛⠛⠛⠛⠛⠛⠛⠛⠛⠛⠛⠛⠛⠛⠛⠛⣿⣿
⣿⣿⠀⠀⢰⣶⡖⠒⠒⢒⣶⣶⣤⣄⣀⣰⣶⣖⡒⠒⠒⢲⣶⡆⠀⠀⣿⣿
⠉⠉⠉⠉⠉⠉⠁⢸⣿⢉⣩⣾⣲⣆⣤⢟⣿⠿⣧⣰⡄⠈⠉⠉⠉⠉⠉⠉
⢠⣴⢀⣤⣆⣔⡲⣿⣿⡏⣹⢿⣉⣁⣉⣩⣽⣖⣚⡉⣀⣀⣀⣀⣀⣀⣀⣀
⠀⠻⠚⠙⠣⠞⠛⠓⠚⠓⢻⡴⣿⣼⣏⣻⣧⡟⠟⣛⡻⠟⠃⠛⠀⠘⠛⠛
⠀⠀⠀⠀⠀⠀⣤⣤⠤⠤⠼⠿⠆⠀⠀⠸⠿⠿⠿⠯⣥⣤
⠀⠀⠀⠀⠀⠀⣿⣧⣤⣤⣤⣤⣤⣤⣤⣤⣤⣤⣤⣤⣼⣿
⠀⠀⠀⢀⠆⠁⡄⢈⠩⣄⡈⠻⢄
⠀⠀⣀⡸⢜⣚⣚⢂⡚⠵⠤⢤⡲⠃
⠉⠉⢿⣧⣸⣿⣿⣿⠍⢷⣦⣁⣼⡿
⠀⠀⠀⠀⠀⠀⢶⣒⠒⠐⡩⠽⠟⡟⡩⡉⢙⣻⣿⣀
⠀⠀⠀⠀⠀⣴⠏⣴⢰⡘⣇⡸⡦⢽⣿⠷⠂⠁⠘⠛⢢⡀
⠀⠀⠀⣀⣀⣹⣧⠙⠮⢽⣚⠻⠄⠻⣍⢷⣰⡶⣮⢻⡾
⠶⠶⠶⣿⣿⣿⢨⣿⣿⣿⣿⣿⡿⠷⣬⣍⣀⠬⠋⢹⣶⣶
⠀⠀⠀⠻⣿⣿⣤⣽⣿⣿⣿⣿⡿⠂⠺⣿⣿⣤⣤⣾⣿⠟
⠀⠀⠀⠀⠀⠀⠀⠰⣖⠲⠶⣖⠒⢋⡭⢟⠿⡭⢉⠉⠙⠛⠯⣿⡀
⠀⠀⠀⠀⠀⠀⠀⣠⠼⢋⡅⡄⢸⡏⢠⡅⠘⢤⣧⣜⣈⡒⠃⢻⣿⣆
⠀⠀⠀⠀⠀⠀⢸⣿⠀⣾⠀⣷⠘⢧⣬⡭⢛⣽⣿⠛⠁⠀⠀⠀⣌⡩⣳
⠀⠀⠀⠀⣀⣀⣈⣿⣄⠙⠷⠭⠽⠛⠻⠤⠉⢻⣍⣻⣆⣶⣶⣦⠽⣿⡏
⣤⣤⣤⣤⣿⣿⣿⡇⠙⣷⣶⣿⣿⣭⣽⣷⣶⣄⡙⠒⠛⠙⢚⡿⢺⣥⣤⣤
⠋⠉⠉⠙⣿⣿⣿⡇⠸⢿⣿⣿⣿⣿⣿⣿⣛⠛⣿⣿⣶⡎⠉⠀⢸⣿⣿⣿
⠀⠀⠀⠀⠻⢿⣿⣿⣶⣾⣿⣿⣿⣿⣿⡿⠟⠀⠻⢿⣿⣷⣶⣶⣿⣿⡿⠟
⠀⠀⠀⣠⡶⠞⠛⣿⣟⣓⣂⢤
⣠⣤⣤⣿⣧⣤⣼⣿⢿⣯⣭⣭⣤⣀
⢿⣧⡴⠿⠤⠾⠿⠦⠿⠿⠦⠼⣤⠿
⠀⠀⠀⠀⠀⠀⢤⣴⣶⠖⠛⣿⣟⣛⣶⣶⣄⣀
⠀⠀⠀⠀⠠⣾⣿⠏⠀⠀⢠⣽⣯⣤⣤⡴⢦⣬⡿
⠀⣤⡤⣤⠼⣿⠿⣤⡤⣤⡬⣽⣿⣿⡿⣤⡤⣥⠤⣴⡆
⣾⣭⡍⠉⣭⣽⠋⠉⠭⠭⣿⠉⠩⢭⡭⣽⠉⠉⣛⠉⠉⣷
⠻⢿⣷⠾⠿⠿⠽⠿⠿⠿⠿⠽⠿⠿⠿⠿⠿⠿⠿⢶⡶⠟
⠀⠀⠀⠀⠀⠀⠀⠀⣠⣤⣴⡶⠶⠛⣛⣛⣛⣓⣲⣶⣄⣀
⠀⠀⠀⠀⠀⠀⣠⣶⣿⡛⠉⠀⠀⠀⣛⣿⣋⣉⣉⣡⣍⣉⡙⣷⡄
⠀⠀⡀⠀⠀⢀⣿⣿⣯⠀⠀⠀⠀⠨⢿⡿⣿⣿⣿⡉⠉⠙⠛⠋⢀⣀
⢀⣸⣿⣍⣿⣏⣿⣿⣽⣻⣏⣟⣻⣛⣿⣿⡿⢻⠯⣟⣏⣹⣿⣉⣿⣿⣀⡀
⢸⣷⣶⠀⠀⢰⣶⣿⣀⣀⣐⣒⣒⣯⣀⣀⣒⣛⣛⣺⣇⣀⢀⣭⡁⠀⢸⡇
⠘⠿⣭⠿⠯⠿⠯⠿⠟⠛⠚⠓⠛⠓⠒⠛⠒⠛⠚⠛⠿⠯⠿⠭⠿⣽⠟⠃
⠀⠸⠿⠟⠛⠛⣿⢹⠛⠛⠻⠯⠇
⠀⣼⣿⣧⡀⠀⣿⢸⠀⣿⠳⣴⢿⡏
⠉⠉⠀⠈⢩⣤⣿⣼⣤⡍⠁⠀⠈⠉
⠀⠀⢸⣿⣭⣭⠭⠭⠭⣭⣭⠍⡭⠭⠭⠭⣭⣽⠛⡇
⠀⠀⢈⣉⣉⣁⠀⠀⠀⢸⣿⠀⡇⢀⣀⣀⡉⠉⠉⣁⣀⣀
⠀⢀⣼⣟⣻⣷⡀⠀⠀⢸⣿⠀⡇⠀⢸⣿⢿⣦⣾⠟⣿⡇
⠴⠾⠿⠉⠉⠽⠿⠶⠄⢸⣿⠀⡇⠠⠾⠿⠄⠙⠁⠴⠿⠧
⠀⠀⠀⠀⠀⠀⠀⢸⣿⣿⣿⣶⣿⣛⡇
⠀⠀⠀⣿⣯⣭⣭⣭⣭⣭⣭⣭⣭⣭⡭⣭⣭⣭⣭⣭⣭⣭⣽⠛⣿
⠀⠀⠀⠛⠛⠛⠻⠃⠀⠀⠀⠀⣿⣿⡇⣿⠀⠀⠀⠀⠘⠟⠛⠶⠟
⠀⠀⠀⣻⣿⣿⣿⡃⠀⠀⠀⠀⣿⣿⡇⣿⠀⠘⣿⣿⣿⣦⡀⣠⣾⣿⣿⠛
⠀⢀⣾⡿⠿⠾⠿⣿⣆⠀⠀⠀⣿⣿⡇⣿⠀⠀⣿⣿⠉⠻⣿⡿⠋⣿⣿
⠛⠛⠛⠓⠀⠀⠐⠛⠛⠛⠃⢀⣿⣿⡇⣿⡀⠘⠛⠛⠛⠀⠈⠀⠘⠛⠛⠛
⠀⠀⠀⠀⠀⠀⠀⠀⠀⢸⣿⣿⣿⣿⣷⣿⣿⣹⡇
⠉⡽⠒⠒⠒⠒⠒⠒⠒⠒⠒⠒⢺⡍
⠀⣿⠀⠀⠀⠀⠀⠀⠀⠀⠀⠀⢸⡇
⣤⣭⠙⠃⠀⠀⠀⠤⢤⣤⣀⡋⢭⣤
⣿⡁⠀⠀⠀⠀⠀⠀⠀⠙⠋⠋⠀⣿
⠿⢟⣠⡄⠀⠀⠀⠀⠀⠀⠠⣄⣺⠿
⠀⣿⠀⠀⠀⠀⠀⠀⠀⠀⠀⠀⢸
⠀⠿⢴⣖⣒⣒⣒⣒⣒⣒⣲⡦⠼
⠉⢩⣭⠭⠥⠤⠤⠶⠶⠶⠶⠶⠶⠶⠶⠦⠤⠤⠭⢭⣍⠉
⠀⢸⡇⠀⠀⠀⠀⠀⠀⠀⠀⠀⠀⠀⠀⠀⠀⠀⠀⠀⣿
⠀⢸⣇⣀⣀⡀⠀⠀⠀⠀⠀⠀⠀⠀⠀⠀⠀⣀⣀⣀⣿
⣤⣬⣭⠁⠿⠇⠀⠀⠀⠠⠤⠤⢤⣄⣀⣀⡀⠿⠀⣭⣥⣤
⣿⣿⠋⠔⠀⠀⠀⠀⠀⠀⠀⠀⠠⠀⠿⣿⠿⡿⠦⠈⢻⣿
⣿⣷⣌⠂⠀⠀⠀⠀⠀⠀⠀⠀⠀⠀⠀⠀⠀⠀⠀⢂⣼⣿
⠿⠿⠟⢀⣶⡆⠀⠀⠀⠀⠀⠀⠀⠀⠀⠀⠀⣶⡀⠻⠿⠿
⠀⢸⣿⠉⠉⠁⠀⠀⠀⠀⠀⠀⠀⠀⠀⠀⠀⠉⠉⢹⡇
⠀⢸⣿⠀⠀⠀⠀⠀⠀⠀⠀⠀⠀⠀⠀⠀⠀⠀⠀⢸⡇
⠀⠘⢛⣒⣒⣛⣛⣛⣛⣛⣉⣉⣙⣛⣛⣛⣛⣓⣒⡚⠓
⠋⠉⣉⣉⣩⣭⣭⣤⣤⣤⡤⠤⠤⠤⠤⠤⠤⠤⢤⣤⣤⣬⣭⣭⣉⣉⡉⠙
⠀⠀⣿⡇⠀⠀⠀⠀⠀⠀⠀⠀⠀⠀⠀⠀⠀⠀⠀⠀⠀⠀⠀⠀⠀⢹⡇
⠀⠀⣿⡇⠀⠀⠀⠀⠀⠀⠀⠀⠀⠀⠀⠀⠀⠀⠀⠀⠀⠀⠀⠀⠀⢸⡇
⠀⠀⣿⣇⣠⣤⣤⠀⠀⠀⠀⠀⠀⠀⠀⠀⠀⠀⠀⠀⠀⢀⣤⣤⣄⣼⡇
⣤⣤⣥⡄⠀⢸⠿⠀⠀⢀⣀⣀⣀⣀⣀⣀⣀⣀⣀⡀⠀⠸⢿⠀⢠⣤⣤⣄
⣿⣿⡿⠃⡀⠀⠀⠀⠀⠀⠀⠀⠀⠀⠀⠀⡀⠉⣿⣿⣿⣷⣶⣄⠘⠻⣿⣿
⣿⣿⡁⢸⠀⠀⠀⠀⠀⠀⠀⠀⠀⠀⠀⠀⠁⠈⠉⠘⠉⠙⠉⠈⠀⠀⣹⣿
⣿⣿⣷⡄⠑⠀⠀⠀⠀⠀⠀⠀⠀⠀⠀⠀⠀⠀⠀⠀⠀⠀⠀⠀⢡⣴⣿⣿
⠿⠿⠿⠃⠀⢸⣶⠀⠀⠀⠀⠀⠀⠀⠀⠀⠀⠀⠀⠀⠀⢰⣶⠀⠘⠿⠿⠿
⠀⠀⣿⡟⠋⠉⠉⠀⠀⠀⠀⠀⠀⠀⠀⠀⠀⠀⠀⠀⠀⠈⠉⠉⠛⣿⡆
⠀⠀⣿⡇⠀⠀⠀⠀⠀⠀⠀⠀⠀⠀⠀⠀⠀⠀⠀⠀⠀⠀⠀⠀⠀⣿⡇
⠀⠀⣿⡇⠀⠀⠀⣀⣀⣀⣀⣀⣀⣀⣀⣀⣀⣀⣀⣀⣀⡀⠀⠀⠀⣿⡇
⠀⠀⢛⣛⣉⣉⣉⣉⣉⣩⣭⣭⣭⣭⣭⣭⣭⣭⣍⣉⣉⣉⣉⣉⣛⡛⠃
⠀⠉⠑⠲⣤⣤⣤⣤⣤⣤⠖⠊⠉
⠀⠀⠀⠀⠀⠈⣿⣿⠁
⠉⠉⠉⠓⠲⢤⣄⣀⣀⣀⣀⣀⣀⣀⣀⣠⡤⠖⠚⠉⠉⠉
⠀⠀⠀⠀⠀⠀⠙⠛⠙⣿⣿⣿⣿⠋⠛⠋
⠀⠀⠀⠀⠀⠀⠀⠀⠀⠸⣿⣿⠇
⠉⠉⠉⠛⠲⠦⣤⣀⡀⠀⠀⢀⣀⣀⣀⣀⡀⠀⠀⢀⣀⣤⠴⠖⠛⠉⠉⠉
⠀⠀⠀⠀⠀⠀⠀⠩⢽⡿⠿⣿⣿⣿⣿⣿⣿⠿⢿⡯⠍
⠀⠀⠀⠀⠀⠀⠀⠀⠀⠀⠀⠙⢿⣿⣿⣿⠋
⠀⠀⠀⠀⠀⠀⠀⠀⠀⠀⠀⠀⢾⣿⣿⡷
⠀⠀⠀⣠⠿⠿⠿⠇⣀⣀⣄⣀
⢤⣤⣤⣱⣶⣿⡇⠀⣹⣿⣷⣿⣾⣇
⠀⠘⣯⣿⡿⣿⠇⠀⢿⡏⢸⣿⢸⠛
⠀⠀⠉⠉⠉⠉⠈⠻⢿⣿⡋⠉⠁
⠀⠀⠀⠀⠀⣀⣿⣿⣿⣿⣿⣇⣀⡀⣀⣀⣀⡀
⠀⠀⠀⠀⠀⢧⣤⣤⣤⣴⡄⠀⠨⣻⣯⣚⢖⣽⣭⣴⣶
⠉⠛⠿⡿⢟⣿⣟⣿⣿⣿⡇⠀⢰⣾⣿⠿⢿⣾⡿⢿⣿⣷
⠀⠀⠀⣵⠾⣿⡯⣙⢯⡟⠃⠀⠘⢛⣿⣇⢿⣿⢇⣸⠉⠁
⠀⠀⠀⠀⠀⠀⠀⠀⠀⠀⠀⠙⠿⠿⣿⣿⡁
⠀⠀⠀⠀⠀⠀⠀⢸⣿⣿⣿⣿⣿⣿⡇
⠀⠀⠀⠀⠀⠀⢰⠚⠛⠛⠛⠛⠛⠛⠛⠒⢒⣔⡶⣙⣛⡓⢶⠦⠄⣀⡀
⣀⣀⣀⣀⣀⣀⣘⣲⣶⣶⣿⣿⣿⠀⠀⠀⣉⡼⢞⣍⡛⡤⣿⣿⣷⣿⣷
⠉⠛⠿⢿⡿⠿⣿⣿⡿⠿⣿⣿⣿⠀⠀⠀⣶⣿⣿⠿⠿⣿⣾⠿⠿⢿⣿⣷
⠀⠀⠀⠈⢧⣄⣛⣛⡛⠻⡟⣻⣿⠀⠀⠀⣿⣿⣿⡇⢸⣿⣿⡇⠀⡿⠛⠋
⠀⠀⠀⠀⠓⠬⠭⠭⠥⠔⠃⠧⠤⠤⢤⣤⣤⣼⣿⣷⡬⠭⠭⠥⠖⠃
⠀⠀⠀⠀⠀⠀⠀⠀⠀⠀⠀⠀⠀⠀⠀⠙⠿⠿⣿⣿⡆
⠀⠀⠀⢦⣄⡀
⠀⠀⣀⣤⣽⣿⣿⣿⣶⣶⣤⣄⡀
⠠⢞⣿⣿⣿⣿⣿⣿⣿⠿⠿⢿⣿⣦
⠚⠉⠉⠉⠉⠀⠉⢹⣿⡶⠂⠈⠉⠁
⠀⠀⠀⠀⠰⣄⡀
⠀⠀⠀⠀⠘⠻⣿⣶⣤⣄⣀⡀
⠀⠀⠀⠀⠀⣀⣨⣿⣿⣿⣿⣿⣿⣷⣶⣦⣤⣄⡀
⠀⠀⣠⣶⣿⣿⣿⣿⣿⣿⣿⣿⣿⣿⣿⣿⣿⣿⣿⣷⡀
⢀⠾⢛⣻⣿⣿⣿⣿⣿⣿⣿⣿⣿⣿⣿⠿⠿⢿⣿⣿⣿⣦
⢠⡾⠿⠟⠛⠛⠛⠛⠉⠒⠿⠿⣿⣿⣄⣀⣀⠀⠼⠟⠛⠁
⠀⠀⠀⠀⠀⠀⠀⠀⠀⠀⠀⠶⣿⣿⣿⠟⠁
⠀⠀⠀⠀⠀⠐⣦⡀
⠀⠀⠀⠀⠀⠐⠿⣿⣷⣦⣄⣀⡀
⠀⠀⠀⠀⠀⠀⠀⠈⠛⣿⣿⣿⣿⣿⣷⣶⣶⣤⣤⣀⣀
⠀⠀⠀⢀⣠⣴⣶⣿⣿⣿⣿⣿⣿⣿⣿⣿⣿⣿⣿⣿⣿⣿⣿⣶⣤⡀
⠀⢀⣴⣿⣿⣿⣿⣿⣿⣿⣿⣿⣿⣿⣿⣿⣿⣿⣿⣿⣿⣿⣿⣿⣿⣷⣄⡀
⠠⠟⣋⣥⣶⣿⣿⣿⣿⣿⣿⡿⢿⣿⣿⣿⣿⡿⠟⠛⠛⠛⠻⢿⣿⣿⣿⡷
⣠⠾⠟⠛⠛⠋⠉⠉⠉⠉⠁⠚⠛⠛⠻⣿⣿⣷⣦⣤⣤⡤⠀⠚⠛⠛⠉
⠀⠀⠀⠀⠀⠀⠀⠀⠀⠀⠀⠀⠀⠒⠒⣻⣿⣿⡿⠿⠃
⣿⣿⣿⣿⢿⣿⣿⣿⣿⡿⣿⣿⣿⣿
⠉⠉⣿⣶⣶⣿⣿⣿⣿⣶⣶⣿⠉⠉
⠀⠀⠀⠀⢀⣿⣿⣿⣿⡀
⠀⠀⠀⢸⣿⣿⣿⣿⣿⣿⡇
⣿⣿⣿⣿⣿⣿⣿⣿⣿⣿⣿⣿⣿⣿⣿⣿⣿⣿⣿⣿⣿⣿
⠿⠿⠿⠿⠿⠏⠉⢹⣿⣿⣿⣿⣿⣿⡏⠉⠙⠿⠿⠿⠿⠿
⠀⠀⠀⣿⣿⣿⡿⢿⣿⣿⣿⣿⣿⣿⡿⢿⣿⣿⣿
⠀⠀⠀⠀⠀⠀⠀⢸⣿⣿⣿⣿⣿⣿⡇
⠀⠀⠀⠀⠀⠀⣶⣾⣿⣿⣿⣿⣿⣿⣷⣶
⠀⠀⠀⠀⠀⠀⣿⣿⣿⣿⣿⣿⣿⣿⣿⣿
⣿⣿⣿⣿⣿⣿⣿⣿⣿⣿⣿⣿⣿⣿⣿⣿⣿⣿⣿⣿⣿⣿⣿⣿⣿⣿⣿⣿
⣿⣿⣿⣿⣿⣿⣿⠿⠿⢿⣿⣿⣿⣿⣿⣿⣿⣿⡿⠿⠿⣿⣿⣿⣿⣿⣿⣿
⠉⠉⠉⠉⣉⣉⣉⣀⣀⣸⣿⣿⣿⣿⣿⣿⣿⣿⣇⣀⣀⣉⣉⣉⠉⠉⠉⠉
⠀⠀⠀⠀⣿⣿⣿⣿⡿⢿⣿⣿⣿⣿⣿⣿⣿⣿⡿⢿⣿⣿⣿⣿
⠀⠀⠀⠀⠀⠀⠀⠀⠀⢸⣿⣿⣿⣿⣿⣿⣿⣿⡇
⠀⠀⠀⠀⠀⠀⠀⢀⣀⣸⣿⣿⣿⣿⣿⣿⣿⣿⣇⣀⡀
⠀⠀⠀⠀⠀⠀⠀⢸⣿⣿⣿⣿⣿⣿⣿⣿⣿⣿⣿⣿⡇
⠀⠀⠀⠀⠀⠀⠀⢸⣿⣿⣿⣿⣿⣿⣿⣿⣿⣿⣿⣿⡇
⠀⢀⣀⣠⡶⣲⣾⣿⠿⢟⣛⡉⣀⣀
⠈⢹⡿⠿⠿⠿⠤⠿⠵⠿⠿⠿⠿⠋
⠀⠀⠀⠀⠀⠀⢤⣤⠖⣶⣶⣲⣾⣯⡭⠿⠟⠛⠉
⠀⠶⣶⣶⣺⣿⢯⣥⣿⡟⠉⣽⣷⡘⣰⡶⣲⣶⣴⡖⣶⡶
⠀⠀⣿⣿⠿⠿⠼⠟⠛⠓⠒⠛⠓⠒⠛⠓⠛⠛⠛⠚⠛
⠀⠀⠀⠀⠀⠀⠀⢀⣀⣤⡤⢴⣶⠶⠶⣒⣚⣛⣫⣭⡿⠿⠛⠉
⠀⣀⣀⣀⣠⣤⡤⢶⣖⣛⣠⠾⣿⠿⢻⣿⡯⠭⢩⣤⡤⣤⣄⢀⣀⣤⣀⣀
⠀⠉⢹⣿⣿⣸⣿⡏⣿⣿⣿⣿⡇⠀⣿⣿⠓⢂⣿⡿⣰⣿⣿⣿⠞⣴⣿⠏
⠀⠀⠘⣿⣿⠻⠿⠷⠟⠛⠛⠛⠛⠛⠉⠉⠉⠋⠉⠉⠉⠉⠛⠛⠚⠛⠁
⠀⠤⣴⣶⣿⣿⠟⣿⣿⣿⣶⣶⣤⡄
⠀⠀⠀⠈⠉⠉⠙⠓⠧⣿⡶⠈⠉
⠀⠀⣀⣀⠤⢤⣶⢶⣿⣿⠟⢿⣟⠿⢷⣶⣶⡦⢤⣄⡀
⠀⠀⠈⠙⠛⠻⠿⠭⢶⣆⣴⡞⣩⠞⣫⡿⠛⠒⠿⠿⠟⠁
⠀⠀⠀⠀⠀⠀⠀⠀⠀⠀⠀⠉⠙⠲⣭⠭⠟
⠀⠀⠀⠀⠤⢄⣀⣒⣶⣶⣒⣒⣻⠝⣿⡿⢛⣒⣶⣶⡶⠤⣤⣀⡀
⠀⠀⠈⠭⢗⣒⣶⡿⠷⠖⢚⣋⠁⢀⣨⠝⠂⡤⠬⠿⣿⣟⣁⣦⠭⢿⡶⠄
⠀⠀⠀⠀⠀⠀⠈⠉⠉⠙⠛⠓⠲⠿⢯⣤⡞⠀⣞⣿⣁⣀⠀⠛⠉⠉
⠀⠀⠀⠀⠀⠀⠀⠀⠀⠀⠀⠀⠀⠀⠀⠀⠉⠳⡦⠤⠼⠋
⠛⢯⣩⠽⠿⣿⠉⣿⡿⠿⠯⣍⡽⠛
⠀⠀⠀⠀⠀⣿⠀⣿⣿
⠀⠀⠀⠀⠀⣿⠀⣿⣿
⠀⠀⠀⠀⠀⠹⢄⡿⠏
⠻⣯⣉⠉⣉⣭⣭⣭⣭⠉⠉⣭⣭⣭⣭⣭⣭⣉⠉⣉⣽⠟
⠀⠀⠉⠓⠻⠀⠀⠀⢸⠀⠀⣿⣿⡇⠀⠀⠀⠟⠚⠉
⠀⠀⠀⠀⠀⠀⠀⠀⢸⠀⠀⣿⣿⡇
⠀⠀⠀⠀⠀⠀⠀⠀⢸⠀⠀⣿⣿⡇
⠀⠀⠀⠀⠀⠀⠀⠀⢸⠀⠀⣿⣿⡇
⠀⠀⠀⠀⠀⠀⠀⠀⠈⠳⢄⡿⠞⠁
⠻⣯⣉⡉⢉⡉⣉⣉⣉⣉⣉⡉⠉⠉⣉⣉⣉⣉⣉⣉⣉⣉⢉⡉⢉⣉⣽⠟
⠀⠈⠛⠷⣤⣿⠋⠉⠉⠉⢹⡇⠀⠀⣿⣿⣿⡏⠉⠉⠉⠙⣿⣤⠾⠛⠁
⠀⠀⠀⠀⠀⠈⠀⠀⠀⠀⢸⡇⠀⠀⣿⣿⣿⡇⠀⠀⠀⠀⠁
⠀⠀⠀⠀⠀⠀⠀⠀⠀⠀⢸⡇⠀⠀⣿⣿⣿⡇
⠀⠀⠀⠀⠀⠀⠀⠀⠀⠀⢸⡇⠀⠀⣿⣿⣿⡇
⠀⠀⠀⠀⠀⠀⠀⠀⠀⠀⢸⡇⠀⠀⣿⣿⣿⡇
⠀⠀⠀⠀⠀⠀⠀⠀⠀⠀⠸⣇⠀⠀⣿⣿⣿⠇
⠀⠀⠀⠀⠀⠀⠀⠀⠀⠀⠀⠈⠳⢤⡽⠟⠁
⠀⠀⠀⠀⠀⣠⣴⣶⣿⣿⣿⣿⣶⣄
⣠⢔⡆⢠⣾⣿⣿⣿⣿⣿⣿⡯⡉⠉
⠉⢶⣾⠵⠻⢛⡿⠛⠻⠿⠿⠍⠄
⠀⠀⠀⠀⠀⠀⠀⠀⠀⣠⣴⣶⣾⣿⣿⣿⣿⣿⣷⣶⣤⡀
⠀⠀⣀⣀⠀⠀⢀⣴⣿⣿⣿⣿⣿⣽⣿⣿⣿⣿⠟⠻⠿⠟
⢴⣏⠡⢲⢭⡒⡻⣿⣿⣿⣿⣿⣿⣿⣿⣿⣿⣾⣍⠶
⠀⠸⢼⣿⡶⠾⠛⠳⢉⣿⡯⠙⠛⠛⠛⠿⠿⠧⠬⠂
⠀⠀⠀⠀⠀⠀⠀⠀⠀⠀⠀⠀⣀⣤⣶⣶⣾⣿⣿⣿⣿⣿⣿⣶⣶⣤⣀
⠀⠀⠀⠀⠀⠀⠀⠀⠀⢀⣴⣿⣿⣿⣿⣿⡿⣿⣿⣿⣿⣿⣿⣿⢿⣿⣿⡷
⢀⣤⡶⢖⣒⠦⣄⣠⣾⣿⣿⣿⣿⣿⣿⣻⣿⣿⣿⣿⣿⡟⣫⣥⣈⠉⠉
⠻⠯⣤⣋⡹⠓⠶⣩⣟⡿⣿⣿⣿⣿⣿⣿⣿⣿⣿⣿⣿⣿⣷⣶⡜⠁
⠀⠘⠷⣾⣿⡿⠿⠒⠚⠻⠥⣽⣿⡯⠉⠉⠉⠛⠛⠛⠿⠿⠦⠤⠋
⠀⠀⠀⠀⢧⠲⣶⣶⣶⣆
⠀⣈⠽⣫⢍⡭⣹⣾⣟⢽⣇⡤⣠⡄
⠈⠁⠀⠉⠀⢹⡄⠹⠿⠿⠟⠁⠈
⠀⠀⠀⠀⠀⠀⢹⡐⢤⣤⣤⣶⣦⣤⣄
⠀⠀⣠⣤⣤⣀⣀⣇⣀⣙⡟⡻⢟⣻⡛⣦
⠀⠀⢀⣴⠟⣡⡤⢈⣤⠄⣩⣾⡭⢚⡡⣽⠃⣀⡤⢔⣤⠄
⠀⠒⠛⠁⠘⠛⠒⠛⢳⡚⠛⠒⣮⣽⣶⣿⣻⡟⠒⠛⠓
⠀⠀⠀⠀⠀⠀⠀⠀⠘⣷⡀⠠⠛⠛⠛⠛⠁
⠀⠀⠀⠀⠀⠀⠀⠈⢻⠐⢤⣤⣤⣤⣤⣤⣄⣀⣀
⠀⠀⠀⠀⠀⠀⠀⠀⠘⣧⠀⠙⢿⡿⣿⣿⡿⠿⢿⣄
⠀⠀⠈⠉⢉⣽⡿⠛⠛⠻⠟⠛⠛⠵⣪⡴⢛⡿⠃⢿⣇⠀⠀⠀⢀⡀
⠀⠀⣀⣴⠟⠋⣴⡿⣋⣴⡾⢋⣠⣾⠿⣚⣩⣴⠚⣻⣇⣠⣶⠛⣩⣽⡟⠁
⠈⠉⠉⠁⠀⠀⠉⠉⠁⠈⠩⣿⡀⠉⠉⣵⣶⣾⣭⣭⣽⠶⠍⠉⠀⠉⠁
⠀⠀⠀⠀⠀⠀⠀⠀⠀⠀⠀⢻⣧⠀⠠⠛⠛⠛⠛⠛⠁
⣠⣤⣾⣿⣿⣿⣶⣶⣦⣤
⠙⢿⣿⣿⣯⣛⡿⢿⠿⠻⠲⠦⠴⠂
⠀⠀⠀⠉⠉⠛⠛⠷⡄
⠀⣀⣀⣤⣿⣿⣿⣷⣶⣦⣤⣄⣤⣄⣀⡀
⢼⣿⣿⣿⣿⣿⣿⣿⣯⣿⣿⣶⡦⠿⣿⡃
⠘⠿⣿⣿⣿⣿⣯⣍⡛⠳⢿⣛⣿⣶⠶⠬⠽⠶⠦⠴⠶⠤
⠀⠀⠈⠉⠛⠿⠿⣿⣿⣿⣶⣤⡁
⠀⠀⠀⠀⠀⠀⠀⠀⠀⠉⠉⠛⠻⠆
⠀⠀⣀⣀⣠⣿⣿⣷⣿⣷⣶⣶⣤⣤⣀⣀⣀⡀⢀⡀
⣰⣿⣿⣿⣿⣿⣿⣿⣿⣛⣟⣻⣻⣹⣍⣍⣹⣿⣿⡧
⠸⣿⣿⣿⣿⣿⣿⣿⠿⠿⢿⣽⣻⢿⡿⣿⣥⣩⣝⡓⠦⣤⣀⣀⣀⣀⣄
⠀⠈⠛⠿⣿⣿⣿⣿⣿⣶⣦⣤⣙⡛⠶⠾⠿⠋⠉⠛⠉⠛⠋⠉⠉⠉⠉⠉
⠀⠀⠀⠀⠀⠉⠉⠛⠛⠿⠿⣿⣿⣿⣷⣦⡀
⠀⠀⠀⠀⠀⠀⠀⠀⠀⠀⠀⠀⠀⠉⠉⠛⠻⡄
⠀⠀⠀⣴⢿⡆⠀⠀⢰⡿⣦
⠀⢠⣾⢟⢸⡇⠀⠀⢸⡇⡻⣷⡄
⣴⣿⢇⣙⣜⠷⢶⡶⠾⣣⣋⡸⣿⣦
⢹⣶⣋⣬⣥⣄⠀⠀⣠⣬⣥⣙⣶⡏
⠀⣿⣽⣟⣋⡁⠀⠀⢈⣙⣻⣯⣿
⢰⡿⣿⣿⠋⢶⣿⣿⡷⠙⣿⣿⢿⡆
⠀⠉⠛⢿⣤⣤⡿⢿⣤⣤⡿⠛⠉
⠀⠀⠀⠀⠀⣠⡟⢻⡆⠀⠀⠀⠀⢰⡟⢻⣄
⠀⠀⠀⠀⣴⣿⡇⢸⡇⠀⠀⠀⠀⢸⡇⢸⣿⣦
⠀⠀⢠⣾⣿⠏⠀⢸⡇⠀⠀⠀⠀⢸⡇⠀⠹⣿⣷⡄
⢀⡴⣿⣿⠁⠾⠇⢼⣇⣀⣀⣀⣀⣸⡧⠸⠷⠈⣿⣿⢦⡀
⣾⡙⠟⢇⡤⢶⡾⠖⠂⠀⠸⠇⠀⠐⠲⢷⡶⢤⡸⠻⢋⣷
⢈⣷⣾⡋⢠⣤⣠⣤⣀⡀⠀⠀⢀⣀⣤⣄⣤⡄⢙⣷⣾⡁
⠀⢹⣿⡰⣿⣷⡿⢿⠟⠁⠀⠀⠈⠻⡿⢿⣾⣿⢆⣿⡏
⠀⢘⣿⣿⣎⣩⣴⣤⠄⠀⠀⠀⠀⠠⣤⣦⣍⣱⣿⣿⡃
⠀⣿⢻⣏⣿⣿⠿⠁⣴⣿⣿⣿⣽⣶⠈⠿⣿⣿⣹⡟⣿
⠀⠛⢧⣙⣿⣿⠑⠀⠈⢻⣿⣿⡟⠁⠀⠊⣿⣿⣋⡼⠛
⠀⠀⠀⠈⠙⢿⣷⣶⡤⠾⠿⠿⠷⢤⣶⣾⡿⠋⠁
⠀⠀⠀⠀⠀⠀⠀⣴⡟⢻⡆⠀⠀⠀⠀⠀⠀⢰⡟⢻⣦
⠀⠀⠀⠀⠀⢀⣼⣿⡇⢸⡇⠀⠀⠀⠀⠀⠀⢸⡇⢸⣿⣧⡀
⠀⠀⠀⠀⣠⣿⣿⡟⠀⢸⡇⠀⠀⠀⠀⠀⠀⢸⡇⠀⢻⣿⣿⣄
⠀⠀⢀⣼⣿⣿⠏⢀⠀⢸⡇⠀⠀⠀⠀⠀⠀⢸⡇⠀⡀⠹⣿⣿⣧⡀
⠀⣴⢿⣿⣿⠁⠸⠿⠀⢸⣇⣀⣀⣀⣀⣀⣀⣸⡇⠀⠿⠇⠈⣿⣿⡿⣦
⣼⡏⢾⢿⡏⢀⣠⣴⣶⣤⠤⠀⠀⢸⡇⠀⠀⠤⣤⣶⣦⣄⡀⢹⡿⡷⢹⣧
⠙⣷⣀⣴⡾⠋⠀⠋⠁⠀⠀⠀⠀⠈⠁⠀⠀⠀⠀⠈⠙⠀⠙⢷⣦⣀⣾⠋
⠀⢿⣿⣧⢆⣤⣿⢶⣯⣿⣶⣤⠀⠀⠀⠀⣤⣶⣿⣽⡶⣿⣤⡰⣼⣿⡿
⠀⠀⣿⣿⡘⢿⣿⣿⠟⠻⠟⠁⠀⠀⠀⠀⠈⠻⠟⠻⣿⣿⡿⢃⣿⣿
⠀⠀⢻⣿⣿⣮⣋⣥⣴⣤⡤⠀⠀⠀⠀⠀⠀⢤⣤⣦⣬⣙⣵⣿⣿⡟
⠀⣴⡿⣿⡛⢿⣿⣿⣿⠁⣠⣴⣶⣶⣶⠒⢦⣄⠈⣿⣿⣿⡿⢛⣿⢿⣦
⠀⢿⣧⠙⢿⣾⣿⣿⡈⠀⠙⢿⣿⣿⣿⣿⡿⠋⠀⢁⣿⣿⣷⡿⠋⣼⡿
⠀⠀⠙⠳⢦⣿⣿⣗⠀⠀⠀⠀⣽⣿⣿⣯⠀⠀⠀⠀⣺⣿⣿⡴⠞⠋
⠀⠀⠀⠀⠀⠈⠻⢿⣷⣾⡥⠾⠿⠿⠿⠿⠷⢬⣷⣾⡿⠟⠁
⠀⠀⣀⣤⡶⠞⠛⢛⡛⠛⠳⠶⣦⡀
⠰⢾⣿⣇⠀⠀⣰⠯⢿⣄
⠀⠀⠉⠛⠷⢶⣤⣤⣤⣤⡶⠾⠛⠁
⠀⠀⠀⠀⢀⣠⣤⣶⡶⠿⠿⠟⠛⠛⠿⠿⠷⣶⣦⣤⣀
⢀⣠⣴⣾⣿⡟⠉⠀⠀⠀⢠⣾⠿⣷⡀⠀⠀⠀⠈⠉⠉⠁
⠀⠉⠻⢿⣿⣧⣄⡀⠀⠰⠿⠛⠛⠛⠿⠆⠀⠀⣀⣀⣀⡀
⠀⠀⠀⠀⠈⠙⠛⠿⠿⣶⣶⣶⣶⣶⣶⣶⡾⠿⠟⠛⠉
⠀⠀⠀⠀⠀⠀⢀⣀⣤⣴⣶⣶⡿⠿⠿⠿⠿⠿⠿⢿⣷⣶⣶⣤⣄⣀
⠀⠀⢀⣠⣴⣾⣿⡿⠛⠉⠁⠀⠀⠀⣴⣶⣶⣄⠀⠀⠀⠀⠉⠛⠿⠿⠷⠆
⠐⠾⣿⣿⣿⣿⣿⠀⠀⠀⠀⠀⢠⣾⣿⣥⣽⣿⣦⡀
⠀⠀⠀⠙⠻⢿⣿⣷⣦⣄⣀⠀⠉⠉⠀⠀⠀⠈⠉⠉⠀⣀⣠⣤⣶⣶⡶⠆
⠀⠀⠀⠀⠀⠀⠈⠉⠛⠻⠿⠿⣿⣿⣷⣶⣶⣾⣿⣿⠿⠿⠟⠛⠋⠁
⠀⠀⠘⣿⡟⠠⣤⣤⠄⠹⣿⠋
⣠⡴⠶⣿⡟⠛⢻⡟⠛⢛⣿⠒⠶⠂
⠈⠛⠶⣿⡧⣤⢼⡧⣤⣬⣿⠴⠶
⠀⠀⠀⠙⠷⣬⣿⣿⣧⠼⠟
⠀⠀⠀⠘⠛⣿⣿⠛⠀⣀⣀⣀⣀⠀⠛⢻⣿⡟⠃
⠀⠀⠀⠀⢀⣿⣿⣀⣀⣍⣿⣿⢩⣥⣀⣸⣿⣃⣀⡀
⢠⣴⡾⠛⠛⣿⣯⠉⠉⠁⣿⣿⠀⠈⠉⢹⣿⡍⠉⠛⠋
⠈⠻⠷⣦⣤⣿⣟⣀⣀⡀⣿⣿⢀⣀⣀⣸⣿⣇⣤⣤⣤
⠀⠀⠀⠀⠀⣿⣯⠉⠉⣉⣿⣿⣌⡉⠉⣹⣿⠏
⠀⠀⠀⠀⠀⠈⠛⠷⠶⣦⣤⣤⣤⠶⠾⠟⠋
⠀⠀⠀⠀⠰⠿⣿⣿⡿⠿⠂⠀⠀⠀⠀⠀⠀⠀⠿⢿⣿⣿⠿⠇
⠀⠀⠀⠀⠀⠀⣿⣿⡇⠀⠀⠸⠿⣿⣿⡿⠷⠀⠀⢸⣿⣿
⠀⠀⠀⣀⣠⣤⣽⣿⣷⣶⡶⠶⠆⣿⣿⡇⠶⠶⠶⣶⣿⣿⣶⣤⣤⣤⣀
⢠⣶⣿⠟⠋⠉⣽⣿⡇⠀⠀⠀⠀⣿⣿⡇⠀⠀⠀⢸⣿⣿⠀⠈⠉⠉⠁
⠈⠻⣿⣶⣤⣄⣻⣿⡇⠀⠀⠀⠀⣿⣿⡇⠀⠀⠀⠸⣿⣿⣀⣀⣀⣤⡀
⠀⠀⠀⠈⠉⠙⣻⣿⡿⠿⠿⠿⠇⣿⣿⡇⠿⠿⠿⢿⣿⣿⠛⠛⠛⠉⠉
⠀⠀⠀⠀⠀⠀⠻⣿⣷⣀⠀⠰⠶⠿⠿⠷⠶⠀⢀⣼⣿⡿
⠀⠀⠀⠀⠀⠀⠀⠈⠛⠻⠿⠷⢶⣶⣶⡶⠾⠿⠟⠛⠉
⢸⣿⡆⠀⣿⣿⠀⢸⣿⡿⠻⣿⣶
⢸⣿⡇⠀⣿⣿⠶⢸⣿⡷⣶⣿⠟
⠘⠿⠷⠶⣿⣿⠀⢈⣉⡁⠈⠻⠷⠄
⠀⠀⠀⠀⠻⣿⣦⣾⡿⠃
⢰⣶⣶⡆⠀⠀⣶⣶⣶⠀⠀⠀⣶⣶⣶⣶⣶⣶⣶⣦⡄
⢸⣿⣿⡇⠀⠀⣿⣿⣿⡀⠀⠀⣿⣿⣿⠀⠀⣸⣿⣿⡇
⢸⣿⣿⡇⠀⠀⣿⣿⣿⠿⠿⠀⣿⣿⣿⠿⢿⣿⣿⠛⠁
⠘⠿⣿⣷⣶⣶⣿⣿⣿⠀⠀⠀⠛⠛⠋⠀⠈⠻⣿⣷⣄
⠀⠀⠀⠀⠀⠀⣿⣿⣿⠀⠀⠀⣶⣶⣶
⠀⠀⠀⠀⠀⠀⠙⠻⠿⠿⠿⠿⠿⠟⠋
⠀⣶⣶⣶⡆⠀⠀⠀⣶⣶⣶⡆⠀⠀⠀⣶⣶⣶⣶⣶⣶⣶⣶⣶⣦⣄
⠀⣿⣿⣿⡇⠀⠀⠀⣿⣿⣿⡇⠀⠀⠀⣿⣿⣿⣿⠀⠀⠀⢹⣿⣿⣿
⠀⣿⣿⣿⡇⠀⠀⠀⣿⣿⣿⣷⣶⣶⡆⣿⣿⣿⣿⣶⣶⣶⣿⣿⣿⠿
⠀⣿⣿⣿⣇⠀⠀⢀⣿⣿⣿⡏⠁⠀⠀⣿⣿⣿⡿⠀⠈⢿⣿⣿⣦⡀
⠀⠉⠻⠿⠿⠿⠿⠿⣿⣿⣿⡇⠀⠀⠀⠀⠀⠀⠀⠀⠀⠀⠙⠿⠿⠷⠄
⠀⠀⠀⠀⠀⠀⠀⠀⣿⣿⣿⣇⠀⠀⠀⣿⣿⣿⣿
⠀⠀⠀⠀⠀⠀⠀⠀⠉⠛⠿⠿⠿⠿⠿⠿⠿⠛⠁
⠀⠀⠀⢀⣴⡆⠀⠀⠠⣤⣤⣶⡶⠃
⠀⢀⣴⡿⠛⠃⣀⣴⣾⠿⠛⠛⠁
⠀⠙⢻⣷⣶⣿⡛⠉⣠⣤⣤⡤⠤
⠠⣾⠟⠋⠉⠛⠿⠛⠋⠉
⠀⠀⠀⠀⠀⠀⢀⣴⡆⠀⠀⠀⠀⠀⣀⣀⣠⣤⣤⣶⡶⠃
⠀⠀⠀⠀⢀⣴⣿⣿⡇⠀⠀⠀⢀⣩⣿⣿⣿⣿⢟⠟⠁
⠀⠀⣠⣶⣿⡿⠋⠉⠛⣀⣤⣶⣿⣿⠿⠛⠉⠙⠋
⠀⠘⠛⠿⣿⣷⣦⣴⣿⣿⠿⠛⠉⢤⣤⣄⣀⣀⣀⣀⣀
⠀⠀⣀⣤⣾⣿⡿⢿⣿⣷⣤⣤⣴⣶⡿⠿⠛⠛⠉⠁
⠐⠻⡿⠟⠋⠁⠀⠀⠈⠻⠟⠛⠉
⠀⠀⠀⠀⠀⠀⠀⠀⢀⣠⡆⠀⠀⠀⠀⠀⠀⠀⠀⢀⣀⣀⣤⣤⣴⣶⡶
⠀⠀⠀⠀⠀⠀⢀⣴⣿⣿⢿⠀⠀⠀⠀⠀⠀⢛⣿⣿⣿⣿⣿⡿⣻⠏
⠀⠀⠀⠀⣠⣾⣿⣿⠟⠻⠼⠀⠀⢀⣠⣴⣾⣿⣿⡿⠟⠛⠯⠜⠁
⠀⠀⣴⣾⣿⣿⣯⣁⠀⢀⣠⣴⣾⣿⣿⡿⠟⠋⠁
⠀⠀⠀⠉⠙⠻⣿⣿⣿⣿⣿⣿⠟⠋⠁⠀⠀⢲⣶⣶⣶⣶⣶⣶⠶⠶⠂
⠀⠀⣀⣤⣶⣿⣿⠿⠛⠻⢿⣿⣿⣶⣶⣾⣿⡿⠿⠛⠛⠉⠁
⠀⠛⠿⠿⠛⠉⠀⠀⠀⠀⠀⠉⠛⠒⠋⠉
⡿⠟⠛⠋⠀⠀⠀⠀⠀⠀⠙⠛⠻⢿
⣦⣤⣤⡀⠀⠈⠀⠀⠁⠀⢀⣤⣤⣴
⣿⢧⣿⡾⢰⣯⡉⣴⣿⠇⣾⣿⢫⣿
⣿⣿⡿⠿⠿⠟⠉⠀⠀⠀⠀⠀⠀⠀⠀⠉⠻⠿⠿⢿⣿⣿
⣁⠀⠀⠀⠀⠀⠐⠆⠠⠄⠠⠄⠠⠄⠰⠂⠀⠀⠀⠀⠀⣈
⣿⣿⡿⣷⡶⣆⣀⢀⣀⣀⣀⠀⣀⣀⣀⡀⣰⣶⣾⡿⣿⣿
⣿⣿⢱⠿⠷⠿⠃⠿⠯⠬⠄⠼⠿⠿⠿⠠⠿⠿⠿⢃⣿⣿
⣿⣿⣿⣿⣿⡿⠿⠏⠉⠁⠀⠀⠀⠀⠀⠀⠀⠀⠈⠉⠹⠿⢿⣿⣿⣿⣿⣿
⠛⠉⠁⠀⠀⠀⠀⠀⢀⡀⢀⣀⠀⢀⡀⠀⣀⠀⣀⡀⠀⠀⠀⠀⠀⠈⠉⠛
⣷⣦⣤⣤⣀⣀⣀⠀⠀⠀⠀⠉⠀⠈⠁⠀⠁⠀⠀⠀⠀⣀⣀⣀⣤⣤⣴⣾
⣿⣿⣿⢋⣭⣭⢩⣥⡄⣠⣤⡤⣤⣤⠄⣤⣤⣤⣤⡤⢨⣭⣭⣭⣭⠛⣿⣿
⣿⣿⠏⠼⠿⠧⠿⠿⡁⠿⠿⠴⠦⠄⠼⠿⠿⠿⠿⠠⠿⠿⠿⠿⢇⣼⣿⣿
⠈⡽⠩⣽⡟⡩⣽⣥⡤⣄⡀
⠘⠳⠿⠿⣵⠡⣼⡿⠓⢛⣷⣶⣶⠶
⠀⠀⠀⠀⠈⠉⠉⣽⣃⣱⠛⠛⠁
⠈⠙⣿⠋⠉⢹⣿⡟⠉⠉⣿⠃
⠀⣰⠏⠀⢠⣿⡿⠀⠀⠘⢫⣭⣭⠉⠙⢲⡆
⠀⠛⠦⢤⠬⢭⢥⡴⠀⠀⣼⣿⠟⠛⠛⢛⣛⣛⣛⣛⣻⡗
⠀⠀⠀⠀⠀⠀⠘⠳⠦⠤⠭⢭⣴⠀⠀⢀⣩⣭⣹⡟
⠀⠀⠀⠀⠀⠀⠀⠀⠀⠀⠀⣼⣇⣀⣠⡟
⠈⠙⠛⣿⠋⠉⠉⣹⣿⡿⠉⠉⢉⣿⠃
⠀⠀⣼⠇⠀⠀⣰⣿⡿⠁⠀⠀⠾⠛⠒⠒⠒⠒⠲⢦⣄
⠀⣼⣏⡀⠀⠰⠿⠿⠃⢀⠀⠀⠀⢩⣿⣿⣧⣤⣤⣼⣯⣤⣤⣤⣤⣤⣤⡤
⠀⠀⠈⠙⠛⠛⠛⠛⣻⡟⠀⠀⠠⠿⠿⠏⠉⠀⠀⠐⢶⣶⣶⣶⣶⡶⠿⠁
⠀⠀⠀⠀⠀⠀⠀⠀⠈⠉⠛⠒⠒⠒⠒⣶⠏⠀⠀⢠⡶⠶⠶⠶⠟
⠀⠀⠀⠀⠀⠀⠀⠀⠀⠀⠀⠀⠀⠀⣼⣯⣠⣤⣤⡿⠁
⠊⣽⠆⣰⡟⠀⠀⠀⣠⣞⠝
⢸⣏⡠⣿⡠⣾⣉⢡⣟⡡⣾⣡⣿⡡
⠶⠛⣿⣶⠀⢠⣾⡟⠀⠀⠀⠀⠀⢀⣶⠟⣹⠂
⠀⣼⣿⠃⢠⣿⡟⠀⣠⡤⣶⡤⢠⣿⡿⠚⣡⡴⠶⣤⣶
⠰⣿⣧⡤⠿⣿⣤⠼⣿⣧⣤⠴⢿⣯⣤⠾⣿⣥⠼⣿⣥⠴
⣴⠞⢻⣿⣦⠀⠀⣰⣿⡿⠀⠀⠀⠀⠀⠀⠀⢀⣴⣿⠟⣿
⠈⠀⣼⣿⠏⠀⢰⣿⡿⠁⠀⠀⣀⣀⡀⠀⢠⣿⣿⣡⠞⠁⣀⣀⠀⢀⣀
⠀⣼⣿⡏⠀⢠⣿⣿⠁⢀⣶⣿⠋⠿⠟⢠⣿⡿⠋⢁⣴⣿⠟⢉⣿⣿⠏
⠀⢿⣿⣦⡴⠻⣿⣷⡤⠞⢿⣿⣤⡤⠶⠻⣿⣧⡴⠞⠿⣿⣤⠾⣿⣧⠴⠖
⠀⠀⢠⢖⡕⢄⣀⣀⡠⢪⡲⡄
⠀⣠⣿⣿⣶⠿⡿⢿⠿⣶⣿⣿⣄
⢺⡟⠉⠙⠑⠶⠃⠘⠶⠊⠋⠉⢻⡗
⠀⠙⠶⣤⣄⢄⣲⣖⡠⣠⣤⠶⠋
⠀⠀⠀⠈⠙⠧⣭⣭⠼⠋⠁
⠀⠀⠀⠀⢀⠴⣚⠲⣄⠀⠀⠀⠀⣠⠶⣓⠦⡀
⠀⠀⠀⣰⣫⣾⣏⣀⣽⣿⣿⣿⣿⣯⣀⣹⣷⣜⣦
⠀⢀⣴⣿⣿⣿⣿⠿⠛⢻⡏⢹⡟⠛⠿⣿⣿⣿⣿⣦⡀
⠰⣿⡛⠁⠈⠙⠀⠛⢷⠜⠃⠘⠣⡾⠛⠀⠋⠁⠈⢛⣿⠇
⠀⠙⢿⣤⣄⢀⡀⢀⠀⢠⣤⣤⡄⠀⡀⢀⡀⣀⣤⡿⠋
⠀⠀⠀⠉⠙⠷⣿⣦⡹⡶⣾⣷⢶⢎⣴⣿⠾⠋⠉
⠀⠀⠀⠀⠀⠀⠀⠉⠻⠦⣬⣭⠴⠟⠉
⠀⠀⠀⠀⠀⠀⣠⡴⠺⢦⡀⠀⠀⠀⠀⠀⠀⢀⡴⠗⢦⣄
⠀⠀⠀⠀⢠⡾⣡⣾⠟⠀⢹⣦⣴⣶⣶⣶⣴⡏⠀⠻⣷⣌⢳⡄
⠀⠀⠀⢀⣿⣾⣿⣿⣴⣶⣿⣿⣿⡿⢿⣿⣿⣿⣷⣦⣿⣿⣷⣿⡄
⠀⢀⣼⣿⣿⣿⣿⣿⠿⠟⠉⠉⢻⡇⠸⡟⠉⠉⠻⠿⣿⣿⣿⣿⣿⣧⡀
⠸⣿⣿⠛⠀⠀⠈⠣⠈⠙⢻⡦⠟⠀⠀⠻⢴⡟⠋⠁⠜⠁⠀⠀⠛⣻⣿⠇
⠀⠘⢿⣧⣀⡀⠀⠀⠀⠀⠀⠀⢀⣀⣀⡀⠀⠀⠀⠀⠀⠀⠀⣀⣼⡿⠃
⠀⠀⠀⠹⠟⢿⣦⣽⣦⡈⢢⣀⣙⣻⣟⣋⣀⡴⢁⣴⣯⣴⡿⠻⠏
⠀⠀⠀⠀⠀⠀⠉⠛⠿⣿⣦⠫⢙⣻⣟⡋⠝⣰⣿⠿⠛⠉
⠀⠀⠀⠀⠀⠀⠀⠀⠀⠀⠙⠻⠶⣶⣶⠶⠟⠋
⣿⡿⢉⣽⠞⣩⡷⠋⣽⠞⢩⣭⣉⣿
⣿⣀⣚⣃⡴⣟⣠⠞⣇⣐⣛⣩⣿⣿
⣿⢟⡵⠋⢉⢝⠵⠋⢉⢝⠔⠉⢉⢝⠔⠊⣉⢭⣍⡉⣹⢝
⣵⣏⣀⣐⣑⣁⡠⢖⣕⣁⣠⠔⠱⣁⣀⣘⣑⣉⣩⣟⣴⣿
⣿⣿⠟⡡⠂⠀⢀⠖⡠⠂⠀⢀⠖⡠⠂⠀⢀⡖⡠⠒⠂⢀⡀⡀⠀⠐⢪⠙
⡿⣡⠊⠀⢀⡴⣡⠎⠀⢀⡴⣡⠎⠀⠀⡴⣫⠞⠁⠀⡴⢋⠜⠷⠖⡔⢋⣾
⣄⡣⠄⠀⠈⠈⠁⠠⠴⠋⠼⠁⠀⠠⠊⠀⠧⠀⠀⠈⠁⠁⠀⠤⣊⣴⣿⣿
⠀⠀⠀⠀⢸⣶⡄
⢸⡇⠀⣻⢸⣿⣧⣄⡀⣽⢧⣠⢾⡇
⠀⠉⠈⢁⣰⣿⣏⣉⣁⣽⠊⠁⠈⠁
⠀⠀⠀⠀⠀⠀⠀⣿⡦⣄
⠠⣤⡄⠀⠀⣤⠀⣿⡇⣿⠀⠀⠀⠀⢠⣤⣄⠀⠀⣠⣤
⠀⢿⣇⣀⣀⡿⠀⠻⣇⣿⣻⣷⣲⠀⣸⡇⠻⣦⠞⢹⣿⡀
⠀⠀⠀⠀⠀⢀⣀⣾⣿⣿⣅⣀⣀⣀⣤⡾
⠀⠀⠀⠀⠀⠀⠀⠀⠀⣿⣦⣄⡀
⢀⣀⣀⡀⠀⢀⣀⣀⡀⣿⡯⢸⡇⠀⠀⠀⠀⠀⣀⣀⡀⠀⠀⠀⠀⣀⣀⡀
⠀⣿⣿⠀⠀⠀⢸⡇⠀⣿⣟⢸⣷⡤⢤⣀⠀⠀⢸⡟⢿⣦⡀⣠⠞⣿⣿
⠀⠙⠿⠦⠤⠤⠞⠁⠀⢙⣷⣼⣿⣿⠿⠮⠗⠠⠼⢧⡀⠹⠿⠃⠠⠿⠿⠄
⠀⠀⠀⠀⠀⠀⠀⣀⣠⣿⣿⣾⣯⣤⣤⣤⣤⣤⣴⣿⠃
⣠⠤⡖⣲⠉⠳⠋⢹⡍⠉⢲⠒⠤⣄
⢹⢀⣃⣾⣤⣷⣷⣾⣧⣯⣼⣄⡛⣯
⠀⠁⠻⢿⣿⣿⣿⣿⣿⣿⡟⠋⠈⠁
⠀⠀⠀⠀⠀⠛⠿⠛⠛⠛⠛⠂
⢀⣀⡤⡤⠖⢲⡒⠛⠲⡴⠋⢉⣿⠙⢓⡒⠲⡤⠤⢤⣀⡀
⢹⡆⠀⡿⠀⣿⠇⢀⣦⣠⣆⣠⣿⣀⣰⡂⢘⡇⠀⣷⣤⡗
⠘⠧⠴⢲⣾⣿⣿⣿⣿⣿⣿⣿⣿⣿⣿⣿⣿⣿⡖⠢⠤⠟
⠀⠀⠀⠈⠙⠛⠿⢿⣿⣿⣿⣿⣿⣿⣿⣿⣯⡀
⠀⠀⠀⠀⠀⠀⠀⠐⠛⠻⠟⠛⠛⠛⠋⠛⠉⠓
⠀⠀⢀⣀⣠⡤⠤⣶⠒⠒⠲⣄⡾⠛⠛⣻⡛⠒⠒⠲⠶⣤⣤⣄⣀
⢰⡟⠉⢩⡇⠀⢰⣿⡆⠀⡀⠉⢀⡀⠀⣿⡇⠀⢘⡃⠀⣼⠀⠀⣬⠉⢳⡆
⠈⣿⠀⠸⠇⠀⣸⣿⣁⣀⣿⣶⣿⣶⣶⣾⣥⣤⣬⣅⣀⣸⡀⠀⠿⠻⢿⡅
⠀⠻⠤⠶⢺⣿⣿⣿⣿⣿⣿⣿⣿⣿⣿⣿⣿⣿⣿⣿⣿⣿⣿⡗⠲⠤⠼⠃
⠀⠀⠀⠀⠘⠿⣿⣿⣿⣿⣿⣿⣿⣿⣿⣿⣿⣿⣿⣿⡿⠋⠉⠁
⠀⠀⠀⠀⠀⠀⠀⠀⠀⠸⣿⣿⣿⣿⣿⣿⣿⣿⣿⣿⢿⣷⡄
⠀⠀⠀⠀⠀⠀⠀⠀⠀⠈⠉⠉⠟⠋⠉⠉⠉⠉⠁⠈⠁⠀⠉
⠀⠀⢠⣤⣴⣾⣿⣿⣿⠿⡿⣶⣶⡄
⠀⠀⠚⠛⠛⢻⢻⠛⠛⠓⠲⠞⠋⠟
⠀⠀⠀⠀⣀⣀⣤⣤⣴⣿⣿⣿⣿⣿⣿⣿⣿⣶⣶⣦⣄
⠀⠀⠒⣩⣿⣿⣿⣿⣿⣿⣿⣿⣿⣿⣍⣛⣓⣚⣻⣿⣿⣧
⡌⢈⣈⣉⣙⣙⢋⡟⢹⡏⢸⠋⡙⣋⣛⢫⢋⡟⡏⠁⠛⠁
⠀⠀⠀⠀⠀⢀⣀⣠⣤⣤⣤⣾⣿⣿⣿⣿⣿⣿⣿⣿⣿⣷⣶⣶⣦⣤⣀
⠀⠀⠀⠊⣩⣿⣿⣿⣿⣿⣿⣿⣿⣿⣿⣿⣿⣿⣍⣋⣛⣒⣛⣻⣿⣿⣿⣦
⡜⠀⣁⢉⡛⡙⡋⡻⣉⡟⣉⣿⠁⢼⠋⣙⠋⡋⣫⢋⡟⢹⠋⣏⠁⠘⠛⠁
⢀⣴⣿⣿⣿⣟⣛⠛⠛⡓⢶⣦
⣼⣿⡿⠉⠁⠉⡩⠛⣹⣙⣏⣝⢳⣄
⠻⣟⡻⣤⣜⠀⠀⣰⣁⣀⣀⣼⣿⠟
⠀⠀⠉⠛⠚⠛⠛⢯⣙⣩⠇
⠀⠀⣰⣿⣿⣿⣾⣿⡿⠿⠿⠷⠶⠶⠶⢶⣶⣶⡄
⠰⣿⣿⣿⣿⡿⠿⠛⢿⣷⠶⠦⣤⣤⣼⣦⣾⣿⣿⣄⡀
⣴⣿⣿⣿⠋⠀⠀⢀⠀⠀⡔⠋⢀⡴⢤⣼⠦⡴⣌⢻⣿⣆
⢻⣿⡙⢿⣧⣀⣠⡏⠀⠈⠀⠀⡞⠀⠀⠀⠀⢀⣼⣾⣿⡿
⠀⠉⠻⠶⣭⣝⣛⣷⣤⣀⣠⣾⠷⢶⠶⣿⡿⠛⠛⠛⠉
⠀⠀⠀⠀⠀⠈⠉⠉⠉⠉⠙⠿⣬⣍⣥⠾⠋
⠀⠀⢀⣴⣿⣿⣿⣷⣾⣿⣿⡿⠿⠿⠶⠶⠶⠶⢶⣶⣶⣶⣦⡄
⢠⣶⣿⣿⣿⣿⣿⣿⣿⡿⣿⣶⢦⣤⣄⣀⣀⣀⣰⣤⣭⣿⣿⣿⣆
⢀⣼⣿⣿⣿⡿⠋⠁⠀⠀⠈⠉⠉⣡⠖⠚⠉⣽⡋⣙⣏⣉⣉⡙⢿⣷⣦⡀
⣿⣿⡛⣿⣿⣇⠀⠀⠀⡴⠃⠀⠸⠁⠀⢠⡖⠫⠙⠛⠒⠛⠊⢳⣄⣿⣿⣷
⠘⢿⣷⣌⡻⢿⣷⣤⣼⡇⠀⠀⠀⠀⢀⡿⠀⠀⢀⣀⣄⣀⣴⣿⣿⣿⣿⠟
⠀⠀⠈⠙⠻⠷⣦⣭⣭⣻⣶⣤⣤⣶⣿⠟⢛⣟⠛⢻⣿⡋⠉⠉⠉⠁
⠀⠀⠀⠀⠀⠀⠀⠀⠀⠉⠉⠉⠉⠙⠻⢶⣭⣬⣤⠾⠟⠁
⠀⠀⠀⠐⠛⣿⣿⢿⣶⣄
⠀⠀⠀⠀⠰⢯⣭⣿⣟⣿
⣜⣹⣟⣽⣩⣚⣹⣋⣿⣷⣏⣿⣻⠏
⠀⠀⠀⠀⠀⠐⠒⠿⣿⣿⣿⣿⣷⣦⣄
⠀⠀⠀⠀⠀⠀⠀⢰⡿⠿⠗⢲⣽⣿⣿⡇
⠀⣀⣀⡀⣀⣀⣀⣚⢛⣿⣿⣿⡿⠷⢽⣷⣄⣀⣀⣀⣀⣀
⣼⣃⣚⣓⣃⣼⣃⡤⣝⣋⣼⣁⣚⣛⣓⣾⣃⣾⣿⣋⡿⠁
⠀⠀⠀⠀⠀⠀⠀⠤⢶⣾⣿⣿⣿⣿⣿⣶⣦⣄⡀
⠀⠀⠀⠀⠀⠀⠀⠀⠀⠈⡹⠿⣟⣛⠛⢻⣿⣿⣿⣆
⠀⠀⠀⠀⠀⠀⠀⠀⠀⢼⡵⠛⠒⠀⢙⡲⣿⢿⣿⡏
⠀⠀⠀⠀⠀⠀⠀⠀⠀⠾⠷⢲⡶⣾⣿⣿⣿⣥⣙⠷⠄
⠀⣼⠋⣹⠏⣼⠋⣹⠏⠓⢦⣾⠟⢻⡟⢉⣉⣉⣉⣉⣿⠋⣩⣭⣭⣭⣽⠏
⢾⣁⣈⣉⣉⣁⣴⣏⣠⡶⢤⣈⣠⣿⣀⣈⣉⣉⣉⣿⣇⣘⣛⣛⣃⣼⠏
⠀⠀⠀⢀⣤⣤⡾⢷⣤⣤⡀
⠈⠻⣿⣿⣏⡙⠄⠰⢋⣹⣿⣿⠟⠁
⠀⠀⠈⠛⢿⣿⡞⢻⣿⡿⠛⠁
⠀⠀⠀⠀⠀⠙⢿⡿⠋
⠀⠀⠀⠀⠀⠀⢀⣠⣄⣴⣾⣷⣦⣠⣄⡀
⠠⣤⣤⣤⣤⣴⣿⡿⣿⡟⠁⠈⢻⣿⢿⣿⣦⣤⣤⣤⣤⠄
⠀⠈⠻⢿⣿⣿⣿⣧⣈⠛⢀⡀⠛⣁⣼⣿⣿⣿⡿⠟⠁
⠀⠀⠀⠀⠙⠿⣿⣿⣿⡷⡟⢳⢾⣿⣿⣿⠿⠋
⠀⠀⠀⠀⠀⠀⠈⠻⣿⣿⣆⣰⣿⣿⠟⠁
⠀⠀⠀⠀⠀⠀⠀⠀⠀⠙⢿⡿⠋
⠀⠀⠀⠀⠀⠀⠀⠀⠀⣀⣄⣠⣴⣾⣷⣦⣄⣠⣀
⢀⣀⣀⣀⣀⣀⣀⣴⣿⣿⣿⣿⠟⠋⠙⠻⣿⣿⣿⣿⣦⣀⣀⣀⣀⣀⣀⡀
⠀⠙⠿⣿⣿⣿⣿⣿⣿⡇⠙⠿⡆⠀⠀⢸⠿⠋⢹⣿⣿⣿⣿⣿⣿⠿⠋
⠀⠀⠀⠈⠙⢿⣿⣿⣿⣿⣳⣦⣀⣴⣦⣀⣴⡞⣿⣿⣿⣿⡿⠋⠁
⠀⠀⠀⠀⠀⠀⠈⠻⢿⣿⣿⣿⡛⠋⠙⢛⣿⣿⣿⡿⠟⠁
⠀⠀⠀⠀⠀⠀⠀⠀⠀⠙⠻⣿⣿⣦⣴⣿⣿⠟⠋
⠀⠀⠀⠀⠀⠀⠀⠀⠀⠀⠀⠈⠙⢿⡿⠋⠁
⡉⠉⡅⢠⠀⠀⠀⢠⠀⣠⠌⠉⠉⢛
⡇⠀⢁⣌⣤⣤⣤⣤⣤⣍⣀⠀⢀⣿
⠛⠛⠉⡉⠉⢀⡀⠀⠀⠀⠀⢀⡄⠀⢠⣄⡉⠉⠉⠙⠛⠻
⡆⠀⠀⡇⠀⢸⠇⠀⠤⠀⠀⠸⠇⠀⠸⡏⠁⠀⠈⠀⢀⣶
⣇⠀⠀⢁⣠⣦⣤⣶⣶⣷⣶⣶⣶⣶⣤⣤⣄⡀⠀⢀⣾⣿
⠿⠟⠛⠛⠉⠉⠉⢀⠀⠀⠀⠁⠀⠀⠀⣀⠀⠀⢀⣈⠉⠉⠉⠙⠛⠻⠿⢿
⣤⠀⠀⢰⡷⠀⠀⣸⠀⠀⠀⠀⠀⠀⠀⡇⠀⠀⢸⣿⠷⠀⠀⠐⠆⠀⠀⣀
⡿⠀⠀⢸⠇⠀⠀⠛⠀⠀⠈⢠⠀⠀⠀⠁⠀⠀⠘⠋⠀⠀⠀⠀⠀⠀⣼⣿
⣧⡀⠀⠀⣀⣤⣾⣶⣶⣾⣿⣿⣿⣿⣿⣿⣿⣷⣶⣶⣤⣤⠀⠀⠀⣼⣿⣿
⣤⣶⣿⠿⠿⠿⠿⢿⣷⣦
⠻⠿⣿⣶⣶⣶⣶⣶⣤⣄
⢶⣶⣶⣀⣶⣿⣿⣿⣿⣿⠿⣿⣷⣦
⠀⠈⠉⠉⣿⣿⡏⠉⠉
⠀⠀⠀⠀⠻⢿⣷⣶⣶⣶⣶⣿⠿⠛
⢀⣤⣴⣾⣿⣿⣿⣿⣿⣿⣿⣿⣿⣶⣤⣀
⢸⣿⣿⣿⡏⠀⠀⠀⠀⠀⠀⠸⠿⠿⠿⠿
⠘⠿⣿⣿⣿⣶⣶⣶⣶⣶⣶⣶⣶⣶⣤⣀
⢠⣤⣤⣬⡍⠉⢉⣩⣽⣿⣿⣿⣿⣿⣿⣿⢰⣶⣶⣤⣄⡀
⠘⠿⣿⣿⣷⡆⣿⣿⣿⣿⣯⣾⣿⣿⡿⠟⠈⢹⣿⣿⣿⡇
⠀⠀⠀⠉⠉⠁⣿⣿⣿⣿⡏⠉⠉⠁
⠀⠀⠀⠀⠀⠀⣿⣿⣿⣿⡇⠀⠀⠀⠀⠀⠀⣰⣶⣶⣶⡆
⠀⠀⠀⠀⠀⠀⠉⠛⠿⣿⣿⣿⣿⣿⣿⣿⣿⣿⣿⠟⠛⠁
⠀⢀⣠⣴⣾⣿⣿⣿⣿⣿⣿⣿⣿⣿⣿⣿⣷⣦⣄⡀
⢸⣿⣿⣿⣿⣿⠛⠛⠛⠛⠛⠛⠛⠛⠛⣿⣿⣿⣿⣿⡆
⢸⣿⣿⣿⣿⣿⠀⠀⠀⠀⠀⠀⠀⠀⠀⠛⠛⠛⠛⠛⠃
⠘⠻⢿⣿⣿⣿⣿⣿⣿⣿⣿⣿⣿⣿⣿⣿⣿⣶⣤⣀
⠀⡀⠀⠈⠉⡉⠉⠉⠉⠉⣉⣽⣿⣿⡏⣿⣿⣿⣿⣿⡇⣤⣤⣤⣄⡀
⢸⣿⣿⣿⣿⣿⣀⢠⣶⣿⣿⣿⣿⢿⣇⣿⣿⣿⣿⣿⡇⠿⣿⣿⣿⣿⣷⡄
⠈⠛⠿⣿⣿⣿⣿⡷⣿⣿⣿⣿⣿⢸⣿⣿⣿⡿⠟⠋⠁⠀⠿⠿⠿⠿⠿⠇
⠀⠀⠀⠀⠉⠉⠉⢸⣿⣿⣿⣿⣿⠈⠉⠉⠉
⠀⠀⠀⠀⠀⠀⠀⢸⣿⣿⣿⣿⣿⠀⠀⠀⠀⠀⠀⠀⠀⠀⣤⣤⣤⣤⣤⡄
⠀⠀⠀⠀⠀⠀⠀⠸⣿⣿⣿⣿⣿⣤⣤⣤⣤⣤⣤⣤⣤⣤⣿⣿⣿⣿⣿⡇
⠀⠀⠀⠀⠀⠀⠀⠀⠈⠙⠻⢿⣿⣿⣿⣿⣿⣿⣿⣿⣿⣿⣿⡿⠟⠋⠁
⠀⠀⢀⣤⠴⠶⠖⠒⠂
⠀⢶⡿⠁⠀⠀⢀⡖⠂
⠀⠀⠉⠀⠀⠀⠀⠁
⠀⠀⠀⠀⢀⣀⣰⣶⣶⠶⠶⠶⠶⠇
⢀⣀⣠⣴⡿⠛⡩⠂⠀⠀⠀⣀⣠⡄⠀⠀⠀⠁⠑⠄
⠀⠙⠻⢿⡇⠘⠀⠀⠀⠀⠸⣏⠀⠀⠀⠀⠒⠤⡀⢀⠀⠐
⠀⠀⠀⠀⠉⠀⠀⠀⠀⠈⠒⠀⠁⠀⢄
⠀⠀⠀⠀⠀⠀⠀⠀⠠⣤⣤⣤⣤⣤⣤⣤⣼⠒⢄
⠀⠀⠀⠀⠤⣶⣶⣿⠿⢛⡋⠉⠉⠀⠀⠀⠀⠀⠀⠀⠀⢑⡂⢄
⢀⣀⣠⣶⣿⣿⠋⢀⠖⠁⠀⠀⠀⠀⣠⣤⣶⠂⠀⠀⠀⠀⠈⠈⠂⢄
⠀⠘⠿⣿⣿⡇⠀⡎⠀⠀⠀⠀⠀⢸⡟⠉⠈⠁⠒⠀⠤⢤⣀⠀⠀⠀⠉⢢
⠀⠀⠀⠀⠙⠷⢄⡀⠀⠀⠀⠀⢆⠀⠑⠤⣀⠀⠀⠀⠀⠀⠈⠢⠘⠃⠘⠁
⠀⠀⠀⠀⠀⠀⠀⠀⠀⠀⠉⠉⠉⠉⠀⠐⠂⠁⠦
⢀⣀⣠⣤⣒⣛⣻⣟⣛⣒⣤⣀⣀⡀
⠀⠉⠻⣿⣿⣯⠟⠻⣽⣿⣿⠟⠉
⠀⠀⠀⠀⠉⠑⢼⡧⠊⠉
⠀⠀⠀⠀⠀⡀⣴⠶⠾⢿⢿⡿⡿⠷⠶⣤⢀
⠐⠶⣶⣶⣿⣷⣶⡶⢶⣶⣿⣿⣶⡶⢶⣶⣾⣿⣶⣶⠶⠂
⠀⠀⠈⠻⢿⣿⣿⣷⣷⣬⠿⠿⣥⣾⣾⣿⣿⡿⠛⠁
⠀⠀⠀⠀⠀⠙⠛⠿⢟⡁⢸⡇⢈⡻⠟⠛⠋
⠀⠀⠀⠀⠀⠀⠀⠀⠀⠙⢿⡿⠋
⠀⠀⠀⠀⠀⠀⠀⣠⣤⣶⣶⣿⡿⢿⡿⢿⣿⣶⣶⣤⣀
⠠⣤⣤⣤⣤⣴⣿⣬⣅⣀⣀⣤⣤⡾⣷⣤⣤⣀⣀⣬⣥⣿⣦⣤⣤⣤⣤⠄
⠀⠀⠙⠻⣿⣿⣿⣿⣷⣎⣭⣙⢷⣿⣿⡿⣋⣭⣱⣾⣿⣿⣿⣿⠟⠋
⠀⠀⠀⠀⠈⠙⠿⣿⣿⣿⣿⡿⠛⢩⡍⠛⢿⣿⣿⣿⣿⠿⠋⠁
⠀⠀⠀⠀⠀⠀⠀⠈⠉⠙⠫⢅⡀⣼⣇⢀⡨⠟⠋⠉⠁
⠀⠀⠀⠀⠀⠀⠀⠀⠀⠀⠀⠀⠙⢿⡿⠋
⠀⠀⠀⢸⠉⠉⠳⠤⠀⠀⠄⣀
⠸⠿⣿⢿⣿⡿⠿⠿⠿⠿⠿⣿⠿⠋
⠀⠀⠀⠉⠀⠈⠢⣀⣠⡒⠉
⠀⠀⠀⠀⠀⢸⠉⠉⠉⠉⣇
⢀⣀⣀⣀⣀⣸⣄⣀⣀⣀⣈⣉⣉⣉⣉⣉⣉⣑⣆⣀⣀⣀
⠀⣞⣾⣿⣽⢏⣟⣿⣻⣯⣿⣿⣾⣯⣿⣿⣿⣷⣿⣿⠟⠁
⠀⠀⠀⠙⠒⠴⠋⠉⠓⣄⠀⠀⠀⠀⢀⡠⠴⠚⠉
⠀⠀⠀⠀⠀⠀⠀⠀⠀⠀⠹⢄⣴⣐⣇
⠀⠀⠀⠀⠀⠀⠀⣿⠉⠉⠉⠉⢹⡇
⠀⠀⠀⠀⠀⠀⠀⣿⠀⠀⠀⠀⠈⠉⠓⠒⠒⠒⠲⠒⠒⠲⠦⣄
⠈⢹⣟⣿⣿⢟⣿⢿⡿⣿⡿⣿⢿⣿⣿⣿⣿⢞⣿⣿⣿⣿⣟⣿⣿⣿⡿⠋
⠀⠛⠾⠿⢿⡛⠋⠾⣷⣿⣱⠿⠾⠛⠾⠿⠿⠾⠿⠿⠟⠛⣷⡿⠞⠋
⠀⠀⠀⠀⠀⠉⠙⠋⠁⠀⠈⠱⢤⡀⠀⠀⠀⢀⣠⠴⠚⠉⠁
⠀⠀⠀⠀⠀⠀⠀⠀⠀⠀⠀⠀⠀⠹⢤⣴⣂⣸⣄
⠀⠠⠤⠶⠶⠶⣾⠷⠒⣒⠒⢒⣀⣀
⢈⣿⠏⣸⡟⢰⡏⢨⣿⢏⠁⣽⠟⠋
⠸⠿⠶⠟⢠⡿⠀⠛⠉⠉⠀⠁
⠀⠀⢀⣤⡤⠤⠤⠤⣶⣶⣶⣷⡶⠶⠶⠶⠤⠤⠤⠤
⠠⠶⣶⣶⠆⢀⣶⡶⠀⣼⡟⠀⢶⣶⣖⡒⠂⢐⣿⣟⣻⠇
⠀⣼⣿⠏⢀⣾⡿⠁⣰⡿⠁⣠⣿⣿⣭⣤⠀⠼⠟⠉
⠈⠻⠿⠿⠿⠛⠁⠰⠿⠃⠈⠉⠉
⠀⠀⠀⢀⣀⣀⣠⣤⣤⣤⣤⣴⣶⣶⣾⣶⣶⣤⣤⣤⣤⣤⣤⣤⣀⣀
⠀⢀⣤⣥⣤⡤⠀⢀⣤⣤⠍⠉⣽⣿⠉⣩⣤⣤⣤⣤⡤⠀⣤⣴⣶⣶⣶⡆
⠈⠉⣽⣿⡿⠁⢀⣾⣿⠏⠀⣸⣿⠃⠀⢨⣿⣿⣶⠆⠀⠀⣰⣿⠷⠞⠋
⠀⣼⣿⣿⣁⣠⣼⣿⠏⠀⣰⣿⠏⢀⣴⣾⣿⠷⠶⠾⠇⠐⠛⠋
⠀⠙⠿⠿⠿⠛⠛⠁⠀⠤⠿⠟
⠀⣀⣴⣶⣿⣿⣿⣶⣤⣀
⠀⠀⠛⠛⠻⠿⣿⡿⠯⠽⠒⠒⠒⠂
⠀⠀⢀⣐⣲⣶⣿⣿⣿⣿⣶⣶⣤⣀
⠀⠐⣒⣺⣿⣿⣿⣿⣿⣿⣿⣏⣿⡿⠷⠶⠦⠤⠤⢄⣀
⠀⠀⠀⠀⠉⠉⠙⠛⠿⢿⣿⡿⠿⠟⠛⠛⠛⠉⠉⠉⠉⠁
⠀⠀⠀⠀⠠⠤⢤⣬⣭⣿⣿⣿⣶⣶⣦⣤⣀
⠀⠤⢬⣭⣽⣿⣿⣿⣿⣿⣿⣿⣿⣿⡿⣿⣿⣷⣤⣄⣀⡀
⠀⠀⠠⠤⠿⢿⣿⣿⣿⣿⣿⣿⣿⣿⣷⣾⣟⣋⣉⣉⣉⣉⣉⣉⣓⣲⣤⡀
⠀⠀⠀⠀⠀⠀⠀⠀⠉⠙⠛⠿⢿⣿⠿⠿⠓⠒⠋⠉⠉⠉
⠀⢹⣿⣿⣿⠇⠀⠀⠀⣿⣿⣿⡿
⣿⠾⠷⠀⣿⠡⠟⠙⠧⣹⡇⢹⣏⣋
⠀⠸⠿⣿⣿⣧⣤⣤⣴⣿⣿⠿⠟
⠀⠀⣿⣿⣿⣿⣿⣿⣿⠀⠀⠀⠀⢸⣿⣿⣿⣿⣿⣿⡇
⣶⣖⣒⣿⡍⠛⢻⣿⠒⣲⣶⢲⣦⡒⢺⣿⠟⠛⣿⣗⣒⡒
⠛⠓⣚⣿⣥⣤⣬⣭⣌⠉⠀⠀⠈⢩⣬⣭⣤⣤⣿⣗⡒⠒
⠀⠀⠛⠿⠿⣿⣿⣿⣿⣶⣶⣶⣶⣾⣿⣿⣿⡿⠿⠟⠃
⠀⠀⢸⣽⣿⣿⣿⣿⣿⣿⢹⠀⠀⠀⠀⠀⠀⢸⢹⣿⣿⣿⣿⣿⣿⣽⠂
⠀⠀⠸⠻⠿⠿⠿⠿⠿⠿⠸⠀⠀⠀⠀⠀⠀⠸⠸⠿⠿⠿⠿⠿⠿⠻⠂
⣿⣿⣉⣹⣿⣃⠉⠉⣿⣿⠉⢉⣵⣟⣙⣿⣏⠉⢹⣿⡏⠉⠙⣿⣯⣉⣉⡉
⠶⠿⠤⠾⠛⢋⣀⣀⣛⣛⢀⠛⠋⠉⠉⠉⠛⢓⢈⣛⣃⣀⣀⠛⠷⠦⠤⠤
⠀⠀⢸⢿⣿⣿⣿⣿⣿⣿⣼⣄⠀⠀⠀⠀⢀⡼⣼⣿⣿⣿⣿⣿⣿⢿⠆
⠀⠀⠀⠑⠻⠿⠿⣿⣿⣿⣿⣿⣿⣿⣿⣿⣿⣿⣿⣿⣿⡿⠿⠿⠓⠁
⢺⣿⣿⠀⠚⢻⣿⣿⠛⣿⣿⡟⠛⠋
⠸⣿⣿⣤⣤⣼⣿⣿⠀⣿⣿⡇
⢴⣿⣿⣿⡇⠀⠸⠿⢿⣿⣿⣿⡿⠿⢿⣿⣿⣿⡿⠿⠿⠋
⢰⣿⣿⣿⡇⠀⠀⠀⢸⣿⣿⣿⠀⠀⢸⣿⣿⣿
⠘⢿⣿⣿⣷⣶⣶⣶⣾⣿⣿⣿⠀⠀⢸⣿⣿⣿
⣠⣟⣿⣿⣿⡇⠀⠀⢸⣟⣿⣿⣿⣿⣿⣿⣿⣿⣿⣿⣿⣿⣿⣿⣿⣿⣿⠏
⠀⣿⣿⣿⣿⡇⠀⠀⠀⠀⠈⣿⣿⣿⣿⡇⠀⠀⢸⣿⣿⣿⣿
⠀⣿⣿⣿⣿⡇⠀⠀⠀⠀⢀⣿⣿⣿⣿⡇⠀⠀⢸⣿⣿⣿⣿
⠀⠻⣿⣿⣿⣿⣿⣿⣿⣿⣿⣿⣿⣿⣿⡇⠀⠀⢸⣿⣿⣿⣿
⡄⠀⠀⡼⠿⠿⠿⡄⠀⠀⡼⠿⠿⠿
⣇⠀⠀⠷⠀⠀⠰⠇⠀⠀⣷⠀⠀⢰
⣿⣷⣶⣶⣄⠀⠐⠒⠒⠛⠛⠀⢀⣼
⠀⠀⠀⠀⠀⢀⣿⣿⣿⣿⣟⠀⠀⠀⠀⠀⢸⣿⣿⣿⣿⣿
⣿⠀⠀⠀⢸⡏⠉⠉⠉⠉⠉⣽⠀⠀⠀⢸⠉⠉⠉⠉⠉⠉
⣿⠀⠀⠀⠸⣿⡇⠀⠀⠀⣿⣿⠀⠀⠀⢸⣿⡆⠀⠀⠀⣿
⣿⣦⣄⣀⣀⣀⡀⠀⠀⠀⣀⣀⣀⣀⣤⣾⣿⡇⠀⠀⠀⣿
⣿⣿⣿⣿⣿⣿⣧⣄⡀⠀⠈⠉⠉⠁⠀⠀⠀⠀⠀⣀⣤⣿
⠀⠀⠀⠀⠀⠀⠀⢸⣿⣿⣿⣿⣿⡇⠀⠀⠀⠀⠀⠀⠀⣿⣿⣿⣿⣿⣿⣿
⣶⡆⠀⠀⠀⠀⣶⠚⠛⠛⠛⠛⠛⠓⢶⠀⠀⠀⠀⢰⡶⠛⠛⠛⠛⠛⠛⠛
⣿⡇⠀⠀⠀⠀⣿⢀⠀⠀⠀⠀⠀⣀⣸⠀⠀⠀⠀⢸⣇⡀⠀⠀⠀⠀⠀⣀
⣿⡇⠀⠀⠀⠀⣿⣿⡇⠀⠀⠀⠀⣿⣿⠀⠀⠀⠀⢸⣿⣿⠀⠀⠀⠀⢸⣿
⣿⣇⡀⠀⠀⠀⠈⠉⠀⠀⠀⠀⠀⠉⠉⠀⠀⠀⢀⣸⣿⣿⠀⠀⠀⠀⢸⣿
⣿⣿⣿⣷⣦⣤⣤⣤⡄⠀⠀⠀⠀⠤⠤⠤⠴⠾⠿⠿⠿⠿⠀⠀⠀⠀⢸⣿
⣿⣿⣿⣿⣿⣿⣿⣿⣷⣤⣀⠀⠀⠀⠀⠀⠀⠀⠀⠀⠀⠀⠀⠀⣀⣤⣾⣿
⢲⠔⢶⣿⣿⣿⣶⣷⣶⣄⣀⣤⡀
⢳⣀⠈⠔⠛⣿⠋⠟⠋⣧⢤⣙⡻⡶
⠀⠁⠳⢤⠦⠎⠉⠉⠙⣦⡤⠄⠋
⠲⣖⡲⢶⣶⣾⣿⣿⣿⣧⣬⣷⠶⣤⣄⠀⠀⢄⣀
⢶⠉⠀⠠⠒⢛⣿⠿⣿⣿⡿⣛⣿⡿⢿⡙⠓⠻⢿⣧⣤⣄
⠈⠳⠔⣄⠀⠁⡀⠘⢹⣇⣊⣉⣤⣁⡘⠋⠛⠦⠤⣬⠽⠉
⠀⠀⠀⠈⠳⢤⠛⠶⠋⠀⠀⠀⠀⠈⢳⣤⠤⠄⠒⠉
⢶⣖⠒⢶⣶⣶⣶⣾⣿⣿⣭⣭⣭⣭⣽⣯⣭⣄⡀⠒⠠⢄⣀
⢠⠜⠋⠀⢘⣩⠽⠿⢿⣿⣿⣿⣿⣿⣿⠷⢼⣿⣿⠶⠶⠤⣿⣿⣦⣀
⠘⣧⡀⣠⠀⠀⠰⠞⠋⢉⡿⣿⠟⡩⢶⠟⠻⠉⢹⣦⢤⡄⠈⠙⠙⠿⢿⡷
⠀⠈⠻⠙⢦⡀⠀⢠⡀⠈⢀⡿⠬⠴⠶⠶⠶⣶⡂⠁⠈⠉⠙⠛⣻⡝⠋
⠀⠀⠀⠀⠀⠙⠳⠞⠛⠳⠏⠀⠀⠀⠀⠀⠀⠈⢻⣴⠶⠶⠒⠊⠁
⢸⠏⢹⠋⣩⠋⣩⣉⡟⢉⡟⢩⠟
⢸⣀⣠⣾⣇⣘⣉⣽⣀⣊⡠⠏
⠘⣿⠛⢛⣿⠟⠛⣻⠟⠛⣛⠛⢛⡿⠛⢛⡿⠛⢛⡿⠋
⢀⣿⠀⠘⠃⢀⣼⠏⠀⣼⠿⢿⡿⠁⢠⡿⠁⢠⡟
⢸⣧⣤⣤⣴⣿⠯⣤⣤⣥⣤⡾⢧⣤⣬⣤⠴⠟
⠀⢿⡟⠛⠛⣿⡿⠛⠛⣻⡿⠛⢛⣛⠛⠛⣻⡟⠛⢛⣿⠟⠛⢛⡿⠟⠃
⠀⣿⠇⠀⠸⠋⠀⣠⣾⠏⠀⢠⡾⠿⢿⣿⠏⠀⢀⣾⠃⠀⣠⡟⠁
⠠⣿⣤⣤⣤⣤⢾⣽⢧⣤⣤⣭⣥⣤⡾⠧⣤⣤⣬⣥⡤⠶⠋
⠰⣆⡾⣼⣷⡀⣿⠀⢸⣯⠷⣶⠒⣦
⠀⠉⠉⢉⣈⣁⠁⠈⢉⣁⡀⠈⠉⠉
⠀⠀⠀⢸⡉⠋⠀⣠⡾⢉⡇
⠀⠀⠀⠀⠉⠲⠼⠿⠔⠋
⠰⣶⠂⣲⡖⣰⡶⣦⠀⢸⣿⠀⠀⠘⣶⠒⣲⣦⣶⠲⢶⡄
⠀⠹⣷⡿⢰⠿⠛⠿⡆⠸⠟⠠⠤⢠⠿⠍⠉⠹⢿⣄⣼⡇
⠀⠀⠀⠀⠀⠂⣤⣤⣤⡀⠀⠀⠀⢠⣤⣤⡄
⠀⠀⠀⠀⠀⠀⡇⠹⠟⠁⠀⠀⣠⣾⠟⢸⡇
⠀⠀⠀⠀⠀⠢⠳⢄⡀⠀⣠⣾⡿⢃⣠⠞⠁
⠀⠀⠀⠀⠀⠀⠀⠀⠉⠓⠻⠿⠒⠉
⠠⣤⡶⠀⣶⡶⢂⣶⣶⣦⠀⠀⢲⣾⠂⠀⠀⢲⣶⠒⢲⣶⣤⣶⠶⠶⣤⡀
⠀⠸⣿⣤⣿⢃⣾⡿⠾⣿⣆⠀⣸⣿⢀⣀⡀⣸⣿⡛⠛⠛⢹⣿⡀⢀⣿⡇
⠀⠀⠉⠉⠁⠈⡩⠁⠀⠉⠉⠈⠁⠀⠀⠈⠁⠉⠉⠁⠀⢠⠀⠉⠉⠉⠉⠁
⠀⠀⠀⠀⠀⠀⡇⢸⡟⢿⣿⡿⠂⠀⠀⠀⢀⣿⣿⠟⣿⢸
⠀⠀⠀⠀⠀⠀⡇⢸⡇⠈⠋⠀⠀⠀⢀⣴⣿⡟⠁⠀⣿⢸
⠀⠀⠀⠀⠀⠀⠈⠢⢝⠦⣄⡀⢠⣾⣿⡿⢋⣠⠴⡊⠕⠁
⠀⠀⠀⠀⠀⠀⠀⠀⠀⠈⠀⠉⠓⠛⠟⠛⠉
⠈⠻⡉⠉⠹⡅⠀⠀⢨⠏⠉⢉⠟⠁
⠀⠀⠙⢦⠀⠙⢦⡴⠋⠀⡰⠋
⠀⠀⠀⠈⠳⣄⣈⣁⣠⠞⠁
⠈⠙⢯⡉⠉⠉⠉⣿⡁⠀⠀⠀⠀⠈⣿⠉⠉⠉⢉⡽⠋⠁
⠀⠀⠀⠻⣆⠀⠀⠈⠳⣄⠀⠀⣠⠞⠁⠀⠀⣰⠟
⠀⠀⠀⠀⠈⠳⣄⠀⠀⠈⠳⠞⠁⠀⠀⣠⠞⠁
⠀⠀⠀⠀⠀⠀⠈⠳⣄⣀⣀⣀⣀⣠⠞⠁
⠈⠙⢿⣍⠉⠉⠉⠉⠉⣿⠉⠀⠀⠀⠀⠀⠀⠉⣿⠉⠉⠉⠉⠉⣩⡿⠋⠁
⠀⠀⠀⠙⢷⡀⠀⠀⠀⠈⢷⣄⠀⠀⠀⠀⣠⡾⠃⠀⠀⠀⢀⡾⠋
⠀⠀⠀⠀⠀⠙⢦⡀⠀⠀⠀⠙⢷⣄⣠⡾⠋⠀⠀⠀⢀⡴⠋
⠀⠀⠀⠀⠀⠀⠈⠻⣦⡀⠀⠀⠀⠙⠋⠀⠀⠀⢀⣴⠟⠁
⠀⠀⠀⠀⠀⠀⠀⠀⠈⠻⣦⣀⣀⣀⣀⣀⣀⣴⠟⠁
⠀⠀⢨⣭⣭⣭⡝⢲⡄⢠⣤⣤⣤⡄
⠀⠀⠀⠼⣿⢛⣷⣶⣿⣦⣿⡿⠁
⣤⣦⠤⠄⠛⢻⣿⣿⣿⣿⡿⠷⣄
⠀⠀⠀⠀⠀⢰⣿⣿⣿⣿⡆⠀⠈⠉
⠀⠀⠀⢐⣛⣉⣉⣉⣉⣛⠲⢦⣄⠀⠀⣀⣀⣀⣀⣀⣀⡀
⠀⠀⠀⠸⠟⢿⣿⣿⣿⣿⣀⡀⣿⣷⡀⠟⣿⣿⣿⡿⠻⠇
⠀⠀⠀⠀⠐⠛⣯⣿⢃⣹⣿⣿⣿⣿⣿⣾⣿⣿⠟
⣀⣤⣄⣀⣠⠤⠼⠿⠿⣿⣿⣿⡿⣻⣿⣿⣿⣿⣦⡀
⠙⠛⠋⠉⠀⠀⠉⠉⠙⣿⣿⣿⣿⣿⣿⣿⠋⠈⠉⠻⣷⣠
⠀⠀⠀⠀⠀⠀⠀⠀⢸⣿⣿⣿⣿⣿⣿⣿⣷
⠀⠀⠀⠀⢐⣒⣛⣋⣉⣉⣛⣛⡓⠶⣦⣄⡀⠀⠀⣀⣀⣀⣀⣀⣀⣀⣀⡀
⠀⠀⠀⠀⢸⣿⣿⣿⣿⣿⣿⡿⡧⠀⠈⢻⣿⣆⠀⣿⣿⢿⣿⣿⣿⣿⣿⠇
⠀⠀⠀⠀⠀⠀⢤⣿⡿⣿⡟⠛⣿⣿⣶⣞⣿⣿⣦⣠⣾⣿⣿⣿⠋
⠀⠀⠀⠀⠀⠀⠀⠈⢿⣿⣵⣶⣿⣿⣿⣿⣿⣿⡿⣷⣿⡿⣿⡁
⣤⣶⣷⣶⣶⡒⣒⣚⣛⣙⣛⣻⣿⣿⣿⣿⣭⣞⣿⣿⣟⠿⠿⢿⣦⣄⡀
⠀⠉⠉⠀⠀⠀⠀⠀⠀⠀⢀⣹⡿⣿⣿⡿⣯⣿⣿⢿⢋⠀⠀⠀⠈⠻⠯⠦
⠀⠀⠀⠀⠀⠀⠀⠀⠀⠀⢸⣿⣿⣿⣿⣿⣿⣿⣿⣿⣿⡇
⠁⡙⣷⣿⣿⡘⡀⢀⢃⣿⣿⣾⢋⠈
⠀⠈⠊⢻⣿⣿⣎⣱⣿⣿⡟⠑⠁
⠀⠀⠀⢑⠙⡿⡿⢿⢿⠋⡊
⠣⡐⢶⣶⣤⢶⣶⣶⢠⠃⠀⠀⠘⡄⣶⣶⡶⣤⣶⡶⢂⠜
⠀⠈⢦⠹⣿⣿⡻⣿⣦⡑⡄⢠⢊⣴⣿⢟⣿⣿⠏⡴⠁
⠀⠀⠀⠱⡘⢿⣿⣟⢿⣷⣌⣡⣾⡿⣻⣿⡿⢃⠎
⠀⠀⠀⠀⠈⢆⠻⣿⣷⡻⣿⣿⢟⣾⣿⠟⡰⠁
⠀⠀⠀⠀⠀⠀⡇⠸⠿⠿⠞⠳⠿⠿⠇⢸
⠯⣁⠠⣤⣤⣄⢤⣤⣤⣤⠈⡽⠂⠀⠀⠐⢯⠁⣤⣤⣤⡤⣠⣤⣤⠄⣈⠽
⠀⠈⢢⡘⢿⣿⣷⡙⣿⣿⣦⡙⢄⠀⠀⡠⢋⣴⣿⣿⢋⣾⣿⡿⢃⡔⠁
⠀⠀⠀⠙⢄⠹⣿⣿⣮⠻⣿⣷⣌⠣⠜⣡⣾⣿⠟⣵⣿⣿⠏⡠⠋
⠀⠀⠀⠀⠈⠣⡈⢿⣿⣷⣝⢿⣿⣦⣴⣿⡿⣫⣾⣿⡿⢁⠜⠁
⠀⠀⠀⠀⠀⠀⠙⢆⠙⣿⣿⣧⡻⣿⣿⢟⣼⣿⣿⠋⡰⠋
⠀⠀⠀⠀⠀⠀⠀⢰⣃⠘⠛⠛⠛⠚⠓⠛⠛⠛⠃⣘⡆
⠀⠀⠀⠙⢿⣷⣄⣠⣾⡿⠋
⠀⢀⠀⠀⠀⠙⢿⡿⠋⠀⠀⠀⡀
⠀⢤⣬⡭⠷⠶⠶⠶⠶⠾⢭⣥⡤
⠀⠀⠀⠀⠈⠻⣿⣿⣿⣄⠀⠀⣠⣿⣿⣿⠟⠁
⠀⠀⠀⠀⠀⠀⠈⠻⣿⣿⣧⣼⣿⣿⠟⠁
⠀⣀⠀⠀⠀⠀⠀⠀⠙⢿⣿⣿⡿⠋⠀⠀⠀⠀⠀⠀⣀
⠀⠀⠉⠓⠲⠤⢤⣀⣀⡀⠙⠋⢀⣀⣀⡤⠤⠖⠚⠉
⠀⠰⢶⣶⣶⡶⠒⠒⠛⠛⠉⠉⠛⠛⠒⠒⢶⣶⣶⡶⠆
⠀⠀⠀⠀⠀⠀⠙⢿⣿⣿⣿⣇⠀⠀⠀⠀⣸⣿⣿⣿⡿⠋
⠀⠀⠀⠀⠀⠀⠀⠀⠙⢿⣿⣿⣷⣄⣠⣾⣿⣿⡿⠋
⠀⠀⠀⠀⠀⠀⠀⠀⠀⠈⠻⣿⣿⣿⣿⣿⣿⠟⠁
⠀⠂⠤⣄⣀⠀⠀⠀⠀⠀⠀⠈⠻⣿⣿⠟⠁⠀⠀⠀⠀⠀⠀⣀⣠⠤⠐
⠀⠀⠀⠀⠈⠉⠛⠒⠶⠤⢤⣄⣀⣈⣁⣀⣠⡤⠤⠶⠒⠛⠉⠁
⠀⠐⠒⢶⣖⣲⡾⠗⠛⠛⠛⠉⠉⠉⠉⠉⠉⠛⠛⠛⠻⢷⣖⣲⡶⠒⠂
⠈⠻⣷⣤⣾⡿⠛⠛⣿⣿⠟⠛⠛⠁
⠀⠀⠙⠿⠋⠀⣠⣾⠟⠁
⠀⠻⣿⣷⣄⠀⣠⣾⣿⣿⣿⣿⣿⣿⣿⣿⣿⣿⣿⡿⠟
⠀⠀⠈⠻⣿⣿⣿⡿⠁⠀⠀⢀⣴⣿⡿⠋
⠀⠀⠀⠀⠈⠿⠋⠀⠀⠀⣴⣿⡿⠋
⠀⠘⣿⣿⣷⡄⠀⠀⢀⣴⣿⣿⣿⣿⣿⣿⣿⣿⣿⣿⣿⣿⣿⣿⣿⣿⠃
⠀⠀⠈⠻⣿⣿⣦⣴⣿⣿⠟⠉⠉⠉⠉⠉⣵⣿⣿⡟⠉⠉⠉⠉⠉⠁
⠀⠀⠀⠀⠈⠻⣿⣿⡿⠃⠀⠀⠀⠀⣠⣾⣿⡿⠋
⠀⠀⠀⠀⠀⠀⠙⠋⠀⠀⠀⢀⠠⠾⠿⠿⠋
⠀⠀⢀⣽⣿⣛⠋⠉⠉⠩⢭⣖⡤⡀
⠀⠀⠀⠀⠀⠀⠈⠉⠻⠿⠶⠛⡯⠟
⠀⠀⠀⠀⠈⢭⣿⣿⡿⠯⠍⠉⠉⠉⢉⣙⣒⠲⠤⣄
⠀⠀⠀⠀⠚⠛⠓⠒⠒⠒⠦⢤⣤⣤⣤⣤⡉⢻⣽⣦⢽⣆
⠀⠀⠀⠀⠀⠀⠀⠀⠀⠀⠀⠀⠈⠙⠻⠟⠛⠛⠛⡷⠞⠁
⠀⠀⠀⠀⠀⠉⢉⣛⣿⣿⣿⣯⣍⠉⠉⠉⠉⠛⠛⠓⠒⠶⠤⣄⡀
⠀⠀⠀⠀⠀⡤⠶⠿⢯⣭⣍⣉⣉⡀⠀⣀⠀⠀⡈⠉⠛⠷⣶⠦⣍⠳⣄
⠀⠀⠀⠀⠀⠀⠀⠀⠀⠀⠀⠀⠈⠉⠛⠲⢭⣳⣿⣿⣶⣄⣾⣿⣟⡛⣻⡇
⠀⠀⠀⠀⠀⠀⠀⠀⠀⠀⠀⠀⠀⠀⠀⠀⠀⠉⠻⠛⠋⠉⠉⠉⠿⠟⠋
⠙⣿⡇⢈⣿⣯⠀⣹⣏⣀⣀⣀⣀⣀
⠀⠘⣿⡾⠉⢿⣷⠃⢸⣿⣇⣠⡄⠙
⠀⠀⠈⠁⠀⠈⠁⢀⣸⣿⣇⡈⠁
⠉⢿⣿⣏⠀⠈⢻⣿⣿⠁⠈⢉⣿⠋⠁
⠀⠈⢻⣿⣆⣰⡟⠻⣿⣧⣠⡿⠋⢹⣿⣿⡏⠉⠉⠉⠙⢿
⠀⠀⠀⢻⣿⠟⠀⠀⠹⣿⡿⠁⠀⢸⣿⣿⡗⠒⢿⠇
⠀⠀⠀⠀⠀⠀⠀⠀⠀⠀⠀⢀⣀⣸⣿⣿⣇⣀
⠉⢻⣿⣿⣏⠁⠈⠙⣿⣿⣿⡋⠀⠈⠙⣿⡿⠋⠁
⠀⠀⢻⣿⣿⣆⠀⣰⣿⢿⣿⣿⡄⢀⣼⡿⠛⣿⣿⣿⣿⠞⠛⠛⠛⠓⢿⣿
⠀⠀⠀⠹⣿⣿⣾⡿⠁⠈⢻⣿⣿⣾⡟⠀⠀⣿⣿⣿⣿⣀⣀⣴⡆⠀⠈⠉
⠀⠀⠀⠀⠹⣿⠟⠀⠀⠀⠀⠻⣿⠏⠀⠀⠀⣿⣿⣿⣿⠉⠉⠻⠇
⠀⠀⠀⠀⠀⠀⠀⠀⠀⠀⠀⠀⠀⠀⠀⣀⣀⣿⣿⣿⣿⣀⣀
⠸⢿⣿⣿⠿⠀⣰⣿⣧⠀⠻⣿⡿⠇
⠀⠀⢿⣿⣇⣰⡿⢿⣿⣇⣸⡿
⠀⠀⠈⣿⣿⣿⠃⠘⣿⣿⡿⠁
⠰⠿⣿⣿⣿⣿⡿⠿⠀⠀⣴⣿⣿⣆⠀⠀⠿⢿⣿⣿⠿⠆
⠀⠀⠘⣿⣿⣿⣧⠀⠀⣼⣿⣿⣿⣿⣆⠀⢀⣾⣿⠃
⠀⠀⠀⠘⣿⣿⣿⣧⣼⣿⠏⠹⣿⣿⣿⣦⣾⣿⠃
⠀⠀⠀⠀⠘⢿⣿⣿⣿⠏⠀⠀⠹⣿⣿⣿⡿⠃
⢰⣶⣶⣶⣶⣶⣶⣶⣶⣶⠀⠀⠀⣴⣶⣶⣶⡄⠀⠀⣶⣶⣶⣶⣶⣶⣶⡆
⠀⠀⠀⢻⣿⣿⣿⣿⡄⠀⠀⠀⣼⣿⣿⣿⣿⣷⡀⠀⠀⢀⣾⣿⡟
⠀⠀⠀⠀⢻⣿⣿⣿⣿⡄⢀⣾⣿⡿⢿⣿⣿⣿⣷⡀⢀⣾⣿⡟
⠀⠀⠀⠀⠀⢻⣿⣿⣿⣿⣾⣿⡿⠁⠈⢿⣿⣿⣿⣷⣾⣿⡟
⠀⠀⠀⠀⠀⠀⠻⠿⠿⠿⠿⠿⠁⠀⠀⠈⠿⠿⠿⠿⠿⠟
⠀⠀⠀⠀⠀⢀⡀⣀⣤⣤⣤⣤⡄
⠀⠀⢀⣤⢻⣿⢸⣿⡞⠉⠉⠙
⠀⣠⣮⣹⡿⣿⣇⢿⣧⢠⣀⣀⣤
⠈⠠⠟⠯⢦⣽⣵⣿⡿⣂⠉⠉⠁
⠀⠀⠀⠀⠀⠀⠀⠀⠀⠀⠀⠀⢀⣎⣜⣀⣀⣀⠀⣀
⠀⠀⠀⠀⠀⠀⣀⣤⣶⡖⣰⣾⢟⣛⣻⡿⠿⢿⡿⠛⠂
⠀⠀⠀⢀⣴⣶⡉⢹⣿⡇⢿⣿⣿⡏⠀⠀⠀⠀⠈
⠀⠀⣠⣶⡍⢹⣿⣿⣿⣿⡌⣿⣿⣧⢠⡀⠀⠀⠀⣠
⠠⠶⠛⣿⣿⣿⠟⡉⣿⣿⠇⣸⣿⣿⡆⠙⢿⣶⣿⠿
⠀⠀⠴⠛⠩⠴⠿⠷⢶⣶⣾⣿⣿⠿⣣⡄
⠀⠀⠀⠀⠀⠀⠀⠀⠀⠀⠀⠀⠀⠀⠀⠀⢠⢇⡜
⠀⠀⠀⠀⠀⠀⠀⠀⠀⣀⣠⣤⠖⣠⣶⣾⠿⠿⠿⣿⣿⣿⣿⣿⠿⠧
⠀⠀⠀⠀⠀⢀⣤⡘⠿⢿⣿⣿⠰⣿⣿⣴⣾⡟⠋⠉⠁⠉⠉⠛
⠀⠀⠀⠀⣐⠿⢿⣿⣦⣼⣿⣿⣆⢹⣿⣿⣿⡀
⠀⠀⣠⣾⣿⣧⣀⣿⣿⣿⣿⣿⣿⡆⢻⣿⣿⣧⠘⣦⣀⣀⣀⣀⣼⡇
⠐⠚⠛⢉⣿⣿⣿⠿⣋⡄⢿⣿⠿⢃⣼⣿⣿⣿⡆⠈⠛⠿⠿⠿⠟⠁
⠀⠀⠠⠞⠛⠩⠴⠾⠿⠷⠶⢶⣾⣿⣿⣿⠿⠟⣡⣆
⠀⠀⠐⢦⣤⣴⣶⣤⣶⣤⣤⠆
⠀⠀⠀⠸⣿⠏⢣⣿⠍⣻⡷
⠀⠹⣿⣿⣿⣿⣯⣿⣿⣿⣿⣟⡿⠁
⠀⠀⠀⠀⢰⣦⣤⣀⣠⣤⢤⣤⣤⢤⣤⣤⣤⡴⠂
⠀⠀⠀⠀⠀⢺⣿⣯⣯⢿⡛⣳⡟⡻⣷⣿⣟
⠀⣀⣀⣀⣀⣈⣻⣿⣥⣠⣽⣿⣟⣥⣬⣿⣏⣀⣀⣀⣀
⠀⠀⠹⣯⣭⣿⣽⡭⠿⠽⠭⠿⠧⠿⠼⢭⣿⣽⣭⣿⠁
⠀⠀⠀⠀⠀⠰⣦⣄⣀⣀⣀⣠⣤⣤⣀⣠⣤⣄⣀⣀⣀⣀⣤⠆
⠀⠀⠀⠀⠀⠀⢩⣷⡾⢛⣹⢶⡶⠾⣆⣘⠷⣾⣯⣿⣿⠟⠁
⠀⠀⠀⠀⠀⠀⠠⢾⡗⣿⡿⠉⠳⣤⢾⢷⡴⠉⠟⣿⣿⠦
⠀⠠⢤⣤⣤⣤⡤⡤⣿⣿⣾⡶⣶⢾⣿⣿⢵⣦⢷⣾⣯⡤⣤⢤⣤⣤⠤
⠀⠀⠀⠹⣧⣴⣴⡧⠽⠦⠼⠤⠿⠴⠾⠿⠬⠷⠼⠵⠬⠧⣿⣤⣿⠇
⣿⣿⣿⠟⠛⠉⠉⠁⠀⠀⠉⣉⣿⣿
⣿⡟⠀⠀⠀⠀⠀⠀⠀⠀⠈⠙⠻⣿
⣿⣧⠀⠀⠀⠀⠀⠀⠀⠀⠀⠀⠀⢹
⣿⡿⠀⠀⠀⠀⠀⠀⠀⠀⠀⠀⠀⣻
⣿⣶⣶⣶⣶⣶⣤⣄⣀⣀⣄⣠⣴⣿
⣿⣿⣿⣿⣿⣿⡿⠿⠛⠛⠉⠉⠉⠉⠉⠉⠉⠙⢛⣿⣿⣿
⣿⣿⣿⡿⠋⠁⠀⠀⠀⠀⠀⠀⠀⠀⠀⠀⢀⣴⣿⣿⣿⣿
⣿⣿⡏⠀⠀⠀⠀⠀⠀⠀⠀⠀⠀⠀⠀⠀⠀⠈⠙⠿⣿⣿
⣿⣿⡇⠀⠀⠀⠀⠀⠀⠀⠀⠀⠀⠀⠀⠀⠀⠀⠀⠀⠘⣿
⣿⣿⣿⡆⠀⠀⠀⠀⠀⠀⠀⠀⠀⠀⠀⠀⠀⠀⠀⠀⠀⣿
⣿⣿⣿⠃⠀⠀⠀⠀⠀⠀⠀⠀⠀⠀⠀⠀⠀⠀⠀⠀⠘⣿
⣿⣿⠃⣀⣀⣀⡀⠀⣀⠀⠀⠀⠀⠀⠀⠀⠀⠀⠀⢀⣼⣿
⣿⣿⣿⣿⣿⣿⣿⣿⣿⣿⣷⣶⣤⣤⣄⣠⣦⣠⣴⣿⣿⣿
⣿⣿⣿⣿⣿⣿⣿⣿⣿⡿⠿⠟⠛⠋⠉⠉⠉⠉⠉⠉⠉⠛⠛⠛⣿⣿⣿⣿
⣿⣿⣿⣿⣿⡿⠟⠉⠁⠀⠀⠀⠀⠀⠀⠀⠀⠀⠀⠀⠀⢀⣤⣾⣿⣿⣿⣿
⣿⣿⣿⡿⠋⠀⠀⠀⠀⠀⠀⠀⠀⠀⠀⠀⠀⠀⠀⠀⠀⠛⠿⣿⣿⣿⣿⣿
⣿⣿⣿⠁⠀⠀⠀⠀⠀⠀⠀⠀⠀⠀⠀⠀⠀⠀⠀⠀⠀⠀⠀⠀⠙⢿⣿⣿
⣿⣿⣿⡀⠀⠀⠀⠀⠀⠀⠀⠀⠀⠀⠀⠀⠀⠀⠀⠀⠀⠀⠀⠀⠀⠀⢹⣿
⣿⣿⣿⣿⡄⠀⠀⠀⠀⠀⠀⠀⠀⠀⠀⠈⠁⠀⠀⠀⠀⠀⠈⠀⠀⠀⢸⣿
⣿⣿⣿⣿⠇⠀⠀⠀⠀⠀⠀⠀⠀⠀⠀⠀⠀⠀⠀⠀⠀⠀⠀⠀⠀⠀⣾⣿
⣿⣿⣿⠏⠀⠀⠀⠀⠀⠀⠀⠀⠀⠀⠀⠀⠀⠀⠀⠀⠀⠀⠀⠀⠀⠀⣼⣿
⣿⣿⣇⣤⣤⣤⣤⣴⣆⣒⣦⣤⣀⡀⠀⠀⠀⠀⠀⠀⠀⠀⠀⠀⣠⣾⣿⣿
⣿⣿⣿⣿⣿⣿⣿⣿⣿⣿⣿⣿⣿⣿⣿⣶⣶⣤⣤⣤⣾⣤⣴⣾⣿⣿⣿⣿
⠀⢲⡖⣶⢻⡍⡏⢹⠏⡟⣓⢲⡖
⠀⢸⡇⠿⢸⣇⣀⣆⣰⣇⠿⢹⡇
⠐⢾⠿⠛⠛⠛⠛⠛⠛⠛⠛⠿⡷⠂
⠀⠀⢤⡤⠤⣤⠽⢿⠉⢻⡏⠉⣿⠉⣹⠿⠤⠤⢤⡤
⠀⠀⢸⡇⠀⣿⠀⢸⣇⠘⠀⡄⠉⠀⡇⠀⣿⠷⢼⡇
⠀⠀⣸⣧⣀⣉⣤⣾⣿⣤⣴⣷⣤⣼⣷⣤⣍⣁⣸⣇
⠈⠛⠿⡿⠛⠛⠛⠉⠉⠉⠉⠉⠉⠉⠉⠛⠛⠻⠿⠿⠛⠁
⠀⠀⢤⣤⣤⣤⣤⣬⣿⢿⡙⠙⣿⠟⠛⢿⡟⠙⣹⣿⣧⣤⣤⣤⣤⡄
⠀⠀⠀⢹⡇⠀⢸⣿⠀⢸⣧⠀⠻⠀⠀⠸⠇⢀⡏⠀⣶⣶⣄⣸⡏
⠀⠀⠀⢸⡇⠀⢸⡿⠀⢸⣿⡄⠀⢀⣧⠀⠀⣸⡇⠀⠿⣷⠀⢹⡇
⠀⣀⣠⣼⣷⢶⣶⣶⣶⣿⣿⣿⣿⣿⣿⣿⣿⣿⣿⣷⣶⣶⣦⢼⣧⣄⣀
⠀⠉⠛⠿⠟⠛⠉⠉⠉⠉⠉⠉⠀⠀⠀⠀⠈⠉⠉⠉⠉⠉⠛⠻⠿⠛⠉
⠿⠿⢿⣷⣄⣀⣴⣦⣄⣠⣾⡿⠿⠿
⠀⠀⠀⠙⢿⣿⠟⡻⣿⡿⢋⣀⣀⣀
⠀⠀⠀⠀⠀⠑⢾⣿⣮⣴⣿⠟⠛⠛
⠀⠀⠀⠀⠀⠀⠀⠙⢿⡟⠁
⠿⠿⠿⣿⣿⣦⣄⠀⠀⣠⣶⣶⣄⠀⠀⣠⣴⣿⣿⠿⠿⠿
⠀⠀⠀⠈⠙⢿⣿⣿⣿⣿⡿⢿⣿⣿⣿⣿⡿⠋⠁
⠀⠀⠀⠀⠀⠀⠈⠻⠟⣉⣴⣦⣉⠻⠟⣉⣴⣶⣶⣶⣶⣶
⠀⠀⠀⠀⠀⠀⠀⠀⠀⠙⠿⣿⣿⣷⣾⣿⣿⠟⠁
⠀⠀⠀⠀⠀⠀⠀⠀⠀⠀⠀⠈⠛⢿⡿⠋
⣿⣿⣿⣿⣿⣿⣶⣄⠀⠀⠀⠀⣠⣶⣶⣄⠀⠀⠀⠀⣠⣶⣿⣿⣿⣿⣿⣿
⠉⠉⠉⠉⠻⢿⣿⣿⣿⣦⣤⣾⣿⣿⣿⣿⣷⣦⣴⣿⣿⣿⡿⠟⠉⠉⠉⠉
⠀⠀⠀⠀⠀⠀⠙⢿⣿⣿⣿⣿⣿⠟⠻⣿⣿⣿⣿⣿⡿⠋
⠀⠀⠀⠀⠀⠀⠀⠀⠈⠻⠿⠋⣠⣴⣶⣄⠙⠿⠟⢁⣤⣶⣿⣿⣿⣿⣿⣿
⠀⠀⠀⠀⠀⠀⠀⠀⠀⠀⠀⠘⢿⣿⣿⣿⣷⣦⣴⣿⣿⣿⡿⠋⠉⠉⠉⠉
⠀⠀⠀⠀⠀⠀⠀⠀⠀⠀⠀⠀⠀⠙⠻⣿⣿⣿⣿⣿⡿⠋
⠀⠀⠀⠀⠀⠀⠀⠀⠀⠀⠀⠀⠀⠀⠀⠈⠻⢿⡿⠋
⣄⢰⡆⠰⢁⢾⢡⠀⡊⢻⢀⠆⡆⢠
⠈⠦⠘⠂⣪⣾⣶⣿⣶⣯⣂⠁⠡⠂
⠀⠀⠀⠘⢿⠿⠟⠻⠿⠿⠉
⣠⠤⢰⣴⠒⢲⡎⢉⣽⠋⢩⠍⠩⠍⠺⣏⠀⡶⠠⡆⠤⣄
⠉⢣⠈⠃⣴⣀⣁⠾⣼⣤⣘⣲⣶⣋⣵⠧⣀⠣⠤⠇⢀⡏
⠀⠀⠉⠉⠀⢀⣴⣿⣿⣿⣿⣿⣿⣿⣿⣿⣦⠄⠉⠉⠉
⠀⠀⠀⠀⠀⠈⠛⡿⠟⠛⠛⠛⠻⠿⠿⠛
⣀⣀⠤⢤⣤⠖⠲⣴⡎⠉⣩⡗⠋⣩⠭⠭⣍⣙⣲⣏⠒⢒⡆⠀⡤⠤⢄⣀
⠛⢦⡀⠹⠏⢠⡀⠙⠁⣸⠃⣇⠀⠻⢤⣤⠴⠒⢢⣿⠀⢸⣇⠀⣿⠀⢰⡟
⠀⠈⢳⠤⠤⠏⠓⠒⢚⣡⣿⣿⣿⣿⣾⣿⣿⣾⣷⣬⡑⠒⠤⠭⠭⠤⠜⠃
⠀⠀⠀⠀⠀⠀⠀⣾⣿⣿⣿⣿⣿⣿⣿⣿⣿⣿⣿⣿⡿⠟
⠀⠀⠀⠀⠀⠀⠀⠐⠋⠿⠟⠛⠛⠉⠉⠛⠻⠷⠟⠛⠁
⢤⣶⣿⡶⠟⠉⡽⣯⣝⡛⣶⣀
⠰⣏⣥⠖⣿⢻⡟⣙⣻⣿⣿⣿⣷⣄
⠐⠛⣿⣶⣤⣤⣿⣥⣬⣭⠖⠖⠛⠁
⡄⣤⣤⣠⢨⣭⡍⣭⣤⣤⣠⣄⡄⣤
⠀⣀⡤⢒⣶⢤⣖⠒⠚⠛⢚⣛⠙⠛⠿⢶⣦
⠸⢴⣾⣏⠛⠀⠙⠀⠀⣀⣋⠸⣿⠢⣄⣠⣙⣷⣦
⠀⢾⡁⢀⣠⠴⢚⡵⠋⣱⡏⠙⠒⢤⡼⣏⣩⣻⣏⣱⣦
⠀⣺⣿⣿⣅⠀⠈⠁⠀⢿⡦⠖⠋⢩⠴⠖⠒⠒⠒⣶⢶⠃
⠀⠉⠙⣿⣿⣷⣦⣤⣤⣼⣷⣦⣤⣤⣤⡴⠛⠒⠒⠋⠁
⠀⠀⠀⠉⠀⠈⠙⠿⠟⠛⠛⠿⠏⠉⠉⠁
⣶⠀⣖⢰⢶⠐⡆⣶⣖⣶⡀⣶⡆⣶⡆⣶⢰⣖⢰⣶⢰⣶
⠀⢀⣀⡤⠖⣲⣤⣤⡶⠒⠒⠚⠓⠒⠒⠙⠛⠻⠿⣶⣶⡄
⠰⣭⠭⣶⡟⠿⠇⠈⠛⠀⠀⠀⠐⠋⢹⣟⡦⣄⡀⢀⡙⠓⡲⢤
⠀⢰⡞⠉⠉⠁⣀⣤⠴⣖⡴⠖⣫⠿⠢⢭⣑⡊⣹⡿⠟⠿⢿⡿⠶⣀⡀
⠀⢨⡳⣤⣴⡞⠉⠀⠸⠏⠀⢰⣿⣁⣀⣤⠤⠞⢓⣛⣉⣉⣉⣉⣉⣁⣓⡆
⠀⠬⠿⣳⣝⡷⣄⡀⠀⠀⠀⠀⢿⡏⠁⠀⠀⠘⠉⠉⣠⣤⠀⢀⣹⡭⠇
⠀⠀⠀⠨⣯⠿⢻⣿⣿⣷⣶⣾⣿⣿⣿⣶⣶⣶⣶⡟⠉⠈⠉⠉
⠀⠀⠀⠀⠀⠀⠀⠀⠈⠚⠛⠈⠉⠑⠻⠛⠀⠀⠀⠁
⣾⡀⢸⣇⢸⢿⡆⢹⠁⣿⢼⢐⣯⠀⡿⣗⢸⢶⡇⣿⡁⢾⣙⢰⡷⡃⣾⣿
⠀⣀⣤⣶⠲⠺⢻⠻⣛⢻⢻⣿⣷⠖
⣰⣿⣿⠿⠿⠿⠿⢿⣾⣶⣾⣿⠏
⠙⠻⢿⣿⣶⡶⠋⠀⠀⠈⠉⠁
⠀⠀⠀⣀⣤⣤⡶⢶⠾⡿⣿⢿⠿⡿⢿⡿⢿⣿⣿⣶⣶⠆
⢀⣴⣿⣿⣿⣿⣷⣤⣦⣤⣯⣴⣬⣿⣘⣃⣾⣿⣿⣿⠃
⣼⢿⣿⣟⣫⣉⣉⠉⠉⣉⡙⠛⠛⠻⠿⣿⣿⡿⠟⠁
⠈⠙⠛⠿⢿⣿⣿⣿⣿⠟⠁
⠀⠀⠀⠀⢀⣀⣤⣤⣴⣶⣶⣾⣿⣿⣿⣿⣿⣿⣿⣿⣿⣿⣿⣿⣶⣶⣶⠆
⠀⢀⣴⣾⣿⣿⣿⣿⣆⣘⣀⣘⣰⡗⢀⡁⠾⡇⠀⡇⢠⣿⣿⣿⣿⡿⠁
⠀⣿⣿⣿⣿⣿⠿⠿⠿⠿⠿⣿⣿⣿⣿⣿⣿⣿⣶⣶⣾⣿⣿⣿⡿⠁
⠺⣙⢿⣿⣦⣭⣶⣤⣤⣄⣀⣠⣤⡆⠀⠈⠉⠉⠛⠻⠿⡿⠟⠉
⠀⠈⠉⠙⠻⠿⣿⣿⣿⣿⣿⠟⠋
⠀⠀⠀⡀⠰⢀⣀⣬⢴⣦⣆⣄⡀
⢀⡐⣂⠤⠾⠏⠁⠴⠊⠉⠀⠉⠝⠐
⠀⠀⠀⠀⠀⠀⢀⣤⠤⠰⠖⢒⣒⣲⣶⣲⡖⢤⡀
⠀⠀⣀⣠⠽⠋⠐⣢⣴⡿⠟⠛⣋⠹⣿⣿⠛⠿⠿⣧⣄⡀
⠀⣠⣔⣩⡤⠶⠿⠟⠃⠀⠤⠾⠯⠤⠂⠀⠉⠁⠒⠶⠥⠏
⠀⠀⠀⠀⠀⠀⠀⠀⣀⣤⡤⠄⠶⠖⢲⣒⣒⣾⣦⣒⣶⠂⢤
⠀⠀⢀⣀⣠⠭⠟⠁⠐⣲⣤⣾⠿⠟⠛⢛⣉⠹⣿⣿⠟⠻⠿⠿⢷⣤⣄⡀
⠀⣠⣤⣒⣩⡤⠴⠾⠿⠟⠋⠀⠠⠴⠾⠯⠥⠴⠂⠀⠈⠉⠀⠓⠲⠬⠴⠋
⠀⠀⠐⢲⣤⠤⠤⢞⣯⣄⣤⠤⠄
⣀⣰⣶⣮⣿⣿⣯⣿⣛⣿⠯⠁⠉⠃
⠉⠙⠻⢤⣼⣿⡿⠿⠿⢿⣧⡕
⠀⠀⠀⠠⢤⣤⣀⡀⣀⣀⣀⣤⣖⣛⡁⠀⠀⣀⣀⣀
⠀⠀⠀⠀⠀⢰⣿⣏⣭⣡⣬⡤⣬⣭⣭⣽⣿⣭⠍⣁⣀
⠀⢀⣙⣛⣳⣶⣺⣿⣯⣼⣤⠶⠶⠒⣶⡶⢷⠀⠀⠈⠉⠁
⠻⠿⣿⣿⡿⠉⠛⢻⠿⣶⣿⣿⣿⣭⣿⡥⢄⠢⡄
⠀⠀⠀⠈⠙⠷⣾⣿⣿⣷⡯⠟⠋⠛⠻⢿⣷⡷⠋
⠀⠀⠀⠀⢀⣀⣀⣀⡀⠀⠀⢀⡀⢀⣠⡶⠾⠛⠁⠀⠀⠀⢀
⠀⠀⠀⠀⠀⠀⢉⣹⣿⠿⢛⡛⢋⣉⢉⡉⣛⣛⢛⣲⣶⣿⣛⠛⠋⠁
⠀⠀⠠⣤⣤⣤⣄⣛⣹⣿⡿⠟⣯⠯⣯⣍⣙⣏⣉⣛⣹⡝⠋⠉⠛⠿⠶⠄
⣠⣤⣶⣶⣶⣶⣿⣷⣾⣿⣽⣓⢿⣿⣭⣍⣥⡴⠿⡭⠭⠗
⠙⠛⠿⠿⣿⣿⡁⠈⠡⣸⣟⣛⡿⣿⣿⣿⣶⣾⣿⣶⣻⣍⠑⣦
⠀⠀⠀⠀⠀⠘⠻⠿⣿⣿⣿⣿⣾⠽⠛⠉⠉⠛⠛⢿⣿⣿⠿⠁
⠀⢻⣦⡶⣦⣼⣟⣀
⠀⠀⠉⠀⢈⣿⣿⣿⣶⡂⠀⢀⡀
⠀⠀⠀⠀⠀⠉⠉⢩⣿⠻⡾⠻⣷
⠀⠰⣶⣦⣀⣴⣦⣀⣰⣶⡖
⠀⠀⠙⣿⣿⠟⠛⢿⣿⣿⢿⣶⣦⢀
⠀⠀⠀⠈⠁⠀⠀⢠⣿⢿⣿⡿⣿⣿⠃⠀⠀⠀⢀
⠀⠀⠀⠀⠀⠀⠀⠘⠻⠿⣿⡿⢿⣿⣿⣦⣠⣾⣿⣧
⠀⠀⠀⠀⠀⠀⠀⠀⠀⠀⠀⠠⠿⠿⠋⠻⠿⠋⠻⠿⠧
⠀⠐⢶⣶⣦⠀⣠⣴⣦⡀⢠⣶⣶⡖
⠀⠀⠈⢿⣿⣿⣿⠟⢿⣿⣿⣿⣿⣶⣦⣤⡀
⠀⠀⠀⠈⠻⠟⠁⠀⠀⠙⢻⣿⣧⣲⣿⣿⣥⣶⡦
⠀⠀⠀⠀⠀⠀⠀⠀⠀⢸⣿⣯⣾⣿⣭⣹⣿⣷⣄⠀⠀⠀⣀⣴⣆
⠀⠀⠀⠀⠀⠀⠀⠀⠀⠀⠙⠛⠿⠿⠿⢛⣿⣿⣿⣿⣦⣾⣿⣿⣿⡆
⠀⠀⠀⠀⠀⠀⠀⠀⠀⠀⠀⠀⠀⠀⠀⠾⠿⠿⠀⠙⠿⠛⠁⠹⠿⠿⠄
⠀⣠⡖⠒⠒⠒⠒⢒⠲⣦⣄⣀
⠀⣽⣏⠀⠀⣀⣀⣀⣭⣤⣀⣉⣿⠆
⠀⠰⠟⠛⠉⠉⠀⠀⠀⠀⠈⠉⠁
⠀⠀⠀⣴⡦⢤⣤⣤⣤⣤⣤⣤⣤⣤⣀⡀
⠀⠀⠾⣯⡄⠀⠀⠀⠀⠀⠀⠠⠤⠤⠭⠟⠷⢦⣤⣀
⠀⠀⣼⣟⡀⠀⠀⠀⠀⠀⢀⣀⣀⣀⣀⣀⡀⠀⠈⣻⡷
⠀⠀⠁⣿⣧⣤⡴⠶⠚⠛⠋⠉⠉⠉⠉⠉⠙⠻⠞⠋⠁
⠀⠀⠀⠋⠉
⠀⠀⠀⠀⣠⣤⣤⣤⣤⣤⣄⣀⣀⣀⣀⣀⣀⣀⡀
⠀⠀⢠⣾⡟⠁⠀⠀⠀⠀⠉⠉⠉⠉⠉⣉⣉⣉⣙⣿⢶⣄⣀⣀
⠀⠀⠈⣽⣿⠃⠀⠀⠀⠀⠀⠀⠀⠀⠀⠈⠉⠉⠁⠀⠀⠈⠉⠙⢿⣦⡀
⠀⠀⠸⠿⣧⣤⠀⠀⠀⢀⣀⣀⣤⣤⣤⠶⠶⠶⠶⠶⣦⣤⣀⣀⣼⡿⠃
⠀⠀⠀⢠⣿⣷⡶⠾⠛⠛⠉⠉⠀⠀⠀⠀⠀⠀⠀⠀⠀⠈⠙⠉⠁
⠀⠀⠀⠈⠉
⣿⡿⠟⠛⢻⠋⠉⠁⠀⠁⠀⠀⠀⢀
⠃⠀⠀⠀⡤⠀⠀⠀⠸⠀⠀⠀⢠⣾
⣶⡀⠀⠀⠀⠀⢀⠀⠀⠀⠀⢠⣿⣿
⣿⣷⡄⣀⣤⣴⣾⣶⣶⣶⣶⣿⣿⣿
⣿⣿⣿⡿⠿⠟⠛⣻⠛⠉⠉⠉⠁⠀⡏⠀⠀⠀⠀⠀⠀⢠
⡟⠉⠀⠀⠀⠀⢀⡇⠀⠀⠀⠀⠀⣼⡄⠀⠀⠀⠀⠀⣠⣾
⢁⠀⠀⠀⠀⠀⠘⠃⠀⠀⠀⠀⠀⠈⠀⠀⠀⠀⢀⣼⣿⣿
⣿⣷⡄⠀⠀⠀⠀⠀⠀⠀⣤⠀⠀⠀⠀⠀⠀⢠⣾⣿⣿⣿
⣿⣿⣿⣦⠀⣠⣤⣶⣶⣿⣿⣿⣿⣿⣿⣿⣿⣿⣿⣿⣿⣿
⣿⣿⣿⣿⣿⣿⣿⠿⠿⢿⠿⠛⠋⠉⠉⠉⠉⢁⡏⠁⠀⠀⠀⠀⠀⠀⠀⢀
⣿⡿⠟⠋⠉⠀⠀⠀⠀⡟⠀⠀⠀⠀⠀⠀⠀⢸⠀⠀⠀⠀⠀⠀⠀⠀⠀⣸
⡏⠀⠀⠀⠀⠀⠀⠀⣠⣇⠀⠀⠀⠀⠀⠀⠐⣿⠃⠀⠀⠀⠀⠀⠀⣠⣿⣿
⠃⠀⠀⠀⠀⠀⠀⠀⠹⠃⠀⠀⠀⠀⠀⠀⠀⠁⠀⠀⠀⠀⠀⠀⣰⣿⣿⣿
⣿⣿⡄⠀⠀⠀⠀⠀⠀⠀⠀⠀⠀⡀⠀⠀⠀⠀⠀⠀⠀⠀⠀⣼⣿⣿⣿⣿
⣿⣿⣿⣆⠀⠀⠀⠀⠀⠀⠀⣀⣤⣿⣄⣀⣀⣀⣀⣀⣀⣠⣾⣿⣿⣿⣿⣿
⣿⣿⣿⣿⣧⡀⣠⣴⣶⣿⣿⣿⣿⣿⣿⣿⣿⣿⣿⣿⣿⣿⣿⣿⣿⣿⣿⣿
⠀⠀⠀⢀⣴⣞⠀⣠⣶⡁
⠀⠀⠀⢼⣿⣿⣟⢛⠷⣦⢉⣣⡀
⣤⣶⣶⣿⣿⣿⣿⠟⢋⡀⠀⢈⠁
⠀⠉⠛⠿⠿⣿⣿⣶⡿⠿⠋
⠀⠀⠀⠀⠀⠀⣀⣤⣶⠃⠀⢀⣤⣶⠋
⠀⠀⠀⠀⠀⢰⣿⣿⣿⣤⣤⣿⣿⣛⡒⠲⢤⣄⡀
⠀⠀⠀⠀⠀⣿⣿⣿⣿⣿⣭⢉⣽⠻⣿⡦⠀⣈⣸⣤
⢀⣤⣤⣤⣶⣿⣿⣿⣿⣿⣿⣷⠶⠋⠁⠀⠀⠁⠉⠅⠀⠘
⠙⠿⣿⣿⣿⣿⣿⣿⣿⣿⣿⣇⠠⠶⣚⣥⣄⠨⠔⠂
⠀⠀⠀⠉⠙⠛⠿⠿⣿⣿⣿⣿⣿⡿⠿⠟
⠀⠀⠀⠀⠀⠀⠀⠀⢀⣠⣴⡖⠀⠀⠀⣀⣤⣶⠋
⠀⠀⠀⠀⠀⠀⠀⣰⣿⣿⣿⡄⠀⢀⣴⣿⣿⣿⣄⣀⡀
⠀⠀⠀⠀⠀⠀⢠⣿⣿⣿⣿⣿⣿⣿⣿⣿⣶⣶⣄⠈⠉⠻⡶⢂⡀
⠀⠀⠀⠀⠀⠀⢸⣿⣿⣿⣿⣿⣷⣶⠀⣬⡭⢛⣿⣷⠀⢀⣤⣭⣤⡄⠀⢀
⠀⣀⣤⣤⣤⣤⣾⣿⣿⣿⣿⣿⣿⣿⣷⣶⠶⠛⠉⠀⠀⠈⠁⠉⢋⠀⠀⠘
⢾⣿⣿⣿⣿⣿⣿⣿⣿⣿⣿⣿⣿⣿⡟⠁⢀⣠⣤⠤⠀⠀⠤⢄⡀⠈⠄
⠀⠉⠛⠿⣿⣿⣿⣿⣿⣿⣿⣿⣿⣿⣧⣌⣛⣭⣶⣾⠗⠒⠋⠉
⠀⠀⠀⠀⠀⠉⠙⠛⠻⠿⢿⣿⣿⣿⣿⣿⡿⠿⠿⠟
⠀⠀⠀⠀⢀⣤⣾⡗⢾⢣⡀
⣀⣀⣀⣴⣿⣿⣤⣶⣶⣖⣋
⠙⣆⣼⡤⠯⠦⠷⠼⠿⠾⠿⠽⠷⠦
⠀⠀⠀⠀⠀⠀⠀⠀⣀⣴⣾⡷⠶⡶⠦⣀
⠀⠀⠀⠀⠀⢀⣴⣿⣿⠋⠉⣩⣀⣭⣥⣭⡶⠆
⢤⡄⠴⠖⣖⢛⢿⢻⠛⣻⡻⠿⡿⣿⢷⣶⢤⢤⣀⡀
⠀⣻⣀⣦⡼⠴⠮⠦⠧⠥⠧⠦⠿⠼⠿⠽⠮⠧⠵⠽⠮⠦
⠀⠀⠀⠀⠀⠀⠀⠀⠀⠀⠀⣀⡴⣾⣷⡤⠤⡶⣆⡀
⠀⠀⠀⠀⠀⠀⠀⠀⣠⣶⣿⡷⠞⠛⠳⠂⠘⠒⠂⠛⢤⣤⡀
⠀⠀⠀⠀⣀⣀⣠⣾⣿⣽⣿⣯⣤⣤⣺⣷⣾⢿⣟⡛⠛⠁
⠚⢿⡙⠋⠋⢹⠉⠍⢫⠹⡍⢭⢻⡙⠝⢯⠹⣟⣻⣿⡛⣖⠲⣦⢤⠀⡀
⠀⢸⣇⣤⡧⠼⠧⠽⠼⠷⠿⠖⠒⠓⠛⠚⠓⠛⠛⠒⠛⠚⠒⠚⠢⠷⠼⠶
⠀⠀⠀⠀⠀⢀⡲⠿⠷⠄
⢀⣤⣤⡄⠀⠈⣳⣾⣿⡛⠃
⣺⣯⣾⣷⣶⣶⣾⣿⣿⣧
⠠⣼⣿⣿⠟⣿⣿⣿⣿⣿⣾⣄
⠀⠀⠙⠻⣇⠈⠈⢿⡏⢟⣻⣿⣿⡆
⠀⠀⠀⠀⠀⠀⠀⠸⣇⠛⠛⠉⠉
⠀⠀⠀⠀⠀⠀⠀⠀⠀⠶⣶⣾⣷⣦⣄
⠀⠀⠀⠀⠀⠀⠀⠀⢤⣶⡛⢉⣉⣩⣥⣤⣀
⠀⣠⣴⣦⣤⡀⠀⠀⠀⠙⣿⣿⣿⣿⡛⠋⠉
⢠⣿⡟⢙⣿⣇⣀⣀⣀⠀⣿⣿⣿⣿⣧
⢸⠟⣶⣿⣿⣿⣿⣿⣿⣿⣿⣿⣿⣼⣿⠶
⠀⢀⣽⣿⣿⣿⣿⢿⣿⣿⣿⣿⣿⣿⣿⣷⣾⣄
⠈⠛⠛⣷⣿⣿⣅⠘⢿⡿⢿⣿⣿⣿⣿⣿⣿⣿⣷⣄⡀
⠀⠀⠀⠈⠙⠳⣿⡁⠀⠀⠘⢿⣿⠉⢹⡟⢿⣿⣿⣿⣿⠄
⠀⠀⠀⠀⠀⠀⠙⠃⠀⠀⠀⠈⣿⢀⣼⣷⣿⣿⡿⠟⠛⠁
⠀⠀⠀⠀⠀⠀⠀⠀⠀⠀⠀⠀⠻⣧⠉⠉
⠀⠀⠀⠀⠀⠀⠀⠀⠀⠀⠀⠠⣶⣶⣶⣿⣶⣄⣀
⠀⠀⠀⠀⠀⠀⠀⠀⠀⠀⢀⣠⣴⠿⠛⠛⠛⢛⣋⣀
⠀⠀⠀⣀⣀⠀⠀⠀⠀⠀⠈⠻⢿⣶⣶⣾⣶⣿⣿⡿⠿⠂
⠀⢰⣾⣿⣿⣿⣷⠀⠀⠀⠀⠀⢸⣿⣿⣿⣿⣿⡄
⢠⣿⣿⢃⣨⣿⣿⣶⣶⣤⣤⣄⣈⣿⣿⣿⡟⣿⣷
⢸⡟⢳⣿⣿⣿⣿⣿⣿⣿⣿⣿⣿⣿⣿⣿⣷⣼⣿⡶⠆
⠀⠀⢈⣻⣿⣿⣿⣿⣿⣿⣿⣿⣿⣿⣿⣿⣿⣿⣿⣷⣼⣧⡀
⠀⠾⠿⢿⣯⣿⣿⣿⠋⠰⣿⣿⣿⣿⣿⣿⣿⣿⣿⣿⣿⣿⣿⣦⣀
⠀⠀⠀⠀⠛⠿⣯⣽⠿⠄⠈⠉⠈⢹⣿⣿⡿⠿⢿⡿⣿⣿⣿⣿⣿⣷⡢
⠀⠀⠀⠀⠀⠀⠈⠹⣿⡆⠀⠀⠀⠀⠹⣿⡇⠀⢸⡇⣨⣿⣿⣿⣿⣿⣯⠁
⠀⠀⠀⠀⠀⠀⠀⠀⠀⠀⠀⠀⠀⠀⠀⢹⣧⢰⣾⣿⣿⠿⠿⠟⠋⠉⠉
⠀⠀⠀⠀⠀⠀⠀⠀⠀⠀⠀⠀⠀⠀⠀⠘⠿⡆⠈
⠀⠀⠛⢿⣿⣧⡀⢀⣼⣿⡿⠛
⠀⠀⠀⠀⣹⣿⣿⣿⣿⣏
⠀⠀⣤⣾⣿⠟⠁⠈⠻⣿⣷⣤
⠀⠀⠀⠲⣶⣶⣶⣶⣖⠀⠀⠀⠀⣲⣶⣶⣶⣶⠖
⠀⠀⠀⠀⠀⠙⢿⣿⣿⣷⣄⣠⣾⣿⣿⡿⠋⠁
⠀⠀⠀⠀⠀⠀⠀⣹⣿⣿⣿⣿⣿⣿⣏
⠀⠀⠀⠀⢀⣠⣾⣿⣿⡿⠋⠙⢿⣿⣿⣷⣄⡀
⠀⠀⠀⠴⠿⠿⠿⠿⠯⠀⠀⠀⠀⠽⠿⠿⠿⠿⠦
⠀⠀⠀⠐⠶⣶⣶⣶⣶⣶⣖⠂⠀⠀⠀⠀⠐⣲⣶⣶⣶⣶⣶⠶⠂
⠀⠀⠀⠀⠀⠈⠻⢿⣿⣿⣿⣷⣄⡀⢀⣠⣾⣿⣿⣿⡿⠟⠁
⠀⠀⠀⠀⠀⠀⠀⠀⠙⢿⣿⣿⣿⣿⣿⣿⣿⣿⡿⠋
⠀⠀⠀⠀⠀⠀⠀⠀⣠⣾⣿⣿⣿⣿⣿⣿⣿⣿⣷⣄
⠀⠀⠀⠀⠀⢀⣴⣾⣿⣿⣿⡿⠋⠁⠈⠙⢿⣿⣿⣿⣷⣦⡀
⠀⠀⠀⠠⠶⠿⠿⠿⠿⠿⠯⠄⠀⠀⠀⠀⠠⠽⠿⠿⠿⠿⠿⠶⠄
⠟⠿⢿⣿⣿⣿⠃⠘⣿⣿⣿⡿⠿⠻
⠀⠀⠀⠈⠛⢿⣷⣾⡿⠛⠁
⠀⠀⠀⣤⣶⣾⣿⣿⣷⣶⣤
⡇⣿⣿⣿⣿⣿⣿⣿⣿⢹⠀⠀⡏⣿⣿⣿⣿⣿⣿⣿⣿⢸
⠀⠀⠀⠑⠻⡻⣿⣷⣽⡤⡀⢀⢤⣯⣾⣿⢟⠟⠊
⠀⠀⠀⠀⠀⠈⠑⠽⡿⣿⣿⣿⣿⢿⠯⠊⠁
⠀⠀⠀⠀⠀⠀⠀⠀⢸⢸⣿⣿⡇⡇
⠀⠀⠀⠀⠀⣇⣿⣿⣿⣿⣿⣿⣿⣿⣿⣿⣸
⡏⣿⣿⣿⣿⣿⣿⣿⣿⣿⣿⡏⡇⠀⠀⢸⢹⣿⣿⣿⣿⣿⣿⣿⣿⣿⣿⢹
⠓⠛⠛⠛⢝⡻⣿⣿⣿⣍⠯⡃⠃⠀⠀⠘⢘⠽⣩⣿⣿⣿⢟⡫⠛⠛⠛⠚
⠀⠀⠀⠀⠀⠉⠪⣛⢿⣿⣿⣮⣓⢄⡠⣚⣵⣿⣿⡿⣛⠕⠉
⠀⠀⠀⠀⠀⠀⠀⠈⠑⢭⡻⣿⣿⣷⣾⣿⣿⢟⡭⠊⠁
⠀⠀⠀⠀⠀⠀⠀⠀⠀⠀⢸⡎⣿⣿⣿⣿⢱⡇
⠀⠀⠀⠀⠀⠀⢠⢤⣤⣤⣼⣃⣿⣿⣿⣿⣘⣧⣤⣤⡤⡄
⠀⠀⠀⠀⠀⠀⢸⣸⣿⣿⣿⣿⣿⣿⣿⣿⣿⣿⣿⣿⣇⡇
⠛⠻⢿⣿⣿⣿⣿⣇⣿⣿⣿⡿⠟⠛
⠀⠀⠀⢠⣿⣿⣿⣿⣿⣿⠄
⣿⣽⣿⣿⣿⣿⣿⣿⡿⣿⡏⣿⢀⡏⣿⠿⣿⣿⣿⣿⣯⣿
⠉⠉⠉⠛⠿⣿⣿⣿⣿⣾⣿⣷⣴⣿⣿⣾⣿⠿⠛⠉⠉⠉
⠀⠀⠀⠀⠀⠀⣉⣛⣿⢻⣿⣿⣿⣽⣛⣉
⠀⠀⠀⠀⠀⠀⣿⣺⣿⣿⣿⣿⣿⣿⣗⣿
⣿⢩⣭⣭⣭⣭⣭⣭⣭⣭⣭⣭⣭⡍⣿⠀⢸⡏⣯⣭⣭⣭⣭⣭⣭⣭⡍⣿
⠛⠚⠛⠲⢭⣛⠿⣿⣿⣿⣷⣤⣓⠶⣟⣀⣸⢷⣛⣴⣾⠿⣛⡭⠖⠛⠓⠛
⠀⠀⠀⠀⠀⠈⠙⠲⢭⣛⠿⣿⣿⣿⣶⣽⣾⠿⣛⡭⠖⠋⠁
⠀⠀⠀⠀⠀⠀⠀⢠⡤⠬⠿⢈⣿⣿⣿⣿⡁⠿⠥⢤⡄
⠀⠀⠀⠀⠀⠀⠀⢸⣇⣛⣛⣛⣛⣛⣛⣛⣛⣛⣛⣸⡇
⠙⢶⣶⣦⣤⣤⣤⣤⣄⣀⡀
⠀⠀⠉⢿⣿⣿⣿⣿⣿⣻⣿⣷⣆
⠀⠀⠀⠀⠈⠛⠛⠻⠿⣿⠿⠛⠓⠛
⠙⣶⣶⣤⣤⣀⣀⣀⣀⡀
⠀⠈⠻⣿⣿⣿⣿⣿⣿⣿⣿⣿⣿⣿⣶⣶⣤⣄⡀
⠀⠀⠀⠀⠙⢿⣿⣿⣿⣿⣿⣿⣿⣿⡛⢿⣿⣿⣿⣆
⠀⠀⠀⠀⠀⠀⠙⠻⣿⣿⣿⣿⣿⣿⣿⣿⣿⠿⠯⣬⣝⣦
⠀⠀⠀⠀⠀⠀⠀⠀⠀⠀⠉⠉⠛⠿⢿⡿⠛⠋⠉⠁
⠙⣶⣦⣤⣄⣀⡀
⠀⠙⢿⣿⣿⣿⣿⣿⣿⣷⣶⣶⣶⣶⣶⣤⣤⣤⣀⣀
⠀⠀⠈⠛⢿⣿⣿⣿⣿⣿⣿⣿⣿⣿⣿⣿⣿⣿⣿⣿⣿⣷⣦⣄
⠀⠀⠀⠀⠀⠈⢿⣿⣿⣿⣿⣿⣿⣿⣿⣿⣿⣯⠙⢿⣿⣿⣿⣿⣷
⠀⠀⠀⠀⠀⠀⠀⠙⠻⣿⣿⣿⣿⣿⣿⣿⣿⣿⣷⣾⣽⣿⣾⣛⡉⠓⢦⡀
⠀⠀⠀⠀⠀⠀⠀⠀⠀⠈⠛⠻⠿⢿⣿⣿⣿⣿⣿⣿⣿⣿⣩⡭⠭⠽⠷⠷
⠀⠀⠀⠀⠀⠀⠀⠀⠀⠀⠀⠀⠀⠀⠀⠉⠙⠻⢿⡿⠛⠉
⠀⠀⠀⣤⣶⣶⣤⣤⣤⣤⣀⣀⡀
⠀⠀⠀⢠⣾⣿⣿⡿⣫⣭⣍⡉⠉⠁
⠀⠀⠀⢼⢟⣿⠟⠁
⠀⠀⠀⠀⠻⠁
⠀⠀⠀⠀⢀⣀⣤⣤⣤⣤⣤⣤⣄⣀⣀⣀⣀
⠀⠀⠀⠀⠈⠉⢩⣿⣿⣿⣿⣿⣿⢟⣛⠿⠿⠿⠟⠓⠂⠄
⠀⠀⠀⠀⠀⢸⣛⣿⣿⣿⣿⠟⠑⠛⠛⠟⠛⠒
⠀⠀⠀⠀⠀⠻⣛⣽⣿⠟⠁
⠀⠀⠀⠀⠀⠀⠙⠻⠁
⠀⠀⠀⠀⠀⠀⠀⢀⣤⣤⣀⣀⣀⣀⣀
⠀⠀⠀⠀⠀⠐⠺⠿⠿⣿⣿⣿⣿⣿⣿⣿⣿⣿⣿⣷⣶⣶⣶⣤⣤⣄⡀
⠀⠀⠀⠀⠀⠀⠀⣀⣚⣻⣿⣿⣿⣿⣿⣿⠟⣩⣭⣉⡉⠉⠉⠉⠉⠉⠘
⠀⠀⠀⠀⠀⠀⠠⠿⣛⣯⣽⣿⣿⣿⠟⠁⠚⠛⠛⠟⠛⠿⠂
⠀⠀⠀⠀⠀⠀⢰⣿⡿⢛⣵⣿⡿⠃
⠀⠀⠀⠀⠀⠀⠀⠡⣾⣿⡿⠋
⠀⠀⠀⠀⠀⠀⠀⠀⠈⠛
⠀⡤⠴⣶⣿⣯⣟⣿⣷⣶⣤⣀⡀
⠀⠀⠀⠉⠛⠋⠙⡿⠻⠓⠒⠒⠒⠓
⠀⠀⢀⣠⣤⣶⣶⡿⡛⣻⢿⣻⣷⣶⣦⣤⡀
⠀⠈⠉⠉⣩⠿⢯⣾⣽⣷⣿⣿⣿⣟⣫⠝⠋⠉⠙⠒⠢⣄
⠀⠀⠀⠀⠀⠀⠈⠀⠀⠀⠘⠿⠛⠛⠉⠉⠉⠉⠉⠉⠉⠉
⠀⠀⠀⠀⣀⣠⣤⣶⣶⣞⠛⠛⣛⢻⡿⣶⣶⣦⣤⣀
⠀⡠⠶⠟⠛⠛⣿⣿⡟⣵⠏⣾⣏⣾⣿⣿⣿⢿⠿⠿⢿⠶⠶⠤⣤⣀
⠀⠀⠀⠀⠀⠒⠛⠛⡻⠿⠿⠿⠿⢿⣿⣿⣿⣷⣿⣍⣀⣀⣒⣒⣒⣬⣽⣦
⠀⠀⠀⠀⠀⠀⠀⠀⠀⠀⠀⠀⠀⠈⠻⠋⠉⠉⠁
⠀⣀⣀⣀⣠⣤⣶⣶⣿⣿⣿⣿⣖⡶
⢈⠭⡾⠛⠋⠉⠉⠛⠛⠛⠋⠉⠉
⠀⠀⠀⠀⠀⠀⠀⠀⠀⢀⣠⣤⣶⣶⣾⣿⣿⣿⣶⣤⣤⣀
⠀⣀⣀⣤⣤⣤⣴⣾⣿⣿⣿⣿⣿⣿⣿⣿⣿⣿⣿⣉⣿⠟
⠘⠉⢉⣩⣿⣿⡿⠟⠛⠛⠛⣻⣿⣿⣿⣿⡟⠛⠿⠛⠁
⢠⡞⠋⠵⠋⠁⠀⠀⠀⠀⠀⠀⠀⠉⠉⠁
⠀⠀⠀⠀⠀⠀⠀⠀⠀⠀⠀⠀⢀⣀⣤⣤⣶⣶⣶⣿⣿⣿⣿⣶⣤⣀⣀⡀
⠀⠀⠀⠀⠀⠀⠀⢀⣠⣴⣶⣾⣿⣿⣿⣿⣿⣿⣿⣿⣿⣿⣿⣿⡟⢛⣿⡿
⢀⣴⣿⠿⠿⢿⣿⣿⣿⣿⣿⣿⣿⣿⣿⣿⣿⣿⣿⣿⣿⣿⣿⣿⣷⣾⠟⠁
⠀⠀⢀⣠⡴⣟⣿⠿⠟⠉⠉⠉⠉⠀⠴⠾⢿⣿⣿⣯⠿⠀⠘⠋⠁
⠠⡶⠋⠡⠾⠉
⠀⠀⠀⣀⣠⣴⣾⣿⣿⣿⣿⣷⠆
⠀⠒⠛⠛⠛⠻⠿⠿⣿⣿⡟⠁
⠀⠀⠀⠀⠀⠀⠀⣀⣲⣶⣶⣿⣿⣿⣿⣿⣿⣷⣶⡖
⠀⠀⣀⣤⣴⣾⣿⣿⣿⣿⣿⣿⣿⣿⣿⣾⣿⡾⠋
⠀⠉⠉⠉⠉⠉⠉⠙⠛⠛⠻⠿⠿⣿⣿⣿⡟
⠀⠀⠀⠀⠀⠀⠀⠀⠀⠀⠰⣶⣶⣶⣾⣿⣿⣿⣿⣿⣿⣷⣶⣶⣶⠆
⠀⠀⠀⠀⠀⢀⣠⣤⣶⣿⣿⣿⣿⣿⣿⣿⣿⣿⣿⣛⣿⣿⣻⡿⠋
⠀⣀⣤⣶⣿⣿⣿⣿⣿⣿⣿⣿⣿⣿⣿⣿⣿⣿⣿⣟⣿⣿⠋
⠀⠀⠀⠀⠀⠀⠀⠀⠀⠉⠉⠉⠛⠛⠻⠿⠿⣿⣿⣿⣿⠁
⡛⠉⠉⠀⠀⠀⠈⠀⠀⠀⠀⠉⠛⢛
⣏⠀⠀⠀⠀⠀⠀⠀⠀⠀⠀⠀⠀⢹
⣿⣄⡀⠀⠀⠀⠀⠀⠀⠀⠀⢀⣠⣾
⣿⣿⣿⣷⣶⣄⠀⠀⢀⣴⣿⣿⣿⣿
⠟⠛⠉⠉⠉⠁⠀⠀⠀⠈⠉⠁⠀⠀⠀⠀⠈⠉⠛⠛⠛⠻
⣶⠄⠀⠀⠀⠀⠀⠀⠀⠀⠀⠀⠀⠀⠀⠀⠀⠀⠀⠀⢠⣾
⣿⡀⠀⠀⠀⠀⠀⠀⠀⠀⠀⠀⠀⠀⠀⠀⠀⠀⠀⠀⠀⣿
⣿⣧⠀⠀⠀⠀⠀⠀⠀⠀⠀⠀⠀⠀⠀⠀⠀⠀⠀⠀⣠⣿
⣿⣿⣷⣶⣦⣀⣀⠀⠀⠀⠀⠀⠀⠀⠀⣀⣤⣶⣶⣿⣿⣿
⣿⣿⣿⣿⣿⣿⣿⣿⣦⡀⠀⠀⠀⣠⣾⣿⣿⣿⣿⣿⣿⣿
⠿⠛⠛⠋⠛⠉⠉⠀⠀⠀⠀⠀⠉⠉⠉⠀⠀⠀⠀⠀⠀⠉⠙⠛⠿⠿⠿⢿
⣦⣤⠀⠀⠀⠀⠀⠀⠀⠀⠀⠀⠀⠀⠀⠀⠀⠀⠀⠀⠀⠀⠀⠀⠀⠀⣠⣴
⣿⡇⠀⠀⠀⠀⠀⠀⠀⠀⠀⠀⠀⠀⠀⠀⠀⠀⠀⠀⠀⠀⠀⠀⠀⠀⢸⣿
⣿⡗⠀⠀⠀⠀⠀⠀⠀⠀⠀⠀⠀⠀⠀⠀⠀⠀⠀⠀⠀⠀⠀⠀⠀⠀⢸⣿
⣿⣿⣧⣀⣀⠀⠀⠀⠀⠀⠀⠀⠀⠀⠀⠀⠀⠀⠀⠀⠀⠀⠀⠀⣀⣴⣿⣿
⣿⣿⣿⣿⣿⣷⣦⣤⣀⣀⠀⠀⠀⠀⠀⠀⠀⠀⢀⣠⣶⣿⣿⣿⣿⣿⣿⣿
⣿⣿⣿⣿⣿⣿⣿⣿⣿⣿⣷⣄⠀⠀⠀⠀⢀⣼⣿⣿⣿⣿⣿⣿⣿⣿⣿⣿
⣟⡁⠀⣿⣿⠁⢀⣀⣴⣿⡟⠉⠉⢻
⣿⡇⠀⢿⣿⠀⢈⣹⣿⡏⢀⣤⣾⣿
⣿⣿⣦⣌⣿⣧⠈⢹⣿⣤⣾⣿⣿⣿
⡿⠋⠀⠀⢸⣿⣿⣿⠃⠀⠀⠀⠀⣼⣿⣿⡿⠋⠉⠉⠛⣿
⣿⣿⡆⠀⢸⣿⣿⣿⠀⠀⠿⠿⣿⣿⣿⡟⠁⠀⢀⣤⣶⣿
⣿⣿⣇⡀⠀⢻⣿⣿⡄⠀⣶⣶⣿⣿⡟⠀⣠⣾⣿⣿⣿⣿
⣿⣿⣿⣿⣶⣤⣹⣿⣿⣄⠀⠘⣿⣿⣧⣼⣿⣿⣿⣿⣿⣿
⣿⠟⠋⠀⠀⢠⣿⣿⣿⣿⡟⠀⠀⠀⠀⠀⢀⣾⣿⣿⣿⡿⠟⠉⠉⠛⠿⣿
⣷⣶⣶⠀⠀⢸⣿⣿⣿⣿⠁⠀⢰⣶⣶⣶⣿⣿⣿⣿⠟⠁⠀⠀⠀⣀⣤⣿
⣿⣿⣿⠀⠀⠈⣿⣿⣿⣿⡄⠀⠀⣉⣉⣿⣿⣿⣿⠃⠀⠀⣠⣶⣿⣿⣿⣿
⣿⣿⣿⣦⣄⠀⠈⢿⣿⣿⣷⡀⠸⠿⠿⣿⣿⣿⡏⠀⣰⣿⣿⣿⣿⣿⣿⣿
⣿⣿⣿⣿⣿⣿⣶⣦⣽⣿⣿⣷⡄⠀⠀⣿⣿⣿⣧⣼⣿⣿⣿⣿⣿⣿⣿⣿
⢀⣤⣶⣾⣿⣿⣿⣷⣶⣄⡀
⣿⣿⣿⣿⣿⣿⣻⣽⠿⡗⠈
⠈⠿⡿⢿⣿⣾⣿⠟
⠀⢀⣤⣴⣶⣾⣿⣿⣿⣿⣿⣷⣶⣤⣄
⣴⣿⣿⣿⣿⣿⣿⣿⣿⣿⣿⢿⣿⣿⣯⣹⠓⠂
⢻⣿⣿⣿⣿⣿⣿⡿⢟⣷⣿⣷⣝⠛⠻⡀⠀⠀⠀⠄
⠀⠙⠿⠿⠿⠿⣿⣿⣿⣿⡿⠿⠁⠀⠂⠁⠀⠀⠀⠀⠄⠠
⠀⠀⠀⣀⣤⣴⣶⣾⣿⣿⣿⣿⣿⣷⣶⣦⣤⣀
⢀⣴⣿⣿⣿⣿⣿⣿⣿⣿⣿⣿⣿⣿⣿⣿⣿⣿⣷⢴⢤
⣾⣿⣿⣿⣿⣿⣿⣿⣿⣿⣿⣿⣿⢿⠻⣯⣿⣿⣿⣭⠍⠛⠁
⢿⣿⣿⣿⣿⣿⣿⣿⣿⣿⣿⢟⣕⡿⣷⣝⠿⠛⢿⡃⠠⡀⡀⣀⣀⢀⡀
⠈⢻⣿⣿⣿⣿⣿⣿⣿⣯⣶⣿⣽⣿⣿⡿⠂⠀⠀⡗⠀⠀⠄⠄⠄⠤⠂⠆
⠀⠀⠙⠻⠿⠟⠻⠿⢿⣿⣿⣿⣿⠿⠟⠂⠀⠚⠈⠀⠀⠀⠀⠀⠈⠰⠄⠰
⠀⠀⠀⠀⠀⠀⡴⢦
⠠⢤⡤⣤⣤⣜⣽⣯⣣⣤⣤⢤⡤⠄
⠀⠀⠈⠙⣯⣿⣿⣿⣿⣽⠋⠁
⠀⠀⠀⡼⠜⠋⠉⠉⠙⠣⢧
⠀⠀⠀⠀⠀⠀⠀⠀⠀⠀⡴⢦
⠀⠀⠀⠀⠀⠀⠀⠀⣠⠞⣴⣦⠳⣄
⠀⠉⠙⠓⠭⢟⣿⢿⣿⣾⣿⣿⣷⣿⡿⣿⡻⠭⠚⠋⠉
⠀⠀⠀⠀⠀⢀⡼⣡⡿⢿⣛⣛⡿⢿⣌⢧⡀
⠀⠀⠀⠀⢠⠾⠔⠓⠉⠁⠀⠀⠈⠉⠚⠢⠷⡄
⠀⠀⠀⠀⠀⠀⠀⠀⠀⠀⠀⠀⠀⣴⣦
⠀⠀⠀⠀⠀⠀⠀⠀⠀⠀⠀⢀⡼⢡⡌⢧⡀
⠀⣀⣀⣀⣀⣀⣀⣀⣀⣀⣠⠞⣱⣿⣿⣎⠳⣄⣀⣀⣀⣀⣀⣀⣀⣀⣀
⠀⠀⠈⠙⠒⠦⣝⣛⠿⣿⣿⣿⣿⣿⣿⣿⣿⣿⣿⠿⣛⣫⠴⠒⠋⠁
⠀⠀⠀⠀⠀⠀⠀⠈⣹⢂⣼⣿⣿⡿⢿⣿⣿⣧⡐⣏⠁
⠀⠀⠀⠀⠀⠀⢀⡼⠣⠞⣛⡭⠵⠚⠓⠮⢭⣛⡳⠜⢧⡀
⠀⠀⠀⠀⠀⢀⠾⠗⠚⠉⠀⠀⠀⠀⠀⠀⠀⠀⠉⠓⠺⠷⡀
⢤⣼⡾⠶⠿⢛⠛⣓⡂⠠⠄⣀
⠀⠀⠀⠈⠉⠁⢦⠄⠈⠒⠒⠂⠂⠓
⠀⠀⣾⣄⣶⣶⣶⣿⣿⣿⣿⣶⣤⣀
⠲⣶⣾⠿⠟⠛⠋⢉⣉⣉⣉⣭⣍⣉⠉⠉⠲⠤⣄⣀
⠀⠀⠉⠑⠒⠒⠛⠿⢭⣠⠤⢀⣠⠽⠶⠤⠴⢄⣀⣌⣙⣦
⠀⠀⠀⠀⠀⠀⠀⠀⠀⠈⢳⡏⠀⠀⠀⠀⠀⠀⠉⠉⠁⠁
⠀⠀⢠⣿⣄⣶⣶⣶⣶⣿⣿⣿⣿⣿⣶⣦⣄⡀
⠳⢶⣶⣿⠿⠿⠛⠛⠋⠉⣉⣉⣉⣩⣭⣭⣉⡉⠉⠉⠓⠶⢤⣤⣀
⠀⠀⠈⠉⠑⠒⠒⠚⠛⠿⠭⣅⣤⠤⠀⣀⠤⠽⠶⠤⠤⠦⣄⡀⣄⣉⣓⣦
⠀⠀⠀⠀⠀⠀⠀⠀⠀⠀⠀⠀⠉⢲⡏⠀⠀⠀⠀⠀⠀⠀⠀⠉⠉⠉⠀⠁
⠀⠀⠀⠀⠀⠀⢀⣤⣶⣶⣶⣤
⠀⠉⠲⣀⣠⣤⣿⣿⠿⠿⠿⢿⣍⡁
⠀⠀⠀⢴⠛⠙⠛⠃
⠀⠀⠀⠀⠀⠀⠀⠀⠀⠀⠀⣀⣤⣤⣴⣶⣦⣤⣀⡀
⠀⠀⠦⢀⡀⠀⠀⠀⠀⣀⣾⣿⣿⣿⣿⣿⣿⣿⡿⠶⠶
⠀⠀⠀⠀⠙⠒⣶⣾⡿⣿⣿⠿⠟⠛⠉⠉⠉⠛⠛⠓⠶
⠀⠀⠀⠀⠀⢸⡏⠉⠀⠉⠉⠉
⠀⠀⠀⠀⠀⠀⠀⠀⠀⠀⠀⠀⠀⠀⠀⢀⣀⣀⣤⣤⣤⣄⡀
⠀⠀⠀⠀⠀⠀⠀⠀⠀⠀⠀⠀⠀⣠⣿⣿⣿⣿⣿⣿⣿⣿⡿⠶⠆
⠀⠀⠚⠓⠤⡀⠀⠀⠀⠀⠀⢀⣼⣿⣿⣿⣿⣿⣿⣿⣭⣯⣾⠿⠛⠟⠟
⠀⠀⠀⠀⠀⠙⠦⢤⣤⣶⣾⣿⣿⣿⣿⣿⠿⠛⠉⠛⠛⠻⠷⠿⠶⣦⡤
⠀⠀⠀⠀⠀⠀⠀⣸⣿⠿⠋⢸⣿⣯⣭⠅
⠀⠀⠀⠀⠀⠀⠈⠿⠄
⠀⣠⠴⠒⢚⣉⣉⣉⣉⡓⠒⠦⣄
⢾⡁⠀⠸⣿⣿⣛⣛⣛⡛⠛⠛⢛⡷
⠀⠙⠲⠤⢤⣉⣉⣉⣡⡤⠤⠒⠋
⠀⠀⢀⣠⡤⠶⠖⠒⠛⠛⢛⡛⠛⠛⠓⠲⠶⢤⣄⣀
⣠⡾⠋⠀⠀⢠⣶⣿⣿⣿⣿⣿⣿⣿⣷⣦⣤⣤⣤⣽⣷⣄
⠹⢷⣄⠀⠀⠘⠻⠿⣿⣷⣶⣶⣶⠶⠶⠂⠀⠀⢀⣠⡾⠃
⠀⠀⠉⠛⠓⠶⠦⢤⣤⣤⣤⣤⣤⣤⠤⠴⠖⠚⠋⠁
⠀⠀⠀⠀⣀⣠⣤⠴⠶⠖⠒⠛⠛⠛⠛⠛⠛⠒⠲⠶⠦⣤⣄⣀
⠀⣠⡶⠟⠉⠁⠀⢀⣤⣴⣶⣶⣾⣿⣿⣶⣶⣶⣤⣀⣀⣀⣈⣉⣻⣶⣄
⢸⣿⠀⠀⠀⠀⠀⣿⣿⣿⣿⣿⠙⠉⠉⠉⠉⠉⠉⠉⠉⠉⠉⠉⠉⢙⣿⡇
⠈⠛⢷⣤⣀⠀⠀⠈⠙⠛⠛⠿⠿⠿⠿⠿⠛⠛⠉⠁⠀⠀⢀⣠⣴⠿⠋
⠀⠀⠀⠈⠉⠛⠛⠲⠶⠦⠤⢤⣤⣤⣤⣤⠤⠤⠶⠶⠒⠛⠉⠁
⢶⣿⣿⣍⣁⠀⠀⠀⠀⠀⠀⠀⢀⡀
⠀⠩⢿⣿⣿⠛⢿⣶⡆⢰⡶⠶⠟⠋
⠀⠀⠀⠸⣿⣿⠟⠫⠒⠉
⣠⣶⣾⣿⣟⠋⠉⠁
⠙⠿⣿⣿⣿⣷⣶⣤⣄⣀⣀⠀⠀⠀⠀⠀⠀⠀⢀⣱⣦⣄
⠀⠀⠠⣽⣿⣿⣿⡻⠟⠻⣿⣿⣿⠀⠀⣿⣿⣿⠿⠿⠛⠋
⠀⠀⠀⠀⠉⢻⣿⣷⣶⣦⣾⣿⠏⣀⡾⠟⠁
⠀⠀⠀⠀⠀⠼⠿⢿⣿⠿⠋⠴⠊⠁
⢀⣤⣶⣾⣿⣿⠟⠛⠉⠉
⢿⣿⣿⣿⣿⣿⣦⣄⡀⠀⠀⠀⠀⠀⠀⠀⠀⠀⠀⠀⠀⠀⠀⠀⢤⣀
⠀⠙⠻⢿⣿⣿⣿⣿⣿⣿⣶⣦⣤⣄⣀⣀⠀⠀⠀⠀⠀⣀⣀⣠⣼⣿⣿⣦
⠀⠀⠀⣤⣾⣿⣿⣿⣿⡻⠿⠛⣿⣿⣿⣿⣧⠀⠀⣿⣿⣿⣿⣿⡿⠿⠛⠁
⠀⠀⠀⠀⠈⠙⢿⣿⣿⣯⣤⣤⡀⣾⣿⣿⠇⠀⣴⣿⡿⠋
⠀⠀⠀⠀⠀⠀⠀⣻⣿⣿⣿⣿⣿⣿⠟⢁⣤⠾⠋⠁
⠀⠀⠀⠀⠀⠀⠒⠛⠿⢿⣿⠿⠋⠥⠒⠋
⠀⢘⣿⡿⠆⠀⠀⠀⠀⠰⢿⣿⡃
⣴⣿⠟⠀⠀⠀⠀⠀⠀⠀⠀⠻⣿⣦
⢻⣿⣦⡀⠀⠀⠀⠀⠀⠀⢀⣴⣿⡟
⠀⠉⠛⠿⢷⣶⣶⣶⣶⡾⠿⠛⠉
⠀⠀⠸⢿⣿⣿⣷⠀⠀⠀⠀⠀⠀⠀⠀⣾⣿⣿⡿⠇
⠀⣠⣶⣿⡿⠋⠁⠀⠀⠀⠀⠀⠀⠀⠀⠈⠙⢿⣿⣷⣄
⣴⣿⣿⡟⠁⠀⠀⠀⠀⠀⠀⠀⠀⠀⠀⠀⠀⠈⢻⣿⣿⣦
⢿⣿⣿⣧⠀⠀⠀⠀⠀⠀⠀⠀⠀⠀⠀⠀⠀⠀⣼⣿⣿⡿
⠈⠻⣿⣿⣿⣦⣄⣀⡀⠀⠀⠀⠀⣀⣀⣤⣴⣿⣿⡿⠟⠁
⠀⠀⠀⠉⠛⠻⠿⢿⣿⣿⣿⣿⣿⣿⡿⠿⠟⠛⠉
⠀⠀⠀⣿⢿⣿⣿⣿⣦⠀⠀⠀⠀⠀⠀⠀⠀⠀⠀⣴⣿⣿⣿⡿⣿
⠀⠀⢀⣤⣾⣿⣿⠿⠃⠀⠀⠀⠀⠀⠀⠀⠀⠀⠀⠘⠿⣿⣿⣷⣤⡀
⠀⣴⣿⣿⣿⡿⠁⠀⠀⠀⠀⠀⠀⠀⠀⠀⠀⠀⠀⠀⠀⠈⢻⣿⣿⣿⣦
⣼⣿⢿⣿⡟⠀⠀⠀⠀⠀⠀⠀⠀⠀⠀⠀⠀⠀⠀⠀⠀⠀⠀⢻⣿⡿⣿⣧
⣿⣿⣿⣿⣇⠀⠀⠀⠀⠀⠀⠀⠀⠀⠀⠀⠀⠀⠀⠀⠀⠀⠀⣸⣿⣿⣿⣿
⠘⢿⣿⣿⣿⣷⣄⠀⠀⠀⠀⠀⠀⠀⠀⠀⠀⠀⠀⠀⢀⣠⣶⣿⣿⣿⡿⠃
⠀⠀⠙⠿⣿⣿⣿⣿⣷⣶⣤⣤⣤⣤⣤⣤⣤⣤⣶⣾⣿⣿⣿⣿⠿⠋
⠀⠀⠀⠀⠀⠉⠙⠛⠿⠿⢿⣿⣿⣿⣿⣿⣿⡿⠿⠿⠛⠋⠉
⠶⣒⣶⣾⣿⣿⣿⣿⣿⣿⣶⡶⣄
⠀⠘⠿⣿⣫⡄⢴⣿⣿⣽⢫⢽⠿⠕
⠀⠀⠀⠀⠈⠙⠮⣟⣛⣛⠶
⢶⡒⠶⣶⣶⣖⣺⣿⣯⣽⣯⣿⣿⣻⣿⡶⣶⢦⣤⣄
⠀⠈⢿⣷⣿⡿⡿⢛⡛⠛⣛⣷⣿⣿⠿⡿⠿⠷⢬⣽⠷⣤
⠀⠀⠀⠉⠛⠻⠵⢾⣗⡘⢿⣿⣿⣿⣿⣗⢒⠛⠻⠙⠉⠁
⠀⠀⠀⠀⠀⠀⠀⠀⠀⠙⠶⢭⣛⣛⣈⣩⠟
⣤⡤⠤⣤⣴⣶⣶⣖⣲⣿⣟⣛⣿⣏⣻⢿⡟⣿⢟⣶⢶⡦⣤⣄⣀
⠀⠙⢲⣦⣭⣭⣿⣿⣿⡿⠿⠿⠿⠯⠭⢝⣻⣿⣿⣷⣶⣷⣌⣉⡛⢧⣄⡀
⠀⠀⠀⠙⢿⣟⣿⡬⢍⣐⣶⠀⢰⣾⣿⣿⣷⣶⣭⣉⣉⣠⣬⣽⠟⣭⠥⠟
⠀⠀⠀⠀⠀⠀⠉⠉⠛⠒⠮⣥⡈⠻⣿⣿⣿⣿⠿⣿⡈⡥⠀⠉⠉
⠀⠀⠀⠀⠀⠀⠀⠀⠀⠀⠀⠀⠙⠳⠦⣭⣉⣁⣉⡥⠴⠋
⣠⠐⠙⢬⣭⣉⣭⣶⣖⣒⡶⠤⢄⣀
⠳⠀⣄⢉⣉⣙⣛⠿⠷⠶⠃⠒⠂⠉
⠀⣀⣀⡘⡏⢉⣉⣉⠛⠛⢒⠲⢶⡤⠤⣄⣀⡀
⣸⠇⠀⠈⠀⢹⣿⣿⣴⣶⣿⣿⣿⠷⠦⣤⣤⠉⠓⠲⢤⣀
⢷⠀⠀⡀⠀⠛⠛⠛⠻⣿⣿⣟⣛⣁⣤⣼⢗⣀⡤⠔⠒⠉
⠈⠉⠉⣽⣁⣀⣀⣀⣠⣤⠤⠴⠖⠒⠚⠉⠉
⠀⠀⠀⠀⠘⣏⠉⠉⠉⠙⠓⠒⠒⠲⠤⠤⢤⣀⣀⣀
⠀⣿⠉⠉⠓⠉⠘⣿⣿⣿⣃⣠⣤⣾⣿⣛⣛⣀⣀⣉⣉⡛⠓⠤⣤⣀
⣾⠁⠀⠀⠀⠀⣠⣿⣿⣿⣯⣿⣿⣿⣿⣿⣯⠍⠉⠛⠿⠃⠀⠀⠀⣈⣙⠶
⢹⣆⣤⣠⣤⡀⠀⠀⠀⠀⠈⠛⠿⠷⠶⠶⠶⠶⠶⣟⣋⡥⠴⠒⠋⠁
⠀⠀⠀⠀⣼⣁⣀⣀⣀⣀⡤⠤⠤⠴⠒⠒⠚⠋⠉⠁
⢠⣤⠠⣤⢤⡴⡶⢶⠦⡤⢤⠄⣤⡄
⠘⣿⣟⣝⡻⠋⢹⡏⠙⣟⣫⣻⣿⠃
⠀⠙⢿⣿⡧⣝⠃⠀⡠⢿⣿⡿⠋
⠀⠀⠀⠙⠛⠿⠿⠿⠿⠛⠉
⠀⣀⣀⣀⣀⣀⣀⣀⣀⣤⣴⣦⣤⣀⣀⣀⣀⣀⣀⣀⣀
⠀⣿⣿⣤⡬⣯⣤⣽⣧⣿⣤⣤⣧⣤⣿⣤⣼⢧⣬⣿⣿
⠀⢹⣿⣯⣑⣮⣍⠟⠀⠀⢿⣇⠀⠈⢿⣋⣔⣫⣿⣿⡏
⠀⠀⠻⣿⣿⣿⣿⡄⡒⠒⠂⠀⠀⠠⣺⣿⣿⣿⣿⠟
⠀⠀⠀⠈⠻⢿⣛⣭⣽⣦⣤⢤⣖⣯⣭⣻⡿⠟⠁
⠀⠀⠀⠀⠀⠀⠈⠙⠛⠻⠿⠿⠟⠛⠋⠁
⠀⠀⠀⠀⠀⠀⠀⠀⠀⠀⠀⣀⣀⣤⣤⣀⣀
⠀⢸⣿⣶⠓⠚⣾⡟⠉⢻⡟⢹⡟⠩⠙⣿⠋⠹⣿⠙⠛⣷⠒⠐⣶⣶⡇
⠀⢸⣿⣿⣿⢟⠻⢿⣿⣿⡿⠛⠛⣿⡟⠛⠻⢿⣿⣿⡿⢛⡻⣿⣿⣿⡇
⠀⠘⣿⣿⣷⣬⣿⣤⣅⠟⠀⠀⠀⣿⣿⠀⠀⠈⢗⣁⣴⣯⣵⣿⣿⣿⠁
⠀⠀⠘⣿⣿⣿⣿⣿⣿⡀⡲⠶⠶⠂⠀⠀⠀⣠⢟⣿⣿⣿⣿⣿⣿⠃
⠀⠀⠀⠈⠻⣿⣿⣿⡿⠷⢷⣄⠀⠀⠀⢀⠤⡗⠿⢿⣿⣿⣿⠟⠁
⠀⠀⠀⠀⠀⠈⠙⠶⣶⣾⣿⣿⣿⣿⣭⣥⣾⣿⣷⡶⠞⠋⠁
⠀⠀⠀⠀⠀⠀⠀⠀⠀⠈⠉⠛⠛⠻⠟⠛⠛⠉⠁
⠀⠀⣠⣶⣺⣿⣿⣿⣿⣷⣶⣤⡀
⡴⠟⠋⠉⠁⠀⠀⠀⠀⠈⠈⠉⠛⢦
⠀⠀⢀⣀⣤⣶⣶⣿⣿⣿⣿⣿⣿⣿⣿⣶⣶⣦⣤⣀
⣠⠾⠛⠛⠉⠉⠉⠁⠀⠀⠀⠀⠀⠀⠈⠉⠀⠉⠙⠛⠿⣦
⠀⠀⠀⠀⠀⠀⣤⣴⣶⣶⣶⣶⣿⣷⣶⣿⣿⣿⣶⡶⢦⣤⣄⡀
⠀⠀⣠⣴⣞⣯⡽⠿⠿⠟⠛⠋⠉⠉⠙⠛⠛⠛⠻⠿⠟⠶⠾⣽⣳⣦⡀
⡰⠟⠛⠉⠁⠀⠀⠀⠀⠀⠀⠀⠀⠀⠀⠀⠀⠀⠀⠀⠀⠀⠀⠀⠈⠙⠻⢦
⠀⠀⣀⣀⢤⣶⠾⠿⠿⢿⡷⣶⣄
⢀⣾⣿⣱⣟⣁⡀⣠⣶⣿⣯⣼⣿⣷
⠉⠉⠉⠻⠿⣯⣬⣉⣉⠀⠀⠈⠉⠉
⠀⠀⠀⠀⠀⠀⣀⣤⣤⣶⣾⣿⣿⣿⣿⣿⢶⣶⣤⣀
⠀⠀⣰⣿⣿⢟⣴⡿⠛⠉⠀⠀⠀⣠⣶⣿⡧⠈⢿⣿⣷⣄
⣠⣾⣿⣿⣧⣯⣿⣥⣤⠤⣠⣴⣿⡿⠿⠿⠶⠶⣾⣿⣿⡿
⠀⠀⠀⠀⠀⠙⠻⠿⢷⣶⣤⣤⣤⣤⠤
⠀⠀⠀⠀⠀⠀⠀⠀⢀⣀⣤⣤⣤⣭⣭⣭⣽⣟⣛⡿⢶⣶⣤⣄⡀
⠀⠀⠀⣠⣶⣶⣶⠖⣩⣿⡿⠟⠛⠉⠉⠉⠁⢉⣩⣭⣕⡊⠻⣿⣿⣷⣤
⠀⢀⣴⣿⣿⡿⠣⠾⠿⠏⠀⠀⠀⠀⠀⣠⣶⣿⣿⣿⣟⣁⣀⣸⣿⣿⣿⣷
⠰⠿⠿⠿⠿⠿⢿⣿⣿⣿⣿⠟⠋⠴⠿⠿⠿⠛⠉⠉⠉⠉⠉⠿⠿⠿⠿⠟
⠀⠀⠀⠀⠀⠀⠈⠙⠛⠿⠿⣿⣶⣦⣤⣤⣤⡤⠤
⠀⠀⠀⠀⢀⠤⠐⠂⢐⣢⣤⣤⣤⡤
⣀⡀⣀⠀⣎⣀⣿⣿⣿⣿⡶⣻⠁
⠀⠉⠉⠉⠉⠛⠫⠥⠤⠔⠚⠁
⠀⠀⠀⠀⠀⠀⠀⠀⢤⡠⠤⠆⠐⠰⠦⣄⣀⣀⣀⣀⣀⣀
⠀⠀⠀⠀⠀⢀⣠⠎⠡⠤⣤⣤⣴⣾⣿⢟⣫⡽⣞⠋⠉
⠢⠤⢤⣤⣤⣀⣸⣦⣴⣾⣟⡿⠿⠟⠛⠹⠋⡠⠯
⠀⠀⠀⠀⠀⠀⠀⠀⠉⠙⠲⠖⠒⠐⠖⠊⠙
⠀⠀⠀⠀⠀⠀⠀⠀⠀⠀⢄⣀⣠⡠⠦⠠⠄⠴⠆⡄
⠀⠀⠀⠀⠀⠀⠀⠀⠠⡴⠊⠁⠀⣀⣀⣀⣤⣴⣶⣾⠿⠟⣛⣭⠽⠟⠛⠉
⠀⠀⠀⠀⠀⠀⠀⠒⣺⡀⠀⣉⣽⣿⣿⣿⣿⣿⣯⣵⣾⡿⠉⣷⠂
⠈⠛⠓⠒⠒⠶⠤⠤⠶⠷⣿⣿⡭⠵⠞⠛⠋⠉⠀⠘⣉⠤⠎⠑
⠀⠀⠀⠀⠀⠀⠀⠀⠀⠀⠀⠀⠉⠹⠖⠐⠂⠘⠋⠉⠈⠁
⠀⠀⢀⢷⠀⠷⠀⣀
⠀⠀⠀⠢⠁⠘⠚⠓⠒⢭⣑⣢⣄
⠀⠀⢀⣀⣤⣿⠿⣷⢶⣿⣟⣻⣿⣆
⠐⠚⠋⠉⠉⠙⢮⣶⣹⡿⢾⡿⠛⠓
⠀⠀⠀⠀⠀⠀⠀⢹⠟⠀⠋
⠀⠀⠀⠀⢨⣧⠀⠀⣶⡄
⠀⠀⠀⠀⢸⡘⠦⣀⡹⣌⣲⣖⣒⣒⠲⠤⢤⣀
⠀⠀⠀⠀⠀⠉⠂⠤⢀⣀⣀⡀⠀⠈⢙⣦⣤⣤⣽⣦⡀
⠀⠀⠀⠀⢀⣀⣠⣤⣿⣿⠿⣻⣷⡾⢿⣫⣟⢙⣿⣿⣻⡁
⢀⣤⠶⠿⠿⠭⠶⠾⠿⢇⡚⣩⡴⢺⡿⣤⣨⣿⣿⣷⣺⣯
⠀⠀⠀⠀⠀⠀⠀⠀⠀⠀⠻⣽⣶⣻⠗⠋⣹⡿⠁
⠀⠀⠀⠀⠀⠀⠀⠀⠀⠀⠀⢸⡿⠟⠀⠈⠁
⠀⠀⠀⠀⠀⠀⣷⡄⠀⠀⢲⣄
⠀⠀⠀⠀⠀⢰⠋⢧⡀⠀⠸⡌⠢⣄⣠⠤⠤⣄⣀⣀
⠀⠀⠀⠀⠀⠈⠣⣀⠉⠒⠢⠭⠶⠾⠗⠲⠦⠤⣄⡈⠉⠙⠲⢤⡀
⠀⠀⠀⠀⠀⠀⠀⠈⠉⠒⢢⣤⣤⣤⣄⡀⠀⠀⣠⣷⣶⣶⣶⣶⣿⣦⠀⡀
⠀⠀⠀⠀⠀⠀⢀⣀⣠⣤⣼⣿⣿⠿⣛⣿⣿⡿⠿⣛⣽⡃⢛⣻⣟⣛⣯⡀
⠀⠀⣀⣤⣶⣿⣛⣋⣩⣽⣭⣷⠀⠴⢋⢉⡥⢶⢿⡉⠉⣻⢾⣫⣭⠥⢶⣓
⠐⠋⠉⠉⠀⠀⠀⠀⠀⠀⠀⠈⠳⡦⢿⣋⣠⣼⣁⡭⢽⣷⣧⠟⠛⠛⠛⠛
⠀⠀⠀⠀⠀⠀⠀⠀⠀⠀⠀⠀⠀⠉⠳⡾⣯⣾⠁⢀⡴⠟⠋
⠀⠀⠀⠀⠀⠀⠀⠀⠀⠀⠀⠀⠀⠀⢰⣿⠗⠁
⠀⠀⠒⠒⠒⠻⠿⣿⣿⣿⣿⣗⣲⡖
⠀⠀⠀⠀⠀⠀⠀⠀⠉⠙⠻⣹⠋
⠀⠀⠠⠤⠤⠤⠶⠒⣒⣚⣋⣿⣿⣿⣿⣿⣿⣷⠶⢦⣤⡤
⠀⠀⠀⠀⠀⠀⠀⠀⠀⠀⠐⠒⠻⠿⣿⣿⣛⣿⠿⡶⠟
⠀⠀⠀⠀⠀⠀⠀⠀⠀⠀⠀⠀⠀⠀⠀⠉⠛⢄⡞⠁
⠀⠀⠀⠠⠤⠤⠤⠴⠖⠒⣒⣒⣛⣋⣿⣿⣿⣿⣿⣿⣿⣿⣶⠶⠶⣤⣤⡄
⠀⠀⠀⠀⠀⠀⠀⠀⠀⠀⠀⠀⠀⠐⠒⠚⠿⠿⣿⣿⣟⣻⣿⠿⡶⠿⠋
⠀⠀⠀⠀⠀⠀⠀⠀⠀⠀⠀⠀⠀⠀⠀⠀⠀⠀⠀⠈⠙⠣⢄⡾⠉
⠀⠀⠀⠀⠀⠀⣴⣦
⠀⠀⣀⣀⣀⣼⡟⢻⣧⣀⣀⣀
⣾⣟⣩⣭⣭⣛⠆⠰⣛⣭⣭⣍⣻⣷
⠈⠙⠋⣠⡾⣿⡇⢸⣿⢷⣄⠙⠋⠁
⠀⠀⠀⠉⠛⠛⢷⡾⠛⠛⠉
⠀⠀⠀⠀⠀⠀⠀⠀⠀⠀⣴⣦
⠀⠀⠀⠀⠀⠀⠀⠀⢀⡼⡷⢾⢧⡀
⠀⢀⣀⣤⣤⣤⣤⣠⣟⡞⠁⠈⢳⣻⣄⣤⣤⣤⣤⣀⡀
⣾⣿⠋⢉⣡⣤⣭⣉⡛⠧⠀⠀⠼⢛⣉⣭⣤⣌⡉⠙⣿⣷
⠙⠻⠿⠿⠋⠉⣉⣽⣏⣗⠀⠀⣸⣹⣯⣍⡉⠙⠿⠿⠟⠋
⠀⠀⠀⠀⠀⣿⣿⣙⣻⣭⡄⢠⣭⣟⣋⣿⣽
⠀⠀⠀⠀⠀⠀⠉⠉⠉⠳⢿⡾⠞⠉⠉⠉
⠀⠀⠀⠀⠀⠀⠀⠀⠀⠀⠀⠀⠀⣰⣦
⠀⠀⠀⠀⠀⠀⠀⠀⠀⠀⠀⢀⣼⢣⡜⣧
⠀⠀⠀⠀⠀⠀⠀⠀⠀⠀⢠⡾⣵⠋⠙⣮⢷⡄
⠀⢀⣠⣤⣶⣶⣶⣶⣶⣤⡟⣼⠁⠀⠀⠈⣧⢻⣤⣶⣶⣶⣶⣶⣤⣄⡀
⣴⢫⡞⠉⠀⣀⣀⣀⣀⣉⠙⠻⠆⠀⠀⠰⠟⠋⣉⣀⣤⣀⣀⠀⠉⢳⡝⣧
⠙⠮⣷⣶⣫⡟⠋⠉⠙⠻⣿⢲⠄⠀⠀⠠⡖⣿⠟⠋⠉⠙⢻⣝⣶⣾⠵⠋
⠀⠀⠀⠀⠉⠀⣠⣖⡿⢿⣿⡼⠆⠀⠀⠰⢯⣿⡿⢿⣲⣄⠀⠉
⠀⠀⠀⠀⠀⠀⠙⠮⣷⣶⣶⣶⢻⡀⢀⡟⣶⣶⣶⣾⠵⠋
⠀⠀⠀⠀⠀⠀⠀⠀⠀⠀⠀⠈⠳⢽⡯⠞⠁
⣤⠀⠀⢠⡄⠀⠙⣧⠀⠀⢸⡇
⣿⠀⠀⢸⡇⠀⠀⢿⡀⠀⠘⠃
⣿⠛⠛⠛⠛⠛⠛⠛⠛⠓⠒⠃⠀⢀
⠀⠀⠀⠀⠀⠈⠀⠀⠀⠈⢻⡇⠀⠀⠀⠀⢸⣿⡇
⣿⡇⠀⠀⠀⢸⣿⠀⠀⠀⢸⣿⣿⠀⠀⠀⢸⣿⡇
⣿⡇⠀⠀⠀⢸⣿⠀⠀⠀⠘⠿⣿⠀⠀⠀⠘⠿⠃
⣿⣧⣤⣤⣤⣼⣿⣦⣤⣤⣤⣤⣿⣶⣤⣤⣄⣤⠄
⣿⡇⠀⠀⠀⠀⠀⠀⠀⠀⠀⠀⠀⠀⠀⠀⠀⠀⠀⠀⢀⣠
⠀⠀⠀⠀⠀⠀⠈⠁⠀⠀⠀⠈⠉⢻⡇⠀⠀⠀⠀⠀⠀⣿⣿⡇
⣿⣷⠀⠀⠀⠀⢠⣶⣶⠀⠀⠀⠀⢸⣿⣿⠀⠀⠀⠀⠀⣿⣿⡇
⣿⣿⠀⠀⠀⠀⢸⣿⣿⠀⠀⠀⠀⢸⣿⣿⠀⠀⠀⠀⠀⣿⣿⡇
⣿⣿⠀⠀⠀⠀⢸⣿⣿⠀⠀⠀⠀⠈⠉⢹⣄⠀⠀⠀⠀⠈⠉
⣿⣿⠶⠶⠶⠶⠾⠿⠿⠷⠶⠶⠶⠶⠶⠾⠿⠿⠶⠶⠶⠶⠶⠂
⣿⣿⠀⠀⠀⠀⠀⠀⠀⠀⠀⠀⠀⠀⠀⠀⠀⠀⠀⠀⠀⠀⠀⠀⠀⠀⣀⣤
⢀⣀⣠⡶⣢⣤⡄⢙⣶⠖⢢⣤⣤
⠀⠀⠀⠀⢀⣀⣀⠀⠀⠀⠀⠱⠶⠦⠤⠤⠤⠤⠄
⢀⣀⣀⣴⣿⠟⣡⣾⣟⣛⡉⢀⣽⣿⢟⣉⣑⣿⣿⣿⠍
⠀⠀⠀⠀⠀⠀⣀⣀⣀⠀⠀⠀⠀⠀⠑⠶⠶⠤⠤⠤⠤⠤⠤⠄
⢀⣀⣀⣀⣴⣿⡿⢋⣴⣾⣿⣛⣛⡉⢀⣭⣿⡿⢛⣉⣉⣲⣿⣿⣿⠿⠉
⠀⠀⠀⠀⡀⠠⠤⠀⠒⢒⣒⣺⣿⡋
⠀⣠⣔⣭⠖⢀⣀⣀⣒⣒⣲⡾⠋
⠻⠴⠟⣿⠿⠉⠉⠛⠛⠋⠁
⠀⠀⠀⠀⠀⠀⠀⠀⢀⣀⣤⠤⠤⠤⠶⠶⠶⠖⢒⣾⡟⠃
⠀⠀⠀⢀⣠⠔⣂⡭⠀⠀⠀⠀⣀⣀⣉⣉⣉⣩⣽⡟⠋
⢀⡴⠞⣻⣒⣾⣏⣡⣤⡤⣤⣶⢶⣦⣤⣤⡾⠟⠋
⠙⠶⠾⠯⠉⣿⠿⠚⠀⠀⠀⠛⠉⠉⠉
⠀⠀⠀⠀⠀⠀⠀⠀⠀⠀⠀⠀⢀⣀⣀⣀⣤⣤⡤⠶⠤⠤⠶⠶⣶⣾⠟⠁
⠀⠀⠀⠀⠀⠀⢀⣠⠤⠒⠚⠋⠉⠁⠀⠀⠀⠀⠒⠲⠶⠶⠶⣾⣿⡿⠚
⠀⠀⣀⣠⡴⣚⣉⣴⣾⠏⠀⠀⠀⠀⠐⠒⠒⠚⠛⠛⠻⣶⣾⡿⠗
⣠⡖⠋⣉⣭⣭⣽⣿⣶⢲⡶⠖⠛⠻⣿⣝⣿⣿⣷⠶⠟⠋⠁
⠈⠓⠶⠿⠓⠀⢺⡿⠗⠋⠀⠀⠀⠈⠉⠉
⠀⣀⣤⠶⠛⠛⢉⡉⠛⠛⠶⣤⣀
⣾⡏⣀⣀⣀⣀⡙⠛⣀⣠⣄⡀⢹⣷
⢿⣇⠉⠉⠉⣉⣵⣦⣉⠹⠋⠁⣸⡿
⠀⠉⠛⠶⣤⣤⣈⣋⣤⣤⠶⠟⠉
⠀⠀⠀⣀⣤⣴⡶⠾⠟⠛⠛⠛⠛⠻⠷⢶⣦⣤⣀
⢀⣴⣾⠟⠋⠀⠀⠀⠀⣠⣴⣧⣄⡀⠀⠀⠀⠙⠻⣷⣦⡀
⣾⣿⠃⣠⣀⣀⣀⣀⣀⣀⠙⠋⢀⣀⣠⣷⣄⣀⠀⠘⣿⣷
⢿⣿⡄⠈⠉⠉⠉⠉⠉⠈⣰⣆⡈⠉⠛⣿⠛⠉⠁⢠⣿⡿
⠈⠻⢿⣦⣀⠀⠀⠀⠙⠛⢿⡿⠟⠛⠀⠀⠀⣀⣴⡿⠟⠁
⠀⠀⠀⠉⠛⠻⠷⢶⣦⣤⣤⣥⣤⣴⡶⠾⠟⠛⠉
⠀⠀⠀⠀⢀⣠⣤⣴⣶⡾⠿⠿⠿⠿⠿⠿⠿⠿⢷⣶⣦⣤⣄⡀
⠀⢀⣴⣾⡿⠟⠋⠁⠀⠀⠀⠀⢀⣴⣦⣀⠀⠀⠀⠀⠈⠙⠻⢿⣷⣦⡀
⣰⣿⣿⠋⠀⠀⠀⠀⠀⠀⠀⠉⠙⢿⡿⠛⠉⠁⠀⣴⡀⠀⠀⠀⠙⣿⣿⣆
⣿⣿⡇⠀⠿⠷⠶⠶⠶⠷⠶⠖⠶⢀⡀⠠⠶⠶⣿⣿⣿⣷⠶⠤⠀⢸⣿⣿
⠹⣿⣿⣄⠀⠀⠀⠀⠀⢀⣀⣀⣤⣾⣷⣤⣀⣀⡈⠻⠋⠀⠀⠀⣠⣿⣿⠏
⠀⠈⠻⢿⣷⣦⣄⡀⠀⠀⠀⠉⠙⢻⡿⠛⠉⠁⠀⠀⢀⣠⣴⣾⡿⠟⠁
⠀⠀⠀⠀⠈⠙⠛⠻⠿⢷⣶⣶⣶⣤⣤⣶⣶⣶⡾⠿⠟⠛⠋⠁
⠟⠋⠉⠁⠤⠦⣤⣤⣆⠀⠈⠉⠙⠻
⣦⣄⣀⡀⠉⠀⠰⠧⠀⠒⢀⣀⣠⣴
⣿⠿⠛⠋⠉⠉⢁⣤⣤⣀⣀⡀⠤⠤⠀⠈⠉⠉⠙⠛⠿⣿
⡁⠰⡁⠀⠀⠀⠰⠬⠭⠍⢽⣿⡽⠛⣀⡐⠒⠦⠀⢈⠆⢈
⣿⣶⣤⣄⣀⣀⡀⠀⠀⠀⠚⠛⠂⠀⠈⢁⣀⣀⣠⣤⣶⣿
⣿⣿⡿⠿⠛⠛⠉⠉⠉⣀⣀⠠⠤⠤⠀⣀⣀⡀⠀⠉⠉⠉⠛⠛⠿⢿⣿⣿
⠋⠁⡠⠂⠀⠀⠀⠀⢙⡛⠛⠳⠶⣖⣶⡶⣶⣤⢀⣀⣀⣀⡀⠀⠀⢤⠈⠙
⣆⡀⠑⠄⠀⠀⠀⠀⠘⠋⠉⠉⠐⢩⣭⡭⠭⠤⢴⡆⠀⠈⠃⠀⠠⠚⢀⣠
⣿⣿⣷⣶⣤⣤⣀⣀⣀⠀⠀⠀⠒⠛⠛⠓⠂⠀⠀⣀⣀⣀⣤⣤⣶⣾⣿⣿
⠀⠼⠿⠿⠿⢟⡿⢻⣿⣷⠶⠤⠤⣀
⠀⠀⠀⠀⠀⠐⠋⠓⠒⠒⠒⠢⠤⠟
⠀⠠⠾⠿⠿⠿⠿⠿⢟⣿⡟⠻⣿⣿⣷⣶⠶⠠⠤⠤⣤⣀
⠀⠀⠀⠀⠀⠀⠀⠀⠀⠚⠋⠓⠒⠒⠒⠒⠒⠒⠢⢤⠼⠋
⠀⠀⣠⣾⣷⣶⣶⣶⣶⣶⡶⠶⣒⣲⣶⣶⣶⣶⣶⣶⣦⣤⣄⣀⣀⣀
⠀⠀⠉⠉⠉⠉⠉⠉⠉⠀⠘⠛⣿⡦⠤⡛⠻⠟⠯⠝⠋⠀⠀⠀⠈⠉⢻⣷
⠀⠀⠀⠀⠀⠀⠀⠀⠀⠀⠀⠈⠉⠐⠋⠘⠛⠛⠛⠛⠛⠛⠛⠛⠒⠶⠋⠁
⠀⠀⣀⣤⣶⣶⣶⡖⠢⢤⣤⣤⣤⡶
⣠⠴⠿⠿⠿⢿⣿⣿⣿⣿⣿⣿⠟⠁
⠀⠀⠀⠀⠀⠀⠀⠀⣴⡾⠋
⠀⠀⠀⠀⢀⣀⣤⣤⣤⣤⣤⣤⣤⣀⣀⣀⠀⠀⠀⠀⣀⣦
⠀⠀⠀⢤⣾⣿⣿⣿⡻⣿⣿⡧⡄⣤⣨⣿⣿⣿⣿⣿⣿⠏
⠀⣠⣶⡾⠿⠿⢿⣿⣿⣿⣿⣟⣿⣿⣿⣿⣿⣿⣿⠟⠁
⠈⠁⠀⠀⠀⠀⠀⠀⠀⠉⠉⠛⠛⣛⣛⣟⡿⠛⠁
⠀⠀⠀⠀⠀⠀⠀⠀⠀⠀⠀⠀⢰⣯⠿⠿
⠀⠀⠀⠀⠀⠀⠀⣀⣀⣠⣤⣤⣤⣤⣤⣀⣀⣀⠀⠀⠀⠀⠀⠀⠀⠀⢀⣆
⠀⠀⠀⢀⣀⣬⣽⣿⣿⣿⢿⣿⣿⣿⢏⡉⠉⠉⢙⣿⣿⣷⣶⣶⣿⣿⣿⠏
⠀⠀⢀⣀⣭⣿⣿⣿⣿⣿⣷⣽⣿⣿⣗⣚⣼⣿⣿⣿⣿⣿⣿⣿⣿⡿⠋
⢠⡾⠟⠛⠛⠛⠛⠛⠛⠛⠻⠿⢿⣿⣶⣾⣿⣿⣿⣿⣿⣿⣿⠿⠋
⠀⠀⠀⠀⠀⠀⠀⠀⠀⠀⠀⠀⠀⠀⠀⠉⠩⣭⣭⣫⡵⠛⠁
⠀⠀⠀⠀⠀⠀⠀⠀⠀⠀⠀⠀⠀⠀⠀⠠⣾⡵⠿⠿⠃
⠀⣠⠴⣒⣯⣭⡭⢭⣭⣽⣒⠦⣄
⡾⢡⣿⠛⣛⣛⠛⠛⣛⣛⠛⣻⡎⢷
⢷⡸⣿⣟⣻⣿⡄⢠⣿⣟⣻⣿⢇⡾
⠀⠙⠲⠭⣟⣛⣓⣚⣛⣻⠭⠖⠋
⠀⠀⠀⣀⡤⠴⢒⣛⣉⣩⣭⣭⣍⣉⣛⡒⠦⢤⣀
⠀⣴⠞⣡⣴⣾⣿⣿⣿⣿⣁⣈⣿⣿⣿⣿⣷⣦⣌⠳⣦⡀
⣾⠁⣼⣿⣍⠉⣉⣭⣭⠉⠉⠉⠉⣭⣭⣉⠉⣩⣿⣧⠈⣷
⢿⡀⢻⣿⣿⡿⠟⢿⣿⣇⠀⠀⣸⣿⡿⠻⢿⣿⣿⡟⢀⡿
⠈⠻⢦⡙⠻⢷⣶⣿⣿⣿⡄⢠⣿⣿⣿⣶⡾⠟⢋⡴⠟⠁
⠀⠀⠀⠉⠓⠲⠬⣭⣉⣛⣛⣛⣛⣉⣭⠥⠖⠚⠉
⠀⠀⠀⠀⢀⣀⡤⠴⠖⢚⣛⣋⣉⣉⣉⣉⣙⣛⡓⠲⠦⢤⣀⡀
⠀⢀⣤⠞⢋⣡⣴⣶⣿⣿⣿⣿⣟⠋⠘⣻⣿⣿⣿⣿⣷⣦⣌⡙⠳⣤⡀
⣰⡟⠁⣴⣿⡟⠛⠛⠛⠛⠛⠛⠛⠛⠛⠛⠛⠛⠛⠛⠛⠛⢻⣿⣦⠈⢻⣆
⣿⠀⢸⣿⣿⣿⣦⣴⣾⣿⣿⣧⠀⠀⠀⠀⣼⣿⣿⣷⣦⣴⣿⣿⣿⡇⠀⣿
⠹⣧⡀⠻⣿⣿⡯⢉⠁⣛⣿⣿⣆⠀⠀⣰⣿⣿⣛⠈⡉⢽⣿⣿⠟⢀⣼⠏
⠀⠈⠛⢦⣌⡙⠻⢿⣿⣿⣿⣿⣿⡄⢠⣿⣿⣿⣿⣿⡿⠟⢋⣡⡴⠛⠁
⠀⠀⠀⠀⠈⠉⠓⠲⠦⢬⣭⣉⣉⣉⣉⣉⣉⣭⡥⠴⠖⠚⠉⠁
⠀⠙⣿⣿⡄⣴⡻⣿⣷⡄⣼⣿⡿
⠀⠀⠈⠟⣾⣿⠟⠙⠟⣾⣿⠟
⠀⠀⠲⣶⣶⣶⣄⠀⣠⡔⢶⣶⣶⣦⡀⠀⣰⣶⣶⣶⠆
⠀⠀⠀⠘⣿⣿⠟⣴⣿⣿⣌⢻⣿⣿⠇⣼⣿⣿⡿⠃
⠀⠀⠀⠀⠈⠋⠾⠿⠿⠿⠁⠀⠹⠃⠾⠿⠿⠟⠁
⠀⠀⠲⣶⣶⣶⣶⣶⡀⠀⠀⣄⠲⣶⣶⣶⣶⣄⠀⠀⠐⣶⣶⣶⣶⣶⠂
⠀⠀⠀⠈⢻⣿⣿⣿⡷⢀⣾⣿⣦⠹⣿⣿⣿⣿⡦⢀⣾⣿⣿⣿⡿⠁
⠀⠀⠀⠀⠀⠻⣿⡟⢡⣿⣿⣿⣿⡇⠘⢿⣿⡟⢡⣾⣿⣿⣿⡟⠁
⠀⠀⠀⠀⠀⠀⠉⠰⠿⠿⠿⠿⠏⠀⠀⠈⠛⠰⠿⠿⠿⠿⠟
⠀⣄⢜⣷⣶⠞⠋⠉⠓⢶⣾⡣⡠
⠀⢤⣛⣛⡏⠋⠋⠉⠀⣸⣿⠏
⠒⠂⠀⠾⠛⠛⢟⡻⠛⠛⠶⠀⠰⠒
⠀⠀⣀⣈⡻⣕⡦⣴⡶⠖⠖⠒⡒⢶⣤⢔⣫⢟⣁⣀
⠀⠉⠢⣐⣾⣿⣿⣏⣐⠁⣈⣠⡤⠄⠙⣿⣿⣷⣂⠔⠉
⠀⢠⣔⠚⣛⠻⠿⢊⠁⡙⠩⢉⠂⠐⠀⣿⣿⡿⠁
⣀⣀⣈⣉⣉⣙⡷⣲⣦⣤⣥⣤⣤⣴⣞⢿⣉⣀⣀⣀⣀⡀
⠈⠛⠒⠒⠚⠛⠋⠁⠈⠑⢬⡥⠊⠁⠈⠙⠛⠓⠒⠒⠛⠁
⠀⠀⠀⠀⢘⣻⣭⡲⢤⣤⣴⡶⢶⠒⠒⠲⠶⣦⣤⡤⢖⣭⣟⡃
⠀⠘⠯⣉⠁⣴⣾⣿⣷⡼⢡⠐⡀⠐⠀⢉⣀⠈⢳⣾⣿⣷⣦⠌⣩⠝⠃
⠀⠀⠀⣈⣻⣿⣿⣿⣟⡻⠖⠒⡖⠾⠿⣛⠀⠠⠀⣿⣿⣿⣿⠟⠁
⠀⠀⠻⠤⣤⣶⣤⣍⣉⡒⠀⠐⠀⡉⠐⠀⠠⠀⣠⣿⣿⡿⠋
⢠⣤⠤⠤⠤⠤⡤⢬⣋⡽⠿⣶⠶⡶⢶⠶⣾⠿⢯⣛⡥⢤⠤⠤⠤⠤⣤⠄
⠀⠉⠉⠉⠉⠉⠉⠉⠁⠀⠀⠈⠓⢬⡴⠊⠁⠀⠀⠉⠉⠉⠉⠉⠉⠉⠉
⠀⢀⡤⠖⠚⠋⠉⠉⠙⠓⠲⢤⣀
⣼⠋⠀⠀⢹⣿⣉⣉⣻⡷⠀⠀⠙⣧
⢻⣄⠀⠀⣸⣿⣉⣉⣽⡷⠀⠀⣠⡟
⠀⠉⠓⠦⢤⣄⣀⣀⣠⡤⠴⠚⠉
⠀⠀⠀⢀⣠⣤⠶⠖⠛⠛⠛⠛⠛⠛⠲⠶⣤⣄⡀
⠀⣠⡾⠛⠉⠀⢠⣤⣤⣤⣤⣤⣤⣤⣄⡀⠀⠉⠛⢷⣄
⣾⡟⠀⠀⠀⠀⠀⣿⣿⣇⣀⣀⣀⣽⣿⠇⠀⠀⠀⠀⢻⣷
⢿⣧⠀⠀⠀⠀⠀⣿⣿⡏⠉⠉⠉⣻⣿⡆⠀⠀⠀⠀⣼⡿
⠀⠙⢷⣤⣀⠀⠘⠛⠛⠛⠛⠛⠛⠛⠋⠁⠀⣀⣤⡾⠛
⠀⠀⠀⠈⠙⠛⠶⠦⣤⣤⣤⣤⣤⣤⠴⠶⠛⠋⠁
⠀⠀⠀⠀⠀⣀⣤⣤⡶⠶⠾⠛⠛⠛⠛⠛⠛⠷⠶⢶⣤⣤⣀
⠀⢀⣤⣶⠿⠛⠉⠀⣀⣀⣀⣀⣀⣀⣀⣀⣀⣀⡀⠀⠀⠉⠛⠻⣷⣤⡀
⣠⣿⡟⠁⠀⠀⠀⠀⠈⣿⣿⣿⠉⠉⠉⠉⠛⣿⣿⣷⠀⠀⠀⠀⠈⢻⣿⣄
⣿⣿⠀⠀⠀⠀⠀⠀⠀⣿⣿⣿⠶⠶⠶⠶⢾⣿⣿⣉⠀⠀⠀⠀⠀⠀⣿⣿
⠙⣿⣧⡀⠀⠀⠀⠀⢀⣿⣿⣿⣀⣀⣀⣀⣤⣿⣿⡿⠀⠀⠀⠀⢀⣼⣿⠋
⠀⠈⠛⢿⣦⣤⣀⠀⠉⠉⠉⠉⠉⠉⠉⠉⠉⠉⠁⠀⠀⣀⣤⣴⡿⠛⠁
⠀⠀⠀⠀⠀⠉⠛⠛⠷⠶⢶⣤⣤⣤⣤⣤⣤⡶⠶⠾⠛⠛⠉
⠀⢀⣠⡴⠒⠋⠉⠛⠓⠲⢦⣄⡀
⢰⣿⣗⡤⣤⣄⣄⣰⣤⣶⢼⣻⣿⡆
⠸⣿⣿⣿⣷⣯⣛⣛⣽⣾⣿⣿⣿⠇
⠀⠈⠙⠻⠿⢿⣿⣿⡿⠿⠟⠋⠁
⠀⠀⠀⠀⣀⣤⡤⠖⠒⠒⠛⠓⠶⠶⢶⣦⣤⣀
⠀⢀⡴⣟⠉⠆⠀⠀⠀⠀⠀⠀⠀⠀⠀⠀⡻⠭⣿⢦⡀
⢠⣿⣿⣮⣝⡢⢶⣼⣧⣘⣆⣘⣻⣿⣿⡷⢞⣫⣵⣿⣿⡄
⠘⣿⣿⣿⣿⣿⣷⣮⣍⣛⠿⠿⣛⣩⣵⣾⣿⣿⣿⣿⣿⠃
⠀⠈⠻⣿⣿⣿⣿⣟⡯⣥⣶⣶⣬⢹⣻⣿⣿⣿⣿⠟⠁
⠀⠀⠀⠀⠉⠛⠻⠿⠿⠿⣿⣿⠿⠿⠿⠟⠛⠉
⠀⠀⠀⠀⠀⢀⣀⣤⣤⠴⠖⠒⠒⠲⠶⠶⠶⣶⣶⣤⣤⣀
⠀⠀⢀⣴⣾⠛⢫⠍⠀⠀⠀⠀⠀⠀⠀⠀⠀⠀⠀⠈⠹⣿⣙⣷⣦⡀
⠀⣴⣿⣯⣛⠶⣄⣂⣀⣀⡤⠀⢤⡀⠀⣶⣤⣤⣤⣤⣕⡶⠬⣛⣽⣿⣦
⠰⣿⣿⣿⣿⣿⣶⣬⣙⡻⠿⣿⣾⣷⣶⣶⣿⠿⢟⣋⣥⣶⣿⣿⣿⣿⣿⠆
⠀⠻⣿⣿⣿⣿⣿⣿⣿⣿⣷⣶⠭⢙⡋⠭⣶⣾⣿⣿⣿⣿⣿⣿⣿⣿⠟
⠀⠀⠈⠻⢿⣿⡿⡿⣟⣯⡽⣰⣾⣿⣿⣷⣆⢯⣽⣛⢿⢿⣿⡿⠟⠁
⠀⠀⠀⠀⠀⠈⠉⠛⠛⠿⠿⠿⠿⠿⠿⠿⠿⠿⠿⠛⠛⠉⠁
⠀⣀⣤⣴⣤⣤⣶⣶⣾⠿⠿⣷⣶⣄
⠀⠈⡿⠿⣿⣿⣿⡋⠀⠀⢀⣈⣉⠁
⠀⠐⠿⢿⡿⠿⠿⠿⠶⠾⠿⠛⠉
⠀⠀⠀⠀⣀⣤⣀⣀⣠⣤⣤⣤⣶⣶⣾⣿⣿⣶⣶⣤⣀
⠀⠐⣚⣿⣿⣧⣽⣿⣿⣿⣿⣿⡿⠛⠉⠉⠉⢻⣿⣿⣿⡇
⠀⠈⠉⡵⠶⢾⣿⣿⣿⣿⣿⡏
⠀⠀⢀⡳⣶⣶⣾⣿⣿⣿⣿⣷⣤⣤⣤⣴⣿⣿⣿⡿⠃
⠀⠀⠈⠛⠛⢋⡽⠟⠛⠛⠛⠿⠿⠿⠿⠿⠛⠋⠁
⠀⠀⠀⠀⠀⢀⣀⣀⣀⠀⢀⣀⣀⣀⣤⣤⣶⣶⣶⣿⣿⣶⣶⣶⣤⣀
⠀⠀⢤⡴⣶⣿⣛⣉⣻⣿⣿⣿⣿⣿⣿⣿⣿⠿⠛⠛⠛⠻⢿⣿⣿⣿⣷⡄
⠀⠀⠶⠚⢛⣛⣛⣿⣿⣿⣿⣿⣿⣿⡿⠋⠀⠀⠀⠀⠀⠀⠈⠉⠉⠉⠉⠁
⠀⠀⠀⢐⣋⠉⠙⢛⣻⣿⣿⣿⣿⣿⣇⠀⠀⠀⠀⠀⢀⣀⣀⣀⣀⣀
⠀⠀⠀⢦⣝⠻⢿⣿⡿⣿⣿⣿⣿⣿⣿⣷⣶⣶⣶⣾⣿⣿⣿⣿⠟⠋
⠀⠀⠀⠀⠙⠛⠋⣥⠿⠛⠛⠉⠛⠛⠛⠿⠿⠿⠿⠛⠛⠋⠁
⠀⣀⣤⡤⢖⣒⣢⣤⣭⣤⠐⣶⣶⡄
⠘⠿⠿⠦⠉⠉⠉⠉⠭⠕⠚⠋⠁
⠀⠀⠀⠀⠀⠀⣀⣀⣤⡤⠴⠶⠖⠒⠒⠀⢤⣤⣤⣄⡀
⠀⢀⣤⣶⣾⡿⠋⣩⣤⣶⣶⣾⣿⣿⣿⣶⠈⣻⣿⣿⣿
⠀⣿⣿⣿⣿⣀⠸⠿⠿⠿⠟⠛⠛⠛⢋⣡⣴⡿⠟⠋⠁
⠀⠈⠛⠛⠛⠛⠒⠒⠲⠦⠶⠒⠒⠋⠉⠉
⠀⠀⠀⠀⠀⠀⠀⠀⠀⢀⣀⣀⣤⣤⠤⠴⠶⠖⠒⠢⠤⢤⣤⣀⣀⡀
⠀⠀⠀⢀⣠⣴⣶⣾⠿⠛⢉⣉⣠⣤⣤⣴⣶⣶⣦⣤⡈⠻⣿⣿⣿⣿⣦
⠀⢠⣾⣿⣿⣿⠏⠀⢠⣾⣿⣿⣿⣿⣿⣿⣿⣿⣿⠟⠁⣠⣿⣿⣿⡿⠃
⠀⢻⣿⣿⣿⣿⣧⣄⠈⠛⠛⠛⠋⠉⠉⠀⢈⣁⣤⣴⡾⠿⠛⠋⠁
⠀⠀⠈⠉⠛⠛⠛⠓⠚⠛⠫⠕⠒⠒⠚⠋⠉⠉
⠀⣀⣤⣼⣿⣿⣿⣿⣷⣶⡶⡄
⢴⣿⣿⣯⣿⣿⣿⣿⣿⣿⣿⣾⣷⣦
⠘⠛⠛⢿⣿⡿⠿⠿⠿⠟⠉⠁
⠀⠀⠀⠀⣀⣰⣿⣿⣿⣿⣿⣿⣿⣶⣤⣤⣄⣀
⠀⢠⣶⣿⣿⣿⣿⣿⣿⣿⣿⣿⣿⣿⣿⣿⣯⡓⣦⣄
⢴⣿⣿⣿⣯⣥⣿⣿⣿⣿⣿⣿⣿⣿⣿⣿⢷⢻⣽⡿⣟⣆
⠀⣿⡿⢿⣿⣿⣿⣿⣿⣿⣿⣿⣿⣿⣿⡿⢻⣿⠏⠉⠙⠛
⠀⠈⠉⠉⠙⢿⣿⣿⠿⠿⠛⠛⠛⠛⠞⠁
⠀⠀⠀⠀⠀⠀⣀⣴⣿⣿⣿⣿⣿⣿⣿⣿⣶⣦⣤⣄⣤⣀⡀
⠀⠀⣠⣴⣾⣿⣿⣿⣿⣿⣿⣿⣿⣿⣿⣿⣿⣿⣿⣿⣿⡻⣧⣀⡀
⢀⣴⣿⣿⣿⡿⣟⠛⣿⣿⣿⣿⣿⣿⣿⣟⣿⣿⣷⣿⣹⡹⣔⢞⣿⣲⣄
⠙⣿⣿⣿⣿⣿⣿⣿⣿⣿⣿⣿⣿⣿⣿⣿⣿⣿⣿⣿⣯⢧⢹⢳⢿⣼⣮⣷
⠀⢽⣿⣏⣻⣿⣿⣿⣿⣿⣿⣿⣿⣿⡿⣿⣿⡿⠿⣿⠙⢿⡿⠋⠀⠀⠈⠉
⠀⠀⠀⠀⠀⠈⠻⣿⣿⡿⠿⠿⠛⠛⠛⠛⠛⠛⠚⠁
⠀⠀⠀⠀⣀⣠⣞⣥⣠⠤⠤⢤⣀
⢠⠀⡄⣰⣿⣿⡿⠿⠿⠓⠀⠀⡨⠃
⢈⣶⣷⡶⠶⠶⠖⠒⠒⢶⣦⣽⡴⠖
⠀⠀⠀⠀⠀⠀⠀⠀⠀⣠⠾⠓⠀⠀⣀⣀⡀
⠀⠀⠀⢀⡀⡤⢴⣶⣾⣿⣾⣿⣿⣿⣍⠉⠉⠙⠛⠶⣤
⠀⡤⠊⡵⠊⢴⣿⣿⣿⣿⣿⣿⡿⠿⠿⠟⠂⠀⢀⣀⠟
⠸⣧⣀⣷⣌⣚⣉⣉⣉⣉⣭⣤⣤⣤⣀⣒⠢⠅⣆⠂⣙⢦
⢀⣼⣿⠿⠿⠿⠿⠿⠟⠒⠒⠒⠉⠉⠻⣿⣿⣶⣾⡷⠟⠋
⠀⠀⠀⠀⠀⠀⠀⠀⠀⠀⠀⠀⣠⡾⠓
⠀⠀⠀⠀⠀⠀⢀⣀⣠⣤⣴⣾⣯⣶⣶⣶⣶⣾⡛⠛⠛⠛⠳⠶⣦⣄⡀
⠀⠀⣀⠤⢒⡩⠋⣵⣾⣿⣿⣿⣿⣿⣿⣿⣿⣿⣿⣶⣄⠀⠀⠀⠀⢹⡷
⢠⣾⠁⢠⡏⢰⣘⠿⢿⣿⣿⣿⣿⠿⠿⠟⠋⣉⣉⡉⠩⠅⣀⠒⢶⠮⣁
⠘⠿⣦⣤⣿⣶⣬⣭⣭⣤⣤⣤⠴⠶⠶⠶⣶⣶⣦⣬⣍⡑⠒⢯⡁⢠⣮⣣
⢀⣴⣿⠿⠿⠿⠿⠿⠿⠿⠟⠛⠛⠋⠉⠉⠁⠈⠻⢿⣿⣿⣾⣿⡿⠿⠛⠁
⠀⢀⣀⣤⣤⣴⡖⢶⣶⣶⣤⠤⣀⡀
⢾⣯⡻⠿⢿⣵⣦⣶⣾⣿⣿⡿⠋
⠀⠉⠽⠛⠛⠛⠛⠛⠙⠻⠯
⠀⠀⠀⠀⠀⠀⣀⣀⣀⣄⣴⣤⣤⣤⣤⣀⣀⠀⣀⣀
⠀⣠⢴⣶⣿⣿⣿⡿⠿⠟⠁⠙⠛⣛⣫⡿⣛⣋⣭⣤⡶
⢾⡹⢌⣛⠻⠿⠿⠿⠤⠶⠶⣶⣾⣿⣿⣿⣿⣿⡿⠋
⠀⠙⠲⠶⣭⣭⣭⣭⣭⣭⣭⣭⣭⣿⣿⣿⠿⠛⠁
⠀⠀⠀⠚⠉⠁⠀⠀⠀⠀⠀⠀⠀⠀⠈⠙⠳
⠀⠀⠀⠀⠀⠀⠀⠀⠀⢀⣀⣀⣀⣴⣄⣀⣀⣀⣀⣀⡀
⠀⠀⢀⣠⣤⣶⣾⣿⣿⣿⣿⣿⠟⠁⠻⡿⠿⠿⠿⣿⣿⠿⠟⢛⣉⣡⡤
⢠⢾⣏⠸⣿⣿⣿⣿⣯⣭⠉⣀⣀⣀⣀⣠⣶⣾⣿⣷⣶⣾⣿⣿⣿⠋
⠘⢧⣍⡓⠦⠬⢭⣍⣉⣉⣉⣩⣭⣭⣽⣶⣿⣿⣿⣽⣿⣾⣿⠟⠁
⠀⠀⠈⠉⢛⣷⣲⠶⠶⠶⠶⠶⠶⠶⠶⠶⠶⠿⣿⣿⣟⠋⠁
⠀⠀⠀⠐⠋⠉⠀⠀⠀⠀⠀⠀⠀⠀⠀⠀⠀⠀⠀⠉⠛⠦
⠀⠀⠀⠀⠀⢀⡴⣧
⠈⠛⣿⠟⢩⣿⡶⠏⣩⡿⠟⠛⠋
⠀⣸⠿⠟⠛⠛⠓⠿⡇
⠀⠀⠀⠀⠀⠀⠀⠀⠀⠀⣠⣶
⠀⣀⠀⢀⣀⣀⣠⣤⣤⠞⠉⢿⣤⣀⣀⣀⣀⡀⠀⣀⡀
⠀⠉⠙⠻⣯⠍⢁⣐⣶⣶⣶⡶⠀⢀⣭⠭⠿⠛⠋⠉⠁
⠀⠀⡴⣿⡥⢄⣀⣤⣤⣤⣀⠲⣾⠛⠁
⠀⢠⠴⠟⠛⠉⠉⠀⠀⠀⠉⠙⠻⠇
⠀⠀⠀⠀⠀⠀⠀⠀⠀⠀⠀⠀⠀⣠⣶⡀
⠀⠀⠀⠀⠀⠀⠀⠀⠀⠀⢀⣠⡾⠋⣿⣇
⠀⠒⠶⣶⣶⡶⠶⠶⠛⠉⣉⣉⣀⣀⣉⠉⠙⠛⡶⠶⣶⣶⣶⡶⠶⠖⠒
⠀⠀⠀⠀⣨⡿⠋⠀⠀⠴⠿⠿⠿⠟⠋⢀⣀⣴⠿⠛⠉⠁
⠀⠀⠰⠿⣿⣶⣒⣠⣤⠶⠶⠶⢦⣌⣙⣿⣯⠁
⠀⢀⠴⠟⠛⠋⠉⠀⠀⠀⠀⠀⠀⠀⠉⠛⠿
⠀⠀⠀⠀⢀⣤⣤⣤⣤⣤⣤⣖⣶⠕
⠐⣪⣷⣶⢶⣿⣿⣿⣿⣿⠿⠛⠁
⠙⠿⣿⣿⣿⠿⠛⠉⠁
⠀⠀⠀⠀⠀⠀⠀⠀⣀⣀⣤⣤⣤⣤⣤⣤⡤⠤⠤⣖⣪⡴
⠀⣀⠤⣒⣒⣒⣒⣫⢕⣿⡿⣿⣿⣿⣿⣿⣿⣿⣿⠿⠋
⢢⣥⣾⣿⣟⢽⢝⣽⣿⣿⣿⣿⣿⡿⠿⠛⠋⠉
⠀⠙⠻⠿⣿⣿⣿⡿⠿⠛⠁
⠀⠀⠀⠀⠀⠀⠀⠀⠀⠀⠀⢀⣀⣀⣀⣀⣀⣀⣀⣀⣀⣀⣠⡤⠤⣖⣊⡤
⠀⠀⠀⣀⣀⡤⠤⠤⠄⡶⣋⡭⢿⣶⣶⣒⣶⣶⣶⢶⣶⣶⣶⣶⣿⡿⠏
⡠⠰⢋⣥⣶⣶⡿⡿⣶⢾⣧⣾⠿⣯⣿⣿⣿⣿⣶⣿⣿⡟⠟⠛⠈
⠇⣶⣾⣿⣿⣿⣜⣟⣴⣶⣿⣿⣿⢿⠾⠿⠝⠟⠋⠈
⠀⠈⠙⠻⠿⢿⣿⣿⣿⠿⠿⠛⠉
⠀⣀⠤⠒⠊⡟⢵⡮⢻⠑⠒⠤⣀
⡼⢡⡤⣤⡤⡍⢹⡿⢭⣤⣤⡤⠌⢧
⢳⡘⣧⣷⣧⣧⣾⣯⣾⣿⣷⣽⢂⡞
⠀⠉⠚⠽⢿⣿⣿⣿⣿⡿⠯⠓⠉
⠀⠀⠀⢀⣠⠴⠖⢚⡿⢋⣴⣦⡙⢿⡓⠲⠦⣄⡀
⠀⣠⠞⠉⠀⠀⠀⠘⠧⣌⣛⣛⣡⠼⠃⠀⠀⠀⠉⠳⣄
⣼⠃⢠⡶⢲⡖⣶⠲⡶⠀⢲⡖⢶⢲⡖⣶⠀⡶⠶⠄⠘⣧
⢻⡄⠘⣇⣸⣇⣿⣀⣇⣰⣸⣏⣱⣸⣏⣿⣀⣏⣳⠄⢠⡟
⠀⠙⢦⣙⠿⣿⣿⣿⣿⣿⣿⣿⣿⣿⣿⣿⣿⡿⣋⡴⠋
⠀⠀⠀⠈⠙⠺⠯⢽⣿⣟⣿⣿⣿⣿⡯⠽⠖⠋⠁
⠀⠀⠀⠀⠀⣀⣤⠴⠶⠒⣿⠟⢋⣴⣦⡙⠻⣿⠒⠶⠦⣤⣀
⠀⢀⣤⠶⠋⠁⠀⠀⠀⠸⣿⣀⠻⠿⠿⠟⣀⣿⠇⠀⠀⠀⠈⠙⠶⣤⡀
⣠⡿⠁⢀⣤⣤⣄⣠⣤⣠⣤⡍⠉⣿⣿⣭⣍⣤⣤⣤⡄⢠⣤⣤⡀⠈⢿⣄
⣿⡇⠀⢸⡏⢨⣿⢸⣿⠀⣿⠀⡀⢸⡯⠌⡁⢸⡧⢼⡇⠸⢧⣍⡁⠀⢸⣿
⠙⣷⡀⠘⣷⣶⣿⣼⣿⣴⣿⣶⣿⣼⣷⣾⡇⣾⣷⢸⣷⢼⣶⣾⠃⢀⣾⠋
⠀⠈⠛⠶⣌⡛⠿⣿⣿⣿⣿⣿⣿⣿⣿⣿⡇⣿⣿⣸⣿⠼⢛⣡⠶⠛⠁
⠀⠀⠀⠀⠀⠉⠛⠲⠯⠼⣿⣿⣏⣿⣿⣿⣯⣿⠯⠼⠖⠛⠉
⣴⡖⣲⡚⣿⣉⣏⣹⣏⣏⢳⡖⢶⣦
⢷⣿⣿⣿⣛⣯⠿⣻⠛⢻⣿⣿⣿⡾
⠈⠻⣷⣅⣤⣿⡶⣤⣤⣤⡷⣀⠝⠁
⠀⠀⠈⠙⠛⠿⣛⣀⠠⠝⠋⠁
⣤⢤⣴⠶⣶⠶⣿⡿⠛⢻⡟⠛⣿⠛⣿⢛⢲⡶⠶⣦⡤⣤
⣿⢻⣧⣼⣿⣶⣿⣿⣶⣿⣷⣷⣿⣷⣿⣶⣾⣷⣶⣼⡟⣿
⢻⡸⣿⣿⣿⣿⣋⣩⡷⠶⠒⣠⡦⠉⠀⢿⢿⣿⣿⣿⢇⡟
⠀⠳⣝⢿⣭⡇⠤⣬⣿⣧⣄⣀⣀⣀⣀⣸⣧⠀⠈⣩⠞
⠀⠀⠈⠓⠿⣻⣿⣿⣿⣿⣯⡙⠛⠻⢿⡿⣋⠴⠚⠁
⠀⠀⠀⠀⠀⠈⠉⠛⠻⠯⣅⣁⠤⠔⠚⠉⠁
⣀⣠⡤⢤⣴⣖⡲⣶⣿⣿⠿⠿⣭⡽⠛⢯⣽⢿⣿⠿⠶⣒⣲⣦⡤⢤⣄⣀
⣿⢰⣿⡇⣠⣿⣇⣘⡿⠷⢬⡤⣿⣧⣦⣾⡿⡼⠿⣄⣃⣿⣇⣀⢸⣿⡇⣿
⣿⢨⣭⣿⣶⣶⣿⣿⣿⣿⡿⠛⠿⠿⠿⠿⢿⡿⠿⣿⣿⣿⣳⣶⣿⣭⡅⣿
⠹⣆⢿⣿⣿⣿⢟⣛⣡⣐⡖⠒⠛⠉⣠⠶⠆⠀⠀⠹⢿⡷⠿⣿⣿⡿⢰⠏
⠀⠙⣎⠻⣿⣍⡹⢅⣀⣈⣿⣟⣀⡀⠀⠀⠀⠀⠀⢀⣷⡄⠀⠀⠙⣱⠏
⠀⠀⠈⠳⢌⡻⣿⣶⣶⣿⣿⣿⣟⡻⢿⣿⢶⣶⣾⣿⣿⠃⢀⣠⠞⠁
⠀⠀⠀⠀⠀⠙⠲⢭⣛⠿⣿⣿⣿⠿⡄⠈⠀⠈⠻⣛⡥⠖⠋
⠀⠀⠀⠀⠀⠀⠀⠀⠈⠉⠓⠻⠤⣄⣠⠤⠖⠚⠉⠁
⠀⣠⣤⣼⣿⣿⣿⣿⣿⣿⣧⣤⣤⡤
⣰⣳⣿⣿⣿⣿⣿⣿⣿⣿⣿⣿⡿⠁
⠁⠀⠀⠘⠳⠿⣿⣿⠿⠞⠃⠈
⠀⠀⣠⠤⣤⡤⢏⣽⣭⣭⣯⣭⣽⡯⢭⣹⡤⠤⣤⡤⠤⣤
⠀⡰⠣⣾⣿⣷⠻⣽⡟⣽⣿⣧⣟⣿⢯⣽⣿⢿⣭⠛⡼⠁
⠼⠥⠽⠿⠮⠿⡞⣛⠚⣛⣽⣿⣘⢛⣛⢫⠿⠿⠯⠜⠁
⠀⠀⠀⠀⠀⠀⠑⠒⠦⠽⣛⣛⠯⠴⠒⠊
⠀⠀⠀⣀⣀⣀⣀⣸⠏⢩⣭⣭⢩⣭⣭⣭⣭⣭⡭⠹⣇⣀⣀⣀⣀⣀⣀⣀
⠀⠀⡴⠁⢀⣶⣖⡴⠞⢣⣶⠖⣰⣶⡦⣰⢖⣴⡖⠛⡶⢢⣶⡒⠶⠂⡴⠃
⢀⡜⠁⣠⣿⡏⣿⣇⣠⣿⢃⣼⡏⣿⣷⠏⣾⣏⣸⡿⣻⣎⣹⣿⢆⡼⠁
⠚⠒⠒⠒⠒⠒⠒⢲⡄⠀⠀⢠⣴⣶⣶⣦⡄⠀⠀⢠⡖⠒⠒⠒⠚
⠀⠀⠀⠀⠀⠀⠀⠀⠉⠑⠒⠦⠭⣉⣉⠭⠴⠒⠊⠉
⠀⠀⢀⣀⣤⣴⣾⣽⣷⣤⣤⣤⣄
⠠⣶⣿⣿⣿⣿⣿⣿⣿⣿⣿⠋⠁
⠀⠀⠉⠑⠾⠛⠻⠿⠿⠋⠁
⠀⠀⠀⠀⠀⠀⣀⣀⣠⣴⣚⣛⣿⣶⣤⣤⣤⣤⣄⣀⡀
⠀⣀⣠⣴⣿⣿⣯⣿⣿⣿⣿⣿⣿⣿⣿⣿⣿⣿⡿⠛⠁
⠈⠻⠿⠿⢿⡿⠿⢿⣿⣿⣿⣿⣿⣿⣿⣿⠿⠁
⠀⠀⠀⠀⠀⠘⠛⠛⠛⠛⠛⠻⠿⠟⠋⠁
⠀⠀⠀⠀⠀⠀⠀⠀⠀⠀⣀⣠⡴⢒⣛⣓⣶⣦⣀⣀⣀⣀⣀⣀⡀
⠀⠀⠀⠀⣠⣴⣶⣾⣿⣿⣿⣿⣿⣿⣿⣛⣿⣿⣿⣿⣿⣿⣿⣿⡿⠟⠂
⠠⣴⣾⣿⣿⣿⣿⣿⣿⣿⣿⣿⣿⣿⣿⣿⣿⣿⣿⣿⣿⡿⠟⠉
⠀⠈⠉⠛⠛⠛⢻⣋⣉⣛⣿⣿⣿⣿⣿⣿⣿⣿⣿⡿⠟⠋
⠀⠀⠀⠀⠀⠀⠀⠉⠙⠛⠋⠉⠉⠛⠛⠻⠿⠋⠁
⢀⣤⣶⣾⣿⡿⢿⡿⢿⣿⣿⣶⡲⡀
⣏⣿⣏⣿⣹⡇⣉⡁⢸⣉⣹⣿⣿⡁
⠈⠛⠿⢿⣿⣷⣾⣷⣾⣿⠿⠿⠓⠋
⠀⢀⣠⠤⣶⣶⣾⣿⣿⣿⣿⣿⣿⣿⣿⣷⣒⣶⣶⡶⣄
⣴⢫⣶⣿⠟⡫⠿⢻⡏⠀⠿⠿⠉⢹⠿⠿⢿⣻⢿⣣⠿
⠻⣜⢿⣿⣦⣝⣲⣼⣇⠐⣶⣶⣀⣸⣶⣶⣾⣯⣿⣝⢦⣀
⠀⠈⠙⠚⠿⠿⣿⣿⣿⣿⣿⣿⣿⣿⣿⠿⠿⠟⠛⠋⠉
⠀⠀⠀⣀⣠⠤⢶⣒⣒⣻⣭⣭⣭⣭⣭⣭⣭⣿⣓⣒⣒⣒⣒⡶⠤⣤
⢀⡴⢋⣥⣶⣿⡿⢟⣛⣛⡟⠋⢩⡭⢭⠛⠛⣛⣛⣻⠿⢿⣿⣿⡷⢘⣧
⣿⠀⣿⣿⣿⡇⢾⣉⠀⢸⡇⠀⢈⣉⣉⠀⠀⣿⠀⢈⣉⣱⠶⠵⢾⣉
⠈⠳⣌⡻⢿⣿⣷⣮⣭⣭⣧⣤⣘⣓⣚⣠⣤⣭⣭⣭⣶⣶⣿⠿⠷⣈⣳⠄
⠀⠀⠀⠉⠓⠒⠮⠭⢭⣟⣛⣛⣛⣛⣛⣛⣛⣯⠭⠭⠽⠒⠒⠋⠉⠁
⠠⠶⢶⣶⡶⢆⣴⣿⣿⠁⣰⠦⠄⣀
⠀⠀⠀⠛⠤⠨⢗⣢⠤⠞⠁⠈⠀⠉
⢀⣤⣤⢤⡤⣤⣤⣶⡦⢀⣲⡶⣾⣟⠉⠁⠠⣤⠤⡀
⠀⠀⠀⠉⠙⣧⠏⢁⠤⠾⣛⠉⠉⠩⢀⣤⠭⠈⢭⡉⠐⠆
⠀⠀⠀⠀⠈⠛⠒⠒⠀⠘⢋⣡⠴⠖⠋⠁
⠀⢀⣀⣀⣀⣀⣤⣤⣤⣤⣶⡐⠒⢒⣲⣶⣾⠟⠋⠒⠒⣂⣤⣀
⠈⠉⠙⠓⠲⠯⣾⣫⡿⠋⠉⢠⣾⣭⠷⠾⠿⠗⠀⠀⠒⠊⠙⠦⠗⠆⣤⡀
⠀⠀⠀⠀⠀⠀⣸⡟⠁⠐⠊⠉⣭⣔⣒⠈⠉⢉⣩⡿⠛⠉⣉⠽⠦⠀⠚⠁
⠀⠀⠀⠀⠀⠀⠉⠉⠉⠙⠒⠒⠛⣩⡤⠶⠚⠉⠁⠒⠂⠁
⠀⠀⣀⡤⠖⠒⠒⢶⣿⣷⣶⣶⣿⡷
⠀⡾⠁⣰⣿⣿⣷⣦⣾⣿⣿⠏⢳⡀
⢀⣳⣼⣿⣿⣏⣽⣿⣿⡿⠃⢀⡼⠁
⣿⠿⠿⠛⠛⠿⠿⠭⠭⠖⠚⠉
⠀⠀⠀⠀⠀⣀⣠⡤⠴⠶⠖⣶⣶⣾⣯⣤⣤⣤⣬⣿⣷⣦
⠀⠀⢠⡴⠛⠉⣠⣴⣶⣤⣄⠈⠛⣻⣿⣿⣿⣿⡿⣟⠛⠁
⠀⢰⡟⠀⢀⣼⣿⣿⣿⣿⣿⣿⣶⣿⣿⣿⣿⠟⠀⠸⣧
⠀⠘⣧⣠⣾⣿⣿⣿⡿⠛⣿⣿⣿⣿⣿⡿⠋⠀⠀⣰⠟
⣰⣿⣾⣿⣿⣿⣿⣿⣿⣿⣿⣿⡿⠿⠛⢁⣀⡤⠞⠋
⢿⡿⠟⠛⠛⠋⠉⠙⠛⠒⠒⠒⠒⠚⠛⠉⠁wrote packages/core/src/art/nhl/stl.xs.txt
wrote packages/core/src/art/nhl/stl.sm.txt
wrote packages/core/src/art/nhl/stl.md.txt
--- nhl/TB xs: 3 rows x 14 cells ---
--- nhl/TB sm: 5 rows x 22 cells ---
--- nhl/TB md: 7 rows x 28 cells ---
wrote packages/core/src/art/nhl/tb.xs.txt
wrote packages/core/src/art/nhl/tb.sm.txt
wrote packages/core/src/art/nhl/tb.md.txt
--- nhl/TOR xs: 4 rows x 14 cells ---
--- nhl/TOR sm: 6 rows x 22 cells ---
--- nhl/TOR md: 8 rows x 28 cells ---
wrote packages/core/src/art/nhl/tor.xs.txt
wrote packages/core/src/art/nhl/tor.sm.txt
wrote packages/core/src/art/nhl/tor.md.txt
--- nhl/UTAH xs: 3 rows x 14 cells ---
--- nhl/UTAH sm: 4 rows x 22 cells ---
--- nhl/UTAH md: 5 rows x 28 cells ---
wrote packages/core/src/art/nhl/utah.xs.txt
wrote packages/core/src/art/nhl/utah.sm.txt
wrote packages/core/src/art/nhl/utah.md.txt
--- nhl/VAN xs: 4 rows x 14 cells ---
--- nhl/VAN sm: 6 rows x 22 cells ---
--- nhl/VAN md: 7 rows x 28 cells ---
wrote packages/core/src/art/nhl/van.xs.txt
wrote packages/core/src/art/nhl/van.sm.txt
wrote packages/core/src/art/nhl/van.md.txt
--- nhl/VGK xs: 5 rows x 14 cells ---
--- nhl/VGK sm: 8 rows x 22 cells ---
--- nhl/VGK md: 10 rows x 28 cells ---
wrote packages/core/src/art/nhl/vgk.xs.txt
wrote packages/core/src/art/nhl/vgk.sm.txt
wrote packages/core/src/art/nhl/vgk.md.txt
--- nhl/WSH xs: 2 rows x 14 cells ---
--- nhl/WSH sm: 4 rows x 22 cells ---
--- nhl/WSH md: 5 rows x 28 cells ---
wrote packages/core/src/art/nhl/wsh.xs.txt
wrote packages/core/src/art/nhl/wsh.sm.txt
wrote packages/core/src/art/nhl/wsh.md.txt
--- nhl/WPG xs: 4 rows x 14 cells ---
--- nhl/WPG sm: 6 rows x 22 cells ---
--- nhl/WPG md: 7 rows x 27 cells ---
wrote packages/core/src/art/nhl/wpg.xs.txt
wrote packages/core/src/art/nhl/wpg.sm.txt
wrote packages/core/src/art/nhl/wpg.md.txt
seriea: 20 teams
--- seriea/MIL xs: 6 rows x 14 cells ---
--- seriea/MIL sm: 9 rows x 22 cells ---
--- seriea/MIL md: 11 rows x 28 cells ---
wrote packages/core/src/art/seriea/mil.xs.txt
wrote packages/core/src/art/seriea/mil.sm.txt
wrote packages/core/src/art/seriea/mil.md.txt
--- seriea/ROMA xs: 5 rows x 14 cells ---
--- seriea/ROMA sm: 7 rows x 22 cells ---
--- seriea/ROMA md: 9 rows x 28 cells ---
wrote packages/core/src/art/seriea/roma.xs.txt
wrote packages/core/src/art/seriea/roma.sm.txt
wrote packages/core/src/art/seriea/roma.md.txt
--- seriea/ATA xs: 6 rows x 14 cells ---
--- seriea/ATA sm: 9 rows x 22 cells ---
--- seriea/ATA md: 12 rows x 28 cells ---
wrote packages/core/src/art/seriea/ata.xs.txt
wrote packages/core/src/art/seriea/ata.sm.txt
wrote packages/core/src/art/seriea/ata.md.txt
--- seriea/BOL xs: 6 rows x 14 cells ---
--- seriea/BOL sm: 9 rows x 22 cells ---
--- seriea/BOL md: 11 rows x 27 cells ---
wrote packages/core/src/art/seriea/bol.xs.txt
wrote packages/core/src/art/seriea/bol.sm.txt
wrote packages/core/src/art/seriea/bol.md.txt
--- seriea/CAG xs: 4 rows x 14 cells ---
--- seriea/CAG sm: 7 rows x 22 cells ---
--- seriea/CAG md: 9 rows x 28 cells ---
wrote packages/core/src/art/seriea/cag.xs.txt
wrote packages/core/src/art/seriea/cag.sm.txt
wrote packages/core/src/art/seriea/cag.md.txt
--- seriea/COMO xs: 4 rows x 14 cells ---
--- seriea/COMO sm: 6 rows x 22 cells ---
--- seriea/COMO md: 7 rows x 28 cells ---
wrote packages/core/src/art/seriea/como.xs.txt
wrote packages/core/src/art/seriea/como.sm.txt
wrote packages/core/src/art/seriea/como.md.txt
--- seriea/FIO xs: 5 rows x 13 cells ---
--- seriea/FIO sm: 7 rows x 21 cells ---
--- seriea/FIO md: 9 rows x 26 cells ---
wrote packages/core/src/art/seriea/fio.xs.txt
wrote packages/core/src/art/seriea/fio.sm.txt
wrote packages/core/src/art/seriea/fio.md.txt
--- seriea/FRO xs: 4 rows x 14 cells ---
--- seriea/FRO sm: 7 rows x 22 cells ---
--- seriea/FRO md: 8 rows x 27 cells ---
wrote packages/core/src/art/seriea/fro.xs.txt
wrote packages/core/src/art/seriea/fro.sm.txt
wrote packages/core/src/art/seriea/fro.md.txt
--- seriea/GEN xs: 5 rows x 14 cells ---
--- seriea/GEN sm: 8 rows x 22 cells ---
--- seriea/GEN md: 10 rows x 28 cells ---
wrote packages/core/src/art/seriea/gen.xs.txt
wrote packages/core/src/art/seriea/gen.sm.txt
wrote packages/core/src/art/seriea/gen.md.txt
--- seriea/INT xs: 4 rows x 14 cells ---
--- seriea/INT sm: 6 rows x 22 cells ---
--- seriea/INT md: 7 rows x 28 cells ---
wrote packages/core/src/art/seriea/int.xs.txt
wrote packages/core/src/art/seriea/int.sm.txt
wrote packages/core/src/art/seriea/int.md.txt
--- seriea/JUV xs: 6 rows x 14 cells ---
--- seriea/JUV sm: 9 rows x 22 cells ---
--- seriea/JUV md: 11 rows x 28 cells ---
wrote packages/core/src/art/seriea/juv.xs.txt
wrote packages/core/src/art/seriea/juv.sm.txt
wrote packages/core/src/art/seriea/juv.md.txt
--- seriea/LAZ xs: 3 rows x 14 cells ---
--- seriea/LAZ sm: 4 rows x 22 cells ---
--- seriea/LAZ md: 5 rows x 28 cells ---
wrote packages/core/src/art/seriea/laz.xs.txt
wrote packages/core/src/art/seriea/laz.sm.txt
wrote packages/core/src/art/seriea/laz.md.txt
--- seriea/LEC xs: 4 rows x 14 cells ---
--- seriea/LEC sm: 7 rows x 22 cells ---
--- seriea/LEC md: 9 rows x 28 cells ---
wrote packages/core/src/art/seriea/lec.xs.txt
wrote packages/core/src/art/seriea/lec.sm.txt
wrote packages/core/src/art/seriea/lec.md.txt
--- seriea/MON xs: 5 rows x 14 cells ---
--- seriea/MON sm: 8 rows x 21 cells ---
--- seriea/MON md: 10 rows x 27 cells ---
wrote packages/core/src/art/seriea/mon.xs.txt
wrote packages/core/src/art/seriea/mon.sm.txt
wrote packages/core/src/art/seriea/mon.md.txt
--- seriea/NAP xs: 4 rows x 14 cells ---
--- seriea/NAP sm: 6 rows x 22 cells ---
--- seriea/NAP md: 7 rows x 28 cells ---
wrote packages/core/src/art/seriea/nap.xs.txt
wrote packages/core/src/art/seriea/nap.sm.txt
wrote packages/core/src/art/seriea/nap.md.txt
--- seriea/PAR xs: 5 rows x 14 cells ---
--- seriea/PAR sm: 7 rows x 22 cells ---
--- seriea/PAR md: 9 rows x 28 cells ---
wrote packages/core/src/art/seriea/par.xs.txt
wrote packages/core/src/art/seriea/par.sm.txt
wrote packages/core/src/art/seriea/par.md.txt
--- seriea/SAS xs: 4 rows x 14 cells ---
--- seriea/SAS sm: 6 rows x 22 cells ---
--- seriea/SAS md: 8 rows x 28 cells ---
wrote packages/core/src/art/seriea/sas.xs.txt
wrote packages/core/src/art/seriea/sas.sm.txt
wrote packages/core/src/art/seriea/sas.md.txt
--- seriea/TOR xs: 4 rows x 14 cells ---
--- seriea/TOR sm: 7 rows x 22 cells ---
--- seriea/TOR md: 9 rows x 28 cells ---
wrote packages/core/src/art/seriea/tor.xs.txt
wrote packages/core/src/art/seriea/tor.sm.txt
wrote packages/core/src/art/seriea/tor.md.txt
--- seriea/UDI xs: 4 rows x 14 cells ---
--- seriea/UDI sm: 6 rows x 22 cells ---
--- seriea/UDI md: 7 rows x 28 cells ---
wrote packages/core/src/art/seriea/udi.xs.txt
wrote packages/core/src/art/seriea/udi.sm.txt
wrote packages/core/src/art/seriea/udi.md.txt
--- seriea/VEN xs: 3 rows x 14 cells ---
--- seriea/VEN sm: 4 rows x 22 cells ---
--- seriea/VEN md: 6 rows x 28 cells ---
wrote packages/core/src/art/seriea/ven.xs.txt
wrote packages/core/src/art/seriea/ven.sm.txt
wrote packages/core/src/art/seriea/ven.md.txt
ucl: 36 teams
--- ucl/AEK xs: 5 rows x 14 cells ---
--- ucl/AEK sm: 8 rows x 22 cells ---
--- ucl/AEK md: 10 rows x 28 cells ---
wrote packages/core/src/art/ucl/aek.xs.txt
wrote packages/core/src/art/ucl/aek.sm.txt
wrote packages/core/src/art/ucl/aek.md.txt
--- ucl/ROMA xs: 5 rows x 14 cells ---
--- ucl/ROMA sm: 7 rows x 22 cells ---
--- ucl/ROMA md: 9 rows x 28 cells ---
wrote packages/core/src/art/ucl/roma.xs.txt
wrote packages/core/src/art/ucl/roma.sm.txt
wrote packages/core/src/art/ucl/roma.md.txt
--- ucl/ARS xs: 4 rows x 14 cells ---
--- ucl/ARS sm: 7 rows x 22 cells ---
--- ucl/ARS md: 8 rows x 28 cells ---
wrote packages/core/src/art/ucl/ars.xs.txt
wrote packages/core/src/art/ucl/ars.sm.txt
wrote packages/core/src/art/ucl/ars.md.txt
--- ucl/AVL xs: 5 rows x 14 cells ---
--- ucl/AVL sm: 8 rows x 22 cells ---
--- ucl/AVL md: 10 rows x 28 cells ---
wrote packages/core/src/art/ucl/avl.xs.txt
wrote packages/core/src/art/ucl/avl.sm.txt
wrote packages/core/src/art/ucl/avl.md.txt
--- ucl/ATM xs: 5 rows x 14 cells ---
--- ucl/ATM sm: 7 rows x 22 cells ---
--- ucl/ATM md: 9 rows x 28 cells ---
wrote packages/core/src/art/ucl/atm.xs.txt
wrote packages/core/src/art/ucl/atm.sm.txt
wrote packages/core/src/art/ucl/atm.md.txt
--- ucl/BAR xs: 4 rows x 14 cells ---
--- ucl/BAR sm: 6 rows x 22 cells ---
--- ucl/BAR md: 7 rows x 28 cells ---
wrote packages/core/src/art/ucl/bar.xs.txt
wrote packages/core/src/art/ucl/bar.sm.txt
wrote packages/core/src/art/ucl/bar.md.txt
--- ucl/MUN xs: 4 rows x 14 cells ---
--- ucl/MUN sm: 6 rows x 22 cells ---
--- ucl/MUN md: 7 rows x 28 cells ---
wrote packages/core/src/art/ucl/mun.xs.txt
wrote packages/core/src/art/ucl/mun.sm.txt
wrote packages/core/src/art/ucl/mun.md.txt
--- ucl/BODO xs: 4 rows x 14 cells ---
--- ucl/BODO sm: 6 rows x 22 cells ---
--- ucl/BODO md: 7 rows x 28 cells ---
wrote packages/core/src/art/ucl/bodo.xs.txt
wrote packages/core/src/art/ucl/bodo.sm.txt
wrote packages/core/src/art/ucl/bodo.md.txt
--- ucl/DOR xs: 4 rows x 14 cells ---
--- ucl/DOR sm: 6 rows x 22 cells ---
--- ucl/DOR md: 7 rows x 28 cells ---
wrote packages/core/src/art/ucl/dor.xs.txt
wrote packages/core/src/art/ucl/dor.sm.txt
wrote packages/core/src/art/ucl/dor.md.txt
--- ucl/BRU xs: 5 rows x 14 cells ---
--- ucl/BRU sm: 7 rows x 22 cells ---
--- ucl/BRU md: 9 rows x 28 cells ---
wrote packages/core/src/art/ucl/bru.xs.txt
wrote packages/core/src/art/ucl/bru.sm.txt
wrote packages/core/src/art/ucl/bru.md.txt
--- ucl/COMO xs: 4 rows x 14 cells ---
--- ucl/COMO sm: 6 rows x 22 cells ---
--- ucl/COMO md: 7 rows x 28 cells ---
wrote packages/core/src/art/ucl/como.xs.txt
wrote packages/core/src/art/ucl/como.sm.txt
wrote packages/core/src/art/ucl/como.md.txt
--- ucl/FCP xs: 5 rows x 14 cells ---
--- ucl/FCP sm: 8 rows x 22 cells ---
--- ucl/FCP md: 10 rows x 28 cells ---
wrote packages/core/src/art/ucl/fcp.xs.txt
wrote packages/core/src/art/ucl/fcp.sm.txt
wrote packages/core/src/art/ucl/fcp.md.txt
--- ucl/FEN xs: 4 rows x 12 cells ---
--- ucl/FEN sm: 6 rows x 22 cells ---
--- ucl/FEN md: 7 rows x 28 cells ---
wrote packages/core/src/art/ucl/fen.xs.txt
wrote packages/core/src/art/ucl/fen.sm.txt
wrote packages/core/src/art/ucl/fen.md.txt
--- ucl/FEY xs: 4 rows x 14 cells ---
--- ucl/FEY sm: 6 rows x 22 cells ---
--- ucl/FEY md: 7 rows x 28 cells ---
wrote packages/core/src/art/ucl/fey.xs.txt
wrote packages/core/src/art/ucl/fey.sm.txt
wrote packages/core/src/art/ucl/fey.md.txt
--- ucl/GAL xs: 5 rows x 12 cells ---
--- ucl/GAL sm: 6 rows x 19 cells ---
--- ucl/GAL md: 7 rows x 24 cells ---
wrote packages/core/src/art/ucl/gal.xs.txt
wrote packages/core/src/art/ucl/gal.sm.txt
wrote packages/core/src/art/ucl/gal.md.txt
--- ucl/INT xs: 4 rows x 14 cells ---
--- ucl/INT sm: 6 rows x 22 cells ---
--- ucl/INT md: 7 rows x 28 cells ---
wrote packages/core/src/art/ucl/int.xs.txt
wrote packages/core/src/art/ucl/int.sm.txt
wrote packages/core/src/art/ucl/int.md.txt
--- ucl/LAS xs: 5 rows x 13 cells ---
--- ucl/LAS sm: 8 rows x 21 cells ---
--- ucl/LAS md: 11 rows x 27 cells ---
wrote packages/core/src/art/ucl/las.xs.txt
wrote packages/core/src/art/ucl/las.sm.txt
wrote packages/core/src/art/ucl/las.md.txt
--- ucl/RCL xs: 5 rows x 14 cells ---
--- ucl/RCL sm: 8 rows x 22 cells ---
--- ucl/RCL md: 10 rows x 28 cells ---
wrote packages/core/src/art/ucl/rcl.xs.txt
wrote packages/core/src/art/ucl/rcl.sm.txt
wrote packages/core/src/art/ucl/rcl.md.txt
--- ucl/LILL xs: 4 rows x 14 cells ---
--- ucl/LILL sm: 5 rows x 22 cells ---
--- ucl/LILL md: 7 rows x 28 cells ---
wrote packages/core/src/art/ucl/lill.xs.txt
wrote packages/core/src/art/ucl/lill.sm.txt
wrote packages/core/src/art/ucl/lill.md.txt
--- ucl/LIV xs: 7 rows x 14 cells ---
--- ucl/LIV sm: 10 rows x 22 cells ---
--- ucl/LIV md: 13 rows x 28 cells ---
wrote packages/core/src/art/ucl/liv.xs.txt
wrote packages/core/src/art/ucl/liv.sm.txt
wrote packages/core/src/art/ucl/liv.md.txt
--- ucl/MNC xs: 4 rows x 14 cells ---
--- ucl/MNC sm: 6 rows x 22 cells ---
--- ucl/MNC md: 7 rows x 28 cells ---
wrote packages/core/src/art/ucl/mnc.xs.txt
wrote packages/core/src/art/ucl/mnc.sm.txt
wrote packages/core/src/art/ucl/mnc.md.txt
--- ucl/MAN xs: 4 rows x 14 cells ---
--- ucl/MAN sm: 6 rows x 22 cells ---
--- ucl/MAN md: 7 rows x 28 cells ---
wrote packages/core/src/art/ucl/man.xs.txt
wrote packages/core/src/art/ucl/man.sm.txt
wrote packages/core/src/art/ucl/man.md.txt
--- ucl/NAP xs: 4 rows x 14 cells ---
--- ucl/NAP sm: 6 rows x 22 cells ---
--- ucl/NAP md: 7 rows x 28 cells ---
wrote packages/core/src/art/ucl/nap.xs.txt
wrote packages/core/src/art/ucl/nap.sm.txt
wrote packages/core/src/art/ucl/nap.md.txt
--- ucl/PSV xs: 3 rows x 14 cells ---
--- ucl/PSV sm: 5 rows x 22 cells ---
--- ucl/PSV md: 6 rows x 28 cells ---
wrote packages/core/src/art/ucl/psv.xs.txt
wrote packages/core/src/art/ucl/psv.sm.txt
wrote packages/core/src/art/ucl/psv.md.txt
--- ucl/PSG xs: 4 rows x 14 cells ---
--- ucl/PSG sm: 6 rows x 22 cells ---
--- ucl/PSG md: 7 rows x 28 cells ---
wrote packages/core/src/art/ucl/psg.xs.txt
wrote packages/core/src/art/ucl/psg.sm.txt
wrote packages/core/src/art/ucl/psg.md.txt
--- ucl/RBL xs: 2 rows x 13 cells ---
--- ucl/RBL sm: 4 rows x 22 cells ---
--- ucl/RBL md: 5 rows x 28 cells ---
wrote packages/core/src/art/ucl/rbl.xs.txt
wrote packages/core/src/art/ucl/rbl.sm.txt
wrote packages/core/src/art/ucl/rbl.md.txt
--- ucl/BET xs: 3 rows x 14 cells ---
--- ucl/BET sm: 5 rows x 22 cells ---
--- ucl/BET md: 6 rows x 28 cells ---
wrote packages/core/src/art/ucl/bet.xs.txt
wrote packages/core/src/art/ucl/bet.sm.txt
wrote packages/core/src/art/ucl/bet.md.txt
--- ucl/RMA xs: 5 rows x 14 cells ---
--- ucl/RMA sm: 8 rows x 22 cells ---
--- ucl/RMA md: 10 rows x 28 cells ---
wrote packages/core/src/art/ucl/rma.xs.txt
wrote packages/core/src/art/ucl/rma.sm.txt
wrote packages/core/src/art/ucl/rma.md.txt
--- ucl/SAB xs: 5 rows x 14 cells ---
--- ucl/SAB sm: 7 rows x 22 cells ---
--- ucl/SAB md: 9 rows x 28 cells ---
wrote packages/core/src/art/ucl/sab.xs.txt
wrote packages/core/src/art/ucl/sab.sm.txt
wrote packages/core/src/art/ucl/sab.md.txt
--- ucl/SHK xs: 6 rows x 14 cells ---
--- ucl/SHK sm: 9 rows x 22 cells ---
--- ucl/SHK md: 11 rows x 28 cells ---
wrote packages/core/src/art/ucl/shk.xs.txt
wrote packages/core/src/art/ucl/shk.sm.txt
wrote packages/core/src/art/ucl/shk.md.txt
--- ucl/SLP xs: 4 rows x 13 cells ---
--- ucl/SLP sm: 6 rows x 22 cells ---
--- ucl/SLP md: 7 rows x 28 cells ---
wrote packages/core/src/art/ucl/slp.xs.txt
wrote packages/core/src/art/ucl/slp.sm.txt
wrote packages/core/src/art/ucl/slp.md.txt
--- ucl/SLB xs: 4 rows x 14 cells ---
--- ucl/SLB sm: 6 rows x 22 cells ---
--- ucl/SLB md: 7 rows x 28 cells ---
wrote packages/core/src/art/ucl/slb.xs.txt
wrote packages/core/src/art/ucl/slb.sm.txt
wrote packages/core/src/art/ucl/slb.md.txt
--- ucl/SCP xs: 5 rows x 14 cells ---
--- ucl/SCP sm: 8 rows x 22 cells ---
--- ucl/SCP md: 10 rows x 28 cells ---
wrote packages/core/src/art/ucl/scp.xs.txt
wrote packages/core/src/art/ucl/scp.sm.txt
wrote packages/core/src/art/ucl/scp.md.txt
--- ucl/VFB xs: 4 rows x 14 cells ---
--- ucl/VFB sm: 6 rows x 22 cells ---
--- ucl/VFB md: 8 rows x 28 cells ---
wrote packages/core/src/art/ucl/vfb.xs.txt
wrote packages/core/src/art/ucl/vfb.sm.txt
wrote packages/core/src/art/ucl/vfb.md.txt
--- ucl/VIK xs: 2 rows x 14 cells ---
--- ucl/VIK sm: 4 rows x 22 cells ---
--- ucl/VIK md: 5 rows x 28 cells ---
wrote packages/core/src/art/ucl/vik.xs.txt
wrote packages/core/src/art/ucl/vik.sm.txt
wrote packages/core/src/art/ucl/vik.md.txt
--- ucl/VIL xs: 4 rows x 14 cells ---
--- ucl/VIL sm: 7 rows x 22 cells ---
--- ucl/VIL md: 9 rows x 28 cells ---
wrote packages/core/src/art/ucl/vil.xs.txt
wrote packages/core/src/art/ucl/vil.sm.txt
wrote packages/core/src/art/ucl/vil.md.txt
wnba: 15 teams
--- wnba/ATL xs: 4 rows x 14 cells ---
--- wnba/ATL sm: 6 rows x 22 cells ---
--- wnba/ATL md: 8 rows x 27 cells ---
wrote packages/core/src/art/wnba/atl.xs.txt
wrote packages/core/src/art/wnba/atl.sm.txt
wrote packages/core/src/art/wnba/atl.md.txt
--- wnba/CHI xs: 4 rows x 14 cells ---
--- wnba/CHI sm: 6 rows x 22 cells ---
--- wnba/CHI md: 7 rows x 28 cells ---
wrote packages/core/src/art/wnba/chi.xs.txt
wrote packages/core/src/art/wnba/chi.sm.txt
wrote packages/core/src/art/wnba/chi.md.txt
--- wnba/CON xs: 4 rows x 13 cells ---
--- wnba/CON sm: 6 rows x 21 cells ---
--- wnba/CON md: 8 rows x 27 cells ---
wrote packages/core/src/art/wnba/con.xs.txt
wrote packages/core/src/art/wnba/con.sm.txt
wrote packages/core/src/art/wnba/con.md.txt
--- wnba/DAL xs: 2 rows x 14 cells ---
--- wnba/DAL sm: 4 rows x 22 cells ---
--- wnba/DAL md: 5 rows x 28 cells ---
wrote packages/core/src/art/wnba/dal.xs.txt
wrote packages/core/src/art/wnba/dal.sm.txt
wrote packages/core/src/art/wnba/dal.md.txt
--- wnba/GS xs: 4 rows x 14 cells ---
--- wnba/GS sm: 6 rows x 22 cells ---
--- wnba/GS md: 8 rows x 28 cells ---
wrote packages/core/src/art/wnba/gs.xs.txt
wrote packages/core/src/art/wnba/gs.sm.txt
wrote packages/core/src/art/wnba/gs.md.txt
--- wnba/IND xs: 4 rows x 14 cells ---
--- wnba/IND sm: 6 rows x 22 cells ---
--- wnba/IND md: 7 rows x 28 cells ---
wrote packages/core/src/art/wnba/ind.xs.txt
wrote packages/core/src/art/wnba/ind.sm.txt
wrote packages/core/src/art/wnba/ind.md.txt
--- wnba/LV xs: 5 rows x 14 cells ---
--- wnba/LV sm: 8 rows x 22 cells ---
--- wnba/LV md: 10 rows x 28 cells ---
wrote packages/core/src/art/wnba/lv.xs.txt
wrote packages/core/src/art/wnba/lv.sm.txt
wrote packages/core/src/art/wnba/lv.md.txt
--- wnba/LA xs: 4 rows x 14 cells ---
--- wnba/LA sm: 6 rows x 22 cells ---
--- wnba/LA md: 7 rows x 28 cells ---
wrote packages/core/src/art/wnba/la.xs.txt
wrote packages/core/src/art/wnba/la.sm.txt
wrote packages/core/src/art/wnba/la.md.txt
--- wnba/MIN xs: 3 rows x 13 cells ---
--- wnba/MIN sm: 5 rows x 20 cells ---
--- wnba/MIN md: 6 rows x 25 cells ---
wrote packages/core/src/art/wnba/min.xs.txt
wrote packages/core/src/art/wnba/min.sm.txt
wrote packages/core/src/art/wnba/min.md.txt
--- wnba/NY xs: 5 rows x 14 cells ---
--- wnba/NY sm: 7 rows x 22 cells ---
--- wnba/NY md: 9 rows x 28 cells ---
wrote packages/core/src/art/wnba/ny.xs.txt
wrote packages/core/src/art/wnba/ny.sm.txt
wrote packages/core/src/art/wnba/ny.md.txt
--- wnba/PHX xs: 4 rows x 14 cells ---
--- wnba/PHX sm: 6 rows x 22 cells ---
--- wnba/PHX md: 7 rows x 28 cells ---
wrote packages/core/src/art/wnba/phx.xs.txt
wrote packages/core/src/art/wnba/phx.sm.txt
wrote packages/core/src/art/wnba/phx.md.txt
--- wnba/POR xs: 6 rows x 14 cells ---
--- wnba/POR sm: 10 rows x 22 cells ---
--- wnba/POR md: 12 rows x 28 cells ---
wrote packages/core/src/art/wnba/por.xs.txt
wrote packages/core/src/art/wnba/por.sm.txt
wrote packages/core/src/art/wnba/por.md.txt
--- wnba/SEA xs: 4 rows x 14 cells ---
--- wnba/SEA sm: 6 rows x 22 cells ---
--- wnba/SEA md: 8 rows x 28 cells ---
wrote packages/core/src/art/wnba/sea.xs.txt
wrote packages/core/src/art/wnba/sea.sm.txt
wrote packages/core/src/art/wnba/sea.md.txt
--- wnba/TOR xs: 2 rows x 14 cells ---
--- wnba/TOR sm: 3 rows x 22 cells ---
--- wnba/TOR md: 4 rows x 28 cells ---
wrote packages/core/src/art/wnba/tor.xs.txt
wrote packages/core/src/art/wnba/tor.sm.txt
wrote packages/core/src/art/wnba/tor.md.txt
--- wnba/WSH xs: 3 rows x 14 cells ---
--- wnba/WSH sm: 5 rows x 22 cells ---
--- wnba/WSH md: 6 rows x 28 cells ---
wrote packages/core/src/art/wnba/wsh.xs.txt
wrote packages/core/src/art/wnba/wsh.sm.txt
wrote packages/core/src/art/wnba/wsh.md.txt
wrote packages/core/src/art-index.zig

⠀⠀⠀⠀⠀⠀⠀⣀⣀⣤⡤⠤⠶⠶⢶⣶⣶⣾⣯⣤⣤⣤⣤⣬⣿⣿⣶⣦
⠀⠀⠀⢀⣤⠶⠛⠉⢁⣠⣤⣄⣀⠀⠙⠿⠿⣿⣿⣿⣿⣿⣿⣿⣿⠿⠟⠋
⠀⠀⣰⡟⠁⠀⢀⣴⣿⣿⣿⣿⣿⣿⣦⣄⣴⣿⣿⣿⣿⣿⡿⠃⠙⣷⡀
⠀⠀⣿⡇⠀⣠⣾⣿⣿⣿⣿⣿⣿⣿⣿⣿⣿⣿⣿⣿⣿⠏⠀⠀⠀⣿⡇
⠀⢀⡙⢷⣼⣿⣿⣿⣿⣿⣟⣁⣬⣿⣿⣿⣿⣿⣿⡿⠁⠀⠀⢀⣴⠟⠁
⣴⣿⣿⣿⣿⣿⠿⣿⣿⣿⠿⠿⠿⠿⠿⠿⠟⠛⢉⣀⣠⡤⠾⠋⠁
⢻⡿⠿⠛⠛⠋⠉⠁⠈⠉⠉⠛⠛⠛⠛⠛⠛⠋⠉⠉
⠀⢀⣤⠀⠐⠏⠉⡉⠹⣶⢖⣤⡀
⣰⣿⣿⣀⣴⣄⣀⣿⡄⣠⣾⣿⣿⣆
⠻⣿⣿⣿⠿⠿⠿⢛⣔⣛⣿⣿⣿⠟
⠀⠈⠛⠿⠾⣿⣿⣿⣿⠿⠿⠛⠁
⠀⠀⠀⢀⡠⠄⠂⠲⣾⠛⠛⠛⠛⢷⣶⣶⡤⢄⡀
⠀⣠⣾⣿⡇⠀⠀⠀⠈⠀⠀⣶⡀⠀⠙⠟⣱⣿⣿⣷⣄
⣼⣿⣿⣿⣧⣤⣤⣷⣦⣤⣤⣿⣿⠆⢀⣾⣿⣿⣿⣿⣿⣧
⢻⣿⣿⣿⣿⣿⣿⣿⣿⣿⣿⡿⢣⠴⠿⢿⣿⣿⣿⣿⣿⡟
⠀⠙⢿⣿⣿⣿⣍⣩⣄⣄⣤⣴⣿⣿⣿⣿⣿⣿⣿⡿⠋
⠀⠀⠀⠈⠙⠛⠿⠿⢿⣿⣿⣿⣿⡿⠿⠿⠛⠋⠁
⠀⠀⠀⠀⠀⣀⠠⠄⠐⠲⣶⡞⠛⠛⠛⠛⠳⣶⣶⣦⣤⡄⣀
⠀⠀⣠⣶⣿⡇⠀⠀⠀⠀⠈⠃⠀⠀⣤⡀⠀⠈⠻⡿⠋⣴⣿⣿⣶⣄
⢠⣾⣿⣿⣿⣇⠀⠀⢐⣦⣀⠀⠀⠀⣿⣿⣦⠀⠀⣠⣾⣿⣿⣿⣿⣿⣷⡄
⣿⣿⣿⣿⣿⣿⣿⣿⣿⣿⣿⣿⣿⣿⣿⡿⠋⢡⣾⣿⣿⣿⣿⣿⣿⣿⣿⣿
⠘⢿⣿⣿⣿⣿⣿⣿⡿⠿⠿⠿⠿⠿⠟⢁⣾⣉⣉⣉⣿⣿⣿⣿⣿⣿⡿⠃
⠀⠀⠙⠿⣿⣿⣿⣿⣤⣴⣦⣤⣴⣶⣶⣿⣿⣿⣿⣿⣿⣿⣿⣿⠿⠋
⠀⠀⠀⠀⠀⠉⠙⠛⠻⠿⠿⢿⣿⣿⣿⣿⡿⠿⠿⠟⠛⠋⠉
⠀⢻⠻⡗⡾⠛⣿⣻⣿⡗⣾⢻⡟
⠀⢸⣿⣿⣻⠿⣿⣿⣿⣿⣿⣿⡇
⠀⢸⠀⠉⠛⠻⢶⣯⣟⡿⣿⣿⡇
⠀⠘⠀⠀⠀⠀⠀⠀⠙⠛⠻⠟⠃
⠀⠐⢶⢶⣶⡶⣤⢶⢶⢶⣶⢶⢶⠶⣶⢤⢶⢶⣶⡶⠂
⠀⠀⢸⣴⣴⣇⣿⣆⣦⣼⣿⣧⣿⣜⣼⣴⣼⣴⣽⡇
⠀⠀⢸⣿⣿⣟⣅⡭⠟⣻⢿⣿⣿⣿⣿⣿⣿⣿⣿⡇
⠀⠀⢸⠀⠈⠙⠛⠿⣶⣵⣨⢞⢽⡽⣻⣿⣿⣿⣿⡇
⠀⠀⢸⠀⠀⠀⠀⠀⠀⠈⠙⠛⠿⣾⣯⣨⢾⢹⣿⡇
⠀⠀⠈⠑⠒⠒⠒⠒⠒⠒⠢⠔⠒⠒⠙⠛⠙⠛⠋⠁
⠀⠀⠲⣶⣶⣶⣶⣤⣤⣶⣶⣶⣶⣶⣶⣶⣶⣶⣶⣤⣤⣶⣶⣶⣶⠖
⠀⠀⠀⣿⢠⡁⣿⠸⣿⣎⣠⢁⣿⣿⣎⣼⣇⢗⣸⢨⡰⣗⣠⡻⣿
⠀⠀⠀⣿⣿⣿⣿⡿⠻⠟⣿⣿⣿⣿⣿⣿⣿⣿⣿⣿⣿⣿⣿⣿⣿
⠀⠀⠀⡟⠙⠻⠿⣾⣴⣯⣝⡰⢛⠹⣛⡿⢿⣿⣿⣿⣿⣿⣿⣿⣿
⠀⠀⠀⡇⠀⠀⠀⠀⠉⠙⠛⠿⣷⣾⣥⣪⠗⣋⣯⠟⡻⢿⣿⣿⣿
⠀⠀⠀⣇⠀⠀⠀⠀⠀⠀⠀⠀⠀⠈⠉⠛⠿⢿⣶⣧⣞⣧⣲⣽⣿
⠀⠀⠀⠈⠉⠉⠉⠉⠉⠉⠉⠁⠐⠒⠒⠂⠉⠀⠉⠉⠉⠉⠉⠉⠁
⠀⠀⠀⠀⢀⣴⣶⣿⣿⣧⣤⣤⣀
⠈⠛⢿⣿⣿⣿⣿⣿⣩⠲⢏⠘⣿⣷
⠀⠀⠀⠈⠛⠿⠿⡿⠿⠿⠿⠾⠛⠁
⠀⠀⠀⠀⠀⠀⠀⠀⣀⣤⣶⣶⣿⣿⣿⣁⣀⡀
⢤⣄⣀⣀⣀⣀⣠⣾⣿⣿⣿⣿⣿⡿⠿⠿⣿⠿⣿⣶⣤⡀
⠀⠈⠛⢿⣿⣿⣿⣿⣿⣿⣿⣿⣇⢿⡹⢿⣷⠋⠻⣿⣿⣷
⠀⠀⠀⠀⠙⠛⣿⣿⣿⣿⣿⣿⣿⣷⣧⣦⣬⣇⣤⣿⡿⠋
⠀⠀⠀⠀⠀⠀⠀⠉⠛⠛⢛⣿⠟⠻⠿⠿⠿⠛⠛⠉
⠀⠀⠀⠀⠀⠀⠀⠀⠀⠀⢀⣀⣤⣴⣶⣾⣿⣿⣿⠃
⣀⠀⠀⠀⠀⠀⠀⠀⢀⣴⣿⣿⣿⣿⣿⣿⣿⣿⣿⣿⣿⣿⣷⢶⣦⣄⡀
⠈⠛⠿⣿⣶⣶⣶⣶⣿⣿⣿⣿⣿⣿⣿⡿⡫⠁⢀⣤⡴⢃⠤⢽⣿⣿⣿⣆
⠀⠀⠀⠀⠻⢿⣿⣿⣿⣿⣿⣿⣿⣿⣿⣷⣅⡀⢎⡙⠿⣣⠀⠀⣿⣿⣿⣻
⠀⠀⠀⠀⠀⠀⠉⠙⢿⣿⣿⣿⣿⣿⣿⣿⣿⣿⣶⣿⣶⣶⣥⣶⣾⡿⠟⠁
⠀⠀⠀⠀⠀⠀⠀⠀⠀⠈⠉⠉⠉⢙⣿⠟⠛⠛⠻⠿⠛⠛⠛⠉⠁
⠦⠀⠀⠀⠀⠀⠀⠀⣀⣀⣀⠈⠙⢻
⡓⠀⠀⠀⠀⠀⡠⠚⢯⣤⣼⠗⠀⢀
⣍⠀⠀⠀⢀⣼⣷⣤⣄⣀⣀⣤⣴⣿
⣦⣀⠀⠀⠀⠀⠀⠀⠀⠀⠀⠀⠀⠀⠀⠀⠀⠈⠉⠙⠻⣿
⣦⣀⠀⠀⠀⠀⠀⠀⠀⠀⠀⣠⣴⡟⠛⠛⠻⣷⡄⠀⠀⠈
⣤⣀⠀⠀⠀⠀⠀⠀⠀⣠⠊⠁⠙⠛⠶⠶⠞⠋⠁⠀⢀⣴
⣄⡀⠀⠀⠀⠀⢀⣠⣾⣿⣷⣶⣤⣤⣤⣤⣤⣤⣴⣶⣿⣿
⣆⡀⠀⠀⠀⠀⠀⠀⠀⠀⠀⠀⠀⠀⠀⠀⠀⠀⠀⠀⠀⠀⠈⠉⠛⠻⣿⣿
⡉⠉⠉⠀⠀⠀⠀⠀⠀⠀⠀⠀⠀⠀⠀⢀⣤⡶⠶⠶⠶⣶⣤⡀⠀⠀⠀⠹
⠛⠓⠒⠀⠀⠀⠀⠀⠀⠀⠀⠀⠀⣠⠞⠻⣿⣄⣀⣀⣀⣼⣿⠇⠀⠀⠀⢀
⠷⠤⠄⠀⠀⠀⠀⠀⠀⠀⠀⣠⣎⡀⠀⠀⠀⠉⠉⠉⠉⠉⠀⠀⠀⢀⣤⣾
⣦⣀⡀⠀⠀⠀⠀⠀⢀⣴⣿⣿⣿⣿⣷⣶⣦⣤⣤⣤⣤⣤⣶⣶⣿⣿⣿⣿
⢀⣀⡰⣾⣿⠷⠶⣾⣷⢶⡦⣤⡄
⠀⠑⢅⠸⣧⣀⠀⠀⠈⠳⡍⢫⣤⡄
⠀⢀⣀⣑⠌⠯⠿⣋⣶⡚⠉⠉
⠀⠈⠉⠉⠈⠳⡠⠋
⠀⠀⠀⠀⣴⣺⣿⣿⣶⣤⣴⣶⣶⣶⣦⠤⣤⡀⣀
⠈⠪⡯⠖⠘⢹⣿⠋⠉⠀⠉⠉⠛⢷⣭⠻⠖⢿⡵⠋
⠀⠀⠈⠢⡀⠈⠻⣷⣄⡀⠀⠀⠀⠀⠈⢷⡴⠋⣶⡦⠤⠄
⠀⠀⠀⠀⠈⠢⡀⠙⣿⠻⣷⠞⢲⣶⡶⠚⠛⠉⠁
⠀⠀⠶⠶⠶⠶⠋⠤⡈⠉⠠⢲⡿⠛⠃
⠀⠀⠀⠀⠀⠀⠀⠀⠈⠢⡴⠋
⠀⠀⠀⠀⠀⣠⣖⣾⣿⣿⣶⣤⣤⣤⣶⣶⣶⣶⣦⣤⣤⡀⠀⣀
⠘⢮⣡⣋⡤⠬⠛⢻⣿⠟⠋⠉⠉⠙⠛⠿⢿⣭⡛⠲⣯⢤⣿⢋⠝⠁
⠀⠀⠙⠦⡀⠀⠀⢻⣿⣄⡀⠀⠀⠀⠀⠀⠀⠙⠫⣶⡉⣨⠗⣅⣀⡀⡀
⠀⠀⠀⠀⠈⠢⣀⠀⠙⢿⣻⣷⢦⡄⣠⣄⣀⠀⠀⣈⣿⣧⡼⠿⠛⠉⠉
⠀⠀⠀⠀⠀⠀⠈⠳⣄⠠⢋⢦⡏⠟⠃⣀⣿⣿⡋⠉
⠀⠊⠘⠛⠛⠛⠛⠋⠀⠒⢅⠀⠀⠐⢙⡽⠋⠉⠁
⠀⠀⠀⠀⠀⠀⠀⠀⠀⠀⠀⠑⢤⠔⠉
⠀⢀⣀⣀⣀⣳⣦⣄⠀⠀⠀⡀
⠀⢠⣍⣿⣿⣿⣿⣿⣷⣶⣾⡟⡠⠂
⠀⠀⠀⡀⠈⠛⢍⠟⠛⠛⠛⠛⠂
⠀⠀⠀⠀⠀⠀⠀⠘⢶⣤⣀
⠀⠀⠐⢶⣶⣶⣤⣤⣤⣿⣿⣷⣦⡄⠀⠒⢒⡶⢂⡀
⢀⣀⣀⣀⣙⣿⣿⣿⣿⣿⣿⣿⣿⣿⣷⣶⣿⣿⠏⢀⠔⠉
⠀⠀⠈⠉⠉⠙⠛⠻⡟⠛⠻⢿⣿⣿⣿⣿⣿⣿⣦⠁
⠀⠀⠀⠀⢀⡀⣀⠀⠈⠳⡤⠚⠁⠁⠀⠀⠉⠉⠉⠁
⠀⠀⠀⠀⠀⠀⠀⠀⠀⠘⢶⣦⣄⡀
⠀⠀⠀⢤⣤⣤⣤⣀⣀⣀⣀⣹⣿⣿⣶⣄⣀⣀⣀⠠⠤⠤⣤⠤
⠀⠀⠀⠀⠙⠻⣿⣿⣿⣿⣿⣿⣿⣿⣿⣿⣿⣦⣤⣀⣠⣾⣵⡶⠂⠀⣰⠶
⠐⠒⠶⠶⢶⣶⣾⣿⣿⣿⣿⣿⣿⣿⣿⣿⣿⣿⣿⣿⣿⣿⣿⡁⡤⠚⠁
⠀⠀⠀⠀⠀⠀⠀⠀⠉⠙⠿⣉⣉⣙⣻⣿⢿⡿⠿⠿⣿⣿⣿⣷⡄
⠀⠀⠀⠀⠀⠀⣀⣀⡀⠀⠀⠈⠳⡴⠋⠁⠀⠀⠀⠀⠀⠀⠈⠉⠁
⠀⢀⣠⣤⡶⢾⣟⠛⠦⣤⣀⣀⡀
⢠⣿⠁⣿⣅⠘⠿⣿⣶⡶⠶⠾⠛⠁
⠀⠙⠷⢦⣍⣛⠳⠶⢮⣭⣛⠲⣤⡀
⢀⣤⣶⣒⠚⠛⠿⣿⣶⡌⢻⣷⣸⠇
⠀⠈⠉⠉⠙⠻⢶⣬⡥⠶⠟⠋⠁
⠀⠀⠀⠀⣀⣠⣤⠶⠶⠞⠛⠻⢶⣤⣀⡀
⠀⢠⣴⠟⢋⣵⢢⠀⢸⣿⣿⣦⣄⣀⠉⠉⠛⠓⣒⣶⡶⠆
⠀⢿⣯⠀⠘⠿⣶⣄⣀⠙⠛⠿⠿⣿⣟⣛⠛⠛⠉⠁
⠀⠈⠙⠿⢶⣤⣄⣉⠙⠛⠻⠶⢶⣤⣤⣉⡙⠛⢶⣤⡀
⠀⠀⢀⣀⣠⣤⣭⣭⣿⣿⣶⣶⣤⡀⡉⠛⢿⣷⡄⢸⣿⡆
⠰⠾⠿⠭⣤⣤⣤⣀⣀⠀⠉⠻⣿⠟⠌⢀⣼⣿⣧⡾⠋
⠀⠀⠀⠀⠀⠀⠀⠉⠙⠻⣶⣤⡤⠴⠾⠛⠛⠉⠁
⠀⠀⠀⠀⠀⠀⢀⣀⣤⣤⣶⠶⠶⠟⠻⣷⣤⣀
⠀⠀⢀⣠⣶⠾⢛⣩⠅⠀⠐⣶⣶⣤⣀⠀⠉⠙⠛⠳⠶⠦⣤⣤⣤⣀⣀⡀
⠀⣰⣿⡟⠁⠠⣿⣧⠀⠀⠀⠿⣿⣿⣿⣷⣶⣤⣤⣤⣤⣤⣤⣶⠾⠟⠋
⠀⠹⣿⣧⡀⠀⠙⠿⣿⣦⣤⣀⡀⠉⠙⠛⠻⠷⣦⣭⣉⣁
⠀⠀⠈⠛⠿⣶⣤⣄⣀⠈⠉⠛⠛⠿⠷⣶⣦⣤⣄⡀⠉⠙⠻⢶⣦⣄
⠀⠀⠀⠀⠀⠀⢈⣉⣛⣛⠿⢶⣶⣤⣄⣀⠈⠉⠛⠻⣿⣷⣤⡀⠙⣿⣷
⠀⣀⣴⡶⠟⠛⠋⠉⠉⠉⠉⠛⠛⠿⣿⣿⣿⡆⠀⠀⠈⣿⣿⡷⣠⣿⡿
⠈⠉⠛⠛⠛⠛⠻⠷⠶⣦⣤⣄⡀⠀⠈⠙⠋⠁⠀⣠⣾⣿⣿⡿⠟⠉
⠀⠀⠀⠀⠀⠀⠀⠀⠀⠀⠈⠙⠻⣷⣤⡴⠶⠾⠟⠛⠋⠉
⠉⠻⣦⣿⣿⣿⣿⣿⣿⣿⣿⠿⠋⠁
⠀⠀⠈⠻⢿⣿⠿⠛⠋⠉
⠀⠠⣶⣾⣿⣿⠷
⠉⠻⣿⣦⣸⣿⣿⣿⣿⣿⣿⣿⣿⣿⣿⣿⣿⣿⣿⡿⠛⠉
⠀⠀⠈⠻⣿⣿⣿⣿⣿⣿⣿⣿⣿⣿⣿⡿⠿⠋⠁
⠀⠀⠀⠀⠈⠻⣿⣿⣿⠿⡿⠛⠛⠉⠁
⠀⠀⠀⣀⣤⣤⣬⣿⣿⣷⣄
⠀⠀⠸⢿⣿⣿⣿⣿⡿⠿⠛
⠉⠻⣿⣿⣦⣈⣿⣿⣿⣿⣿⣿⣿⣿⣿⣿⣿⣿⣿⣿⣿⣿⣿⣿⣿⡿⠛⠉
⠀⠀⠈⠻⣿⣿⣿⣿⣿⣿⣿⣿⣿⣿⣿⣿⣿⣿⣿⣿⣿⣿⠟⠋⠉
⠀⠀⠀⠀⠀⠙⢿⣿⣿⣿⣿⣿⣿⣿⣿⣿⡿⠿⠛⠋
⠀⠀⠀⠀⠀⠀⠀⠙⠿⣿⣿⣯⡛⠃
⠀⠀⠀⢀⣤⣶⣶⣶⣿⣿⣿⣿⣿⣦
⠀⠀⠀⠻⠿⣿⣿⣿⣿⣿⣿⠿⠟⠋
⠀⠀⠀⠀⠀⠀⣀⣴⣶⣶⡒⠫⣅⡀
⣖⠁⠀⢀⣠⣽⣿⠟⠉⠁⠀⢀⣸⡿
⠈⠹⠖⠛⠭⠤⠤⠴⠶⠒⠛⠉⠁
⠀⠀⠀⠀⠀⠀⣀⣀⠀⠤⠤⢤⣤⣤⣤⣴⡶⠶⠒⠋
⠀⣀⠤⠒⠈⠁⠀⢀⣠⣴⣾⣿⣿⣿⡿⠶⠒⠈⠙⠳⣦⣄
⣼⠁⠀⠀⠀⠀⣀⣭⣴⣿⣿⣛⠉⠁⠀⠀⠀⠀⠀⣠⣿⡿
⠙⠷⣤⣀⣐⣿⡿⠿⠛⠋⠉⠀⠀⢀⣀⣠⣤⣶⠿⠟⠉
⠀⠠⠔⠋⠉⠀⠚⠛⠛⠛⠛⠛⠛⠛⠉⠉⠁
⠀⠀⠀⠀⠀⠀⠀⠀⠀⠀⠀⢀⣀⣀⣀⣀⣀⣀⣤⣤⣤⣴⡶⠶⠒⠉
⠀⠀⠀⠀⣀⡤⠔⠒⠊⠉⠉⠁⢀⣤⣶⣿⣿⣿⡿⢛⣋⡁⠰⢶⣤⣄
⠀⣠⠖⠉⠀⠀⠀⠀⠀⣀⣴⣾⣿⣿⣿⣿⣿⡿⠟⠋⠉⠀⠀⠀⠈⢿⣿⣆
⣼⠃⠀⠀⠀⠀⠀⠀⢀⣠⣴⣾⣿⡿⣛⣉⠀⠀⠀⠀⠀⠀⠀⠀⢀⣾⣿⡿
⠻⣧⣄⠀⠀⠠⠴⣾⣿⣿⣿⠿⠟⠋⠉⠀⠀⠀⠀⠀⠀⣀⣤⣶⣿⠿⠋
⠀⠈⠛⠿⣶⣶⠾⠛⣋⣉⣀⣀⣀⣀⣤⣤⣤⣴⣶⣾⠿⠿⠛⠉⠁
⠀⠠⠔⠋⠁⠀⠀⠉⠉⠉⠉⠉⠉⠉⠉⠉⠉⠁
⠀⠀⠀⠀⢀⣤⣾⣷⣤⡀
⢰⣶⣶⣦⣼⣿⣿⣿⣿⣧⣴⣶⣶⡆
⠀⠘⢻⣿⣟⣷⣻⣿⣾⣻⣿⡟⠃
⠀⠀⠚⠿⠿⠿⠿⡿⠿⠿⠿⠓
⠀⠀⠀⠀⠀⠀⠀⠀⡀⣤⣾⣷⣤⣀
⢀⡀⢀⡀⠀⠀⠐⣶⣿⣿⣿⣿⣿⣿⣷⠂⠀⠀⢀⡀⢀⡀
⠐⣿⣿⣿⣿⣷⣦⣽⣿⣿⡿⣿⡿⣿⣯⣴⣾⣿⣿⣿⣿⠂
⠀⠀⠹⠿⣿⣼⡧⠧⣷⠾⡷⠷⡷⣶⠧⣾⣝⣽⠿⠏
⠀⠀⠀⠐⣾⣿⣟⣿⣏⣿⣏⣹⣏⣿⣝⣻⣿⣷⠂
⠀⠀⠀⠉⠉⠛⠻⠿⠛⠛⠻⣟⠛⠛⠿⠟⠛⠉⠉
⠀⠀⠀⠀⠀⠀⠀⠀⠀⠀⠀⢠⣤⣾⣷⣤⡄
⠀⠀⠀⠀⠀⠀⠀⠀⣀⣀⣷⣾⣿⣿⣿⣿⣷⣾⣀⣀
⠀⣤⣤⣴⣤⣀⣄⡀⠈⣿⣿⣿⣿⣿⣿⣿⣿⣿⣿⠁⢀⣠⣀⣤⣦⣤⣤
⠘⢻⣿⣿⣿⣿⣿⣿⣷⣮⡿⡿⢿⠷⡾⣿⢿⣿⣵⣾⣿⣿⣿⣿⣿⣿⡟⠃
⠀⠀⠉⢽⣿⣿⣭⣻⣌⣦⣷⣼⢼⣮⣥⣧⢦⣼⣯⣾⣫⢏⣽⣿⡯⠉
⠀⠀⠀⠀⣀⣛⣿⣿⡧⣦⡼⢥⣮⡧⢴⡾⢼⣿⢤⢿⣿⣿⣛⣀
⠀⠀⠀⢀⣠⣽⣿⣿⣷⣿⣷⣾⣿⣶⣶⣷⣿⣿⣿⣾⣿⣿⣯⣄⡀
⠀⠀⠀⠀⠀⠀⠉⠉⠙⠛⠛⠋⠉⠻⣯⠉⠙⠛⠛⠋⠉⠉
⠀⢀⣀⡤⠶⣶⣭⡒⠶⢤⡀
⠈⠉⠻⠿⣿⣯⣄⣨⠿⣦⡹⡄⢱⢦
⠀⠀⠀⠀⠀⠉⣭⣭⣿⣶⠶⠛⠓⠉
⠀⠀⠀⠀⣀⣠⡤⣤⣴⣚⣓⡲⠤⣤⣄⡀
⠀⠲⠾⢿⣿⣶⣤⣶⡿⠏⠉⠹⠷⣤⣤⠉⣷⡀⠀⢤⣄
⠀⠀⠀⠀⠉⠙⠛⠿⣿⣿⣶⣶⣟⣉⠛⠷⠌⢿⡄⠼⢋⡷
⠀⠀⠀⠀⠀⠀⠀⠀⠀⠤⢤⣤⣬⣿⣿⠿⠖⠒⠒⠋⠉
⠀⠀⠀⠀⠀⠀⠀⣀⣀⣠⣤⠴⠚⠒⠦⢤⣄⣀⡀
⠀⢀⣤⣴⣶⣾⣯⡍⣀⣨⣿⡿⠿⠛⣓⣒⣀⡀⠉⠓⢦⣄⠀⠀⣀
⠀⠀⠀⠉⠙⠻⢿⣿⣿⣿⣯⣭⣅⣀⣀⣉⡽⢿⣿⣄⠈⠻⣦⠀⠈⢿⢲⡀
⠀⠀⠀⠀⠀⠀⠀⠀⠉⠙⠿⠿⠿⠿⢿⡷⣦⣤⣈⣉⠓⠒⠛⠒⢒⣋⡼⠃
⠀⠀⠀⠀⠀⠀⠀⠀⠀⠀⠀⠠⠴⠶⣶⣶⣶⣿⡯⠭⠟⠋⠉⠉⠉
⠀⠀⠀⢀⠀⠀⣼⣿⣦⡀
⠀⣠⣴⣾⣿⡿⢿⣿⣿⣿⣯⠷⢦⣄
⢺⣿⣿⣿⣿⣛⠛⠋⠉⠀⠀⣈⡉⠁
⠀⠈⠛⠿⠿⢿⣿⣿⣿⣿⠿⠿⠟
⠀⠀⠀⠀⠀⠀⠀⠀⠀⠀⣿⣿⣷⣄
⠀⠀⠀⠀⢀⣲⣤⣤⣤⣾⣿⣷⣿⣿⣶⣤⣤⣄⣀
⠀⢀⣴⣾⣿⣿⣿⣿⡿⠿⣛⣻⣿⣿⣿⣿⡷⠾⠻⠿⢶⣄
⢴⣿⣿⣿⣿⣿⣿⡷⠿⠿⠿⠛⠛⠉⠁⠀⠀⠉⠉⠒⠋
⠀⠙⢿⣿⣿⣿⣿⣿⣷⣶⣤⣤⣤⣤⣤⣤⣴⣶⣶⣦⡀
⠀⠀⠀⠈⠙⠛⠿⠿⠿⣿⣿⣿⣿⣿⣿⠿⠿⠿⠛⠛⠁
⠀⠀⠀⠀⠀⠀⠀⠀⠀⠀⠀⠀⢰⣿⣿⣷⣶⡀
⠀⠀⠀⠀⠀⠀⠠⣤⣀⣀⣀⣠⣾⣿⣯⣽⣿⣷⣤⣄⣀⣀
⠀⠀⠀⣀⣤⣶⣾⣿⣿⣿⣿⣿⣿⣿⣿⣿⣿⣿⣿⣿⣿⣍⣿⣿⣶⣦⣀
⢀⣴⣾⣿⣿⣿⣿⣿⣿⣟⣫⣭⣴⣶⣾⣿⣿⠿⠿⠛⠛⠴⠤⢤⣊⣩⠿⠃
⠘⣿⣿⣿⣿⣿⣿⣿⣿⣯⣉⠉⠉⠉⠉⠀⠀⠀⠀⠀⠀⠀⠀⢀⡀⠁
⠀⠈⠙⠿⣿⣿⣿⣿⣿⣿⣿⣿⣿⣶⣶⣶⣶⣶⣶⣶⣾⣿⣿⣿⣿⣦⡀
⠀⠀⠀⠀⠀⠉⠙⠛⠻⠿⠿⠿⣿⣿⣿⣿⣿⣿⡿⠿⠿⠿⠟⠛⠋⠉
⡏⠉⠉⣉⣿⣿⣿⠈⠛⠛⢉⠉⠉⢹
⡇⠀⣾⠿⣿⣿⣿⠀⣀⣀⠤⣷⠀⢸
⡇⠀⣿⣧⡀⠈⢿⡾⠁⢀⡾⢹⠀⢸
⣇⠀⠛⠿⣷⡄⠈⠀⣠⡟⠠⠘⠀⣸
⣿⣿⣷⣦⣤⣈⣀⣀⣁⣤⣴⣾⣿⣿
⡿⠛⠛⠛⠛⠛⢛⣿⣿⣿⣿⠈⠛⠿⢿⡛⠛⠛⠛⠛⠛⢿
⡇⠀⠀⢀⣴⣾⣿⣿⣿⣿⣿⠀⠀⠀⠀⠈⠑⢤⠀⠀⠀⢸
⡇⠀⠀⣼⣿⣿⣿⣿⣿⠏⣿⠀⠀⠀⣀⣠⣤⣴⡇⠀⠀⢸
⡇⠀⠀⣿⢻⣄⠀⠉⠉⣿⣿⣠⡟⠉⠉⠀⣰⡿⡇⠀⠀⢸
⡇⠀⠀⣿⣧⡻⣦⠀⠀⠈⢿⡿⠁⠀⢀⣼⠟⠀⡇⠀⠀⢸
⣇⠀⠀⠻⢿⣿⣿⣷⡀⠀⠈⠀⠀⢠⣾⠋⢀⡠⠇⠀⠀⣸
⣿⣷⣦⣄⣀⠈⠉⠛⠻⠄⠀⠀⠰⠟⠓⠈⠁⣀⣠⣴⣾⣿
⣿⣿⣿⣿⣿⣿⣷⣶⣤⣄⣀⣀⣠⣤⣶⣶⣿⣿⣿⣿⣿⣿
⣿⠿⠿⠿⠿⠿⠿⠿⠿⣿⣿⣿⣿⣿⠈⠙⢿⣿⣿⠿⠿⠿⠿⠿⠿⠿⠿⣿
⣿⠀⠀⠀⠀⢀⣤⣶⣿⣿⣿⣿⣿⣿⠀⠀⠀⠀⠈⠙⠲⣄⡀⠀⠀⠀⠀⣿
⣿⠀⠀⠀⣰⣿⣿⣿⣿⣿⣿⣿⣿⣿⠀⠀⠀⠀⠀⠀⠀⠀⢻⡄⠀⠀⠀⣿
⣿⠀⠀⠀⣿⣿⠿⠿⢿⣿⣿⣻⣸⣿⠀⢀⣀⣤⣤⡶⠶⢿⣿⣿⠀⠀⠀⣿
⣿⠀⠀⠀⣿⠻⣷⡄⠀⠀⠈⢩⣿⣿⣠⣿⠍⠁⠀⠀⢠⣾⠟⣿⠀⠀⠀⣿
⣿⠀⠀⠀⣿⣷⡝⣿⣄⠀⠀⠀⠹⣿⣿⠏⠀⠀⠀⣰⣿⠏⠀⣿⠀⠀⠀⣿
⣿⠀⠀⠀⣿⣿⣿⣾⣿⣦⠀⠀⠀⠙⠃⠀⠀⢀⣼⡿⠃⠀⠀⣿⠀⠀⠀⣿
⣿⣦⣀⠀⠀⠉⠛⠿⣿⣿⣷⡀⠀⠀⠀⠀⢠⣾⣟⣡⠤⠒⠉⠀⠀⣀⣴⣿
⣿⣿⣿⣿⣶⣦⣄⣀⠀⠈⠉⠛⠀⠀⠀⠐⠛⠉⠁⠀⣀⣠⣴⣶⣿⣿⣿⣿
⣿⣿⣿⣿⣿⣿⣿⣿⣿⣷⣶⣤⣤⣀⣀⣤⣤⣶⣾⣿⣿⣿⣿⣿⣿⣿⣿⣿
⠀⠀⠀⠀⠀⠀⠀⠀⢀⠔⠁⢀⠄
⠉⠁⠈⠉⠋⠉⠉⠱⣍⠉⠉⠉⠉⠁
⠀⠀⠀⠀⠀⠀⠀⠀⠀⠀⠀⠀⠀⠀⢀⡼⠁
⠀⠀⠀⠀⠀⠈⠁⠀⠀⠉⠀⠀⠉⣠⠞⠀⠀⢀⡴⠃
⠾⠭⠍⠰⠿⠿⣣⠞⠭⠽⠻⠋⡼⠃⠿⠿⠟⠞⠼⠿⠿⠃
⠀⠀⠀⠀⠀⠀⠀⠀⠀⠀⠀⠈⠳⡦⠀⠒⠂
⠀⠀⠀⠀⠀⠀⠀⠀⠀⠀⠀⠀⠀⠀⠀⠀⠀⠀⠀⣰⠏
⠀⠀⠀⠀⠀⠀⠀⠐⠂⠀⠀⠐⠂⠀⠀⠐⠂⢀⡼⠁⠀⠀⠀⣠⠆
⣀⡤⠤⠤⢄⣤⣤⣤⡄⣠⠤⠤⢤⡤⣠⠠⣴⢟⣤⣤⣤⡄⡴⠫⣤⣤⣤⠄
⠉⠉⠉⠁⠈⠉⠉⠉⠞⠁⠉⠉⠉⠈⠁⣼⠃⠈⠉⠉⠉⠈⠁⠉⠉⠉⠉
⠀⠀⠀⠀⠀⠀⠀⠀⠀⠀⠀⠀⠀⠀⠀⠙⢷⡦⠀⠒⠒
⠀⢀⣠⣴⡶⠾⠏⠹⠷⢶⣦⣄⡀
⢰⣿⠏⠁⣄⣤⡆⣷⣦⣠⠈⠻⣿⡆
⠸⣿⣆⡀⠁⠲⢂⡿⡟⠉⢀⣰⣿⠇
⠀⠈⠙⠻⠶⢶⣶⣶⡶⠶⠟⠋⠁
⠀⠀⠀⠀⣀⣤⣤⣶⣶⣶⠞⠳⣶⣶⣶⣤⣤⣀
⠀⢀⣴⣿⡿⠟⠋⠉⠀⣀⠀⡆⣀⠀⠉⠙⠻⢿⣿⣦⡀
⢠⣿⣿⡟⠀⠀⣦⣤⣦⠽⠁⣿⣿⣴⣤⣴⠀⠀⢻⣿⣿⡄
⠘⣿⣿⣧⠀⠀⠁⠀⢤⡤⠀⣿⣿⡿⠛⠋⠀⠀⣼⣿⣿⠃
⠀⠈⠻⣿⣷⣦⣄⣀⠀⠀⠱⠏⠉⠃⣀⣠⣴⣾⣿⠟⠁
⠀⠀⠀⠀⠉⠛⠛⠿⠿⠿⢿⡿⠿⠿⠿⠛⠛⠉
⠀⠀⠀⠀⠀⠀⣀⣠⣤⣴⣶⣶⣶⠖⠲⣶⣶⣶⣦⣤⣄⣀
⠀⠀⢀⣤⣶⣿⣿⠿⠛⠋⠉⠉⠁⠠⡄⠈⠉⠉⠙⠛⠿⣿⣿⣶⣤⡀
⠀⣰⣿⣿⡿⠋⠀⢀⣀⠀⣀⠸⣶⠀⣿⣶⠇⣀⠀⣀⡀⠀⠙⣿⣿⣿⣆
⠀⣿⣿⣿⡇⠀⠀⠠⠟⠛⠛⠉⠉⠀⣿⣿⣿⣿⣿⣿⠄⠀⠀⢸⣿⣿⣿
⠀⠹⣿⣿⣷⣄⠀⠀⠀⠀⠘⠻⠃⡀⣿⣿⣟⠋⠀⠀⠀⠀⣠⣾⣿⣿⠏
⠀⠀⠈⠛⢿⣿⣿⣶⣤⣄⣀⣀⠀⠘⠃⠀⣀⣀⣠⣤⣶⣿⣿⡿⠛⠁
⠀⠀⠀⠀⠀⠀⠉⠙⠛⠻⠿⠿⠿⠿⠿⠿⠿⠿⠟⠛⠋⠉
⠀⠀⣠⡴⢶⣛⡛⠛⢛⡶⣦⣄
⢀⣾⢏⣰⣭⣵⣴⡆⢪⣭⣆⡹⣷⡀
⣾⣿⣿⣿⣿⣿⣿⣇⣸⣿⣿⣈⣻⣷
⢿⣿⣿⣿⣿⣿⣿⡏⢹⣿⣿⢉⣽⡿
⠈⢿⣎⠙⡻⢻⡿⣧⣸⣛⠋⣱⡿⠁
⠀⠀⠙⠻⠦⣭⣥⣭⣤⠴⠟⠋
⠀⠀⠀⠀⢀⣠⣴⡶⠾⠟⣛⣛⡻⠷⢶⣦⣄⡀
⠀⠀⣠⣾⡿⠋⣡⠞⢦⠫⢄⣀⠄⡴⢧⢬⡙⢿⣷⣄
⠀⣼⣿⠏⣀⣬⣴⣶⣶⣿⣿⡏⠉⢰⣶⣶⣥⣀⠹⣿⣧
⣼⣿⣿⣿⣿⣿⣿⣿⣿⣿⣿⡇⠀⢸⣿⣿⣿⠀⠙⢿⣿⣧
⣿⣿⣿⣿⣿⣿⣿⣿⣿⣿⣿⡿⠿⢿⣿⣿⣿⠿⠿⢿⣿⣿
⢻⣿⣿⣿⣿⣿⣿⣿⣿⣿⣿⡇⠀⢸⣿⣿⣿⠀⣠⣾⣿⡟
⠀⢻⣿⣆⠉⠛⠻⠿⠿⣿⣿⣇⣀⡸⡿⠿⠛⠉⣰⣿⡟
⠀⠀⠙⢿⣷⣄⡸⠃⠾⠸⠀⠧⠷⠘⠮⢗⣠⣾⡿⠋
⠀⠀⠀⠀⠈⠙⠻⠷⢶⣦⣤⣤⣴⡶⠾⠟⠋⠁
⠀⠀⠀⠀⠀⠀⢀⣠⣤⣶⣶⠿⠿⠿⠿⠿⠿⣶⣶⣤⣄⡀
⠀⠀⠀⢀⣴⣾⡿⠟⢋⠵⣆⢰⡎⠉⠉⠉⠀⣰⣎⣉⡻⢿⣷⣤⡀
⠀⢀⣴⣿⡿⠋⠀⠔⣋⣉⣉⣧⣬⣭⡭⠭⠼⣅⣙⣉⠳⠄⠙⢿⣿⣦⡀
⢀⣾⣿⡟⣡⣴⣾⣿⣿⣿⣿⣿⣿⣿⡇⠀⠀⢸⣿⣿⣿⡗⠢⣌⢻⣿⣷⡀
⣼⣿⣿⣿⣿⣿⣿⣿⣿⣿⣿⣿⣿⣿⡇⠀⠀⢸⣿⣿⣿⡇⠀⠀⠙⣿⣿⣧
⣿⣿⣿⣿⣿⣿⣿⣿⣿⣿⣿⣿⣿⣿⣿⣿⣿⣿⣿⣿⣿⣿⣿⣿⣿⣿⣿⣿
⢻⣿⣿⣿⣿⣿⣿⣿⣿⣿⣿⣿⣿⣿⡇⠀⠀⢸⣿⣿⣿⡇⠀⠀⣠⣿⣿⡟
⠈⢿⣿⣧⡙⠻⢿⣿⣿⣿⣿⣿⣿⣿⡇⠀⠀⢸⣿⣿⣿⡧⠔⢋⣼⣿⡿⠁
⠀⠈⠻⣿⣷⣄⠀⠀⢭⡭⢙⡛⣛⠛⡓⢖⡒⣩⠩⣍⠀⠀⣠⣾⣿⠟⠁
⠀⠀⠀⠈⠻⢿⣷⣦⣉⡀⠛⠁⠛⠀⠙⠚⠃⠀⢛⣋⣴⣾⡿⠛⠁
⠀⠀⠀⠀⠀⠀⠈⠙⠛⠿⠿⣶⣶⣶⣶⣶⣶⠿⠿⠛⠋⠁
⠀⠀⣀⡀⠤⠐⠊⠑⠂⠤⢀⣀
⡏⠸⠿⠧⢶⢋⣦⣤⣤⣦⡐⡆⠀⢹
⢳⣤⣤⣤⣴⣤⣶⣽⣿⣬⣿⣿⣦⡞
⠀⠙⢿⣿⣿⣿⣿⣿⣷⣿⣷⡿⠋
⠀⠀⠀⠉⠛⠿⣿⣿⠿⠛⠉
⠀⠀⠀⠀⠀⠀⣀⣠⠤⠖⠊⠑⠲⠤⣄⣀
⣴⠒⢒⣶⢭⠯⢀⣀⡤⢄⠀⠀⠀⠀⡀⠀⢉⡉⠒⠒⠒⣦
⣇⠀⠈⠛⠛⠓⠛⢿⠀⡼⠷⣶⣶⢶⣿⣦⣄⡹⡄⠀⠀⣸
⠹⣤⣤⣤⣤⣤⣤⣼⣼⣤⣿⣬⣭⣿⣮⣧⣿⣧⣯⣧⣤⠏
⠀⠙⢿⣿⣹⣿⣿⣹⣿⣿⣹⣭⣻⣯⣻⣿⣯⣻⣿⡿⠋
⠀⠀⠀⠙⠻⢿⣿⣿⣿⣿⣿⣿⣿⣿⣿⣿⡿⠟⠋
⠀⠀⠀⠀⠀⠀⠉⠙⠻⠿⣿⣿⠿⠟⠋⠁
⠀⠀⠀⠀⠀⠀⠀⠀⠀⢀⣀⡤⠔⠚⠓⠢⢤⣀⡀
⢀⣀⣠⠤⣤⠴⣒⠚⠉⠁⠀⠀⠀⠀⠀⠀⠀⠀⠈⠉⠓⠒⠦⠤⠤⣄⣀⡀
⣿⠀⠀⢼⣯⣝⣏⣡⣶⣶⠛⠉⣣⣍⡉⠉⠉⠁⣎⡀⠀⠲⣄⠀⠀⠀⠀⣷
⣿⠀⠀⠀⠀⠀⠈⠉⠉⢹⠆⡰⠿⢛⢿⣛⣟⡻⢻⣿⣦⣄⡹⢄⡀⠀⠀⣿
⠹⣦⣤⣤⣤⣤⣤⣤⣤⣼⣰⣧⣼⣟⣤⣧⣴⣵⣦⣷⣼⣿⣥⣧⣯⣤⣴⠇
⠀⠙⢿⣿⣿⢹⡿⣹⣿⢻⣿⣿⡝⣿⣛⢿⣿⡋⣿⣿⢿⡝⢿⣿⣿⡿⠋
⠀⠀⠀⠙⢿⣾⣿⣶⣿⣷⣿⣿⣿⣿⣿⣷⣿⣷⣾⣷⣿⣿⣾⡿⠋
⠀⠀⠀⠀⠀⠈⠛⠿⣿⣿⣿⣿⣿⣿⣿⣿⣿⣿⣿⣿⠿⠛⠁
⠀⠀⠀⠀⠀⠀⠀⠀⠀⠉⠛⠻⠿⣿⣿⠿⠟⠋⠉
⠀⠀⣀⣴⡶⣿⣿⡿⡿⣶⣦⣀
⢀⡾⢟⣛⣭⠭⠭⢭⣭⣭⣛⡪⣷⡀
⠎⣴⡿⠏⠁⠀⠐⠺⣿⣷⣞⣀⠀⢳
⢧⡻⣇⣀⢀⠀⠀⠀⠙⠿⠯⠭⢀⡼
⠈⢿⣦⣬⣿⣟⣆⣀⣠⣤⣴⣶⡿⠁
⠀⠀⠙⠻⠿⣿⣿⣿⣿⠿⠟⠋
⠀⠀⠀⠀⢀⣠⣤⣶⣾⣿⣿⣿⣿⣷⣶⣤⣄⡀
⠀⠀⣠⠶⠿⣝⣏⣭⠷⠽⠿⠵⠼⠧⣝⣽⣩⡿⢲⡄
⠀⣴⡿⠗⣋⣭⣴⡶⠶⠾⠿⠿⠷⢶⣶⣦⢍⣉⡲⢿⣧
⡸⠋⣴⣿⣿⡟⠋⠀⠀⠤⠬⠭⠭⢷⣶⣶⡬⠭⠀⠀⠙⣧
⡇⢸⣿⣯⠁⠀⠀⠀⠀⠀⠀⠀⠩⣽⣖⣒⣒⣒⠂⠀⠀⢸
⢹⣄⠙⢿⣤⣄⢀⣀⡀⠀⠀⠀⠀⠙⠻⠧⠤⠤⠤⠀⣠⡟
⠀⠻⣿⢖⣬⣑⣛⠻⠿⠶⠄⠀⠀⠀⠀⣀⣀⣤⣶⣿⡟
⠀⠀⠘⢿⣿⣿⣟⣽⣿⣟⣿⣻⣟⣿⣏⣿⣿⣿⡿⠋
⠀⠀⠀⠀⠈⠙⠻⠿⢿⣿⣿⣿⣿⡿⠿⠟⠋⠁
⠀⠀⠀⠀⠀⠀⠀⣀⣤⣴⣶⣾⣿⣿⣿⣿⣷⣶⣦⣤⣀
⠀⠀⠀⠀⣠⡶⠿⣿⡟⠻⢿⠻⣿⣿⢟⡙⣿⢛⢿⢻⡿⢿⣶⣄
⠀⠀⣠⣾⡌⣭⣳⠽⠷⠛⠒⣓⣛⣛⣛⣛⣛⠛⠓⠿⠵⣯⣝⠼⣓⣄
⠀⣰⣿⠿⠋⣩⣤⣶⣾⡿⠟⠛⠛⠿⠿⠿⠿⣿⣿⣷⠶⣠⣅⡚⠿⣿⣦
⢰⠟⢁⣴⣿⣿⣿⠟⠋⠀⠀⢈⣩⣭⣭⣙⣒⣲⠦⠤⢬⣭⣭⠅⠀⠈⠻⡆
⡟⠀⣾⣿⡿⠟⠉⠀⠀⠀⠀⠀⠒⠒⢒⣒⠦⠭⣭⣉⣙⣒⣀⡤⠤⠂⠀⢻
⢧⠀⢿⣿⣿⠀⠀⠀⠀⠀⠀⠀⠀⠀⠀⠨⠭⢿⣒⣒⣒⣒⣒⡒⠭⠁⠀⣼
⠸⣷⣄⠙⢿⣦⣤⡤⢄⣠⡀⠀⠀⠀⠀⠀⠀⠉⠒⠒⠒⠖⠒⡲⠂⣠⣾⠇
⠀⠹⣿⣷⡦⢈⣉⠺⠿⢿⣿⣷⣤⡀⠀⠀⠀⠀⠀⠠⠀⣂⣩⣴⣾⣿⠟
⠀⠀⠙⢭⣾⣿⣿⣿⡷⢲⡶⣶⢤⣤⡤⡤⣴⣶⣶⣺⣿⣿⣿⣿⡿⠋
⠀⠀⠀⠀⠙⠿⣿⣿⣷⣿⣷⣿⣴⣿⣜⣟⣼⣿⣧⣿⣿⣿⠿⠋
⠀⠀⠀⠀⠀⠀⠈⠉⠛⠿⠿⣿⣿⣿⣿⣿⣿⠿⠿⠛⠉⠁
⠀⠀⢀⣤⠒⠘⡟⠩⡵⣒⣤⡀
⠀⣴⣿⣿⣤⣡⣲⣘⣓⣭⣿⡟
⢰⣿⣿⣿⣿⣿⣿⠉⠀⣿⣿⡇
⠸⣿⣿⣿⣿⣿⣿⡷⠶⣿⣿⡿⠶⠆
⠀⠹⣿⣿⣿⣿⣿⠀⠀⣿⣿⡇
⠀⠀⠈⠛⠻⠿⣿⠀⠀⠿⠋⠁
⠀⠀⠀⠀⠀⢀⡤⠔⠒⢶⡞⢛⣒⣲⡦⢤⣀
⠀⠀⠀⣠⣾⣿⡇⠨⠥⠈⡇⢠⣽⡁⠶⠶⣿⣷⣄⡀
⠀⢀⣾⣿⣿⣿⣿⣷⣸⣉⣹⣹⣻⣉⣿⣿⣿⣿⠋
⠀⣾⣿⣿⣿⣿⣿⣿⣿⣿⣿⡏⠉⠁⣽⣿⣿⣿
⠀⣿⣿⣿⣿⣿⣿⣿⣿⣿⣿⣇⣀⣀⣽⣿⣿⣿⣀⣀⣀⡀
⠀⢿⣿⣿⣿⣿⣿⣿⣿⣿⣿⡿⠿⠿⣿⣿⣿⣿⠿⠿⠿
⠀⠈⢿⣿⣿⣿⣿⣿⣿⣿⣿⡇⠀⠀⣾⣿⣿⣿
⠀⠀⠀⠙⢿⣿⣿⣿⣿⣿⣿⡇⠀⠀⣿⣿⣿⡿
⠀⠀⠀⠀⠀⠈⠙⠛⠿⠿⠿⠇⠀⠀⠛⠋⠁
⠀⠀⠀⠀⠀⠀⠀⢀⣠⡤⠴⠶⣶⡖⠒⣒⠲⣦⣤⣄⡀
⠀⠀⠀⠀⢀⣤⣾⣿⠀⠒⣋⡀⠺⡇⠀⣋⡿⠉⣤⣤⣿⣷⣦⡀
⠀⠀⢀⣴⣿⣿⣿⣿⣤⣬⢭⡥⡴⣧⠤⢿⡿⡦⣬⣭⣿⣿⣿⡿⠂
⠀⢀⣾⣿⣿⣿⣿⣿⣿⣿⣶⣧⣥⣷⣬⣴⠷⠴⣿⣿⣿⣿⣿
⠀⣼⣿⣿⣿⣿⣿⣿⣿⣿⣿⣿⣿⣿⡇⠀⠀⠀⣿⣿⣿⣿⣿
⠀⣿⣿⣿⣿⣿⣿⣿⣿⣿⣿⣿⣿⣿⣇⣀⣀⣀⣿⣿⣿⣿⣿⣀⣀⣀⣀
⠀⢻⣿⣿⣿⣿⣿⣿⣿⣿⣿⣿⣿⣿⣿⣿⣿⣿⣿⣿⣿⣿⣿⣿⣿⣿⡟
⠀⠈⢿⣿⣿⣿⣿⣿⣿⣿⣿⣿⣿⣿⡇⠀⠀⠀⣿⣿⣿⣿⣿
⠀⠀⠀⠻⣿⣿⣿⣿⣿⣿⣿⣿⣿⣿⡇⠀⠀⠀⣿⣿⣿⣿⣿
⠀⠀⠀⠀⠈⠛⢿⣿⣿⣿⣿⣿⣿⣿⡇⠀⠀⠀⣿⣿⣿⡿⠛
⠀⠀⠀⠀⠀⠀⠀⠈⠉⠛⠛⠿⠿⠿⠇⠀⠀⠀⠛⠉⠁
⣴⣶⡺⠿⠽⠽⠯⠿⠿⠽⢿⣿⣶⣦
⢿⣇⠀⠐⠶⠆⢸⡇⠐⢶⠆⠀⣼⡿
⠈⠻⣦⡉⢭⡍⢹⡏⠩⡭⢉⣴⠟⠁
⠀⠀⠀⠉⠒⠤⣜⣣⠴⠞⠋
⢠⣤⣴⠶⡖⡶⠛⡿⢻⠻⡟⣿⡟⣿⠛⢿⢳⡶⡶⣶⣤⡄
⣿⣿⡿⠾⠛⠓⠛⠚⠚⠛⣉⣛⠛⠛⠛⠚⠚⠓⠷⢿⣿⣿
⢿⣿⡇⠀⠀⠚⣭⣷⡶⠀⣿⣿⠀⢻⣽⣷⠆⠀⠀⣸⣿⡿
⠈⢿⣿⡄⠶⠶⠶⠤⠤⠤⣿⣿⠤⠤⠦⠴⠶⠶⢠⣿⡿⠃
⠀⠈⠻⣿⣆⠀⢺⣯⣦⠀⢿⡇⠀⢺⣿⡦⢀⣴⣿⠟⠁
⠀⠀⠀⠈⠙⠿⣦⣀⠀⠀⢸⡇⠀⠀⣈⣴⠿⠛⠁
⠀⠀⠀⠀⠀⠀⠀⠉⠛⠶⢬⣥⠶⠛⠋⠁
⢀⣠⣤⣤⣴⠶⢶⡶⠾⣿⠟⣛⢻⠟⣿⣿⢻⣿⠿⣿⡷⣶⢶⣶⣤⣤⣤⡀
⣼⣿⣿⣿⣐⣛⣞⣥⡧⠽⠬⠥⠼⠦⠿⠿⠼⠧⠾⣬⣧⣽⣔⣇⣻⣿⣿⣧
⣿⣿⣿⡏⠁⠀⢀⣠⡤⠤⠄⠀⠀⣷⣶⠀⢀⣠⡤⠤⠄⠀⠀⠈⢹⣿⣿⣿
⢹⣿⣿⡇⠀⠀⠈⠱⠿⣿⡿⠇⠀⣿⣿⠀⠈⠲⢿⣿⠿⠃⠀⠀⢸⣿⣿⡟
⠀⢻⣿⣷⡀⠶⠶⠶⠶⠶⠶⠶⢶⣿⣿⠶⠶⠶⠶⠶⠶⠶⠶⢀⣿⣿⡿⠁
⠀⠀⠹⣿⣷⣄⠀⠠⣖⣒⣢⡀⠀⣿⣿⠀⠠⣶⣒⣢⡀⠀⣠⣿⣿⠟
⠀⠀⠀⠈⠛⢿⣷⣄⠉⠛⠋⠁⠀⣿⣿⠀⠀⠙⠛⠋⣡⣾⡿⠟⠁
⠀⠀⠀⠀⠀⠀⠉⠻⢿⣦⣄⡀⠀⢿⡟⠀⢀⣠⣴⡿⠟⠉
⠀⠀⠀⠀⠀⠀⠀⠀⠀⠈⠙⠛⠷⢦⣴⠾⠛⠋⠁
⠀⢰⠒⠒⠒⢛⠛⣛⠓⠒⠒⠒⡆
⣶⣿⢰⢒⢰⣒⣆⣦⣴⢰⣒⡆⣷⣶
⠉⠹⣄⣉⣤⣭⣦⣤⣄⣀⣉⡠⠋⠉
⠀⠀⠀⠙⠒⣭⣐⣢⡥⠒⠋
⠀⠀⣤⠤⠤⠤⠶⠶⠾⠿⠿⠿⠿⠷⠶⠶⠤⠤⢤⡄
⣀⣀⣿⠀⣀⣀⡀⢃⣈⣙⢀⣛⠃⣀⡋⢀⣀⣀⢸⣇⣀⣀
⣿⣿⣿⠀⣿⢀⡁⢸⡀⣿⢸⡿⣦⢿⡇⣿⠀⣿⢸⣿⣿⣿
⠉⠉⢹⡄⠉⠉⠁⠬⠭⠥⠬⣥⣉⣈⡁⠈⠉⠁⣸⠏⠉⠉
⠀⠀⠀⠙⠲⣟⣛⣛⣛⣛⣛⣒⠒⠒⠒⢒⣺⠟⠉
⠀⠀⠀⠀⠀⠀⠉⠑⢶⣤⣤⣭⣴⡖⠋⠁
⠀⠀⠀⣤⠤⠤⠤⠤⠤⠤⠼⠿⠿⠿⠿⠿⠿⠦⠤⠤⠤⠤⠤⠤⣤
⠀⠀⠀⣿⠀⠀⠀⠀⠀⠆⠀⠒⠆⠀⠆⠖⠀⠠⠂⠀⠀⠀⠀⠀⣿
⣿⣿⣿⣿⠀⣾⠋⠛⠂⢸⡏⢹⡇⢸⣿⡆⣰⣿⡇⢸⡏⢹⣷⠀⣿⣿⣿⣿
⠿⠿⠿⣿⠀⠻⠦⠶⠂⠸⠧⠼⠇⠸⠇⠹⠏⠸⠇⠸⠧⠼⠟⠀⣿⠿⠿⠿
⠀⠀⠀⠹⣦⡀⣀⣀⣐⣒⣙⣛⣓⣒⣒⡒⠒⠒⠒⠀⢀⣀⣀⡼⠋
⠀⠀⠀⠀⠈⠙⠻⢭⣤⠬⠭⠭⣭⣍⣉⣉⡉⠉⢉⣉⡭⠟⠋
⠀⠀⠀⠀⠀⠀⠀⠀⠈⠉⢳⣶⣦⣤⣤⣴⣶⡋⠉
⠀⠀⠀⠀⠀⠀⣀⣀
⠀⠀⠀⣀⣀⣀⣿⣿⣀⣀⣀
⠀⠙⢶⣬⣉⠀⢹⡏⠀⣉⣥⡶⠋
⠀⠀⠀⠈⠻⣿⣒⣖⣿⠟⠁
⠀⠀⠀⠀⠀⠈⠻⠟⠁
⠀⠀⠀⠀⠀⠀⠀⠀⠀⢠⣾⣷⡄
⠀⠀⠀⠀⠀⣀⣀⣀⣂⢸⣿⣿⡇⣐⣀⣀⣀
⠀⠐⠦⣄⡀⠛⠛⠛⠉⠛⣿⣿⠛⠉⠛⠛⠛⢀⣠⠴⠂
⠀⠀⠀⠈⠻⣷⣦⣄⡀⠀⠻⠟⠀⢀⣠⣴⣾⠟⠁
⠀⠀⠀⠀⠀⠈⠻⣿⣿⠗⠢⡴⣚⣻⣿⠟⠁
⠀⠀⠀⠀⠀⠀⠀⠈⠻⣶⣶⣶⣶⠞⠁
⠀⠀⠀⠀⠀⠀⠀⠀⠀⠈⠻⠟⠁
⠀⠀⠀⠀⠀⠀⠀⠀⠀⠀⠀⠀⢠⣴⣦⣄
⠀⠀⠀⠀⠀⠀⠀⠀⠀⠀⡀⠀⣿⣿⣿⣿⠀⢀
⠀⠀⠀⠀⠀⠀⣠⣤⣶⣦⣬⣄⣻⣿⣿⣟⣠⣥⣴⣶⣤⣄
⠀⠀⠙⢶⣤⣀⠈⠙⠛⠛⠂⠈⢻⣿⣿⡟⠉⠐⠛⠛⠋⠁⣀⣤⡶⠋
⠀⠀⠀⠀⠙⠿⣿⣶⣤⣀⠀⠀⠈⠿⠿⠁⠀⠀⣀⣤⣶⣿⠿⠋
⠀⠀⠀⠀⠀⠀⠈⠻⣿⣿⣿⣶⣤⣀⣀⣤⣶⣿⣿⣿⠟⠁
⠀⠀⠀⠀⠀⠀⠀⠀⠈⠻⣿⣏⣐⣈⣃⣐⣒⣿⠟⠁
⠀⠀⠀⠀⠀⠀⠀⠀⠀⠀⠈⠻⣿⣿⣿⣿⠟⠁
⠀⠀⠀⠀⠀⠀⠀⠀⠀⠀⠀⠀⠈⠛⠛⠁
⢠⣼⣦⣶⣦⡶⡶⠾⢤⣴⣶⣤⣴⡆
⠘⣿⣿⣶⣿⣛⣥⠤⢾⣛⣛⣯⣭⠁
⠀⠘⢛⣋⣹⣄⣤⡀⢠⣿⣿⡿⠃
⠀⠀⠀⠈⠛⠻⢶⡶⠟⠛⠁
⠰⣒⣒⣂⣒⣂⣒⣒⣒⣐⣒⣖⣆⣐⣀⣒⣰⣐⣆⣒⣂⠂
⢸⣿⣿⣿⠿⣿⣿⣿⣯⣭⡋⠉⠉⢻⣿⣿⢟⣛⣻⣿⣿⡇
⠀⣿⣿⣿⣷⢶⣬⡭⠝⠃⣀⣄⣤⡤⠿⠿⠛⣛⣋⣉⣍
⠀⠘⣿⣿⣷⣶⣶⠶⠞⠛⠉⠁⠀⠐⢾⠿⣸⣿⣿⡿⠃
⠀⠀⠈⠛⣋⣅⣐⠶⠆⢠⣦⣀⠀⠠⣾⣿⣿⣿⠟⠁
⠀⠀⠀⠀⠈⠻⢿⣿⣿⣏⣉⣉⣠⣶⣿⡿⠛⠁
⠀⠀⠀⠀⠀⠀⠀⠈⠙⠛⠿⠿⠛⠋⠁
⠰⠆⠰⠶⠆⠶⠲⠄⠆⠆⠶⠆⠶⠆⠆⠶⠀⠰⠀⠴⠆⠦⠰⠆⠰⠰⠰
⠐⣿⣿⣿⣿⣿⣿⣿⣿⣿⣿⣛⣻⠟⠋⠉⠛⢿⣿⣿⣿⠿⠿⢿⣿⣿⣿
⠀⢿⣿⣿⣿⣧⣨⣉⣛⠚⠻⠿⠋⡁⡀⠀⣀⣘⣿⣿⣵⡿⠿⠿⠿⠟⠛
⠀⠘⣿⣿⣿⣯⣉⣉⣉⣭⣥⣤⡴⠶⠟⠛⠋⣉⣭⣤⡄⣶⣶⣾⣿⣿⠃
⠀⠀⠈⢿⣿⣿⡿⠟⢛⣉⠁⠀⠀⠠⠀⠀⠀⠈⣻⣭⣴⣿⣿⣿⡿⠁
⠀⠀⠀⠀⠉⢤⣶⣤⣬⣭⣃⣤⣼⣷⣦⠄⠀⠘⣿⣿⣿⣿⡿⠋
⠀⠀⠀⠀⠀⠀⠈⠛⠿⣿⣿⣿⣤⣬⣤⣤⣾⣿⣿⠿⠛⠁
⠀⠀⠀⠀⠀⠀⠀⠀⠀⠀⠉⠙⠛⠿⠿⠛⠋⠉
⠀⠀⠀⠀⠀⠀⠠⠆
⢰⣶⣶⣶⣶⣖⠚⠳⠶⠶⣶⣶⣶⡆
⢸⣿⣿⣿⠾⣇⡀⠢⣤⣾⣿⣿⣿⡇
⢸⣿⣿⣿⣿⣿⣡⣀⡬⣿⣿⣿⣿⡇
⠈⠙⠛⠛⠛⠛⠻⠿⠛⠛⠛⠛⠋⠁
⢀⠀⠀⠀⠀⠀⠀⠀⠀⠀⢰⡆⠀⠀⠀⠀⠀⠀⠀⠀⠀⡀
⢈⠀⠀⠀⠀⠀⠀⠀⠀⠀⢸⣇⣀⣀⣀⣀⣀⣀⣀⣀⣀⡁
⢸⣿⣿⣿⣿⣿⣿⣿⣭⡙⠛⠩⡿⠿⠿⠿⣿⣿⣿⣿⣿⡇
⢸⣿⣿⣿⣿⣿⣦⣿⡏⠁⢠⣤⡄⢀⣀⣶⣿⣿⣿⣿⣿⡇
⢸⣿⣿⣿⣿⣿⣍⣙⣭⣥⡄⠀⠻⣿⣿⣿⣯⣿⣿⣿⣿⡇
⢸⣿⣿⣿⣿⣿⣿⣿⡿⠅⣄⡀⠀⡤⢿⣿⣿⣿⣿⣿⣿⡇
⠘⠿⣿⣿⣿⣿⣿⣿⣷⣿⣿⣿⣭⣵⣿⣿⣿⣿⣿⣿⡿⠃
⠀⠀⠀⠈⠉⠉⠉⠉⠉⠛⠻⠟⠛⠋⠉⠉⠉⠉⠉
⠀⠀⠀⠀⠀⠀⠀⠀⠀⠀⠀⠀⠀⢰⡆⠀⠀⠀⠀⠀⠀⠀⠀⠀⠀⠀⠀⡆
⠀⠓⠛⠛⠛⠛⠛⠛⠛⠛⠛⠛⠛⢻⡟⠛⠛⠛⠛⠛⠛⠛⠛⠛⠛⠛⠚⡇
⠀⣶⣶⣶⣶⣶⣶⣶⣶⣶⣶⣶⣶⣾⡷⣶⣶⣶⣶⣶⣶⣶⣶⣶⣶⣶⣶⡇
⠀⣿⣿⣿⣿⣿⣿⣿⢿⣿⣿⣦⠁⠀⠀⠿⠛⠝⣛⠽⣻⣿⣿⣿⣿⣿⣿⡇
⠀⣿⣿⣿⣿⣿⣿⣿⣶⣽⣏⢀⠀⢠⣶⣦⠀⣀⣒⣿⣿⣿⣿⣿⣿⣿⣿⡇
⠀⣿⣿⣿⣿⣿⣿⣿⡙⡛⣟⣉⣤⡀⠁⠳⣿⣿⣿⣿⣿⣙⣿⣿⣿⣿⣿⡇
⠀⣿⣿⣿⣿⣿⣿⣿⣿⣿⣿⡟⠉⡭⠀⠀⠀⣙⣿⣿⣻⣿⣿⣿⣿⣿⣿⡇
⠀⣿⣿⣿⣿⣿⣿⣿⣿⣿⣿⣩⣴⣷⣶⣤⡽⢋⣽⣿⣿⣿⣿⣿⣿⣿⣿⡇
⠀⠙⠻⠿⣿⣿⣿⣿⣿⣿⣿⣿⣿⣿⣿⣿⣾⣿⣿⣿⣿⣿⣿⣿⡿⠿⠋
⠀⠀⠀⠀⠀⠀⠀⠉⠉⠉⠉⠉⠙⠻⠟⠋⠉⠉⠉⠉⠉⠁
⣿⠿⠛⠉⡁⣠⣤⣤⣄⢈⠉⠛⠿⣿
⠃⠀⣴⠇⣹⣦⢸⡇⣴⣏⠸⣦⠀⠘
⡄⠀⠻⡄⣿⠈⢸⡇⠁⣿⢠⠟⠀⢠
⣿⣶⣤⣀⡉⠘⠛⠛⠃⢉⣀⣤⣶⣿
⣿⣿⣿⠿⠟⠋⠉⠁⠀⠀⣀⣀⠀⠀⠈⠉⠙⠻⠿⣿⣿⣿
⣿⠛⠁⠀⢀⡀⢶⣦⠛⠉⣿⣿⠉⢛⣴⡶⢀⡀⠀⠈⠛⣿
⠁⠀⠀⣴⣿⠁⢠⣿⣷⡄⣿⣿⢠⣾⣿⡄⠈⣿⣆⠀⠀⠈
⡀⠀⠀⠹⣿⡀⢸⣿⠈⠃⣿⣿⠘⠁⣿⡇⢀⣿⠟⠀⠀⢀
⣿⣤⡀⠀⠈⠃⠿⡟⢠⣀⣿⣿⣀⡄⢻⠿⠘⠁⠀⢀⣤⣿
⣿⣿⣿⣶⣦⣄⣀⡀⠀⠀⠉⠉⠀⠀⢀⣀⣠⣴⣶⣿⣿⣿
⣿⣿⣿⣿⡿⠿⠛⠋⠉⠉⠀⠀⠀⠀⠀⠀⠀⠀⠉⠉⠙⠛⠿⢿⣿⣿⣿⣿
⣿⡿⠛⠁⠀⠀⠀⢠⣤⣄⠲⠟⠛⣿⣿⠛⠻⠖⣠⣤⡄⠀⠀⠀⠈⠛⢿⣿
⠏⠀⠀⠀⢠⣾⡿⠂⢹⣿⣷⣄⠀⣿⣿⠀⣠⣾⣿⡏⠐⢿⣷⡄⠀⠀⠀⠹
⠀⠀⠀⠀⣿⣿⠀⠀⣸⣿⡟⢿⠀⣿⣿⠀⡿⢻⣿⣇⠀⠀⣿⣿
⣆⠀⠀⠀⠘⢿⣷⠀⣿⣿⠀⠀⠀⣿⣿⠀⠀⠀⣿⣿⠀⣾⡿⠃⠀⠀⠀⣰
⣿⣷⣤⡀⠀⠀⠈⠀⠻⠟⠠⣦⣤⣿⣿⣤⣴⠄⠻⠟⠀⠁⠀⠀⢀⣤⣾⣿
⣿⣿⣿⣿⣷⣶⣤⣄⣀⣀⠀⠀⠀⠀⠀⠀⠀⠀⣀⣀⣠⣤⣶⣾⣿⣿⣿⣿
⠿⠿⠿⠿⠿⢿⣿⣿⡇⠀⠀⣿⣿⣿
⠀⠀⠀⠀⠀⢸⣿⣿⡇⠀⠀⣿⣿⣿
⠀⠀⠀⠀⠀⢸⣿⣿⡇⠀⠀⣿⣿⣿
⠀⠀⠀⠀⢀⣼⣿⣿⠇⠀⠀⣿⣿⣿
⠀⢶⣶⡿⠿⠟⠋⠁⢀⣠⣾⣿⡿⠃
⠀⠀⠀⠀⠠⠴⣶⣾⠿⠟⠛⠉
⣿⣿⣿⣿⣿⣿⣿⣿⣿⣿⣿⣿⣿⡇⠀⠀⠀⢸⣿⣿⣿⣿
⠀⠀⠀⠀⠀⠀⠀⠀⠀⣿⣿⣿⣿⡇⠀⠀⠀⢸⣿⣿⣿⣿
⠀⠀⠀⠀⠀⠀⠀⠀⠀⣿⣿⣿⣿⡇⠀⠀⠀⢸⣿⣿⣿⣿
⠀⠀⠀⠀⠀⠀⠀⠀⠀⣿⣿⣿⣿⡇⠀⠀⠀⢸⣿⣿⣿⣿
⠀⠀⠀⠀⠀⠀⠀⠀⢀⣿⣿⣿⣿⠇⠀⠀⠀⢸⣿⣿⣿⣿
⠀⠀⠀⠀⠀⠀⠀⣀⣼⣿⣿⣿⡿⠀⠀⠀⠀⣼⣿⣿⣿⡿
⠀⢠⣤⣴⣶⣾⣿⣿⣿⠿⠛⠉⠀⠀⠀⢀⣴⣿⣿⣿⡿⠃
⠀⠀⠙⠛⠛⠋⠉⠀⠀⠀⢀⣀⣤⣴⣾⣿⣿⣿⠟⠋
⠀⠀⠀⠀⠀⠀⠀⠒⠺⠿⣿⣿⠿⠟⠛⠋⠁
⣿⣿⣿⣿⣿⣿⣿⣿⣿⣿⣿⣿⣿⣿⣿⣿⣿⠀⠀⠀⠀⠀⢸⣿⣿⣿⣿⣿
⠉⠉⠉⠉⠉⠉⠉⠉⠉⠉⠉⣿⣿⣿⣿⣿⣿⠀⠀⠀⠀⠀⢸⣿⣿⣿⣿⣿
⠀⠀⠀⠀⠀⠀⠀⠀⠀⠀⠀⣿⣿⣿⣿⣿⣿⠀⠀⠀⠀⠀⢸⣿⣿⣿⣿⣿
⠀⠀⠀⠀⠀⠀⠀⠀⠀⠀⠀⣿⣿⣿⣿⣿⣿⠀⠀⠀⠀⠀⢸⣿⣿⣿⣿⣿
⠀⠀⠀⠀⠀⠀⠀⠀⠀⠀⠀⣿⣿⣿⣿⣿⣿⠀⠀⠀⠀⠀⢸⣿⣿⣿⣿⣿
⠀⠀⠀⠀⠀⠀⠀⠀⠀⠀⠀⣿⣿⣿⣿⣿⣿⠀⠀⠀⠀⠀⢸⣿⣿⣿⣿⣿
⠀⠀⠀⠀⠀⠀⠀⠀⠀⠀⣠⣿⣿⣿⣿⣿⡏⠀⠀⠀⠀⠀⣿⣿⣿⣿⣿⣿
⠀⠀⠀⢀⣀⣠⣤⣴⣶⣿⣿⣿⣿⣿⠿⠋⠀⠀⠀⠀⢀⣼⣿⣿⣿⣿⣿⠇
⠀⠈⠻⣿⣿⣿⣿⣿⠿⠿⠛⠋⠉⠀⠀⠀⠀⢀⣠⣴⣿⣿⣿⣿⣿⠟⠁
⠀⠀⠀⠈⠉⠉⠀⠀⠀⠀⠀⢀⣀⣤⣤⣶⣾⣿⣿⣿⣿⡿⠟⠋⠁
⠀⠀⠀⠀⠀⠀⠀⠀⠀⠛⠛⠿⠿⣿⣿⠿⠿⠛⠋⠉
⠉⠛⠛⠿⢿⣿⣷⣞⣙⡿⠿⠛⠛⠉
⠀⠀⠀⠀⣾⣿⠯⢿⣿⡏
⠀⠀⠀⠀⠙⢿⣄⣸⠿⠃
⠉⠛⠛⠿⠭⣽⣿⣿⣿⣷⡶⢶⡚⠛⣻⣻⣯⠽⠿⠛⠛⠉
⠀⠀⠀⠀⠀⠀⢠⡟⣻⣷⡾⣿⣟⣛⣯⠤
⠀⠀⠀⠀⠀⠀⢸⣿⣿⣿⠉⠉⣿⡷⡿
⠀⠀⠀⠀⠀⠀⠀⠑⠿⣷⣀⣠⡿⠗⠁
⠉⠛⠻⠿⢭⣽⣛⣻⠿⢿⣿⣿⣲⡤⠤⠖⠻⠿⠿⠿⣟⣛⣯⠭⠿⠛⠛⠉
⠀⠀⠀⠀⠀⠀⠀⠉⢙⣛⣶⣿⣫⣵⣞⣷⣶⣖⣛⣉⠉⠁
⠀⠀⠀⠀⠀⠀⠀⠀⢸⣇⣶⣿⡽⠤⠿⣷⣶⡆⡏⠉
⠀⠀⠀⠀⠀⠀⠀⠀⠸⡗⣿⣿⡇⠀⠀⣿⣿⢇⡇
⠀⠀⠀⠀⠀⠀⠀⠀⠀⠉⠺⢽⣇⣀⣠⡿⠵⠋
⢾⣶⣶⣶⣶⣿⣿⣿⣿⣷⣶⣶⣶⡷
⠈⢿⣿⣿⡿⣿⣿⣟⣿⠿⣿⣿⡿⠁
⠀⠈⠻⣿⣿⣷⠿⠿⢾⣿⣿⠟⠁
⠀⠀⠀⠀⠙⠻⢷⡿⠟⠋
⢰⣶⣶⣶⣶⣶⣶⣶⣶⣶⣻⣿⣶⣶⣶⣶⣶⣶⣶⣶⣶⡆
⠸⣿⣿⣿⣿⣿⣿⣸⣿⣯⣿⣿⣿⣹⣿⣿⣇⣿⣿⣿⣿⠇
⠀⢻⣶⣶⣶⣶⣶⣶⠾⢿⡿⣿⠿⢷⣶⣶⣶⣶⣶⣶⡟
⠀⠀⠹⣿⣿⣿⣿⣾⡭⢷⣾⡯⠶⢉⣀⣼⣽⣿⣿⠏
⠀⠀⠀⠈⢿⣿⣿⣿⣟⠿⠷⠽⠿⣿⣿⣿⣿⡿⠁
⠀⠀⠀⠀⠀⠈⠻⣿⣿⣷⣆⣺⣶⣾⣿⠟⠁
⠀⠀⠀⠀⠀⠀⠀⠀⠉⠻⠿⠿⠟⠉
⢰⣶⣶⣶⣦⣤⣤⣶⣶⣶⣶⡶⣶⢾⣷⣲⣶⣶⣶⣶⣶⣤⣤⣴⣶⣶⣶⡆
⠸⣿⣿⣿⣿⡏⣿⣿⣿⢹⣿⣿⠟⣿⣿⣿⡟⣿⣿⣿⣿⢹⣿⣿⣿⣿⣿⠇
⠀⢿⣛⣛⣛⣓⣛⣛⣛⣚⣛⣿⣷⣿⣿⣿⣷⣚⣛⣛⣛⣚⣛⣛⣛⣻⡿
⠀⠈⢿⣿⣿⣿⣿⣿⣿⣿⠟⢛⣻⠏⣿⠛⢛⣻⢿⠿⣿⣿⣿⣿⣿⡿⠁
⠀⠀⠈⢻⣿⣿⣿⣿⡯⣶⡭⠭⡲⢼⢯⠵⠦⣉⣀⣼⣭⣿⣿⣿⡟⠁
⠀⠀⠀⠀⠙⢿⣿⣿⣿⣿⣿⣿⣿⣯⢱⣶⣾⣿⣿⣿⣿⣿⡿⠋
⠀⠀⠀⠀⠀⠈⠛⢿⣿⣿⣷⢶⣌⡅⢨⣉⣉⣿⣿⣿⡿⠛⠁
⠀⠀⠀⠀⠀⠀⠀⠀⠙⠻⣿⣿⣿⣷⣾⣿⣿⣿⠟⠋
⠀⠀⠀⠀⠀⠀⠀⠀⠀⠀⠀⠉⠛⠿⠿⠛⠉
⢀⣀⡀⠐⠒⠿⡟⢻⠿⠓⠆⢀⣀⡀
⠈⣿⡿⡿⢿⠿⡿⠿⢿⢿⡿⢿⣿
⠀⠹⣷⣶⣶⣶⣗⢳⣶⣾⣶⣾⠏
⠀⠀⠙⢿⣿⣧⣿⢻⣼⣿⡿⠋
⠀⠀⠀⠀⠙⠻⢿⡸⠟⠋
⠀⠀⠀⠀⠀⠀⡶⢲⠖⣶⡶⢶⣶⢲⡖⢶
⠀⣿⣶⣶⣤⣤⣥⣘⣉⣛⣃⣘⣛⣈⣃⣬⣤⣤⣶⣶⣿
⠀⢹⣿⣿⢿⣿⢿⣿⠿⣿⡿⣿⡿⡿⠿⢿⣿⢿⣿⣿⡇
⠀⠈⣿⣧⣤⣵⣤⣧⣽⣤⣇⣦⣤⣯⣤⣿⣥⣤⣽⣿⠁
⠀⠀⠘⢿⣿⣿⣿⣿⣿⣿⣯⣈⣿⣿⣿⣿⣿⣿⡿⠃
⠀⠀⠀⠈⢻⣿⣿⣷⣷⣼⣷⠚⣧⣾⣷⣿⣿⡟⠁
⠀⠀⠀⠀⠀⠙⠻⣿⣿⣿⣿⢰⣿⣿⣿⠿⠋
⠀⠀⠀⠀⠀⠀⠀⠈⠙⠻⣿⡼⠟⠋⠁
⠀⠀⠀⠀⠀⠀⠀⢠⡶⢶⡶⢶⣶⡶⢶⣶⡶⢶⡶⢶⡄
⠀⢰⣦⣤⣀⣀⡀⠐⠆⠰⠇⠿⠯⠅⠨⠽⠇⠸⠆⠰⠃⢀⣀⣠⣤⣴⡆
⠀⢸⣿⣿⣿⣿⣿⣿⣿⣿⣿⣶⣶⣶⢶⣶⣶⣿⣿⣿⣿⣿⣿⣿⣿⣿⡇
⠀⠀⣿⣿⡟⠛⢿⠛⠻⡿⢛⡓⢿⠞⠻⡟⢻⣛⠛⢛⣿⠛⠻⣿⣿⣿
⠀⠀⠸⣿⣧⣼⣤⣶⣼⣷⣬⣥⣾⣦⣳⣦⣼⣥⣤⣭⣧⣴⣦⣽⣿⠇
⠀⠀⠀⠹⣿⣿⣿⣿⣿⣿⣿⣿⣿⣏⠉⣿⣿⣿⣿⣿⣿⣿⣿⣿⠏
⠀⠀⠀⠀⠙⢿⣿⣿⣿⣯⣻⣉⣿⣸⣵⣿⣈⣿⣯⣿⣿⣿⣿⠋
⠀⠀⠀⠀⠀⠈⠻⣿⣿⣿⣿⣿⣿⣿⠀⣿⣿⣿⣿⣿⣿⠟⠁
⠀⠀⠀⠀⠀⠀⠀⠈⠛⢿⣿⣿⣿⣿⠀⣿⣿⣿⡿⠛⠁
⠀⠀⠀⠀⠀⠀⠀⠀⠀⠀⠈⠛⠿⣿⡴⠟⠋⠁
⠀⢀⣤⣶⠾⣟⣛⣛⣻⠷⣶⣤⡀
⣴⣿⢋⣴⡦⢀⠙⠻⡇⢸⣦⡙⣿⣦
⢻⣿⣌⠻⣇⣸⣿⣦⣄⣸⠟⣡⣿⡟
⠀⠉⠛⠿⢶⣮⣭⣭⣵⡶⠿⠛⠉
⠀⠀⠀⢀⣠⣴⣶⣶⣿⣿⠿⠿⣿⣿⣶⣶⣤⣄⡀
⠀⣠⣾⣿⡿⢛⣩⠴⠶⠶⣶⣶⣶⠶⠦⣍⡛⢿⣿⣷⣄
⣼⣿⣿⠏⣴⣿⣿⡇⢠⣀⠈⠙⠿⣿⢸⣿⣿⣦⠹⣿⣿⣧
⢿⣿⣿⣆⠻⣿⣿⡇⢸⣿⣷⣦⣀⠀⢸⣿⣿⠟⣰⣿⣿⡟
⠀⠻⢿⣿⣷⣬⣑⠲⠶⠾⠿⠿⠿⠷⠞⣋⣥⣾⣿⡿⠟
⠀⠀⠀⠉⠛⠻⠿⢿⣿⣿⣶⣶⣿⣿⠿⠿⠟⠛⠉
⠀⠀⠀⠀⠀⣀⣤⣴⣶⣶⣿⣿⣿⣿⣿⣿⣿⣿⣶⣶⣦⣤⣀
⠀⢀⣠⣶⣿⣿⡿⠟⣛⣩⣭⣤⣶⣶⣶⣶⣤⣭⣍⣛⠻⢿⣿⣿⣶⣄⡀
⢠⣿⣿⣿⡿⢉⣴⣿⣷⡆⢀⠀⠈⠛⠿⣿⣷⡆⢰⣾⣿⣦⡉⢿⣿⣿⣿⡄
⣿⣿⣿⣿⠀⣿⣿⣿⣿⡇⢸⣿⣦⣄⡀⠈⠙⠃⢸⣿⣿⣿⣿⠀⣿⣿⣿⣿
⠹⣿⣿⣿⣷⣈⠻⣿⡿⠃⡘⢿⣿⣿⣿⣶⣤⡀⢸⣿⣿⠟⣁⣾⣿⣿⣿⠏
⠀⠈⠛⢿⣿⣿⣷⣦⣭⣙⣛⠛⠿⠿⠿⠿⠛⣛⣋⣭⣴⣾⣿⣿⡿⠛⠁
⠀⠀⠀⠀⠈⠉⠛⠻⠿⠿⣿⣿⣿⣿⣿⣿⣿⣿⠿⠿⠟⠛⠉⠁
⣏⣟⣿⣿⣻⣿⣿⣽⣏⣹⣋⣯⣍⣹
⡇⠀⠀⣿⡇⠀⠀⣿⠀⣿⢸⣿⢸⣿
⡟⠛⠛⣿⡟⠛⠛⣿⠀⣿⢸⣿⢸⣿
⠘⢄⡀⣿⡇⠀⠀⣿⠀⣿⢸⣟⡼⠃
⠀⠀⠈⠙⠣⠄⣀⣿⠤⠟⠊⠁
⣿⢹⠿⢯⠽⡍⡿⢿⢹⢯⢿⢩⠿⡍⠩⡿⠏⢽⣛⠍⠉⣿
⡟⠉⠉⠉⠉⣿⣿⡏⠉⠉⠉⣿⡟⠛⣿⡟⠛⣿⡟⠛⣿⣿
⣇⠀⠀⠀⠀⣿⣿⡇⠀⠀⠀⣿⡇⠀⣿⡇⠀⣿⡇⠀⣿⣿
⣿⠛⠛⠛⠛⣿⣿⡟⠛⠛⠛⣿⡇⠀⣿⡇⠀⣿⡇⠀⣿⣿
⠙⢄⠀⠀⠀⣿⣿⡇⠀⠀⠀⣿⡇⠀⣿⡇⠀⣿⡇⢀⡿⠋
⠀⠀⠙⠢⢄⣿⣿⡇⠀⠀⠀⣿⡇⠀⣿⡇⢀⡿⠗⠋
⠀⠀⠀⠀⠀⠈⠉⠓⠤⠄⣀⣿⠧⠔⠛⠉⠁
⣿⠉⣽⣫⡍⣽⣍⢩⡟⣯⢩⣯⣉⣭⢉⣽⣍⠉⠉⣭⡯⠉⡭⠻⡍⠉⠉⣿
⣿⠶⠿⠶⠾⠥⢬⣬⣥⡼⠶⠷⠭⠾⣬⣤⠬⢦⣤⡵⠶⢧⣭⡿⠥⢿⣤⣿
⣿⠀⠀⠀⠀⠀⢸⣿⣿⡇⠀⠀⠀⠀⣿⣿⠀⢸⣿⡇⠀⢸⣿⡇⠀⢸⣿⣿
⣿⣀⣀⣀⣀⣀⣸⣿⣿⣇⣀⣀⣀⣀⣿⣿⠀⢸⣿⡇⠀⢸⣿⡇⠀⢸⣿⣿
⣿⠛⠛⠛⠛⠛⢻⣿⣿⡟⠛⠛⠛⠛⣿⣿⠀⢸⣿⡇⠀⢸⣿⡇⠀⢸⣿⣿
⠹⣆⠀⠀⠀⠀⢸⣿⣿⡇⠀⠀⠀⠀⣿⣿⠀⢸⣿⡇⠀⢸⣿⡇⠀⢸⣿⠏
⠀⠈⠳⣄⡀⠀⢸⣿⣿⡇⠀⠀⠀⠀⣿⣿⠀⢸⣿⡇⠀⢸⣿⣇⣠⠞⠁
⠀⠀⠀⠀⠉⠒⠾⣿⣿⡇⠀⠀⠀⠀⣿⣿⠀⠸⣿⣇⣠⠼⠛⠉
⠀⠀⠀⠀⠀⠀⠀⠀⠈⠙⠒⠦⠤⣀⣿⠿⠴⠚⠋⠁
⠀⢤⡴⣖⠒⢲⢤⣤⣶⣶⣶⣤⡤
⠀⣨⣧⢬⢥⡭⠼⠿⠿⠿⠿⣿⣅
⢸⣿⣿⣿⣿⢻⡛⠭⡟⣿⣿⣿⣿⡇
⠀⠉⠛⠛⠛⠺⠷⠾⠗⠛⠛⠛⠉
⠀⠀⣠⣤⣤⡤⠴⠶⢤⣤⣀⣀⣤⣤⣶⣦⣤⣤⣤⣄
⠀⠀⠹⣷⠐⠲⡦⠠⡶⠒⢸⣿⣿⣿⣿⣿⣿⣿⣿⠏
⠀⣠⣴⣿⡶⠶⡶⢶⡶⠶⠾⠿⠿⠿⠿⠿⠿⢿⣿⣦⣄
⢠⣿⣿⣿⣿⣿⣿⣿⠿⡿⠿⣛⣻⠿⣿⣿⣿⣿⣿⣿⣿⡄
⠘⠿⣿⣿⣿⣿⣿⣿⣘⡷⠆⣉⣹⣁⣿⣿⣿⣿⣿⣿⠟⠁
⠀⠀⠀⠀⠉⠉⠉⠙⠛⠻⠻⠿⠛⠛⠋⠉⠉⠉
⠀⠀⠀⣀⣀⣀⣀⣠⣴⣦⣄⣀⣀⣀⣀⣀⣀⣠⣴⣦⣄⣀⣀⣀⣀
⠀⠀⠘⣿⣍⠉⣭⣥⠀⠀⢨⣭⡍⣿⣿⣿⣿⣿⣿⣿⣿⣿⣿⣿⣿⠃
⠀⠀⠀⢸⣿⠄⠀⠙⡏⠈⡟⠁⡄⣿⣿⣿⣿⣿⣿⣿⣿⣿⣿⣿⡇
⠀⢀⣴⣾⣿⡟⠛⢻⠛⢿⣟⠛⠛⠛⠛⠛⠛⠛⠛⠛⠟⠛⣻⣿⣷⣦⡀
⠀⣼⣿⣿⣿⣿⣿⣿⣿⣿⣿⣿⣿⣟⠛⠻⣿⣿⣿⣿⣿⣿⣿⣿⣿⣿⣧
⠘⣿⣿⣿⣿⣿⣿⣿⣿⣿⣁⣿⣀⠤⠜⢻⡗⠚⣿⣿⣿⣿⣿⣿⣿⣿⣿⠂
⠀⠈⠙⠻⠿⠿⣿⣿⣿⣿⣷⣾⣍⣑⣲⣾⣷⣾⣿⣿⣿⣿⠿⠿⠟⠋⠁
⠀⠀⠀⠀⠀⠀⠀⠀⠀⠈⠉⠙⠛⠻⠛⠋⠉⠉⠁
⣼⠁⠶⠠⠢⠥⠤⠤⠥⢤⠤⠒⠌⣧
⢹⣿⣿⣿⣿⠉⠛⠛⢿⣩⣿⣹⣿⡏
⠀⠹⢿⣷⡷⢿⣂⡀⠈⣃⣿⡿⠏
⠀⠀⠀⠉⠛⠿⢿⡯⠴⠛⠉
⢠⡖⢒⣒⣒⢒⣒⣒⢚⣉⣉⡉⣉⢓⡒⢒⠒⣒⣒⡒⢲⡄
⢸⡁⠀⠘⠂⠘⠂⠚⡑⠋⠛⠁⠛⠘⢉⡛⠈⠓⠒⠃⢈⡇
⢸⣿⣿⣿⣿⣿⣿⣿⠉⠉⠛⠛⠻⣿⢉⣩⣟⠩⠭⣿⣿⡇
⠀⢻⣿⣿⣿⣟⣩⠉⣤⣁⠀⠀⠀⣿⡿⣙⣿⣿⣿⣿⡟
⠀⠀⠙⢿⣿⣿⣿⡿⠿⠏⠀⡀⠀⠀⢉⣨⣿⣿⡿⠋
⠀⠀⠀⠀⠙⠿⣷⣶⣿⣿⣿⣿⠶⢠⣿⣿⠿⠋
⠀⠀⠀⠀⠀⠀⠀⠉⠛⠻⠿⠿⠞⠛⠉
⠀⣶⠒⠒⠒⠒⠒⠒⢒⠒⠒⠒⢒⡒⠒⠒⠒⠒⠒⠒⠒⠒⢒⡒⠒⠒⣶
⢸⡏⠀⠉⢹⡏⠁⢿⣉⣹⠇⣿⠯⣽⡃⣽⡇⣿⠳⣼⡇⢾⣉⣉⡷⠀⢹⡇
⢸⣧⣤⣤⣤⣤⣤⣤⣤⣤⠤⢤⣤⣤⣤⣤⣤⣤⠤⠤⢤⣤⠤⠤⣤⣤⣼⡇
⠈⣿⣿⣿⣿⣿⣿⣿⣿⣿⠂⠀⠀⠀⠈⠉⢻⣇⢠⣤⣿⣇⠐⠗⣺⣿⣿⠁
⠀⠹⣿⣿⣿⣿⣿⣋⣩⠉⣥⣈⡀⠀⠀⠀⢘⣿⣿⠉⣻⣿⣿⣿⣿⣿⠏
⠀⠀⠘⢿⣿⣿⣿⣿⣿⣷⣿⣿⠓⠀⠀⠀⠀⠈⠓⠋⣻⣿⣿⣿⡿⠃
⠀⠀⠀⠀⠙⢿⣿⣿⣟⣉⣤⣶⣶⣶⣶⣄⡀⠀⣴⣿⣿⣿⡿⠋
⠀⠀⠀⠀⠀⠀⠈⠛⠿⣿⣿⣿⣿⣿⣿⠛⣡⣾⣿⠿⠛⠁
⠀⠀⠀⠀⠀⠀⠀⠀⠀⠀⠉⠛⠻⠿⠿⠟⠛⠉
⣿⠿⠛⠉⠁⠀⠀⠀⠀⠈⠉⠛⠿⣿
⠃⠀⠀⠀⠀⡤⠄⠠⢤⠀⠀⠀⠀⠘
⡄⠀⠀⢀⡴⠠⢾⡷⠄⢦⡀⠀⠀⢠
⣿⣶⣤⣀⡀⠀⠀⠀⠀⢀⣀⣤⣶⣿
⣿⣿⣿⠿⠛⠋⠉⠁⠀⠀⠀⠀⠀⠀⠈⠉⠙⠛⠿⣿⣿⣿
⣿⠋⠁⠀⠀⠀⠀⠀⠀⠀⠀⠀⠀⠀⠀⠀⠀⠀⠀⠈⠙⣿
⠁⠀⠀⠀⠂⠀⠀⠀⣶⠖⠂⠐⠲⣶⠀⠀⠀⠐⠀⠀⠀⠈
⡀⠀⠀⠀⠀⠀⣀⣴⠄⣴⣾⣷⣦⠠⣦⣀⠀⠀⠀⠀⠀⢀
⣿⣄⡀⠀⠀⠘⠋⠁⠀⠈⠙⠋⠁⠀⠈⠙⠃⠀⠀⢀⣠⣿
⣿⣿⣿⣶⣤⣄⣀⡀⠀⠀⠀⠀⠀⠀⢀⣀⣠⣤⣶⣿⣿⣿
⣿⣿⣿⣿⡿⠿⠛⠋⠉⠉⠀⠄⠀⠄⠀⠄⠀⠀⠉⠉⠙⠛⠿⢿⣿⣿⣿⣿
⣿⡿⠛⠁⢀⠀⠀⠀⠀⠀⠀⠀⠀⠀⠀⡀⠀⠀⠀⠀⠀⠀⠀⡀⠈⠛⢿⣿
⠏⠀⠀⠀⠀⡠⠊⠀⠀⠀⣤⣤⣤⠄⠠⣤⣤⣌⠀⠀⠀⠑⢄⠀⠀⠀⠀⠹
⠀⠀⠠⠀⠰⠀⠀⠀⠀⠀⠛⠉⢀⣤⣤⡀⠉⠛⠀⠀⠀⠀⠀⠆⠀⠄
⣆⠀⠀⠀⠀⠑⢀⣠⣴⠿⠃⠺⣿⣿⣿⣿⠗⠘⠿⣦⣄⡀⠊⠀⠀⠀⠀⣰
⣿⣷⣤⡀⠀⠀⠀⠈⠁⠀⠀⠀⠀⠈⠁⠀⠀⠀⠀⠈⠁⠀⠀⠀⢀⣤⣾⣿
⣿⣿⣿⣿⣷⣶⣤⣄⣀⣀⠀⠀⠀⠀⠀⠀⠀⠀⣀⣀⣠⣤⣶⣾⣿⣿⣿⣿
⠹⣿⣿⣿⣿⣿⣄⣠⣿⣿⣿⣿⣿⠋
⠀⠘⢿⣿⣿⣿⣿⣿⣿⣿⣿⡿⠃
⠀⠀⠈⢻⣿⣿⣿⣿⣿⣿⡟⠁
⠙⣿⣿⣿⣿⣿⣿⣿⣿⣦⠀⠀⣴⣿⣿⣿⣿⣿⣿⣿⡿⠋
⠀⠈⠻⣿⣿⣿⣿⣿⣿⣿⣷⣾⣿⣿⣿⣿⣿⣿⣿⠟⠁
⠀⠀⠀⠙⢿⣿⣿⣿⣿⣿⣿⣿⣿⣿⣿⣿⣿⡿⠋
⠀⠀⠀⠀⠈⠻⣿⣿⣿⣿⣿⣿⣿⣿⣿⣿⠟
⠹⣿⣿⣿⣿⣿⣿⣿⣿⣿⣿⣧⡀⠀⠀⢀⣼⣿⣿⣿⣿⣿⣿⣿⣿⣿⣿⠋
⠀⠘⢿⣿⣿⣿⣿⣿⣿⣿⣿⣿⣷⡄⢠⣾⣿⣿⣿⣿⣿⣿⣿⣿⣿⡿⠁
⠀⠀⠈⢻⣿⣿⣿⣿⣿⣿⣿⣿⣿⣿⣿⣿⣿⣿⣿⣿⣿⣿⣿⣿⡟⠁
⠀⠀⠀⠀⠹⣿⣿⣿⣿⣿⣿⣿⣿⣿⣿⣿⣿⣿⣿⣿⣿⣿⣿⠏
⠀⠀⠀⠀⠀⠘⢿⣿⣿⣿⣿⣿⣿⣿⣿⣿⣿⣿⣿⣿⣿⡿⠃
⠀⠀⠀⠀⠀⠀⠈⢻⣿⣿⣿⣿⣿⣿⣿⣿⣿⣿⣿⣿⡟⠁
⡄⠀⠠⡀⠀⠀⡀⠀⠀⢠⣀⠀⠀⢠
⡇⠀⠀⠀⢀⣄⣀⣀⣠⡈⠀⠁⠀⢸
⡇⠠⢄⣴⣿⢾⣿⣿⡷⣿⣷⡀⠀⢸
⠈⠢⡛⠙⠓⣺⣿⣿⣗⠛⠋⢛⠴⠁
⠀⠀⠈⠐⠀⠀⠈⠁⠀⠀⠂⠁
⣀⡀⠀⠀⣀⠤⠤⠀⠒⠂⠉⠉⠐⠒⠀⠠⠤⠄⣀⠀⢀⣀
⡇⠀⠀⠠⠼⠲⠤⠀⠀⠺⠄⠀⠨⠀⠀⠿⠲⠤⡀⠀⠀⢸
⡏⠉⠉⠉⠉⠉⠉⣩⣍⡉⡍⢩⠍⣩⣍⠉⠉⠉⠉⠉⠉⢹
⡇⠀⣀⠀⠀⣠⣶⣯⣙⣿⣿⣿⣿⣋⣽⣷⣄⠀⠀⠀⠀⢸
⢻⡀⠈⢳⣾⣿⡿⠿⠛⣿⣿⣿⣿⠛⠻⠿⣿⣧⡀⠀⢀⡞
⠀⠳⣄⠚⠛⠙⠿⠗⢛⣿⣿⣿⣿⡛⠻⠟⠋⠛⠓⣠⠞
⠀⠀⠈⠓⢤⣀⠀⠀⠛⠛⠻⠟⠛⠛⠀⠀⣀⡤⠚⠁
⠀⠀⠀⠀⠀⠈⠉⠒⠤⠬⣁⣉⡠⠤⠒⠋⠁
⠀⠀⠀⣀⣀⣀⣀⣀⠠⠤⠤⠒⠒⠉⠉⠒⠒⠤⠤⠤⢀⣀⣀⣀⣀
⡏⠀⠀⠀⠀⡸⢦⣀⠀⠀⠀⠠⣖⠀⠀⠐⠂⠀⠀⣾⣤⣄⠀⠉⠀⠀⠀⢹
⣧⠤⠤⠤⠬⠭⠤⠤⠭⠤⠤⠥⠬⠥⠤⠤⠥⠤⠤⠭⠤⠤⠭⠥⠤⠤⠤⣼
⣿⠀⠀⠀⠀⠀⠀⠀⢀⣴⣶⣦⣰⣆⣠⣆⣴⣶⣦⡀⠀⠀⠀⠀⠀⠀⠀⢸
⣿⠀⢠⡀⠀⠀⢀⣶⣿⣶⣭⣽⣿⣿⣿⣿⣯⣭⣵⣿⣶⡄⠀⠀⠀⠀⠀⣼
⢻⡀⠀⠉⠳⣴⣿⣿⣿⠿⠿⢿⣿⣿⣿⣿⡿⠿⠿⢿⣿⣿⣦⠀⠀⠀⢀⡟
⠀⠳⡄⠀⡼⡿⠟⣿⣶⣦⣴⣾⣿⣿⣿⣿⣷⣶⣾⣶⡾⠻⢿⢧⠀⢀⠞
⠀⠀⠈⠢⣄⠀⠀⠀⠈⢁⣤⣾⣿⣿⣿⣿⣿⣦⡀⠀⠀⠀⠀⣀⠴⠋
⠀⠀⠀⠀⠈⠑⠦⣄⡀⠀⠀⠈⢩⠉⡉⠉⠁⠀⠀⢀⣠⠴⠚⠁
⠀⠀⠀⠀⠀⠀⠀⠀⠉⠙⠒⠦⠤⣀⣀⡤⠤⠒⠊⠉
⠀⠀⣀⡀⠤⠐⠊⠑⠂⠤⢀⣀
⡏⠸⠿⠧⢶⢋⣦⣤⣤⣦⡐⡆⠀⢹
⢳⣤⣤⣤⣴⣤⣶⣽⣿⣬⣿⣿⣦⡞
⠀⠙⢿⣿⣿⣿⣿⣿⣷⣿⣷⡿⠋
⠀⠀⠀⠉⠛⠿⣿⣿⠿⠛⠉
⠀⠀⠀⠀⠀⠀⣀⣠⠤⠖⠊⠑⠲⠤⣄⣀
⣴⠒⢒⣶⢭⠯⢀⣀⡤⢄⠀⠀⠀⠀⡀⠀⢉⡉⠒⠒⠒⣦
⣇⠀⠈⠛⠛⠓⠛⢿⠀⡼⠷⣶⣶⢶⣿⣦⣄⡹⡄⠀⠀⣸
⠹⣤⣤⣤⣤⣤⣤⣼⣼⣤⣿⣬⣭⣿⣮⣧⣿⣧⣯⣧⣤⠏
⠀⠙⢿⣿⣹⣿⣿⣹⣿⣿⣹⣭⣻⣯⣻⣿⣯⣻⣿⡿⠋
⠀⠀⠀⠙⠻⢿⣿⣿⣿⣿⣿⣿⣿⣿⣿⣿⡿⠟⠋
⠀⠀⠀⠀⠀⠀⠉⠙⠻⠿⣿⣿⠿⠟⠋⠁
⠀⠀⠀⠀⠀⠀⠀⠀⠀⢀⣀⡤⠔⠚⠓⠢⢤⣀⡀
⢀⣀⣠⠤⣤⠴⣒⠚⠉⠁⠀⠀⠀⠀⠀⠀⠀⠀⠈⠉⠓⠒⠦⠤⠤⣄⣀⡀
⣿⠀⠀⢼⣯⣝⣏⣡⣶⣶⠛⠉⣣⣍⡉⠉⠉⠁⣎⡀⠀⠲⣄⠀⠀⠀⠀⣷
⣿⠀⠀⠀⠀⠀⠈⠉⠉⢹⠆⡰⠿⢛⢿⣛⣟⡻⢻⣿⣦⣄⡹⢄⡀⠀⠀⣿
⠹⣦⣤⣤⣤⣤⣤⣤⣤⣼⣰⣧⣼⣟⣤⣧⣴⣵⣦⣷⣼⣿⣥⣧⣯⣤⣴⠇
⠀⠙⢿⣿⣿⢹⡿⣹⣿⢻⣿⣿⡝⣿⣛⢿⣿⡋⣿⣿⢿⡝⢿⣿⣿⡿⠋
⠀⠀⠀⠙⢿⣾⣿⣶⣿⣷⣿⣿⣿⣿⣿⣷⣿⣷⣾⣷⣿⣿⣾⡿⠋
⠀⠀⠀⠀⠀⠈⠛⠿⣿⣿⣿⣿⣿⣿⣿⣿⣿⣿⣿⣿⠿⠛⠁
⠀⠀⠀⠀⠀⠀⠀⠀⠀⠉⠛⠻⠿⣿⣿⠿⠟⠋⠉
⢠⡶⡶⢾⣿⡿⡿⣿⢿⢿⣷⢶⣶⡄
⣿⣿⣾⣶⣾⣷⣶⣾⣾⣶⣶⣾⣿⣿
⠈⠿⣿⣿⣿⣿⣿⣿⣿⣿⣿⣿⠿⠁
⠀⠀⠈⠙⠻⠿⢿⡿⠿⠟⠋⠁
⠀⣤⣤⢰⣶⣶⣶⣿⣿⣿⣿⣿⣿⣿⣿⣶⣶⣶⡦⣤⣄
⣸⣿⡏⡾⢩⠹⡟⢻⣛⠻⠛⢟⡛⢻⠛⠿⡛⠏⢱⢹⣿⡆
⣿⣿⢸⣿⣿⣷⣷⣿⣿⣿⣿⣿⣿⣿⣿⣷⣿⣿⣾⡏⣿⣿
⠹⣿⡞⣿⣿⣿⣟⡿⣫⡿⡯⢽⢿⣝⢿⣿⣿⣿⣿⢻⣿⠏
⠀⠙⢿⣞⣿⣿⣷⣽⣿⣿⣿⣿⣿⣽⣿⣿⣿⡿⣱⡿⠋
⠀⠀⠀⠙⠻⢿⣿⣿⣿⣿⣿⣿⣿⣿⣿⣿⡿⠟⠋
⠀⠀⠀⠀⠀⠀⠈⠙⠻⠿⢿⡿⠿⢟⠋⠁
⠀⣀⣤⣤⢠⣶⣶⣶⣶⣾⣿⣿⣿⣿⣿⣿⣿⣿⣷⣶⣶⣶⣶⡤⣤⣤⡀
⢠⣿⣿⢇⣾⢋⠉⢿⠿⢿⡿⠿⣿⠿⡿⢿⠿⣿⠿⣿⡿⠿⡏⢳⠸⣿⣿⡄
⣾⣿⡟⢸⣥⣶⣦⣼⣦⣾⣯⣧⣴⣦⣼⣿⣤⣿⣤⣧⣼⣤⣧⣼⡇⢿⣿⣷
⢿⣿⣧⢸⣿⣿⣿⣿⣿⢿⡯⢿⣿⢻⢟⣿⡿⣽⡿⣿⣿⣿⣿⣿⣧⣾⣿⡟
⠈⢿⣿⣎⢿⣿⣿⣿⡇⣏⢾⣷⣹⣾⣵⣏⣿⣧⡽⣸⣿⣿⣿⡿⣰⣿⡟⠁
⠀⠀⠙⢿⣷⣝⢿⣿⣿⣾⣿⣿⣿⣿⣾⣿⣿⣿⣿⣿⣿⡿⣫⣾⠿⠋
⠀⠀⠀⠀⠈⠙⠻⢿⣿⣿⣿⣿⣿⣿⣿⣿⣿⣿⣿⣿⡿⠟⠋⠁
⠀⠀⠀⠀⠀⠀⠀⠀⠈⠉⠛⠻⠿⢿⡿⠿⠟⣛⠉⠁
⣶⠒⠛⠋⠉⠉⠉⠉⠉⠉⠙⠛⠒⣶
⣿⠀⠀⠀⠀⠀⠀⠀⠀⠀⠀⠀⠀⣿
⣿⠀⠀⠀⠀⠀⠀⠀⠀⠀⠀⠀⠀⣿
⣿⡀⣀⣀⡀⠀⠀⠀⠀⠀⡀⣀⢀⣿
⠈⠙⠛⠛⠿⠿⢽⡭⠿⠿⠛⠛⠋⠁
⡴⣶⠶⠖⠚⠛⠛⠛⠛⠛⠛⠛⠛⠛⠛⠛⠛⠓⠲⠶⣶⢦
⡇⡇⠀⠀⠀⠀⠀⠀⠀⠀⠀⠀⠀⠀⠀⠀⠀⠀⠀⠀⢸⢸
⡇⡇⠀⠀⠀⠀⠀⠀⠀⠀⠀⠀⠀⠀⠀⠀⠀⠀⠀⠀⢸⢸
⡇⡇⠀⠀⠀⠀⠀⠀⠀⠀⠀⠀⠀⠀⠀⠀⠀⠀⠀⠀⢸⢸
⡇⡇⠀⠀⠀⠀⠀⠀⠀⠀⠀⠀⠀⠀⠀⠀⠀⠀⠀⠀⢸⢸
⡇⡇⠀⠀⠀⠀⠀⠀⠀⠀⠀⠀⠀⠀⠀⠀⠀⠀⠀⠀⢸⢸
⠙⠽⣦⣍⣃⡓⠰⠢⢦⢤⢤⡄⢤⡴⠶⢆⠲⣘⣩⣴⠯⠋
⠀⠀⠀⠈⠉⠉⠛⠛⠓⠲⢶⡶⠖⠚⠛⠛⠉⠉⠁
⣤⢤⣶⣶⠶⠶⠾⠿⠿⠿⠟⠛⠛⠛⠛⠛⠛⠻⠿⠿⠿⠷⠶⠶⣶⣶⡤⣤
⣿⢸⠀⠀⠀⠀⠀⠀⠀⠀⠀⠀⠀⠀⠀⠀⠀⠀⠀⠀⠀⠀⠀⠀⠀⠀⡇⣿
⣿⢸⠀⠀⠀⠀⠀⠀⠀⠀⠀⠀⠀⠀⠀⠀⠀⠀⠀⠀⠀⠀⠀⠀⠀⠀⡇⣿
⣿⢸⠀⠀⠀⠀⠀⠀⠀⠀⠀⠀⠀⠀⠀⠀⠀⠀⠀⠀⠀⠀⠀⠀⠀⠀⡇⣿
⣿⢸⠀⠀⠀⠀⠀⠀⠀⠀⠀⠀⠀⠀⠀⠀⠀⠀⠀⠀⠀⠀⠀⠀⠀⠀⡇⣿
⣿⢸⠀⠀⠀⠀⠀⠀⠀⠀⠀⠀⠀⠀⠀⠀⠀⠀⠀⠀⠀⠀⠀⠀⠀⠀⡇⣿
⣿⢸⠀⠀⠀⠀⠀⠀⠀⠀⠀⠀⠀⠀⠀⠀⠀⠀⠀⠀⠀⠀⠀⠀⠀⠀⡇⣿
⢿⡸⣄⠀⠤⣦⢀⣀⢀⡀⠀⠀⠀⠀⠀⠀⠀⠀⢀⡀⣀⠀⣴⢤⠄⣠⢇⡿
⠀⠙⠺⠵⣶⣦⣭⣥⣛⣘⣋⠟⠞⠲⠇⠘⠾⣋⣃⣓⣬⣭⣵⣶⠮⠗⠋
⠀⠀⠀⠀⠀⠀⠈⠉⠉⠙⠛⠛⠻⢕⡪⠟⠛⠛⠋⠉⠉⠁
⣿⣿⢻⣿⡛⠛⠛⠛⣻⣿⣿⠽⣿⣿
⣿⣿⠀⠙⣧⣠⣶⡿⠟⣿⡇⠀⣿⣿
⣿⣿⣴⣾⡿⠛⣿⡇⠀⣿⡇⠀⣿⣿
⠻⢞⣉⣿⠂⠀⣿⡇⠀⣿⡇⢀⡿⠟
⠀⠀⠀⠉⠓⠠⢿⡇⠤⠛⠉
⣿⣭⣿⡿⢿⣿⠿⠿⠿⠭⠿⠿⠿⢿⣿⣿⣿⣭⡿⣿⣿⣿
⣿⣿⣿⠈⠛⣟⣯⠀⠀⠀⣀⣤⠶⣿⣿⣿⡏⠁⠀⣿⣿⣿
⣿⣭⣿⠀⠀⠃⣻⣧⣶⣿⣿⡟⠋⠁⣿⣿⡇⠀⠀⣿⣿⣿
⣿⣿⣿⣤⣶⣿⣷⠾⠋⣿⣿⡇⠀⠀⣿⣿⡇⠀⠀⣿⣿⣿
⢿⣭⣿⠿⢻⣿⡇⠀⠀⣿⣿⡇⠀⠀⣿⣿⡇⠀⠀⣿⣿⡿
⠀⠉⠑⠢⠼⣿⡇⠀⠀⣿⣿⡇⠀⠀⣿⣿⣇⠤⠔⠋⠉
⠀⠀⠀⠀⠀⠀⠈⠑⠒⠿⣿⣧⠤⠒⠋⠁
⣿⣏⣙⣿⣿⣿⣿⣿⣿⣿⣿⣟⣙⣿⣿⣿⣿⣿⣿⣿⣿⣟⣙⣿⣿⣿⣿⣿
⣿⣿⣿⣿⠰⢶⣿⣷⡦⠀⠀⠀⠀⠀⢀⣠⣴⣾⣿⣿⣿⠟⠋⠁⣿⣿⣿⣿
⣿⣿⣿⣿⠀⠀⢸⢾⣿⡄⠀⣀⣤⣶⣿⣧⣼⠿⣿⣿⣿⠀⠀⠀⣿⣿⣿⣿
⣿⣷⣶⣿⠀⠀⠈⣀⣽⢷⣿⣿⣿⣿⡟⠉⠀⠀⣿⣿⣿⠀⠀⠀⣿⣿⣿⣿
⣿⣿⣿⣿⣤⣶⣿⣿⣷⠶⠛⢹⣿⣿⡇⠀⠀⠀⣿⣿⣿⠀⠀⠀⣿⣿⣿⣿
⣿⣟⣻⣿⣿⢿⣿⣿⡇⠀⠀⢸⣿⣿⡇⠀⠀⠀⣿⣿⣿⠀⠀⠀⣿⣿⣿⣿
⠘⠻⢿⣉⡀⢸⣿⣿⡇⠀⠀⢸⣿⣿⡇⠀⠀⠀⣿⣿⣿⠀⠀⢀⣿⡿⠟⠃
⠀⠀⠀⠀⠉⠙⠻⠿⣇⡀⠀⢸⣿⣿⡇⠀⠀⠀⣿⣿⠿⠖⠊⠉
⠀⠀⠀⠀⠀⠀⠀⠀⠀⠉⠙⠚⠿⣿⣧⠤⠒⠋⠁
⠐⢶⣒⣒⣿⣇⣒⢲⢺⢹⢲⡖⡶⠂
⣀⠜⠉⠉⢿⡏⣩⡼⣼⡼⠼⠇⠣⣀
⠸⣾⣿⣿⣿⣿⢿⡿⣿⣿⣿⣿⣷⠇
⠀⠈⠛⠛⠿⠿⢿⡿⠿⠿⠛⠛⠁
⠀⢴⡲⠒⠒⠒⣾⣿⡗⠒⠲⢶⡖⢺⡟⣷⠒⣶⢲⢖⡦
⠀⠀⣹⠰⠶⠶⣿⣿⡷⠶⠶⢸⡇⢸⡇⣿⠀⡇⠀⣏
⢀⡴⠃⠂⠀⠀⠛⣿⡧⢀⡤⡜⢣⣼⡇⠛⠀⠓⠘⠘⢦⡀
⠈⣷⢶⣶⣶⣶⣶⣿⣶⣶⢿⠷⣾⣿⣷⣶⣶⣶⣶⡶⣾⠁
⠀⠘⠮⣻⣿⣿⣿⣿⣿⣔⣘⣐⣢⣿⣿⣿⣿⣿⣟⠵⠃
⠀⠀⠀⠈⠉⠛⠛⠛⠛⠿⣝⣫⠿⠛⠛⠛⠛⠉⠁
⠀⠠⣖⢲⠶⠶⠶⢲⣾⣯⡗⠒⠶⠦⠴⣶⠖⣾⠝⢷⡖⢶⡶⠶⡖⣲⠄
⠀⠀⠈⣧⢳⣤⣤⣴⣿⣿⣷⣤⣤⣴⠀⣿⠀⣿⠀⢸⡇⢸⡇⡜⣼⠁
⠀⠀⣰⢃⠊⠀⠀⢨⣿⣿⣏⡀⠀⣈⣀⣿⣀⣿⡀⣼⡇⢸⡇⢱⡘⣆
⠰⢯⠀⣀⣀⣀⣀⣀⣀⣿⣛⣁⣸⣯⣯⣀⣿⣿⣇⣀⣀⣀⣀⣀⣀⠀⡽⠆
⠀⠸⡄⢿⣿⣿⣿⣿⣿⣿⣿⡿⡟⢹⠙⠛⢿⣿⣿⣿⣿⣿⣿⣿⡿⢠⠇
⠀⠀⠙⠢⣝⣻⢿⣿⣿⣿⣿⣷⣭⣬⣤⣥⣾⣿⣿⣿⣿⡿⣟⣫⠔⠋
⠀⠀⠀⠀⠀⠈⠉⠙⠛⠛⠛⠛⠯⣍⣩⠽⠛⠛⠛⠛⠋⠉⠁
⠀⣀⣤⣶⣚⣻⣋⣿⣻⣲⡶⣤⣀
⣼⣿⣳⠟⢍⢋⢣⣡⣡⣬⣷⣏⣿⣧
⢻⣿⡛⣿⡛⢋⢋⢣⣡⣑⣴⣛⣿⡟
⠀⠉⠛⠾⢿⣍⣿⣿⣯⠿⠶⠛⠉
⠀⠀⠀⣀⢤⣴⡶⠶⢿⡿⠛⢿⠻⢟⡶⣶⣦⣤⣀
⠀⡴⣪⣞⠽⢟⡿⢾⡾⣷⠻⣮⠹⡟⠲⢿⡍⣭⠷⣕⢦
⡞⣼⣧⣥⣿⠃⠛⡈⢡⡈⣦⣀⣦⣸⣦⠷⡌⣯⣤⣽⣧⢳
⢧⢻⡿⠿⢻⡜⢶⠻⡏⠻⠉⠻⡈⢃⡈⡤⣠⣟⠿⢿⡟⡼
⠀⠳⢝⠧⣴⢪⠗⣢⢼⡦⣻⠦⣿⢮⡵⢎⡙⣶⠾⡫⠞
⠀⠀⠀⠉⠚⠻⠿⠷⣷⣴⣧⣿⣽⣷⠾⠾⠟⠛⠉
⠀⠀⠀⠀⢀⣀⠤⣔⣶⡶⢭⣿⠟⠻⣿⡛⠿⢿⡶⣶⣦⠤⣀⡀
⠀⢀⡤⣚⡵⣚⣿⢿⣷⡤⠤⣿⣖⢓⣚⠓⣾⠯⢔⣴⢚⠫⢓⣯⣓⢤⡀
⣰⢋⣞⣙⠛⢶⡶⠊⠅⠘⠿⠈⠛⡀⠙⣄⠈⣤⡀⢨⣝⢮⡍⢁⣞⣷⡙⣄
⣏⢸⣿⣿⣿⣿⠁⣦⣸⣶⣤⣷⣦⢿⣷⠻⢿⠛⠿⡏⠻⢀⣿⣿⣿⣿⡇⣹
⠙⣌⢿⣫⣍⠹⠷⣝⡃⠈⠛⡀⠙⣄⠈⣤⡀⣶⡄⢐⣠⣞⠋⢉⣙⡿⣡⠋
⠀⠈⠓⢭⣳⢾⣋⠴⣋⡵⠒⢿⢤⡭⢷⠭⣝⠶⢞⠫⣌⣙⡽⣟⡭⠚⠁
⠀⠀⠀⠀⠈⠉⠚⠫⠽⠷⣛⣦⣾⣶⣭⣭⣟⣳⠿⠿⠝⠒⠉⠁
⣿⠿⣛⡭⠵⠒⠒⠒⠒⠮⠍⠛⠿⣿
⠃⡾⠡⠀⡄⠀⢠⠀⣦⣠⡆⠀⡄⠘
⡄⢷⡀⠈⠅⠶⠺⠴⠇⠷⠥⢾⡵⢠
⣿⣶⣭⣓⡲⠤⠤⠤⠤⢖⣒⣭⣶⣿
⣿⣿⣿⠿⠟⣋⣩⡥⠤⠶⠶⠶⠶⠤⢬⣍⣙⠻⠿⣿⣿⣿
⣿⠛⣡⡶⢟⠩⠀⠀⠀⠀⠀⠀⢀⡤⠰⢆⢅⠀⠀⠈⠙⣿
⠁⣼⡟⢡⠇⠂⣤⠄⠀⠀⢰⠀⠈⡶⣄⣴⡇⠑⡖⡖⠀⠈
⡀⢻⣧⠘⡠⠊⡝⠒⣖⣄⣺⢠⣲⢣⢻⣞⡓⢲⡳⠓⡶⢀
⣿⣤⡙⠷⣮⣀⠈⠈⡉⠀⠉⠁⢉⡔⠉⠁⣈⣥⠿⢋⣠⣿
⣿⣿⣿⣶⣤⣍⣙⡓⠒⠶⠶⠶⠶⠒⢚⣋⣩⣤⣶⣿⣿⣿
⣿⣿⣿⣿⣿⠿⠛⣋⣉⣭⣤⡤⠤⠴⠶⠤⠤⣤⣭⣉⣙⠛⠿⢿⣿⣿⣿⣿
⣿⡿⠛⣁⣴⡶⠟⡋⠍⠀⠀⠀⠀⠀⠀⠀⢀⣀⢠⡍⢉⠁⠀⠀⠈⠛⢿⣿
⠟⢀⣼⡿⢋⡔⡉⠄⣀⠀⡁⠠⠀⣀⠀⠀⢎⣀⠀⣈⣗⠙⢦⣀⣀⡀⠀⠹
⠀⢸⣿⡇⢸⠁⢀⡠⣿⣁⣀⠀⠀⢻⠀⠀⢸⠙⣷⠋⣿⠀⢈⡆⣿
⣆⠈⢿⣷⣌⠲⡁⠀⠇⠤⠽⠵⠧⢯⡸⠼⠅⢇⡽⠿⠼⣍⠽⣬⣅⡼⠃⣰
⣿⣷⣤⡉⠻⢷⣦⣅⣂⠠⠤⠐⠀⠁⠀⠀⠤⠊⠀⢐⣨⣤⡾⠟⢋⣤⣾⣿
⣿⣿⣿⣿⣷⣶⣤⣍⣉⣛⠛⠒⠒⠶⠶⠒⠒⠛⣛⣉⣩⣤⣶⣾⣿⣿⣿⣿
⠀⢀⡤⠔⠒⣮⡉⢉⡵⠒⠢⢤⡀
⣰⠃⣶⣖⣲⡌⢷⡾⠁⣶⣒⣶⠜⣆
⠹⡄⠿⠯⠿⣃⡀⣀⣀⠿⠭⠿⢢⠏
⠀⠈⠓⠢⠤⢛⣛⣙⡛⠤⠔⠚⠁
⠀⠀⠀⠀⣀⠤⠴⠒⣒⡚⠉⠉⢓⣒⠒⠦⠤⣀
⠀⢠⠔⢋⣀⣀⣀⠀⠹⣿⡄⢠⣿⠏⢀⣀⣀⡀⠙⠢⡄
⢰⡏⠀⢸⣿⣉⣉⣿⠆⠘⣿⣿⠃⠀⣿⣿⣉⣹⣿⠀⢹⡆
⠸⣇⠀⢸⣿⣍⣩⣿⠇⠀⠀⠀⠀⠀⣿⣿⣉⣽⡿⠀⣸⠇
⠀⠘⠢⣄⠉⠉⠁⠀⣶⢛⡆⢰⣿⣶⠈⠉⠉⠀⣠⠔⠃
⠀⠀⠀⠀⠉⠒⠲⠤⠬⢭⣅⣨⡭⠥⠤⠖⠒⠉
⠀⠀⠀⠀⠀⢀⣀⡤⠤⠖⣒⣒⠒⠒⠒⠒⣒⣒⠲⠤⢤⣀⡀
⠀⠀⢀⡴⠚⠉⠀⠀⠀⠀⠹⣿⣧⠀⠀⣼⣿⠋⠀⠀⠀⠀⠉⠓⢦⡀
⠀⣴⠋⠀⢰⣶⡶⠶⠶⣶⣄⠘⢿⣧⣼⡿⠃⠀⣶⣶⠶⠶⢶⣦⡀⠙⣦
⢸⡇⠀⠀⢸⣿⡷⠶⢾⣿⣏⠀⠈⠛⠛⠁⠀⠀⣿⣿⠶⠶⢿⣿⡁⠀⢸⡇
⠀⠻⣄⠀⠸⠿⠷⠶⠶⠿⠋⣀⣀⠀⠀⣀⣀⠀⠿⠿⠶⠶⠾⠟⠁⣠⠟
⠀⠀⠈⠳⢤⣀⠀⠀⠀⠀⢸⣏⣹⡇⢘⣿⣿⡇⠀⠀⠀⠀⣀⡤⠞⠁
⠀⠀⠀⠀⠀⠈⠉⠓⠒⠦⠤⠭⠭⠤⠤⠭⠭⠤⠴⠒⠚⠉⠁
⠀⠀⠀⠀⠰⣶⣾⣷⣶⠆
⠀⢀⠤⡶⢾⣿⣿⣿⣿⣿⣶⣦⣀
⣰⢁⢄⣾⣿⣿⣿⣿⣿⣿⣿⣿⣿⣧
⠹⣿⣿⣿⣿⣿⣿⣿⣿⣿⣿⣿⣿⠟
⠀⠈⠛⠿⢿⣿⣿⣿⣿⡿⠿⠛⠁
⠀⠀⠀⠀⠀⠀⠀⣤⣤⣤⣼⣧⣤⣤⣤
⠀⠀⠀⠀⠀⣀⣠⣬⣿⣿⣿⣿⣿⣿⣥⣤⣀⡀
⠀⠀⡠⠒⠛⠿⣛⣫⣿⣿⣿⣿⣿⣿⣿⣿⣿⣿⣷⣦⡀
⢠⡞⡀⡴⢡⣾⣿⣿⣿⣿⣿⣿⣿⣿⣿⣿⣿⣿⣿⣿⣿⣆
⢸⣿⣿⣧⣹⣿⣿⣿⣿⣿⣿⣿⣿⣿⣿⣿⣿⣿⣿⣿⣿⡿
⠀⠙⢿⣿⣿⣿⣿⣿⣿⣿⣿⣿⣿⣿⣿⣿⣿⣿⣿⡿⠟
⠀⠀⠀⠈⠙⠛⠿⠿⣿⣿⣿⣿⣿⣿⠿⠿⠛⠋⠉
⠀⠀⠀⠀⠀⠀⠀⠀⠀⣠⣤⣤⣤⣼⣧⣤⣤⣤⣄
⠀⠀⠀⠀⠀⠀⠀⠀⠀⠛⣿⣿⣿⣿⣿⣿⣿⣿⠋
⠀⠀⠀⠀⢀⣠⣴⣶⣿⣿⣿⣿⣿⣿⣿⣿⣿⣿⣿⣿⣷⣶⣤⣄⡀
⠀⠀⣠⠞⠉⢁⡩⢛⣩⣵⣶⣾⣿⣿⣿⣿⣿⣿⣿⣿⣿⣿⣿⣿⣿⣦⣄
⢀⣾⢣⢂⡴⢁⣾⣿⣿⣿⣿⣿⣿⣿⣿⣿⣿⣿⣿⣿⣿⣿⣿⣿⣿⣿⣿⣆
⢸⣿⣾⣼⣧⢸⣿⣿⣿⣿⣿⣿⣿⣿⣿⣿⣿⣿⣿⣿⣿⣿⣿⣿⣿⣿⣿⣿
⠈⢿⣿⣿⣽⣷⣿⣿⣿⣿⣿⣿⣿⣿⣿⣿⣿⣿⣿⣿⣿⣿⣿⣿⣿⣿⡿⠃
⠀⠀⠙⠻⣿⣿⣿⣿⣿⣿⣿⣿⣿⣿⣿⣿⣿⣿⣿⣿⣿⣿⣿⣿⠿⠋
⠀⠀⠀⠀⠀⠉⠙⠛⠿⠿⠿⣿⣿⣿⣿⣿⣿⡿⠿⠿⠛⠋⠉
⠀⢰⠒⠒⠒⢛⠛⣛⠓⠒⠒⠒⡆
⣶⣿⢰⢒⢰⣒⣆⣦⣴⢰⣒⡆⣷⣶
⠉⠹⣄⣉⣤⣭⣦⣤⣄⣀⣉⡠⠋⠉
⠀⠀⠀⠙⠒⣭⣐⣢⡥⠒⠋
⠀⠀⣤⠤⠤⠤⠶⠶⠾⠿⠿⠿⠿⠷⠶⠶⠤⠤⢤⡄
⣀⣀⣿⠀⣀⣀⡀⢃⣈⣙⢀⣛⠃⣀⡋⢀⣀⣀⢸⣇⣀⣀
⣿⣿⣿⠀⣿⢀⡁⢸⡀⣿⢸⡿⣦⢿⡇⣿⠀⣿⢸⣿⣿⣿
⠉⠉⢹⡄⠉⠉⠁⠬⠭⠥⠬⣥⣉⣈⡁⠈⠉⠁⣸⠏⠉⠉
⠀⠀⠀⠙⠲⣟⣛⣛⣛⣛⣛⣒⠒⠒⠒⢒⣺⠟⠉
⠀⠀⠀⠀⠀⠀⠉⠑⢶⣤⣤⣭⣴⡖⠋⠁
⠀⠀⠀⣤⠤⠤⠤⠤⠤⠤⠼⠿⠿⠿⠿⠿⠿⠦⠤⠤⠤⠤⠤⠤⣤
⠀⠀⠀⣿⠀⠀⠀⠀⠀⠆⠀⠒⠆⠀⠆⠖⠀⠠⠂⠀⠀⠀⠀⠀⣿
⣿⣿⣿⣿⠀⣾⠋⠛⠂⢸⡏⢹⡇⢸⣿⡆⣰⣿⡇⢸⡏⢹⣷⠀⣿⣿⣿⣿
⠿⠿⠿⣿⠀⠻⠦⠶⠂⠸⠧⠼⠇⠸⠇⠹⠏⠸⠇⠸⠧⠼⠟⠀⣿⠿⠿⠿
⠀⠀⠀⠹⣦⡀⣀⣀⣐⣒⣙⣛⣓⣒⣒⡒⠒⠒⠒⠀⢀⣀⣀⡼⠋
⠀⠀⠀⠀⠈⠙⠻⢭⣤⠬⠭⠭⣭⣍⣉⣉⡉⠉⢉⣉⡭⠟⠋
⠀⠀⠀⠀⠀⠀⠀⠀⠈⠉⢳⣶⣦⣤⣤⣴⣶⡋⠉
⠀⠀⠀⠀⣴⣦⣾⣿⣦⣄
⠀⠀⣀⣴⣬⡿⣿⢛⣻⢱⣦⣀
⣴⣿⣿⣿⣏⣯⣟⣟⣻⢼⣿⣿⣷⣆
⢿⣿⡿⣿⣿⣿⣟⣿⣿⣿⢿⢿⣿⡟
⠀⠙⠻⠾⢿⣿⣹⣿⣿⡷⠿⠟⠋
⠀⠀⠀⠀⠀⠀⢀⣴⢦⣰⣞⣿⣦⣄⡀
⠀⠀⠀⠀⠀⠀⠒⣿⣿⣿⡿⢿⠿⡿⡷⠖
⠀⠀⠀⠀⣠⣼⣷⢸⡿⡿⣟⢛⢛⢛⠂⣿⣧⣀
⠀⣠⣶⣿⣿⣿⣿⢸⡶⠶⡻⣾⢾⢾⡆⣿⣿⣿⣿⣶⣄
⣼⣿⣿⣿⣿⣯⣿⣸⣿⣷⡧⢿⣼⣼⣃⣿⣿⣿⣿⣿⣿⣧
⢿⣿⣿⣿⠿⢿⣿⣿⣿⣿⡿⢿⣿⣿⣿⣿⠿⣿⣿⣿⣿⡟
⠈⠻⢿⣷⣌⢡⣿⣿⣿⡿⢓⣻⣿⣿⣿⣁⣼⣤⣿⡿⠋
⠀⠀⠀⠉⠛⠻⠿⢿⣿⣦⣭⣽⣿⣿⠿⠿⠟⠛⠉⠀⠠⠄
⠀⠀⠀⠀⠀⠀⠀⠀⢀⣠⡤⠄⢴⠾⢿⣷⣄⣀
⠀⠀⠀⠀⠀⠀⠀⠠⣬⣿⣽⣿⣿⣿⣿⣿⣿⣿⣧⣤⡄
⠀⠀⠀⠀⠀⠀⠀⣴⠄⢻⣿⣿⣿⣿⣽⣮⣽⣭⡋⢥⣄
⠀⠀⠀⠀⣠⣴⣾⣿⣿⢸⡞⢲⢻⣶⢰⠂⡄⣶⠀⣿⣿⣷⣦⣀
⠀⣠⣾⣿⣿⣿⣿⣿⣿⠸⡓⠚⢚⠻⣾⡿⡷⣿⡆⣿⣿⣿⣿⣿⣿⣦⡄
⣴⣿⣿⣿⣿⣿⣿⣽⣿⢠⣧⣷⣼⣄⡿⣤⣧⡼⠇⣿⣯⣿⣿⣿⣿⣿⣿⣆
⣿⣿⣿⣿⣿⣿⣿⣿⣿⣿⣿⣿⣿⣷⣾⣿⣿⣿⣿⣿⣿⣿⣿⣿⣿⣿⣿⡿
⠘⢿⣿⣿⣟⠉⠭⠿⣿⣿⣿⣿⣿⣍⣹⣿⣿⣿⣿⡿⠋⣉⠛⢿⣿⣿⡿⠃
⠀⠀⠙⠿⣿⣷⣄⣽⣿⣿⣿⡿⢋⣭⣭⣿⣿⣿⣯⣤⣶⣶⣶⣿⠿⠋
⠀⠀⠀⠀⠀⠉⠛⠛⠿⠿⣿⣿⣶⣮⣽⣿⣿⡿⠿⠿⠛⠛⠉⠀⠀⠀⠐⠂
⠀⠀⠀⠀⢀⣀⣀⣀⣀⡀
⠀⠀⢠⡚⠛⠛⢛⡛⠛⠛⢓⡄
⠀⠀⠘⢿⣿⣿⣿⣿⣿⣿⡿⠃
⠀⠀⠀⠐⠈⠉⠉⠉⠉⠁⠂
⠀⠀⠀⠀⠀⠀⠀⠀⠠⠀⠀⠀⠀⠄
⠀⠄⠈⠀⠀⣀⣤⣶⣶⣿⣿⣿⣿⣶⣶⣤⣀⠀⢀⠁⠠
⡎⠀⠂⠀⣾⠉⠉⠉⠉⠉⣩⣯⠉⠉⠉⠉⠉⣷⠀⠀⠀⢱
⢇⠠⠀⠀⢿⣿⣿⣿⣿⣿⣿⣿⣿⣷⣿⣿⣿⡿⠀⠀⠀⡸
⠀⠀⠀⠀⠀⢉⡛⠿⠿⣿⣿⣿⣿⠿⠿⢛⡉⠀⠀⠀⠐
⠀⠀⠀⠀⠀⠈⠀⠀⠀⠀⠀⠀⠀⠂⠀⠀⠁
⠀⠀⠀⠀⠀⠀⠀⠀⡀⠀⠠⡀⠀⠀⠀⠀⢀⠄⠄
⠀⢀⠄⠂⠀⡀⠂⢁⣠⣤⣴⣶⣶⣶⣶⣶⣶⣦⣤⣀⡈⠐⠄⠀⠐⠠⡀
⡰⢁⢈⠈⠀⣠⠚⠛⠛⠛⠛⠛⠛⢛⡛⠛⠛⠛⠛⠛⠛⠓⣄⠀⠁⠀⠈⢆
⡇⠀⠀⡀⠀⣿⣧⣀⣀⣠⣄⣀⣠⣿⣿⣄⣀⣀⣤⣀⣀⣼⣿⠀⡂⠀⠀⢸
⠱⡀⠀⠀⠠⠙⢿⣿⣿⣿⣿⣿⣿⣿⣿⣿⣿⣿⣿⣿⣿⡿⠋⠀⠠⠠⢀⠎
⠀⠈⠂⠄⠐⠀⠀⣈⠙⠛⠻⠿⠿⠿⠿⠿⠿⠟⠛⠋⣁⠀⠁⠀⠠⠐⠁
⠀⠀⠀⠀⠀⠀⠀⠀⠀⠀⠀⠀⠀⠂⠂
⠀⢀⣤⣶⣶⣿⣿⠿⠿⢷⣶⣤⡀
⣴⣿⣿⣿⣿⢹⣿⠀⠀⠀⠈⢻⣿⣦
⠻⣿⣿⣿⣿⣸⣿⠀⠀⠀⢀⣼⣿⠟
⠀⠈⠛⠿⠿⣿⣿⣶⣶⠾⠿⠛⠁
⠀⠀⠀⢀⣠⣤⣶⣶⣾⣿⣿⣿⣿⣷⣶⣶⣤⣄⡀
⠀⣠⣾⣿⣿⣿⣿⣿⠿⣿⣿⠀⠀⢈⡉⠙⠻⣿⣿⣷⣄
⣸⣿⣿⣿⣿⣿⣿⣿⠀⣿⣿⢀⠀⠀⠀⠀⠀⠈⢻⣿⣿⣇
⢹⣿⣿⣿⣿⣿⣿⣿⠀⣿⣿⠀⠀⠀⠀⠀⠀⢀⣼⣿⣿⡏
⠀⠙⢿⣿⣿⣿⣿⣿⣶⣿⣿⠀⠀⢀⣀⣠⣴⣿⣿⡿⠋
⠀⠀⠀⠈⠙⠛⠿⠿⢿⣿⣿⣿⣿⡿⠿⠿⠛⠋⠁
⠀⠀⠀⠀⠀⣀⣠⣤⣴⣶⣶⣾⣿⣿⣿⣿⣿⣶⣶⣦⣤⣄⣀
⠀⠀⣠⣴⣿⣿⣿⣿⣿⣿⣿⣿⣿⣿⠉⠉⠉⠉⠛⠻⠿⣿⣿⣿⣦⣄
⢀⣾⣿⣿⣿⣿⣿⣿⣿⣿⠀⢸⣿⣿⠀⠀⠀⠉⠂⠀⠀⠈⠹⣿⣿⣿⣷⡀
⢸⣿⣿⣿⣿⣿⣿⣿⣿⣿⠀⢸⣿⣿⠀⢂⠀⠀⠀⠀⠀⠀⠀⢸⣿⣿⣿⡇
⠈⢿⣿⣿⣿⣿⣿⣿⣿⣿⠀⠸⣿⣿⠀⠀⠀⠀⠀⠀⠀⢀⣰⣿⣿⣿⡿⠁
⠀⠀⠙⠻⣿⣿⣿⣿⣿⣿⣿⣿⣿⣿⣀⣀⣀⣀⣤⣴⣶⣿⣿⣿⠟⠋
⠀⠀⠀⠀⠀⠉⠙⠛⠻⠿⠿⢿⣿⣿⣿⣿⡿⠿⠿⠟⠛⠋⠉
⠀⠀⠀⠀⠀⢀⣀⣀⡀
⠀⠀⠀⠀⢐⣇⣀⣀⣈⡀
⠀⠀⣰⡞⡉⢁⣀⣈⡉⢫⣅⣀
⠀⠀⠹⢷⣇⣀⣀⣀⣀⣸⡽⠏
⠀⠀⠀⠀⠈⠉⠉⠉⠉⠁
⠀⠀⠀⠀⠀⠀⠀⢀⣴⠖⠒⠒⠲⣦⡀
⠀⠀⠀⠀⠀⠀⠀⢘⣷⣄⣀⣀⣀⣀⡀
⠀⠀⠀⠀⣠⣴⡾⠛⠋⠉⠉⠛⠻⠿⣻⠟
⠀⠀⠀⢰⣿⣯⣤⠀⠰⠴⠶⠶⠶⠄⠸⣿⣶⣶⡆
⠀⠀⠀⠘⢿⣧⣛⢦⣀⠀⠀⠀⠀⣀⡤⣟⣼⡿⠃
⠀⠀⠀⠀⠀⠉⠛⠿⠷⣿⣿⣿⣿⠾⠿⠛⠉
⠀⠀⠀⠀⠀⠀⠀⠀⠀⠀⣠⣤⠴⠶⠶⠦⣤⣄
⠀⠀⠀⠀⠀⠀⠀⠀⠀⢸⣿⡁⠀⠀⠀⠀⠈⠉⠁
⠀⠀⠀⠀⠀⠀⢀⣠⣤⣶⡿⠿⠗⠿⢿⣿⣿⣶⣶⣤⡄
⠀⠀⠀⠀⢀⣶⣿⠟⠉⠀⠀⡀⣀⠀⣀⢀⡉⠙⢲⣧⣀⣀⣀⡀
⠀⠀⠀⠀⢸⣿⣏⢿⣏⠀⠀⠃⠛⠉⠛⠙⠛⠀⠈⣻⡿⣻⣿⡷
⠀⠀⠀⠀⠈⠻⢿⣷⣽⣓⡦⢤⣀⣀⣀⣀⡠⢤⣞⣯⣶⡿⠟⠁
⠀⠀⠀⠀⠀⠀⠀⠉⠙⠛⠻⠿⠿⠿⠿⠿⠿⠟⠛⠋⠉
⣿⠿⠛⠉⡁⣠⣤⣤⣄⢈⠉⠛⠿⣿
⠃⠀⣴⠇⣹⣦⢸⡇⣴⣏⠸⣦⠀⠘
⡄⠀⠻⡄⣿⠈⢸⡇⠁⣿⢠⠟⠀⢠
⣿⣶⣤⣀⡉⠘⠛⠛⠃⢉⣀⣤⣶⣿
⣿⣿⣿⠿⠟⠋⠉⠁⠀⠀⣀⣀⠀⠀⠈⠉⠙⠻⠿⣿⣿⣿
⣿⠛⠁⠀⢀⡀⢶⣦⠛⠉⣿⣿⠉⢛⣴⡶⢀⡀⠀⠈⠛⣿
⠁⠀⠀⣴⣿⠁⢠⣿⣷⡄⣿⣿⢠⣾⣿⡄⠈⣿⣆⠀⠀⠈
⡀⠀⠀⠹⣿⡀⢸⣿⠈⠃⣿⣿⠘⠁⣿⡇⢀⣿⠟⠀⠀⢀
⣿⣤⡀⠀⠈⠃⠿⡟⢠⣀⣿⣿⣀⡄⢻⠿⠘⠁⠀⢀⣤⣿
⣿⣿⣿⣶⣦⣄⣀⡀⠀⠀⠉⠉⠀⠀⢀⣀⣠⣴⣶⣿⣿⣿
⣿⣿⣿⣿⡿⠿⠛⠋⠉⠉⠀⠀⠀⠀⠀⠀⠀⠀⠉⠉⠙⠛⠿⢿⣿⣿⣿⣿
⣿⡿⠛⠁⠀⠀⠀⢠⣤⣄⠲⠟⠛⣿⣿⠛⠻⠖⣠⣤⡄⠀⠀⠀⠈⠛⢿⣿
⠏⠀⠀⠀⢠⣾⡿⠂⢹⣿⣷⣄⠀⣿⣿⠀⣠⣾⣿⡏⠐⢿⣷⡄⠀⠀⠀⠹
⠀⠀⠀⠀⣿⣿⠀⠀⣸⣿⡟⢿⠀⣿⣿⠀⡿⢻⣿⣇⠀⠀⣿⣿
⣆⠀⠀⠀⠘⢿⣷⠀⣿⣿⠀⠀⠀⣿⣿⠀⠀⠀⣿⣿⠀⣾⡿⠃⠀⠀⠀⣰
⣿⣷⣤⡀⠀⠀⠈⠀⠻⠟⠠⣦⣤⣿⣿⣤⣴⠄⠻⠟⠀⠁⠀⠀⢀⣤⣾⣿
⣿⣿⣿⣿⣷⣶⣤⣄⣀⣀⠀⠀⠀⠀⠀⠀⠀⠀⣀⣀⣠⣤⣶⣾⣿⣿⣿⣿
⠀⠀⠀⠀⢠⣴⠒⣲⣦⡄
⠀⡀⠀⠀⢈⡈⠉⠉⣀⠀⠀⡀⢀
⠀⣃⡀⠀⢋⣙⠀⠈⣛⡃⠀⢋⣑
⠀⣿⡇⠀⢸⣿⠀⠀⣿⡇⠀⢸⣿
⠀⠈⠁⠀⠘⠻⠀⠀⠟⠃⠀⠈⠁
⠀⠀⠀⠀⠀⠀⠀⢀⣠⣤⠶⠶⣤⣄⡀
⠀⠀⠀⠀⠀⠀⠀⢝⠻⠤⣀⣭⡷⠛⡫
⠀⠀⠀⠀⠀⠀⠀⠀⠀⠀⠀⠀⠀⣀
⠀⠸⠇⠀⠀⠀⣴⠿⢷⡄⠀⠀⣿⣻⡧⠀⠀⢸⡗⢯⡅
⠀⢠⣤⣤⠀⠀⠀⣤⣤⡄⠀⠈⢢⣤⣤⠀⠀⠀⣤⣤⡄
⠀⢸⣿⣿⠀⠀⠀⣿⣿⡇⠀⠀⢸⣿⣿⠀⠀⠀⣿⣿⡇
⠀⠈⠛⠿⠀⠀⠀⣿⣿⡇⠀⠀⢸⣿⣿⠀⠀⠀⠿⠛⠁
⠀⠀⠀⠀⠀⠀⠀⠉⠉⠃⠀⠀⠘⠉⠉
⠀⠀⠀⠀⠀⠀⠀⠀⠀⠀⠀⣀⣠⣤⣤⣄⣀
⠀⠀⠀⠀⠀⠀⠀⠀⠀⢾⣿⡟⠁⠠⢤⣭⣻⣿⡷
⠀⠀⠀⠀⠀⠀⠀⠀⠀⠲⡄⠛⠲⠶⠾⡗⠋⢢⠖
⠀⠀⠀⠀⠀⠀⠀⠀⠀⠀⠀⠀⠈⠉⠉⠁
⠀⠀⣿⠀⠀⠀⠀⠀⣴⣟⣿⣄⠀⠀⠀⠺⠿⣭⣅⠀⠀⠀⣿⣧⣾⡋⠁
⠀⠀⠉⠉⠉⠀⠀⠘⡉⠉⠉⢉⠁⠀⢀⣉⠛⠛⠉⡠⠀⠀⠙⠁⠈⠙⠃
⠀⠀⣶⣶⣶⡆⠀⠀⢠⣶⣶⣶⡄⠀⠀⢠⣶⣶⣶⠀⠀⠀⢰⣶⣶⣶
⠀⠀⣿⣿⣿⡇⠀⠀⢸⣿⣿⣿⡇⠀⠀⢸⣿⣿⣿⠀⠀⠀⢸⣿⣿⣿
⠀⠀⠿⣿⣿⡇⠀⠀⢸⣿⣿⣿⡇⠀⠀⢸⣿⣿⣿⠀⠀⠀⢸⣿⣿⠿
⠀⠀⠀⠀⠉⠁⠀⠀⠸⢿⣿⣿⡇⠀⠀⢸⣿⣿⡿⠀⠀⠀⠈⠉
⠀⠀⠀⠀⠀⠀⠀⠀⠀⠀⠀⠈⠀⠀⠀⠈⠁
⣠⣤⣤⣤⣤⠱⠤⠴⠀⠤⠀⠤⠤⢄
⣿⡏⠹⠉⣻⣧⡀⠀⠀⢰⣶⠀⠀⢸
⢿⣷⠞⢳⣯⣻⣷⡌⠀⣸⣿⡀⠈⠸
⠈⠻⣷⣶⣿⡞⢻⣿⣆⠀⠀⠀⠐⠁
⠀⠀⠈⠙⠛⠧⣼⣿⠿⠓
⡆⣀⢀⣀⣀⣀⣀⣀⢂⣄⢀⣀⣀⠒⣀⣀⢀⣀⣀⣀⣀⢰
⣷⣷⣾⣿⣶⣶⣷⣧⡀⠉⠁⠁⠉⠀⠁⠉⠀⠉⠁⠈⠈⢸
⣿⣿⠀⠐⠶⠀⣨⣿⣷⡄⠀⠀⠀⠀⠀⣾⣿⡆⠀⠀⠀⢸
⣿⣿⣤⣼⣷⠤⠬⠿⣿⣿⣆⠐⠖⠀⠁⣿⣿⡎⠁⠐⠖⢸
⢹⣿⣿⣏⠀⢰⣿⣿⠶⣿⣿⣧⡀⠀⠠⠿⠿⠧⠀⠀⠀⡞
⠀⠙⢿⣿⣷⣶⣶⣶⡞⠛⣿⣿⣷⡄⠀⠀⠀⠀⠀⡠⠊
⠀⠀⠀⠙⠻⣿⣿⣿⡇⠀⠿⠿⣿⣿⣆⠀⡀⠄⠊
⠀⠀⠀⠀⠀⠀⠉⠙⠻⠿⣿⣿⠿⠟⠋⠁
⡆⢀⡀⢀⢀⡀⢀⢀⠀⡀⠂⢠⢀⢀⢀⢐⠀⠐⡀⢀⠀⢀⢀⡀⡀⡀⡀⢰
⣇⣙⣃⣛⣛⣊⣛⣙⣙⣛⠀⠛⠘⠊⠛⠙⠃⠘⠛⠙⠁⠘⠚⠋⠛⠋⠋⢸
⣿⣿⡟⠛⠛⣛⡛⠛⢿⣿⣦⡀⠀⠀⠀⠀⠀⠀⠀⣀⣴⣄⡀⠀⠀⠀⠀⢸
⣿⣿⡇⠀⢈⡉⠁⠠⣼⣿⣿⣷⡄⠀⠀⠀⠀⠀⡀⣿⣿⣿⢀⠀⠂⠀⠀⢸
⣿⣿⣷⣶⣶⣿⠷⠶⠾⠿⢿⣿⣿⣆⠐⠒⠂⠂⠀⡿⣿⣿⠀⠐⠁⠒⠂⢸
⢹⣿⣿⣿⡏⠀⠀⣾⣿⣿⣶⣿⣿⣿⣧⡀⠀⠀⢠⣿⣿⣿⡇⠀⠀⠀⢀⡎
⠀⠹⣿⣿⣿⣦⣤⣉⣉⣉⣥⠾⢿⣿⣿⣷⡄⠀⠀⠀⠀⠀⠀⠀⠀⢠⠎
⠀⠀⠈⠻⢿⣿⣿⣿⣿⣿⡇⠀⠀⣿⣿⣿⣿⣆⠀⠀⠀⠀⠀⡠⠖⠁
⠀⠀⠀⠀⠀⠉⠛⠿⣿⣿⣇⣀⣀⣛⣛⣻⣿⣿⣧⣀⠠⠐⠉
⠀⠀⠀⠀⠀⠀⠀⠀⠀⠉⠛⠻⠿⣿⣿⠿⠟⠛⠉
⠀⠀⢀⣀⣤⣶⠟⠹⣶⣤⣀⡀
⢴⢺⡿⡛⠉⠀⠀⠀⠐⠉⠛⣿⡗⡦
⠈⢧⢸⣿⣀⣀⣬⣾⣶⣶⣶⡿⡽⠁
⠀⠈⢧⣻⣼⣵⣼⣦⣯⣿⣟⡼⠁
⠀⠀⠀⠀⠀⢀⣀⣤⠴⣖⡏⢙⣶⡦⣤⣀⡀
⣀⣠⠤⣖⣺⡭⠷⠚⠋⠁⠀⠀⠀⢍⠛⠾⣯⣷⣲⡤⣄⣀
⠙⢧⡹⢋⣵⢊⠄⠀⠀⠀⢄⣀⣀⡀⠀⠀⢀⣴⣿⢟⡼⠋
⠀⠈⢳⡜⢛⣛⠧⣤⡴⠶⢶⠷⠿⡯⢽⢿⣛⡻⢫⡞⠁
⠀⠀⠀⠹⣎⣻⣤⣽⣦⣧⣼⣶⣤⣷⣼⣽⣟⣱⠏
⠀⠀⠀⠀⠀⠀⠀⠀⠀⢀⣠⡤⠶⡚⠓⡶⢤⣄⡀
⠀⠀⠀⠀⣀⣠⡴⠖⣛⣭⡴⠾⠛⠁⠀⠋⠳⠶⣭⣛⡲⢦⣄⣀
⣤⡴⢖⣋⣭⣶⠾⣛⠉⠁⠀⠀⠀⠀⠀⠀⠐⠦⠀⠙⠻⠿⢶⣭⣝⡲⢦⣤
⠈⢿⡌⢻⠋⣴⠞⣡⠀⠀⠀⠀⠀⣄⢀⣀⡀⠀⠀⠀⠀⢀⣶⣿⡿⢡⡿⠁
⠀⠀⢻⣆⠸⣿⡶⠿⠄⢀⣀⣠⣤⡤⢭⣭⣛⣓⡲⠶⠾⣿⣿⡟⣰⡟
⠀⠀⠀⠹⣧⠰⣶⣾⠉⣿⡏⢩⡍⢻⡉⠉⢹⡏⢩⡍⣷⣶⠆⣼⠏
⠀⠀⠀⠀⠙⣷⣘⣛⣒⣒⣓⣒⣒⣛⣒⣒⣚⣓⣒⣒⣛⣃⣾⠋
⠀⠀⠀⠀⢀⠀⠀⠀⠀⠀⣰⣤⣠⣧
⠀⠀⠤⠯⣉⣿⣿⣥⣴⣿⣿⣿⠟⠁
⠀⢠⣶⢫⣿⣵⣵⣿⡟⣼⡿⠋
⠀⠘⠻⠷⣽⣿⣿⣿⢿⠯⣄
⠀⠀⠀⢀⡿⠟⠘⢿⡂⠁⠸⠃
⢀⡒⠒⠛⢒⣀⡒⠚⢓⣒⣀⡀
⣸⣀⡀⡀⢸⡗⢂⠐⢯⣀⣀⡀⡀
⠀⠀⠀⠀⠀⠀⠀⠀⠀⠀⠀⠀⠀⠀⠀⠀⢰⡄⡀⢀⣼⣂
⠀⠀⠀⠀⠠⣶⠴⣶⣶⣶⣤⠤⠀⢀⣠⢴⣫⣞⡵⣻⡿⠇
⠀⠀⠀⠛⠋⢓⣠⣴⡿⢟⡫⢖⣺⣽⡟⣿⣭⣶⣿⠟
⠀⠀⢀⣴⣿⢋⣿⣏⣠⢏⣴⣿⣿⡿⣠⣿⣿⠟⠁
⠀⠀⠻⣿⣿⣄⡻⢿⣿⣟⡿⣟⣿⣶⡿⠛⠁
⠀⠀⠀⠈⠉⠛⢻⣿⣿⠿⣿⣷⡏⠳⡍⠻⣶⣄
⠀⠀⠀⠀⠀⠀⣩⡿⠋⠂⠘⢻⣟⠂⠀⠀⠸⠏
⠀⠠⡤⠤⠤⠾⠭⡄⠀⠠⣤⠤⠽⠦⠤⢤
⢰⣶⠀⠀⠀⠀⠀⣶⡖⢒⠂⠀⢠⡴⠒⠒⠒⠒
⣸⣿⣀⣠⠀⡀⠀⣿⡏⠉⡀⠀⠙⠧⣄⣀⣀⣠⠀⣀
⠀⠀⠀⠀⠀⠀⠀⠀⠀⠀⠀⠀⠀⠀⠀⠀⠀⠀⠀⠀⠀⣤⡀⠀⠀⢀⣿⢀
⠀⠀⠀⠀⠀⠀⢀⣀⣀⣠⣀⣀⣀⡀⠀⢀⠀⠀⠀⣀⣴⢟⡱⢇⣴⢟⣵⡋
⠀⠀⠀⢀⣀⣈⣽⣋⠛⠛⢻⣿⣿⡯⠉⢁⣠⠴⣚⡭⣖⡯⢖⣫⡬⠗⠋
⠀⠀⠀⠀⠋⠁⣀⣡⣴⣾⡿⠟⣩⠶⢛⣩⣶⣿⡛⡭⣶⣚⡯⢷⠊⠁
⠀⠀⠀⣠⣴⣿⡟⢩⣿⣟⢀⡼⢋⣴⣿⣿⣿⡿⢠⣿⣿⣗⡋⠁
⠀⠀⠀⣿⣿⣿⣄⠸⣿⣿⣿⣾⢿⡻⢿⣿⣏⣐⣛⣿⠟
⠀⠀⠀⠈⠻⠿⣿⣷⣦⣽⣿⣿⣷⣭⣓⠾⣽⡳⢦⣤⣄⡀
⠀⠀⠀⠀⠀⠀⠀⠈⣹⣿⣿⡟⠛⢿⣿⣿⡀⠙⡆⠈⠻⣿⡆
⠀⠀⠀⠀⠀⠀⠀⠀⣡⣿⠟⠉⠀⠉⢻⣿⡉⠂⠀⠀⠀⡽⠃
⠀⠀⣀⣀⣀⣀⣤⣞⣋⡀⠀⠀⠀⣀⣀⣙⣷⣀
⢀⣈⡈⠉⠀⠀⠀⠀⠈⣉⣀⣀⣉⡉⠉⠁⠀⢀⣉⣉⣁⣀⣀
⢸⣿⡇⠀⠀⠀⠀⠀⠀⣿⣧⣠⣤⠀⠀⢠⣾⠋⠀⠀⠀⠀⠈
⣸⣿⣇⣀⣤⠄⣀⠀⢀⣿⣇⠀⢀⡀⠀⠈⠻⠷⣤⣀⣀⣀⣤⠀⣀
⠀⣀⠴⡒⣟⣋⣹⣩⣏⡟⠶⠦⣀
⣼⠁⢋⣽⠉⠁⠀⠀⡉⠉⣯⡑⠈⣧
⢻⡀⠈⠻⣶⣸⣶⣿⣗⣴⠟⠁⢀⡟
⠀⠉⠳⠤⣤⣭⣙⣋⣭⣤⠤⠞⠉
⠀⠀⠀⣀⣤⠴⠖⡚⡛⠋⡍⡍⣹⠛⣓⠲⠦⣤⣀
⢀⣴⠞⣉⡰⢖⡭⠵⠶⠶⠶⠶⠶⠶⠯⢬⡡⢖⣉⠳⣦⡀
⣾⠏⠀⠉⣰⣿⠁⠀⠀⠀⠀⠀⠀⠄⠀⠘⣟⣆⠉⠀⠹⣷
⢿⣆⠀⠀⠹⡹⣖⢄⡐⣶⣶⣶⣾⢤⡐⣺⢏⠏⠀⠀⣰⡿
⠈⠻⢦⣀⠀⠈⠙⠳⠾⠽⣟⣻⡧⠶⠛⠋⠁⠀⣀⡴⠟⠁
⠀⠀⠀⠉⠛⠲⠦⢤⣯⣄⣃⣙⣨⣯⡤⠴⠖⠛⠉
⠀⠀⠀⠀⢀⣀⣤⡴⠶⠒⣛⠛⢛⣛⡝⢛⣛⠛⡒⠶⠦⣤⣀⡀
⠀⢀⣤⡾⠛⠩⣤⢜⣊⣣⣭⣬⣤⣴⣴⣬⣥⣤⣝⣀⡚⣢⡭⠛⢷⣤⡀
⣰⣿⠋⠐⠛⢉⡴⣿⠁⠀⠀⠀⠀⠀⠀⠀⠀⠀⠀⠈⣿⢦⡐⠛⠃⠙⣿⣆
⣿⡇⠀⠀⠀⢸⢸⣧⢀⠀⢀⣀⡀⢀⣠⣀⡤⠀⢀⣀⣿⡇⡇⠀⠀⠀⢸⣿
⠹⣿⣄⠀⠀⠈⠳⣝⣮⣳⠦⡸⣿⣿⣿⣿⠟⠷⣦⣴⣫⠞⠁⠀⠀⣠⣿⠏
⠀⠈⠛⢷⣤⣀⠀⠀⠉⠙⢛⣒⠿⡭⣽⠿⡚⢛⠋⠉⠀⠀⣀⣤⡾⠛⠁
⠀⠀⠀⠀⠈⠉⠛⠳⠶⠤⣬⣶⣬⣥⣬⣤⣬⣥⠤⠶⠞⠛⠉⠁
⠀⣀⣀⣤⣶⣿⣿⣿⣿⣶⣤⣀⣀
⢸⣿⡿⠛⣿⣿⣿⣿⣿⣿⠛⢿⣿⡇
⠛⣶⣧⣀⣻⡘⣿⢿⣇⣟⣀⣼⣶⠛
⠀⠈⠙⠻⠿⣿⣿⣿⣿⠿⠟⠋⠁
⠀⠀⠀⠀⢀⣀⣤⣴⡿⣶⡾⡷⣶⢿⣦⣤⣀⡀
⠀⣴⣿⣾⢿⣿⣷⣿⣿⣫⣭⣭⣽⣿⣷⣿⣿⣿⣶⣿⣦
⢀⣻⣿⡿⠛⠉⢸⡟⣳⡳⣾⣶⣶⣟⢻⡇⠉⠛⢾⣿⣟⡀
⠻⠤⣧⣟⡀⠀⢸⡇⠁⣿⣿⣿⣿⠇⢸⡇⠀⣀⣻⣼⠤⠟
⠀⠈⠻⣿⣿⡷⣶⣽⣶⣦⣿⣭⣽⣶⣯⢶⡾⣿⣿⠟⠁
⠀⠀⠀⠀⠉⠙⠛⠻⠿⣿⣿⣿⣾⡷⠟⠛⠋⠭
⠀⠀⠀⠀⠀⠀⢀⣀⣠⣴⡿⣶⣶⠿⡿⢶⡶⣿⣦⣄⣀
⠀⣀⣴⣶⣴⣾⡻⣿⣽⣷⡿⠞⠛⠛⠛⠛⠺⢿⣧⣽⣫⡿⢷⣦⣴⣦⣀
⠀⢾⣿⣯⣽⣼⠿⠋⢹⣿⣟⣻⣍⣽⣩⣯⣹⣿⣿⡏⠙⠿⣯⣹⣽⣿⡷
⣴⡖⢻⠛⣯⠀⠀⠀⢸⠀⠶⢶⣼⣿⣿⣶⣶⠇⢸⡇⠀⠀⠀⣽⠛⡟⢲⣦
⠈⠙⣻⣾⣷⣦⣄⡀⢸⣄⡀⠘⢿⣿⡿⣯⣏⢀⣸⠇⢀⣠⣴⣾⣷⣟⠋⠁
⠀⠀⠈⠻⢿⣿⣿⢻⡷⣲⠿⣿⣾⣿⣶⣶⣿⠿⣶⡻⣿⣻⣿⡿⠟⠁
⠀⠀⠀⠀⠀⠀⠉⠙⠛⠛⠿⢶⡿⣾⣿⠷⡿⠷⠛⠛⠋⠩⠄
⠀⢀⣤⣶⠾⣟⣛⣛⣻⠷⣶⣤⡀
⣴⣿⢋⣴⡦⢀⠙⠻⡇⢸⣦⡙⣿⣦
⢻⣿⣌⠻⣇⣸⣿⣦⣄⣸⠟⣡⣿⡟
⠀⠉⠛⠿⢶⣮⣭⣭⣵⡶⠿⠛⠉
⠀⠀⠀⢀⣠⣴⣶⣶⣿⣿⠿⠿⣿⣿⣶⣶⣤⣄⡀
⠀⣠⣾⣿⡿⢛⣩⠴⠶⠶⣶⣶⣶⠶⠦⣍⡛⢿⣿⣷⣄
⣼⣿⣿⠏⣴⣿⣿⡇⢠⣀⠈⠙⠿⣿⢸⣿⣿⣦⠹⣿⣿⣧
⢿⣿⣿⣆⠻⣿⣿⡇⢸⣿⣷⣦⣀⠀⢸⣿⣿⠟⣰⣿⣿⡟
⠀⠻⢿⣿⣷⣬⣑⠲⠶⠾⠿⠿⠿⠷⠞⣋⣥⣾⣿⡿⠟
⠀⠀⠀⠉⠛⠻⠿⢿⣿⣿⣶⣶⣿⣿⠿⠿⠟⠛⠉
⠀⠀⠀⠀⠀⣀⣤⣴⣶⣶⣿⣿⣿⣿⣿⣿⣿⣿⣶⣶⣦⣤⣀
⠀⢀⣠⣶⣿⣿⡿⠟⣛⣩⣭⣤⣶⣶⣶⣶⣤⣭⣍⣛⠻⢿⣿⣿⣶⣄⡀
⢠⣿⣿⣿⡿⢉⣴⣿⣷⡆⢀⠀⠈⠛⠿⣿⣷⡆⢰⣾⣿⣦⡉⢿⣿⣿⣿⡄
⣿⣿⣿⣿⠀⣿⣿⣿⣿⡇⢸⣿⣦⣄⡀⠈⠙⠃⢸⣿⣿⣿⣿⠀⣿⣿⣿⣿
⠹⣿⣿⣿⣷⣈⠻⣿⡿⠃⡘⢿⣿⣿⣿⣶⣤⡀⢸⣿⣿⠟⣁⣾⣿⣿⣿⠏
⠀⠈⠛⢿⣿⣿⣷⣦⣭⣙⣛⠛⠿⠿⠿⠿⠛⣛⣋⣭⣴⣾⣿⣿⡿⠛⠁
⠀⠀⠀⠀⠈⠉⠛⠻⠿⠿⣿⣿⣿⣿⣿⣿⣿⣿⠿⠿⠟⠛⠉⠁
⠀⠀⣀⣀⡤⣬⣥⣬⣥⣤⣀⣀
⣴⣿⣿⣿⢠⠶⢴⡶⡴⠞⠛⠛⢛⣦
⠈⠛⠿⠤⣴⣿⣿⣿⣿⣿⠿⠟⠛⠁
⠀⠀⠀⠀⠀⠀⠀⠀⠀⠒⠀⠀⠒
⠀⢀⡀⢄⠐⢢⠏⠐⠓⠲⠓⠚⠒⠚⠒⠓⠐⠂⡤⢀⡀
⡔⣡⣉⣉⣹⣋⠁⣰⣶⠦⣶⣖⢶⣰⠎⠉⠉⠛⠉⠉⠊⢢
⠑⢜⠤⣤⠧⠀⠀⠨⠤⠬⠭⠤⠬⠥⠤⠤⠤⢤⣤⠤⡃⠊
⠀⠀⠀⠉⠐⠂⠶⠒⡖⠶⣶⡶⢶⢲⠒⠲⠐⠂⠈
⠀⠀⠀⠀⠀⠀⠀⠀⠀⠀⠀⠐⠂⠀⠀⠐⠂
⠀⠀⠀⢀⡀⠤⣄⣢⠖⠠⠾⣬⣽⣭⣽⣯⣭⣯⣤⣶⡂⣤⠤⣀⡀
⢀⡔⣺⠴⠿⠶⣶⠷⠆⢀⣀⣀⡀⣀⣀⣀⡀⣐⣲⠶⠶⠶⠶⠷⠮⣗⣢⡀
⣗⢴⡷⠶⠶⡶⠷⠖⠀⠼⠛⠛⠭⠽⠷⠸⠷⠟⠁⠀⠀⠀⠀⠤⠤⢬⡄⢻
⠈⠫⢽⡒⣾⠓⠀⠤⠴⠶⠶⠶⠶⠶⠶⠶⠶⠶⠶⠶⠶⠶⠶⣶⢖⡫⠜⠁
⠀⠀⠀⠈⠁⠒⠋⠩⠟⠛⣿⣻⣻⣻⣛⢛⣟⣿⠛⠻⠏⠙⠃⠈⠁
⠀⣀⣤⠶⣾⣻⣟⣟⣿⣷⢶⣤⣀
⣼⣿⣿⣿⣿⡿⣻⣟⢿⣿⣿⣿⣿⣧
⢻⣿⣿⣿⣫⢺⣿⣿⡗⣝⣿⣿⣿⡟
⠀⠉⠛⠿⢿⣿⣿⣿⣿⡿⠿⠛⠉
⠀⠀⠀⣀⣤⣴⣶⡾⠿⣿⡟⢿⢻⣿⢷⣶⣦⣤⣀
⠀⡤⣪⣵⣯⣜⡴⣧⣾⣾⢳⡟⣾⣷⣯⣳⣑⣿⣮⣕⢤
⣾⢱⣿⣿⣿⢫⣾⣿⡿⢋⣾⣷⡙⢿⣿⣷⡝⣿⣿⣿⡎⣷
⢿⡸⣿⣿⣿⣜⢟⣫⠖⣻⣿⣿⣟⠢⣝⡻⣣⣿⣿⣿⢇⡿
⠀⠓⢝⡻⣿⣿⣷⣾⣬⣿⣿⣿⣿⣥⣷⣾⣿⣿⢟⡫⠚
⠀⠀⠀⠉⠓⠻⠿⢿⣿⣿⣿⣿⣿⣿⡿⠿⠟⠚⠉
⠀⠀⠀⠀⢀⣀⣤⣴⣖⣶⠿⣿⣿⡟⣿⡿⢿⣿⢶⣲⣦⢤⣀⡀
⠀⢀⡤⢞⣭⣖⡩⠞⣽⣇⡴⣶⣽⢣⡒⣦⣿⡥⣞⠫⡝⢭⣶⣭⡳⢤⡀
⣠⠟⣴⣿⣿⣿⣿⢛⣵⣾⣿⣿⢏⣾⣷⡹⣿⣿⣷⣯⡛⣿⣿⣿⣿⣦⠻⣄
⣿⢸⣿⣿⣿⣿⡇⣿⣿⡿⢟⣡⣾⣿⣿⣷⣌⡻⢿⣿⣿⢸⣿⣿⣿⣿⡇⣿
⠙⣦⠻⣿⣿⣿⣷⣬⡡⢶⠏⣵⣾⣟⣻⣷⣮⠹⡶⢌⣡⣾⣿⣿⣿⠟⣴⠋
⠀⠈⠓⢮⣛⠿⣿⣿⣿⣿⣶⣾⣿⣽⣯⣿⣷⣶⣿⣿⣿⣿⠿⣛⡵⠚⠁
⠀⠀⠀⠀⠈⠉⠓⠺⠯⠿⣿⣿⣿⣿⣿⣿⣿⣿⠿⠽⠗⠚⠉⠁
⠀⢤⣠⣥⣤⣤⡄⠀⣤⣤⣬⣄⡤
⠀⠀⠀⠂⠒⠂⠈⠩⠀⠐⠐
⠀⠀⠀⠀⢸⠉⠉⠉⠉⠉⠭⠭⠉⠉⠉⠉⠉⡇
⠀⠈⣻⣤⡾⢿⣿⢿⣶⠿⠗⠀⠺⣿⡿⣿⡿⢷⣤⣟⠁
⠈⠁⠀⠀⢸⠈⡤⣴⡌⡀⠚⠛⡃⡁⢴⠤⠁⡇⠀⠀⠈⠁
⠀⠀⠀⠀⠀⠑⠢⠥⣐⣃⣃⣃⣉⣈⠠⠔⠊
⠀⠀⠀⠀⠀⢰⡏⠉⠉⠉⠉⠉⠉⣭⣭⡉⠉⠉⠉⠉⠉⢹
⠀⠀⠒⡶⣀⣬⣷⣶⣿⣶⣦⣴⣶⡄⠀⢠⣶⣷⣶⣿⣶⣾⣤⣀⢶⠒
⠠⠤⠖⠞⠛⢋⡍⠿⠛⠘⠻⠉⠉⣠⣤⣄⡩⠟⠃⠛⠿⢩⡙⠛⠳⠲⠤⠄
⠀⠀⠀⠀⠀⠘⣇⠐⢚⡿⠖⢠⠄⡄⣀⢤⡐⣔⠫⠟⠂⣸⠂
⠀⠀⠀⠀⠀⠀⠈⠙⠲⠤⢄⣉⣘⣃⣘⣈⣀⡨⠥⠖⠋⠁
⠀⠀⠀⠀⢴⣶⣾⣶⣶⣦
⠐⠲⢆⢰⣶⢫⣿⣯⡝⣶⡆⡰⠖⠂
⠀⠀⠀⠈⠑⠸⢏⡱⠆⠊⠁
⠀⠀⠀⠀⠀⠀⣀⢤⣔⣒⣾⣧⣒⣢⡤⣀
⠀⠀⠀⠀⠀⠀⠙⠻⣿⣿⣿⣿⣿⡿⠟⠋
⠈⠛⠿⣿⠉⢹⣿⡿⢩⣖⣗⣲⣢⠍⢫⣿⡏⠉⣿⠿⠛⠁
⠀⠀⠀⠀⠙⠚⢿⡙⢺⣗⡓⢞⣪⡕⢋⡿⠗⠋
⠀⠀⠀⠀⠀⠀⠀⠈⠙⠻⢇⡨⠟⠋⠁
⠀⠀⠀⠀⠀⠀⠀⠀⣀⣀⡤⠔⢦⣼⣧⡴⠢⢤⣀⣀
⠀⠀⠀⠀⠀⠀⠀⠈⢳⣾⣿⣿⣿⣿⣿⣿⣿⣿⣷⡼⠃
⠠⢤⡤⣤⣤⠤⠤⣤⣤⢤⡽⣛⣻⣍⣭⣙⡛⢯⡤⣤⣤⠤⠤⣤⣤⢤⡤⠄
⠀⠀⠈⠙⠻⢄⡀⣿⣿⢯⠀⣿⢲⡗⢺⡖⡯⠀⡽⣿⣿⢀⡠⠟⠋⠁
⠀⠀⠀⠀⠀⠀⠈⠙⠻⢄⡉⣶⣬⠭⠩⣥⣶⢋⡠⠟⠋⠁
⠀⠀⠀⠀⠀⠀⠀⠀⠀⠀⠈⠙⠻⢄⡠⠟⠋⠁
⠀⠀⢀⣠⣤⣤⣼⣧⣤⢤⣄⡀
⠀⠀⣈⣹⡿⠿⠿⠿⠿⢿⣏⣁
⣰⣾⣿⣿⣿⣶⣶⣶⠶⠿⠙⢿⣷⣆
⢿⣿⣇⡻⣿⣻⣿⣿⣿⣶⣤⣼⣿⡿
⠀⠙⠻⠤⢤⣈⣛⣉⣙⡿⠿⠟⠋
⠀⠀⠀⠀⠀⢀⣀⣀⠤⠄⢺⡗⠠⢤⣀⣀⡀
⠀⠀⠀⢀⢾⣿⣾⣹⣿⣿⣯⣽⣿⣿⣯⣷⣿⠷⡀
⠀⠀⠀⠀⣀⣩⣿⡿⠿⠿⠿⠿⠿⠿⢿⣿⣍⣀
⠀⣠⢖⣿⢿⣻⣭⡶⢤⣤⣤⣤⡤⡴⣾⠿⢿⡿⣿⡲⣄
⡼⣵⡿⣵⠻⡟⣩⣾⣿⣾⣽⣯⣟⡉⠓⠛⠀⠙⣎⢿⣮⢧
⢧⢿⣧⢷⡈⢧⡻⣝⠻⣿⢹⣿⣿⣿⣷⣦⣀⣀⡟⣼⡿⡼
⠈⠳⣝⣷⡟⠂⠉⠛⠛⢯⣺⠿⠯⣿⣾⣿⣿⣿⣾⣫⠞⠁
⠀⠀⠀⠉⠛⠻⠶⢦⣤⣤⣤⣤⣤⣤⡽⠿⠟⠛⠉
⠀⠀⠀⠀⠀⠀⠀⠀⠀⢀⣠⡤⠤⢼⡧⠤⢤⣄⡀
⠀⠀⠀⠀⠀⡠⣲⣯⣽⠵⣷⣶⣶⡞⢳⣶⣶⣾⠎⣯⣽⣖⢄
⠀⠀⠀⠀⠘⠁⠻⣿⢿⣿⣿⣿⣿⣿⣿⣿⣿⣿⣿⡿⡿⠟⠈⠂
⠀⠀⠀⠀⣀⡤⣶⣾⣿⠟⠛⠛⠛⠛⠛⠛⠛⠛⠻⣿⣷⣦⢤⣀
⠀⣠⠴⣫⣷⠿⣻⣽⣮⣝⠲⠤⣴⣶⣶⡦⠤⠖⣯⡗⠯⣟⠿⣾⣝⠦⡀
⣴⢣⣾⡟⣱⠿⣿⠟⣩⣶⣿⣷⣮⣟⣫⣵⠚⠙⠲⠝⠂⠈⠳⡌⢻⣷⡙⣆
⣿⢸⣿⡅⣯⠀⢿⠐⣟⠿⣿⣿⡟⢻⣿⣿⣿⣶⣤⣀⠀⠀⠀⡿⢸⣿⡇⣿
⠙⣎⢻⣷⣜⠦⣌⠓⢮⣓⡦⢽⡇⢹⣿⡿⠿⢟⣛⣿⣿⣶⠞⣡⣾⠟⣱⠋
⠀⠈⠓⢮⣻⢯⣁⡀⠀⠀⠉⠙⠧⠵⠋⠙⠻⢿⣿⣿⣿⣿⡿⣛⡵⠚⠁
⠀⠀⠀⠀⠈⠉⠛⠻⠿⠶⣶⣶⣤⣤⣤⣤⣶⣶⠾⠿⠟⠛⠉⠁
⡏⠉⠀⠀⠀⠀⠀⠀⠀⠀⠀⠈⠉⢹
⠀⠄⠀⠀⠀⠀⠀⠀⠀⠀⠀⠀⠀⠈
⡀⠀⠀⠀⠀⠀⠀⠀⠀⠀⠀⠀⠀⢀
⣇⡀⠀⠀⠀⠀⠀⠀⠀⠀⠀⠀⢀⣸
⣿⣿⣿⣶⣤⣄⡀⢀⣠⣤⣶⣿⣿⣿
⣿⠋⠉⠩⣭⣉⠁⠠⣤⠀⢠⡄⠀⣤⠄⠉⣉⣭⠍⠉⠙⣿
⡟⠂⠐⠀⠀⠈⠑⠂⠀⠓⠚⠒⠚⠀⠒⠋⠁⠀⠀⠂⠀⢻
⡇⠘⠣⠄⡁⢸⠅⠠⡇⢸⠅⠨⡃⢸⠄⠨⡇⢸⠀⢸⡇⢸
⡇⠀⠂⠀⠁⠈⠁⠀⠁⢈⡁⢈⠁⠈⠀⠈⠁⠘⠀⠘⠃⢸
⣿⠀⠀⠀⠀⠀⠀⠰⠀⠀⠀⠀⠀⠀⠆⠀⠀⠀⠀⠀⠀⣿
⣿⣷⣦⣤⣀⡀⠀⠀⠀⠀⠀⠀⠀⠀⠀⠀⢀⣀⣤⣴⣾⣿
⣿⣿⣿⣿⣿⣿⣿⣶⣤⣄⣀⣀⣠⣤⣶⣿⣿⣿⣿⣿⣿⣿
⣿⡟⠛⢉⣉⣉⡉⠉⠉⢭⣭⡀⠀⢤⡤⠈⢉⣭⡭⠉⠉⢉⣉⣉⡙⠛⢻⣿
⣿⣇⠀⣀⣀⠉⠙⠓⣦⣄⡉⣻⣄⣸⣇⣠⡟⢁⣠⡴⠚⠋⠉⣀⣀⠀⣸⣿
⡇⠀⣤⠤⠤⣄⠀⣤⠤⠤⣤⠀⣤⠤⠤⣤⠀⣤⠤⠤⣤⠀⣤⠀⠀⣤⠀⢸
⡇⠀⠉⠒⠢⣄⠀⣿⠒⠒⣿⠀⣿⠒⠒⣯⠀⣿⠒⠒⣿⠀⣿⠒⠒⣿⠀⢸
⡇⠀⠙⠒⠒⠉⠀⠉⠀⠀⠉⢀⣉⡉⢉⣉⡀⠉⠀⠀⠉⠀⠙⠀⠀⠛⠀⢸
⣿⡇⠀⠀⠀⠀⠀⠀⠀⢠⠀⡀⠀⠉⠉⠀⢀⠀⡄⠀⠀⠀⠀⠀⠀⠀⢸⣿
⣿⣧⣀⡀⠀⠀⠀⠀⠀⠀⠁⠀⠀⠠⠄⠀⠀⠈⠀⠀⠀⠀⠀⠀⢀⣀⣼⣿
⣿⣿⣿⣿⣷⣶⣤⣄⡀⠀⠀⠀⠀⠀⠀⠀⠀⠀⠀⢀⣠⣤⣶⣾⣿⣿⣿⣿
⣿⣿⣿⣿⣿⣿⣿⣿⣿⣿⣶⣦⣤⣀⣀⣤⣴⣶⣿⣿⣿⣿⣿⣿⣿⣿⣿⣿
⠀⠀⢀⣠⠴⠒⣛⣛⠒⠦⣄⡀
⢀⠔⠉⣴⢠⡿⢫⡝⢿⡄⣦⠉⠢⡀
⠎⣼⣦⣙⠊⠷⠹⠏⠾⠑⣋⣴⣧⠱
⢇⢦⣠⢠⡩⡄⢢⡄⢰⢉⢦⣰⠐⡸
⠈⠢⣙⠿⣿⣿⡿⢿⣿⣿⠿⣋⠔⠁
⠀⠀⠈⠙⠲⠭⣭⣩⠭⠖⠋⠁
⠀⠀⠀⠀⠀⠀⣀⣤⠴⠶⠛⠛⠶⠦⣤⣀
⠀⠀⠀⣠⠖⠋⠉⠀⣠⣶⡾⢷⣶⣄⠀⠉⠙⠲⣄
⠀⡰⠋⠀⠀⠀⠀⣾⣿⠋⠀⠀⠙⣿⣷⠀⠀⠀⠀⠙⢆
⡘⠀⠀⠀⠀⠀⠀⡙⢿⡀⠀⠀⢀⡿⢋⠀⠀⠀⠀⠀⠀⢃
⡇⠀⠀⠀⠀⠀⠀⠀⠀⠁⠀⠀⠈⠀⠀⠀⠀⠀⠀⠀⠀⢸
⢡⠀⢧⠸⠆⢸⢀⠞⢦⠀⡢⣆⠀⢰⠀⠴⠳⠀⠇⠈⠁⡌
⠀⠱⣌⠛⢿⣿⣿⣶⣶⣶⣲⣒⣲⣶⣾⣿⣿⡿⠛⣡⠎
⠀⠀⠀⠙⠦⣌⣙⠛⠿⢿⣮⣵⡿⠿⠛⣋⣡⠴⠋
⠀⠀⠀⠀⠀⠀⠉⠛⠲⠶⣤⣤⠶⠖⠛⠉
⠀⠀⠀⠀⠀⠀⠀⠀⢀⣀⣤⡴⠶⠿⠿⠶⢦⣤⣀⡀
⠀⠀⠀⠀⢀⣠⡴⠞⠋⠉⠀⣀⣤⣴⣦⣤⣀⠀⠉⠙⠳⢦⣄⡀
⠀⠀⢀⠴⠋⠁⠀⠀⠀⣠⣾⣿⠟⠉⠉⠻⣿⣷⣄⠀⠀⠀⠈⠙⠦⡀
⠀⡴⠁⠀⠀⠀⠀⠀⠀⣿⣿⠃⠀⠀⠀⠀⠘⣿⣿⠀⠀⠀⠀⠀⠀⠈⢦
⡼⠀⠀⠀⠀⠀⠀⠀⠀⠈⠻⣆⠀⠀⠀⠀⣰⠟⠁⠀⠀⠀⠀⠀⠀⠀⠀⢧
⡇⠀⠀⠀⠀⠀⠀⠀⠀⠀⠀⠀⠀⠀⠀⠀⠀⠀⠀⠀⠀⠀⠀⠀⠀⠀⠀⢸
⢳⠀⠸⡆⢸⡆⠐⡆⢀⡴⣄⠀⠰⣤⡴⠀⠀⣶⠀⣠⠶⣄⢀⡏⠀⠋⠀⡞
⠀⠳⡀⠐⢶⣶⣤⣥⣬⣤⣬⣥⣬⣥⣭⣤⣤⣭⣤⣥⣤⣬⣶⡶⠂⢀⠞
⠀⠀⠈⠲⣄⡙⠻⢿⣿⣿⣿⣷⡞⠺⠖⢲⣿⣿⣿⣿⡿⠟⢋⣠⠖⠁
⠀⠀⠀⠀⠈⠙⠳⢦⣄⣉⠙⠛⠻⠶⠶⠟⠛⠋⣉⣠⡴⠞⠋⠁
⠀⠀⠀⠀⠀⠀⠀⠀⠈⠉⠛⠳⠶⣶⣶⠶⠞⠛⠉⠁
⠀⠀⠀⠀⢄⣀⣀⠐⠀⠠⠀⡀
⠀⡈⢠⣾⣿⣿⣿⠀⢤⡤⠀⠁⠂
⠀⠂⠘⢿⣿⣿⣿⠀⠀⠀⠀⠀⠁
⠀⠀⠀⠀⠈⠉⠉⢠⠀⠆
⠀⠀⠀⣀⠤⠀⣄⡰⢍⠏⠧⠠⢮⠉⢀⣰⣤⠤⣀
⠀⡴⣪⣄⡂⣔⣥⣶⣾⣿⣿⠀⠀⠀⠈⠀⠐⢻⣒⣑⢦
⡞⢠⣠⠄⣾⣿⣿⣿⣿⣿⣿⠀⠬⢷⡾⠧⠀⠀⠘⢡⡀⢳
⢧⠢⠎⠆⢿⣿⣿⣿⣿⣿⣿⠀⠀⠀⠁⠀⠀⠀⠀⠓⠒⡼
⠀⠳⢄⠀⠀⣉⡛⠿⡿⣿⣿⠀⠀⠀⠀⢀⠀⠀⠀⡠⠞
⠀⠀⠀⠉⠚⠠⠄⠧⢜⣀⡇⢸⣿⢆⠏⠢⠝⠃⠉
⠀⠀⠀⠀⢀⣀⠤⢔⣒⠲⣍⣹⠉⡏⢉⡽⡍⠉⠐⣒⢤⠤⣀⡀
⠀⢀⡤⣊⡑⠤⣀⢜⣫⣭⣶⣷⣶⣶⠀⠀⠈⠀⠈⠉⠉⠵⣶⠮⠓⢤⡀
⣠⢋⠈⠉⠓⣫⣾⣿⣿⣿⣿⣿⣿⣿⠀⠀⢲⣤⣤⡖⠀⠀⠅⢸⣞⣃⡙⣄
⡇⢘⢛⡫⡀⣿⣿⣿⣿⣿⣿⣿⣿⣿⠀⠉⠉⠹⠋⠉⠁⠀⠀⠀⢖⣓⡂⢸
⠹⣌⠈⠈⠁⠙⢿⣿⣿⣿⣿⣿⣿⣿⠀⠀⠀⠀⠀⠀⠀⠀⠊⠈⠉⠀⣠⠏
⠀⠈⠓⢄⡀⠀⣠⣬⠝⣛⣻⠿⠿⠿⠀⠀⠀⠀⡀⠠⣀⠀⡀⢀⡠⠚⠁
⠀⠀⠀⠀⠈⠉⠒⠢⠬⠧⢜⣁⣸⣋⣘⣯⣷⣈⠏⠽⠆⠛⠉⠁
⠀⢀⣠⠤⣖⠚⣟⣻⣳⢲⠤⣄⡀
⣶⠏⠀⣠⣾⣟⡋⢙⣻⣷⣄⠀⠹⣶
⠹⣄⠀⡻⢿⣶⣧⣼⣶⡿⢟⡀⢠⠏
⠀⠙⠶⢵⣵⣋⣉⣹⣡⣱⡵⠾⠋
⠀⠀⠀⠀⢀⣀⡤⠴⠶⢚⡛⢛⡓⢶⠦⢤⣀⡀
⢀⣠⣴⠞⠋⠁⢘⣲⣽⣬⣧⣼⣥⣿⣔⡓⠈⠙⠳⣦⣄⡀
⣿⣿⠁⠀⢀⣴⣿⣿⣿⣙⡃⢘⣋⣿⣿⣿⣶⡀⠀⠈⣿⣿
⠹⣿⠀⠀⠘⢿⣿⣧⣬⣭⣅⣨⣭⣥⣼⣿⡿⠃⠀⠀⣿⠏
⠀⠙⢷⣄⡠⢖⣡⠛⡿⠿⠿⠿⠿⠿⢛⡨⣔⠒⣠⣾⠋
⠀⠀⠈⠙⠿⠷⢦⣭⣥⣃⣘⣘⣧⣽⣬⡵⠶⠿⠋⠁
⠀⠀⠀⠀⠀⠀⢀⣀⣤⣤⠶⠶⢿⠿⠿⠿⠶⠶⣤⣤⣀⡀
⠀⠀⣀⣤⡶⠟⠋⠉⠲⢦⣙⣆⣻⣧⣼⣏⣐⣟⠠⡶⠊⠙⠻⢶⣤⣀
⣴⣿⡿⠋⠀⠀⢀⣴⣾⣿⣿⠿⠿⠏⠹⠿⠿⣿⣿⣷⣦⡀⠀⠀⠙⢿⣿⣦
⢻⣿⡇⠀⠀⠀⣿⣿⣿⡿⠿⠷⠾⠇⠸⠷⠾⠿⢿⣿⣿⣿⠀⠀⠀⢸⣿⡟
⠈⢿⣧⡀⠀⠀⠙⢿⡿⣿⣿⣟⣿⣷⣾⣿⣻⣿⣿⢿⡿⣋⠀⠀⢀⣼⡿⠁
⠀⠀⠹⢿⣦⣔⠛⣡⡦⢉⡟⢛⡛⠿⢟⡛⢛⡛⢭⣕⠲⢍⣉⣴⣿⠟
⠀⠀⠀⠀⠙⠻⠿⠷⢶⣭⣥⣬⣤⣯⣬⣿⣤⣭⣤⡷⠾⠿⠟⠋
⠀⠀⠲⠶⠤⣚⣯⣭⣁⡴⠒⠖
⣰⡶⠖⣻⣽⣽⣭⣯⣯⣯⣛⢶⣶⣆
⠭⠭⠭⣽⣿⣿⣿⣽⣿⣿⣯⠭⠭⠭
⠉⢭⡭⣭⣿⣿⣿⣷⣼⣿⣭⣭⡭⠉
⠀⠀⠉⠓⠿⢿⣿⣿⡿⠿⠚⠉
⠀⠀⠀⢤⣴⣒⣂⡀⢴⣟⣉⣉⣉⡀⢀⣶⣖⣢⡤
⠀⠀⠀⢀⣒⣒⣩⣥⣴⠶⠶⣶⠶⣦⣬⣥⣀⣀⡀
⢠⣿⡿⠿⠙⣩⣬⣧⣼⣶⣶⣿⣾⣧⣮⣤⣙⠝⣻⢿⣿⡄
⠛⠛⠓⠒⠚⢯⣿⣿⣿⣿⡿⠉⣻⣿⣿⣿⡽⠛⠒⠛⠛⠛
⢛⣛⣛⣛⣛⣸⣿⣿⣿⣿⢯⣍⠻⣿⣿⣿⣇⣛⣛⣛⣛⡛
⠈⢩⣉⣉⣉⣡⣝⣿⣿⣷⣾⣿⣆⣾⣿⣫⣌⣉⣉⣉⡍⠁
⠀⠀⠙⠯⣦⣙⣟⠟⠿⡿⢿⠿⡿⡟⢿⢿⣩⣯⠽⠋
⠀⠀⠀⠀⠀⠉⠙⠛⠿⢿⣿⣿⡿⠿⠛⠋⠉
⠀⠀⠀⠀⣠⣤⠖⣒⣀⠀⢠⣶⡟⠉⠉⠉⠓⠀⢀⣴⡶⠢⢤⣄
⠀⠀⠀⠀⠉⠩⠭⠭⠟⣃⣀⣉⣉⣉⣉⣉⣉⣀⣚⠛⠉⠉⠉⠁
⠀⣠⣤⣤⣶⣶⠶⠿⢻⣯⠛⡏⢹⡉⣿⠉⣭⠟⣹⠟⢻⡶⣶⣶⣤⣤⣄
⢰⣿⣿⠫⢛⢢⣵⣾⣶⣾⣿⣿⣿⣿⣿⣿⣿⣿⣷⣾⣦⣴⡩⠭⣙⣿⣿⡆
⠛⠛⠛⠛⠓⠛⡛⣵⣿⣛⣿⣿⣿⠯⠈⢹⣿⣿⣿⣿⣮⢛⠛⠛⠛⠛⠛⠛
⠛⠛⠛⠛⠛⠛⡇⣿⣿⣻⣿⣯⣽⣛⣚⠻⣿⣿⣿⣿⣿⢸⠛⠛⠛⠛⠛⠛
⠘⠛⠛⠛⠛⠛⠓⢝⢿⣿⣟⣿⣧⣬⣿⣆⢈⣿⣿⡿⡫⠚⠛⠛⠛⠛⠛⠃
⠀⠈⠻⣿⡿⠛⠿⣿⣷⣯⣿⣿⣿⣿⣿⣷⣿⣿⣽⣾⡿⣿⠻⠿⣿⠟⠁
⠀⠀⠀⠈⠙⠻⢧⣼⣧⣋⣍⣹⡏⣿⣟⢿⣹⣏⣿⣹⣦⡶⠟⠋⠁
⠀⠀⠀⠀⠀⠀⠀⠈⠉⠛⠻⠿⢿⣿⣿⡿⠿⠟⠛⠉⠁
⡇⣴⣯⣗⢛⣖⢠⡶⣴⣿⣗⣛⣶⢸
⢣⠸⠛⠿⠖⠛⢸⠇⠸⡛⠿⠶⠛⡜
⠀⠑⢶⣲⢾⣿⣿⣿⣷⡷⣲⡶⠊
⠀⠀⠀⠈⠙⠻⢯⡭⠗⠋⠁
⡏⠀⣤⣶⣛⠤⠴⢶⣤⠄⣀⣤⡄⣠⣴⣒⡦⠴⠶⣤⠤⢹
⣇⠈⢛⣛⣻⡿⠆⠸⣿⠖⢺⣿⠈⢛⣛⣛⣿⠖⠚⣿⡦⣸
⠘⡄⠻⠉⠙⢛⠛⡋⠉⠀⢸⡛⠀⠻⢉⡙⡛⠻⠛⠉⢡⠃
⠀⠈⠢⣤⣤⢖⣒⣒⣶⣩⣿⣩⣟⣷⣖⣒⠤⣤⣤⠔⠁
⠀⠀⠀⠈⠙⠳⣤⣖⣚⣳⣟⣾⣷⣛⣒⣴⠞⠋⠁
⠀⠀⠀⠀⠀⠀⠀⠉⠙⠳⢦⡴⠖⠛⠉
⡏⠉⠉⣭⣭⠿⣯⣉⣽⣯⣍⣉⠉⢉⣉⣉⠉⣩⣭⠭⢭⣍⣭⣯⣍⣉⡉⢹
⣇⠀⢾⣿⣿⣿⣷⣤⠀⢸⣿⣅⡀⣿⣷⠭⢴⣿⣿⣿⣷⣦⡤⣤⣿⣧⡀⢸
⢻⠀⣀⣴⣶⣶⣟⣋⣀⣈⣿⡟⠁⢸⣿⠀⢀⣴⣶⣶⣾⣛⣁⣀⣹⣿⠁⡟
⠈⢧⠉⠒⠀⠈⠉⢛⢛⣉⠀⠀⠀⣸⣉⠀⠈⠓⣂⡈⢉⠛⠛⠉⠀⠁⡼⠁
⠀⠀⠳⣄⣤⡤⠤⠤⠤⠶⣶⡞⣩⣟⣉⣽⣓⣲⠶⠤⠤⠤⢤⣤⣠⠞
⠀⠀⠀⠈⠓⢝⣦⣙⠛⣫⣭⣿⣭⣿⣭⣿⣭⣯⣍⡉⣁⣴⡫⠚⠁
⠀⠀⠀⠀⠀⠀⠈⠚⠿⣦⣴⡶⠞⠓⠛⠚⣓⣦⣴⠿⠓⠁
⠀⠀⠀⠀⠀⠀⠀⠀⠀⠀⠉⠛⠿⢶⡶⠿⠛⠉
⢀⣿⣿⣿⣿⠿⢿⢿⣿⣿⣿⠿⠋⠁
⣼⣿⣿⣿⣿⣿⣿⣿⣿⣿⣿⣦⡀
⠀⢰⣿⣿⣿⣿⣿⣿⣿⣿⣿⣿⣿⣿⣿⣿⣿⣿⣿⡿⠟⠁
⠀⣼⣿⣿⣿⣿⣽⡿⠋⠉⢻⢿⣿⡽⣿⣿⣿⠟⠋
⢠⣿⣿⣿⣿⣷⣟⣿⣿⣿⣿⣿⣻⣿⣿⣿⣿⣦⡀
⣼⣿⣿⣿⣿⣿⣿⣿⣷⣿⣿⣿⣿⣿⣿⣿⣿⣿⣿⣦⡀
⠀⠀⣾⣿⢿⣿⣿⣿⣿⣿⡿⣿⣿⣿⣿⣿⡿⣿⣿⢿⣿⣿⣿⣿⣿⡿⠟⠁
⠀⢰⣿⣿⣷⣿⣿⣟⣻⣿⠿⠷⠿⣿⣷⣿⣟⣿⣿⣾⣿⣿⣿⠟⠉
⠀⣼⣿⣿⣿⣿⣿⣺⣿⣯⣤⣤⣤⣻⣬⣿⡿⣽⣿⣿⣿⣯⡀
⢠⣿⣿⣿⣿⢿⣿⢿⣾⣿⣿⣿⡿⣿⣿⣴⣿⢿⣿⣿⣿⣿⣿⣄
⣼⣿⣿⣿⣿⣾⣿⣷⣿⣿⣿⣿⣿⣷⣿⣿⣿⣿⣿⣿⣿⣿⣿⣿⣷⣄
⠀⣀⣴⣶⣿⣾⡆⢰⣯⣽⣶⣦⣀
⢰⡿⢫⣶⠶⣿⣇⣸⣿⣶⣶⡟⢿⡆
⠘⢿⣮⣟⠋⣿⣿⣿⣿⠙⣻⣵⡿⠃
⠀⠀⠉⠛⠳⠿⠃⠘⠿⠞⠛⠉
⠀⠀⠀⠀⠀⠀⠀⠀⠀⠀⠐⠂
⠀⠀⠀⠈⢀⣀⣤⣄⡤⣠⠐⠂⣄⣤⢤⣄⣀⡀⠁
⠀⢀⣴⣾⣿⠿⠿⢷⣿⣿⠀⠀⣿⣿⠾⠿⠿⣿⣷⣦⡀
⢰⣿⠿⠋⣵⣿⠶⠶⣿⣿⡀⢠⣿⣿⢰⣶⣿⣮⠙⠿⣿⡄
⠘⣿⣷⣤⡻⢿⠶⠶⣿⣿⣿⣿⣿⣿⠸⠿⡿⢟⣤⣾⣿⠃
⠀⠈⠻⢿⣿⣷⣤⡀⣿⣿⠹⠃⣿⣿⢀⣤⣾⣿⡿⠛⠁
⠀⠀⠀⠀⠈⠉⠙⠛⠒⠙⠀⠀⠋⠒⠛⠋⠉
⠀⠀⠀⠀⠀⠀⠀⠀⠀⠤⠀⠀⠀⠠⠄⠀⠀⠀⠤
⠀⠀⠀⠀⠐⠂⠀⠀⣀⠀⠀⠀⠀⠠⠄⠀⠀⠀⠀⣀⠀⠀⠐⠂
⠀⠀⠀⠀⣠⣤⣶⣶⣿⠧⣚⣵⡇⠀⠀⢸⣮⣋⢹⣧⣶⣶⣤⣀
⠀⢀⣴⣿⣿⣿⠟⣛⠛⠻⣿⣿⡇⠀⠀⢸⣿⣿⠛⠛⣛⠻⣿⣿⣿⣦⡀
⢀⣿⣿⠿⠋⣴⣾⣿⠶⠶⣿⣿⣷⡀⢀⣾⣿⣿⢰⣶⣿⣷⣦⠙⠿⣿⣿⡀
⠘⣿⣷⣦⡀⢿⣿⣿⣤⣤⣿⣿⣿⣷⣾⣿⣿⣿⢸⣿⣿⣿⠿⣀⣴⣾⣿⠃
⠀⠙⢿⣿⣿⣷⣬⡋⠀⠀⣿⣿⡟⢿⡿⢻⣿⣿⠀⠀⢉⣥⣾⣿⣿⡿⠃
⠀⠀⠀⠉⠛⠿⣿⣿⣷⣄⡻⢿⡇⠈⠁⢸⡿⢟⣤⣾⣿⣿⠿⠛⠉
⠀⠀⠀⠀⠀⠀⠀⠈⠉⠉⠛⠒⠁⠀⠀⠈⠒⠛⠉⠉⠁
⢸⣿⣿⣿⣿⡛⠋⠙⢛⣿⣿⣿⣿⡇
⠀⢿⣿⣿⡿⠁⣠⣄⠈⢿⣿⣿⡿
⠀⠸⣿⣟⣀⣠⣤⣤⣄⣀⣻⣿⠇
⠀⠀⠉⠻⠿⢿⣿⣿⡿⠿⠟⠉
⠘⣿⣿⣿⣿⣿⣿⣿⣿⣿⠏⠹⣿⣿⣿⣿⣿⣿⣿⣿⣿⠃
⠀⢻⣿⣿⣿⣿⣿⣿⡶⠀⠀⠀⠀⢶⣿⣿⣿⣿⣿⣿⡟
⠀⠈⣿⣿⣿⣿⣿⠏⠀⢀⣼⣦⡀⠀⠹⣿⣿⣿⣿⣿⠁
⠀⠀⢹⣿⣿⡿⠁⠀⢀⣀⣀⣀⣀⡀⠀⠈⢿⣿⣿⡏
⠀⠀⠀⠻⣿⣷⣶⣶⣿⣿⣿⣿⣿⣿⣶⣷⣾⣿⠟
⠀⠀⠀⠀⠈⠙⠛⠿⠿⢿⣿⣿⡿⠿⠿⠛⠋⠁
⠀⣿⣿⣿⣿⣿⣿⣿⣿⣿⣿⣿⣿⠟⠻⣿⣿⣿⣿⣿⣿⣿⣿⣿⣿⣿⣿
⠀⢹⣿⣿⣿⣿⣿⣿⣿⣯⣍⡉⠁⠀⠀⠉⢉⣩⣽⣿⣿⣿⣿⣿⣿⣿⡏
⠀⠈⣿⣿⣿⣿⣿⣿⣿⣿⠟⠁⠀⢀⡀⠀⠈⢻⣿⣿⣿⣿⣿⣿⣿⣿⠁
⠀⠀⢸⣿⣿⣿⣿⣿⣿⠋⠀⠀⢠⣾⣷⡄⠀⠀⠙⣿⣿⣿⣿⣿⣿⡇
⠀⠀⠀⣿⣿⣿⣿⡟⠁⠀⠀⠀⠀⠀⠀⠀⠀⠀⠀⠈⢻⣿⣿⣿⣿
⠀⠀⠀⠸⣿⣿⣯⣤⣤⣤⣴⣿⣿⣿⣿⣿⣿⣦⣤⣤⣤⣽⣿⣿⠇
⠀⠀⠀⠀⠘⠻⣿⣿⣿⣿⣿⣿⣿⣿⣿⣿⣿⣿⣿⣿⣿⣿⠟⠋
⠀⠀⠀⠀⠀⠀⠀⠉⠛⠛⠿⠿⠿⠿⠿⠿⠿⠿⠛⠛⠉
⠀⣀⡴⣖⣿⣿⡭⢹⣿⣿⣲⢦⣀
⣼⢱⠿⠎⢻⣿⠆⠀⢟⡟⠱⠿⡎⣧
⢻⡰⣿⢏⣼⡇⠀⠀⢸⣧⡹⣿⢆⡟
⠀⠉⠳⠯⣽⣇⣀⣀⣸⣿⠽⠞⠉
⠀⠀⠀⣀⣤⠴⢖⣚⣛⣻⢩⠉⣟⣛⣓⡲⠦⣤⣀
⠀⣴⠞⣩⣄⠻⣿⣿⣿⡟⠈⠈⣿⣿⣿⣿⠟⣠⣍⠳⣦
⣾⠇⣾⠿⠿⢓⠈⣛⡹⠇⠀⠀⠉⣙⣛⠁⡚⠿⠿⣷⠸⣷
⢿⡆⢶⣾⣿⡟⢠⣿⡇⠀⠀⠀⠀⢸⣿⡄⢻⣿⣷⡶⢰⡿
⠀⠻⢦⣙⠋⣴⣿⣿⡇⠀⠀⠀⠀⢸⣿⣿⣦⠙⣋⡴⠟
⠀⠀⠀⠉⠛⠲⠮⢭⣧⣤⣀⣀⣤⣬⡭⠵⠖⠛⠉
⠀⠀⠀⠀⢀⣀⣤⡴⠶⢒⣛⣛⣛⢛⠛⣛⣛⣛⡒⠶⢦⣤⣀⡀
⠀⢀⣤⡾⢛⡉⠰⣾⣿⣿⣿⣿⡟⠘⠀⢻⣿⣿⣿⣿⣷⠆⢉⡛⢷⣤⡀
⣰⡿⠃⣴⣿⣿⣷⡈⠻⠿⠿⣿⡇⠀⠀⠸⠿⠿⠿⠟⢁⣾⣿⣿⣦⠘⢿⣆
⣿⡇⠘⣋⣩⣥⣤⡆⠀⣶⣾⠉⠁⠀⠀⠀⠀⣷⣶⠀⢰⣤⣬⣍⣙⠃⢸⣿
⠹⣷⡌⠻⣿⣿⡿⢁⣼⣿⣿⠀⠀⠀⠀⠀⠀⣿⣿⣧⡈⢿⣿⣿⠟⢡⣾⠏
⠀⠈⠛⢷⣬⣁⠰⢿⣿⣿⣿⠀⠀⠀⠀⠀⠀⣿⣿⣿⡿⠆⣈⣥⡾⠛⠁
⠀⠀⠀⠀⠈⠉⠛⠳⠶⠬⣭⣤⣤⣤⣤⣤⣤⣭⠥⠶⠞⠛⠉⠁
⠀⠀⠀⢠⣄⣀⡼⢧⣀⣠⡄
⠀⣘⡆⣼⢳⣾⠶⠾⠷⠞⣧⢰⣂
⠀⠩⠗⣛⣽⣿⣶⣶⣾⣯⣛⠾⠍
⠀⠀⠀⠈⠉⠉⢻⡟⠉⠉⠁
⠀⠀⠀⠀⠀⠀⡀⠀⠀⠀⣼⣧⠀⠀⠀⢀
⠀⠀⢀⡀⣀⣈⣟⠓⠲⠾⠈⠈⡷⠖⠚⣻⣁⣀⢀⡀
⠀⣀⣀⠷⠠⠤⠭⢵⣿⠛⠛⠛⠛⠿⠎⠭⠤⠄⠾⣀⣀
⠀⠉⢉⣹⠐⠛⢛⣸⣿⣶⢶⡶⣶⣾⣇⡛⠛⠲⣏⠉⠉
⠀⠀⠈⠁⠙⢮⢻⣿⢿⣼⡧⣽⣧⡿⣿⡟⠵⠋⠉⠁
⠀⠀⠀⠀⠀⠀⠀⠀⠀⠀⢻⡟
⠀⠀⠀⠀⠀⠀⠀⠀⠀⠀⠀⠀⠀⣼⣦
⠀⠀⠀⠀⠀⠀⠀⢸⢶⡤⣄⣀⣼⠹⠋⣧⣀⣠⠤⡶⡇
⠀⠀⠀⠶⡄⠐⠒⢾⣧⡄⣈⣉⣇⣀⣀⣩⣍⣁⢠⣼⡷⠒⠂⢠⡶
⠀⣀⣀⡀⠿⠰⠶⠶⠆⢸⣿⡟⠉⠉⠉⠉⠻⠟⠃⠴⠶⠶⠆⠿⢀⣀⣀
⠀⠉⠉⠉⢲⡄⠶⠾⠗⠸⣿⣷⣤⣤⣤⣤⣴⣶⠆⠺⠿⠶⢰⡆⠉⠉⠉
⠀⠀⠀⠚⠓⠲⡄⢲⣾⣿⣿⡍⢿⡎⢱⡿⢩⣿⣿⣷⡖⣠⠖⠚⠒
⠀⠀⠀⠀⠀⠀⠈⠂⠛⠛⠫⠞⢻⣯⣽⡟⠻⠝⠛⠛⠒⠁
⠀⠀⠀⠀⠀⠀⠀⠀⠀⠀⠀⠀⠀⠻⡟
⠘⢶⣶⣦⡤⣤⡤⢤⣤⢤⣴⣶⡶⠃
⠀⠀⠉⠛⠻⠿⣩⣍⠿⠟⠛⠉
⠐⢶⣤⣤⣀⣀⣀⠀⠀⢀⣀⣀⡀⠀⠀⣀⣀⣠⣤⣴⡶⠂
⠀⠈⠿⣿⣿⣿⣿⡝⣿⣺⡌⢡⣗⣿⢫⣿⣿⣿⣿⠿⠁
⠀⠀⠀⠉⠻⢿⣿⣿⣿⠿⠉⠉⠿⣿⣿⣿⡿⠟⠉
⠀⠀⠀⠀⠀⠀⠈⠉⠛⠶⢖⡶⠶⠛⠋⠁
⠐⢲⣤⣤⣀⣀⡀⠀⠀⠀⠀⠀⠀⠀⠀⠀⠀⠀⠀⠀⠀⢀⣀⣀⣤⣤⡖⠂
⠀⠈⢿⣿⣿⣿⣿⣿⣿⠶⣶⡄⣿⠙⢋⣿⢠⣶⠶⣿⣿⣿⣿⣿⣿⡿⠁
⠀⠀⠈⠙⢿⣿⣿⣿⣿⣷⣽⣿⡾⢧⡼⢷⣿⣯⣾⣿⣿⣿⣿⡿⠋⠁
⠀⠀⠀⠀⠀⠈⠙⠻⢿⣿⣿⠟⠃⠀⠀⠘⠻⣿⣿⡿⠿⠋⠁
⠀⠀⠀⠀⠀⠀⠀⠀⠀⠈⠙⠛⠿⢯⡿⠿⠛⠋⠁
⠙⢿⣶⣶⣶⣦⣤⣤⣴⣶⣶⣶⡿⠋
⠀⠀⠙⣿⣿⣿⣿⣿⣿⣿⣿⠋
⠀⠀⠀⠈⠻⣿⣿⣿⣿⠟⠁
⠀⠀⠀⠀⠀⠈⢻⡿⠁
⠙⢿⡳⣶⣶⣶⣤⣤⣤⣄⣀⣀⣠⣤⣤⣤⣶⣶⣶⢞⡿⠋
⠀⠀⠙⢮⡻⣿⣿⣿⣿⣿⣾⣷⣿⣿⣿⣿⣿⢟⡵⠋
⠀⠀⠀⠀⠙⣯⣿⣿⣿⡿⣿⣿⢿⣿⣿⣿⣽⠋
⠀⠀⠀⠀⠀⠈⠳⣜⢿⢧⣿⣿⡼⡿⣣⠞⠁
⠀⠀⠀⠀⠀⠀⠀⠈⠳⣜⣿⣿⣣⠞⠁
⠀⠀⠀⠀⠀⠀⠀⠀⠀⠈⢻⡟⠁
⠙⢿⣗⣶⣶⣦⣤⣤⣤⣄⣀⣀⡀⠀⠀⢀⣀⣀⣠⣤⣤⣤⣴⣶⣶⣺⡿⠋
⠀⠀⠙⢮⡻⣿⣿⣿⣿⣿⣿⣿⣭⣽⣯⣭⣿⣿⣿⣿⣿⣿⣿⢟⡵⠋
⠀⠀⠀⠈⠻⣮⣻⣿⣿⣿⣿⣿⡟⣾⣷⢻⣿⣿⣿⣿⣿⡟⣵⠟⠁
⠀⠀⠀⠀⠀⠈⠳⣜⢿⣿⣽⣿⢇⣿⣿⡸⣿⣯⣿⡿⣣⡞⠁
⠀⠀⠀⠀⠀⠀⠀⠙⢷⣜⣿⣿⢸⣿⣿⡇⣿⣿⢫⡾⠋
⠀⠀⠀⠀⠀⠀⠀⠀⠀⠙⣮⡃⣾⣿⣿⣷⢘⣵⠋
⠀⠀⠀⠀⠀⠀⠀⠀⠀⠀⠈⠻⣮⢻⡟⣵⠟⠁
⠀⠀⠀⠀⠀⠀⠀⠀⠀⠀⠀⠀⠈⢳⡞⠁
⠀⠀⠀⠀⠀⢀⣀⣀⣤⣤⣤⣤⠶⠃
⠀⣀⠤⢤⣾⣿⣽⣏⣼⣿⣭
⢺⣧⢴⡟⢛⣹⠛⣿⡿⠁
⠀⠈⠙⠿⣿⣷⠾⠟⠁
⠀⠀⠀⠀⠀⠀⠀⠀⠀⠀⠀⠀⠀⠀⣀⣀⣀⣀⣤⣴⡾⠂
⠀⠀⠀⠀⠀⠀⢀⣠⣴⣶⣾⠿⠿⢿⣿⣿⡿⠛⠛⠉
⠀⢀⣤⠴⠖⢲⣿⣿⣿⣷⣿⣷⣰⣿⣿⣧⣴⡆
⢰⡟⡇⢠⣾⣿⣿⠿⢙⡏⠿⣿⣿⣿⠏⠁
⠀⠙⠿⢭⣹⣶⣶⣶⣾⣓⣴⣿⣿⠏
⠀⠀⠀⠀⠘⠻⠿⢿⡿⠿⠟⠛⠁
⠀⠀⠀⠀⠀⠀⠀⠀⠀⠀⠀⠀⠀⠀⠀⠀⠀⠀⠀⠀⢀⣀⣀⣀⣤⣶⡾⠂
⠀⠀⠀⠀⠀⠀⠀⠀⠀⢀⣠⣤⣴⣶⣶⣶⣿⣿⣿⣿⣿⣿⠿⠿⠛⠉
⠀⠀⠀⠀⣀⣀⣀⣠⣾⣿⣿⣿⣭⣷⣦⠀⣠⣾⣿⡟⣉⣀⡀
⠀⣴⣾⡏⠁⢀⣤⣾⣿⣿⡿⣿⢿⣿⣿⣾⣿⣿⡿⠿⠛⠛⠁
⠘⣧⣹⣇⠴⣿⠿⠟⠛⠋⢁⣿⠈⠉⣽⣿⣿⡿⠁
⠀⠈⠙⠛⠦⢬⣿⣿⣿⣿⣿⣋⣡⣾⣿⣿⠟⠁
⠀⠀⠀⠀⠀⠈⠛⠿⠿⠿⠿⠿⠿⠛⠋⠁
⠀⠀⠀⠀⠀⠀⣠⢦⡀
⠀⠀⠀⠀⣠⢖⣡⣶⣝⢦⡀
⢀⣴⣋⣛⣟⣻⣿⣿⣹⣿⣿⣽⣛⡇
⠀⠀⠀⠈⠙⠿⣿⢿⣭⠟⠉⠉⠁
⠀⠀⠀⠀⠀⠀⠙⠟⠁
⠀⠀⠀⠀⠀⠀⠀⠀⠀⠀⢀⣶⡀
⠀⠀⠀⠀⠀⠀⠀⠀⠀⣠⡞⠉⢳⣄
⠀⠀⠀⠀⠀⠀⢀⣠⠞⢋⣴⣿⣦⡙⠳⣄⡀
⠀⠀⢀⣤⠶⢶⣿⡿⠿⣿⠿⣿⠿⢿⣿⣿⡿⠶⢶⡶⣤⠄
⢀⣴⣯⣥⣬⣤⣽⣧⣬⣛⣫⣿⣥⣼⣿⣿⣿⣓⣒⣬⡽⠃
⠀⠀⠀⠀⠀⠀⠈⠙⢶⣍⠻⣷⣍⣫⡶⠛⠁
⠀⠀⠀⠀⠀⠀⠀⠀⠀⠙⢷⣤⡾⠋
⠀⠀⠀⠀⠀⠀⠀⠀⠀⠀⠈⠿⠁
⠀⠀⠀⠀⠀⠀⠀⠀⠀⠀⠀⠀⠀⠀⣴⡀
⠀⠀⠀⠀⠀⠀⠀⠀⠀⠀⠀⠀⢀⣾⠛⢷⣄
⠀⠀⠀⠀⠀⠀⠀⠀⠀⠀⢀⣴⠟⢁⣤⡀⠙⢷⣄
⠀⠀⠀⠀⠀⠀⠀⢀⣠⣶⣛⣁⣴⣿⣯⣿⣶⣄⣙⣷⣤⡀
⠀⠀⠀⣠⡶⠖⠲⣿⣿⡿⠿⢛⣛⠛⣿⡗⠛⣛⣛⣛⣿⠿⠓⣒⣒⢲⣶⠆
⠀⣠⣾⣋⣡⣬⣤⣈⣻⣦⣈⣛⣛⣛⣿⣇⣀⣒⣒⣛⣿⣓⣒⣒⣊⣉⣿⠆
⠀⠉⠉⠉⠉⠉⠉⠉⠙⢿⣯⡙⠻⣿⣭⡙⠿⢋⣭⡿⠟⠉⠉⠉⠉⠁
⠀⠀⠀⠀⠀⠀⠀⠀⠀⠀⠈⠻⣦⡈⠻⢛⣶⡿⠋
⠀⠀⠀⠀⠀⠀⠀⠀⠀⠀⠀⠀⠈⢿⣦⣿⠋
⠀⠀⠀⠀⠀⠀⠀⠀⠀⠀⠀⠀⠀⠀⠻⠁
⠀⢀⡠⠴⠶⣏⡉⢉⣹⠶⠦⢄⡀
⢰⣋⣩⣽⣿⣿⠿⠿⣿⣿⣯⣍⣹⡆
⠸⣧⠶⠛⢻⠋⢻⡟⢹⡟⠛⠶⣼⠇
⠀⠈⠙⠲⠾⣶⣼⣧⣮⠿⠖⠋⠁
⠀⠀⠀⠀⣀⣤⣴⣶⠒⠒⠛⠛⠒⠒⣶⣦⣤⣀
⠀⢀⣴⣟⣭⣤⣬⣙⣻⣷⣦⣴⣾⣟⣋⣥⣤⣭⣻⣦⡀
⢰⣿⣡⣤⣤⣾⣾⣿⣿⡿⢻⡟⢿⣿⣿⣷⣷⣤⣤⣌⣿⡆
⠸⣿⡀⣠⣴⠾⠿⢟⠛⠛⣿⣿⠛⠛⡻⠿⠷⣶⣄⢀⣿⠇
⠀⠈⠻⣧⣀⠀⠀⣿⠀⡀⣿⣿⠀⣼⢿⡄⠀⣀⣼⠟⠁
⠀⠀⠀⠀⠉⠛⠳⠿⠿⠧⣿⣿⠼⠷⠾⠞⠛⠉
⠀⠀⠀⠀⠀⠀⣀⣤⣤⡶⠶⠖⠒⠒⠒⠒⠲⠶⢶⣤⣤⣀⡀
⠀⠀⢀⣴⡾⢛⣉⣀⠉⠛⠿⣶⣦⣀⣀⣤⣶⠿⠟⠋⣀⣉⡛⢷⣦⡀
⠀⣴⡟⠉⠉⣉⣉⣛⣻⣿⣿⡿⣿⢽⡯⣿⢿⣿⣿⣟⣛⣉⣉⠉⠉⢻⣦
⠰⣿⡗⠛⠛⠙⣛⣽⣿⣿⣿⣿⣥⣼⣧⣬⣷⣿⣿⣿⣯⣛⡋⠛⠛⢺⣿⠆
⠀⠻⣷⣠⠶⠿⠋⠛⠉⣭⠅⠀⠈⣿⣿⠁⠀⢨⣍⠉⠙⠛⠿⠷⣤⣾⠟
⠀⠀⠈⠻⢷⣤⣀⡀⢀⣿⡀⣀⠀⣿⣿⠀⢠⠯⢿⡆⢀⣀⣤⡾⠟⠁
⠀⠀⠀⠀⠀⠈⠉⠛⠛⠲⠶⠿⠶⠿⠿⠶⠿⠶⠖⠛⠛⠉⠁
⠀⣠⣴⣶⣿⣿⣿⣿⣷⣶⠤⡴⠂
⢾⣿⣿⣿⣏⣿⠿⠶⠲⠾⣶⣿
⠀⠙⠻⠿⣯⣽⣶⣶⡤⠼⠛⠁
⠀⠀⠀⣀⣤⣶⣶⣶⣿⣿⣿⣷⣶⣶⣤⣄⡀⣀⣠⡤
⢀⣴⣿⣿⣿⣿⣿⣿⣿⠿⢿⠿⠾⠛⢛⡟⠋⢹⣅
⢸⣿⣿⣿⣿⢿⣷⠍⣶⣿⡿⠶⠶⠶⠦⣽⣷⣿⣿
⠈⠻⣿⣿⣿⣿⣿⠿⠿⣃⣀⣀⡀⠀⠐⣦⣿⡿⠋
⠀⠀⠀⠉⠛⠿⠿⢷⣾⣿⣿⣿⠿⠶⠞⠋⠁
⠀⠀⠀⠀⢀⣠⣤⣴⣶⣶⣾⣿⣿⣿⣶⣶⣶⣦⣤⣀⡀⠀⠀⣀⣀
⠀⢀⣴⣾⣿⣿⣿⣿⣿⣿⣿⣿⣿⣿⣟⣭⣿⠿⠿⣻⠿⠛⣽⡋⠁
⢠⣿⣿⣿⣿⣿⣿⣿⣟⠛⣫⣭⣵⣖⣀⣀⣀⣀⡈⠳⢶⣠⣿⣷⡀
⠘⣿⣿⣿⣿⣿⣏⣿⣶⣥⣾⣿⠛⠛⠉⠉⠉⠉⡛⠻⢿⣿⣿⡿⠁
⠀⠈⠻⢿⣿⣿⣿⣿⣿⠛⠛⣫⣤⣶⣤⣄⡀⠀⢈⣿⣾⡿⠟⠁
⠀⠀⠀⠀⠉⠙⠛⠻⠿⠿⢿⣿⣿⣿⡿⠿⠿⠖⠛⠋⠁
⠀⠀⢀⣗⠤⠤⢴⣤⣀⡀
⠀⠀⠈⢻⡽⡷⢖⣶⣵⣾⡆
⣀⣾⣿⣿⣿⣿⣿⣽⣯⣿⣿⣿⣷⣀
⠿⠧⠶⢴⣿⣿⣿⢻⣿⣿⡷⠿⠼⠿
⠀⠀⠀⠀⠉⠛⢿⠏⠛⠉
⠀⠀⠀⠀⢠⡗⠤⣀⣀⣀⣴⣄⡀
⠀⠀⠀⠀⢷⣛⠶⠤⣄⣀⣈⣉⠒⢍⢑⣦⡀
⠀⠀⠀⠀⣀⣸⣏⣓⣒⠒⢒⣒⣽⣺⣟⣯⣇⣀
⢀⣘⣿⣹⣿⣿⣿⠿⣯⣿⣿⣨⣯⡧⠼⣿⣿⣿⣏⣽⣃⡀
⢸⣿⣇⣨⣉⣀⣿⣿⣿⣿⣿⡶⡶⢚⣿⣿⣤⣽⣇⣸⣿⡇
⠈⠉⠉⠉⠉⠙⠻⣽⣻⣿⣿⣰⣷⣟⣯⠟⠋⠉⠉⠉⠉⠁
⠀⠀⠀⠀⠀⠀⠀⠀⠉⠛⠿⠟⠈⠉
⠀⠀⠀⠀⠀⠀⡼⢦⣀⡀⠀⠀⠀⣤⣀
⠀⠀⠀⠀⠀⡦⢿⣤⣀⠉⠉⠉⠑⠛⠺⢭⣒⠒⠤⣀
⠀⠀⠀⠀⠀⠈⠲⣤⢍⣉⡛⠒⠒⠲⠦⠤⣌⢳⣰⣏⣧
⠀⠀⠀⢀⣀⣀⣠⣿⣦⣤⣭⣉⢉⣩⣍⡩⣟⠽⣭⣷⣿⣄⣀⣀⡀
⠀⣘⣻⣏⣹⣷⣶⣾⡿⢿⣷⣼⣿⣿⣠⣭⣵⣦⠴⢾⣷⣶⣾⡟⣹⣿⣃
⢸⣿⣿⠉⢉⠛⠉⢹⣿⣿⣶⣶⣾⣿⣧⣖⣒⢲⣾⣿⣏⣉⣿⡋⠉⣿⣿⡇
⠘⠛⠛⠒⠚⠛⠲⣾⣟⢿⣿⣿⣿⣿⠇⡿⣡⣾⡿⣻⣿⠿⠿⠷⠒⠛⠛⠃
⠀⠀⠀⠀⠀⠀⠀⠀⠙⠳⢮⣿⣿⣷⣶⠗⣿⣵⠞⠋
⠀⠀⠀⠀⠀⠀⠀⠀⠀⠀⠀⠉⠛⠿⠟⠀⠈
⠀⣀⠤⠶⠿⣿⡿⠿⠿⣷⡶⢤⣠⣀
⣼⣿⠇⠀⢀⣤⠆⠀⢀⣤⠄⠀⣰⡇
⢻⠏⠀⣠⣿⠏⠀⣠⣿⣏⣀⣠⣽⠇
⠀⠀⠐⠿⢿⣶⣶⣿⣿⡿⠿⠛⠁
⠀⠀⠀⣀⣤⣴⣶⣾⣿⣿⣿⣿⣿⣿⣶⣶⣤⣄⡀
⠀⣴⣾⣭⡉⠉⠉⠉⠛⠋⠉⠉⠉⠉⠙⠛⠉⠉⠉⠉⣹⠏
⣾⣿⣿⡟⠀⠀⠀⣠⣴⡾⠁⠀⠀⢀⣴⣾⠃⠀⠀⣰⣿⡄
⢿⣿⡟⠀⠀⢀⣼⣿⡿⠁⠀⠀⣴⣿⣿⠃⠀⠀⢐⣛⣿⠃
⠀⠛⠀⠀⢠⣿⣿⣿⣁⣀⣀⣼⣿⣿⣷⣶⣿⣿⣿⠟⠁
⠀⠀⠀⠀⠛⠻⠿⢿⣿⣿⣿⣿⣿⣿⠿⠿⠛⠋⠁
⠀⠀⠀⠀⢀⣠⣤⣴⣶⣾⣿⣿⣿⣿⣿⣿⣿⣷⣶⣶⣤⣄⡀
⠀⢀⣤⣾⣛⠛⠛⠛⠛⠛⡿⠿⠛⠛⠛⠛⠛⠛⡿⠿⠛⠛⠛⠛⠒⠒⣶⠖
⣰⣿⣿⣿⣿⠃⠀⠀⠀⠀⣀⣤⡴⠀⠀⠀⠀⠀⣀⣤⡴⠀⠀⠀⠀⣾⣯
⣿⣿⣿⡿⠃⠀⠀⠀⣠⣾⣿⡿⠁⠀⠀⠀⣠⣾⣿⡿⠁⠀⠀⢀⣾⣿⣿
⠙⣿⡿⠁⠀⠀⢀⣾⣿⣿⡟⠁⠀⠀⢀⣾⣿⣿⡟⢁⣀⣀⣤⣤⣤⣾⠟
⠀⠈⠁⠀⠀⢠⣿⣿⣿⣟⣀⣤⣤⣤⣾⣿⣿⣿⣿⣿⣿⣿⣿⡿⠟⠁
⠀⠀⠀⠀⠀⠉⠛⠻⠿⠿⣿⣿⣿⣿⣿⣿⣿⡿⠿⠿⠛⠋⠁
⠀⠀⠀⠀⡀⠲⢤⣤⣀
⠀⢢⣄⠀⠳⢦⣤⣼⣿⡀⠀⢀
⠲⣴⣿⣦⣤⣤⣼⡿⢹⣿⣷⣸⣶⣄
⠀⡹⢶⣀⢦⣶⣶⣦⣤⠈⣛⡿⣿⠟
⠠⣧⠀⠨⣷⣤⣉⣿⣿⣿⣷⠏⢡⡆
⠀⠙⠛⠢⢄⣷⣶⣤⣴⠶⠶⠒⠋⠁
⠀⠀⠀⠀⠀⠀⠀⠐⢦⣄⣀⡀
⠀⠀⠀⠀⠀⠀⣢⡀⠀⠈⠙⠿⣿⣶⡀
⠀⠒⢶⣄⠀⠀⠙⢿⣦⣤⣤⣴⣿⣿⡀
⢀⠀⠈⣿⣧⠀⠀⠀⠈⠙⣿⣿⡿⣿⣿⣶⣄⠠⣿⣄
⠈⢿⣿⢿⣿⡿⢶⣶⣶⣾⣿⠿⠃⢸⣿⣿⣿⣇⣿⣿⣷⣄
⠀⠘⢿⣧⡴⠂⣤⡠⣤⣤⣴⣦⣀⠀⠉⠹⠿⢿⣿⣿⣿⠟
⠀⢨⡆⠙⠻⣶⣬⠭⢿⣿⣿⣿⣿⣿⣧⣤⠶⣚⣩⣴⠇⡀
⠀⣾⣇⠀⠀⢬⣹⣷⣤⡀⢀⣽⣿⣿⣿⣷⣾⡿⠉⢀⣾
⠀⠘⢿⣷⣄⡀⠈⠙⣯⣉⡛⠛⠛⠛⣛⣛⣉⣄⣤⣾⠿⠃
⠀⠀⠀⠉⠉⠙⠢⠤⣿⣿⣿⣿⣿⡿⠿⠟⠛⠉⠁
⠀⠀⠀⠀⠀⠀⠀⠀⠀⠑⢦⣄⣀
⠀⠀⠀⠀⠀⠀⠀⠠⣄⠀⠀⠉⠛⠿⣿⣶⣶⣄
⠀⢀⣀⡀⠀⠀⠀⠀⣿⣦⣀⠀⠀⠀⢀⣹⣿⣿
⠀⠀⠈⢿⣷⣄⠀⠀⠈⠙⠻⢿⣿⣿⣿⣿⣿⣿⣄⡀⠀⠀⠀⣠
⢠⣀⠀⣸⣿⣿⣄⠀⠀⠀⠀⠀⢘⣿⣿⣿⠻⣿⣿⣿⣷⣄⠸⣿⣦⣄
⠀⠻⣿⣿⠿⣿⡿⠿⢷⣶⣶⣾⣿⣿⠿⠋⠀⣸⣿⣿⣿⣿⣇⣿⣿⣿⣿⣄
⠀⠀⢻⣿⣧⣤⠔⢂⣄⢀⣤⣠⣤⣠⣤⡀⠀⠀⠉⠉⠿⣿⣿⣿⣿⣿⣿⡟
⠀⠀⣢⡉⠻⢿⣤⣈⣛⡳⠿⠿⢿⣿⣿⣿⣿⣷⡄⣀⣠⣤⠾⢟⣫⣾⠋
⠀⢠⣿⡇⠀⠀⠈⠻⣷⣭⡉⠉⠉⠙⢻⣿⣿⣿⣿⡿⣩⣶⣾⠟⠋⢁⣴
⠀⢸⣿⣧⡀⠀⠉⠒⠾⣿⣿⣶⣤⣤⣿⣿⣿⣿⣿⣿⣿⡿⠃⠀⢀⣿⣿
⠀⠀⠙⢿⣿⣷⣄⡀⠀⠈⢻⣦⣤⣀⣉⣉⣉⣉⣭⣤⣤⣶⣶⣶⠿⠟⠋
⠀⠀⠀⠀⠀⠀⠉⠙⠲⠴⣾⣿⣿⣿⣿⣿⣿⠿⠿⠛⠛⠉⠁
⠀⠀⢀⣀⣤⣶⣾⣷⣶⣤⣀⡀
⣶⣿⣿⣿⣿⡿⠛⠛⢿⣿⣿⣿⣿⣶
⢿⣿⣿⣿⣿⣿⣿⣿⣿⣿⣿⣿⣿⡾
⠀⠙⠻⠿⣿⣷⣿⣟⣾⣿⠿⠟⠋
⠀⠀⠀⠀⠀⠀⣀⣠⣤⣶⣿⣿⣶⣤⣄⣀
⠀⣀⣤⣴⣒⢿⣿⣿⣿⣿⡿⢿⣿⣿⣿⣿⡿⣒⣦⣤⣀
⣿⢸⣿⣿⣿⣷⣽⠿⠿⠉⠁⠈⠉⠿⠿⣯⣾⣿⣿⣿⡇⣿
⢿⢸⣿⣿⣿⣿⣻⣛⣿⣛⣛⣟⣛⣿⣛⣟⣿⣿⣿⣿⡇⡿
⠈⠳⣝⣿⡿⣫⣴⣿⣇⢻⣿⣿⡟⣸⣿⣮⣟⢿⢿⣫⠞⠁
⠀⠀⠀⠉⠛⠿⠿⢿⣿⣘⣿⣿⣁⣿⡿⠿⠿⠚⠉
⠀⠀⠀⠀⠀⠀⠀⠀⠀⢀⣀⠤⢖⣪⣕⡲⠤⣀⡀
⠀⠀⠀⠀⢀⣠⠤⣖⣫⣽⣶⣿⣿⣿⣿⣿⣿⣶⣭⣝⣲⠤⣄⡀
⣠⠤⣒⣫⣵⣦⣝⠿⣿⣿⣿⣿⣿⡇⢸⣿⣿⣿⣿⣿⠿⣫⣴⣯⣝⣒⠤⣄
⣿⢸⣿⣿⣿⣿⣿⡷⠼⠟⠛⠃⠀⠀⠀⠀⠘⠛⠻⠧⢾⣿⣿⣿⣿⣿⡇⣿
⣿⠨⣭⣭⣭⣭⣭⡭⠭⠭⠭⠭⠭⠭⠭⠭⠭⠭⠭⠭⢭⣭⣭⣭⣭⣭⠁⣿
⠘⢧⡹⣿⣿⣿⣿⠟⣩⣿⣏⢻⣿⣟⢽⣿⡏⣹⣿⣍⠻⣿⣿⣿⡿⢋⡼⠃
⠀⠀⠙⠶⣝⡛⢵⣾⣿⣿⣿⡄⣿⣷⣿⡿⢰⣿⣿⣿⣷⡬⢛⣫⠶⠋
⠀⠀⠀⠀⠀⠉⠛⠲⠯⠭⣽⣧⣘⣛⣛⣃⣸⣯⠭⠽⠖⠛⠉
⠀⠀⠀⠀⢀⣤⣾⣭⣿⡿⠿⠿⣷⣄
⠀⠀⠀⠀⠀⠙⢿⣛⣿⣿⣾⣿⡿⠋
⠀⠀⠀⠀⠬⠭⠭⠭⠭⠭⠭⠭⣽⣿⣿⣿⣿⣿⣿⣶⣦
⠀⠀⣀⣉⣉⣉⣉⣹⣿⣿⣿⣿⣿⣿⣧⡶⢀⣴⣤⣿⣿⣿
⣀⣒⣒⣒⣒⣒⣒⣒⣒⣒⣒⣒⣻⣿⣿⣿⣿⣿⣿⠿⠟
⠀⠀⠀⠀⠀⣀⣉⣉⣉⣉⣉⣉⣉⣉⣉⣉⠽⠿⣟⣛⣛⣛⣛⣳⠶⠤⡀
⠀⠀⠀⠀⠤⠤⠤⠤⠤⠤⠤⠤⠤⠤⣴⣶⣿⣿⡟⣉⡉⠉⣉⣉⣹⣿⣶⣦
⠀⠀⠐⠒⠒⠒⠒⠒⠒⠒⠒⠒⠒⠒⠻⠿⣿⣿⣿⣋⣀⣼⣿⣿⣿⣿⠿⠟
⣀⣈⣉⣉⣉⣉⣉⣉⣉⣉⣉⣉⣉⣉⣉⣉⣲⣶⣯⣭⣭⣭⣭⡽⠶⠒⠁
⢀⣀⣀⣀⣒⣻⣿⣿⣗⣒⣀⣀⣀⡀
⢼⣏⣏⣏⣟⣩⣌⢇⣟⣸⣱⣯⣻⡧
⠀⠈⠋⠉⠙⠿⠵⡤⠿⠋⠉⠙⠉
⠀⠀⠀⠀⠀⠀⢠⡴⢶⣿⣯⣾⣷⡶⢦⡄
⠰⣮⣤⣶⣶⣶⣶⢶⡶⡿⢿⣿⠿⣶⢶⣶⡶⢶⣶⣤⣵⠆
⣠⣿⡇⣶⢰⡆⣷⡘⢀⣷⢌⡗⢰⣿⠸⣏⢸⣾⣤⠻⣿⣄
⠈⢩⠛⣻⡾⠿⠛⢿⣿⠽⠍⢔⠻⣾⡿⠛⠿⢿⣞⠛⡍⠁
⠀⠀⠀⠀⠀⠀⠀⠙⠛⠓⠿⠶⠛⠛⠋
⠀⠀⠀⠀⠀⠀⠀⠀⣀⣤⣶⣶⣾⣭⣶⣶⣶⣲⣤⣀
⠠⣐⣀⣀⣤⣤⣦⣤⣅⣂⣀⣼⣿⣿⣯⣿⣧⣄⣐⣨⣤⣤⣤⣤⣀⣀⣂⠄
⢈⢸⣿⠛⣉⠛⣉⠻⡏⢹⡏⠹⡉⠿⣯⠁⣽⡟⢨⣿⢋⣭⣽⠋⢽⣿⡇⡁
⠇⣿⣿⣄⣿⣀⣿⣰⣟⣖⣠⡿⣿⡤⠏⣠⣿⣣⣘⣿⣌⣛⣿⣻⣂⣿⣿⠸
⠀⠀⠆⠘⠽⠟⠛⠋⠉⢝⣿⣗⠷⣂⠡⣍⣻⣿⡫⠉⠙⠛⠻⠯⠃⠰
⠀⠀⠀⠀⠀⠀⠀⠀⠀⠉⠉⠛⠛⠻⠖⠛⠛⠉⠉
